t,q1,q2,q3,q4,time_from_sync
,,,,,4671.0
,,,,,4671.005000114441
,,,,,4671.009999990463
,,,,,4671.015000104904
,,,,,4671.0199999809265
,,,,,4671.025000095368
,,,,,4671.02999997139
,,,,,4671.035000085831
,,,,,4671.039999961853
,,,,,4671.045000076294
,,,,,4671.049999952316
,,,,,4671.055000066757
,,,,,4671.0599999427795
,,,,,4671.065000057221
,,,,,4671.069999933243
,,,,,4671.075000047684
,,,,,4671.079999923706
,,,,,4671.085000038147
,,,,,4671.089999914169
,,,,,4671.09500002861
,,,,,4671.099999904633
,,,,,4671.1050000190735
,,,,,4671.109999895096
,,,,,4671.115000009537
,,,,,4671.119999885559
,,,,,4671.125
,,,,,4671.130000114441
,,,,,4671.134999990463
,,,,,4671.140000104904
,,,,,4671.1449999809265
,,,,,4671.150000095368
,,,,,4671.15499997139
,,,,,4671.160000085831
,,,,,4671.164999961853
,,,,,4671.170000076294
,,,,,4671.174999952316
,,,,,4671.180000066757
,,,,,4671.1849999427795
,,,,,4671.190000057221
,,,,,4671.194999933243
,,,,,4671.200000047684
,,,,,4671.204999923706
,,,,,4671.210000038147
,,,,,4671.214999914169
,,,,,4671.22000002861
,,,,,4671.224999904633
,,,,,4671.2300000190735
,,,,,4671.234999895096
,,,,,4671.240000009537
,,,,,4671.244999885559
,,,,,4671.25
,,,,,4671.255000114441
,,,,,4671.259999990463
,,,,,4671.265000104904
,,,,,4671.2699999809265
,,,,,4671.275000095368
,,,,,4671.27999997139
,,,,,4671.285000085831
,,,,,4671.289999961853
,,,,,4671.295000076294
,,,,,4671.299999952316
,,,,,4671.305000066757
,,,,,4671.3099999427795
,,,,,4671.315000057221
,,,,,4671.319999933243
,,,,,4671.325000047684
,,,,,4671.329999923706
,,,,,4671.335000038147
,,,,,4671.339999914169
,,,,,4671.34500002861
,,,,,4671.349999904633
,,,,,4671.3550000190735
,,,,,4671.359999895096
,,,,,4671.365000009537
,,,,,4671.369999885559
,,,,,4671.375
,,,,,4671.380000114441
,,,,,4671.384999990463
,,,,,4671.390000104904
,,,,,4671.3949999809265
,,,,,4671.400000095368
,,,,,4671.40499997139
,,,,,4671.410000085831
,,,,,4671.414999961853
,,,,,4671.420000076294
,,,,,4671.424999952316
,,,,,4671.430000066757
,,,,,4671.4349999427795
,,,,,4671.440000057221
,,,,,4671.444999933243
,,,,,4671.450000047684
,,,,,4671.454999923706
,,,,,4671.460000038147
,,,,,4671.464999914169
,,,,,4671.47000002861
,,,,,4671.474999904633
,,,,,4671.4800000190735
,,,,,4671.484999895096
,,,,,4671.490000009537
,,,,,4671.494999885559
,,,,,4671.5
,,,,,4671.505000114441
,,,,,4671.509999990463
,,,,,4671.515000104904
,,,,,4671.5199999809265
,,,,,4671.525000095368
,,,,,4671.52999997139
,,,,,4671.535000085831
,,,,,4671.539999961853
,,,,,4671.545000076294
,,,,,4671.549999952316
,,,,,4671.555000066757
,,,,,4671.5599999427795
,,,,,4671.565000057221
,,,,,4671.569999933243
,,,,,4671.575000047684
,,,,,4671.579999923706
,,,,,4671.585000038147
,,,,,4671.589999914169
,,,,,4671.59500002861
,,,,,4671.599999904633
,,,,,4671.6050000190735
,,,,,4671.609999895096
,,,,,4671.615000009537
,,,,,4671.619999885559
,,,,,4671.625
,,,,,4671.630000114441
,,,,,4671.634999990463
,,,,,4671.640000104904
,,,,,4671.6449999809265
,,,,,4671.650000095368
,,,,,4671.65499997139
,,,,,4671.660000085831
,,,,,4671.664999961853
,,,,,4671.670000076294
,,,,,4671.674999952316
,,,,,4671.680000066757
,,,,,4671.6849999427795
,,,,,4671.690000057221
,,,,,4671.694999933243
,,,,,4671.700000047684
,,,,,4671.704999923706
,,,,,4671.710000038147
,,,,,4671.714999914169
,,,,,4671.72000002861
,,,,,4671.724999904633
,,,,,4671.7300000190735
,,,,,4671.734999895096
,,,,,4671.740000009537
,,,,,4671.744999885559
,,,,,4671.75
,,,,,4671.755000114441
,,,,,4671.759999990463
,,,,,4671.765000104904
,,,,,4671.7699999809265
,,,,,4671.775000095368
,,,,,4671.77999997139
,,,,,4671.785000085831
,,,,,4671.789999961853
,,,,,4671.795000076294
,,,,,4671.799999952316
,,,,,4671.805000066757
,,,,,4671.8099999427795
,,,,,4671.815000057221
,,,,,4671.819999933243
,,,,,4671.825000047684
,,,,,4671.829999923706
,,,,,4671.835000038147
,,,,,4671.839999914169
,,,,,4671.84500002861
,,,,,4671.849999904633
,,,,,4671.8550000190735
,,,,,4671.859999895096
,,,,,4671.865000009537
,,,,,4671.869999885559
,,,,,4671.875
,,,,,4671.880000114441
,,,,,4671.884999990463
,,,,,4671.890000104904
,,,,,4671.8949999809265
,,,,,4671.900000095368
,,,,,4671.90499997139
,,,,,4671.910000085831
,,,,,4671.914999961853
,,,,,4671.920000076294
,,,,,4671.924999952316
,,,,,4671.930000066757
,,,,,4671.9349999427795
,,,,,4671.940000057221
,,,,,4671.944999933243
,,,,,4671.950000047684
,,,,,4671.954999923706
,,,,,4671.960000038147
,,,,,4671.964999914169
,,,,,4671.97000002861
,,,,,4671.974999904633
,,,,,4671.9800000190735
,,,,,4671.984999895096
,,,,,4671.990000009537
,,,,,4671.994999885559
,,,,,4672.0
,,,,,4672.005000114441
,,,,,4672.009999990463
,,,,,4672.015000104904
,,,,,4672.0199999809265
,,,,,4672.025000095368
,,,,,4672.02999997139
,,,,,4672.035000085831
,,,,,4672.039999961853
,,,,,4672.045000076294
,,,,,4672.049999952316
,,,,,4672.055000066757
,,,,,4672.0599999427795
,,,,,4672.065000057221
,,,,,4672.069999933243
,,,,,4672.075000047684
,,,,,4672.079999923706
,,,,,4672.085000038147
,,,,,4672.089999914169
,,,,,4672.09500002861
,,,,,4672.099999904633
,,,,,4672.1050000190735
,,,,,4672.109999895096
,,,,,4672.115000009537
,,,,,4672.119999885559
,,,,,4672.125
,,,,,4672.130000114441
,,,,,4672.134999990463
,,,,,4672.140000104904
,,,,,4672.1449999809265
,,,,,4672.150000095368
,,,,,4672.15499997139
,,,,,4672.160000085831
,,,,,4672.164999961853
,,,,,4672.170000076294
,,,,,4672.174999952316
,,,,,4672.180000066757
,,,,,4672.1849999427795
,,,,,4672.190000057221
,,,,,4672.194999933243
,,,,,4672.200000047684
,,,,,4672.204999923706
,,,,,4672.210000038147
,,,,,4672.214999914169
,,,,,4672.22000002861
,,,,,4672.224999904633
,,,,,4672.2300000190735
,,,,,4672.234999895096
,,,,,4672.240000009537
,,,,,4672.244999885559
,,,,,4672.25
,,,,,4672.255000114441
,,,,,4672.259999990463
,,,,,4672.265000104904
,,,,,4672.2699999809265
,,,,,4672.275000095368
,,,,,4672.27999997139
,,,,,4672.285000085831
,,,,,4672.289999961853
,,,,,4672.295000076294
,,,,,4672.299999952316
,,,,,4672.305000066757
,,,,,4672.3099999427795
,,,,,4672.315000057221
,,,,,4672.319999933243
,,,,,4672.325000047684
,,,,,4672.329999923706
,,,,,4672.335000038147
,,,,,4672.339999914169
,,,,,4672.34500002861
,,,,,4672.349999904633
,,,,,4672.3550000190735
,,,,,4672.359999895096
,,,,,4672.365000009537
,,,,,4672.369999885559
,,,,,4672.375
,,,,,4672.380000114441
,,,,,4672.384999990463
,,,,,4672.390000104904
,,,,,4672.3949999809265
,,,,,4672.400000095368
,,,,,4672.40499997139
,,,,,4672.410000085831
,,,,,4672.414999961853
,,,,,4672.420000076294
,,,,,4672.424999952316
,,,,,4672.430000066757
,,,,,4672.4349999427795
,,,,,4672.440000057221
,,,,,4672.444999933243
,,,,,4672.450000047684
,,,,,4672.454999923706
,,,,,4672.460000038147
,,,,,4672.464999914169
,,,,,4672.47000002861
,,,,,4672.474999904633
,,,,,4672.4800000190735
,,,,,4672.484999895096
,,,,,4672.490000009537
,,,,,4672.494999885559
,,,,,4672.5
,,,,,4672.505000114441
,,,,,4672.509999990463
,,,,,4672.515000104904
,,,,,4672.5199999809265
,,,,,4672.525000095368
,,,,,4672.52999997139
,,,,,4672.535000085831
,,,,,4672.539999961853
,,,,,4672.545000076294
,,,,,4672.549999952316
,,,,,4672.555000066757
,,,,,4672.5599999427795
,,,,,4672.565000057221
,,,,,4672.569999933243
,,,,,4672.575000047684
,,,,,4672.579999923706
,,,,,4672.585000038147
,,,,,4672.589999914169
,,,,,4672.59500002861
,,,,,4672.599999904633
,,,,,4672.6050000190735
,,,,,4672.609999895096
,,,,,4672.615000009537
,,,,,4672.619999885559
,,,,,4672.625
,,,,,4672.630000114441
,,,,,4672.634999990463
,,,,,4672.640000104904
,,,,,4672.6449999809265
,,,,,4672.650000095368
,,,,,4672.65499997139
,,,,,4672.660000085831
,,,,,4672.664999961853
,,,,,4672.670000076294
,,,,,4672.674999952316
,,,,,4672.680000066757
,,,,,4672.6849999427795
,,,,,4672.690000057221
,,,,,4672.694999933243
,,,,,4672.700000047684
,,,,,4672.704999923706
,,,,,4672.710000038147
,,,,,4672.714999914169
,,,,,4672.72000002861
,,,,,4672.724999904633
,,,,,4672.7300000190735
,,,,,4672.734999895096
,,,,,4672.740000009537
,,,,,4672.744999885559
,,,,,4672.75
,,,,,4672.755000114441
,,,,,4672.759999990463
,,,,,4672.765000104904
,,,,,4672.7699999809265
,,,,,4672.775000095368
,,,,,4672.77999997139
,,,,,4672.785000085831
,,,,,4672.789999961853
,,,,,4672.795000076294
,,,,,4672.799999952316
,,,,,4672.805000066757
,,,,,4672.8099999427795
,,,,,4672.815000057221
,,,,,4672.819999933243
,,,,,4672.825000047684
,,,,,4672.829999923706
,,,,,4672.835000038147
,,,,,4672.839999914169
,,,,,4672.84500002861
,,,,,4672.849999904633
,,,,,4672.8550000190735
,,,,,4672.859999895096
,,,,,4672.865000009537
,,,,,4672.869999885559
,,,,,4672.875
,,,,,4672.880000114441
,,,,,4672.884999990463
,,,,,4672.890000104904
,,,,,4672.8949999809265
,,,,,4672.900000095368
,,,,,4672.90499997139
,,,,,4672.910000085831
,,,,,4672.914999961853
,,,,,4672.920000076294
,,,,,4672.924999952316
,,,,,4672.930000066757
,,,,,4672.9349999427795
,,,,,4672.940000057221
,,,,,4672.944999933243
,,,,,4672.950000047684
,,,,,4672.954999923706
,,,,,4672.960000038147
,,,,,4672.964999914169
,,,,,4672.97000002861
,,,,,4672.974999904633
,,,,,4672.9800000190735
,,,,,4672.984999895096
,,,,,4672.990000009537
,,,,,4672.994999885559
,,,,,4673.0
,,,,,4673.005000114441
,,,,,4673.009999990463
,,,,,4673.015000104904
,,,,,4673.0199999809265
,,,,,4673.025000095368
,,,,,4673.02999997139
,,,,,4673.035000085831
,,,,,4673.039999961853
,,,,,4673.045000076294
,,,,,4673.049999952316
,,,,,4673.055000066757
,,,,,4673.0599999427795
,,,,,4673.065000057221
,,,,,4673.069999933243
,,,,,4673.075000047684
,,,,,4673.079999923706
,,,,,4673.085000038147
,,,,,4673.089999914169
,,,,,4673.09500002861
,,,,,4673.099999904633
,,,,,4673.1050000190735
,,,,,4673.109999895096
,,,,,4673.115000009537
,,,,,4673.119999885559
,,,,,4673.125
,,,,,4673.130000114441
,,,,,4673.134999990463
,,,,,4673.140000104904
,,,,,4673.1449999809265
,,,,,4673.150000095368
,,,,,4673.15499997139
,,,,,4673.160000085831
,,,,,4673.164999961853
,,,,,4673.170000076294
,,,,,4673.174999952316
,,,,,4673.180000066757
,,,,,4673.1849999427795
,,,,,4673.190000057221
,,,,,4673.194999933243
,,,,,4673.200000047684
,,,,,4673.204999923706
,,,,,4673.210000038147
,,,,,4673.214999914169
,,,,,4673.22000002861
,,,,,4673.224999904633
,,,,,4673.2300000190735
,,,,,4673.234999895096
,,,,,4673.240000009537
,,,,,4673.244999885559
,,,,,4673.25
,,,,,4673.255000114441
,,,,,4673.259999990463
,,,,,4673.265000104904
,,,,,4673.2699999809265
,,,,,4673.275000095368
,,,,,4673.27999997139
,,,,,4673.285000085831
,,,,,4673.289999961853
,,,,,4673.295000076294
,,,,,4673.299999952316
,,,,,4673.305000066757
,,,,,4673.3099999427795
,,,,,4673.315000057221
,,,,,4673.319999933243
,,,,,4673.325000047684
,,,,,4673.329999923706
,,,,,4673.335000038147
,,,,,4673.339999914169
,,,,,4673.34500002861
,,,,,4673.349999904633
,,,,,4673.3550000190735
,,,,,4673.359999895096
,,,,,4673.365000009537
,,,,,4673.369999885559
,,,,,4673.375
,,,,,4673.380000114441
,,,,,4673.384999990463
,,,,,4673.390000104904
,,,,,4673.3949999809265
,,,,,4673.400000095368
,,,,,4673.40499997139
,,,,,4673.410000085831
,,,,,4673.414999961853
,,,,,4673.420000076294
,,,,,4673.424999952316
,,,,,4673.430000066757
,,,,,4673.4349999427795
,,,,,4673.440000057221
,,,,,4673.444999933243
,,,,,4673.450000047684
,,,,,4673.454999923706
,,,,,4673.460000038147
,,,,,4673.464999914169
,,,,,4673.47000002861
,,,,,4673.474999904633
,,,,,4673.4800000190735
,,,,,4673.484999895096
,,,,,4673.490000009537
,,,,,4673.494999885559
,,,,,4673.5
,,,,,4673.505000114441
,,,,,4673.509999990463
,,,,,4673.515000104904
,,,,,4673.5199999809265
,,,,,4673.525000095368
,,,,,4673.52999997139
,,,,,4673.535000085831
,,,,,4673.539999961853
,,,,,4673.545000076294
,,,,,4673.549999952316
,,,,,4673.555000066757
,,,,,4673.5599999427795
,,,,,4673.565000057221
,,,,,4673.569999933243
,,,,,4673.575000047684
,,,,,4673.579999923706
,,,,,4673.585000038147
,,,,,4673.589999914169
,,,,,4673.59500002861
,,,,,4673.599999904633
,,,,,4673.6050000190735
,,,,,4673.609999895096
,,,,,4673.615000009537
,,,,,4673.619999885559
,,,,,4673.625
,,,,,4673.630000114441
,,,,,4673.634999990463
,,,,,4673.640000104904
,,,,,4673.6449999809265
,,,,,4673.650000095368
,,,,,4673.65499997139
,,,,,4673.660000085831
,,,,,4673.664999961853
,,,,,4673.670000076294
,,,,,4673.674999952316
,,,,,4673.680000066757
,,,,,4673.6849999427795
,,,,,4673.690000057221
,,,,,4673.694999933243
,,,,,4673.700000047684
,,,,,4673.704999923706
,,,,,4673.710000038147
,,,,,4673.714999914169
,,,,,4673.72000002861
,,,,,4673.724999904633
,,,,,4673.7300000190735
,,,,,4673.734999895096
,,,,,4673.740000009537
,,,,,4673.744999885559
,,,,,4673.75
,,,,,4673.755000114441
,,,,,4673.759999990463
,,,,,4673.765000104904
,,,,,4673.7699999809265
,,,,,4673.775000095368
,,,,,4673.77999997139
,,,,,4673.785000085831
,,,,,4673.789999961853
,,,,,4673.795000076294
,,,,,4673.799999952316
,,,,,4673.805000066757
,,,,,4673.8099999427795
,,,,,4673.815000057221
,,,,,4673.819999933243
,,,,,4673.825000047684
,,,,,4673.829999923706
,,,,,4673.835000038147
,,,,,4673.839999914169
,,,,,4673.84500002861
,,,,,4673.849999904633
,,,,,4673.8550000190735
,,,,,4673.859999895096
,,,,,4673.865000009537
,,,,,4673.869999885559
,,,,,4673.875
,,,,,4673.880000114441
,,,,,4673.884999990463
,,,,,4673.890000104904
,,,,,4673.8949999809265
,,,,,4673.900000095368
,,,,,4673.90499997139
,,,,,4673.910000085831
,,,,,4673.914999961853
,,,,,4673.920000076294
,,,,,4673.924999952316
,,,,,4673.930000066757
,,,,,4673.9349999427795
,,,,,4673.940000057221
,,,,,4673.944999933243
,,,,,4673.950000047684
,,,,,4673.954999923706
,,,,,4673.960000038147
,,,,,4673.964999914169
,,,,,4673.97000002861
,,,,,4673.974999904633
,,,,,4673.9800000190735
,,,,,4673.984999895096
,,,,,4673.990000009537
,,,,,4673.994999885559
,,,,,4674.0
,,,,,4674.005000114441
,,,,,4674.009999990463
,,,,,4674.015000104904
,,,,,4674.0199999809265
,,,,,4674.025000095368
,,,,,4674.02999997139
,,,,,4674.035000085831
,,,,,4674.039999961853
,,,,,4674.045000076294
,,,,,4674.049999952316
,,,,,4674.055000066757
,,,,,4674.0599999427795
,,,,,4674.065000057221
,,,,,4674.069999933243
,,,,,4674.075000047684
,,,,,4674.079999923706
,,,,,4674.085000038147
,,,,,4674.089999914169
,,,,,4674.09500002861
,,,,,4674.099999904633
,,,,,4674.1050000190735
,,,,,4674.109999895096
,,,,,4674.115000009537
,,,,,4674.119999885559
,,,,,4674.125
,,,,,4674.130000114441
,,,,,4674.134999990463
,,,,,4674.140000104904
,,,,,4674.1449999809265
,,,,,4674.150000095368
,,,,,4674.15499997139
,,,,,4674.160000085831
,,,,,4674.164999961853
,,,,,4674.170000076294
,,,,,4674.174999952316
,,,,,4674.180000066757
,,,,,4674.1849999427795
,,,,,4674.190000057221
,,,,,4674.194999933243
,,,,,4674.200000047684
,,,,,4674.204999923706
,,,,,4674.210000038147
,,,,,4674.214999914169
,,,,,4674.22000002861
,,,,,4674.224999904633
,,,,,4674.2300000190735
,,,,,4674.234999895096
,,,,,4674.240000009537
,,,,,4674.244999885559
,,,,,4674.25
,,,,,4674.255000114441
,,,,,4674.259999990463
,,,,,4674.265000104904
,,,,,4674.2699999809265
,,,,,4674.275000095368
,,,,,4674.27999997139
,,,,,4674.285000085831
,,,,,4674.289999961853
,,,,,4674.295000076294
,,,,,4674.299999952316
,,,,,4674.305000066757
,,,,,4674.3099999427795
,,,,,4674.315000057221
,,,,,4674.319999933243
,,,,,4674.325000047684
,,,,,4674.329999923706
,,,,,4674.335000038147
,,,,,4674.339999914169
,,,,,4674.34500002861
,,,,,4674.349999904633
,,,,,4674.3550000190735
,,,,,4674.359999895096
,,,,,4674.365000009537
,,,,,4674.369999885559
,,,,,4674.375
,,,,,4674.380000114441
,,,,,4674.384999990463
,,,,,4674.390000104904
,,,,,4674.3949999809265
,,,,,4674.400000095368
,,,,,4674.40499997139
,,,,,4674.410000085831
,,,,,4674.414999961853
,,,,,4674.420000076294
,,,,,4674.424999952316
,,,,,4674.430000066757
,,,,,4674.4349999427795
,,,,,4674.440000057221
,,,,,4674.444999933243
,,,,,4674.450000047684
,,,,,4674.454999923706
,,,,,4674.460000038147
,,,,,4674.464999914169
,,,,,4674.47000002861
,,,,,4674.474999904633
,,,,,4674.4800000190735
,,,,,4674.484999895096
,,,,,4674.490000009537
,,,,,4674.494999885559
,,,,,4674.5
,,,,,4674.505000114441
,,,,,4674.509999990463
,,,,,4674.515000104904
,,,,,4674.5199999809265
,,,,,4674.525000095368
,,,,,4674.52999997139
,,,,,4674.535000085831
,,,,,4674.539999961853
,,,,,4674.545000076294
,,,,,4674.549999952316
,,,,,4674.555000066757
,,,,,4674.5599999427795
,,,,,4674.565000057221
,,,,,4674.569999933243
,,,,,4674.575000047684
,,,,,4674.579999923706
,,,,,4674.585000038147
,,,,,4674.589999914169
,,,,,4674.59500002861
,,,,,4674.599999904633
,,,,,4674.6050000190735
,,,,,4674.609999895096
,,,,,4674.615000009537
,,,,,4674.619999885559
,,,,,4674.625
,,,,,4674.630000114441
,,,,,4674.634999990463
,,,,,4674.640000104904
,,,,,4674.6449999809265
,,,,,4674.650000095368
,,,,,4674.65499997139
,,,,,4674.660000085831
,,,,,4674.664999961853
,,,,,4674.670000076294
,,,,,4674.674999952316
,,,,,4674.680000066757
,,,,,4674.6849999427795
,,,,,4674.690000057221
,,,,,4674.694999933243
,,,,,4674.700000047684
,,,,,4674.704999923706
,,,,,4674.710000038147
,,,,,4674.714999914169
,,,,,4674.72000002861
,,,,,4674.724999904633
,,,,,4674.7300000190735
,,,,,4674.734999895096
,,,,,4674.740000009537
,,,,,4674.744999885559
,,,,,4674.75
,,,,,4674.755000114441
,,,,,4674.759999990463
,,,,,4674.765000104904
,,,,,4674.7699999809265
,,,,,4674.775000095368
,,,,,4674.77999997139
,,,,,4674.785000085831
,,,,,4674.789999961853
,,,,,4674.795000076294
,,,,,4674.799999952316
,,,,,4674.805000066757
,,,,,4674.8099999427795
,,,,,4674.815000057221
,,,,,4674.819999933243
,,,,,4674.825000047684
,,,,,4674.829999923706
,,,,,4674.835000038147
,,,,,4674.839999914169
,,,,,4674.84500002861
,,,,,4674.849999904633
,,,,,4674.8550000190735
,,,,,4674.859999895096
,,,,,4674.865000009537
,,,,,4674.869999885559
,,,,,4674.875
,,,,,4674.880000114441
,,,,,4674.884999990463
,,,,,4674.890000104904
,,,,,4674.8949999809265
,,,,,4674.900000095368
,,,,,4674.90499997139
,,,,,4674.910000085831
,,,,,4674.914999961853
,,,,,4674.920000076294
,,,,,4674.924999952316
,,,,,4674.930000066757
,,,,,4674.9349999427795
,,,,,4674.940000057221
,,,,,4674.944999933243
,,,,,4674.950000047684
,,,,,4674.954999923706
,,,,,4674.960000038147
,,,,,4674.964999914169
,,,,,4674.97000002861
,,,,,4674.974999904633
,,,,,4674.9800000190735
,,,,,4674.984999895096
,,,,,4674.990000009537
,,,,,4674.994999885559
,,,,,4675.0
,,,,,4675.005000114441
,,,,,4675.009999990463
,,,,,4675.015000104904
,,,,,4675.0199999809265
,,,,,4675.025000095368
,,,,,4675.02999997139
,,,,,4675.035000085831
,,,,,4675.039999961853
,,,,,4675.045000076294
,,,,,4675.049999952316
,,,,,4675.055000066757
,,,,,4675.0599999427795
,,,,,4675.065000057221
,,,,,4675.069999933243
,,,,,4675.075000047684
,,,,,4675.079999923706
,,,,,4675.085000038147
,,,,,4675.089999914169
,,,,,4675.09500002861
,,,,,4675.099999904633
,,,,,4675.1050000190735
,,,,,4675.109999895096
,,,,,4675.115000009537
,,,,,4675.119999885559
,,,,,4675.125
,,,,,4675.130000114441
,,,,,4675.134999990463
,,,,,4675.140000104904
,,,,,4675.1449999809265
,,,,,4675.150000095368
,,,,,4675.15499997139
,,,,,4675.160000085831
,,,,,4675.164999961853
,,,,,4675.170000076294
,,,,,4675.174999952316
,,,,,4675.180000066757
,,,,,4675.1849999427795
,,,,,4675.190000057221
,,,,,4675.194999933243
,,,,,4675.200000047684
,,,,,4675.204999923706
,,,,,4675.210000038147
,,,,,4675.214999914169
,,,,,4675.22000002861
,,,,,4675.224999904633
,,,,,4675.2300000190735
,,,,,4675.234999895096
,,,,,4675.240000009537
,,,,,4675.244999885559
,,,,,4675.25
,,,,,4675.255000114441
,,,,,4675.259999990463
,,,,,4675.265000104904
,,,,,4675.2699999809265
,,,,,4675.275000095368
,,,,,4675.27999997139
,,,,,4675.285000085831
,,,,,4675.289999961853
,,,,,4675.295000076294
,,,,,4675.299999952316
,,,,,4675.305000066757
,,,,,4675.3099999427795
,,,,,4675.315000057221
,,,,,4675.319999933243
,,,,,4675.325000047684
,,,,,4675.329999923706
,,,,,4675.335000038147
,,,,,4675.339999914169
,,,,,4675.34500002861
,,,,,4675.349999904633
,,,,,4675.3550000190735
,,,,,4675.359999895096
,,,,,4675.365000009537
,,,,,4675.369999885559
,,,,,4675.375
,,,,,4675.380000114441
,,,,,4675.384999990463
,,,,,4675.390000104904
,,,,,4675.3949999809265
,,,,,4675.400000095368
,,,,,4675.40499997139
,,,,,4675.410000085831
,,,,,4675.414999961853
,,,,,4675.420000076294
,,,,,4675.424999952316
,,,,,4675.430000066757
,,,,,4675.4349999427795
,,,,,4675.440000057221
,,,,,4675.444999933243
,,,,,4675.450000047684
,,,,,4675.454999923706
,,,,,4675.460000038147
,,,,,4675.464999914169
,,,,,4675.47000002861
,,,,,4675.474999904633
,,,,,4675.4800000190735
,,,,,4675.484999895096
,,,,,4675.490000009537
,,,,,4675.494999885559
,,,,,4675.5
,,,,,4675.505000114441
,,,,,4675.509999990463
,,,,,4675.515000104904
,,,,,4675.5199999809265
,,,,,4675.525000095368
,,,,,4675.52999997139
,,,,,4675.535000085831
,,,,,4675.539999961853
,,,,,4675.545000076294
,,,,,4675.549999952316
,,,,,4675.555000066757
,,,,,4675.5599999427795
,,,,,4675.565000057221
,,,,,4675.569999933243
,,,,,4675.575000047684
,,,,,4675.579999923706
,,,,,4675.585000038147
,,,,,4675.589999914169
,,,,,4675.59500002861
,,,,,4675.599999904633
,,,,,4675.6050000190735
,,,,,4675.609999895096
,,,,,4675.615000009537
,,,,,4675.619999885559
,,,,,4675.625
,,,,,4675.630000114441
,,,,,4675.634999990463
,,,,,4675.640000104904
,,,,,4675.6449999809265
,,,,,4675.650000095368
,,,,,4675.65499997139
,,,,,4675.660000085831
,,,,,4675.664999961853
,,,,,4675.670000076294
,,,,,4675.674999952316
,,,,,4675.680000066757
,,,,,4675.6849999427795
,,,,,4675.690000057221
,,,,,4675.694999933243
,,,,,4675.700000047684
,,,,,4675.704999923706
,,,,,4675.710000038147
,,,,,4675.714999914169
,,,,,4675.72000002861
,,,,,4675.724999904633
,,,,,4675.7300000190735
,,,,,4675.734999895096
,,,,,4675.740000009537
,,,,,4675.744999885559
,,,,,4675.75
,,,,,4675.755000114441
,,,,,4675.759999990463
,,,,,4675.765000104904
,,,,,4675.7699999809265
,,,,,4675.775000095368
,,,,,4675.77999997139
,,,,,4675.785000085831
,,,,,4675.789999961853
,,,,,4675.795000076294
,,,,,4675.799999952316
,,,,,4675.805000066757
,,,,,4675.8099999427795
,,,,,4675.815000057221
,,,,,4675.819999933243
,,,,,4675.825000047684
,,,,,4675.829999923706
,,,,,4675.835000038147
,,,,,4675.839999914169
,,,,,4675.84500002861
,,,,,4675.849999904633
,,,,,4675.8550000190735
,,,,,4675.859999895096
,,,,,4675.865000009537
,,,,,4675.869999885559
,,,,,4675.875
,,,,,4675.880000114441
,,,,,4675.884999990463
,,,,,4675.890000104904
,,,,,4675.8949999809265
,,,,,4675.900000095368
,,,,,4675.90499997139
,,,,,4675.910000085831
,,,,,4675.914999961853
,,,,,4675.920000076294
,,,,,4675.924999952316
,,,,,4675.930000066757
,,,,,4675.9349999427795
,,,,,4675.940000057221
,,,,,4675.944999933243
,,,,,4675.950000047684
,,,,,4675.954999923706
,,,,,4675.960000038147
,,,,,4675.964999914169
,,,,,4675.97000002861
,,,,,4675.974999904633
,,,,,4675.9800000190735
,,,,,4675.984999895096
,,,,,4675.990000009537
,,,,,4675.994999885559
,,,,,4676.0
,,,,,4676.005000114441
,,,,,4676.009999990463
,,,,,4676.015000104904
,,,,,4676.0199999809265
,,,,,4676.025000095368
,,,,,4676.02999997139
,,,,,4676.035000085831
,,,,,4676.039999961853
,,,,,4676.045000076294
,,,,,4676.049999952316
,,,,,4676.055000066757
,,,,,4676.0599999427795
,,,,,4676.065000057221
,,,,,4676.069999933243
,,,,,4676.075000047684
,,,,,4676.079999923706
,,,,,4676.085000038147
,,,,,4676.089999914169
,,,,,4676.09500002861
,,,,,4676.099999904633
,,,,,4676.1050000190735
,,,,,4676.109999895096
,,,,,4676.115000009537
,,,,,4676.119999885559
,,,,,4676.125
,,,,,4676.130000114441
,,,,,4676.134999990463
,,,,,4676.140000104904
,,,,,4676.1449999809265
,,,,,4676.150000095368
,,,,,4676.15499997139
,,,,,4676.160000085831
,,,,,4676.164999961853
,,,,,4676.170000076294
,,,,,4676.174999952316
,,,,,4676.180000066757
,,,,,4676.1849999427795
,,,,,4676.190000057221
,,,,,4676.194999933243
,,,,,4676.200000047684
,,,,,4676.204999923706
,,,,,4676.210000038147
,,,,,4676.214999914169
,,,,,4676.22000002861
,,,,,4676.224999904633
,,,,,4676.2300000190735
,,,,,4676.234999895096
,,,,,4676.240000009537
,,,,,4676.244999885559
,,,,,4676.25
,,,,,4676.255000114441
,,,,,4676.259999990463
,,,,,4676.265000104904
,,,,,4676.2699999809265
,,,,,4676.275000095368
,,,,,4676.27999997139
,,,,,4676.285000085831
,,,,,4676.289999961853
,,,,,4676.295000076294
,,,,,4676.299999952316
,,,,,4676.305000066757
,,,,,4676.3099999427795
,,,,,4676.315000057221
,,,,,4676.319999933243
,,,,,4676.325000047684
,,,,,4676.329999923706
,,,,,4676.335000038147
,,,,,4676.339999914169
,,,,,4676.34500002861
,,,,,4676.349999904633
,,,,,4676.3550000190735
,,,,,4676.359999895096
,,,,,4676.365000009537
,,,,,4676.369999885559
,,,,,4676.375
,,,,,4676.380000114441
,,,,,4676.384999990463
,,,,,4676.390000104904
,,,,,4676.3949999809265
,,,,,4676.400000095368
,,,,,4676.40499997139
,,,,,4676.410000085831
,,,,,4676.414999961853
,,,,,4676.420000076294
,,,,,4676.424999952316
,,,,,4676.430000066757
,,,,,4676.4349999427795
,,,,,4676.440000057221
,,,,,4676.444999933243
,,,,,4676.450000047684
,,,,,4676.454999923706
,,,,,4676.460000038147
,,,,,4676.464999914169
,,,,,4676.47000002861
,,,,,4676.474999904633
,,,,,4676.4800000190735
,,,,,4676.484999895096
,,,,,4676.490000009537
,,,,,4676.494999885559
,,,,,4676.5
,,,,,4676.505000114441
,,,,,4676.509999990463
,,,,,4676.515000104904
,,,,,4676.5199999809265
,,,,,4676.525000095368
,,,,,4676.52999997139
,,,,,4676.535000085831
,,,,,4676.539999961853
,,,,,4676.545000076294
,,,,,4676.549999952316
,,,,,4676.555000066757
,,,,,4676.5599999427795
,,,,,4676.565000057221
,,,,,4676.569999933243
,,,,,4676.575000047684
,,,,,4676.579999923706
,,,,,4676.585000038147
,,,,,4676.589999914169
,,,,,4676.59500002861
,,,,,4676.599999904633
,,,,,4676.6050000190735
,,,,,4676.609999895096
,,,,,4676.615000009537
,,,,,4676.619999885559
,,,,,4676.625
,,,,,4676.630000114441
,,,,,4676.634999990463
,,,,,4676.640000104904
,,,,,4676.6449999809265
,,,,,4676.650000095368
,,,,,4676.65499997139
,,,,,4676.660000085831
,,,,,4676.664999961853
,,,,,4676.670000076294
,,,,,4676.674999952316
,,,,,4676.680000066757
,,,,,4676.6849999427795
,,,,,4676.690000057221
,,,,,4676.694999933243
,,,,,4676.700000047684
,,,,,4676.704999923706
,,,,,4676.710000038147
,,,,,4676.714999914169
,,,,,4676.72000002861
,,,,,4676.724999904633
,,,,,4676.7300000190735
,,,,,4676.734999895096
,,,,,4676.740000009537
,,,,,4676.744999885559
,,,,,4676.75
,,,,,4676.755000114441
,,,,,4676.759999990463
,,,,,4676.765000104904
,,,,,4676.7699999809265
,,,,,4676.775000095368
,,,,,4676.77999997139
,,,,,4676.785000085831
,,,,,4676.789999961853
,,,,,4676.795000076294
,,,,,4676.799999952316
,,,,,4676.805000066757
,,,,,4676.8099999427795
,,,,,4676.815000057221
,,,,,4676.819999933243
,,,,,4676.825000047684
,,,,,4676.829999923706
,,,,,4676.835000038147
,,,,,4676.839999914169
,,,,,4676.84500002861
,,,,,4676.849999904633
,,,,,4676.8550000190735
,,,,,4676.859999895096
,,,,,4676.865000009537
,,,,,4676.869999885559
,,,,,4676.875
,,,,,4676.880000114441
,,,,,4676.884999990463
,,,,,4676.890000104904
,,,,,4676.8949999809265
,,,,,4676.900000095368
,,,,,4676.90499997139
,,,,,4676.910000085831
,,,,,4676.914999961853
,,,,,4676.920000076294
,,,,,4676.924999952316
,,,,,4676.930000066757
,,,,,4676.9349999427795
,,,,,4676.940000057221
,,,,,4676.944999933243
,,,,,4676.950000047684
,,,,,4676.954999923706
,,,,,4676.960000038147
,,,,,4676.964999914169
,,,,,4676.97000002861
,,,,,4676.974999904633
,,,,,4676.9800000190735
,,,,,4676.984999895096
,,,,,4676.990000009537
,,,,,4676.994999885559
,,,,,4677.0
,,,,,4677.005000114441
,,,,,4677.009999990463
,,,,,4677.015000104904
,,,,,4677.0199999809265
,,,,,4677.025000095368
,,,,,4677.02999997139
,,,,,4677.035000085831
,,,,,4677.039999961853
,,,,,4677.045000076294
,,,,,4677.049999952316
,,,,,4677.055000066757
,,,,,4677.0599999427795
,,,,,4677.065000057221
,,,,,4677.069999933243
,,,,,4677.075000047684
,,,,,4677.079999923706
,,,,,4677.085000038147
,,,,,4677.089999914169
,,,,,4677.09500002861
,,,,,4677.099999904633
,,,,,4677.1050000190735
,,,,,4677.109999895096
,,,,,4677.115000009537
,,,,,4677.119999885559
,,,,,4677.125
,,,,,4677.130000114441
,,,,,4677.134999990463
,,,,,4677.140000104904
,,,,,4677.1449999809265
,,,,,4677.150000095368
,,,,,4677.15499997139
,,,,,4677.160000085831
,,,,,4677.164999961853
,,,,,4677.170000076294
,,,,,4677.174999952316
,,,,,4677.180000066757
,,,,,4677.1849999427795
,,,,,4677.190000057221
,,,,,4677.194999933243
,,,,,4677.200000047684
,,,,,4677.204999923706
,,,,,4677.210000038147
,,,,,4677.214999914169
,,,,,4677.22000002861
,,,,,4677.224999904633
,,,,,4677.2300000190735
,,,,,4677.234999895096
,,,,,4677.240000009537
,,,,,4677.244999885559
,,,,,4677.25
,,,,,4677.255000114441
,,,,,4677.259999990463
,,,,,4677.265000104904
,,,,,4677.2699999809265
,,,,,4677.275000095368
,,,,,4677.27999997139
,,,,,4677.285000085831
,,,,,4677.289999961853
,,,,,4677.295000076294
,,,,,4677.299999952316
,,,,,4677.305000066757
,,,,,4677.3099999427795
,,,,,4677.315000057221
,,,,,4677.319999933243
,,,,,4677.325000047684
,,,,,4677.329999923706
,,,,,4677.335000038147
,,,,,4677.339999914169
,,,,,4677.34500002861
,,,,,4677.349999904633
,,,,,4677.3550000190735
,,,,,4677.359999895096
,,,,,4677.365000009537
,,,,,4677.369999885559
,,,,,4677.375
,,,,,4677.380000114441
,,,,,4677.384999990463
,,,,,4677.390000104904
,,,,,4677.3949999809265
,,,,,4677.400000095368
,,,,,4677.40499997139
,,,,,4677.410000085831
,,,,,4677.414999961853
,,,,,4677.420000076294
,,,,,4677.424999952316
,,,,,4677.430000066757
,,,,,4677.4349999427795
,,,,,4677.440000057221
,,,,,4677.444999933243
,,,,,4677.450000047684
,,,,,4677.454999923706
,,,,,4677.460000038147
,,,,,4677.464999914169
,,,,,4677.47000002861
,,,,,4677.474999904633
,,,,,4677.4800000190735
,,,,,4677.484999895096
,,,,,4677.490000009537
,,,,,4677.494999885559
,,,,,4677.5
,,,,,4677.505000114441
,,,,,4677.509999990463
,,,,,4677.515000104904
,,,,,4677.5199999809265
,,,,,4677.525000095368
,,,,,4677.52999997139
,,,,,4677.535000085831
,,,,,4677.539999961853
,,,,,4677.545000076294
,,,,,4677.549999952316
,,,,,4677.555000066757
,,,,,4677.5599999427795
,,,,,4677.565000057221
,,,,,4677.569999933243
,,,,,4677.575000047684
,,,,,4677.579999923706
,,,,,4677.585000038147
,,,,,4677.589999914169
,,,,,4677.59500002861
,,,,,4677.599999904633
,,,,,4677.6050000190735
,,,,,4677.609999895096
,,,,,4677.615000009537
,,,,,4677.619999885559
,,,,,4677.625
,,,,,4677.630000114441
,,,,,4677.634999990463
,,,,,4677.640000104904
,,,,,4677.6449999809265
,,,,,4677.650000095368
,,,,,4677.65499997139
,,,,,4677.660000085831
,,,,,4677.664999961853
,,,,,4677.670000076294
,,,,,4677.674999952316
,,,,,4677.680000066757
,,,,,4677.6849999427795
,,,,,4677.690000057221
,,,,,4677.694999933243
,,,,,4677.700000047684
,,,,,4677.704999923706
,,,,,4677.710000038147
,,,,,4677.714999914169
,,,,,4677.72000002861
,,,,,4677.724999904633
,,,,,4677.7300000190735
,,,,,4677.734999895096
,,,,,4677.740000009537
,,,,,4677.744999885559
,,,,,4677.75
,,,,,4677.755000114441
,,,,,4677.759999990463
,,,,,4677.765000104904
,,,,,4677.7699999809265
,,,,,4677.775000095368
,,,,,4677.77999997139
,,,,,4677.785000085831
,,,,,4677.789999961853
,,,,,4677.795000076294
,,,,,4677.799999952316
,,,,,4677.805000066757
,,,,,4677.8099999427795
,,,,,4677.815000057221
,,,,,4677.819999933243
,,,,,4677.825000047684
,,,,,4677.829999923706
,,,,,4677.835000038147
,,,,,4677.839999914169
,,,,,4677.84500002861
,,,,,4677.849999904633
,,,,,4677.8550000190735
,,,,,4677.859999895096
,,,,,4677.865000009537
,,,,,4677.869999885559
,,,,,4677.875
,,,,,4677.880000114441
,,,,,4677.884999990463
,,,,,4677.890000104904
,,,,,4677.8949999809265
,,,,,4677.900000095368
,,,,,4677.90499997139
,,,,,4677.910000085831
,,,,,4677.914999961853
,,,,,4677.920000076294
,,,,,4677.924999952316
,,,,,4677.930000066757
,,,,,4677.9349999427795
,,,,,4677.940000057221
,,,,,4677.944999933243
,,,,,4677.950000047684
,,,,,4677.954999923706
,,,,,4677.960000038147
,,,,,4677.964999914169
,,,,,4677.97000002861
,,,,,4677.974999904633
,,,,,4677.9800000190735
,,,,,4677.984999895096
,,,,,4677.990000009537
,,,,,4677.994999885559
,,,,,4678.0
,,,,,4678.005000114441
,,,,,4678.009999990463
,,,,,4678.015000104904
,,,,,4678.0199999809265
,,,,,4678.025000095368
,,,,,4678.02999997139
,,,,,4678.035000085831
,,,,,4678.039999961853
,,,,,4678.045000076294
,,,,,4678.049999952316
,,,,,4678.055000066757
,,,,,4678.0599999427795
,,,,,4678.065000057221
,,,,,4678.069999933243
,,,,,4678.075000047684
,,,,,4678.079999923706
,,,,,4678.085000038147
,,,,,4678.089999914169
,,,,,4678.09500002861
,,,,,4678.099999904633
,,,,,4678.1050000190735
,,,,,4678.109999895096
,,,,,4678.115000009537
,,,,,4678.119999885559
,,,,,4678.125
,,,,,4678.130000114441
,,,,,4678.134999990463
,,,,,4678.140000104904
,,,,,4678.1449999809265
,,,,,4678.150000095368
,,,,,4678.15499997139
,,,,,4678.160000085831
,,,,,4678.164999961853
,,,,,4678.170000076294
,,,,,4678.174999952316
,,,,,4678.180000066757
,,,,,4678.1849999427795
,,,,,4678.190000057221
,,,,,4678.194999933243
,,,,,4678.200000047684
,,,,,4678.204999923706
,,,,,4678.210000038147
,,,,,4678.214999914169
,,,,,4678.22000002861
,,,,,4678.224999904633
,,,,,4678.2300000190735
,,,,,4678.234999895096
,,,,,4678.240000009537
,,,,,4678.244999885559
,,,,,4678.25
,,,,,4678.255000114441
,,,,,4678.259999990463
,,,,,4678.265000104904
,,,,,4678.2699999809265
,,,,,4678.275000095368
,,,,,4678.27999997139
,,,,,4678.285000085831
,,,,,4678.289999961853
,,,,,4678.295000076294
,,,,,4678.299999952316
,,,,,4678.305000066757
,,,,,4678.3099999427795
,,,,,4678.315000057221
,,,,,4678.319999933243
,,,,,4678.325000047684
,,,,,4678.329999923706
,,,,,4678.335000038147
,,,,,4678.339999914169
,,,,,4678.34500002861
,,,,,4678.349999904633
,,,,,4678.3550000190735
,,,,,4678.359999895096
,,,,,4678.365000009537
,,,,,4678.369999885559
,,,,,4678.375
,,,,,4678.380000114441
,,,,,4678.384999990463
,,,,,4678.390000104904
,,,,,4678.3949999809265
,,,,,4678.400000095368
,,,,,4678.40499997139
,,,,,4678.410000085831
,,,,,4678.414999961853
,,,,,4678.420000076294
,,,,,4678.424999952316
,,,,,4678.430000066757
,,,,,4678.4349999427795
,,,,,4678.440000057221
,,,,,4678.444999933243
,,,,,4678.450000047684
,,,,,4678.454999923706
,,,,,4678.460000038147
,,,,,4678.464999914169
,,,,,4678.47000002861
,,,,,4678.474999904633
,,,,,4678.4800000190735
,,,,,4678.484999895096
,,,,,4678.490000009537
,,,,,4678.494999885559
,,,,,4678.5
,,,,,4678.505000114441
,,,,,4678.509999990463
,,,,,4678.515000104904
,,,,,4678.5199999809265
,,,,,4678.525000095368
,,,,,4678.52999997139
,,,,,4678.535000085831
,,,,,4678.539999961853
,,,,,4678.545000076294
,,,,,4678.549999952316
,,,,,4678.555000066757
,,,,,4678.5599999427795
,,,,,4678.565000057221
,,,,,4678.569999933243
,,,,,4678.575000047684
,,,,,4678.579999923706
,,,,,4678.585000038147
,,,,,4678.589999914169
,,,,,4678.59500002861
,,,,,4678.599999904633
,,,,,4678.6050000190735
,,,,,4678.609999895096
,,,,,4678.615000009537
,,,,,4678.619999885559
,,,,,4678.625
,,,,,4678.630000114441
,,,,,4678.634999990463
,,,,,4678.640000104904
,,,,,4678.6449999809265
,,,,,4678.650000095368
,,,,,4678.65499997139
,,,,,4678.660000085831
,,,,,4678.664999961853
,,,,,4678.670000076294
,,,,,4678.674999952316
,,,,,4678.680000066757
,,,,,4678.6849999427795
,,,,,4678.690000057221
,,,,,4678.694999933243
,,,,,4678.700000047684
,,,,,4678.704999923706
,,,,,4678.710000038147
,,,,,4678.714999914169
,,,,,4678.72000002861
,,,,,4678.724999904633
,,,,,4678.7300000190735
,,,,,4678.734999895096
,,,,,4678.740000009537
,,,,,4678.744999885559
,,,,,4678.75
,,,,,4678.755000114441
,,,,,4678.759999990463
,,,,,4678.765000104904
,,,,,4678.7699999809265
,,,,,4678.775000095368
,,,,,4678.77999997139
,,,,,4678.785000085831
,,,,,4678.789999961853
,,,,,4678.795000076294
,,,,,4678.799999952316
,,,,,4678.805000066757
,,,,,4678.8099999427795
,,,,,4678.815000057221
,,,,,4678.819999933243
,,,,,4678.825000047684
,,,,,4678.829999923706
,,,,,4678.835000038147
,,,,,4678.839999914169
,,,,,4678.84500002861
,,,,,4678.849999904633
,,,,,4678.8550000190735
,,,,,4678.859999895096
,,,,,4678.865000009537
,,,,,4678.869999885559
,,,,,4678.875
,,,,,4678.880000114441
,,,,,4678.884999990463
,,,,,4678.890000104904
,,,,,4678.8949999809265
,,,,,4678.900000095368
,,,,,4678.90499997139
,,,,,4678.910000085831
,,,,,4678.914999961853
,,,,,4678.920000076294
,,,,,4678.924999952316
,,,,,4678.930000066757
,,,,,4678.9349999427795
,,,,,4678.940000057221
,,,,,4678.944999933243
,,,,,4678.950000047684
,,,,,4678.954999923706
,,,,,4678.960000038147
,,,,,4678.964999914169
,,,,,4678.97000002861
,,,,,4678.974999904633
,,,,,4678.9800000190735
,,,,,4678.984999895096
,,,,,4678.990000009537
,,,,,4678.994999885559
,,,,,4679.0
,,,,,4679.005000114441
,,,,,4679.009999990463
,,,,,4679.015000104904
,,,,,4679.0199999809265
,,,,,4679.025000095368
,,,,,4679.02999997139
,,,,,4679.035000085831
,,,,,4679.039999961853
,,,,,4679.045000076294
,,,,,4679.049999952316
,,,,,4679.055000066757
,,,,,4679.0599999427795
,,,,,4679.065000057221
,,,,,4679.069999933243
,,,,,4679.075000047684
,,,,,4679.079999923706
,,,,,4679.085000038147
,,,,,4679.089999914169
,,,,,4679.09500002861
,,,,,4679.099999904633
,,,,,4679.1050000190735
,,,,,4679.109999895096
,,,,,4679.115000009537
,,,,,4679.119999885559
,,,,,4679.125
,,,,,4679.130000114441
,,,,,4679.134999990463
,,,,,4679.140000104904
,,,,,4679.1449999809265
,,,,,4679.150000095368
,,,,,4679.15499997139
,,,,,4679.160000085831
,,,,,4679.164999961853
,,,,,4679.170000076294
,,,,,4679.174999952316
,,,,,4679.180000066757
,,,,,4679.1849999427795
,,,,,4679.190000057221
,,,,,4679.194999933243
,,,,,4679.200000047684
,,,,,4679.204999923706
,,,,,4679.210000038147
,,,,,4679.214999914169
,,,,,4679.22000002861
,,,,,4679.224999904633
,,,,,4679.2300000190735
,,,,,4679.234999895096
,,,,,4679.240000009537
,,,,,4679.244999885559
,,,,,4679.25
,,,,,4679.255000114441
,,,,,4679.259999990463
,,,,,4679.265000104904
,,,,,4679.2699999809265
,,,,,4679.275000095368
,,,,,4679.27999997139
,,,,,4679.285000085831
,,,,,4679.289999961853
,,,,,4679.295000076294
,,,,,4679.299999952316
,,,,,4679.305000066757
,,,,,4679.3099999427795
,,,,,4679.315000057221
,,,,,4679.319999933243
,,,,,4679.325000047684
,,,,,4679.329999923706
,,,,,4679.335000038147
,,,,,4679.339999914169
,,,,,4679.34500002861
,,,,,4679.349999904633
,,,,,4679.3550000190735
,,,,,4679.359999895096
,,,,,4679.365000009537
,,,,,4679.369999885559
,,,,,4679.375
,,,,,4679.380000114441
,,,,,4679.384999990463
,,,,,4679.390000104904
,,,,,4679.3949999809265
,,,,,4679.400000095368
,,,,,4679.40499997139
,,,,,4679.410000085831
,,,,,4679.414999961853
,,,,,4679.420000076294
,,,,,4679.424999952316
,,,,,4679.430000066757
,,,,,4679.4349999427795
,,,,,4679.440000057221
,,,,,4679.444999933243
,,,,,4679.450000047684
,,,,,4679.454999923706
,,,,,4679.460000038147
,,,,,4679.464999914169
,,,,,4679.47000002861
,,,,,4679.474999904633
,,,,,4679.4800000190735
,,,,,4679.484999895096
,,,,,4679.490000009537
,,,,,4679.494999885559
,,,,,4679.5
,,,,,4679.505000114441
,,,,,4679.509999990463
,,,,,4679.515000104904
,,,,,4679.5199999809265
,,,,,4679.525000095368
,,,,,4679.52999997139
,,,,,4679.535000085831
,,,,,4679.539999961853
,,,,,4679.545000076294
,,,,,4679.549999952316
,,,,,4679.555000066757
,,,,,4679.5599999427795
,,,,,4679.565000057221
,,,,,4679.569999933243
,,,,,4679.575000047684
,,,,,4679.579999923706
,,,,,4679.585000038147
,,,,,4679.589999914169
,,,,,4679.59500002861
,,,,,4679.599999904633
,,,,,4679.6050000190735
,,,,,4679.609999895096
,,,,,4679.615000009537
,,,,,4679.619999885559
,,,,,4679.625
,,,,,4679.630000114441
,,,,,4679.634999990463
,,,,,4679.640000104904
,,,,,4679.6449999809265
,,,,,4679.650000095368
,,,,,4679.65499997139
,,,,,4679.660000085831
,,,,,4679.664999961853
,,,,,4679.670000076294
,,,,,4679.674999952316
,,,,,4679.680000066757
,,,,,4679.6849999427795
,,,,,4679.690000057221
,,,,,4679.694999933243
,,,,,4679.700000047684
,,,,,4679.704999923706
,,,,,4679.710000038147
,,,,,4679.714999914169
,,,,,4679.72000002861
,,,,,4679.724999904633
,,,,,4679.7300000190735
,,,,,4679.734999895096
,,,,,4679.740000009537
,,,,,4679.744999885559
,,,,,4679.75
,,,,,4679.755000114441
,,,,,4679.759999990463
,,,,,4679.765000104904
,,,,,4679.7699999809265
,,,,,4679.775000095368
,,,,,4679.77999997139
,,,,,4679.785000085831
,,,,,4679.789999961853
,,,,,4679.795000076294
,,,,,4679.799999952316
,,,,,4679.805000066757
,,,,,4679.8099999427795
,,,,,4679.815000057221
,,,,,4679.819999933243
,,,,,4679.825000047684
,,,,,4679.829999923706
,,,,,4679.835000038147
,,,,,4679.839999914169
,,,,,4679.84500002861
,,,,,4679.849999904633
,,,,,4679.8550000190735
,,,,,4679.859999895096
,,,,,4679.865000009537
,,,,,4679.869999885559
,,,,,4679.875
,,,,,4679.880000114441
,,,,,4679.884999990463
,,,,,4679.890000104904
,,,,,4679.8949999809265
,,,,,4679.900000095368
,,,,,4679.90499997139
,,,,,4679.910000085831
,,,,,4679.914999961853
,,,,,4679.920000076294
,,,,,4679.924999952316
,,,,,4679.930000066757
,,,,,4679.9349999427795
,,,,,4679.940000057221
,,,,,4679.944999933243
,,,,,4679.950000047684
,,,,,4679.954999923706
,,,,,4679.960000038147
,,,,,4679.964999914169
,,,,,4679.97000002861
,,,,,4679.974999904633
,,,,,4679.9800000190735
,,,,,4679.984999895096
,,,,,4679.990000009537
,,,,,4679.994999885559
,,,,,4680.0
,,,,,4680.005000114441
,,,,,4680.009999990463
,,,,,4680.015000104904
,,,,,4680.0199999809265
,,,,,4680.025000095368
,,,,,4680.02999997139
,,,,,4680.035000085831
,,,,,4680.039999961853
,,,,,4680.045000076294
,,,,,4680.049999952316
,,,,,4680.055000066757
,,,,,4680.0599999427795
,,,,,4680.065000057221
,,,,,4680.069999933243
,,,,,4680.075000047684
,,,,,4680.079999923706
,,,,,4680.085000038147
,,,,,4680.089999914169
,,,,,4680.09500002861
,,,,,4680.099999904633
,,,,,4680.1050000190735
,,,,,4680.109999895096
,,,,,4680.115000009537
,,,,,4680.119999885559
,,,,,4680.125
,,,,,4680.130000114441
,,,,,4680.134999990463
,,,,,4680.140000104904
,,,,,4680.1449999809265
,,,,,4680.150000095368
,,,,,4680.15499997139
,,,,,4680.160000085831
,,,,,4680.164999961853
,,,,,4680.170000076294
,,,,,4680.174999952316
,,,,,4680.180000066757
,,,,,4680.1849999427795
,,,,,4680.190000057221
,,,,,4680.194999933243
,,,,,4680.200000047684
,,,,,4680.204999923706
,,,,,4680.210000038147
,,,,,4680.214999914169
,,,,,4680.22000002861
,,,,,4680.224999904633
,,,,,4680.2300000190735
,,,,,4680.234999895096
,,,,,4680.240000009537
,,,,,4680.244999885559
,,,,,4680.25
,,,,,4680.255000114441
,,,,,4680.259999990463
,,,,,4680.265000104904
,,,,,4680.2699999809265
,,,,,4680.275000095368
,,,,,4680.27999997139
,,,,,4680.285000085831
,,,,,4680.289999961853
,,,,,4680.295000076294
,,,,,4680.299999952316
,,,,,4680.305000066757
,,,,,4680.3099999427795
,,,,,4680.315000057221
,,,,,4680.319999933243
,,,,,4680.325000047684
,,,,,4680.329999923706
,,,,,4680.335000038147
,,,,,4680.339999914169
,,,,,4680.34500002861
,,,,,4680.349999904633
,,,,,4680.3550000190735
,,,,,4680.359999895096
,,,,,4680.365000009537
,,,,,4680.369999885559
,,,,,4680.375
,,,,,4680.380000114441
,,,,,4680.384999990463
,,,,,4680.390000104904
,,,,,4680.3949999809265
,,,,,4680.400000095368
,,,,,4680.40499997139
,,,,,4680.410000085831
,,,,,4680.414999961853
,,,,,4680.420000076294
,,,,,4680.424999952316
,,,,,4680.430000066757
,,,,,4680.4349999427795
,,,,,4680.440000057221
,,,,,4680.444999933243
,,,,,4680.450000047684
,,,,,4680.454999923706
,,,,,4680.460000038147
,,,,,4680.464999914169
,,,,,4680.47000002861
,,,,,4680.474999904633
,,,,,4680.4800000190735
,,,,,4680.484999895096
,,,,,4680.490000009537
,,,,,4680.494999885559
,,,,,4680.5
,,,,,4680.505000114441
,,,,,4680.509999990463
,,,,,4680.515000104904
,,,,,4680.5199999809265
,,,,,4680.525000095368
,,,,,4680.52999997139
,,,,,4680.535000085831
,,,,,4680.539999961853
,,,,,4680.545000076294
,,,,,4680.549999952316
,,,,,4680.555000066757
,,,,,4680.5599999427795
,,,,,4680.565000057221
,,,,,4680.569999933243
,,,,,4680.575000047684
,,,,,4680.579999923706
,,,,,4680.585000038147
,,,,,4680.589999914169
,,,,,4680.59500002861
,,,,,4680.599999904633
,,,,,4680.6050000190735
,,,,,4680.609999895096
,,,,,4680.615000009537
,,,,,4680.619999885559
,,,,,4680.625
,,,,,4680.630000114441
,,,,,4680.634999990463
,,,,,4680.640000104904
,,,,,4680.6449999809265
,,,,,4680.650000095368
,,,,,4680.65499997139
,,,,,4680.660000085831
,,,,,4680.664999961853
,,,,,4680.670000076294
,,,,,4680.674999952316
,,,,,4680.680000066757
,,,,,4680.6849999427795
,,,,,4680.690000057221
,,,,,4680.694999933243
,,,,,4680.700000047684
,,,,,4680.704999923706
,,,,,4680.710000038147
,,,,,4680.714999914169
,,,,,4680.72000002861
,,,,,4680.724999904633
,,,,,4680.7300000190735
,,,,,4680.734999895096
,,,,,4680.740000009537
,,,,,4680.744999885559
,,,,,4680.75
,,,,,4680.755000114441
,,,,,4680.759999990463
,,,,,4680.765000104904
,,,,,4680.7699999809265
,,,,,4680.775000095368
,,,,,4680.77999997139
,,,,,4680.785000085831
,,,,,4680.789999961853
,,,,,4680.795000076294
,,,,,4680.799999952316
,,,,,4680.805000066757
,,,,,4680.8099999427795
,,,,,4680.815000057221
,,,,,4680.819999933243
,,,,,4680.825000047684
,,,,,4680.829999923706
,,,,,4680.835000038147
,,,,,4680.839999914169
,,,,,4680.84500002861
,,,,,4680.849999904633
,,,,,4680.8550000190735
,,,,,4680.859999895096
,,,,,4680.865000009537
,,,,,4680.869999885559
,,,,,4680.875
,,,,,4680.880000114441
,,,,,4680.884999990463
,,,,,4680.890000104904
,,,,,4680.8949999809265
,,,,,4680.900000095368
,,,,,4680.90499997139
,,,,,4680.910000085831
,,,,,4680.914999961853
,,,,,4680.920000076294
,,,,,4680.924999952316
,,,,,4680.930000066757
,,,,,4680.9349999427795
,,,,,4680.940000057221
,,,,,4680.944999933243
,,,,,4680.950000047684
,,,,,4680.954999923706
,,,,,4680.960000038147
,,,,,4680.964999914169
,,,,,4680.97000002861
,,,,,4680.974999904633
,,,,,4680.9800000190735
,,,,,4680.984999895096
,,,,,4680.990000009537
,,,,,4680.994999885559
,,,,,4681.0
,,,,,4681.005000114441
,,,,,4681.009999990463
,,,,,4681.015000104904
,,,,,4681.0199999809265
,,,,,4681.025000095368
,,,,,4681.02999997139
,,,,,4681.035000085831
,,,,,4681.039999961853
,,,,,4681.045000076294
,,,,,4681.049999952316
,,,,,4681.055000066757
,,,,,4681.0599999427795
,,,,,4681.065000057221
,,,,,4681.069999933243
,,,,,4681.075000047684
,,,,,4681.079999923706
,,,,,4681.085000038147
,,,,,4681.089999914169
,,,,,4681.09500002861
,,,,,4681.099999904633
,,,,,4681.1050000190735
,,,,,4681.109999895096
,,,,,4681.115000009537
,,,,,4681.119999885559
,,,,,4681.125
,,,,,4681.130000114441
,,,,,4681.134999990463
,,,,,4681.140000104904
,,,,,4681.1449999809265
,,,,,4681.150000095368
,,,,,4681.15499997139
,,,,,4681.160000085831
,,,,,4681.164999961853
,,,,,4681.170000076294
,,,,,4681.174999952316
,,,,,4681.180000066757
,,,,,4681.1849999427795
,,,,,4681.190000057221
,,,,,4681.194999933243
,,,,,4681.200000047684
,,,,,4681.204999923706
,,,,,4681.210000038147
,,,,,4681.214999914169
,,,,,4681.22000002861
,,,,,4681.224999904633
,,,,,4681.2300000190735
,,,,,4681.234999895096
,,,,,4681.240000009537
,,,,,4681.244999885559
,,,,,4681.25
,,,,,4681.255000114441
,,,,,4681.259999990463
,,,,,4681.265000104904
,,,,,4681.2699999809265
,,,,,4681.275000095368
,,,,,4681.27999997139
,,,,,4681.285000085831
,,,,,4681.289999961853
,,,,,4681.295000076294
,,,,,4681.299999952316
,,,,,4681.305000066757
,,,,,4681.3099999427795
,,,,,4681.315000057221
,,,,,4681.319999933243
,,,,,4681.325000047684
,,,,,4681.329999923706
,,,,,4681.335000038147
,,,,,4681.339999914169
,,,,,4681.34500002861
,,,,,4681.349999904633
,,,,,4681.3550000190735
,,,,,4681.359999895096
,,,,,4681.365000009537
,,,,,4681.369999885559
,,,,,4681.375
,,,,,4681.380000114441
,,,,,4681.384999990463
,,,,,4681.390000104904
,,,,,4681.3949999809265
,,,,,4681.400000095368
,,,,,4681.40499997139
,,,,,4681.410000085831
,,,,,4681.414999961853
,,,,,4681.420000076294
,,,,,4681.424999952316
,,,,,4681.430000066757
,,,,,4681.4349999427795
,,,,,4681.440000057221
,,,,,4681.444999933243
,,,,,4681.450000047684
,,,,,4681.454999923706
,,,,,4681.460000038147
,,,,,4681.464999914169
,,,,,4681.47000002861
,,,,,4681.474999904633
,,,,,4681.4800000190735
,,,,,4681.484999895096
,,,,,4681.490000009537
,,,,,4681.494999885559
,,,,,4681.5
,,,,,4681.505000114441
,,,,,4681.509999990463
,,,,,4681.515000104904
,,,,,4681.5199999809265
,,,,,4681.525000095368
,,,,,4681.52999997139
,,,,,4681.535000085831
,,,,,4681.539999961853
,,,,,4681.545000076294
,,,,,4681.549999952316
,,,,,4681.555000066757
,,,,,4681.5599999427795
,,,,,4681.565000057221
,,,,,4681.569999933243
,,,,,4681.575000047684
,,,,,4681.579999923706
,,,,,4681.585000038147
,,,,,4681.589999914169
,,,,,4681.59500002861
,,,,,4681.599999904633
,,,,,4681.6050000190735
,,,,,4681.609999895096
,,,,,4681.615000009537
,,,,,4681.619999885559
,,,,,4681.625
,,,,,4681.630000114441
,,,,,4681.634999990463
,,,,,4681.640000104904
,,,,,4681.6449999809265
,,,,,4681.650000095368
,,,,,4681.65499997139
,,,,,4681.660000085831
,,,,,4681.664999961853
,,,,,4681.670000076294
,,,,,4681.674999952316
,,,,,4681.680000066757
,,,,,4681.6849999427795
,,,,,4681.690000057221
,,,,,4681.694999933243
,,,,,4681.700000047684
,,,,,4681.704999923706
,,,,,4681.710000038147
,,,,,4681.714999914169
,,,,,4681.72000002861
,,,,,4681.724999904633
,,,,,4681.7300000190735
,,,,,4681.734999895096
,,,,,4681.740000009537
,,,,,4681.744999885559
,,,,,4681.75
,,,,,4681.755000114441
,,,,,4681.759999990463
,,,,,4681.765000104904
,,,,,4681.7699999809265
,,,,,4681.775000095368
,,,,,4681.77999997139
,,,,,4681.785000085831
,,,,,4681.789999961853
,,,,,4681.795000076294
,,,,,4681.799999952316
,,,,,4681.805000066757
,,,,,4681.8099999427795
,,,,,4681.815000057221
,,,,,4681.819999933243
,,,,,4681.825000047684
,,,,,4681.829999923706
,,,,,4681.835000038147
,,,,,4681.839999914169
,,,,,4681.84500002861
,,,,,4681.849999904633
,,,,,4681.8550000190735
,,,,,4681.859999895096
,,,,,4681.865000009537
,,,,,4681.869999885559
,,,,,4681.875
,,,,,4681.880000114441
,,,,,4681.884999990463
,,,,,4681.890000104904
,,,,,4681.8949999809265
,,,,,4681.900000095368
,,,,,4681.90499997139
,,,,,4681.910000085831
,,,,,4681.914999961853
,,,,,4681.920000076294
,,,,,4681.924999952316
,,,,,4681.930000066757
,,,,,4681.9349999427795
,,,,,4681.940000057221
,,,,,4681.944999933243
,,,,,4681.950000047684
,,,,,4681.954999923706
,,,,,4681.960000038147
,,,,,4681.964999914169
,,,,,4681.97000002861
,,,,,4681.974999904633
,,,,,4681.9800000190735
,,,,,4681.984999895096
,,,,,4681.990000009537
,,,,,4681.994999885559
,,,,,4682.0
,,,,,4682.005000114441
,,,,,4682.009999990463
,,,,,4682.015000104904
,,,,,4682.0199999809265
,,,,,4682.025000095368
,,,,,4682.02999997139
,,,,,4682.035000085831
,,,,,4682.039999961853
,,,,,4682.045000076294
,,,,,4682.049999952316
,,,,,4682.055000066757
,,,,,4682.0599999427795
,,,,,4682.065000057221
,,,,,4682.069999933243
,,,,,4682.075000047684
,,,,,4682.079999923706
,,,,,4682.085000038147
,,,,,4682.089999914169
,,,,,4682.09500002861
,,,,,4682.099999904633
,,,,,4682.1050000190735
,,,,,4682.109999895096
,,,,,4682.115000009537
,,,,,4682.119999885559
,,,,,4682.125
,,,,,4682.130000114441
,,,,,4682.134999990463
,,,,,4682.140000104904
,,,,,4682.1449999809265
,,,,,4682.150000095368
,,,,,4682.15499997139
,,,,,4682.160000085831
,,,,,4682.164999961853
,,,,,4682.170000076294
,,,,,4682.174999952316
,,,,,4682.180000066757
,,,,,4682.1849999427795
,,,,,4682.190000057221
,,,,,4682.194999933243
,,,,,4682.200000047684
,,,,,4682.204999923706
,,,,,4682.210000038147
,,,,,4682.214999914169
,,,,,4682.22000002861
,,,,,4682.224999904633
,,,,,4682.2300000190735
,,,,,4682.234999895096
,,,,,4682.240000009537
,,,,,4682.244999885559
,,,,,4682.25
,,,,,4682.255000114441
,,,,,4682.259999990463
,,,,,4682.265000104904
,,,,,4682.2699999809265
,,,,,4682.275000095368
,,,,,4682.27999997139
,,,,,4682.285000085831
,,,,,4682.289999961853
,,,,,4682.295000076294
,,,,,4682.299999952316
,,,,,4682.305000066757
,,,,,4682.3099999427795
,,,,,4682.315000057221
,,,,,4682.319999933243
,,,,,4682.325000047684
,,,,,4682.329999923706
,,,,,4682.335000038147
,,,,,4682.339999914169
,,,,,4682.34500002861
,,,,,4682.349999904633
,,,,,4682.3550000190735
,,,,,4682.359999895096
,,,,,4682.365000009537
,,,,,4682.369999885559
,,,,,4682.375
,,,,,4682.380000114441
,,,,,4682.384999990463
,,,,,4682.390000104904
,,,,,4682.3949999809265
,,,,,4682.400000095368
,,,,,4682.40499997139
,,,,,4682.410000085831
,,,,,4682.414999961853
,,,,,4682.420000076294
,,,,,4682.424999952316
,,,,,4682.430000066757
,,,,,4682.4349999427795
,,,,,4682.440000057221
,,,,,4682.444999933243
,,,,,4682.450000047684
,,,,,4682.454999923706
,,,,,4682.460000038147
,,,,,4682.464999914169
,,,,,4682.47000002861
,,,,,4682.474999904633
,,,,,4682.4800000190735
,,,,,4682.484999895096
,,,,,4682.490000009537
,,,,,4682.494999885559
,,,,,4682.5
,,,,,4682.505000114441
,,,,,4682.509999990463
,,,,,4682.515000104904
,,,,,4682.5199999809265
,,,,,4682.525000095368
,,,,,4682.52999997139
,,,,,4682.535000085831
,,,,,4682.539999961853
,,,,,4682.545000076294
,,,,,4682.549999952316
,,,,,4682.555000066757
,,,,,4682.5599999427795
,,,,,4682.565000057221
,,,,,4682.569999933243
,,,,,4682.575000047684
,,,,,4682.579999923706
,,,,,4682.585000038147
,,,,,4682.589999914169
,,,,,4682.59500002861
,,,,,4682.599999904633
,,,,,4682.6050000190735
,,,,,4682.609999895096
,,,,,4682.615000009537
,,,,,4682.619999885559
,,,,,4682.625
,,,,,4682.630000114441
,,,,,4682.634999990463
,,,,,4682.640000104904
,,,,,4682.6449999809265
,,,,,4682.650000095368
,,,,,4682.65499997139
,,,,,4682.660000085831
,,,,,4682.664999961853
,,,,,4682.670000076294
,,,,,4682.674999952316
,,,,,4682.680000066757
,,,,,4682.6849999427795
,,,,,4682.690000057221
,,,,,4682.694999933243
,,,,,4682.700000047684
,,,,,4682.704999923706
,,,,,4682.710000038147
,,,,,4682.714999914169
,,,,,4682.72000002861
,,,,,4682.724999904633
,,,,,4682.7300000190735
,,,,,4682.734999895096
,,,,,4682.740000009537
,,,,,4682.744999885559
,,,,,4682.75
,,,,,4682.755000114441
,,,,,4682.759999990463
,,,,,4682.765000104904
,,,,,4682.7699999809265
,,,,,4682.775000095368
,,,,,4682.77999997139
,,,,,4682.785000085831
,,,,,4682.789999961853
,,,,,4682.795000076294
,,,,,4682.799999952316
,,,,,4682.805000066757
,,,,,4682.8099999427795
,,,,,4682.815000057221
,,,,,4682.819999933243
,,,,,4682.825000047684
,,,,,4682.829999923706
,,,,,4682.835000038147
,,,,,4682.839999914169
,,,,,4682.84500002861
,,,,,4682.849999904633
,,,,,4682.8550000190735
,,,,,4682.859999895096
,,,,,4682.865000009537
,,,,,4682.869999885559
,,,,,4682.875
,,,,,4682.880000114441
,,,,,4682.884999990463
,,,,,4682.890000104904
,,,,,4682.8949999809265
,,,,,4682.900000095368
,,,,,4682.90499997139
,,,,,4682.910000085831
,,,,,4682.914999961853
,,,,,4682.920000076294
,,,,,4682.924999952316
,,,,,4682.930000066757
,,,,,4682.9349999427795
,,,,,4682.940000057221
,,,,,4682.944999933243
,,,,,4682.950000047684
,,,,,4682.954999923706
,,,,,4682.960000038147
,,,,,4682.964999914169
,,,,,4682.97000002861
,,,,,4682.974999904633
,,,,,4682.9800000190735
,,,,,4682.984999895096
,,,,,4682.990000009537
,,,,,4682.994999885559
,,,,,4683.0
,,,,,4683.005000114441
,,,,,4683.009999990463
,,,,,4683.015000104904
,,,,,4683.0199999809265
,,,,,4683.025000095368
,,,,,4683.02999997139
,,,,,4683.035000085831
,,,,,4683.039999961853
,,,,,4683.045000076294
,,,,,4683.049999952316
,,,,,4683.055000066757
,,,,,4683.0599999427795
,,,,,4683.065000057221
,,,,,4683.069999933243
,,,,,4683.075000047684
,,,,,4683.079999923706
,,,,,4683.085000038147
,,,,,4683.089999914169
,,,,,4683.09500002861
,,,,,4683.099999904633
,,,,,4683.1050000190735
,,,,,4683.109999895096
,,,,,4683.115000009537
,,,,,4683.119999885559
,,,,,4683.125
,,,,,4683.130000114441
,,,,,4683.134999990463
,,,,,4683.140000104904
,,,,,4683.1449999809265
,,,,,4683.150000095368
,,,,,4683.15499997139
,,,,,4683.160000085831
,,,,,4683.164999961853
,,,,,4683.170000076294
,,,,,4683.174999952316
,,,,,4683.180000066757
,,,,,4683.1849999427795
,,,,,4683.190000057221
,,,,,4683.194999933243
,,,,,4683.200000047684
,,,,,4683.204999923706
,,,,,4683.210000038147
,,,,,4683.214999914169
,,,,,4683.22000002861
,,,,,4683.224999904633
,,,,,4683.2300000190735
,,,,,4683.234999895096
,,,,,4683.240000009537
,,,,,4683.244999885559
,,,,,4683.25
,,,,,4683.255000114441
,,,,,4683.259999990463
,,,,,4683.265000104904
,,,,,4683.2699999809265
,,,,,4683.275000095368
,,,,,4683.27999997139
,,,,,4683.285000085831
,,,,,4683.289999961853
,,,,,4683.295000076294
,,,,,4683.299999952316
,,,,,4683.305000066757
,,,,,4683.3099999427795
,,,,,4683.315000057221
,,,,,4683.319999933243
,,,,,4683.325000047684
,,,,,4683.329999923706
,,,,,4683.335000038147
,,,,,4683.339999914169
,,,,,4683.34500002861
,,,,,4683.349999904633
,,,,,4683.3550000190735
,,,,,4683.359999895096
,,,,,4683.365000009537
,,,,,4683.369999885559
,,,,,4683.375
,,,,,4683.380000114441
,,,,,4683.384999990463
,,,,,4683.390000104904
,,,,,4683.3949999809265
,,,,,4683.400000095368
,,,,,4683.40499997139
,,,,,4683.410000085831
,,,,,4683.414999961853
,,,,,4683.420000076294
,,,,,4683.424999952316
,,,,,4683.430000066757
,,,,,4683.4349999427795
,,,,,4683.440000057221
,,,,,4683.444999933243
,,,,,4683.450000047684
,,,,,4683.454999923706
,,,,,4683.460000038147
,,,,,4683.464999914169
,,,,,4683.47000002861
,,,,,4683.474999904633
,,,,,4683.4800000190735
,,,,,4683.484999895096
,,,,,4683.490000009537
,,,,,4683.494999885559
,,,,,4683.5
,,,,,4683.505000114441
,,,,,4683.509999990463
,,,,,4683.515000104904
,,,,,4683.5199999809265
,,,,,4683.525000095368
,,,,,4683.52999997139
,,,,,4683.535000085831
,,,,,4683.539999961853
,,,,,4683.545000076294
,,,,,4683.549999952316
,,,,,4683.555000066757
,,,,,4683.5599999427795
,,,,,4683.565000057221
,,,,,4683.569999933243
,,,,,4683.575000047684
,,,,,4683.579999923706
,,,,,4683.585000038147
,,,,,4683.589999914169
,,,,,4683.59500002861
,,,,,4683.599999904633
,,,,,4683.6050000190735
,,,,,4683.609999895096
,,,,,4683.615000009537
,,,,,4683.619999885559
,,,,,4683.625
,,,,,4683.630000114441
,,,,,4683.634999990463
,,,,,4683.640000104904
,,,,,4683.6449999809265
,,,,,4683.650000095368
,,,,,4683.65499997139
,,,,,4683.660000085831
,,,,,4683.664999961853
,,,,,4683.670000076294
,,,,,4683.674999952316
,,,,,4683.680000066757
,,,,,4683.6849999427795
,,,,,4683.690000057221
,,,,,4683.694999933243
,,,,,4683.700000047684
,,,,,4683.704999923706
,,,,,4683.710000038147
,,,,,4683.714999914169
,,,,,4683.72000002861
,,,,,4683.724999904633
,,,,,4683.7300000190735
,,,,,4683.734999895096
,,,,,4683.740000009537
,,,,,4683.744999885559
,,,,,4683.75
,,,,,4683.755000114441
,,,,,4683.759999990463
,,,,,4683.765000104904
,,,,,4683.7699999809265
,,,,,4683.775000095368
,,,,,4683.77999997139
,,,,,4683.785000085831
,,,,,4683.789999961853
,,,,,4683.795000076294
,,,,,4683.799999952316
,,,,,4683.805000066757
,,,,,4683.8099999427795
,,,,,4683.815000057221
,,,,,4683.819999933243
,,,,,4683.825000047684
,,,,,4683.829999923706
,,,,,4683.835000038147
,,,,,4683.839999914169
,,,,,4683.84500002861
,,,,,4683.849999904633
,,,,,4683.8550000190735
,,,,,4683.859999895096
,,,,,4683.865000009537
,,,,,4683.869999885559
,,,,,4683.875
,,,,,4683.880000114441
,,,,,4683.884999990463
,,,,,4683.890000104904
,,,,,4683.8949999809265
,,,,,4683.900000095368
,,,,,4683.90499997139
,,,,,4683.910000085831
,,,,,4683.914999961853
,,,,,4683.920000076294
,,,,,4683.924999952316
,,,,,4683.930000066757
,,,,,4683.9349999427795
,,,,,4683.940000057221
,,,,,4683.944999933243
,,,,,4683.950000047684
,,,,,4683.954999923706
,,,,,4683.960000038147
,,,,,4683.964999914169
,,,,,4683.97000002861
,,,,,4683.974999904633
,,,,,4683.9800000190735
,,,,,4683.984999895096
,,,,,4683.990000009537
,,,,,4683.994999885559
,,,,,4684.0
,,,,,4684.005000114441
,,,,,4684.009999990463
,,,,,4684.015000104904
,,,,,4684.0199999809265
,,,,,4684.025000095368
,,,,,4684.02999997139
,,,,,4684.035000085831
,,,,,4684.039999961853
,,,,,4684.045000076294
,,,,,4684.049999952316
,,,,,4684.055000066757
,,,,,4684.0599999427795
,,,,,4684.065000057221
,,,,,4684.069999933243
,,,,,4684.075000047684
,,,,,4684.079999923706
,,,,,4684.085000038147
,,,,,4684.089999914169
,,,,,4684.09500002861
,,,,,4684.099999904633
,,,,,4684.1050000190735
,,,,,4684.109999895096
,,,,,4684.115000009537
,,,,,4684.119999885559
,,,,,4684.125
,,,,,4684.130000114441
,,,,,4684.134999990463
,,,,,4684.140000104904
,,,,,4684.1449999809265
,,,,,4684.150000095368
,,,,,4684.15499997139
,,,,,4684.160000085831
,,,,,4684.164999961853
,,,,,4684.170000076294
,,,,,4684.174999952316
,,,,,4684.180000066757
,,,,,4684.1849999427795
,,,,,4684.190000057221
,,,,,4684.194999933243
,,,,,4684.200000047684
,,,,,4684.204999923706
,,,,,4684.210000038147
,,,,,4684.214999914169
,,,,,4684.22000002861
,,,,,4684.224999904633
,,,,,4684.2300000190735
,,,,,4684.234999895096
,,,,,4684.240000009537
,,,,,4684.244999885559
,,,,,4684.25
,,,,,4684.255000114441
,,,,,4684.259999990463
,,,,,4684.265000104904
,,,,,4684.2699999809265
,,,,,4684.275000095368
,,,,,4684.27999997139
,,,,,4684.285000085831
,,,,,4684.289999961853
,,,,,4684.295000076294
,,,,,4684.299999952316
,,,,,4684.305000066757
,,,,,4684.3099999427795
,,,,,4684.315000057221
,,,,,4684.319999933243
,,,,,4684.325000047684
,,,,,4684.329999923706
,,,,,4684.335000038147
,,,,,4684.339999914169
,,,,,4684.34500002861
,,,,,4684.349999904633
,,,,,4684.3550000190735
,,,,,4684.359999895096
,,,,,4684.365000009537
,,,,,4684.369999885559
,,,,,4684.375
,,,,,4684.380000114441
,,,,,4684.384999990463
,,,,,4684.390000104904
,,,,,4684.3949999809265
,,,,,4684.400000095368
,,,,,4684.40499997139
,,,,,4684.410000085831
,,,,,4684.414999961853
,,,,,4684.420000076294
,,,,,4684.424999952316
,,,,,4684.430000066757
,,,,,4684.4349999427795
,,,,,4684.440000057221
,,,,,4684.444999933243
,,,,,4684.450000047684
,,,,,4684.454999923706
,,,,,4684.460000038147
,,,,,4684.464999914169
,,,,,4684.47000002861
,,,,,4684.474999904633
,,,,,4684.4800000190735
,,,,,4684.484999895096
,,,,,4684.490000009537
,,,,,4684.494999885559
,,,,,4684.5
,,,,,4684.505000114441
,,,,,4684.509999990463
,,,,,4684.515000104904
,,,,,4684.5199999809265
,,,,,4684.525000095368
,,,,,4684.52999997139
,,,,,4684.535000085831
,,,,,4684.539999961853
,,,,,4684.545000076294
,,,,,4684.549999952316
,,,,,4684.555000066757
,,,,,4684.5599999427795
,,,,,4684.565000057221
,,,,,4684.569999933243
,,,,,4684.575000047684
,,,,,4684.579999923706
,,,,,4684.585000038147
,,,,,4684.589999914169
,,,,,4684.59500002861
,,,,,4684.599999904633
,,,,,4684.6050000190735
,,,,,4684.609999895096
,,,,,4684.615000009537
,,,,,4684.619999885559
,,,,,4684.625
,,,,,4684.630000114441
,,,,,4684.634999990463
,,,,,4684.640000104904
,,,,,4684.6449999809265
,,,,,4684.650000095368
,,,,,4684.65499997139
,,,,,4684.660000085831
,,,,,4684.664999961853
,,,,,4684.670000076294
,,,,,4684.674999952316
,,,,,4684.680000066757
,,,,,4684.6849999427795
,,,,,4684.690000057221
,,,,,4684.694999933243
,,,,,4684.700000047684
,,,,,4684.704999923706
,,,,,4684.710000038147
,,,,,4684.714999914169
,,,,,4684.72000002861
,,,,,4684.724999904633
,,,,,4684.7300000190735
,,,,,4684.734999895096
,,,,,4684.740000009537
,,,,,4684.744999885559
,,,,,4684.75
,,,,,4684.755000114441
,,,,,4684.759999990463
,,,,,4684.765000104904
,,,,,4684.7699999809265
,,,,,4684.775000095368
,,,,,4684.77999997139
,,,,,4684.785000085831
,,,,,4684.789999961853
,,,,,4684.795000076294
,,,,,4684.799999952316
,,,,,4684.805000066757
,,,,,4684.8099999427795
,,,,,4684.815000057221
,,,,,4684.819999933243
,,,,,4684.825000047684
,,,,,4684.829999923706
,,,,,4684.835000038147
,,,,,4684.839999914169
,,,,,4684.84500002861
,,,,,4684.849999904633
,,,,,4684.8550000190735
,,,,,4684.859999895096
,,,,,4684.865000009537
,,,,,4684.869999885559
,,,,,4684.875
,,,,,4684.880000114441
,,,,,4684.884999990463
,,,,,4684.890000104904
,,,,,4684.8949999809265
,,,,,4684.900000095368
,,,,,4684.90499997139
,,,,,4684.910000085831
,,,,,4684.914999961853
,,,,,4684.920000076294
,,,,,4684.924999952316
,,,,,4684.930000066757
,,,,,4684.9349999427795
,,,,,4684.940000057221
,,,,,4684.944999933243
,,,,,4684.950000047684
,,,,,4684.954999923706
,,,,,4684.960000038147
,,,,,4684.964999914169
,,,,,4684.97000002861
,,,,,4684.974999904633
,,,,,4684.9800000190735
,,,,,4684.984999895096
,,,,,4684.990000009537
,,,,,4684.994999885559
,,,,,4685.0
,,,,,4685.005000114441
,,,,,4685.009999990463
,,,,,4685.015000104904
,,,,,4685.0199999809265
,,,,,4685.025000095368
,,,,,4685.02999997139
,,,,,4685.035000085831
,,,,,4685.039999961853
,,,,,4685.045000076294
,,,,,4685.049999952316
,,,,,4685.055000066757
,,,,,4685.0599999427795
,,,,,4685.065000057221
,,,,,4685.069999933243
,,,,,4685.075000047684
,,,,,4685.079999923706
,,,,,4685.085000038147
,,,,,4685.089999914169
,,,,,4685.09500002861
,,,,,4685.099999904633
,,,,,4685.1050000190735
,,,,,4685.109999895096
,,,,,4685.115000009537
,,,,,4685.119999885559
,,,,,4685.125
,,,,,4685.130000114441
,,,,,4685.134999990463
,,,,,4685.140000104904
,,,,,4685.1449999809265
,,,,,4685.150000095368
,,,,,4685.15499997139
,,,,,4685.160000085831
,,,,,4685.164999961853
,,,,,4685.170000076294
,,,,,4685.174999952316
,,,,,4685.180000066757
,,,,,4685.1849999427795
,,,,,4685.190000057221
,,,,,4685.194999933243
,,,,,4685.200000047684
,,,,,4685.204999923706
,,,,,4685.210000038147
,,,,,4685.214999914169
,,,,,4685.22000002861
,,,,,4685.224999904633
,,,,,4685.2300000190735
,,,,,4685.234999895096
,,,,,4685.240000009537
,,,,,4685.244999885559
,,,,,4685.25
,,,,,4685.255000114441
,,,,,4685.259999990463
,,,,,4685.265000104904
,,,,,4685.2699999809265
,,,,,4685.275000095368
,,,,,4685.27999997139
,,,,,4685.285000085831
,,,,,4685.289999961853
,,,,,4685.295000076294
,,,,,4685.299999952316
,,,,,4685.305000066757
,,,,,4685.3099999427795
,,,,,4685.315000057221
,,,,,4685.319999933243
,,,,,4685.325000047684
,,,,,4685.329999923706
,,,,,4685.335000038147
,,,,,4685.339999914169
,,,,,4685.34500002861
,,,,,4685.349999904633
,,,,,4685.3550000190735
,,,,,4685.359999895096
,,,,,4685.365000009537
,,,,,4685.369999885559
,,,,,4685.375
,,,,,4685.380000114441
,,,,,4685.384999990463
,,,,,4685.390000104904
,,,,,4685.3949999809265
,,,,,4685.400000095368
,,,,,4685.40499997139
,,,,,4685.410000085831
,,,,,4685.414999961853
,,,,,4685.420000076294
,,,,,4685.424999952316
,,,,,4685.430000066757
,,,,,4685.4349999427795
,,,,,4685.440000057221
,,,,,4685.444999933243
,,,,,4685.450000047684
,,,,,4685.454999923706
,,,,,4685.460000038147
,,,,,4685.464999914169
,,,,,4685.47000002861
,,,,,4685.474999904633
,,,,,4685.4800000190735
,,,,,4685.484999895096
,,,,,4685.490000009537
,,,,,4685.494999885559
,,,,,4685.5
,,,,,4685.505000114441
,,,,,4685.509999990463
,,,,,4685.515000104904
,,,,,4685.5199999809265
,,,,,4685.525000095368
,,,,,4685.52999997139
,,,,,4685.535000085831
,,,,,4685.539999961853
,,,,,4685.545000076294
,,,,,4685.549999952316
,,,,,4685.555000066757
,,,,,4685.5599999427795
,,,,,4685.565000057221
,,,,,4685.569999933243
,,,,,4685.575000047684
,,,,,4685.579999923706
,,,,,4685.585000038147
,,,,,4685.589999914169
,,,,,4685.59500002861
,,,,,4685.599999904633
,,,,,4685.6050000190735
,,,,,4685.609999895096
,,,,,4685.615000009537
,,,,,4685.619999885559
,,,,,4685.625
,,,,,4685.630000114441
,,,,,4685.634999990463
,,,,,4685.640000104904
,,,,,4685.6449999809265
,,,,,4685.650000095368
,,,,,4685.65499997139
,,,,,4685.660000085831
,,,,,4685.664999961853
,,,,,4685.670000076294
,,,,,4685.674999952316
,,,,,4685.680000066757
,,,,,4685.6849999427795
,,,,,4685.690000057221
,,,,,4685.694999933243
,,,,,4685.700000047684
,,,,,4685.704999923706
,,,,,4685.710000038147
,,,,,4685.714999914169
,,,,,4685.72000002861
,,,,,4685.724999904633
,,,,,4685.7300000190735
,,,,,4685.734999895096
,,,,,4685.740000009537
,,,,,4685.744999885559
,,,,,4685.75
,,,,,4685.755000114441
,,,,,4685.759999990463
,,,,,4685.765000104904
,,,,,4685.7699999809265
,,,,,4685.775000095368
,,,,,4685.77999997139
,,,,,4685.785000085831
,,,,,4685.789999961853
,,,,,4685.795000076294
,,,,,4685.799999952316
,,,,,4685.805000066757
,,,,,4685.8099999427795
,,,,,4685.815000057221
,,,,,4685.819999933243
,,,,,4685.825000047684
,,,,,4685.829999923706
,,,,,4685.835000038147
,,,,,4685.839999914169
,,,,,4685.84500002861
,,,,,4685.849999904633
,,,,,4685.8550000190735
,,,,,4685.859999895096
,,,,,4685.865000009537
,,,,,4685.869999885559
,,,,,4685.875
,,,,,4685.880000114441
,,,,,4685.884999990463
,,,,,4685.890000104904
,,,,,4685.8949999809265
,,,,,4685.900000095368
,,,,,4685.90499997139
,,,,,4685.910000085831
,,,,,4685.914999961853
,,,,,4685.920000076294
,,,,,4685.924999952316
,,,,,4685.930000066757
,,,,,4685.9349999427795
,,,,,4685.940000057221
,,,,,4685.944999933243
,,,,,4685.950000047684
,,,,,4685.954999923706
,,,,,4685.960000038147
,,,,,4685.964999914169
,,,,,4685.97000002861
,,,,,4685.974999904633
,,,,,4685.9800000190735
,,,,,4685.984999895096
,,,,,4685.990000009537
,,,,,4685.994999885559
,,,,,4686.0
,,,,,4686.005000114441
,,,,,4686.009999990463
,,,,,4686.015000104904
,,,,,4686.0199999809265
,,,,,4686.025000095368
,,,,,4686.02999997139
,,,,,4686.035000085831
,,,,,4686.039999961853
,,,,,4686.045000076294
,,,,,4686.049999952316
,,,,,4686.055000066757
,,,,,4686.0599999427795
,,,,,4686.065000057221
,,,,,4686.069999933243
,,,,,4686.075000047684
,,,,,4686.079999923706
,,,,,4686.085000038147
,,,,,4686.089999914169
,,,,,4686.09500002861
,,,,,4686.099999904633
,,,,,4686.1050000190735
,,,,,4686.109999895096
,,,,,4686.115000009537
,,,,,4686.119999885559
,,,,,4686.125
,,,,,4686.130000114441
,,,,,4686.134999990463
,,,,,4686.140000104904
,,,,,4686.1449999809265
,,,,,4686.150000095368
,,,,,4686.15499997139
,,,,,4686.160000085831
,,,,,4686.164999961853
,,,,,4686.170000076294
,,,,,4686.174999952316
,,,,,4686.180000066757
,,,,,4686.1849999427795
,,,,,4686.190000057221
,,,,,4686.194999933243
,,,,,4686.200000047684
,,,,,4686.204999923706
,,,,,4686.210000038147
,,,,,4686.214999914169
,,,,,4686.22000002861
,,,,,4686.224999904633
,,,,,4686.2300000190735
,,,,,4686.234999895096
,,,,,4686.240000009537
,,,,,4686.244999885559
,,,,,4686.25
,,,,,4686.255000114441
,,,,,4686.259999990463
,,,,,4686.265000104904
,,,,,4686.2699999809265
,,,,,4686.275000095368
,,,,,4686.27999997139
,,,,,4686.285000085831
,,,,,4686.289999961853
,,,,,4686.295000076294
,,,,,4686.299999952316
,,,,,4686.305000066757
,,,,,4686.3099999427795
,,,,,4686.315000057221
,,,,,4686.319999933243
,,,,,4686.325000047684
,,,,,4686.329999923706
,,,,,4686.335000038147
,,,,,4686.339999914169
,,,,,4686.34500002861
,,,,,4686.349999904633
,,,,,4686.3550000190735
,,,,,4686.359999895096
,,,,,4686.365000009537
,,,,,4686.369999885559
,,,,,4686.375
,,,,,4686.380000114441
,,,,,4686.384999990463
,,,,,4686.390000104904
,,,,,4686.3949999809265
,,,,,4686.400000095368
,,,,,4686.40499997139
,,,,,4686.410000085831
,,,,,4686.414999961853
,,,,,4686.420000076294
,,,,,4686.424999952316
,,,,,4686.430000066757
,,,,,4686.4349999427795
,,,,,4686.440000057221
,,,,,4686.444999933243
,,,,,4686.450000047684
,,,,,4686.454999923706
,,,,,4686.460000038147
,,,,,4686.464999914169
,,,,,4686.47000002861
,,,,,4686.474999904633
,,,,,4686.4800000190735
,,,,,4686.484999895096
,,,,,4686.490000009537
,,,,,4686.494999885559
,,,,,4686.5
,,,,,4686.505000114441
,,,,,4686.509999990463
,,,,,4686.515000104904
,,,,,4686.5199999809265
,,,,,4686.525000095368
,,,,,4686.52999997139
,,,,,4686.535000085831
,,,,,4686.539999961853
,,,,,4686.545000076294
,,,,,4686.549999952316
,,,,,4686.555000066757
,,,,,4686.5599999427795
,,,,,4686.565000057221
,,,,,4686.569999933243
,,,,,4686.575000047684
,,,,,4686.579999923706
,,,,,4686.585000038147
,,,,,4686.589999914169
,,,,,4686.59500002861
,,,,,4686.599999904633
,,,,,4686.6050000190735
,,,,,4686.609999895096
,,,,,4686.615000009537
,,,,,4686.619999885559
,,,,,4686.625
,,,,,4686.630000114441
,,,,,4686.634999990463
,,,,,4686.640000104904
,,,,,4686.6449999809265
,,,,,4686.650000095368
,,,,,4686.65499997139
,,,,,4686.660000085831
,,,,,4686.664999961853
,,,,,4686.670000076294
,,,,,4686.674999952316
,,,,,4686.680000066757
,,,,,4686.6849999427795
,,,,,4686.690000057221
,,,,,4686.694999933243
,,,,,4686.700000047684
,,,,,4686.704999923706
,,,,,4686.710000038147
,,,,,4686.714999914169
,,,,,4686.72000002861
,,,,,4686.724999904633
,,,,,4686.7300000190735
,,,,,4686.734999895096
,,,,,4686.740000009537
,,,,,4686.744999885559
,,,,,4686.75
,,,,,4686.755000114441
,,,,,4686.759999990463
,,,,,4686.765000104904
,,,,,4686.7699999809265
,,,,,4686.775000095368
,,,,,4686.77999997139
,,,,,4686.785000085831
,,,,,4686.789999961853
,,,,,4686.795000076294
,,,,,4686.799999952316
,,,,,4686.805000066757
,,,,,4686.8099999427795
,,,,,4686.815000057221
,,,,,4686.819999933243
,,,,,4686.825000047684
,,,,,4686.829999923706
,,,,,4686.835000038147
,,,,,4686.839999914169
,,,,,4686.84500002861
,,,,,4686.849999904633
,,,,,4686.8550000190735
,,,,,4686.859999895096
,,,,,4686.865000009537
,,,,,4686.869999885559
,,,,,4686.875
,,,,,4686.880000114441
,,,,,4686.884999990463
,,,,,4686.890000104904
,,,,,4686.8949999809265
,,,,,4686.900000095368
,,,,,4686.90499997139
,,,,,4686.910000085831
,,,,,4686.914999961853
,,,,,4686.920000076294
,,,,,4686.924999952316
,,,,,4686.930000066757
,,,,,4686.9349999427795
,,,,,4686.940000057221
,,,,,4686.944999933243
,,,,,4686.950000047684
,,,,,4686.954999923706
,,,,,4686.960000038147
,,,,,4686.964999914169
,,,,,4686.97000002861
,,,,,4686.974999904633
,,,,,4686.9800000190735
,,,,,4686.984999895096
,,,,,4686.990000009537
,,,,,4686.994999885559
,,,,,4687.0
,,,,,4687.005000114441
,,,,,4687.009999990463
,,,,,4687.015000104904
,,,,,4687.0199999809265
,,,,,4687.025000095368
,,,,,4687.02999997139
,,,,,4687.035000085831
,,,,,4687.039999961853
,,,,,4687.045000076294
,,,,,4687.049999952316
,,,,,4687.055000066757
,,,,,4687.0599999427795
,,,,,4687.065000057221
,,,,,4687.069999933243
,,,,,4687.075000047684
,,,,,4687.079999923706
,,,,,4687.085000038147
,,,,,4687.089999914169
,,,,,4687.09500002861
,,,,,4687.099999904633
,,,,,4687.1050000190735
,,,,,4687.109999895096
,,,,,4687.115000009537
,,,,,4687.119999885559
,,,,,4687.125
,,,,,4687.130000114441
,,,,,4687.134999990463
,,,,,4687.140000104904
,,,,,4687.1449999809265
,,,,,4687.150000095368
,,,,,4687.15499997139
,,,,,4687.160000085831
,,,,,4687.164999961853
,,,,,4687.170000076294
,,,,,4687.174999952316
,,,,,4687.180000066757
,,,,,4687.1849999427795
,,,,,4687.190000057221
,,,,,4687.194999933243
,,,,,4687.200000047684
,,,,,4687.204999923706
,,,,,4687.210000038147
,,,,,4687.214999914169
,,,,,4687.22000002861
,,,,,4687.224999904633
,,,,,4687.2300000190735
,,,,,4687.234999895096
,,,,,4687.240000009537
,,,,,4687.244999885559
,,,,,4687.25
,,,,,4687.255000114441
,,,,,4687.259999990463
,,,,,4687.265000104904
,,,,,4687.2699999809265
,,,,,4687.275000095368
,,,,,4687.27999997139
,,,,,4687.285000085831
,,,,,4687.289999961853
,,,,,4687.295000076294
,,,,,4687.299999952316
,,,,,4687.305000066757
,,,,,4687.3099999427795
,,,,,4687.315000057221
,,,,,4687.319999933243
,,,,,4687.325000047684
,,,,,4687.329999923706
,,,,,4687.335000038147
,,,,,4687.339999914169
,,,,,4687.34500002861
,,,,,4687.349999904633
,,,,,4687.3550000190735
,,,,,4687.359999895096
,,,,,4687.365000009537
,,,,,4687.369999885559
,,,,,4687.375
,,,,,4687.380000114441
,,,,,4687.384999990463
,,,,,4687.390000104904
,,,,,4687.3949999809265
,,,,,4687.400000095368
,,,,,4687.40499997139
,,,,,4687.410000085831
,,,,,4687.414999961853
,,,,,4687.420000076294
,,,,,4687.424999952316
,,,,,4687.430000066757
,,,,,4687.4349999427795
,,,,,4687.440000057221
,,,,,4687.444999933243
,,,,,4687.450000047684
,,,,,4687.454999923706
,,,,,4687.460000038147
,,,,,4687.464999914169
,,,,,4687.47000002861
,,,,,4687.474999904633
,,,,,4687.4800000190735
,,,,,4687.484999895096
,,,,,4687.490000009537
,,,,,4687.494999885559
,,,,,4687.5
,,,,,4687.505000114441
,,,,,4687.509999990463
,,,,,4687.515000104904
,,,,,4687.5199999809265
,,,,,4687.525000095368
,,,,,4687.52999997139
,,,,,4687.535000085831
,,,,,4687.539999961853
,,,,,4687.545000076294
,,,,,4687.549999952316
,,,,,4687.555000066757
,,,,,4687.5599999427795
,,,,,4687.565000057221
,,,,,4687.569999933243
,,,,,4687.575000047684
,,,,,4687.579999923706
,,,,,4687.585000038147
,,,,,4687.589999914169
,,,,,4687.59500002861
,,,,,4687.599999904633
,,,,,4687.6050000190735
,,,,,4687.609999895096
,,,,,4687.615000009537
,,,,,4687.619999885559
,,,,,4687.625
,,,,,4687.630000114441
,,,,,4687.634999990463
,,,,,4687.640000104904
,,,,,4687.6449999809265
,,,,,4687.650000095368
,,,,,4687.65499997139
,,,,,4687.660000085831
,,,,,4687.664999961853
,,,,,4687.670000076294
,,,,,4687.674999952316
,,,,,4687.680000066757
,,,,,4687.6849999427795
,,,,,4687.690000057221
,,,,,4687.694999933243
,,,,,4687.700000047684
,,,,,4687.704999923706
,,,,,4687.710000038147
,,,,,4687.714999914169
,,,,,4687.72000002861
,,,,,4687.724999904633
,,,,,4687.7300000190735
,,,,,4687.734999895096
,,,,,4687.740000009537
,,,,,4687.744999885559
,,,,,4687.75
,,,,,4687.755000114441
,,,,,4687.759999990463
,,,,,4687.765000104904
,,,,,4687.7699999809265
,,,,,4687.775000095368
,,,,,4687.77999997139
,,,,,4687.785000085831
,,,,,4687.789999961853
,,,,,4687.795000076294
,,,,,4687.799999952316
,,,,,4687.805000066757
,,,,,4687.8099999427795
,,,,,4687.815000057221
,,,,,4687.819999933243
,,,,,4687.825000047684
,,,,,4687.829999923706
,,,,,4687.835000038147
,,,,,4687.839999914169
,,,,,4687.84500002861
,,,,,4687.849999904633
,,,,,4687.8550000190735
,,,,,4687.859999895096
,,,,,4687.865000009537
,,,,,4687.869999885559
,,,,,4687.875
,,,,,4687.880000114441
,,,,,4687.884999990463
,,,,,4687.890000104904
,,,,,4687.8949999809265
,,,,,4687.900000095368
,,,,,4687.90499997139
,,,,,4687.910000085831
,,,,,4687.914999961853
,,,,,4687.920000076294
,,,,,4687.924999952316
,,,,,4687.930000066757
,,,,,4687.9349999427795
,,,,,4687.940000057221
,,,,,4687.944999933243
,,,,,4687.950000047684
,,,,,4687.954999923706
,,,,,4687.960000038147
,,,,,4687.964999914169
,,,,,4687.97000002861
,,,,,4687.974999904633
,,,,,4687.9800000190735
,,,,,4687.984999895096
,,,,,4687.990000009537
,,,,,4687.994999885559
,,,,,4688.0
,,,,,4688.005000114441
,,,,,4688.009999990463
,,,,,4688.015000104904
,,,,,4688.0199999809265
,,,,,4688.025000095368
,,,,,4688.02999997139
,,,,,4688.035000085831
,,,,,4688.039999961853
,,,,,4688.045000076294
,,,,,4688.049999952316
,,,,,4688.055000066757
,,,,,4688.0599999427795
,,,,,4688.065000057221
,,,,,4688.069999933243
,,,,,4688.075000047684
,,,,,4688.079999923706
,,,,,4688.085000038147
,,,,,4688.089999914169
,,,,,4688.09500002861
,,,,,4688.099999904633
,,,,,4688.1050000190735
,,,,,4688.109999895096
,,,,,4688.115000009537
,,,,,4688.119999885559
,,,,,4688.125
,,,,,4688.130000114441
,,,,,4688.134999990463
,,,,,4688.140000104904
,,,,,4688.1449999809265
,,,,,4688.150000095368
,,,,,4688.15499997139
,,,,,4688.160000085831
,,,,,4688.164999961853
,,,,,4688.170000076294
,,,,,4688.174999952316
,,,,,4688.180000066757
,,,,,4688.1849999427795
,,,,,4688.190000057221
,,,,,4688.194999933243
,,,,,4688.200000047684
,,,,,4688.204999923706
,,,,,4688.210000038147
,,,,,4688.214999914169
,,,,,4688.22000002861
,,,,,4688.224999904633
,,,,,4688.2300000190735
,,,,,4688.234999895096
,,,,,4688.240000009537
,,,,,4688.244999885559
,,,,,4688.25
,,,,,4688.255000114441
,,,,,4688.259999990463
,,,,,4688.265000104904
,,,,,4688.2699999809265
,,,,,4688.275000095368
,,,,,4688.27999997139
,,,,,4688.285000085831
,,,,,4688.289999961853
,,,,,4688.295000076294
,,,,,4688.299999952316
,,,,,4688.305000066757
,,,,,4688.3099999427795
,,,,,4688.315000057221
,,,,,4688.319999933243
,,,,,4688.325000047684
,,,,,4688.329999923706
,,,,,4688.335000038147
,,,,,4688.339999914169
,,,,,4688.34500002861
,,,,,4688.349999904633
,,,,,4688.3550000190735
,,,,,4688.359999895096
,,,,,4688.365000009537
,,,,,4688.369999885559
,,,,,4688.375
,,,,,4688.380000114441
,,,,,4688.384999990463
,,,,,4688.390000104904
,,,,,4688.3949999809265
,,,,,4688.400000095368
,,,,,4688.40499997139
,,,,,4688.410000085831
,,,,,4688.414999961853
,,,,,4688.420000076294
,,,,,4688.424999952316
,,,,,4688.430000066757
,,,,,4688.4349999427795
,,,,,4688.440000057221
,,,,,4688.444999933243
,,,,,4688.450000047684
,,,,,4688.454999923706
,,,,,4688.460000038147
,,,,,4688.464999914169
,,,,,4688.47000002861
,,,,,4688.474999904633
,,,,,4688.4800000190735
,,,,,4688.484999895096
,,,,,4688.490000009537
,,,,,4688.494999885559
,,,,,4688.5
,,,,,4688.505000114441
,,,,,4688.509999990463
,,,,,4688.515000104904
,,,,,4688.5199999809265
,,,,,4688.525000095368
,,,,,4688.52999997139
,,,,,4688.535000085831
,,,,,4688.539999961853
,,,,,4688.545000076294
,,,,,4688.549999952316
,,,,,4688.555000066757
,,,,,4688.5599999427795
,,,,,4688.565000057221
,,,,,4688.569999933243
,,,,,4688.575000047684
,,,,,4688.579999923706
,,,,,4688.585000038147
,,,,,4688.589999914169
,,,,,4688.59500002861
,,,,,4688.599999904633
,,,,,4688.6050000190735
,,,,,4688.609999895096
,,,,,4688.615000009537
,,,,,4688.619999885559
,,,,,4688.625
,,,,,4688.630000114441
,,,,,4688.634999990463
,,,,,4688.640000104904
,,,,,4688.6449999809265
,,,,,4688.650000095368
,,,,,4688.65499997139
,,,,,4688.660000085831
,,,,,4688.664999961853
,,,,,4688.670000076294
,,,,,4688.674999952316
,,,,,4688.680000066757
,,,,,4688.6849999427795
,,,,,4688.690000057221
,,,,,4688.694999933243
,,,,,4688.700000047684
,,,,,4688.704999923706
,,,,,4688.710000038147
,,,,,4688.714999914169
,,,,,4688.72000002861
,,,,,4688.724999904633
,,,,,4688.7300000190735
,,,,,4688.734999895096
,,,,,4688.740000009537
,,,,,4688.744999885559
,,,,,4688.75
,,,,,4688.755000114441
,,,,,4688.759999990463
,,,,,4688.765000104904
,,,,,4688.7699999809265
,,,,,4688.775000095368
,,,,,4688.77999997139
,,,,,4688.785000085831
,,,,,4688.789999961853
,,,,,4688.795000076294
,,,,,4688.799999952316
,,,,,4688.805000066757
,,,,,4688.8099999427795
,,,,,4688.815000057221
,,,,,4688.819999933243
,,,,,4688.825000047684
,,,,,4688.829999923706
,,,,,4688.835000038147
,,,,,4688.839999914169
,,,,,4688.84500002861
,,,,,4688.849999904633
,,,,,4688.8550000190735
,,,,,4688.859999895096
,,,,,4688.865000009537
,,,,,4688.869999885559
,,,,,4688.875
,,,,,4688.880000114441
,,,,,4688.884999990463
,,,,,4688.890000104904
,,,,,4688.8949999809265
,,,,,4688.900000095368
,,,,,4688.90499997139
,,,,,4688.910000085831
,,,,,4688.914999961853
,,,,,4688.920000076294
,,,,,4688.924999952316
,,,,,4688.930000066757
,,,,,4688.9349999427795
,,,,,4688.940000057221
,,,,,4688.944999933243
,,,,,4688.950000047684
,,,,,4688.954999923706
,,,,,4688.960000038147
,,,,,4688.964999914169
,,,,,4688.97000002861
,,,,,4688.974999904633
,,,,,4688.9800000190735
,,,,,4688.984999895096
,,,,,4688.990000009537
,,,,,4688.994999885559
,,,,,4689.0
,,,,,4689.005000114441
,,,,,4689.009999990463
,,,,,4689.015000104904
,,,,,4689.0199999809265
,,,,,4689.025000095368
,,,,,4689.02999997139
,,,,,4689.035000085831
,,,,,4689.039999961853
,,,,,4689.045000076294
,,,,,4689.049999952316
,,,,,4689.055000066757
,,,,,4689.0599999427795
,,,,,4689.065000057221
,,,,,4689.069999933243
,,,,,4689.075000047684
,,,,,4689.079999923706
,,,,,4689.085000038147
,,,,,4689.089999914169
,,,,,4689.09500002861
,,,,,4689.099999904633
,,,,,4689.1050000190735
,,,,,4689.109999895096
,,,,,4689.115000009537
,,,,,4689.119999885559
,,,,,4689.125
,,,,,4689.130000114441
,,,,,4689.134999990463
,,,,,4689.140000104904
,,,,,4689.1449999809265
,,,,,4689.150000095368
,,,,,4689.15499997139
,,,,,4689.160000085831
,,,,,4689.164999961853
,,,,,4689.170000076294
,,,,,4689.174999952316
,,,,,4689.180000066757
,,,,,4689.1849999427795
,,,,,4689.190000057221
,,,,,4689.194999933243
,,,,,4689.200000047684
,,,,,4689.204999923706
,,,,,4689.210000038147
,,,,,4689.214999914169
,,,,,4689.22000002861
,,,,,4689.224999904633
,,,,,4689.2300000190735
,,,,,4689.234999895096
,,,,,4689.240000009537
,,,,,4689.244999885559
,,,,,4689.25
,,,,,4689.255000114441
,,,,,4689.259999990463
,,,,,4689.265000104904
,,,,,4689.2699999809265
,,,,,4689.275000095368
,,,,,4689.27999997139
,,,,,4689.285000085831
,,,,,4689.289999961853
,,,,,4689.295000076294
,,,,,4689.299999952316
,,,,,4689.305000066757
,,,,,4689.3099999427795
,,,,,4689.315000057221
,,,,,4689.319999933243
,,,,,4689.325000047684
,,,,,4689.329999923706
,,,,,4689.335000038147
,,,,,4689.339999914169
,,,,,4689.34500002861
,,,,,4689.349999904633
,,,,,4689.3550000190735
,,,,,4689.359999895096
,,,,,4689.365000009537
,,,,,4689.369999885559
,,,,,4689.375
,,,,,4689.380000114441
,,,,,4689.384999990463
,,,,,4689.390000104904
,,,,,4689.3949999809265
,,,,,4689.400000095368
,,,,,4689.40499997139
,,,,,4689.410000085831
,,,,,4689.414999961853
,,,,,4689.420000076294
,,,,,4689.424999952316
,,,,,4689.430000066757
,,,,,4689.4349999427795
,,,,,4689.440000057221
,,,,,4689.444999933243
,,,,,4689.450000047684
,,,,,4689.454999923706
,,,,,4689.460000038147
,,,,,4689.464999914169
,,,,,4689.47000002861
,,,,,4689.474999904633
,,,,,4689.4800000190735
,,,,,4689.484999895096
,,,,,4689.490000009537
,,,,,4689.494999885559
,,,,,4689.5
,,,,,4689.505000114441
,,,,,4689.509999990463
,,,,,4689.515000104904
,,,,,4689.5199999809265
,,,,,4689.525000095368
,,,,,4689.52999997139
,,,,,4689.535000085831
,,,,,4689.539999961853
,,,,,4689.545000076294
,,,,,4689.549999952316
,,,,,4689.555000066757
,,,,,4689.5599999427795
,,,,,4689.565000057221
,,,,,4689.569999933243
,,,,,4689.575000047684
,,,,,4689.579999923706
,,,,,4689.585000038147
,,,,,4689.589999914169
,,,,,4689.59500002861
,,,,,4689.599999904633
,,,,,4689.6050000190735
,,,,,4689.609999895096
,,,,,4689.615000009537
,,,,,4689.619999885559
,,,,,4689.625
,,,,,4689.630000114441
,,,,,4689.634999990463
,,,,,4689.640000104904
,,,,,4689.6449999809265
,,,,,4689.650000095368
,,,,,4689.65499997139
,,,,,4689.660000085831
,,,,,4689.664999961853
,,,,,4689.670000076294
,,,,,4689.674999952316
,,,,,4689.680000066757
,,,,,4689.6849999427795
,,,,,4689.690000057221
,,,,,4689.694999933243
,,,,,4689.700000047684
,,,,,4689.704999923706
,,,,,4689.710000038147
,,,,,4689.714999914169
,,,,,4689.72000002861
,,,,,4689.724999904633
,,,,,4689.7300000190735
,,,,,4689.734999895096
,,,,,4689.740000009537
,,,,,4689.744999885559
,,,,,4689.75
,,,,,4689.755000114441
,,,,,4689.759999990463
,,,,,4689.765000104904
,,,,,4689.7699999809265
,,,,,4689.775000095368
,,,,,4689.77999997139
,,,,,4689.785000085831
,,,,,4689.789999961853
,,,,,4689.795000076294
,,,,,4689.799999952316
,,,,,4689.805000066757
,,,,,4689.8099999427795
,,,,,4689.815000057221
,,,,,4689.819999933243
,,,,,4689.825000047684
,,,,,4689.829999923706
,,,,,4689.835000038147
,,,,,4689.839999914169
,,,,,4689.84500002861
,,,,,4689.849999904633
,,,,,4689.8550000190735
,,,,,4689.859999895096
,,,,,4689.865000009537
,,,,,4689.869999885559
,,,,,4689.875
,,,,,4689.880000114441
,,,,,4689.884999990463
,,,,,4689.890000104904
,,,,,4689.8949999809265
,,,,,4689.900000095368
,,,,,4689.90499997139
,,,,,4689.910000085831
,,,,,4689.914999961853
,,,,,4689.920000076294
,,,,,4689.924999952316
,,,,,4689.930000066757
,,,,,4689.9349999427795
,,,,,4689.940000057221
,,,,,4689.944999933243
,,,,,4689.950000047684
,,,,,4689.954999923706
,,,,,4689.960000038147
,,,,,4689.964999914169
,,,,,4689.97000002861
,,,,,4689.974999904633
,,,,,4689.9800000190735
,,,,,4689.984999895096
,,,,,4689.990000009537
,,,,,4689.994999885559
,,,,,4690.0
,,,,,4690.005000114441
,,,,,4690.009999990463
,,,,,4690.015000104904
,,,,,4690.0199999809265
,,,,,4690.025000095368
,,,,,4690.02999997139
,,,,,4690.035000085831
,,,,,4690.039999961853
,,,,,4690.045000076294
,,,,,4690.049999952316
,,,,,4690.055000066757
,,,,,4690.0599999427795
,,,,,4690.065000057221
,,,,,4690.069999933243
,,,,,4690.075000047684
,,,,,4690.079999923706
,,,,,4690.085000038147
,,,,,4690.089999914169
,,,,,4690.09500002861
,,,,,4690.099999904633
,,,,,4690.1050000190735
,,,,,4690.109999895096
,,,,,4690.115000009537
,,,,,4690.119999885559
,,,,,4690.125
,,,,,4690.130000114441
,,,,,4690.134999990463
,,,,,4690.140000104904
,,,,,4690.1449999809265
,,,,,4690.150000095368
,,,,,4690.15499997139
,,,,,4690.160000085831
,,,,,4690.164999961853
,,,,,4690.170000076294
,,,,,4690.174999952316
,,,,,4690.180000066757
,,,,,4690.1849999427795
,,,,,4690.190000057221
,,,,,4690.194999933243
,,,,,4690.200000047684
,,,,,4690.204999923706
,,,,,4690.210000038147
,,,,,4690.214999914169
,,,,,4690.22000002861
,,,,,4690.224999904633
,,,,,4690.2300000190735
,,,,,4690.234999895096
,,,,,4690.240000009537
,,,,,4690.244999885559
,,,,,4690.25
,,,,,4690.255000114441
,,,,,4690.259999990463
,,,,,4690.265000104904
,,,,,4690.2699999809265
,,,,,4690.275000095368
,,,,,4690.27999997139
,,,,,4690.285000085831
,,,,,4690.289999961853
,,,,,4690.295000076294
,,,,,4690.299999952316
,,,,,4690.305000066757
,,,,,4690.3099999427795
,,,,,4690.315000057221
,,,,,4690.319999933243
,,,,,4690.325000047684
,,,,,4690.329999923706
,,,,,4690.335000038147
,,,,,4690.339999914169
,,,,,4690.34500002861
,,,,,4690.349999904633
,,,,,4690.3550000190735
,,,,,4690.359999895096
,,,,,4690.365000009537
,,,,,4690.369999885559
,,,,,4690.375
,,,,,4690.380000114441
,,,,,4690.384999990463
,,,,,4690.390000104904
,,,,,4690.3949999809265
,,,,,4690.400000095368
,,,,,4690.40499997139
,,,,,4690.410000085831
,,,,,4690.414999961853
,,,,,4690.420000076294
,,,,,4690.424999952316
,,,,,4690.430000066757
,,,,,4690.4349999427795
,,,,,4690.440000057221
,,,,,4690.444999933243
,,,,,4690.450000047684
,,,,,4690.454999923706
,,,,,4690.460000038147
,,,,,4690.464999914169
,,,,,4690.47000002861
,,,,,4690.474999904633
,,,,,4690.4800000190735
,,,,,4690.484999895096
,,,,,4690.490000009537
,,,,,4690.494999885559
,,,,,4690.5
,,,,,4690.505000114441
,,,,,4690.509999990463
,,,,,4690.515000104904
,,,,,4690.5199999809265
,,,,,4690.525000095368
,,,,,4690.52999997139
,,,,,4690.535000085831
,,,,,4690.539999961853
,,,,,4690.545000076294
,,,,,4690.549999952316
,,,,,4690.555000066757
,,,,,4690.5599999427795
,,,,,4690.565000057221
,,,,,4690.569999933243
,,,,,4690.575000047684
,,,,,4690.579999923706
,,,,,4690.585000038147
,,,,,4690.589999914169
,,,,,4690.59500002861
,,,,,4690.599999904633
,,,,,4690.6050000190735
,,,,,4690.609999895096
,,,,,4690.615000009537
,,,,,4690.619999885559
,,,,,4690.625
,,,,,4690.630000114441
,,,,,4690.634999990463
,,,,,4690.640000104904
,,,,,4690.6449999809265
,,,,,4690.650000095368
,,,,,4690.65499997139
,,,,,4690.660000085831
,,,,,4690.664999961853
,,,,,4690.670000076294
,,,,,4690.674999952316
,,,,,4690.680000066757
,,,,,4690.6849999427795
,,,,,4690.690000057221
,,,,,4690.694999933243
,,,,,4690.700000047684
,,,,,4690.704999923706
,,,,,4690.710000038147
,,,,,4690.714999914169
,,,,,4690.72000002861
,,,,,4690.724999904633
,,,,,4690.7300000190735
,,,,,4690.734999895096
,,,,,4690.740000009537
,,,,,4690.744999885559
,,,,,4690.75
,,,,,4690.755000114441
,,,,,4690.759999990463
,,,,,4690.765000104904
,,,,,4690.7699999809265
,,,,,4690.775000095368
,,,,,4690.77999997139
,,,,,4690.785000085831
,,,,,4690.789999961853
,,,,,4690.795000076294
,,,,,4690.799999952316
,,,,,4690.805000066757
,,,,,4690.8099999427795
,,,,,4690.815000057221
,,,,,4690.819999933243
,,,,,4690.825000047684
,,,,,4690.829999923706
,,,,,4690.835000038147
,,,,,4690.839999914169
,,,,,4690.84500002861
,,,,,4690.849999904633
,,,,,4690.8550000190735
,,,,,4690.859999895096
,,,,,4690.865000009537
,,,,,4690.869999885559
,,,,,4690.875
,,,,,4690.880000114441
,,,,,4690.884999990463
,,,,,4690.890000104904
,,,,,4690.8949999809265
,,,,,4690.900000095368
,,,,,4690.90499997139
,,,,,4690.910000085831
,,,,,4690.914999961853
,,,,,4690.920000076294
,,,,,4690.924999952316
,,,,,4690.930000066757
,,,,,4690.9349999427795
,,,,,4690.940000057221
,,,,,4690.944999933243
,,,,,4690.950000047684
,,,,,4690.954999923706
,,,,,4690.960000038147
,,,,,4690.964999914169
,,,,,4690.97000002861
,,,,,4690.974999904633
,,,,,4690.9800000190735
,,,,,4690.984999895096
,,,,,4690.990000009537
,,,,,4690.994999885559
,,,,,4691.0
,,,,,4691.005000114441
,,,,,4691.009999990463
,,,,,4691.015000104904
,,,,,4691.0199999809265
,,,,,4691.025000095368
,,,,,4691.02999997139
,,,,,4691.035000085831
,,,,,4691.039999961853
,,,,,4691.045000076294
,,,,,4691.049999952316
,,,,,4691.055000066757
,,,,,4691.0599999427795
,,,,,4691.065000057221
,,,,,4691.069999933243
,,,,,4691.075000047684
,,,,,4691.079999923706
,,,,,4691.085000038147
,,,,,4691.089999914169
,,,,,4691.09500002861
,,,,,4691.099999904633
,,,,,4691.1050000190735
,,,,,4691.109999895096
,,,,,4691.115000009537
,,,,,4691.119999885559
,,,,,4691.125
,,,,,4691.130000114441
,,,,,4691.134999990463
,,,,,4691.140000104904
,,,,,4691.1449999809265
,,,,,4691.150000095368
,,,,,4691.15499997139
,,,,,4691.160000085831
,,,,,4691.164999961853
,,,,,4691.170000076294
,,,,,4691.174999952316
,,,,,4691.180000066757
,,,,,4691.1849999427795
,,,,,4691.190000057221
,,,,,4691.194999933243
,,,,,4691.200000047684
,,,,,4691.204999923706
,,,,,4691.210000038147
,,,,,4691.214999914169
,,,,,4691.22000002861
,,,,,4691.224999904633
,,,,,4691.2300000190735
,,,,,4691.234999895096
,,,,,4691.240000009537
,,,,,4691.244999885559
,,,,,4691.25
,,,,,4691.255000114441
,,,,,4691.259999990463
,,,,,4691.265000104904
,,,,,4691.2699999809265
,,,,,4691.275000095368
,,,,,4691.27999997139
,,,,,4691.285000085831
,,,,,4691.289999961853
,,,,,4691.295000076294
,,,,,4691.299999952316
,,,,,4691.305000066757
,,,,,4691.3099999427795
,,,,,4691.315000057221
,,,,,4691.319999933243
,,,,,4691.325000047684
,,,,,4691.329999923706
,,,,,4691.335000038147
,,,,,4691.339999914169
,,,,,4691.34500002861
,,,,,4691.349999904633
,,,,,4691.3550000190735
,,,,,4691.359999895096
,,,,,4691.365000009537
,,,,,4691.369999885559
,,,,,4691.375
,,,,,4691.380000114441
,,,,,4691.384999990463
,,,,,4691.390000104904
,,,,,4691.3949999809265
,,,,,4691.400000095368
,,,,,4691.40499997139
,,,,,4691.410000085831
,,,,,4691.414999961853
,,,,,4691.420000076294
,,,,,4691.424999952316
,,,,,4691.430000066757
,,,,,4691.4349999427795
,,,,,4691.440000057221
,,,,,4691.444999933243
,,,,,4691.450000047684
,,,,,4691.454999923706
,,,,,4691.460000038147
,,,,,4691.464999914169
,,,,,4691.47000002861
,,,,,4691.474999904633
,,,,,4691.4800000190735
,,,,,4691.484999895096
,,,,,4691.490000009537
,,,,,4691.494999885559
,,,,,4691.5
,,,,,4691.505000114441
,,,,,4691.509999990463
,,,,,4691.515000104904
,,,,,4691.5199999809265
,,,,,4691.525000095368
,,,,,4691.52999997139
,,,,,4691.535000085831
,,,,,4691.539999961853
,,,,,4691.545000076294
,,,,,4691.549999952316
,,,,,4691.555000066757
,,,,,4691.5599999427795
,,,,,4691.565000057221
,,,,,4691.569999933243
,,,,,4691.575000047684
,,,,,4691.579999923706
,,,,,4691.585000038147
,,,,,4691.589999914169
,,,,,4691.59500002861
,,,,,4691.599999904633
,,,,,4691.6050000190735
,,,,,4691.609999895096
,,,,,4691.615000009537
,,,,,4691.619999885559
,,,,,4691.625
,,,,,4691.630000114441
,,,,,4691.634999990463
,,,,,4691.640000104904
,,,,,4691.6449999809265
,,,,,4691.650000095368
,,,,,4691.65499997139
,,,,,4691.660000085831
,,,,,4691.664999961853
,,,,,4691.670000076294
,,,,,4691.674999952316
,,,,,4691.680000066757
,,,,,4691.6849999427795
,,,,,4691.690000057221
,,,,,4691.694999933243
,,,,,4691.700000047684
,,,,,4691.704999923706
,,,,,4691.710000038147
,,,,,4691.714999914169
,,,,,4691.72000002861
,,,,,4691.724999904633
,,,,,4691.7300000190735
,,,,,4691.734999895096
,,,,,4691.740000009537
,,,,,4691.744999885559
,,,,,4691.75
,,,,,4691.755000114441
,,,,,4691.759999990463
,,,,,4691.765000104904
,,,,,4691.7699999809265
,,,,,4691.775000095368
,,,,,4691.77999997139
,,,,,4691.785000085831
,,,,,4691.789999961853
,,,,,4691.795000076294
,,,,,4691.799999952316
,,,,,4691.805000066757
,,,,,4691.8099999427795
,,,,,4691.815000057221
,,,,,4691.819999933243
,,,,,4691.825000047684
,,,,,4691.829999923706
,,,,,4691.835000038147
,,,,,4691.839999914169
,,,,,4691.84500002861
,,,,,4691.849999904633
,,,,,4691.8550000190735
,,,,,4691.859999895096
,,,,,4691.865000009537
,,,,,4691.869999885559
,,,,,4691.875
,,,,,4691.880000114441
,,,,,4691.884999990463
,,,,,4691.890000104904
,,,,,4691.8949999809265
,,,,,4691.900000095368
,,,,,4691.90499997139
,,,,,4691.910000085831
,,,,,4691.914999961853
,,,,,4691.920000076294
,,,,,4691.924999952316
,,,,,4691.930000066757
,,,,,4691.9349999427795
,,,,,4691.940000057221
,,,,,4691.944999933243
,,,,,4691.950000047684
,,,,,4691.954999923706
,,,,,4691.960000038147
,,,,,4691.964999914169
,,,,,4691.97000002861
,,,,,4691.974999904633
,,,,,4691.9800000190735
,,,,,4691.984999895096
,,,,,4691.990000009537
,,,,,4691.994999885559
,,,,,4692.0
,,,,,4692.005000114441
,,,,,4692.009999990463
,,,,,4692.015000104904
,,,,,4692.0199999809265
,,,,,4692.025000095368
,,,,,4692.02999997139
,,,,,4692.035000085831
,,,,,4692.039999961853
,,,,,4692.045000076294
,,,,,4692.049999952316
,,,,,4692.055000066757
,,,,,4692.0599999427795
,,,,,4692.065000057221
,,,,,4692.069999933243
,,,,,4692.075000047684
,,,,,4692.079999923706
,,,,,4692.085000038147
,,,,,4692.089999914169
,,,,,4692.09500002861
,,,,,4692.099999904633
,,,,,4692.1050000190735
,,,,,4692.109999895096
,,,,,4692.115000009537
,,,,,4692.119999885559
,,,,,4692.125
,,,,,4692.130000114441
,,,,,4692.134999990463
,,,,,4692.140000104904
,,,,,4692.1449999809265
,,,,,4692.150000095368
,,,,,4692.15499997139
,,,,,4692.160000085831
,,,,,4692.164999961853
,,,,,4692.170000076294
,,,,,4692.174999952316
,,,,,4692.180000066757
,,,,,4692.1849999427795
,,,,,4692.190000057221
,,,,,4692.194999933243
,,,,,4692.200000047684
,,,,,4692.204999923706
,,,,,4692.210000038147
,,,,,4692.214999914169
,,,,,4692.22000002861
,,,,,4692.224999904633
,,,,,4692.2300000190735
,,,,,4692.234999895096
,,,,,4692.240000009537
,,,,,4692.244999885559
,,,,,4692.25
,,,,,4692.255000114441
,,,,,4692.259999990463
,,,,,4692.265000104904
,,,,,4692.2699999809265
,,,,,4692.275000095368
,,,,,4692.27999997139
,,,,,4692.285000085831
,,,,,4692.289999961853
,,,,,4692.295000076294
,,,,,4692.299999952316
,,,,,4692.305000066757
,,,,,4692.3099999427795
,,,,,4692.315000057221
,,,,,4692.319999933243
,,,,,4692.325000047684
,,,,,4692.329999923706
,,,,,4692.335000038147
,,,,,4692.339999914169
,,,,,4692.34500002861
,,,,,4692.349999904633
,,,,,4692.3550000190735
,,,,,4692.359999895096
,,,,,4692.365000009537
,,,,,4692.369999885559
,,,,,4692.375
,,,,,4692.380000114441
,,,,,4692.384999990463
,,,,,4692.390000104904
,,,,,4692.3949999809265
,,,,,4692.400000095368
,,,,,4692.40499997139
,,,,,4692.410000085831
,,,,,4692.414999961853
,,,,,4692.420000076294
,,,,,4692.424999952316
,,,,,4692.430000066757
,,,,,4692.4349999427795
,,,,,4692.440000057221
,,,,,4692.444999933243
,,,,,4692.450000047684
,,,,,4692.454999923706
,,,,,4692.460000038147
,,,,,4692.464999914169
,,,,,4692.47000002861
,,,,,4692.474999904633
,,,,,4692.4800000190735
,,,,,4692.484999895096
,,,,,4692.490000009537
,,,,,4692.494999885559
,,,,,4692.5
,,,,,4692.505000114441
,,,,,4692.509999990463
,,,,,4692.515000104904
,,,,,4692.5199999809265
,,,,,4692.525000095368
,,,,,4692.52999997139
,,,,,4692.535000085831
,,,,,4692.539999961853
,,,,,4692.545000076294
,,,,,4692.549999952316
,,,,,4692.555000066757
,,,,,4692.5599999427795
,,,,,4692.565000057221
,,,,,4692.569999933243
,,,,,4692.575000047684
,,,,,4692.579999923706
,,,,,4692.585000038147
,,,,,4692.589999914169
,,,,,4692.59500002861
,,,,,4692.599999904633
,,,,,4692.6050000190735
,,,,,4692.609999895096
,,,,,4692.615000009537
,,,,,4692.619999885559
,,,,,4692.625
,,,,,4692.630000114441
,,,,,4692.634999990463
,,,,,4692.640000104904
,,,,,4692.6449999809265
,,,,,4692.650000095368
,,,,,4692.65499997139
,,,,,4692.660000085831
,,,,,4692.664999961853
,,,,,4692.670000076294
,,,,,4692.674999952316
,,,,,4692.680000066757
,,,,,4692.6849999427795
,,,,,4692.690000057221
,,,,,4692.694999933243
,,,,,4692.700000047684
,,,,,4692.704999923706
,,,,,4692.710000038147
,,,,,4692.714999914169
,,,,,4692.72000002861
,,,,,4692.724999904633
,,,,,4692.7300000190735
,,,,,4692.734999895096
,,,,,4692.740000009537
,,,,,4692.744999885559
,,,,,4692.75
,,,,,4692.755000114441
,,,,,4692.759999990463
,,,,,4692.765000104904
,,,,,4692.7699999809265
,,,,,4692.775000095368
,,,,,4692.77999997139
,,,,,4692.785000085831
,,,,,4692.789999961853
,,,,,4692.795000076294
,,,,,4692.799999952316
,,,,,4692.805000066757
,,,,,4692.8099999427795
,,,,,4692.815000057221
,,,,,4692.819999933243
,,,,,4692.825000047684
,,,,,4692.829999923706
,,,,,4692.835000038147
,,,,,4692.839999914169
,,,,,4692.84500002861
,,,,,4692.849999904633
,,,,,4692.8550000190735
,,,,,4692.859999895096
,,,,,4692.865000009537
,,,,,4692.869999885559
,,,,,4692.875
,,,,,4692.880000114441
,,,,,4692.884999990463
,,,,,4692.890000104904
,,,,,4692.8949999809265
,,,,,4692.900000095368
,,,,,4692.90499997139
,,,,,4692.910000085831
,,,,,4692.914999961853
,,,,,4692.920000076294
,,,,,4692.924999952316
,,,,,4692.930000066757
,,,,,4692.9349999427795
,,,,,4692.940000057221
,,,,,4692.944999933243
,,,,,4692.950000047684
,,,,,4692.954999923706
,,,,,4692.960000038147
,,,,,4692.964999914169
,,,,,4692.97000002861
,,,,,4692.974999904633
,,,,,4692.9800000190735
,,,,,4692.984999895096
,,,,,4692.990000009537
,,,,,4692.994999885559
,,,,,4693.0
,,,,,4693.005000114441
,,,,,4693.009999990463
,,,,,4693.015000104904
,,,,,4693.0199999809265
,,,,,4693.025000095368
,,,,,4693.02999997139
,,,,,4693.035000085831
,,,,,4693.039999961853
,,,,,4693.045000076294
,,,,,4693.049999952316
,,,,,4693.055000066757
,,,,,4693.0599999427795
,,,,,4693.065000057221
,,,,,4693.069999933243
,,,,,4693.075000047684
,,,,,4693.079999923706
,,,,,4693.085000038147
,,,,,4693.089999914169
,,,,,4693.09500002861
,,,,,4693.099999904633
,,,,,4693.1050000190735
,,,,,4693.109999895096
,,,,,4693.115000009537
,,,,,4693.119999885559
,,,,,4693.125
,,,,,4693.130000114441
,,,,,4693.134999990463
,,,,,4693.140000104904
,,,,,4693.1449999809265
,,,,,4693.150000095368
,,,,,4693.15499997139
,,,,,4693.160000085831
,,,,,4693.164999961853
,,,,,4693.170000076294
,,,,,4693.174999952316
,,,,,4693.180000066757
,,,,,4693.1849999427795
,,,,,4693.190000057221
,,,,,4693.194999933243
,,,,,4693.200000047684
,,,,,4693.204999923706
,,,,,4693.210000038147
,,,,,4693.214999914169
,,,,,4693.22000002861
,,,,,4693.224999904633
,,,,,4693.2300000190735
,,,,,4693.234999895096
,,,,,4693.240000009537
,,,,,4693.244999885559
,,,,,4693.25
,,,,,4693.255000114441
,,,,,4693.259999990463
,,,,,4693.265000104904
,,,,,4693.2699999809265
,,,,,4693.275000095368
,,,,,4693.27999997139
,,,,,4693.285000085831
,,,,,4693.289999961853
,,,,,4693.295000076294
,,,,,4693.299999952316
,,,,,4693.305000066757
,,,,,4693.3099999427795
,,,,,4693.315000057221
,,,,,4693.319999933243
,,,,,4693.325000047684
,,,,,4693.329999923706
,,,,,4693.335000038147
,,,,,4693.339999914169
,,,,,4693.34500002861
,,,,,4693.349999904633
,,,,,4693.3550000190735
,,,,,4693.359999895096
,,,,,4693.365000009537
,,,,,4693.369999885559
,,,,,4693.375
,,,,,4693.380000114441
,,,,,4693.384999990463
,,,,,4693.390000104904
,,,,,4693.3949999809265
,,,,,4693.400000095368
,,,,,4693.40499997139
,,,,,4693.410000085831
,,,,,4693.414999961853
,,,,,4693.420000076294
,,,,,4693.424999952316
,,,,,4693.430000066757
,,,,,4693.4349999427795
,,,,,4693.440000057221
,,,,,4693.444999933243
,,,,,4693.450000047684
,,,,,4693.454999923706
,,,,,4693.460000038147
,,,,,4693.464999914169
,,,,,4693.47000002861
,,,,,4693.474999904633
,,,,,4693.4800000190735
,,,,,4693.484999895096
,,,,,4693.490000009537
,,,,,4693.494999885559
,,,,,4693.5
,,,,,4693.505000114441
,,,,,4693.509999990463
,,,,,4693.515000104904
,,,,,4693.5199999809265
,,,,,4693.525000095368
,,,,,4693.52999997139
,,,,,4693.535000085831
,,,,,4693.539999961853
,,,,,4693.545000076294
,,,,,4693.549999952316
,,,,,4693.555000066757
,,,,,4693.5599999427795
,,,,,4693.565000057221
,,,,,4693.569999933243
,,,,,4693.575000047684
,,,,,4693.579999923706
,,,,,4693.585000038147
,,,,,4693.589999914169
,,,,,4693.59500002861
,,,,,4693.599999904633
,,,,,4693.6050000190735
,,,,,4693.609999895096
,,,,,4693.615000009537
,,,,,4693.619999885559
,,,,,4693.625
,,,,,4693.630000114441
,,,,,4693.634999990463
,,,,,4693.640000104904
,,,,,4693.6449999809265
,,,,,4693.650000095368
,,,,,4693.65499997139
,,,,,4693.660000085831
,,,,,4693.664999961853
,,,,,4693.670000076294
,,,,,4693.674999952316
,,,,,4693.680000066757
,,,,,4693.6849999427795
,,,,,4693.690000057221
,,,,,4693.694999933243
,,,,,4693.700000047684
,,,,,4693.704999923706
,,,,,4693.710000038147
,,,,,4693.714999914169
,,,,,4693.72000002861
,,,,,4693.724999904633
,,,,,4693.7300000190735
,,,,,4693.734999895096
,,,,,4693.740000009537
,,,,,4693.744999885559
,,,,,4693.75
,,,,,4693.755000114441
,,,,,4693.759999990463
,,,,,4693.765000104904
,,,,,4693.7699999809265
,,,,,4693.775000095368
,,,,,4693.77999997139
,,,,,4693.785000085831
,,,,,4693.789999961853
,,,,,4693.795000076294
,,,,,4693.799999952316
,,,,,4693.805000066757
,,,,,4693.8099999427795
,,,,,4693.815000057221
,,,,,4693.819999933243
,,,,,4693.825000047684
,,,,,4693.829999923706
,,,,,4693.835000038147
,,,,,4693.839999914169
,,,,,4693.84500002861
,,,,,4693.849999904633
,,,,,4693.8550000190735
,,,,,4693.859999895096
,,,,,4693.865000009537
,,,,,4693.869999885559
,,,,,4693.875
,,,,,4693.880000114441
,,,,,4693.884999990463
,,,,,4693.890000104904
,,,,,4693.8949999809265
,,,,,4693.900000095368
,,,,,4693.90499997139
,,,,,4693.910000085831
,,,,,4693.914999961853
,,,,,4693.920000076294
,,,,,4693.924999952316
,,,,,4693.930000066757
,,,,,4693.9349999427795
,,,,,4693.940000057221
,,,,,4693.944999933243
,,,,,4693.950000047684
,,,,,4693.954999923706
,,,,,4693.960000038147
,,,,,4693.964999914169
,,,,,4693.97000002861
,,,,,4693.974999904633
,,,,,4693.9800000190735
,,,,,4693.984999895096
,,,,,4693.990000009537
,,,,,4693.994999885559
,,,,,4694.0
,,,,,4694.005000114441
,,,,,4694.009999990463
,,,,,4694.015000104904
,,,,,4694.0199999809265
,,,,,4694.025000095368
,,,,,4694.02999997139
,,,,,4694.035000085831
,,,,,4694.039999961853
,,,,,4694.045000076294
,,,,,4694.049999952316
,,,,,4694.055000066757
,,,,,4694.0599999427795
,,,,,4694.065000057221
,,,,,4694.069999933243
,,,,,4694.075000047684
,,,,,4694.079999923706
,,,,,4694.085000038147
,,,,,4694.089999914169
,,,,,4694.09500002861
,,,,,4694.099999904633
,,,,,4694.1050000190735
,,,,,4694.109999895096
,,,,,4694.115000009537
,,,,,4694.119999885559
,,,,,4694.125
,,,,,4694.130000114441
,,,,,4694.134999990463
,,,,,4694.140000104904
,,,,,4694.1449999809265
,,,,,4694.150000095368
,,,,,4694.15499997139
,,,,,4694.160000085831
,,,,,4694.164999961853
,,,,,4694.170000076294
,,,,,4694.174999952316
,,,,,4694.180000066757
,,,,,4694.1849999427795
,,,,,4694.190000057221
,,,,,4694.194999933243
,,,,,4694.200000047684
,,,,,4694.204999923706
,,,,,4694.210000038147
,,,,,4694.214999914169
,,,,,4694.22000002861
,,,,,4694.224999904633
,,,,,4694.2300000190735
,,,,,4694.234999895096
,,,,,4694.240000009537
,,,,,4694.244999885559
,,,,,4694.25
,,,,,4694.255000114441
,,,,,4694.259999990463
,,,,,4694.265000104904
,,,,,4694.2699999809265
,,,,,4694.275000095368
,,,,,4694.27999997139
,,,,,4694.285000085831
,,,,,4694.289999961853
,,,,,4694.295000076294
,,,,,4694.299999952316
,,,,,4694.305000066757
,,,,,4694.3099999427795
,,,,,4694.315000057221
,,,,,4694.319999933243
,,,,,4694.325000047684
,,,,,4694.329999923706
,,,,,4694.335000038147
,,,,,4694.339999914169
,,,,,4694.34500002861
,,,,,4694.349999904633
,,,,,4694.3550000190735
,,,,,4694.359999895096
,,,,,4694.365000009537
,,,,,4694.369999885559
,,,,,4694.375
,,,,,4694.380000114441
,,,,,4694.384999990463
,,,,,4694.390000104904
,,,,,4694.3949999809265
,,,,,4694.400000095368
,,,,,4694.40499997139
,,,,,4694.410000085831
,,,,,4694.414999961853
,,,,,4694.420000076294
,,,,,4694.424999952316
,,,,,4694.430000066757
,,,,,4694.4349999427795
,,,,,4694.440000057221
,,,,,4694.444999933243
,,,,,4694.450000047684
,,,,,4694.454999923706
,,,,,4694.460000038147
,,,,,4694.464999914169
,,,,,4694.47000002861
,,,,,4694.474999904633
,,,,,4694.4800000190735
,,,,,4694.484999895096
,,,,,4694.490000009537
,,,,,4694.494999885559
,,,,,4694.5
,,,,,4694.505000114441
,,,,,4694.509999990463
,,,,,4694.515000104904
,,,,,4694.5199999809265
,,,,,4694.525000095368
,,,,,4694.52999997139
,,,,,4694.535000085831
,,,,,4694.539999961853
,,,,,4694.545000076294
,,,,,4694.549999952316
,,,,,4694.555000066757
,,,,,4694.5599999427795
,,,,,4694.565000057221
,,,,,4694.569999933243
,,,,,4694.575000047684
,,,,,4694.579999923706
,,,,,4694.585000038147
,,,,,4694.589999914169
,,,,,4694.59500002861
,,,,,4694.599999904633
,,,,,4694.6050000190735
,,,,,4694.609999895096
,,,,,4694.615000009537
,,,,,4694.619999885559
,,,,,4694.625
,,,,,4694.630000114441
,,,,,4694.634999990463
,,,,,4694.640000104904
,,,,,4694.6449999809265
,,,,,4694.650000095368
,,,,,4694.65499997139
,,,,,4694.660000085831
,,,,,4694.664999961853
,,,,,4694.670000076294
,,,,,4694.674999952316
,,,,,4694.680000066757
,,,,,4694.6849999427795
,,,,,4694.690000057221
,,,,,4694.694999933243
,,,,,4694.700000047684
,,,,,4694.704999923706
,,,,,4694.710000038147
,,,,,4694.714999914169
,,,,,4694.72000002861
,,,,,4694.724999904633
,,,,,4694.7300000190735
,,,,,4694.734999895096
,,,,,4694.740000009537
,,,,,4694.744999885559
,,,,,4694.75
,,,,,4694.755000114441
,,,,,4694.759999990463
,,,,,4694.765000104904
,,,,,4694.7699999809265
,,,,,4694.775000095368
,,,,,4694.77999997139
,,,,,4694.785000085831
,,,,,4694.789999961853
,,,,,4694.795000076294
,,,,,4694.799999952316
,,,,,4694.805000066757
,,,,,4694.8099999427795
,,,,,4694.815000057221
,,,,,4694.819999933243
,,,,,4694.825000047684
,,,,,4694.829999923706
,,,,,4694.835000038147
,,,,,4694.839999914169
,,,,,4694.84500002861
,,,,,4694.849999904633
,,,,,4694.8550000190735
,,,,,4694.859999895096
,,,,,4694.865000009537
,,,,,4694.869999885559
,,,,,4694.875
,,,,,4694.880000114441
,,,,,4694.884999990463
,,,,,4694.890000104904
,,,,,4694.8949999809265
,,,,,4694.900000095368
,,,,,4694.90499997139
,,,,,4694.910000085831
,,,,,4694.914999961853
,,,,,4694.920000076294
,,,,,4694.924999952316
,,,,,4694.930000066757
,,,,,4694.9349999427795
,,,,,4694.940000057221
,,,,,4694.944999933243
,,,,,4694.950000047684
,,,,,4694.954999923706
,,,,,4694.960000038147
,,,,,4694.964999914169
,,,,,4694.97000002861
,,,,,4694.974999904633
,,,,,4694.9800000190735
,,,,,4694.984999895096
,,,,,4694.990000009537
,,,,,4694.994999885559
,,,,,4695.0
,,,,,4695.005000114441
,,,,,4695.009999990463
,,,,,4695.015000104904
,,,,,4695.0199999809265
,,,,,4695.025000095368
,,,,,4695.02999997139
,,,,,4695.035000085831
,,,,,4695.039999961853
,,,,,4695.045000076294
,,,,,4695.049999952316
,,,,,4695.055000066757
,,,,,4695.0599999427795
,,,,,4695.065000057221
,,,,,4695.069999933243
,,,,,4695.075000047684
,,,,,4695.079999923706
,,,,,4695.085000038147
,,,,,4695.089999914169
,,,,,4695.09500002861
,,,,,4695.099999904633
,,,,,4695.1050000190735
,,,,,4695.109999895096
,,,,,4695.115000009537
,,,,,4695.119999885559
,,,,,4695.125
,,,,,4695.130000114441
,,,,,4695.134999990463
,,,,,4695.140000104904
,,,,,4695.1449999809265
,,,,,4695.150000095368
,,,,,4695.15499997139
,,,,,4695.160000085831
,,,,,4695.164999961853
,,,,,4695.170000076294
,,,,,4695.174999952316
,,,,,4695.180000066757
,,,,,4695.1849999427795
,,,,,4695.190000057221
,,,,,4695.194999933243
,,,,,4695.200000047684
,,,,,4695.204999923706
,,,,,4695.210000038147
,,,,,4695.214999914169
,,,,,4695.22000002861
,,,,,4695.224999904633
,,,,,4695.2300000190735
,,,,,4695.234999895096
,,,,,4695.240000009537
,,,,,4695.244999885559
,,,,,4695.25
,,,,,4695.255000114441
,,,,,4695.259999990463
,,,,,4695.265000104904
,,,,,4695.2699999809265
,,,,,4695.275000095368
,,,,,4695.27999997139
,,,,,4695.285000085831
,,,,,4695.289999961853
,,,,,4695.295000076294
,,,,,4695.299999952316
,,,,,4695.305000066757
,,,,,4695.3099999427795
,,,,,4695.315000057221
,,,,,4695.319999933243
,,,,,4695.325000047684
,,,,,4695.329999923706
,,,,,4695.335000038147
,,,,,4695.339999914169
,,,,,4695.34500002861
,,,,,4695.349999904633
,,,,,4695.3550000190735
,,,,,4695.359999895096
,,,,,4695.365000009537
,,,,,4695.369999885559
,,,,,4695.375
,,,,,4695.380000114441
,,,,,4695.384999990463
,,,,,4695.390000104904
,,,,,4695.3949999809265
,,,,,4695.400000095368
,,,,,4695.40499997139
,,,,,4695.410000085831
,,,,,4695.414999961853
,,,,,4695.420000076294
,,,,,4695.424999952316
,,,,,4695.430000066757
,,,,,4695.4349999427795
,,,,,4695.440000057221
,,,,,4695.444999933243
,,,,,4695.450000047684
,,,,,4695.454999923706
,,,,,4695.460000038147
,,,,,4695.464999914169
,,,,,4695.47000002861
,,,,,4695.474999904633
,,,,,4695.4800000190735
,,,,,4695.484999895096
,,,,,4695.490000009537
,,,,,4695.494999885559
,,,,,4695.5
,,,,,4695.505000114441
,,,,,4695.509999990463
,,,,,4695.515000104904
,,,,,4695.5199999809265
,,,,,4695.525000095368
,,,,,4695.52999997139
,,,,,4695.535000085831
,,,,,4695.539999961853
,,,,,4695.545000076294
,,,,,4695.549999952316
,,,,,4695.555000066757
,,,,,4695.5599999427795
,,,,,4695.565000057221
,,,,,4695.569999933243
,,,,,4695.575000047684
,,,,,4695.579999923706
,,,,,4695.585000038147
,,,,,4695.589999914169
,,,,,4695.59500002861
,,,,,4695.599999904633
,,,,,4695.6050000190735
,,,,,4695.609999895096
,,,,,4695.615000009537
,,,,,4695.619999885559
,,,,,4695.625
,,,,,4695.630000114441
,,,,,4695.634999990463
,,,,,4695.640000104904
,,,,,4695.6449999809265
,,,,,4695.650000095368
,,,,,4695.65499997139
,,,,,4695.660000085831
,,,,,4695.664999961853
,,,,,4695.670000076294
,,,,,4695.674999952316
,,,,,4695.680000066757
,,,,,4695.6849999427795
,,,,,4695.690000057221
,,,,,4695.694999933243
,,,,,4695.700000047684
,,,,,4695.704999923706
,,,,,4695.710000038147
,,,,,4695.714999914169
,,,,,4695.72000002861
,,,,,4695.724999904633
,,,,,4695.7300000190735
,,,,,4695.734999895096
,,,,,4695.740000009537
,,,,,4695.744999885559
,,,,,4695.75
,,,,,4695.755000114441
,,,,,4695.759999990463
,,,,,4695.765000104904
,,,,,4695.7699999809265
,,,,,4695.775000095368
,,,,,4695.77999997139
,,,,,4695.785000085831
,,,,,4695.789999961853
,,,,,4695.795000076294
,,,,,4695.799999952316
,,,,,4695.805000066757
,,,,,4695.8099999427795
,,,,,4695.815000057221
,,,,,4695.819999933243
,,,,,4695.825000047684
,,,,,4695.829999923706
,,,,,4695.835000038147
,,,,,4695.839999914169
,,,,,4695.84500002861
,,,,,4695.849999904633
,,,,,4695.8550000190735
,,,,,4695.859999895096
,,,,,4695.865000009537
,,,,,4695.869999885559
,,,,,4695.875
,,,,,4695.880000114441
,,,,,4695.884999990463
,,,,,4695.890000104904
,,,,,4695.8949999809265
,,,,,4695.900000095368
,,,,,4695.90499997139
,,,,,4695.910000085831
,,,,,4695.914999961853
,,,,,4695.920000076294
,,,,,4695.924999952316
,,,,,4695.930000066757
,,,,,4695.9349999427795
,,,,,4695.940000057221
,,,,,4695.944999933243
,,,,,4695.950000047684
,,,,,4695.954999923706
,,,,,4695.960000038147
,,,,,4695.964999914169
,,,,,4695.97000002861
,,,,,4695.974999904633
,,,,,4695.9800000190735
,,,,,4695.984999895096
,,,,,4695.990000009537
,,,,,4695.994999885559
,,,,,4696.0
,,,,,4696.005000114441
,,,,,4696.009999990463
,,,,,4696.015000104904
,,,,,4696.0199999809265
,,,,,4696.025000095368
,,,,,4696.02999997139
,,,,,4696.035000085831
,,,,,4696.039999961853
,,,,,4696.045000076294
,,,,,4696.049999952316
,,,,,4696.055000066757
,,,,,4696.0599999427795
,,,,,4696.065000057221
,,,,,4696.069999933243
,,,,,4696.075000047684
,,,,,4696.079999923706
,,,,,4696.085000038147
,,,,,4696.089999914169
,,,,,4696.09500002861
,,,,,4696.099999904633
,,,,,4696.1050000190735
,,,,,4696.109999895096
,,,,,4696.115000009537
,,,,,4696.119999885559
,,,,,4696.125
,,,,,4696.130000114441
,,,,,4696.134999990463
,,,,,4696.140000104904
,,,,,4696.1449999809265
,,,,,4696.150000095368
,,,,,4696.15499997139
,,,,,4696.160000085831
,,,,,4696.164999961853
,,,,,4696.170000076294
,,,,,4696.174999952316
,,,,,4696.180000066757
,,,,,4696.1849999427795
,,,,,4696.190000057221
,,,,,4696.194999933243
,,,,,4696.200000047684
,,,,,4696.204999923706
,,,,,4696.210000038147
,,,,,4696.214999914169
,,,,,4696.22000002861
,,,,,4696.224999904633
,,,,,4696.2300000190735
,,,,,4696.234999895096
,,,,,4696.240000009537
,,,,,4696.244999885559
,,,,,4696.25
,,,,,4696.255000114441
,,,,,4696.259999990463
,,,,,4696.265000104904
,,,,,4696.2699999809265
,,,,,4696.275000095368
,,,,,4696.27999997139
,,,,,4696.285000085831
,,,,,4696.289999961853
,,,,,4696.295000076294
,,,,,4696.299999952316
,,,,,4696.305000066757
,,,,,4696.3099999427795
,,,,,4696.315000057221
,,,,,4696.319999933243
,,,,,4696.325000047684
,,,,,4696.329999923706
,,,,,4696.335000038147
,,,,,4696.339999914169
,,,,,4696.34500002861
,,,,,4696.349999904633
,,,,,4696.3550000190735
,,,,,4696.359999895096
,,,,,4696.365000009537
,,,,,4696.369999885559
,,,,,4696.375
,,,,,4696.380000114441
,,,,,4696.384999990463
,,,,,4696.390000104904
,,,,,4696.3949999809265
,,,,,4696.400000095368
,,,,,4696.40499997139
,,,,,4696.410000085831
,,,,,4696.414999961853
,,,,,4696.420000076294
,,,,,4696.424999952316
,,,,,4696.430000066757
,,,,,4696.4349999427795
,,,,,4696.440000057221
,,,,,4696.444999933243
,,,,,4696.450000047684
,,,,,4696.454999923706
,,,,,4696.460000038147
,,,,,4696.464999914169
,,,,,4696.47000002861
,,,,,4696.474999904633
,,,,,4696.4800000190735
,,,,,4696.484999895096
,,,,,4696.490000009537
,,,,,4696.494999885559
,,,,,4696.5
,,,,,4696.505000114441
,,,,,4696.509999990463
,,,,,4696.515000104904
,,,,,4696.5199999809265
,,,,,4696.525000095368
,,,,,4696.52999997139
,,,,,4696.535000085831
,,,,,4696.539999961853
,,,,,4696.545000076294
,,,,,4696.549999952316
,,,,,4696.555000066757
,,,,,4696.5599999427795
,,,,,4696.565000057221
,,,,,4696.569999933243
,,,,,4696.575000047684
,,,,,4696.579999923706
,,,,,4696.585000038147
,,,,,4696.589999914169
,,,,,4696.59500002861
,,,,,4696.599999904633
,,,,,4696.6050000190735
,,,,,4696.609999895096
,,,,,4696.615000009537
,,,,,4696.619999885559
,,,,,4696.625
,,,,,4696.630000114441
,,,,,4696.634999990463
,,,,,4696.640000104904
,,,,,4696.6449999809265
,,,,,4696.650000095368
,,,,,4696.65499997139
,,,,,4696.660000085831
,,,,,4696.664999961853
,,,,,4696.670000076294
,,,,,4696.674999952316
,,,,,4696.680000066757
,,,,,4696.6849999427795
,,,,,4696.690000057221
,,,,,4696.694999933243
,,,,,4696.700000047684
,,,,,4696.704999923706
,,,,,4696.710000038147
,,,,,4696.714999914169
,,,,,4696.72000002861
,,,,,4696.724999904633
,,,,,4696.7300000190735
,,,,,4696.734999895096
,,,,,4696.740000009537
,,,,,4696.744999885559
,,,,,4696.75
,,,,,4696.755000114441
,,,,,4696.759999990463
,,,,,4696.765000104904
,,,,,4696.7699999809265
,,,,,4696.775000095368
,,,,,4696.77999997139
,,,,,4696.785000085831
,,,,,4696.789999961853
,,,,,4696.795000076294
,,,,,4696.799999952316
,,,,,4696.805000066757
,,,,,4696.8099999427795
,,,,,4696.815000057221
,,,,,4696.819999933243
,,,,,4696.825000047684
,,,,,4696.829999923706
,,,,,4696.835000038147
,,,,,4696.839999914169
,,,,,4696.84500002861
,,,,,4696.849999904633
,,,,,4696.8550000190735
,,,,,4696.859999895096
,,,,,4696.865000009537
,,,,,4696.869999885559
,,,,,4696.875
,,,,,4696.880000114441
,,,,,4696.884999990463
,,,,,4696.890000104904
,,,,,4696.8949999809265
,,,,,4696.900000095368
,,,,,4696.90499997139
,,,,,4696.910000085831
,,,,,4696.914999961853
,,,,,4696.920000076294
,,,,,4696.924999952316
,,,,,4696.930000066757
,,,,,4696.9349999427795
,,,,,4696.940000057221
,,,,,4696.944999933243
,,,,,4696.950000047684
,,,,,4696.954999923706
,,,,,4696.960000038147
,,,,,4696.964999914169
,,,,,4696.97000002861
,,,,,4696.974999904633
,,,,,4696.9800000190735
,,,,,4696.984999895096
,,,,,4696.990000009537
,,,,,4696.994999885559
,,,,,4697.0
,,,,,4697.005000114441
,,,,,4697.009999990463
,,,,,4697.015000104904
,,,,,4697.0199999809265
,,,,,4697.025000095368
,,,,,4697.02999997139
,,,,,4697.035000085831
,,,,,4697.039999961853
,,,,,4697.045000076294
,,,,,4697.049999952316
,,,,,4697.055000066757
,,,,,4697.0599999427795
,,,,,4697.065000057221
,,,,,4697.069999933243
,,,,,4697.075000047684
,,,,,4697.079999923706
,,,,,4697.085000038147
,,,,,4697.089999914169
,,,,,4697.09500002861
,,,,,4697.099999904633
,,,,,4697.1050000190735
,,,,,4697.109999895096
,,,,,4697.115000009537
,,,,,4697.119999885559
,,,,,4697.125
,,,,,4697.130000114441
,,,,,4697.134999990463
,,,,,4697.140000104904
,,,,,4697.1449999809265
,,,,,4697.150000095368
,,,,,4697.15499997139
,,,,,4697.160000085831
,,,,,4697.164999961853
,,,,,4697.170000076294
,,,,,4697.174999952316
,,,,,4697.180000066757
,,,,,4697.1849999427795
,,,,,4697.190000057221
,,,,,4697.194999933243
,,,,,4697.200000047684
,,,,,4697.204999923706
,,,,,4697.210000038147
,,,,,4697.214999914169
,,,,,4697.22000002861
,,,,,4697.224999904633
,,,,,4697.2300000190735
,,,,,4697.234999895096
,,,,,4697.240000009537
,,,,,4697.244999885559
,,,,,4697.25
,,,,,4697.255000114441
,,,,,4697.259999990463
,,,,,4697.265000104904
,,,,,4697.2699999809265
,,,,,4697.275000095368
,,,,,4697.27999997139
,,,,,4697.285000085831
,,,,,4697.289999961853
,,,,,4697.295000076294
,,,,,4697.299999952316
,,,,,4697.305000066757
,,,,,4697.3099999427795
,,,,,4697.315000057221
,,,,,4697.319999933243
,,,,,4697.325000047684
,,,,,4697.329999923706
,,,,,4697.335000038147
,,,,,4697.339999914169
,,,,,4697.34500002861
,,,,,4697.349999904633
,,,,,4697.3550000190735
,,,,,4697.359999895096
,,,,,4697.365000009537
,,,,,4697.369999885559
,,,,,4697.375
,,,,,4697.380000114441
,,,,,4697.384999990463
,,,,,4697.390000104904
,,,,,4697.3949999809265
,,,,,4697.400000095368
,,,,,4697.40499997139
,,,,,4697.410000085831
,,,,,4697.414999961853
,,,,,4697.420000076294
,,,,,4697.424999952316
,,,,,4697.430000066757
,,,,,4697.4349999427795
,,,,,4697.440000057221
,,,,,4697.444999933243
,,,,,4697.450000047684
,,,,,4697.454999923706
,,,,,4697.460000038147
,,,,,4697.464999914169
,,,,,4697.47000002861
,,,,,4697.474999904633
,,,,,4697.4800000190735
,,,,,4697.484999895096
,,,,,4697.490000009537
,,,,,4697.494999885559
,,,,,4697.5
,,,,,4697.505000114441
,,,,,4697.509999990463
,,,,,4697.515000104904
,,,,,4697.5199999809265
,,,,,4697.525000095368
,,,,,4697.52999997139
,,,,,4697.535000085831
,,,,,4697.539999961853
,,,,,4697.545000076294
,,,,,4697.549999952316
,,,,,4697.555000066757
,,,,,4697.5599999427795
,,,,,4697.565000057221
,,,,,4697.569999933243
,,,,,4697.575000047684
,,,,,4697.579999923706
,,,,,4697.585000038147
,,,,,4697.589999914169
,,,,,4697.59500002861
,,,,,4697.599999904633
,,,,,4697.6050000190735
,,,,,4697.609999895096
,,,,,4697.615000009537
,,,,,4697.619999885559
,,,,,4697.625
,,,,,4697.630000114441
,,,,,4697.634999990463
,,,,,4697.640000104904
,,,,,4697.6449999809265
,,,,,4697.650000095368
,,,,,4697.65499997139
,,,,,4697.660000085831
,,,,,4697.664999961853
,,,,,4697.670000076294
,,,,,4697.674999952316
,,,,,4697.680000066757
,,,,,4697.6849999427795
,,,,,4697.690000057221
,,,,,4697.694999933243
,,,,,4697.700000047684
,,,,,4697.704999923706
,,,,,4697.710000038147
,,,,,4697.714999914169
,,,,,4697.72000002861
,,,,,4697.724999904633
,,,,,4697.7300000190735
,,,,,4697.734999895096
,,,,,4697.740000009537
,,,,,4697.744999885559
,,,,,4697.75
,,,,,4697.755000114441
,,,,,4697.759999990463
,,,,,4697.765000104904
,,,,,4697.7699999809265
,,,,,4697.775000095368
,,,,,4697.77999997139
,,,,,4697.785000085831
,,,,,4697.789999961853
,,,,,4697.795000076294
,,,,,4697.799999952316
,,,,,4697.805000066757
,,,,,4697.8099999427795
,,,,,4697.815000057221
,,,,,4697.819999933243
,,,,,4697.825000047684
,,,,,4697.829999923706
,,,,,4697.835000038147
,,,,,4697.839999914169
,,,,,4697.84500002861
,,,,,4697.849999904633
,,,,,4697.8550000190735
,,,,,4697.859999895096
,,,,,4697.865000009537
,,,,,4697.869999885559
,,,,,4697.875
,,,,,4697.880000114441
,,,,,4697.884999990463
,,,,,4697.890000104904
,,,,,4697.8949999809265
,,,,,4697.900000095368
,,,,,4697.90499997139
,,,,,4697.910000085831
,,,,,4697.914999961853
,,,,,4697.920000076294
,,,,,4697.924999952316
,,,,,4697.930000066757
,,,,,4697.9349999427795
,,,,,4697.940000057221
,,,,,4697.944999933243
,,,,,4697.950000047684
,,,,,4697.954999923706
,,,,,4697.960000038147
,,,,,4697.964999914169
,,,,,4697.97000002861
,,,,,4697.974999904633
,,,,,4697.9800000190735
,,,,,4697.984999895096
,,,,,4697.990000009537
,,,,,4697.994999885559
,,,,,4698.0
,,,,,4698.005000114441
,,,,,4698.009999990463
,,,,,4698.015000104904
,,,,,4698.0199999809265
,,,,,4698.025000095368
,,,,,4698.02999997139
,,,,,4698.035000085831
,,,,,4698.039999961853
,,,,,4698.045000076294
,,,,,4698.049999952316
,,,,,4698.055000066757
,,,,,4698.0599999427795
,,,,,4698.065000057221
,,,,,4698.069999933243
,,,,,4698.075000047684
,,,,,4698.079999923706
,,,,,4698.085000038147
,,,,,4698.089999914169
,,,,,4698.09500002861
,,,,,4698.099999904633
,,,,,4698.1050000190735
,,,,,4698.109999895096
,,,,,4698.115000009537
,,,,,4698.119999885559
,,,,,4698.125
,,,,,4698.130000114441
,,,,,4698.134999990463
,,,,,4698.140000104904
,,,,,4698.1449999809265
,,,,,4698.150000095368
,,,,,4698.15499997139
,,,,,4698.160000085831
,,,,,4698.164999961853
,,,,,4698.170000076294
,,,,,4698.174999952316
,,,,,4698.180000066757
,,,,,4698.1849999427795
,,,,,4698.190000057221
,,,,,4698.194999933243
,,,,,4698.200000047684
,,,,,4698.204999923706
,,,,,4698.210000038147
,,,,,4698.214999914169
,,,,,4698.22000002861
,,,,,4698.224999904633
,,,,,4698.2300000190735
,,,,,4698.234999895096
,,,,,4698.240000009537
,,,,,4698.244999885559
,,,,,4698.25
,,,,,4698.255000114441
,,,,,4698.259999990463
,,,,,4698.265000104904
,,,,,4698.2699999809265
,,,,,4698.275000095368
,,,,,4698.27999997139
,,,,,4698.285000085831
,,,,,4698.289999961853
,,,,,4698.295000076294
,,,,,4698.299999952316
,,,,,4698.305000066757
,,,,,4698.3099999427795
,,,,,4698.315000057221
,,,,,4698.319999933243
,,,,,4698.325000047684
,,,,,4698.329999923706
,,,,,4698.335000038147
,,,,,4698.339999914169
,,,,,4698.34500002861
,,,,,4698.349999904633
,,,,,4698.3550000190735
,,,,,4698.359999895096
,,,,,4698.365000009537
,,,,,4698.369999885559
,,,,,4698.375
,,,,,4698.380000114441
,,,,,4698.384999990463
,,,,,4698.390000104904
,,,,,4698.3949999809265
,,,,,4698.400000095368
,,,,,4698.40499997139
,,,,,4698.410000085831
,,,,,4698.414999961853
,,,,,4698.420000076294
,,,,,4698.424999952316
,,,,,4698.430000066757
,,,,,4698.4349999427795
,,,,,4698.440000057221
,,,,,4698.444999933243
,,,,,4698.450000047684
,,,,,4698.454999923706
,,,,,4698.460000038147
,,,,,4698.464999914169
,,,,,4698.47000002861
,,,,,4698.474999904633
,,,,,4698.4800000190735
,,,,,4698.484999895096
,,,,,4698.490000009537
,,,,,4698.494999885559
,,,,,4698.5
,,,,,4698.505000114441
,,,,,4698.509999990463
,,,,,4698.515000104904
,,,,,4698.5199999809265
,,,,,4698.525000095368
,,,,,4698.52999997139
,,,,,4698.535000085831
,,,,,4698.539999961853
,,,,,4698.545000076294
,,,,,4698.549999952316
,,,,,4698.555000066757
,,,,,4698.5599999427795
,,,,,4698.565000057221
,,,,,4698.569999933243
,,,,,4698.575000047684
,,,,,4698.579999923706
,,,,,4698.585000038147
,,,,,4698.589999914169
,,,,,4698.59500002861
,,,,,4698.599999904633
,,,,,4698.6050000190735
,,,,,4698.609999895096
,,,,,4698.615000009537
,,,,,4698.619999885559
,,,,,4698.625
,,,,,4698.630000114441
,,,,,4698.634999990463
,,,,,4698.640000104904
,,,,,4698.6449999809265
,,,,,4698.650000095368
,,,,,4698.65499997139
,,,,,4698.660000085831
,,,,,4698.664999961853
,,,,,4698.670000076294
,,,,,4698.674999952316
,,,,,4698.680000066757
,,,,,4698.6849999427795
,,,,,4698.690000057221
,,,,,4698.694999933243
,,,,,4698.700000047684
,,,,,4698.704999923706
,,,,,4698.710000038147
,,,,,4698.714999914169
,,,,,4698.72000002861
,,,,,4698.724999904633
,,,,,4698.7300000190735
,,,,,4698.734999895096
,,,,,4698.740000009537
,,,,,4698.744999885559
,,,,,4698.75
,,,,,4698.755000114441
,,,,,4698.759999990463
,,,,,4698.765000104904
,,,,,4698.7699999809265
,,,,,4698.775000095368
,,,,,4698.77999997139
,,,,,4698.785000085831
,,,,,4698.789999961853
,,,,,4698.795000076294
,,,,,4698.799999952316
,,,,,4698.805000066757
,,,,,4698.8099999427795
,,,,,4698.815000057221
,,,,,4698.819999933243
,,,,,4698.825000047684
,,,,,4698.829999923706
,,,,,4698.835000038147
,,,,,4698.839999914169
,,,,,4698.84500002861
,,,,,4698.849999904633
,,,,,4698.8550000190735
,,,,,4698.859999895096
,,,,,4698.865000009537
,,,,,4698.869999885559
,,,,,4698.875
,,,,,4698.880000114441
,,,,,4698.884999990463
,,,,,4698.890000104904
,,,,,4698.8949999809265
,,,,,4698.900000095368
,,,,,4698.90499997139
,,,,,4698.910000085831
,,,,,4698.914999961853
,,,,,4698.920000076294
,,,,,4698.924999952316
,,,,,4698.930000066757
,,,,,4698.9349999427795
,,,,,4698.940000057221
,,,,,4698.944999933243
,,,,,4698.950000047684
,,,,,4698.954999923706
,,,,,4698.960000038147
,,,,,4698.964999914169
,,,,,4698.97000002861
,,,,,4698.974999904633
,,,,,4698.9800000190735
,,,,,4698.984999895096
,,,,,4698.990000009537
,,,,,4698.994999885559
,,,,,4699.0
,,,,,4699.005000114441
,,,,,4699.009999990463
,,,,,4699.015000104904
,,,,,4699.0199999809265
,,,,,4699.025000095368
,,,,,4699.02999997139
,,,,,4699.035000085831
,,,,,4699.039999961853
,,,,,4699.045000076294
,,,,,4699.049999952316
,,,,,4699.055000066757
,,,,,4699.0599999427795
,,,,,4699.065000057221
,,,,,4699.069999933243
,,,,,4699.075000047684
,,,,,4699.079999923706
,,,,,4699.085000038147
,,,,,4699.089999914169
,,,,,4699.09500002861
,,,,,4699.099999904633
,,,,,4699.1050000190735
,,,,,4699.109999895096
,,,,,4699.115000009537
,,,,,4699.119999885559
,,,,,4699.125
,,,,,4699.130000114441
,,,,,4699.134999990463
,,,,,4699.140000104904
,,,,,4699.1449999809265
,,,,,4699.150000095368
,,,,,4699.15499997139
,,,,,4699.160000085831
,,,,,4699.164999961853
,,,,,4699.170000076294
,,,,,4699.174999952316
,,,,,4699.180000066757
,,,,,4699.1849999427795
,,,,,4699.190000057221
,,,,,4699.194999933243
,,,,,4699.200000047684
,,,,,4699.204999923706
,,,,,4699.210000038147
,,,,,4699.214999914169
,,,,,4699.22000002861
,,,,,4699.224999904633
,,,,,4699.2300000190735
,,,,,4699.234999895096
,,,,,4699.240000009537
,,,,,4699.244999885559
,,,,,4699.25
,,,,,4699.255000114441
,,,,,4699.259999990463
,,,,,4699.265000104904
,,,,,4699.2699999809265
,,,,,4699.275000095368
,,,,,4699.27999997139
,,,,,4699.285000085831
,,,,,4699.289999961853
,,,,,4699.295000076294
,,,,,4699.299999952316
,,,,,4699.305000066757
,,,,,4699.3099999427795
,,,,,4699.315000057221
,,,,,4699.319999933243
,,,,,4699.325000047684
,,,,,4699.329999923706
,,,,,4699.335000038147
,,,,,4699.339999914169
,,,,,4699.34500002861
,,,,,4699.349999904633
,,,,,4699.3550000190735
,,,,,4699.359999895096
,,,,,4699.365000009537
,,,,,4699.369999885559
,,,,,4699.375
,,,,,4699.380000114441
,,,,,4699.384999990463
,,,,,4699.390000104904
,,,,,4699.3949999809265
,,,,,4699.400000095368
,,,,,4699.40499997139
,,,,,4699.410000085831
,,,,,4699.414999961853
,,,,,4699.420000076294
,,,,,4699.424999952316
,,,,,4699.430000066757
,,,,,4699.4349999427795
,,,,,4699.440000057221
,,,,,4699.444999933243
,,,,,4699.450000047684
,,,,,4699.454999923706
,,,,,4699.460000038147
,,,,,4699.464999914169
,,,,,4699.47000002861
,,,,,4699.474999904633
,,,,,4699.4800000190735
,,,,,4699.484999895096
,,,,,4699.490000009537
,,,,,4699.494999885559
,,,,,4699.5
,,,,,4699.505000114441
,,,,,4699.509999990463
,,,,,4699.515000104904
,,,,,4699.5199999809265
,,,,,4699.525000095368
,,,,,4699.52999997139
,,,,,4699.535000085831
,,,,,4699.539999961853
,,,,,4699.545000076294
,,,,,4699.549999952316
,,,,,4699.555000066757
,,,,,4699.5599999427795
,,,,,4699.565000057221
,,,,,4699.569999933243
,,,,,4699.575000047684
,,,,,4699.579999923706
,,,,,4699.585000038147
,,,,,4699.589999914169
,,,,,4699.59500002861
,,,,,4699.599999904633
,,,,,4699.6050000190735
,,,,,4699.609999895096
,,,,,4699.615000009537
,,,,,4699.619999885559
,,,,,4699.625
,,,,,4699.630000114441
,,,,,4699.634999990463
,,,,,4699.640000104904
,,,,,4699.6449999809265
,,,,,4699.650000095368
,,,,,4699.65499997139
,,,,,4699.660000085831
,,,,,4699.664999961853
,,,,,4699.670000076294
,,,,,4699.674999952316
,,,,,4699.680000066757
,,,,,4699.6849999427795
,,,,,4699.690000057221
,,,,,4699.694999933243
,,,,,4699.700000047684
,,,,,4699.704999923706
,,,,,4699.710000038147
,,,,,4699.714999914169
,,,,,4699.72000002861
,,,,,4699.724999904633
,,,,,4699.7300000190735
,,,,,4699.734999895096
,,,,,4699.740000009537
,,,,,4699.744999885559
,,,,,4699.75
,,,,,4699.755000114441
,,,,,4699.759999990463
,,,,,4699.765000104904
,,,,,4699.7699999809265
,,,,,4699.775000095368
,,,,,4699.77999997139
,,,,,4699.785000085831
,,,,,4699.789999961853
,,,,,4699.795000076294
,,,,,4699.799999952316
,,,,,4699.805000066757
,,,,,4699.8099999427795
,,,,,4699.815000057221
,,,,,4699.819999933243
,,,,,4699.825000047684
,,,,,4699.829999923706
,,,,,4699.835000038147
,,,,,4699.839999914169
,,,,,4699.84500002861
,,,,,4699.849999904633
,,,,,4699.8550000190735
,,,,,4699.859999895096
,,,,,4699.865000009537
,,,,,4699.869999885559
,,,,,4699.875
,,,,,4699.880000114441
,,,,,4699.884999990463
,,,,,4699.890000104904
,,,,,4699.8949999809265
,,,,,4699.900000095368
,,,,,4699.90499997139
,,,,,4699.910000085831
,,,,,4699.914999961853
,,,,,4699.920000076294
,,,,,4699.924999952316
,,,,,4699.930000066757
,,,,,4699.9349999427795
,,,,,4699.940000057221
,,,,,4699.944999933243
,,,,,4699.950000047684
,,,,,4699.954999923706
,,,,,4699.960000038147
,,,,,4699.964999914169
,,,,,4699.97000002861
,,,,,4699.974999904633
,,,,,4699.9800000190735
,,,,,4699.984999895096
,,,,,4699.990000009537
,,,,,4699.994999885559
,,,,,4700.0
,,,,,4700.005000114441
,,,,,4700.009999990463
,,,,,4700.015000104904
,,,,,4700.0199999809265
,,,,,4700.025000095368
,,,,,4700.02999997139
,,,,,4700.035000085831
,,,,,4700.039999961853
,,,,,4700.045000076294
,,,,,4700.049999952316
,,,,,4700.055000066757
,,,,,4700.0599999427795
,,,,,4700.065000057221
,,,,,4700.069999933243
,,,,,4700.075000047684
,,,,,4700.079999923706
,,,,,4700.085000038147
,,,,,4700.089999914169
,,,,,4700.09500002861
,,,,,4700.099999904633
,,,,,4700.1050000190735
,,,,,4700.109999895096
,,,,,4700.115000009537
,,,,,4700.119999885559
,,,,,4700.125
,,,,,4700.130000114441
,,,,,4700.134999990463
,,,,,4700.140000104904
,,,,,4700.1449999809265
,,,,,4700.150000095368
,,,,,4700.15499997139
,,,,,4700.160000085831
,,,,,4700.164999961853
,,,,,4700.170000076294
,,,,,4700.174999952316
,,,,,4700.180000066757
,,,,,4700.1849999427795
,,,,,4700.190000057221
,,,,,4700.194999933243
,,,,,4700.200000047684
,,,,,4700.204999923706
,,,,,4700.210000038147
,,,,,4700.214999914169
,,,,,4700.22000002861
,,,,,4700.224999904633
,,,,,4700.2300000190735
,,,,,4700.234999895096
,,,,,4700.240000009537
,,,,,4700.244999885559
,,,,,4700.25
,,,,,4700.255000114441
,,,,,4700.259999990463
,,,,,4700.265000104904
,,,,,4700.2699999809265
,,,,,4700.275000095368
,,,,,4700.27999997139
,,,,,4700.285000085831
,,,,,4700.289999961853
,,,,,4700.295000076294
,,,,,4700.299999952316
,,,,,4700.305000066757
,,,,,4700.3099999427795
,,,,,4700.315000057221
,,,,,4700.319999933243
,,,,,4700.325000047684
,,,,,4700.329999923706
,,,,,4700.335000038147
,,,,,4700.339999914169
,,,,,4700.34500002861
,,,,,4700.349999904633
,,,,,4700.3550000190735
,,,,,4700.359999895096
,,,,,4700.365000009537
,,,,,4700.369999885559
,,,,,4700.375
,,,,,4700.380000114441
,,,,,4700.384999990463
,,,,,4700.390000104904
,,,,,4700.3949999809265
,,,,,4700.400000095368
,,,,,4700.40499997139
,,,,,4700.410000085831
,,,,,4700.414999961853
,,,,,4700.420000076294
,,,,,4700.424999952316
,,,,,4700.430000066757
,,,,,4700.4349999427795
,,,,,4700.440000057221
,,,,,4700.444999933243
,,,,,4700.450000047684
,,,,,4700.454999923706
,,,,,4700.460000038147
,,,,,4700.464999914169
,,,,,4700.47000002861
,,,,,4700.474999904633
,,,,,4700.4800000190735
,,,,,4700.484999895096
,,,,,4700.490000009537
,,,,,4700.494999885559
,,,,,4700.5
,,,,,4700.505000114441
,,,,,4700.509999990463
,,,,,4700.515000104904
,,,,,4700.5199999809265
,,,,,4700.525000095368
,,,,,4700.52999997139
,,,,,4700.535000085831
,,,,,4700.539999961853
,,,,,4700.545000076294
,,,,,4700.549999952316
,,,,,4700.555000066757
,,,,,4700.5599999427795
,,,,,4700.565000057221
,,,,,4700.569999933243
,,,,,4700.575000047684
,,,,,4700.579999923706
,,,,,4700.585000038147
,,,,,4700.589999914169
,,,,,4700.59500002861
,,,,,4700.599999904633
,,,,,4700.6050000190735
,,,,,4700.609999895096
,,,,,4700.615000009537
,,,,,4700.619999885559
,,,,,4700.625
,,,,,4700.630000114441
,,,,,4700.634999990463
,,,,,4700.640000104904
,,,,,4700.6449999809265
,,,,,4700.650000095368
,,,,,4700.65499997139
,,,,,4700.660000085831
,,,,,4700.664999961853
,,,,,4700.670000076294
,,,,,4700.674999952316
,,,,,4700.680000066757
,,,,,4700.6849999427795
,,,,,4700.690000057221
,,,,,4700.694999933243
,,,,,4700.700000047684
,,,,,4700.704999923706
,,,,,4700.710000038147
,,,,,4700.714999914169
,,,,,4700.72000002861
,,,,,4700.724999904633
,,,,,4700.7300000190735
,,,,,4700.734999895096
,,,,,4700.740000009537
,,,,,4700.744999885559
,,,,,4700.75
,,,,,4700.755000114441
,,,,,4700.759999990463
,,,,,4700.765000104904
,,,,,4700.7699999809265
,,,,,4700.775000095368
,,,,,4700.77999997139
,,,,,4700.785000085831
,,,,,4700.789999961853
,,,,,4700.795000076294
,,,,,4700.799999952316
,,,,,4700.805000066757
,,,,,4700.8099999427795
,,,,,4700.815000057221
,,,,,4700.819999933243
,,,,,4700.825000047684
,,,,,4700.829999923706
,,,,,4700.835000038147
,,,,,4700.839999914169
,,,,,4700.84500002861
,,,,,4700.849999904633
,,,,,4700.8550000190735
,,,,,4700.859999895096
,,,,,4700.865000009537
,,,,,4700.869999885559
,,,,,4700.875
,,,,,4700.880000114441
,,,,,4700.884999990463
,,,,,4700.890000104904
,,,,,4700.8949999809265
,,,,,4700.900000095368
,,,,,4700.90499997139
,,,,,4700.910000085831
,,,,,4700.914999961853
,,,,,4700.920000076294
,,,,,4700.924999952316
,,,,,4700.930000066757
,,,,,4700.9349999427795
,,,,,4700.940000057221
,,,,,4700.944999933243
,,,,,4700.950000047684
,,,,,4700.954999923706
,,,,,4700.960000038147
,,,,,4700.964999914169
,,,,,4700.97000002861
,,,,,4700.974999904633
,,,,,4700.9800000190735
,,,,,4700.984999895096
,,,,,4700.990000009537
,,,,,4700.994999885559
,,,,,4701.0
,,,,,4701.005000114441
,,,,,4701.009999990463
,,,,,4701.015000104904
,,,,,4701.0199999809265
,,,,,4701.025000095368
,,,,,4701.02999997139
,,,,,4701.035000085831
,,,,,4701.039999961853
,,,,,4701.045000076294
,,,,,4701.049999952316
,,,,,4701.055000066757
,,,,,4701.0599999427795
,,,,,4701.065000057221
,,,,,4701.069999933243
,,,,,4701.075000047684
,,,,,4701.079999923706
,,,,,4701.085000038147
,,,,,4701.089999914169
,,,,,4701.09500002861
,,,,,4701.099999904633
,,,,,4701.1050000190735
,,,,,4701.109999895096
,,,,,4701.115000009537
,,,,,4701.119999885559
,,,,,4701.125
,,,,,4701.130000114441
,,,,,4701.134999990463
,,,,,4701.140000104904
,,,,,4701.1449999809265
,,,,,4701.150000095368
,,,,,4701.15499997139
,,,,,4701.160000085831
,,,,,4701.164999961853
,,,,,4701.170000076294
,,,,,4701.174999952316
,,,,,4701.180000066757
,,,,,4701.1849999427795
,,,,,4701.190000057221
,,,,,4701.194999933243
,,,,,4701.200000047684
,,,,,4701.204999923706
,,,,,4701.210000038147
,,,,,4701.214999914169
,,,,,4701.22000002861
,,,,,4701.224999904633
,,,,,4701.2300000190735
,,,,,4701.234999895096
,,,,,4701.240000009537
,,,,,4701.244999885559
,,,,,4701.25
,,,,,4701.255000114441
,,,,,4701.259999990463
,,,,,4701.265000104904
,,,,,4701.2699999809265
,,,,,4701.275000095368
,,,,,4701.27999997139
,,,,,4701.285000085831
,,,,,4701.289999961853
,,,,,4701.295000076294
,,,,,4701.299999952316
,,,,,4701.305000066757
,,,,,4701.3099999427795
,,,,,4701.315000057221
,,,,,4701.319999933243
,,,,,4701.325000047684
,,,,,4701.329999923706
,,,,,4701.335000038147
,,,,,4701.339999914169
,,,,,4701.34500002861
,,,,,4701.349999904633
,,,,,4701.3550000190735
,,,,,4701.359999895096
,,,,,4701.365000009537
,,,,,4701.369999885559
,,,,,4701.375
,,,,,4701.380000114441
,,,,,4701.384999990463
,,,,,4701.390000104904
,,,,,4701.3949999809265
,,,,,4701.400000095368
,,,,,4701.40499997139
,,,,,4701.410000085831
,,,,,4701.414999961853
,,,,,4701.420000076294
,,,,,4701.424999952316
,,,,,4701.430000066757
,,,,,4701.4349999427795
,,,,,4701.440000057221
,,,,,4701.444999933243
,,,,,4701.450000047684
,,,,,4701.454999923706
,,,,,4701.460000038147
,,,,,4701.464999914169
,,,,,4701.47000002861
,,,,,4701.474999904633
,,,,,4701.4800000190735
,,,,,4701.484999895096
,,,,,4701.490000009537
,,,,,4701.494999885559
,,,,,4701.5
,,,,,4701.505000114441
,,,,,4701.509999990463
,,,,,4701.515000104904
,,,,,4701.5199999809265
,,,,,4701.525000095368
,,,,,4701.52999997139
,,,,,4701.535000085831
,,,,,4701.539999961853
,,,,,4701.545000076294
,,,,,4701.549999952316
,,,,,4701.555000066757
,,,,,4701.5599999427795
,,,,,4701.565000057221
,,,,,4701.569999933243
,,,,,4701.575000047684
,,,,,4701.579999923706
,,,,,4701.585000038147
,,,,,4701.589999914169
,,,,,4701.59500002861
,,,,,4701.599999904633
,,,,,4701.6050000190735
,,,,,4701.609999895096
,,,,,4701.615000009537
,,,,,4701.619999885559
,,,,,4701.625
,,,,,4701.630000114441
,,,,,4701.634999990463
,,,,,4701.640000104904
,,,,,4701.6449999809265
,,,,,4701.650000095368
,,,,,4701.65499997139
,,,,,4701.660000085831
,,,,,4701.664999961853
,,,,,4701.670000076294
,,,,,4701.674999952316
,,,,,4701.680000066757
,,,,,4701.6849999427795
,,,,,4701.690000057221
,,,,,4701.694999933243
,,,,,4701.700000047684
,,,,,4701.704999923706
,,,,,4701.710000038147
,,,,,4701.714999914169
,,,,,4701.72000002861
,,,,,4701.724999904633
,,,,,4701.7300000190735
,,,,,4701.734999895096
,,,,,4701.740000009537
,,,,,4701.744999885559
,,,,,4701.75
,,,,,4701.755000114441
,,,,,4701.759999990463
,,,,,4701.765000104904
,,,,,4701.7699999809265
,,,,,4701.775000095368
,,,,,4701.77999997139
,,,,,4701.785000085831
,,,,,4701.789999961853
,,,,,4701.795000076294
,,,,,4701.799999952316
,,,,,4701.805000066757
,,,,,4701.8099999427795
,,,,,4701.815000057221
,,,,,4701.819999933243
,,,,,4701.825000047684
,,,,,4701.829999923706
,,,,,4701.835000038147
,,,,,4701.839999914169
,,,,,4701.84500002861
,,,,,4701.849999904633
,,,,,4701.8550000190735
,,,,,4701.859999895096
,,,,,4701.865000009537
,,,,,4701.869999885559
,,,,,4701.875
,,,,,4701.880000114441
,,,,,4701.884999990463
,,,,,4701.890000104904
,,,,,4701.8949999809265
,,,,,4701.900000095368
,,,,,4701.90499997139
,,,,,4701.910000085831
,,,,,4701.914999961853
,,,,,4701.920000076294
,,,,,4701.924999952316
,,,,,4701.930000066757
,,,,,4701.9349999427795
,,,,,4701.940000057221
,,,,,4701.944999933243
,,,,,4701.950000047684
,,,,,4701.954999923706
,,,,,4701.960000038147
,,,,,4701.964999914169
,,,,,4701.97000002861
,,,,,4701.974999904633
,,,,,4701.9800000190735
,,,,,4701.984999895096
,,,,,4701.990000009537
,,,,,4701.994999885559
,,,,,4702.0
,,,,,4702.005000114441
,,,,,4702.009999990463
,,,,,4702.015000104904
,,,,,4702.0199999809265
,,,,,4702.025000095368
,,,,,4702.02999997139
,,,,,4702.035000085831
,,,,,4702.039999961853
,,,,,4702.045000076294
,,,,,4702.049999952316
,,,,,4702.055000066757
,,,,,4702.0599999427795
,,,,,4702.065000057221
,,,,,4702.069999933243
,,,,,4702.075000047684
,,,,,4702.079999923706
,,,,,4702.085000038147
,,,,,4702.089999914169
,,,,,4702.09500002861
,,,,,4702.099999904633
,,,,,4702.1050000190735
,,,,,4702.109999895096
,,,,,4702.115000009537
,,,,,4702.119999885559
,,,,,4702.125
,,,,,4702.130000114441
,,,,,4702.134999990463
,,,,,4702.140000104904
,,,,,4702.1449999809265
,,,,,4702.150000095368
,,,,,4702.15499997139
,,,,,4702.160000085831
,,,,,4702.164999961853
,,,,,4702.170000076294
,,,,,4702.174999952316
,,,,,4702.180000066757
,,,,,4702.1849999427795
,,,,,4702.190000057221
,,,,,4702.194999933243
,,,,,4702.200000047684
,,,,,4702.204999923706
,,,,,4702.210000038147
,,,,,4702.214999914169
,,,,,4702.22000002861
,,,,,4702.224999904633
,,,,,4702.2300000190735
,,,,,4702.234999895096
,,,,,4702.240000009537
,,,,,4702.244999885559
,,,,,4702.25
,,,,,4702.255000114441
,,,,,4702.259999990463
,,,,,4702.265000104904
,,,,,4702.2699999809265
,,,,,4702.275000095368
,,,,,4702.27999997139
,,,,,4702.285000085831
,,,,,4702.289999961853
,,,,,4702.295000076294
,,,,,4702.299999952316
,,,,,4702.305000066757
,,,,,4702.3099999427795
,,,,,4702.315000057221
,,,,,4702.319999933243
,,,,,4702.325000047684
,,,,,4702.329999923706
,,,,,4702.335000038147
,,,,,4702.339999914169
,,,,,4702.34500002861
,,,,,4702.349999904633
,,,,,4702.3550000190735
,,,,,4702.359999895096
,,,,,4702.365000009537
,,,,,4702.369999885559
,,,,,4702.375
,,,,,4702.380000114441
,,,,,4702.384999990463
,,,,,4702.390000104904
,,,,,4702.3949999809265
,,,,,4702.400000095368
,,,,,4702.40499997139
,,,,,4702.410000085831
,,,,,4702.414999961853
,,,,,4702.420000076294
,,,,,4702.424999952316
,,,,,4702.430000066757
,,,,,4702.4349999427795
,,,,,4702.440000057221
,,,,,4702.444999933243
,,,,,4702.450000047684
,,,,,4702.454999923706
,,,,,4702.460000038147
,,,,,4702.464999914169
,,,,,4702.47000002861
,,,,,4702.474999904633
,,,,,4702.4800000190735
,,,,,4702.484999895096
,,,,,4702.490000009537
,,,,,4702.494999885559
,,,,,4702.5
,,,,,4702.505000114441
,,,,,4702.509999990463
,,,,,4702.515000104904
,,,,,4702.5199999809265
,,,,,4702.525000095368
,,,,,4702.52999997139
,,,,,4702.535000085831
,,,,,4702.539999961853
,,,,,4702.545000076294
,,,,,4702.549999952316
,,,,,4702.555000066757
,,,,,4702.5599999427795
,,,,,4702.565000057221
,,,,,4702.569999933243
,,,,,4702.575000047684
,,,,,4702.579999923706
,,,,,4702.585000038147
,,,,,4702.589999914169
,,,,,4702.59500002861
,,,,,4702.599999904633
,,,,,4702.6050000190735
,,,,,4702.609999895096
,,,,,4702.615000009537
,,,,,4702.619999885559
,,,,,4702.625
,,,,,4702.630000114441
,,,,,4702.634999990463
,,,,,4702.640000104904
,,,,,4702.6449999809265
,,,,,4702.650000095368
,,,,,4702.65499997139
,,,,,4702.660000085831
,,,,,4702.664999961853
,,,,,4702.670000076294
,,,,,4702.674999952316
,,,,,4702.680000066757
,,,,,4702.6849999427795
,,,,,4702.690000057221
,,,,,4702.694999933243
,,,,,4702.700000047684
,,,,,4702.704999923706
,,,,,4702.710000038147
,,,,,4702.714999914169
,,,,,4702.72000002861
,,,,,4702.724999904633
,,,,,4702.7300000190735
,,,,,4702.734999895096
,,,,,4702.740000009537
,,,,,4702.744999885559
,,,,,4702.75
,,,,,4702.755000114441
,,,,,4702.759999990463
,,,,,4702.765000104904
,,,,,4702.7699999809265
,,,,,4702.775000095368
,,,,,4702.77999997139
,,,,,4702.785000085831
,,,,,4702.789999961853
,,,,,4702.795000076294
,,,,,4702.799999952316
,,,,,4702.805000066757
,,,,,4702.8099999427795
,,,,,4702.815000057221
,,,,,4702.819999933243
,,,,,4702.825000047684
,,,,,4702.829999923706
,,,,,4702.835000038147
,,,,,4702.839999914169
,,,,,4702.84500002861
,,,,,4702.849999904633
,,,,,4702.8550000190735
,,,,,4702.859999895096
,,,,,4702.865000009537
,,,,,4702.869999885559
,,,,,4702.875
,,,,,4702.880000114441
,,,,,4702.884999990463
,,,,,4702.890000104904
,,,,,4702.8949999809265
,,,,,4702.900000095368
,,,,,4702.90499997139
,,,,,4702.910000085831
,,,,,4702.914999961853
,,,,,4702.920000076294
,,,,,4702.924999952316
,,,,,4702.930000066757
,,,,,4702.9349999427795
,,,,,4702.940000057221
,,,,,4702.944999933243
,,,,,4702.950000047684
,,,,,4702.954999923706
,,,,,4702.960000038147
,,,,,4702.964999914169
,,,,,4702.97000002861
,,,,,4702.974999904633
,,,,,4702.9800000190735
,,,,,4702.984999895096
,,,,,4702.990000009537
,,,,,4702.994999885559
,,,,,4703.0
,,,,,4703.005000114441
,,,,,4703.009999990463
,,,,,4703.015000104904
,,,,,4703.0199999809265
,,,,,4703.025000095368
,,,,,4703.02999997139
,,,,,4703.035000085831
,,,,,4703.039999961853
,,,,,4703.045000076294
,,,,,4703.049999952316
,,,,,4703.055000066757
,,,,,4703.0599999427795
,,,,,4703.065000057221
,,,,,4703.069999933243
,,,,,4703.075000047684
,,,,,4703.079999923706
,,,,,4703.085000038147
,,,,,4703.089999914169
,,,,,4703.09500002861
,,,,,4703.099999904633
,,,,,4703.1050000190735
,,,,,4703.109999895096
,,,,,4703.115000009537
,,,,,4703.119999885559
,,,,,4703.125
,,,,,4703.130000114441
,,,,,4703.134999990463
,,,,,4703.140000104904
,,,,,4703.1449999809265
,,,,,4703.150000095368
,,,,,4703.15499997139
,,,,,4703.160000085831
,,,,,4703.164999961853
,,,,,4703.170000076294
,,,,,4703.174999952316
,,,,,4703.180000066757
,,,,,4703.1849999427795
,,,,,4703.190000057221
,,,,,4703.194999933243
,,,,,4703.200000047684
,,,,,4703.204999923706
,,,,,4703.210000038147
,,,,,4703.214999914169
,,,,,4703.22000002861
,,,,,4703.224999904633
,,,,,4703.2300000190735
,,,,,4703.234999895096
,,,,,4703.240000009537
,,,,,4703.244999885559
,,,,,4703.25
,,,,,4703.255000114441
,,,,,4703.259999990463
,,,,,4703.265000104904
,,,,,4703.2699999809265
,,,,,4703.275000095368
,,,,,4703.27999997139
,,,,,4703.285000085831
,,,,,4703.289999961853
,,,,,4703.295000076294
,,,,,4703.299999952316
,,,,,4703.305000066757
,,,,,4703.3099999427795
,,,,,4703.315000057221
,,,,,4703.319999933243
,,,,,4703.325000047684
,,,,,4703.329999923706
,,,,,4703.335000038147
,,,,,4703.339999914169
,,,,,4703.34500002861
,,,,,4703.349999904633
,,,,,4703.3550000190735
,,,,,4703.359999895096
,,,,,4703.365000009537
,,,,,4703.369999885559
,,,,,4703.375
,,,,,4703.380000114441
,,,,,4703.384999990463
,,,,,4703.390000104904
,,,,,4703.3949999809265
,,,,,4703.400000095368
,,,,,4703.40499997139
,,,,,4703.410000085831
,,,,,4703.414999961853
,,,,,4703.420000076294
,,,,,4703.424999952316
,,,,,4703.430000066757
,,,,,4703.4349999427795
,,,,,4703.440000057221
,,,,,4703.444999933243
,,,,,4703.450000047684
,,,,,4703.454999923706
,,,,,4703.460000038147
,,,,,4703.464999914169
,,,,,4703.47000002861
,,,,,4703.474999904633
,,,,,4703.4800000190735
,,,,,4703.484999895096
,,,,,4703.490000009537
,,,,,4703.494999885559
,,,,,4703.5
,,,,,4703.505000114441
,,,,,4703.509999990463
,,,,,4703.515000104904
,,,,,4703.5199999809265
,,,,,4703.525000095368
,,,,,4703.52999997139
,,,,,4703.535000085831
,,,,,4703.539999961853
,,,,,4703.545000076294
,,,,,4703.549999952316
,,,,,4703.555000066757
,,,,,4703.5599999427795
,,,,,4703.565000057221
,,,,,4703.569999933243
,,,,,4703.575000047684
,,,,,4703.579999923706
,,,,,4703.585000038147
,,,,,4703.589999914169
,,,,,4703.59500002861
,,,,,4703.599999904633
,,,,,4703.6050000190735
,,,,,4703.609999895096
,,,,,4703.615000009537
,,,,,4703.619999885559
,,,,,4703.625
,,,,,4703.630000114441
,,,,,4703.634999990463
,,,,,4703.640000104904
,,,,,4703.6449999809265
,,,,,4703.650000095368
,,,,,4703.65499997139
,,,,,4703.660000085831
,,,,,4703.664999961853
,,,,,4703.670000076294
,,,,,4703.674999952316
,,,,,4703.680000066757
,,,,,4703.6849999427795
,,,,,4703.690000057221
,,,,,4703.694999933243
,,,,,4703.700000047684
,,,,,4703.704999923706
,,,,,4703.710000038147
,,,,,4703.714999914169
,,,,,4703.72000002861
,,,,,4703.724999904633
,,,,,4703.7300000190735
,,,,,4703.734999895096
,,,,,4703.740000009537
,,,,,4703.744999885559
,,,,,4703.75
,,,,,4703.755000114441
,,,,,4703.759999990463
,,,,,4703.765000104904
,,,,,4703.7699999809265
,,,,,4703.775000095368
,,,,,4703.77999997139
,,,,,4703.785000085831
,,,,,4703.789999961853
,,,,,4703.795000076294
,,,,,4703.799999952316
,,,,,4703.805000066757
,,,,,4703.8099999427795
,,,,,4703.815000057221
,,,,,4703.819999933243
,,,,,4703.825000047684
,,,,,4703.829999923706
,,,,,4703.835000038147
,,,,,4703.839999914169
,,,,,4703.84500002861
,,,,,4703.849999904633
,,,,,4703.8550000190735
,,,,,4703.859999895096
,,,,,4703.865000009537
,,,,,4703.869999885559
,,,,,4703.875
,,,,,4703.880000114441
,,,,,4703.884999990463
,,,,,4703.890000104904
,,,,,4703.8949999809265
,,,,,4703.900000095368
,,,,,4703.90499997139
,,,,,4703.910000085831
,,,,,4703.914999961853
,,,,,4703.920000076294
,,,,,4703.924999952316
,,,,,4703.930000066757
,,,,,4703.9349999427795
,,,,,4703.940000057221
,,,,,4703.944999933243
,,,,,4703.950000047684
,,,,,4703.954999923706
,,,,,4703.960000038147
,,,,,4703.964999914169
,,,,,4703.97000002861
,,,,,4703.974999904633
,,,,,4703.9800000190735
,,,,,4703.984999895096
,,,,,4703.990000009537
,,,,,4703.994999885559
,,,,,4704.0
,,,,,4704.005000114441
,,,,,4704.009999990463
,,,,,4704.015000104904
,,,,,4704.0199999809265
,,,,,4704.025000095368
,,,,,4704.02999997139
,,,,,4704.035000085831
,,,,,4704.039999961853
,,,,,4704.045000076294
,,,,,4704.049999952316
,,,,,4704.055000066757
,,,,,4704.0599999427795
,,,,,4704.065000057221
,,,,,4704.069999933243
,,,,,4704.075000047684
,,,,,4704.079999923706
,,,,,4704.085000038147
,,,,,4704.089999914169
,,,,,4704.09500002861
,,,,,4704.099999904633
,,,,,4704.1050000190735
,,,,,4704.109999895096
,,,,,4704.115000009537
,,,,,4704.119999885559
,,,,,4704.125
,,,,,4704.130000114441
,,,,,4704.134999990463
,,,,,4704.140000104904
,,,,,4704.1449999809265
,,,,,4704.150000095368
,,,,,4704.15499997139
,,,,,4704.160000085831
,,,,,4704.164999961853
,,,,,4704.170000076294
,,,,,4704.174999952316
,,,,,4704.180000066757
,,,,,4704.1849999427795
,,,,,4704.190000057221
,,,,,4704.194999933243
,,,,,4704.200000047684
,,,,,4704.204999923706
,,,,,4704.210000038147
,,,,,4704.214999914169
,,,,,4704.22000002861
,,,,,4704.224999904633
,,,,,4704.2300000190735
,,,,,4704.234999895096
,,,,,4704.240000009537
,,,,,4704.244999885559
,,,,,4704.25
,,,,,4704.255000114441
,,,,,4704.259999990463
,,,,,4704.265000104904
,,,,,4704.2699999809265
,,,,,4704.275000095368
,,,,,4704.27999997139
,,,,,4704.285000085831
,,,,,4704.289999961853
,,,,,4704.295000076294
,,,,,4704.299999952316
,,,,,4704.305000066757
,,,,,4704.3099999427795
,,,,,4704.315000057221
,,,,,4704.319999933243
,,,,,4704.325000047684
,,,,,4704.329999923706
,,,,,4704.335000038147
,,,,,4704.339999914169
,,,,,4704.34500002861
,,,,,4704.349999904633
,,,,,4704.3550000190735
,,,,,4704.359999895096
,,,,,4704.365000009537
,,,,,4704.369999885559
,,,,,4704.375
,,,,,4704.380000114441
,,,,,4704.384999990463
,,,,,4704.390000104904
,,,,,4704.3949999809265
,,,,,4704.400000095368
,,,,,4704.40499997139
,,,,,4704.410000085831
,,,,,4704.414999961853
,,,,,4704.420000076294
,,,,,4704.424999952316
,,,,,4704.430000066757
,,,,,4704.4349999427795
,,,,,4704.440000057221
,,,,,4704.444999933243
,,,,,4704.450000047684
,,,,,4704.454999923706
,,,,,4704.460000038147
,,,,,4704.464999914169
,,,,,4704.47000002861
,,,,,4704.474999904633
,,,,,4704.4800000190735
,,,,,4704.484999895096
,,,,,4704.490000009537
,,,,,4704.494999885559
,,,,,4704.5
,,,,,4704.505000114441
,,,,,4704.509999990463
,,,,,4704.515000104904
,,,,,4704.5199999809265
,,,,,4704.525000095368
,,,,,4704.52999997139
,,,,,4704.535000085831
,,,,,4704.539999961853
,,,,,4704.545000076294
,,,,,4704.549999952316
,,,,,4704.555000066757
,,,,,4704.5599999427795
,,,,,4704.565000057221
,,,,,4704.569999933243
,,,,,4704.575000047684
,,,,,4704.579999923706
,,,,,4704.585000038147
,,,,,4704.589999914169
,,,,,4704.59500002861
,,,,,4704.599999904633
,,,,,4704.6050000190735
,,,,,4704.609999895096
,,,,,4704.615000009537
,,,,,4704.619999885559
,,,,,4704.625
,,,,,4704.630000114441
,,,,,4704.634999990463
,,,,,4704.640000104904
,,,,,4704.6449999809265
,,,,,4704.650000095368
,,,,,4704.65499997139
,,,,,4704.660000085831
,,,,,4704.664999961853
,,,,,4704.670000076294
,,,,,4704.674999952316
,,,,,4704.680000066757
,,,,,4704.6849999427795
,,,,,4704.690000057221
,,,,,4704.694999933243
,,,,,4704.700000047684
,,,,,4704.704999923706
,,,,,4704.710000038147
,,,,,4704.714999914169
,,,,,4704.72000002861
,,,,,4704.724999904633
,,,,,4704.7300000190735
,,,,,4704.734999895096
,,,,,4704.740000009537
,,,,,4704.744999885559
,,,,,4704.75
,,,,,4704.755000114441
,,,,,4704.759999990463
,,,,,4704.765000104904
,,,,,4704.7699999809265
,,,,,4704.775000095368
,,,,,4704.77999997139
,,,,,4704.785000085831
,,,,,4704.789999961853
,,,,,4704.795000076294
,,,,,4704.799999952316
,,,,,4704.805000066757
,,,,,4704.8099999427795
,,,,,4704.815000057221
,,,,,4704.819999933243
,,,,,4704.825000047684
,,,,,4704.829999923706
,,,,,4704.835000038147
,,,,,4704.839999914169
,,,,,4704.84500002861
,,,,,4704.849999904633
,,,,,4704.8550000190735
,,,,,4704.859999895096
,,,,,4704.865000009537
,,,,,4704.869999885559
,,,,,4704.875
,,,,,4704.880000114441
,,,,,4704.884999990463
,,,,,4704.890000104904
,,,,,4704.8949999809265
,,,,,4704.900000095368
,,,,,4704.90499997139
,,,,,4704.910000085831
,,,,,4704.914999961853
,,,,,4704.920000076294
,,,,,4704.924999952316
,,,,,4704.930000066757
,,,,,4704.9349999427795
,,,,,4704.940000057221
,,,,,4704.944999933243
,,,,,4704.950000047684
,,,,,4704.954999923706
,,,,,4704.960000038147
,,,,,4704.964999914169
,,,,,4704.97000002861
,,,,,4704.974999904633
,,,,,4704.9800000190735
,,,,,4704.984999895096
,,,,,4704.990000009537
,,,,,4704.994999885559
,,,,,4705.0
,,,,,4705.005000114441
,,,,,4705.009999990463
,,,,,4705.015000104904
,,,,,4705.0199999809265
,,,,,4705.025000095368
,,,,,4705.02999997139
,,,,,4705.035000085831
,,,,,4705.039999961853
,,,,,4705.045000076294
,,,,,4705.049999952316
,,,,,4705.055000066757
,,,,,4705.0599999427795
,,,,,4705.065000057221
,,,,,4705.069999933243
,,,,,4705.075000047684
,,,,,4705.079999923706
,,,,,4705.085000038147
,,,,,4705.089999914169
,,,,,4705.09500002861
,,,,,4705.099999904633
,,,,,4705.1050000190735
,,,,,4705.109999895096
,,,,,4705.115000009537
,,,,,4705.119999885559
,,,,,4705.125
,,,,,4705.130000114441
,,,,,4705.134999990463
,,,,,4705.140000104904
,,,,,4705.1449999809265
,,,,,4705.150000095368
,,,,,4705.15499997139
,,,,,4705.160000085831
,,,,,4705.164999961853
,,,,,4705.170000076294
,,,,,4705.174999952316
,,,,,4705.180000066757
,,,,,4705.1849999427795
,,,,,4705.190000057221
,,,,,4705.194999933243
,,,,,4705.200000047684
,,,,,4705.204999923706
,,,,,4705.210000038147
,,,,,4705.214999914169
,,,,,4705.22000002861
,,,,,4705.224999904633
,,,,,4705.2300000190735
,,,,,4705.234999895096
,,,,,4705.240000009537
,,,,,4705.244999885559
,,,,,4705.25
,,,,,4705.255000114441
,,,,,4705.259999990463
,,,,,4705.265000104904
,,,,,4705.2699999809265
,,,,,4705.275000095368
,,,,,4705.27999997139
,,,,,4705.285000085831
,,,,,4705.289999961853
,,,,,4705.295000076294
,,,,,4705.299999952316
,,,,,4705.305000066757
,,,,,4705.3099999427795
,,,,,4705.315000057221
,,,,,4705.319999933243
,,,,,4705.325000047684
,,,,,4705.329999923706
,,,,,4705.335000038147
,,,,,4705.339999914169
,,,,,4705.34500002861
,,,,,4705.349999904633
,,,,,4705.3550000190735
,,,,,4705.359999895096
,,,,,4705.365000009537
,,,,,4705.369999885559
,,,,,4705.375
,,,,,4705.380000114441
,,,,,4705.384999990463
,,,,,4705.390000104904
,,,,,4705.3949999809265
,,,,,4705.400000095368
,,,,,4705.40499997139
,,,,,4705.410000085831
,,,,,4705.414999961853
,,,,,4705.420000076294
,,,,,4705.424999952316
,,,,,4705.430000066757
,,,,,4705.4349999427795
,,,,,4705.440000057221
,,,,,4705.444999933243
,,,,,4705.450000047684
,,,,,4705.454999923706
,,,,,4705.460000038147
,,,,,4705.464999914169
,,,,,4705.47000002861
,,,,,4705.474999904633
,,,,,4705.4800000190735
,,,,,4705.484999895096
,,,,,4705.490000009537
,,,,,4705.494999885559
,,,,,4705.5
,,,,,4705.505000114441
,,,,,4705.509999990463
,,,,,4705.515000104904
,,,,,4705.5199999809265
,,,,,4705.525000095368
,,,,,4705.52999997139
,,,,,4705.535000085831
,,,,,4705.539999961853
,,,,,4705.545000076294
,,,,,4705.549999952316
,,,,,4705.555000066757
,,,,,4705.5599999427795
,,,,,4705.565000057221
,,,,,4705.569999933243
,,,,,4705.575000047684
,,,,,4705.579999923706
,,,,,4705.585000038147
,,,,,4705.589999914169
,,,,,4705.59500002861
,,,,,4705.599999904633
,,,,,4705.6050000190735
,,,,,4705.609999895096
,,,,,4705.615000009537
,,,,,4705.619999885559
,,,,,4705.625
,,,,,4705.630000114441
,,,,,4705.634999990463
,,,,,4705.640000104904
,,,,,4705.6449999809265
,,,,,4705.650000095368
,,,,,4705.65499997139
,,,,,4705.660000085831
,,,,,4705.664999961853
,,,,,4705.670000076294
,,,,,4705.674999952316
,,,,,4705.680000066757
,,,,,4705.6849999427795
,,,,,4705.690000057221
,,,,,4705.694999933243
,,,,,4705.700000047684
,,,,,4705.704999923706
,,,,,4705.710000038147
,,,,,4705.714999914169
,,,,,4705.72000002861
,,,,,4705.724999904633
,,,,,4705.7300000190735
,,,,,4705.734999895096
,,,,,4705.740000009537
,,,,,4705.744999885559
,,,,,4705.75
,,,,,4705.755000114441
,,,,,4705.759999990463
,,,,,4705.765000104904
,,,,,4705.7699999809265
,,,,,4705.775000095368
,,,,,4705.77999997139
,,,,,4705.785000085831
,,,,,4705.789999961853
,,,,,4705.795000076294
,,,,,4705.799999952316
,,,,,4705.805000066757
,,,,,4705.8099999427795
,,,,,4705.815000057221
,,,,,4705.819999933243
,,,,,4705.825000047684
,,,,,4705.829999923706
,,,,,4705.835000038147
,,,,,4705.839999914169
,,,,,4705.84500002861
,,,,,4705.849999904633
,,,,,4705.8550000190735
,,,,,4705.859999895096
,,,,,4705.865000009537
,,,,,4705.869999885559
,,,,,4705.875
,,,,,4705.880000114441
,,,,,4705.884999990463
,,,,,4705.890000104904
,,,,,4705.8949999809265
,,,,,4705.900000095368
,,,,,4705.90499997139
,,,,,4705.910000085831
,,,,,4705.914999961853
,,,,,4705.920000076294
,,,,,4705.924999952316
,,,,,4705.930000066757
,,,,,4705.9349999427795
,,,,,4705.940000057221
,,,,,4705.944999933243
,,,,,4705.950000047684
,,,,,4705.954999923706
,,,,,4705.960000038147
,,,,,4705.964999914169
,,,,,4705.97000002861
,,,,,4705.974999904633
,,,,,4705.9800000190735
,,,,,4705.984999895096
,,,,,4705.990000009537
,,,,,4705.994999885559
,,,,,4706.0
,,,,,4706.005000114441
,,,,,4706.009999990463
,,,,,4706.015000104904
,,,,,4706.0199999809265
,,,,,4706.025000095368
,,,,,4706.02999997139
,,,,,4706.035000085831
,,,,,4706.039999961853
,,,,,4706.045000076294
,,,,,4706.049999952316
,,,,,4706.055000066757
,,,,,4706.0599999427795
,,,,,4706.065000057221
,,,,,4706.069999933243
,,,,,4706.075000047684
,,,,,4706.079999923706
,,,,,4706.085000038147
,,,,,4706.089999914169
,,,,,4706.09500002861
,,,,,4706.099999904633
,,,,,4706.1050000190735
,,,,,4706.109999895096
,,,,,4706.115000009537
,,,,,4706.119999885559
,,,,,4706.125
,,,,,4706.130000114441
,,,,,4706.134999990463
,,,,,4706.140000104904
,,,,,4706.1449999809265
,,,,,4706.150000095368
,,,,,4706.15499997139
,,,,,4706.160000085831
,,,,,4706.164999961853
,,,,,4706.170000076294
,,,,,4706.174999952316
,,,,,4706.180000066757
,,,,,4706.1849999427795
,,,,,4706.190000057221
,,,,,4706.194999933243
,,,,,4706.200000047684
,,,,,4706.204999923706
,,,,,4706.210000038147
,,,,,4706.214999914169
,,,,,4706.22000002861
,,,,,4706.224999904633
,,,,,4706.2300000190735
,,,,,4706.234999895096
,,,,,4706.240000009537
,,,,,4706.244999885559
,,,,,4706.25
,,,,,4706.255000114441
,,,,,4706.259999990463
,,,,,4706.265000104904
,,,,,4706.2699999809265
,,,,,4706.275000095368
,,,,,4706.27999997139
,,,,,4706.285000085831
,,,,,4706.289999961853
,,,,,4706.295000076294
,,,,,4706.299999952316
,,,,,4706.305000066757
,,,,,4706.3099999427795
,,,,,4706.315000057221
,,,,,4706.319999933243
,,,,,4706.325000047684
,,,,,4706.329999923706
,,,,,4706.335000038147
,,,,,4706.339999914169
,,,,,4706.34500002861
,,,,,4706.349999904633
,,,,,4706.3550000190735
,,,,,4706.359999895096
,,,,,4706.365000009537
,,,,,4706.369999885559
,,,,,4706.375
,,,,,4706.380000114441
,,,,,4706.384999990463
,,,,,4706.390000104904
,,,,,4706.3949999809265
,,,,,4706.400000095368
,,,,,4706.40499997139
,,,,,4706.410000085831
,,,,,4706.414999961853
,,,,,4706.420000076294
,,,,,4706.424999952316
,,,,,4706.430000066757
,,,,,4706.4349999427795
,,,,,4706.440000057221
,,,,,4706.444999933243
,,,,,4706.450000047684
,,,,,4706.454999923706
,,,,,4706.460000038147
,,,,,4706.464999914169
,,,,,4706.47000002861
,,,,,4706.474999904633
,,,,,4706.4800000190735
,,,,,4706.484999895096
,,,,,4706.490000009537
,,,,,4706.494999885559
,,,,,4706.5
,,,,,4706.505000114441
,,,,,4706.509999990463
,,,,,4706.515000104904
,,,,,4706.5199999809265
,,,,,4706.525000095368
,,,,,4706.52999997139
,,,,,4706.535000085831
,,,,,4706.539999961853
,,,,,4706.545000076294
,,,,,4706.549999952316
,,,,,4706.555000066757
,,,,,4706.5599999427795
,,,,,4706.565000057221
,,,,,4706.569999933243
,,,,,4706.575000047684
,,,,,4706.579999923706
,,,,,4706.585000038147
,,,,,4706.589999914169
,,,,,4706.59500002861
,,,,,4706.599999904633
,,,,,4706.6050000190735
,,,,,4706.609999895096
,,,,,4706.615000009537
,,,,,4706.619999885559
,,,,,4706.625
,,,,,4706.630000114441
,,,,,4706.634999990463
,,,,,4706.640000104904
,,,,,4706.6449999809265
,,,,,4706.650000095368
,,,,,4706.65499997139
,,,,,4706.660000085831
,,,,,4706.664999961853
,,,,,4706.670000076294
,,,,,4706.674999952316
,,,,,4706.680000066757
,,,,,4706.6849999427795
,,,,,4706.690000057221
,,,,,4706.694999933243
,,,,,4706.700000047684
,,,,,4706.704999923706
,,,,,4706.710000038147
,,,,,4706.714999914169
,,,,,4706.72000002861
,,,,,4706.724999904633
,,,,,4706.7300000190735
,,,,,4706.734999895096
,,,,,4706.740000009537
,,,,,4706.744999885559
,,,,,4706.75
,,,,,4706.755000114441
,,,,,4706.759999990463
,,,,,4706.765000104904
,,,,,4706.7699999809265
,,,,,4706.775000095368
,,,,,4706.77999997139
,,,,,4706.785000085831
,,,,,4706.789999961853
,,,,,4706.795000076294
,,,,,4706.799999952316
,,,,,4706.805000066757
,,,,,4706.8099999427795
,,,,,4706.815000057221
,,,,,4706.819999933243
,,,,,4706.825000047684
,,,,,4706.829999923706
,,,,,4706.835000038147
,,,,,4706.839999914169
,,,,,4706.84500002861
,,,,,4706.849999904633
,,,,,4706.8550000190735
,,,,,4706.859999895096
,,,,,4706.865000009537
,,,,,4706.869999885559
,,,,,4706.875
,,,,,4706.880000114441
,,,,,4706.884999990463
,,,,,4706.890000104904
,,,,,4706.8949999809265
,,,,,4706.900000095368
,,,,,4706.90499997139
,,,,,4706.910000085831
,,,,,4706.914999961853
,,,,,4706.920000076294
,,,,,4706.924999952316
,,,,,4706.930000066757
,,,,,4706.9349999427795
,,,,,4706.940000057221
,,,,,4706.944999933243
,,,,,4706.950000047684
,,,,,4706.954999923706
,,,,,4706.960000038147
,,,,,4706.964999914169
,,,,,4706.97000002861
,,,,,4706.974999904633
,,,,,4706.9800000190735
,,,,,4706.984999895096
,,,,,4706.990000009537
,,,,,4706.994999885559
,,,,,4707.0
,,,,,4707.005000114441
,,,,,4707.009999990463
,,,,,4707.015000104904
,,,,,4707.0199999809265
,,,,,4707.025000095368
,,,,,4707.02999997139
,,,,,4707.035000085831
,,,,,4707.039999961853
,,,,,4707.045000076294
,,,,,4707.049999952316
,,,,,4707.055000066757
,,,,,4707.0599999427795
,,,,,4707.065000057221
,,,,,4707.069999933243
,,,,,4707.075000047684
,,,,,4707.079999923706
,,,,,4707.085000038147
,,,,,4707.089999914169
,,,,,4707.09500002861
,,,,,4707.099999904633
,,,,,4707.1050000190735
,,,,,4707.109999895096
,,,,,4707.115000009537
,,,,,4707.119999885559
,,,,,4707.125
,,,,,4707.130000114441
,,,,,4707.134999990463
,,,,,4707.140000104904
,,,,,4707.1449999809265
,,,,,4707.150000095368
,,,,,4707.15499997139
,,,,,4707.160000085831
,,,,,4707.164999961853
,,,,,4707.170000076294
,,,,,4707.174999952316
,,,,,4707.180000066757
,,,,,4707.1849999427795
,,,,,4707.190000057221
,,,,,4707.194999933243
,,,,,4707.200000047684
,,,,,4707.204999923706
,,,,,4707.210000038147
,,,,,4707.214999914169
,,,,,4707.22000002861
,,,,,4707.224999904633
,,,,,4707.2300000190735
,,,,,4707.234999895096
,,,,,4707.240000009537
,,,,,4707.244999885559
,,,,,4707.25
,,,,,4707.255000114441
,,,,,4707.259999990463
,,,,,4707.265000104904
,,,,,4707.2699999809265
,,,,,4707.275000095368
,,,,,4707.27999997139
,,,,,4707.285000085831
,,,,,4707.289999961853
,,,,,4707.295000076294
,,,,,4707.299999952316
,,,,,4707.305000066757
,,,,,4707.3099999427795
,,,,,4707.315000057221
,,,,,4707.319999933243
,,,,,4707.325000047684
,,,,,4707.329999923706
,,,,,4707.335000038147
,,,,,4707.339999914169
,,,,,4707.34500002861
,,,,,4707.349999904633
,,,,,4707.3550000190735
,,,,,4707.359999895096
,,,,,4707.365000009537
,,,,,4707.369999885559
,,,,,4707.375
,,,,,4707.380000114441
,,,,,4707.384999990463
,,,,,4707.390000104904
,,,,,4707.3949999809265
,,,,,4707.400000095368
,,,,,4707.40499997139
,,,,,4707.410000085831
,,,,,4707.414999961853
,,,,,4707.420000076294
,,,,,4707.424999952316
,,,,,4707.430000066757
,,,,,4707.4349999427795
,,,,,4707.440000057221
,,,,,4707.444999933243
,,,,,4707.450000047684
,,,,,4707.454999923706
,,,,,4707.460000038147
,,,,,4707.464999914169
,,,,,4707.47000002861
,,,,,4707.474999904633
,,,,,4707.4800000190735
,,,,,4707.484999895096
,,,,,4707.490000009537
,,,,,4707.494999885559
,,,,,4707.5
,,,,,4707.505000114441
,,,,,4707.509999990463
,,,,,4707.515000104904
,,,,,4707.5199999809265
,,,,,4707.525000095368
,,,,,4707.52999997139
,,,,,4707.535000085831
,,,,,4707.539999961853
,,,,,4707.545000076294
,,,,,4707.549999952316
,,,,,4707.555000066757
,,,,,4707.5599999427795
,,,,,4707.565000057221
,,,,,4707.569999933243
,,,,,4707.575000047684
,,,,,4707.579999923706
,,,,,4707.585000038147
,,,,,4707.589999914169
,,,,,4707.59500002861
,,,,,4707.599999904633
,,,,,4707.6050000190735
,,,,,4707.609999895096
,,,,,4707.615000009537
,,,,,4707.619999885559
,,,,,4707.625
,,,,,4707.630000114441
,,,,,4707.634999990463
,,,,,4707.640000104904
,,,,,4707.6449999809265
,,,,,4707.650000095368
,,,,,4707.65499997139
,,,,,4707.660000085831
,,,,,4707.664999961853
,,,,,4707.670000076294
,,,,,4707.674999952316
,,,,,4707.680000066757
,,,,,4707.6849999427795
,,,,,4707.690000057221
,,,,,4707.694999933243
,,,,,4707.700000047684
,,,,,4707.704999923706
,,,,,4707.710000038147
,,,,,4707.714999914169
,,,,,4707.72000002861
,,,,,4707.724999904633
,,,,,4707.7300000190735
,,,,,4707.734999895096
,,,,,4707.740000009537
,,,,,4707.744999885559
,,,,,4707.75
,,,,,4707.755000114441
,,,,,4707.759999990463
,,,,,4707.765000104904
,,,,,4707.7699999809265
,,,,,4707.775000095368
,,,,,4707.77999997139
,,,,,4707.785000085831
,,,,,4707.789999961853
,,,,,4707.795000076294
,,,,,4707.799999952316
,,,,,4707.805000066757
,,,,,4707.8099999427795
,,,,,4707.815000057221
,,,,,4707.819999933243
,,,,,4707.825000047684
,,,,,4707.829999923706
,,,,,4707.835000038147
,,,,,4707.839999914169
,,,,,4707.84500002861
,,,,,4707.849999904633
,,,,,4707.8550000190735
,,,,,4707.859999895096
,,,,,4707.865000009537
,,,,,4707.869999885559
,,,,,4707.875
,,,,,4707.880000114441
,,,,,4707.884999990463
,,,,,4707.890000104904
,,,,,4707.8949999809265
,,,,,4707.900000095368
,,,,,4707.90499997139
,,,,,4707.910000085831
,,,,,4707.914999961853
,,,,,4707.920000076294
,,,,,4707.924999952316
,,,,,4707.930000066757
,,,,,4707.9349999427795
,,,,,4707.940000057221
,,,,,4707.944999933243
,,,,,4707.950000047684
,,,,,4707.954999923706
,,,,,4707.960000038147
,,,,,4707.964999914169
,,,,,4707.97000002861
,,,,,4707.974999904633
,,,,,4707.9800000190735
,,,,,4707.984999895096
,,,,,4707.990000009537
,,,,,4707.994999885559
,,,,,4708.0
,,,,,4708.005000114441
,,,,,4708.009999990463
,,,,,4708.015000104904
,,,,,4708.0199999809265
,,,,,4708.025000095368
,,,,,4708.02999997139
,,,,,4708.035000085831
,,,,,4708.039999961853
,,,,,4708.045000076294
,,,,,4708.049999952316
,,,,,4708.055000066757
,,,,,4708.0599999427795
,,,,,4708.065000057221
,,,,,4708.069999933243
,,,,,4708.075000047684
,,,,,4708.079999923706
,,,,,4708.085000038147
,,,,,4708.089999914169
,,,,,4708.09500002861
,,,,,4708.099999904633
,,,,,4708.1050000190735
,,,,,4708.109999895096
,,,,,4708.115000009537
,,,,,4708.119999885559
,,,,,4708.125
,,,,,4708.130000114441
,,,,,4708.134999990463
,,,,,4708.140000104904
,,,,,4708.1449999809265
,,,,,4708.150000095368
,,,,,4708.15499997139
,,,,,4708.160000085831
,,,,,4708.164999961853
,,,,,4708.170000076294
,,,,,4708.174999952316
,,,,,4708.180000066757
,,,,,4708.1849999427795
,,,,,4708.190000057221
,,,,,4708.194999933243
,,,,,4708.200000047684
,,,,,4708.204999923706
,,,,,4708.210000038147
,,,,,4708.214999914169
,,,,,4708.22000002861
,,,,,4708.224999904633
,,,,,4708.2300000190735
,,,,,4708.234999895096
,,,,,4708.240000009537
,,,,,4708.244999885559
,,,,,4708.25
,,,,,4708.255000114441
,,,,,4708.259999990463
,,,,,4708.265000104904
,,,,,4708.2699999809265
,,,,,4708.275000095368
,,,,,4708.27999997139
,,,,,4708.285000085831
,,,,,4708.289999961853
,,,,,4708.295000076294
,,,,,4708.299999952316
,,,,,4708.305000066757
,,,,,4708.3099999427795
,,,,,4708.315000057221
,,,,,4708.319999933243
,,,,,4708.325000047684
,,,,,4708.329999923706
,,,,,4708.335000038147
,,,,,4708.339999914169
,,,,,4708.34500002861
,,,,,4708.349999904633
,,,,,4708.3550000190735
,,,,,4708.359999895096
,,,,,4708.365000009537
,,,,,4708.369999885559
,,,,,4708.375
,,,,,4708.380000114441
,,,,,4708.384999990463
,,,,,4708.390000104904
,,,,,4708.3949999809265
,,,,,4708.400000095368
,,,,,4708.40499997139
,,,,,4708.410000085831
,,,,,4708.414999961853
,,,,,4708.420000076294
,,,,,4708.424999952316
,,,,,4708.430000066757
,,,,,4708.4349999427795
,,,,,4708.440000057221
,,,,,4708.444999933243
,,,,,4708.450000047684
,,,,,4708.454999923706
,,,,,4708.460000038147
,,,,,4708.464999914169
,,,,,4708.47000002861
,,,,,4708.474999904633
,,,,,4708.4800000190735
,,,,,4708.484999895096
,,,,,4708.490000009537
,,,,,4708.494999885559
,,,,,4708.5
,,,,,4708.505000114441
,,,,,4708.509999990463
,,,,,4708.515000104904
,,,,,4708.5199999809265
,,,,,4708.525000095368
,,,,,4708.52999997139
,,,,,4708.535000085831
,,,,,4708.539999961853
,,,,,4708.545000076294
,,,,,4708.549999952316
,,,,,4708.555000066757
,,,,,4708.5599999427795
,,,,,4708.565000057221
,,,,,4708.569999933243
,,,,,4708.575000047684
,,,,,4708.579999923706
,,,,,4708.585000038147
,,,,,4708.589999914169
,,,,,4708.59500002861
,,,,,4708.599999904633
,,,,,4708.6050000190735
,,,,,4708.609999895096
,,,,,4708.615000009537
,,,,,4708.619999885559
,,,,,4708.625
,,,,,4708.630000114441
,,,,,4708.634999990463
,,,,,4708.640000104904
,,,,,4708.6449999809265
,,,,,4708.650000095368
,,,,,4708.65499997139
,,,,,4708.660000085831
,,,,,4708.664999961853
,,,,,4708.670000076294
,,,,,4708.674999952316
,,,,,4708.680000066757
,,,,,4708.6849999427795
,,,,,4708.690000057221
,,,,,4708.694999933243
,,,,,4708.700000047684
,,,,,4708.704999923706
,,,,,4708.710000038147
,,,,,4708.714999914169
,,,,,4708.72000002861
,,,,,4708.724999904633
,,,,,4708.7300000190735
,,,,,4708.734999895096
,,,,,4708.740000009537
,,,,,4708.744999885559
,,,,,4708.75
,,,,,4708.755000114441
,,,,,4708.759999990463
,,,,,4708.765000104904
,,,,,4708.7699999809265
,,,,,4708.775000095368
,,,,,4708.77999997139
,,,,,4708.785000085831
,,,,,4708.789999961853
,,,,,4708.795000076294
,,,,,4708.799999952316
,,,,,4708.805000066757
,,,,,4708.8099999427795
,,,,,4708.815000057221
,,,,,4708.819999933243
,,,,,4708.825000047684
,,,,,4708.829999923706
,,,,,4708.835000038147
,,,,,4708.839999914169
,,,,,4708.84500002861
,,,,,4708.849999904633
,,,,,4708.8550000190735
,,,,,4708.859999895096
,,,,,4708.865000009537
,,,,,4708.869999885559
,,,,,4708.875
,,,,,4708.880000114441
,,,,,4708.884999990463
,,,,,4708.890000104904
,,,,,4708.8949999809265
,,,,,4708.900000095368
,,,,,4708.90499997139
,,,,,4708.910000085831
,,,,,4708.914999961853
,,,,,4708.920000076294
,,,,,4708.924999952316
,,,,,4708.930000066757
,,,,,4708.9349999427795
,,,,,4708.940000057221
,,,,,4708.944999933243
,,,,,4708.950000047684
,,,,,4708.954999923706
,,,,,4708.960000038147
,,,,,4708.964999914169
,,,,,4708.97000002861
,,,,,4708.974999904633
,,,,,4708.9800000190735
,,,,,4708.984999895096
,,,,,4708.990000009537
,,,,,4708.994999885559
,,,,,4709.0
,,,,,4709.005000114441
,,,,,4709.009999990463
,,,,,4709.015000104904
,,,,,4709.0199999809265
,,,,,4709.025000095368
,,,,,4709.02999997139
,,,,,4709.035000085831
,,,,,4709.039999961853
,,,,,4709.045000076294
,,,,,4709.049999952316
,,,,,4709.055000066757
,,,,,4709.0599999427795
,,,,,4709.065000057221
,,,,,4709.069999933243
,,,,,4709.075000047684
,,,,,4709.079999923706
,,,,,4709.085000038147
,,,,,4709.089999914169
,,,,,4709.09500002861
,,,,,4709.099999904633
,,,,,4709.1050000190735
,,,,,4709.109999895096
,,,,,4709.115000009537
,,,,,4709.119999885559
,,,,,4709.125
,,,,,4709.130000114441
,,,,,4709.134999990463
,,,,,4709.140000104904
,,,,,4709.1449999809265
,,,,,4709.150000095368
,,,,,4709.15499997139
,,,,,4709.160000085831
,,,,,4709.164999961853
,,,,,4709.170000076294
,,,,,4709.174999952316
,,,,,4709.180000066757
,,,,,4709.1849999427795
,,,,,4709.190000057221
,,,,,4709.194999933243
,,,,,4709.200000047684
,,,,,4709.204999923706
,,,,,4709.210000038147
,,,,,4709.214999914169
,,,,,4709.22000002861
,,,,,4709.224999904633
,,,,,4709.2300000190735
,,,,,4709.234999895096
,,,,,4709.240000009537
,,,,,4709.244999885559
,,,,,4709.25
,,,,,4709.255000114441
,,,,,4709.259999990463
,,,,,4709.265000104904
,,,,,4709.2699999809265
,,,,,4709.275000095368
,,,,,4709.27999997139
,,,,,4709.285000085831
,,,,,4709.289999961853
,,,,,4709.295000076294
,,,,,4709.299999952316
,,,,,4709.305000066757
,,,,,4709.3099999427795
,,,,,4709.315000057221
,,,,,4709.319999933243
,,,,,4709.325000047684
,,,,,4709.329999923706
,,,,,4709.335000038147
,,,,,4709.339999914169
,,,,,4709.34500002861
,,,,,4709.349999904633
,,,,,4709.3550000190735
,,,,,4709.359999895096
,,,,,4709.365000009537
,,,,,4709.369999885559
,,,,,4709.375
,,,,,4709.380000114441
,,,,,4709.384999990463
,,,,,4709.390000104904
,,,,,4709.3949999809265
,,,,,4709.400000095368
,,,,,4709.40499997139
,,,,,4709.410000085831
,,,,,4709.414999961853
,,,,,4709.420000076294
,,,,,4709.424999952316
,,,,,4709.430000066757
,,,,,4709.4349999427795
,,,,,4709.440000057221
,,,,,4709.444999933243
,,,,,4709.450000047684
,,,,,4709.454999923706
,,,,,4709.460000038147
,,,,,4709.464999914169
,,,,,4709.47000002861
,,,,,4709.474999904633
,,,,,4709.4800000190735
,,,,,4709.484999895096
,,,,,4709.490000009537
,,,,,4709.494999885559
,,,,,4709.5
,,,,,4709.505000114441
,,,,,4709.509999990463
,,,,,4709.515000104904
,,,,,4709.5199999809265
,,,,,4709.525000095368
,,,,,4709.52999997139
,,,,,4709.535000085831
,,,,,4709.539999961853
,,,,,4709.545000076294
,,,,,4709.549999952316
,,,,,4709.555000066757
,,,,,4709.5599999427795
,,,,,4709.565000057221
,,,,,4709.569999933243
,,,,,4709.575000047684
,,,,,4709.579999923706
,,,,,4709.585000038147
,,,,,4709.589999914169
,,,,,4709.59500002861
,,,,,4709.599999904633
,,,,,4709.6050000190735
,,,,,4709.609999895096
,,,,,4709.615000009537
,,,,,4709.619999885559
,,,,,4709.625
,,,,,4709.630000114441
,,,,,4709.634999990463
,,,,,4709.640000104904
,,,,,4709.6449999809265
,,,,,4709.650000095368
,,,,,4709.65499997139
,,,,,4709.660000085831
,,,,,4709.664999961853
,,,,,4709.670000076294
,,,,,4709.674999952316
,,,,,4709.680000066757
,,,,,4709.6849999427795
,,,,,4709.690000057221
,,,,,4709.694999933243
,,,,,4709.700000047684
,,,,,4709.704999923706
,,,,,4709.710000038147
,,,,,4709.714999914169
,,,,,4709.72000002861
,,,,,4709.724999904633
,,,,,4709.7300000190735
,,,,,4709.734999895096
,,,,,4709.740000009537
,,,,,4709.744999885559
,,,,,4709.75
,,,,,4709.755000114441
,,,,,4709.759999990463
,,,,,4709.765000104904
,,,,,4709.7699999809265
,,,,,4709.775000095368
,,,,,4709.77999997139
,,,,,4709.785000085831
,,,,,4709.789999961853
,,,,,4709.795000076294
,,,,,4709.799999952316
,,,,,4709.805000066757
,,,,,4709.8099999427795
,,,,,4709.815000057221
,,,,,4709.819999933243
,,,,,4709.825000047684
,,,,,4709.829999923706
,,,,,4709.835000038147
,,,,,4709.839999914169
,,,,,4709.84500002861
,,,,,4709.849999904633
,,,,,4709.8550000190735
,,,,,4709.859999895096
,,,,,4709.865000009537
,,,,,4709.869999885559
,,,,,4709.875
,,,,,4709.880000114441
,,,,,4709.884999990463
,,,,,4709.890000104904
,,,,,4709.8949999809265
,,,,,4709.900000095368
,,,,,4709.90499997139
,,,,,4709.910000085831
,,,,,4709.914999961853
,,,,,4709.920000076294
,,,,,4709.924999952316
,,,,,4709.930000066757
,,,,,4709.9349999427795
,,,,,4709.940000057221
,,,,,4709.944999933243
,,,,,4709.950000047684
,,,,,4709.954999923706
,,,,,4709.960000038147
,,,,,4709.964999914169
,,,,,4709.97000002861
,,,,,4709.974999904633
,,,,,4709.9800000190735
,,,,,4709.984999895096
,,,,,4709.990000009537
,,,,,4709.994999885559
,,,,,4710.0
,,,,,4710.005000114441
,,,,,4710.009999990463
,,,,,4710.015000104904
,,,,,4710.0199999809265
,,,,,4710.025000095368
,,,,,4710.02999997139
,,,,,4710.035000085831
,,,,,4710.039999961853
,,,,,4710.045000076294
,,,,,4710.049999952316
,,,,,4710.055000066757
,,,,,4710.0599999427795
,,,,,4710.065000057221
,,,,,4710.069999933243
,,,,,4710.075000047684
,,,,,4710.079999923706
,,,,,4710.085000038147
,,,,,4710.089999914169
,,,,,4710.09500002861
,,,,,4710.099999904633
,,,,,4710.1050000190735
,,,,,4710.109999895096
,,,,,4710.115000009537
,,,,,4710.119999885559
,,,,,4710.125
,,,,,4710.130000114441
,,,,,4710.134999990463
,,,,,4710.140000104904
,,,,,4710.1449999809265
,,,,,4710.150000095368
,,,,,4710.15499997139
,,,,,4710.160000085831
,,,,,4710.164999961853
,,,,,4710.170000076294
,,,,,4710.174999952316
,,,,,4710.180000066757
,,,,,4710.1849999427795
,,,,,4710.190000057221
,,,,,4710.194999933243
,,,,,4710.200000047684
,,,,,4710.204999923706
,,,,,4710.210000038147
,,,,,4710.214999914169
,,,,,4710.22000002861
,,,,,4710.224999904633
,,,,,4710.2300000190735
,,,,,4710.234999895096
,,,,,4710.240000009537
,,,,,4710.244999885559
,,,,,4710.25
,,,,,4710.255000114441
,,,,,4710.259999990463
,,,,,4710.265000104904
,,,,,4710.2699999809265
,,,,,4710.275000095368
,,,,,4710.27999997139
,,,,,4710.285000085831
,,,,,4710.289999961853
,,,,,4710.295000076294
,,,,,4710.299999952316
,,,,,4710.305000066757
,,,,,4710.3099999427795
,,,,,4710.315000057221
,,,,,4710.319999933243
,,,,,4710.325000047684
,,,,,4710.329999923706
,,,,,4710.335000038147
,,,,,4710.339999914169
,,,,,4710.34500002861
,,,,,4710.349999904633
,,,,,4710.3550000190735
,,,,,4710.359999895096
,,,,,4710.365000009537
,,,,,4710.369999885559
,,,,,4710.375
,,,,,4710.380000114441
,,,,,4710.384999990463
,,,,,4710.390000104904
,,,,,4710.3949999809265
,,,,,4710.400000095368
,,,,,4710.40499997139
,,,,,4710.410000085831
,,,,,4710.414999961853
,,,,,4710.420000076294
,,,,,4710.424999952316
,,,,,4710.430000066757
,,,,,4710.4349999427795
,,,,,4710.440000057221
,,,,,4710.444999933243
,,,,,4710.450000047684
,,,,,4710.454999923706
,,,,,4710.460000038147
,,,,,4710.464999914169
,,,,,4710.47000002861
,,,,,4710.474999904633
,,,,,4710.4800000190735
,,,,,4710.484999895096
,,,,,4710.490000009537
,,,,,4710.494999885559
,,,,,4710.5
,,,,,4710.505000114441
,,,,,4710.509999990463
,,,,,4710.515000104904
,,,,,4710.5199999809265
,,,,,4710.525000095368
,,,,,4710.52999997139
,,,,,4710.535000085831
,,,,,4710.539999961853
,,,,,4710.545000076294
,,,,,4710.549999952316
,,,,,4710.555000066757
,,,,,4710.5599999427795
,,,,,4710.565000057221
,,,,,4710.569999933243
,,,,,4710.575000047684
,,,,,4710.579999923706
,,,,,4710.585000038147
,,,,,4710.589999914169
,,,,,4710.59500002861
,,,,,4710.599999904633
,,,,,4710.6050000190735
,,,,,4710.609999895096
,,,,,4710.615000009537
,,,,,4710.619999885559
,,,,,4710.625
,,,,,4710.630000114441
,,,,,4710.634999990463
,,,,,4710.640000104904
,,,,,4710.6449999809265
,,,,,4710.650000095368
,,,,,4710.65499997139
,,,,,4710.660000085831
,,,,,4710.664999961853
,,,,,4710.670000076294
,,,,,4710.674999952316
,,,,,4710.680000066757
,,,,,4710.6849999427795
,,,,,4710.690000057221
,,,,,4710.694999933243
,,,,,4710.700000047684
,,,,,4710.704999923706
,,,,,4710.710000038147
,,,,,4710.714999914169
,,,,,4710.72000002861
,,,,,4710.724999904633
,,,,,4710.7300000190735
,,,,,4710.734999895096
,,,,,4710.740000009537
,,,,,4710.744999885559
,,,,,4710.75
,,,,,4710.755000114441
,,,,,4710.759999990463
,,,,,4710.765000104904
,,,,,4710.7699999809265
,,,,,4710.775000095368
,,,,,4710.77999997139
,,,,,4710.785000085831
,,,,,4710.789999961853
,,,,,4710.795000076294
,,,,,4710.799999952316
,,,,,4710.805000066757
,,,,,4710.8099999427795
,,,,,4710.815000057221
,,,,,4710.819999933243
,,,,,4710.825000047684
,,,,,4710.829999923706
,,,,,4710.835000038147
,,,,,4710.839999914169
,,,,,4710.84500002861
,,,,,4710.849999904633
,,,,,4710.8550000190735
,,,,,4710.859999895096
,,,,,4710.865000009537
,,,,,4710.869999885559
,,,,,4710.875
,,,,,4710.880000114441
,,,,,4710.884999990463
,,,,,4710.890000104904
,,,,,4710.8949999809265
,,,,,4710.900000095368
,,,,,4710.90499997139
,,,,,4710.910000085831
,,,,,4710.914999961853
,,,,,4710.920000076294
,,,,,4710.924999952316
,,,,,4710.930000066757
,,,,,4710.9349999427795
,,,,,4710.940000057221
,,,,,4710.944999933243
,,,,,4710.950000047684
,,,,,4710.954999923706
,,,,,4710.960000038147
,,,,,4710.964999914169
,,,,,4710.97000002861
,,,,,4710.974999904633
,,,,,4710.9800000190735
,,,,,4710.984999895096
,,,,,4710.990000009537
,,,,,4710.994999885559
,,,,,4711.0
,,,,,4711.005000114441
,,,,,4711.009999990463
,,,,,4711.015000104904
,,,,,4711.0199999809265
,,,,,4711.025000095368
,,,,,4711.02999997139
,,,,,4711.035000085831
,,,,,4711.039999961853
,,,,,4711.045000076294
,,,,,4711.049999952316
,,,,,4711.055000066757
,,,,,4711.0599999427795
,,,,,4711.065000057221
,,,,,4711.069999933243
,,,,,4711.075000047684
,,,,,4711.079999923706
,,,,,4711.085000038147
,,,,,4711.089999914169
,,,,,4711.09500002861
,,,,,4711.099999904633
,,,,,4711.1050000190735
,,,,,4711.109999895096
,,,,,4711.115000009537
,,,,,4711.119999885559
,,,,,4711.125
,,,,,4711.130000114441
,,,,,4711.134999990463
,,,,,4711.140000104904
,,,,,4711.1449999809265
,,,,,4711.150000095368
,,,,,4711.15499997139
,,,,,4711.160000085831
,,,,,4711.164999961853
,,,,,4711.170000076294
,,,,,4711.174999952316
,,,,,4711.180000066757
,,,,,4711.1849999427795
,,,,,4711.190000057221
,,,,,4711.194999933243
,,,,,4711.200000047684
,,,,,4711.204999923706
,,,,,4711.210000038147
,,,,,4711.214999914169
,,,,,4711.22000002861
,,,,,4711.224999904633
,,,,,4711.2300000190735
,,,,,4711.234999895096
,,,,,4711.240000009537
,,,,,4711.244999885559
,,,,,4711.25
,,,,,4711.255000114441
,,,,,4711.259999990463
,,,,,4711.265000104904
,,,,,4711.2699999809265
,,,,,4711.275000095368
,,,,,4711.27999997139
,,,,,4711.285000085831
,,,,,4711.289999961853
,,,,,4711.295000076294
,,,,,4711.299999952316
,,,,,4711.305000066757
,,,,,4711.3099999427795
,,,,,4711.315000057221
,,,,,4711.319999933243
,,,,,4711.325000047684
,,,,,4711.329999923706
,,,,,4711.335000038147
,,,,,4711.339999914169
,,,,,4711.34500002861
,,,,,4711.349999904633
,,,,,4711.3550000190735
,,,,,4711.359999895096
,,,,,4711.365000009537
,,,,,4711.369999885559
,,,,,4711.375
,,,,,4711.380000114441
,,,,,4711.384999990463
,,,,,4711.390000104904
,,,,,4711.3949999809265
,,,,,4711.400000095368
,,,,,4711.40499997139
,,,,,4711.410000085831
,,,,,4711.414999961853
,,,,,4711.420000076294
,,,,,4711.424999952316
,,,,,4711.430000066757
,,,,,4711.4349999427795
,,,,,4711.440000057221
,,,,,4711.444999933243
,,,,,4711.450000047684
,,,,,4711.454999923706
,,,,,4711.460000038147
,,,,,4711.464999914169
,,,,,4711.47000002861
,,,,,4711.474999904633
,,,,,4711.4800000190735
,,,,,4711.484999895096
,,,,,4711.490000009537
,,,,,4711.494999885559
,,,,,4711.5
,,,,,4711.505000114441
,,,,,4711.509999990463
,,,,,4711.515000104904
,,,,,4711.5199999809265
,,,,,4711.525000095368
,,,,,4711.52999997139
,,,,,4711.535000085831
,,,,,4711.539999961853
,,,,,4711.545000076294
,,,,,4711.549999952316
,,,,,4711.555000066757
,,,,,4711.5599999427795
,,,,,4711.565000057221
,,,,,4711.569999933243
,,,,,4711.575000047684
,,,,,4711.579999923706
,,,,,4711.585000038147
,,,,,4711.589999914169
,,,,,4711.59500002861
,,,,,4711.599999904633
,,,,,4711.6050000190735
,,,,,4711.609999895096
,,,,,4711.615000009537
,,,,,4711.619999885559
,,,,,4711.625
,,,,,4711.630000114441
,,,,,4711.634999990463
,,,,,4711.640000104904
,,,,,4711.6449999809265
,,,,,4711.650000095368
,,,,,4711.65499997139
,,,,,4711.660000085831
,,,,,4711.664999961853
,,,,,4711.670000076294
,,,,,4711.674999952316
,,,,,4711.680000066757
,,,,,4711.6849999427795
,,,,,4711.690000057221
,,,,,4711.694999933243
,,,,,4711.700000047684
,,,,,4711.704999923706
,,,,,4711.710000038147
,,,,,4711.714999914169
,,,,,4711.72000002861
,,,,,4711.724999904633
,,,,,4711.7300000190735
,,,,,4711.734999895096
,,,,,4711.740000009537
,,,,,4711.744999885559
,,,,,4711.75
,,,,,4711.755000114441
,,,,,4711.759999990463
,,,,,4711.765000104904
,,,,,4711.7699999809265
,,,,,4711.775000095368
,,,,,4711.77999997139
,,,,,4711.785000085831
,,,,,4711.789999961853
,,,,,4711.795000076294
,,,,,4711.799999952316
,,,,,4711.805000066757
,,,,,4711.8099999427795
,,,,,4711.815000057221
,,,,,4711.819999933243
,,,,,4711.825000047684
,,,,,4711.829999923706
,,,,,4711.835000038147
,,,,,4711.839999914169
,,,,,4711.84500002861
,,,,,4711.849999904633
,,,,,4711.8550000190735
,,,,,4711.859999895096
,,,,,4711.865000009537
,,,,,4711.869999885559
,,,,,4711.875
,,,,,4711.880000114441
,,,,,4711.884999990463
,,,,,4711.890000104904
,,,,,4711.8949999809265
,,,,,4711.900000095368
,,,,,4711.90499997139
,,,,,4711.910000085831
,,,,,4711.914999961853
,,,,,4711.920000076294
,,,,,4711.924999952316
,,,,,4711.930000066757
,,,,,4711.9349999427795
,,,,,4711.940000057221
,,,,,4711.944999933243
,,,,,4711.950000047684
,,,,,4711.954999923706
,,,,,4711.960000038147
,,,,,4711.964999914169
,,,,,4711.97000002861
,,,,,4711.974999904633
,,,,,4711.9800000190735
,,,,,4711.984999895096
,,,,,4711.990000009537
,,,,,4711.994999885559
,,,,,4712.0
,,,,,4712.005000114441
,,,,,4712.009999990463
,,,,,4712.015000104904
,,,,,4712.0199999809265
,,,,,4712.025000095368
,,,,,4712.02999997139
,,,,,4712.035000085831
,,,,,4712.039999961853
,,,,,4712.045000076294
,,,,,4712.049999952316
,,,,,4712.055000066757
,,,,,4712.0599999427795
,,,,,4712.065000057221
,,,,,4712.069999933243
,,,,,4712.075000047684
,,,,,4712.079999923706
,,,,,4712.085000038147
,,,,,4712.089999914169
,,,,,4712.09500002861
,,,,,4712.099999904633
,,,,,4712.1050000190735
,,,,,4712.109999895096
,,,,,4712.115000009537
,,,,,4712.119999885559
,,,,,4712.125
,,,,,4712.130000114441
,,,,,4712.134999990463
,,,,,4712.140000104904
,,,,,4712.1449999809265
,,,,,4712.150000095368
,,,,,4712.15499997139
,,,,,4712.160000085831
,,,,,4712.164999961853
,,,,,4712.170000076294
,,,,,4712.174999952316
,,,,,4712.180000066757
,,,,,4712.1849999427795
,,,,,4712.190000057221
,,,,,4712.194999933243
,,,,,4712.200000047684
,,,,,4712.204999923706
,,,,,4712.210000038147
,,,,,4712.214999914169
,,,,,4712.22000002861
,,,,,4712.224999904633
,,,,,4712.2300000190735
,,,,,4712.234999895096
,,,,,4712.240000009537
,,,,,4712.244999885559
,,,,,4712.25
,,,,,4712.255000114441
,,,,,4712.259999990463
,,,,,4712.265000104904
,,,,,4712.2699999809265
,,,,,4712.275000095368
,,,,,4712.27999997139
,,,,,4712.285000085831
,,,,,4712.289999961853
,,,,,4712.295000076294
,,,,,4712.299999952316
,,,,,4712.305000066757
,,,,,4712.3099999427795
,,,,,4712.315000057221
,,,,,4712.319999933243
,,,,,4712.325000047684
,,,,,4712.329999923706
,,,,,4712.335000038147
,,,,,4712.339999914169
,,,,,4712.34500002861
,,,,,4712.349999904633
,,,,,4712.3550000190735
,,,,,4712.359999895096
,,,,,4712.365000009537
,,,,,4712.369999885559
,,,,,4712.375
,,,,,4712.380000114441
,,,,,4712.384999990463
,,,,,4712.390000104904
,,,,,4712.3949999809265
,,,,,4712.400000095368
,,,,,4712.40499997139
,,,,,4712.410000085831
,,,,,4712.414999961853
,,,,,4712.420000076294
,,,,,4712.424999952316
,,,,,4712.430000066757
,,,,,4712.4349999427795
,,,,,4712.440000057221
,,,,,4712.444999933243
,,,,,4712.450000047684
,,,,,4712.454999923706
,,,,,4712.460000038147
,,,,,4712.464999914169
,,,,,4712.47000002861
,,,,,4712.474999904633
,,,,,4712.4800000190735
,,,,,4712.484999895096
,,,,,4712.490000009537
,,,,,4712.494999885559
,,,,,4712.5
,,,,,4712.505000114441
,,,,,4712.509999990463
,,,,,4712.515000104904
,,,,,4712.5199999809265
,,,,,4712.525000095368
,,,,,4712.52999997139
,,,,,4712.535000085831
,,,,,4712.539999961853
,,,,,4712.545000076294
,,,,,4712.549999952316
,,,,,4712.555000066757
,,,,,4712.5599999427795
,,,,,4712.565000057221
,,,,,4712.569999933243
,,,,,4712.575000047684
,,,,,4712.579999923706
,,,,,4712.585000038147
,,,,,4712.589999914169
,,,,,4712.59500002861
,,,,,4712.599999904633
,,,,,4712.6050000190735
,,,,,4712.609999895096
,,,,,4712.615000009537
,,,,,4712.619999885559
,,,,,4712.625
,,,,,4712.630000114441
,,,,,4712.634999990463
,,,,,4712.640000104904
,,,,,4712.6449999809265
,,,,,4712.650000095368
,,,,,4712.65499997139
,,,,,4712.660000085831
,,,,,4712.664999961853
,,,,,4712.670000076294
,,,,,4712.674999952316
,,,,,4712.680000066757
,,,,,4712.6849999427795
,,,,,4712.690000057221
,,,,,4712.694999933243
,,,,,4712.700000047684
,,,,,4712.704999923706
,,,,,4712.710000038147
,,,,,4712.714999914169
,,,,,4712.72000002861
,,,,,4712.724999904633
,,,,,4712.7300000190735
,,,,,4712.734999895096
,,,,,4712.740000009537
,,,,,4712.744999885559
,,,,,4712.75
,,,,,4712.755000114441
,,,,,4712.759999990463
,,,,,4712.765000104904
,,,,,4712.7699999809265
,,,,,4712.775000095368
,,,,,4712.77999997139
,,,,,4712.785000085831
,,,,,4712.789999961853
,,,,,4712.795000076294
,,,,,4712.799999952316
,,,,,4712.805000066757
,,,,,4712.8099999427795
,,,,,4712.815000057221
,,,,,4712.819999933243
,,,,,4712.825000047684
,,,,,4712.829999923706
,,,,,4712.835000038147
,,,,,4712.839999914169
,,,,,4712.84500002861
,,,,,4712.849999904633
,,,,,4712.8550000190735
,,,,,4712.859999895096
,,,,,4712.865000009537
,,,,,4712.869999885559
,,,,,4712.875
,,,,,4712.880000114441
,,,,,4712.884999990463
,,,,,4712.890000104904
,,,,,4712.8949999809265
,,,,,4712.900000095368
,,,,,4712.90499997139
,,,,,4712.910000085831
,,,,,4712.914999961853
,,,,,4712.920000076294
,,,,,4712.924999952316
,,,,,4712.930000066757
,,,,,4712.9349999427795
,,,,,4712.940000057221
,,,,,4712.944999933243
,,,,,4712.950000047684
,,,,,4712.954999923706
,,,,,4712.960000038147
,,,,,4712.964999914169
,,,,,4712.97000002861
,,,,,4712.974999904633
,,,,,4712.9800000190735
,,,,,4712.984999895096
,,,,,4712.990000009537
,,,,,4712.994999885559
,,,,,4713.0
,,,,,4713.005000114441
,,,,,4713.009999990463
,,,,,4713.015000104904
,,,,,4713.0199999809265
,,,,,4713.025000095368
,,,,,4713.02999997139
,,,,,4713.035000085831
,,,,,4713.039999961853
,,,,,4713.045000076294
,,,,,4713.049999952316
,,,,,4713.055000066757
,,,,,4713.0599999427795
,,,,,4713.065000057221
,,,,,4713.069999933243
,,,,,4713.075000047684
,,,,,4713.079999923706
,,,,,4713.085000038147
,,,,,4713.089999914169
,,,,,4713.09500002861
,,,,,4713.099999904633
,,,,,4713.1050000190735
,,,,,4713.109999895096
,,,,,4713.115000009537
,,,,,4713.119999885559
,,,,,4713.125
,,,,,4713.130000114441
,,,,,4713.134999990463
,,,,,4713.140000104904
,,,,,4713.1449999809265
,,,,,4713.150000095368
,,,,,4713.15499997139
,,,,,4713.160000085831
,,,,,4713.164999961853
,,,,,4713.170000076294
,,,,,4713.174999952316
,,,,,4713.180000066757
,,,,,4713.1849999427795
,,,,,4713.190000057221
,,,,,4713.194999933243
,,,,,4713.200000047684
,,,,,4713.204999923706
,,,,,4713.210000038147
,,,,,4713.214999914169
,,,,,4713.22000002861
,,,,,4713.224999904633
,,,,,4713.2300000190735
,,,,,4713.234999895096
,,,,,4713.240000009537
,,,,,4713.244999885559
,,,,,4713.25
,,,,,4713.255000114441
,,,,,4713.259999990463
,,,,,4713.265000104904
,,,,,4713.2699999809265
,,,,,4713.275000095368
,,,,,4713.27999997139
,,,,,4713.285000085831
,,,,,4713.289999961853
,,,,,4713.295000076294
,,,,,4713.299999952316
,,,,,4713.305000066757
,,,,,4713.3099999427795
,,,,,4713.315000057221
,,,,,4713.319999933243
,,,,,4713.325000047684
,,,,,4713.329999923706
,,,,,4713.335000038147
,,,,,4713.339999914169
,,,,,4713.34500002861
,,,,,4713.349999904633
,,,,,4713.3550000190735
,,,,,4713.359999895096
,,,,,4713.365000009537
,,,,,4713.369999885559
,,,,,4713.375
,,,,,4713.380000114441
,,,,,4713.384999990463
,,,,,4713.390000104904
,,,,,4713.3949999809265
,,,,,4713.400000095368
,,,,,4713.40499997139
,,,,,4713.410000085831
,,,,,4713.414999961853
,,,,,4713.420000076294
,,,,,4713.424999952316
,,,,,4713.430000066757
,,,,,4713.4349999427795
,,,,,4713.440000057221
,,,,,4713.444999933243
,,,,,4713.450000047684
,,,,,4713.454999923706
,,,,,4713.460000038147
,,,,,4713.464999914169
,,,,,4713.47000002861
,,,,,4713.474999904633
,,,,,4713.4800000190735
,,,,,4713.484999895096
,,,,,4713.490000009537
,,,,,4713.494999885559
,,,,,4713.5
,,,,,4713.505000114441
,,,,,4713.509999990463
,,,,,4713.515000104904
,,,,,4713.5199999809265
,,,,,4713.525000095368
,,,,,4713.52999997139
,,,,,4713.535000085831
,,,,,4713.539999961853
,,,,,4713.545000076294
,,,,,4713.549999952316
,,,,,4713.555000066757
,,,,,4713.5599999427795
,,,,,4713.565000057221
,,,,,4713.569999933243
,,,,,4713.575000047684
,,,,,4713.579999923706
,,,,,4713.585000038147
,,,,,4713.589999914169
,,,,,4713.59500002861
,,,,,4713.599999904633
,,,,,4713.6050000190735
,,,,,4713.609999895096
,,,,,4713.615000009537
,,,,,4713.619999885559
,,,,,4713.625
,,,,,4713.630000114441
,,,,,4713.634999990463
,,,,,4713.640000104904
,,,,,4713.6449999809265
,,,,,4713.650000095368
,,,,,4713.65499997139
,,,,,4713.660000085831
,,,,,4713.664999961853
,,,,,4713.670000076294
,,,,,4713.674999952316
,,,,,4713.680000066757
,,,,,4713.6849999427795
,,,,,4713.690000057221
,,,,,4713.694999933243
,,,,,4713.700000047684
,,,,,4713.704999923706
,,,,,4713.710000038147
,,,,,4713.714999914169
,,,,,4713.72000002861
,,,,,4713.724999904633
,,,,,4713.7300000190735
,,,,,4713.734999895096
,,,,,4713.740000009537
,,,,,4713.744999885559
,,,,,4713.75
,,,,,4713.755000114441
,,,,,4713.759999990463
,,,,,4713.765000104904
,,,,,4713.7699999809265
,,,,,4713.775000095368
,,,,,4713.77999997139
,,,,,4713.785000085831
,,,,,4713.789999961853
,,,,,4713.795000076294
,,,,,4713.799999952316
,,,,,4713.805000066757
,,,,,4713.8099999427795
,,,,,4713.815000057221
,,,,,4713.819999933243
,,,,,4713.825000047684
,,,,,4713.829999923706
,,,,,4713.835000038147
,,,,,4713.839999914169
,,,,,4713.84500002861
,,,,,4713.849999904633
,,,,,4713.8550000190735
,,,,,4713.859999895096
,,,,,4713.865000009537
,,,,,4713.869999885559
,,,,,4713.875
,,,,,4713.880000114441
,,,,,4713.884999990463
,,,,,4713.890000104904
,,,,,4713.8949999809265
,,,,,4713.900000095368
,,,,,4713.90499997139
,,,,,4713.910000085831
,,,,,4713.914999961853
,,,,,4713.920000076294
,,,,,4713.924999952316
,,,,,4713.930000066757
,,,,,4713.9349999427795
,,,,,4713.940000057221
,,,,,4713.944999933243
,,,,,4713.950000047684
,,,,,4713.954999923706
,,,,,4713.960000038147
,,,,,4713.964999914169
,,,,,4713.97000002861
,,,,,4713.974999904633
,,,,,4713.9800000190735
,,,,,4713.984999895096
,,,,,4713.990000009537
,,,,,4713.994999885559
,,,,,4714.0
,,,,,4714.005000114441
,,,,,4714.009999990463
,,,,,4714.015000104904
,,,,,4714.0199999809265
,,,,,4714.025000095368
,,,,,4714.02999997139
,,,,,4714.035000085831
,,,,,4714.039999961853
,,,,,4714.045000076294
,,,,,4714.049999952316
,,,,,4714.055000066757
,,,,,4714.0599999427795
,,,,,4714.065000057221
,,,,,4714.069999933243
,,,,,4714.075000047684
,,,,,4714.079999923706
,,,,,4714.085000038147
,,,,,4714.089999914169
,,,,,4714.09500002861
,,,,,4714.099999904633
,,,,,4714.1050000190735
,,,,,4714.109999895096
,,,,,4714.115000009537
,,,,,4714.119999885559
,,,,,4714.125
,,,,,4714.130000114441
,,,,,4714.134999990463
,,,,,4714.140000104904
,,,,,4714.1449999809265
,,,,,4714.150000095368
,,,,,4714.15499997139
,,,,,4714.160000085831
,,,,,4714.164999961853
,,,,,4714.170000076294
,,,,,4714.174999952316
,,,,,4714.180000066757
,,,,,4714.1849999427795
,,,,,4714.190000057221
,,,,,4714.194999933243
,,,,,4714.200000047684
,,,,,4714.204999923706
,,,,,4714.210000038147
,,,,,4714.214999914169
,,,,,4714.22000002861
,,,,,4714.224999904633
,,,,,4714.2300000190735
,,,,,4714.234999895096
,,,,,4714.240000009537
,,,,,4714.244999885559
,,,,,4714.25
,,,,,4714.255000114441
,,,,,4714.259999990463
,,,,,4714.265000104904
,,,,,4714.2699999809265
,,,,,4714.275000095368
,,,,,4714.27999997139
,,,,,4714.285000085831
,,,,,4714.289999961853
,,,,,4714.295000076294
,,,,,4714.299999952316
,,,,,4714.305000066757
,,,,,4714.3099999427795
,,,,,4714.315000057221
,,,,,4714.319999933243
,,,,,4714.325000047684
,,,,,4714.329999923706
,,,,,4714.335000038147
,,,,,4714.339999914169
,,,,,4714.34500002861
,,,,,4714.349999904633
,,,,,4714.3550000190735
,,,,,4714.359999895096
,,,,,4714.365000009537
,,,,,4714.369999885559
,,,,,4714.375
,,,,,4714.380000114441
,,,,,4714.384999990463
,,,,,4714.390000104904
,,,,,4714.3949999809265
,,,,,4714.400000095368
,,,,,4714.40499997139
,,,,,4714.410000085831
,,,,,4714.414999961853
,,,,,4714.420000076294
,,,,,4714.424999952316
,,,,,4714.430000066757
,,,,,4714.4349999427795
,,,,,4714.440000057221
,,,,,4714.444999933243
,,,,,4714.450000047684
,,,,,4714.454999923706
,,,,,4714.460000038147
,,,,,4714.464999914169
,,,,,4714.47000002861
,,,,,4714.474999904633
,,,,,4714.4800000190735
,,,,,4714.484999895096
,,,,,4714.490000009537
,,,,,4714.494999885559
,,,,,4714.5
,,,,,4714.505000114441
,,,,,4714.509999990463
,,,,,4714.515000104904
,,,,,4714.5199999809265
,,,,,4714.525000095368
,,,,,4714.52999997139
,,,,,4714.535000085831
,,,,,4714.539999961853
,,,,,4714.545000076294
,,,,,4714.549999952316
,,,,,4714.555000066757
,,,,,4714.5599999427795
,,,,,4714.565000057221
,,,,,4714.569999933243
,,,,,4714.575000047684
,,,,,4714.579999923706
,,,,,4714.585000038147
,,,,,4714.589999914169
,,,,,4714.59500002861
,,,,,4714.599999904633
,,,,,4714.6050000190735
,,,,,4714.609999895096
,,,,,4714.615000009537
,,,,,4714.619999885559
,,,,,4714.625
,,,,,4714.630000114441
,,,,,4714.634999990463
,,,,,4714.640000104904
,,,,,4714.6449999809265
,,,,,4714.650000095368
,,,,,4714.65499997139
,,,,,4714.660000085831
,,,,,4714.664999961853
,,,,,4714.670000076294
,,,,,4714.674999952316
,,,,,4714.680000066757
,,,,,4714.6849999427795
,,,,,4714.690000057221
,,,,,4714.694999933243
,,,,,4714.700000047684
,,,,,4714.704999923706
,,,,,4714.710000038147
,,,,,4714.714999914169
,,,,,4714.72000002861
,,,,,4714.724999904633
,,,,,4714.7300000190735
,,,,,4714.734999895096
,,,,,4714.740000009537
,,,,,4714.744999885559
,,,,,4714.75
,,,,,4714.755000114441
,,,,,4714.759999990463
,,,,,4714.765000104904
,,,,,4714.7699999809265
,,,,,4714.775000095368
,,,,,4714.77999997139
,,,,,4714.785000085831
,,,,,4714.789999961853
,,,,,4714.795000076294
,,,,,4714.799999952316
,,,,,4714.805000066757
,,,,,4714.8099999427795
,,,,,4714.815000057221
,,,,,4714.819999933243
,,,,,4714.825000047684
,,,,,4714.829999923706
,,,,,4714.835000038147
,,,,,4714.839999914169
,,,,,4714.84500002861
,,,,,4714.849999904633
,,,,,4714.8550000190735
,,,,,4714.859999895096
,,,,,4714.865000009537
,,,,,4714.869999885559
,,,,,4714.875
,,,,,4714.880000114441
,,,,,4714.884999990463
,,,,,4714.890000104904
,,,,,4714.8949999809265
,,,,,4714.900000095368
,,,,,4714.90499997139
,,,,,4714.910000085831
,,,,,4714.914999961853
,,,,,4714.920000076294
,,,,,4714.924999952316
,,,,,4714.930000066757
,,,,,4714.9349999427795
,,,,,4714.940000057221
,,,,,4714.944999933243
,,,,,4714.950000047684
,,,,,4714.954999923706
,,,,,4714.960000038147
,,,,,4714.964999914169
,,,,,4714.97000002861
,,,,,4714.974999904633
,,,,,4714.9800000190735
,,,,,4714.984999895096
,,,,,4714.990000009537
,,,,,4714.994999885559
,,,,,4715.0
,,,,,4715.005000114441
,,,,,4715.009999990463
,,,,,4715.015000104904
,,,,,4715.0199999809265
,,,,,4715.025000095368
,,,,,4715.02999997139
,,,,,4715.035000085831
,,,,,4715.039999961853
,,,,,4715.045000076294
,,,,,4715.049999952316
,,,,,4715.055000066757
,,,,,4715.0599999427795
,,,,,4715.065000057221
,,,,,4715.069999933243
,,,,,4715.075000047684
,,,,,4715.079999923706
,,,,,4715.085000038147
,,,,,4715.089999914169
,,,,,4715.09500002861
,,,,,4715.099999904633
,,,,,4715.1050000190735
,,,,,4715.109999895096
,,,,,4715.115000009537
,,,,,4715.119999885559
,,,,,4715.125
,,,,,4715.130000114441
,,,,,4715.134999990463
,,,,,4715.140000104904
,,,,,4715.1449999809265
,,,,,4715.150000095368
,,,,,4715.15499997139
,,,,,4715.160000085831
,,,,,4715.164999961853
,,,,,4715.170000076294
,,,,,4715.174999952316
,,,,,4715.180000066757
,,,,,4715.1849999427795
,,,,,4715.190000057221
,,,,,4715.194999933243
,,,,,4715.200000047684
,,,,,4715.204999923706
,,,,,4715.210000038147
,,,,,4715.214999914169
,,,,,4715.22000002861
,,,,,4715.224999904633
,,,,,4715.2300000190735
,,,,,4715.234999895096
,,,,,4715.240000009537
,,,,,4715.244999885559
,,,,,4715.25
,,,,,4715.255000114441
,,,,,4715.259999990463
,,,,,4715.265000104904
,,,,,4715.2699999809265
,,,,,4715.275000095368
,,,,,4715.27999997139
,,,,,4715.285000085831
,,,,,4715.289999961853
,,,,,4715.295000076294
,,,,,4715.299999952316
,,,,,4715.305000066757
,,,,,4715.3099999427795
,,,,,4715.315000057221
,,,,,4715.319999933243
,,,,,4715.325000047684
,,,,,4715.329999923706
,,,,,4715.335000038147
,,,,,4715.339999914169
,,,,,4715.34500002861
,,,,,4715.349999904633
,,,,,4715.3550000190735
,,,,,4715.359999895096
,,,,,4715.365000009537
,,,,,4715.369999885559
,,,,,4715.375
,,,,,4715.380000114441
,,,,,4715.384999990463
,,,,,4715.390000104904
,,,,,4715.3949999809265
,,,,,4715.400000095368
,,,,,4715.40499997139
,,,,,4715.410000085831
,,,,,4715.414999961853
,,,,,4715.420000076294
,,,,,4715.424999952316
,,,,,4715.430000066757
,,,,,4715.4349999427795
,,,,,4715.440000057221
,,,,,4715.444999933243
,,,,,4715.450000047684
,,,,,4715.454999923706
,,,,,4715.460000038147
,,,,,4715.464999914169
,,,,,4715.47000002861
,,,,,4715.474999904633
,,,,,4715.4800000190735
,,,,,4715.484999895096
,,,,,4715.490000009537
,,,,,4715.494999885559
,,,,,4715.5
,,,,,4715.505000114441
,,,,,4715.509999990463
,,,,,4715.515000104904
,,,,,4715.5199999809265
,,,,,4715.525000095368
,,,,,4715.52999997139
,,,,,4715.535000085831
,,,,,4715.539999961853
,,,,,4715.545000076294
,,,,,4715.549999952316
,,,,,4715.555000066757
,,,,,4715.5599999427795
,,,,,4715.565000057221
,,,,,4715.569999933243
,,,,,4715.575000047684
,,,,,4715.579999923706
,,,,,4715.585000038147
,,,,,4715.589999914169
,,,,,4715.59500002861
,,,,,4715.599999904633
,,,,,4715.6050000190735
,,,,,4715.609999895096
,,,,,4715.615000009537
,,,,,4715.619999885559
,,,,,4715.625
,,,,,4715.630000114441
,,,,,4715.634999990463
,,,,,4715.640000104904
,,,,,4715.6449999809265
,,,,,4715.650000095368
,,,,,4715.65499997139
,,,,,4715.660000085831
,,,,,4715.664999961853
,,,,,4715.670000076294
,,,,,4715.674999952316
,,,,,4715.680000066757
,,,,,4715.6849999427795
,,,,,4715.690000057221
,,,,,4715.694999933243
,,,,,4715.700000047684
,,,,,4715.704999923706
,,,,,4715.710000038147
,,,,,4715.714999914169
,,,,,4715.72000002861
,,,,,4715.724999904633
,,,,,4715.7300000190735
,,,,,4715.734999895096
,,,,,4715.740000009537
,,,,,4715.744999885559
,,,,,4715.75
,,,,,4715.755000114441
,,,,,4715.759999990463
,,,,,4715.765000104904
,,,,,4715.7699999809265
,,,,,4715.775000095368
,,,,,4715.77999997139
,,,,,4715.785000085831
,,,,,4715.789999961853
,,,,,4715.795000076294
,,,,,4715.799999952316
,,,,,4715.805000066757
,,,,,4715.8099999427795
,,,,,4715.815000057221
,,,,,4715.819999933243
,,,,,4715.825000047684
,,,,,4715.829999923706
,,,,,4715.835000038147
,,,,,4715.839999914169
,,,,,4715.84500002861
,,,,,4715.849999904633
,,,,,4715.8550000190735
,,,,,4715.859999895096
,,,,,4715.865000009537
,,,,,4715.869999885559
,,,,,4715.875
,,,,,4715.880000114441
,,,,,4715.884999990463
,,,,,4715.890000104904
,,,,,4715.8949999809265
,,,,,4715.900000095368
,,,,,4715.90499997139
,,,,,4715.910000085831
,,,,,4715.914999961853
,,,,,4715.920000076294
,,,,,4715.924999952316
,,,,,4715.930000066757
,,,,,4715.9349999427795
,,,,,4715.940000057221
,,,,,4715.944999933243
,,,,,4715.950000047684
,,,,,4715.954999923706
,,,,,4715.960000038147
,,,,,4715.964999914169
,,,,,4715.97000002861
,,,,,4715.974999904633
,,,,,4715.9800000190735
,,,,,4715.984999895096
,,,,,4715.990000009537
,,,,,4715.994999885559
,,,,,4716.0
,,,,,4716.005000114441
,,,,,4716.009999990463
,,,,,4716.015000104904
,,,,,4716.0199999809265
,,,,,4716.025000095368
,,,,,4716.02999997139
,,,,,4716.035000085831
,,,,,4716.039999961853
,,,,,4716.045000076294
,,,,,4716.049999952316
,,,,,4716.055000066757
,,,,,4716.0599999427795
,,,,,4716.065000057221
,,,,,4716.069999933243
,,,,,4716.075000047684
,,,,,4716.079999923706
,,,,,4716.085000038147
,,,,,4716.089999914169
,,,,,4716.09500002861
,,,,,4716.099999904633
,,,,,4716.1050000190735
,,,,,4716.109999895096
,,,,,4716.115000009537
,,,,,4716.119999885559
,,,,,4716.125
,,,,,4716.130000114441
,,,,,4716.134999990463
,,,,,4716.140000104904
,,,,,4716.1449999809265
,,,,,4716.150000095368
,,,,,4716.15499997139
,,,,,4716.160000085831
,,,,,4716.164999961853
,,,,,4716.170000076294
,,,,,4716.174999952316
,,,,,4716.180000066757
,,,,,4716.1849999427795
,,,,,4716.190000057221
,,,,,4716.194999933243
,,,,,4716.200000047684
,,,,,4716.204999923706
,,,,,4716.210000038147
,,,,,4716.214999914169
,,,,,4716.22000002861
,,,,,4716.224999904633
,,,,,4716.2300000190735
,,,,,4716.234999895096
,,,,,4716.240000009537
,,,,,4716.244999885559
,,,,,4716.25
,,,,,4716.255000114441
,,,,,4716.259999990463
,,,,,4716.265000104904
,,,,,4716.2699999809265
,,,,,4716.275000095368
,,,,,4716.27999997139
,,,,,4716.285000085831
,,,,,4716.289999961853
,,,,,4716.295000076294
,,,,,4716.299999952316
,,,,,4716.305000066757
,,,,,4716.3099999427795
,,,,,4716.315000057221
,,,,,4716.319999933243
,,,,,4716.325000047684
,,,,,4716.329999923706
,,,,,4716.335000038147
,,,,,4716.339999914169
,,,,,4716.34500002861
,,,,,4716.349999904633
,,,,,4716.3550000190735
,,,,,4716.359999895096
,,,,,4716.365000009537
,,,,,4716.369999885559
,,,,,4716.375
,,,,,4716.380000114441
,,,,,4716.384999990463
,,,,,4716.390000104904
,,,,,4716.3949999809265
,,,,,4716.400000095368
,,,,,4716.40499997139
,,,,,4716.410000085831
,,,,,4716.414999961853
,,,,,4716.420000076294
,,,,,4716.424999952316
,,,,,4716.430000066757
,,,,,4716.4349999427795
,,,,,4716.440000057221
,,,,,4716.444999933243
,,,,,4716.450000047684
,,,,,4716.454999923706
,,,,,4716.460000038147
,,,,,4716.464999914169
,,,,,4716.47000002861
,,,,,4716.474999904633
,,,,,4716.4800000190735
,,,,,4716.484999895096
,,,,,4716.490000009537
,,,,,4716.494999885559
,,,,,4716.5
,,,,,4716.505000114441
,,,,,4716.509999990463
,,,,,4716.515000104904
,,,,,4716.5199999809265
,,,,,4716.525000095368
,,,,,4716.52999997139
,,,,,4716.535000085831
,,,,,4716.539999961853
,,,,,4716.545000076294
,,,,,4716.549999952316
,,,,,4716.555000066757
,,,,,4716.5599999427795
,,,,,4716.565000057221
,,,,,4716.569999933243
,,,,,4716.575000047684
,,,,,4716.579999923706
,,,,,4716.585000038147
,,,,,4716.589999914169
,,,,,4716.59500002861
,,,,,4716.599999904633
,,,,,4716.6050000190735
,,,,,4716.609999895096
,,,,,4716.615000009537
,,,,,4716.619999885559
,,,,,4716.625
,,,,,4716.630000114441
,,,,,4716.634999990463
,,,,,4716.640000104904
,,,,,4716.6449999809265
,,,,,4716.650000095368
,,,,,4716.65499997139
,,,,,4716.660000085831
,,,,,4716.664999961853
,,,,,4716.670000076294
,,,,,4716.674999952316
,,,,,4716.680000066757
,,,,,4716.6849999427795
,,,,,4716.690000057221
,,,,,4716.694999933243
,,,,,4716.700000047684
,,,,,4716.704999923706
,,,,,4716.710000038147
,,,,,4716.714999914169
,,,,,4716.72000002861
,,,,,4716.724999904633
,,,,,4716.7300000190735
,,,,,4716.734999895096
,,,,,4716.740000009537
,,,,,4716.744999885559
,,,,,4716.75
,,,,,4716.755000114441
,,,,,4716.759999990463
,,,,,4716.765000104904
,,,,,4716.7699999809265
,,,,,4716.775000095368
,,,,,4716.77999997139
,,,,,4716.785000085831
,,,,,4716.789999961853
,,,,,4716.795000076294
,,,,,4716.799999952316
,,,,,4716.805000066757
,,,,,4716.8099999427795
,,,,,4716.815000057221
,,,,,4716.819999933243
,,,,,4716.825000047684
,,,,,4716.829999923706
,,,,,4716.835000038147
,,,,,4716.839999914169
,,,,,4716.84500002861
,,,,,4716.849999904633
,,,,,4716.8550000190735
,,,,,4716.859999895096
,,,,,4716.865000009537
,,,,,4716.869999885559
,,,,,4716.875
,,,,,4716.880000114441
,,,,,4716.884999990463
,,,,,4716.890000104904
,,,,,4716.8949999809265
,,,,,4716.900000095368
,,,,,4716.90499997139
,,,,,4716.910000085831
,,,,,4716.914999961853
,,,,,4716.920000076294
,,,,,4716.924999952316
,,,,,4716.930000066757
,,,,,4716.9349999427795
,,,,,4716.940000057221
,,,,,4716.944999933243
,,,,,4716.950000047684
,,,,,4716.954999923706
,,,,,4716.960000038147
,,,,,4716.964999914169
,,,,,4716.97000002861
,,,,,4716.974999904633
,,,,,4716.9800000190735
,,,,,4716.984999895096
,,,,,4716.990000009537
,,,,,4716.994999885559
,,,,,4717.0
,,,,,4717.005000114441
,,,,,4717.009999990463
,,,,,4717.015000104904
,,,,,4717.0199999809265
,,,,,4717.025000095368
,,,,,4717.02999997139
,,,,,4717.035000085831
,,,,,4717.039999961853
,,,,,4717.045000076294
,,,,,4717.049999952316
,,,,,4717.055000066757
,,,,,4717.0599999427795
,,,,,4717.065000057221
,,,,,4717.069999933243
,,,,,4717.075000047684
,,,,,4717.079999923706
,,,,,4717.085000038147
,,,,,4717.089999914169
,,,,,4717.09500002861
,,,,,4717.099999904633
,,,,,4717.1050000190735
,,,,,4717.109999895096
,,,,,4717.115000009537
,,,,,4717.119999885559
,,,,,4717.125
,,,,,4717.130000114441
,,,,,4717.134999990463
,,,,,4717.140000104904
,,,,,4717.1449999809265
,,,,,4717.150000095368
,,,,,4717.15499997139
,,,,,4717.160000085831
,,,,,4717.164999961853
,,,,,4717.170000076294
,,,,,4717.174999952316
,,,,,4717.180000066757
,,,,,4717.1849999427795
,,,,,4717.190000057221
,,,,,4717.194999933243
,,,,,4717.200000047684
,,,,,4717.204999923706
,,,,,4717.210000038147
,,,,,4717.214999914169
,,,,,4717.22000002861
,,,,,4717.224999904633
,,,,,4717.2300000190735
,,,,,4717.234999895096
,,,,,4717.240000009537
,,,,,4717.244999885559
,,,,,4717.25
,,,,,4717.255000114441
,,,,,4717.259999990463
,,,,,4717.265000104904
,,,,,4717.2699999809265
,,,,,4717.275000095368
,,,,,4717.27999997139
,,,,,4717.285000085831
,,,,,4717.289999961853
,,,,,4717.295000076294
,,,,,4717.299999952316
,,,,,4717.305000066757
,,,,,4717.3099999427795
,,,,,4717.315000057221
,,,,,4717.319999933243
,,,,,4717.325000047684
,,,,,4717.329999923706
,,,,,4717.335000038147
,,,,,4717.339999914169
,,,,,4717.34500002861
,,,,,4717.349999904633
,,,,,4717.3550000190735
,,,,,4717.359999895096
,,,,,4717.365000009537
,,,,,4717.369999885559
,,,,,4717.375
,,,,,4717.380000114441
,,,,,4717.384999990463
,,,,,4717.390000104904
,,,,,4717.3949999809265
,,,,,4717.400000095368
,,,,,4717.40499997139
,,,,,4717.410000085831
,,,,,4717.414999961853
,,,,,4717.420000076294
,,,,,4717.424999952316
,,,,,4717.430000066757
,,,,,4717.4349999427795
,,,,,4717.440000057221
,,,,,4717.444999933243
,,,,,4717.450000047684
,,,,,4717.454999923706
,,,,,4717.460000038147
,,,,,4717.464999914169
,,,,,4717.47000002861
,,,,,4717.474999904633
,,,,,4717.4800000190735
,,,,,4717.484999895096
,,,,,4717.490000009537
,,,,,4717.494999885559
,,,,,4717.5
,,,,,4717.505000114441
,,,,,4717.509999990463
,,,,,4717.515000104904
,,,,,4717.5199999809265
,,,,,4717.525000095368
,,,,,4717.52999997139
,,,,,4717.535000085831
,,,,,4717.539999961853
,,,,,4717.545000076294
,,,,,4717.549999952316
,,,,,4717.555000066757
,,,,,4717.5599999427795
,,,,,4717.565000057221
,,,,,4717.569999933243
,,,,,4717.575000047684
,,,,,4717.579999923706
,,,,,4717.585000038147
,,,,,4717.589999914169
,,,,,4717.59500002861
,,,,,4717.599999904633
,,,,,4717.6050000190735
,,,,,4717.609999895096
,,,,,4717.615000009537
,,,,,4717.619999885559
,,,,,4717.625
,,,,,4717.630000114441
,,,,,4717.634999990463
,,,,,4717.640000104904
,,,,,4717.6449999809265
,,,,,4717.650000095368
,,,,,4717.65499997139
,,,,,4717.660000085831
,,,,,4717.664999961853
,,,,,4717.670000076294
,,,,,4717.674999952316
,,,,,4717.680000066757
,,,,,4717.6849999427795
,,,,,4717.690000057221
,,,,,4717.694999933243
,,,,,4717.700000047684
,,,,,4717.704999923706
,,,,,4717.710000038147
,,,,,4717.714999914169
,,,,,4717.72000002861
,,,,,4717.724999904633
,,,,,4717.7300000190735
,,,,,4717.734999895096
,,,,,4717.740000009537
,,,,,4717.744999885559
,,,,,4717.75
,,,,,4717.755000114441
,,,,,4717.759999990463
,,,,,4717.765000104904
,,,,,4717.7699999809265
,,,,,4717.775000095368
,,,,,4717.77999997139
,,,,,4717.785000085831
,,,,,4717.789999961853
,,,,,4717.795000076294
,,,,,4717.799999952316
,,,,,4717.805000066757
,,,,,4717.8099999427795
,,,,,4717.815000057221
,,,,,4717.819999933243
,,,,,4717.825000047684
,,,,,4717.829999923706
,,,,,4717.835000038147
,,,,,4717.839999914169
,,,,,4717.84500002861
,,,,,4717.849999904633
,,,,,4717.8550000190735
,,,,,4717.859999895096
,,,,,4717.865000009537
,,,,,4717.869999885559
,,,,,4717.875
,,,,,4717.880000114441
,,,,,4717.884999990463
,,,,,4717.890000104904
,,,,,4717.8949999809265
,,,,,4717.900000095368
,,,,,4717.90499997139
,,,,,4717.910000085831
,,,,,4717.914999961853
,,,,,4717.920000076294
,,,,,4717.924999952316
,,,,,4717.930000066757
,,,,,4717.9349999427795
,,,,,4717.940000057221
,,,,,4717.944999933243
,,,,,4717.950000047684
,,,,,4717.954999923706
,,,,,4717.960000038147
,,,,,4717.964999914169
,,,,,4717.97000002861
,,,,,4717.974999904633
,,,,,4717.9800000190735
,,,,,4717.984999895096
,,,,,4717.990000009537
,,,,,4717.994999885559
,,,,,4718.0
,,,,,4718.005000114441
,,,,,4718.009999990463
,,,,,4718.015000104904
,,,,,4718.0199999809265
,,,,,4718.025000095368
,,,,,4718.02999997139
,,,,,4718.035000085831
,,,,,4718.039999961853
,,,,,4718.045000076294
,,,,,4718.049999952316
,,,,,4718.055000066757
,,,,,4718.0599999427795
,,,,,4718.065000057221
,,,,,4718.069999933243
,,,,,4718.075000047684
,,,,,4718.079999923706
,,,,,4718.085000038147
,,,,,4718.089999914169
,,,,,4718.09500002861
,,,,,4718.099999904633
,,,,,4718.1050000190735
,,,,,4718.109999895096
,,,,,4718.115000009537
,,,,,4718.119999885559
,,,,,4718.125
,,,,,4718.130000114441
,,,,,4718.134999990463
,,,,,4718.140000104904
,,,,,4718.1449999809265
,,,,,4718.150000095368
,,,,,4718.15499997139
,,,,,4718.160000085831
,,,,,4718.164999961853
,,,,,4718.170000076294
,,,,,4718.174999952316
,,,,,4718.180000066757
,,,,,4718.1849999427795
,,,,,4718.190000057221
,,,,,4718.194999933243
,,,,,4718.200000047684
,,,,,4718.204999923706
,,,,,4718.210000038147
,,,,,4718.214999914169
,,,,,4718.22000002861
,,,,,4718.224999904633
,,,,,4718.2300000190735
,,,,,4718.234999895096
,,,,,4718.240000009537
,,,,,4718.244999885559
,,,,,4718.25
,,,,,4718.255000114441
,,,,,4718.259999990463
,,,,,4718.265000104904
,,,,,4718.2699999809265
,,,,,4718.275000095368
,,,,,4718.27999997139
,,,,,4718.285000085831
,,,,,4718.289999961853
,,,,,4718.295000076294
,,,,,4718.299999952316
,,,,,4718.305000066757
,,,,,4718.3099999427795
,,,,,4718.315000057221
,,,,,4718.319999933243
,,,,,4718.325000047684
,,,,,4718.329999923706
,,,,,4718.335000038147
,,,,,4718.339999914169
,,,,,4718.34500002861
,,,,,4718.349999904633
,,,,,4718.3550000190735
,,,,,4718.359999895096
,,,,,4718.365000009537
,,,,,4718.369999885559
,,,,,4718.375
,,,,,4718.380000114441
,,,,,4718.384999990463
,,,,,4718.390000104904
,,,,,4718.3949999809265
,,,,,4718.400000095368
,,,,,4718.40499997139
,,,,,4718.410000085831
,,,,,4718.414999961853
,,,,,4718.420000076294
,,,,,4718.424999952316
,,,,,4718.430000066757
,,,,,4718.4349999427795
,,,,,4718.440000057221
,,,,,4718.444999933243
,,,,,4718.450000047684
,,,,,4718.454999923706
,,,,,4718.460000038147
,,,,,4718.464999914169
,,,,,4718.47000002861
,,,,,4718.474999904633
,,,,,4718.4800000190735
,,,,,4718.484999895096
,,,,,4718.490000009537
,,,,,4718.494999885559
,,,,,4718.5
,,,,,4718.505000114441
,,,,,4718.509999990463
,,,,,4718.515000104904
,,,,,4718.5199999809265
,,,,,4718.525000095368
,,,,,4718.52999997139
,,,,,4718.535000085831
,,,,,4718.539999961853
,,,,,4718.545000076294
,,,,,4718.549999952316
,,,,,4718.555000066757
,,,,,4718.5599999427795
,,,,,4718.565000057221
,,,,,4718.569999933243
,,,,,4718.575000047684
,,,,,4718.579999923706
,,,,,4718.585000038147
,,,,,4718.589999914169
,,,,,4718.59500002861
,,,,,4718.599999904633
,,,,,4718.6050000190735
,,,,,4718.609999895096
,,,,,4718.615000009537
,,,,,4718.619999885559
,,,,,4718.625
,,,,,4718.630000114441
,,,,,4718.634999990463
,,,,,4718.640000104904
,,,,,4718.6449999809265
,,,,,4718.650000095368
,,,,,4718.65499997139
,,,,,4718.660000085831
,,,,,4718.664999961853
,,,,,4718.670000076294
,,,,,4718.674999952316
,,,,,4718.680000066757
,,,,,4718.6849999427795
,,,,,4718.690000057221
,,,,,4718.694999933243
,,,,,4718.700000047684
,,,,,4718.704999923706
,,,,,4718.710000038147
,,,,,4718.714999914169
,,,,,4718.72000002861
,,,,,4718.724999904633
,,,,,4718.7300000190735
,,,,,4718.734999895096
,,,,,4718.740000009537
,,,,,4718.744999885559
,,,,,4718.75
,,,,,4718.755000114441
,,,,,4718.759999990463
,,,,,4718.765000104904
,,,,,4718.7699999809265
,,,,,4718.775000095368
,,,,,4718.77999997139
,,,,,4718.785000085831
,,,,,4718.789999961853
,,,,,4718.795000076294
,,,,,4718.799999952316
,,,,,4718.805000066757
,,,,,4718.8099999427795
,,,,,4718.815000057221
,,,,,4718.819999933243
,,,,,4718.825000047684
,,,,,4718.829999923706
,,,,,4718.835000038147
,,,,,4718.839999914169
,,,,,4718.84500002861
,,,,,4718.849999904633
,,,,,4718.8550000190735
,,,,,4718.859999895096
,,,,,4718.865000009537
,,,,,4718.869999885559
,,,,,4718.875
,,,,,4718.880000114441
,,,,,4718.884999990463
,,,,,4718.890000104904
,,,,,4718.8949999809265
,,,,,4718.900000095368
,,,,,4718.90499997139
,,,,,4718.910000085831
,,,,,4718.914999961853
,,,,,4718.920000076294
,,,,,4718.924999952316
,,,,,4718.930000066757
,,,,,4718.9349999427795
,,,,,4718.940000057221
,,,,,4718.944999933243
,,,,,4718.950000047684
,,,,,4718.954999923706
,,,,,4718.960000038147
,,,,,4718.964999914169
,,,,,4718.97000002861
,,,,,4718.974999904633
,,,,,4718.9800000190735
,,,,,4718.984999895096
,,,,,4718.990000009537
,,,,,4718.994999885559
,,,,,4719.0
,,,,,4719.005000114441
,,,,,4719.009999990463
,,,,,4719.015000104904
,,,,,4719.0199999809265
,,,,,4719.025000095368
,,,,,4719.02999997139
,,,,,4719.035000085831
,,,,,4719.039999961853
,,,,,4719.045000076294
,,,,,4719.049999952316
,,,,,4719.055000066757
,,,,,4719.0599999427795
,,,,,4719.065000057221
,,,,,4719.069999933243
,,,,,4719.075000047684
,,,,,4719.079999923706
,,,,,4719.085000038147
,,,,,4719.089999914169
,,,,,4719.09500002861
,,,,,4719.099999904633
,,,,,4719.1050000190735
,,,,,4719.109999895096
,,,,,4719.115000009537
,,,,,4719.119999885559
,,,,,4719.125
,,,,,4719.130000114441
,,,,,4719.134999990463
,,,,,4719.140000104904
,,,,,4719.1449999809265
,,,,,4719.150000095368
,,,,,4719.15499997139
,,,,,4719.160000085831
,,,,,4719.164999961853
,,,,,4719.170000076294
,,,,,4719.174999952316
,,,,,4719.180000066757
,,,,,4719.1849999427795
,,,,,4719.190000057221
,,,,,4719.194999933243
,,,,,4719.200000047684
,,,,,4719.204999923706
,,,,,4719.210000038147
,,,,,4719.214999914169
,,,,,4719.22000002861
,,,,,4719.224999904633
,,,,,4719.2300000190735
,,,,,4719.234999895096
,,,,,4719.240000009537
,,,,,4719.244999885559
,,,,,4719.25
,,,,,4719.255000114441
,,,,,4719.259999990463
,,,,,4719.265000104904
,,,,,4719.2699999809265
,,,,,4719.275000095368
,,,,,4719.27999997139
,,,,,4719.285000085831
,,,,,4719.289999961853
,,,,,4719.295000076294
,,,,,4719.299999952316
,,,,,4719.305000066757
,,,,,4719.3099999427795
,,,,,4719.315000057221
,,,,,4719.319999933243
,,,,,4719.325000047684
,,,,,4719.329999923706
,,,,,4719.335000038147
,,,,,4719.339999914169
,,,,,4719.34500002861
,,,,,4719.349999904633
,,,,,4719.3550000190735
,,,,,4719.359999895096
,,,,,4719.365000009537
,,,,,4719.369999885559
,,,,,4719.375
,,,,,4719.380000114441
,,,,,4719.384999990463
,,,,,4719.390000104904
,,,,,4719.3949999809265
,,,,,4719.400000095368
,,,,,4719.40499997139
,,,,,4719.410000085831
,,,,,4719.414999961853
,,,,,4719.420000076294
,,,,,4719.424999952316
,,,,,4719.430000066757
,,,,,4719.4349999427795
,,,,,4719.440000057221
,,,,,4719.444999933243
,,,,,4719.450000047684
,,,,,4719.454999923706
,,,,,4719.460000038147
,,,,,4719.464999914169
,,,,,4719.47000002861
,,,,,4719.474999904633
,,,,,4719.4800000190735
,,,,,4719.484999895096
,,,,,4719.490000009537
,,,,,4719.494999885559
,,,,,4719.5
,,,,,4719.505000114441
,,,,,4719.509999990463
,,,,,4719.515000104904
,,,,,4719.5199999809265
,,,,,4719.525000095368
,,,,,4719.52999997139
,,,,,4719.535000085831
,,,,,4719.539999961853
,,,,,4719.545000076294
,,,,,4719.549999952316
,,,,,4719.555000066757
,,,,,4719.5599999427795
,,,,,4719.565000057221
,,,,,4719.569999933243
,,,,,4719.575000047684
,,,,,4719.579999923706
,,,,,4719.585000038147
,,,,,4719.589999914169
,,,,,4719.59500002861
,,,,,4719.599999904633
,,,,,4719.6050000190735
,,,,,4719.609999895096
,,,,,4719.615000009537
,,,,,4719.619999885559
,,,,,4719.625
,,,,,4719.630000114441
,,,,,4719.634999990463
,,,,,4719.640000104904
,,,,,4719.6449999809265
,,,,,4719.650000095368
,,,,,4719.65499997139
,,,,,4719.660000085831
,,,,,4719.664999961853
,,,,,4719.670000076294
,,,,,4719.674999952316
,,,,,4719.680000066757
,,,,,4719.6849999427795
,,,,,4719.690000057221
,,,,,4719.694999933243
,,,,,4719.700000047684
,,,,,4719.704999923706
,,,,,4719.710000038147
,,,,,4719.714999914169
,,,,,4719.72000002861
,,,,,4719.724999904633
,,,,,4719.7300000190735
,,,,,4719.734999895096
,,,,,4719.740000009537
,,,,,4719.744999885559
,,,,,4719.75
,,,,,4719.755000114441
,,,,,4719.759999990463
,,,,,4719.765000104904
,,,,,4719.7699999809265
,,,,,4719.775000095368
,,,,,4719.77999997139
,,,,,4719.785000085831
,,,,,4719.789999961853
,,,,,4719.795000076294
,,,,,4719.799999952316
,,,,,4719.805000066757
,,,,,4719.8099999427795
,,,,,4719.815000057221
,,,,,4719.819999933243
,,,,,4719.825000047684
,,,,,4719.829999923706
,,,,,4719.835000038147
,,,,,4719.839999914169
,,,,,4719.84500002861
,,,,,4719.849999904633
,,,,,4719.8550000190735
,,,,,4719.859999895096
,,,,,4719.865000009537
,,,,,4719.869999885559
,,,,,4719.875
,,,,,4719.880000114441
,,,,,4719.884999990463
,,,,,4719.890000104904
,,,,,4719.8949999809265
,,,,,4719.900000095368
,,,,,4719.90499997139
,,,,,4719.910000085831
,,,,,4719.914999961853
,,,,,4719.920000076294
,,,,,4719.924999952316
,,,,,4719.930000066757
,,,,,4719.9349999427795
,,,,,4719.940000057221
,,,,,4719.944999933243
,,,,,4719.950000047684
,,,,,4719.954999923706
,,,,,4719.960000038147
,,,,,4719.964999914169
,,,,,4719.97000002861
,,,,,4719.974999904633
,,,,,4719.9800000190735
,,,,,4719.984999895096
,,,,,4719.990000009537
,,,,,4719.994999885559
,,,,,4720.0
,,,,,4720.005000114441
,,,,,4720.009999990463
,,,,,4720.015000104904
,,,,,4720.0199999809265
,,,,,4720.025000095368
,,,,,4720.02999997139
,,,,,4720.035000085831
,,,,,4720.039999961853
,,,,,4720.045000076294
,,,,,4720.049999952316
,,,,,4720.055000066757
,,,,,4720.0599999427795
,,,,,4720.065000057221
,,,,,4720.069999933243
,,,,,4720.075000047684
,,,,,4720.079999923706
,,,,,4720.085000038147
,,,,,4720.089999914169
,,,,,4720.09500002861
,,,,,4720.099999904633
,,,,,4720.1050000190735
,,,,,4720.109999895096
,,,,,4720.115000009537
,,,,,4720.119999885559
,,,,,4720.125
,,,,,4720.130000114441
,,,,,4720.134999990463
,,,,,4720.140000104904
,,,,,4720.1449999809265
,,,,,4720.150000095368
,,,,,4720.15499997139
,,,,,4720.160000085831
,,,,,4720.164999961853
,,,,,4720.170000076294
,,,,,4720.174999952316
,,,,,4720.180000066757
,,,,,4720.1849999427795
,,,,,4720.190000057221
,,,,,4720.194999933243
,,,,,4720.200000047684
,,,,,4720.204999923706
,,,,,4720.210000038147
,,,,,4720.214999914169
,,,,,4720.22000002861
,,,,,4720.224999904633
,,,,,4720.2300000190735
,,,,,4720.234999895096
,,,,,4720.240000009537
,,,,,4720.244999885559
,,,,,4720.25
,,,,,4720.255000114441
,,,,,4720.259999990463
,,,,,4720.265000104904
,,,,,4720.2699999809265
,,,,,4720.275000095368
,,,,,4720.27999997139
,,,,,4720.285000085831
,,,,,4720.289999961853
,,,,,4720.295000076294
,,,,,4720.299999952316
,,,,,4720.305000066757
,,,,,4720.3099999427795
,,,,,4720.315000057221
,,,,,4720.319999933243
,,,,,4720.325000047684
,,,,,4720.329999923706
,,,,,4720.335000038147
,,,,,4720.339999914169
,,,,,4720.34500002861
,,,,,4720.349999904633
,,,,,4720.3550000190735
,,,,,4720.359999895096
,,,,,4720.365000009537
,,,,,4720.369999885559
,,,,,4720.375
,,,,,4720.380000114441
,,,,,4720.384999990463
,,,,,4720.390000104904
,,,,,4720.3949999809265
,,,,,4720.400000095368
,,,,,4720.40499997139
,,,,,4720.410000085831
,,,,,4720.414999961853
,,,,,4720.420000076294
,,,,,4720.424999952316
,,,,,4720.430000066757
,,,,,4720.4349999427795
,,,,,4720.440000057221
,,,,,4720.444999933243
,,,,,4720.450000047684
,,,,,4720.454999923706
,,,,,4720.460000038147
,,,,,4720.464999914169
,,,,,4720.47000002861
,,,,,4720.474999904633
,,,,,4720.4800000190735
,,,,,4720.484999895096
,,,,,4720.490000009537
,,,,,4720.494999885559
,,,,,4720.5
,,,,,4720.505000114441
,,,,,4720.509999990463
,,,,,4720.515000104904
,,,,,4720.5199999809265
,,,,,4720.525000095368
,,,,,4720.52999997139
,,,,,4720.535000085831
,,,,,4720.539999961853
,,,,,4720.545000076294
,,,,,4720.549999952316
,,,,,4720.555000066757
,,,,,4720.5599999427795
,,,,,4720.565000057221
,,,,,4720.569999933243
,,,,,4720.575000047684
,,,,,4720.579999923706
,,,,,4720.585000038147
,,,,,4720.589999914169
,,,,,4720.59500002861
,,,,,4720.599999904633
,,,,,4720.6050000190735
,,,,,4720.609999895096
,,,,,4720.615000009537
,,,,,4720.619999885559
,,,,,4720.625
,,,,,4720.630000114441
,,,,,4720.634999990463
,,,,,4720.640000104904
,,,,,4720.6449999809265
,,,,,4720.650000095368
,,,,,4720.65499997139
,,,,,4720.660000085831
,,,,,4720.664999961853
,,,,,4720.670000076294
,,,,,4720.674999952316
,,,,,4720.680000066757
,,,,,4720.6849999427795
,,,,,4720.690000057221
,,,,,4720.694999933243
,,,,,4720.700000047684
,,,,,4720.704999923706
,,,,,4720.710000038147
,,,,,4720.714999914169
,,,,,4720.72000002861
,,,,,4720.724999904633
,,,,,4720.7300000190735
,,,,,4720.734999895096
,,,,,4720.740000009537
,,,,,4720.744999885559
,,,,,4720.75
,,,,,4720.755000114441
,,,,,4720.759999990463
,,,,,4720.765000104904
,,,,,4720.7699999809265
,,,,,4720.775000095368
,,,,,4720.77999997139
,,,,,4720.785000085831
,,,,,4720.789999961853
,,,,,4720.795000076294
,,,,,4720.799999952316
,,,,,4720.805000066757
,,,,,4720.8099999427795
,,,,,4720.815000057221
,,,,,4720.819999933243
,,,,,4720.825000047684
,,,,,4720.829999923706
,,,,,4720.835000038147
,,,,,4720.839999914169
,,,,,4720.84500002861
,,,,,4720.849999904633
,,,,,4720.8550000190735
,,,,,4720.859999895096
,,,,,4720.865000009537
,,,,,4720.869999885559
,,,,,4720.875
,,,,,4720.880000114441
,,,,,4720.884999990463
,,,,,4720.890000104904
,,,,,4720.8949999809265
,,,,,4720.900000095368
,,,,,4720.90499997139
,,,,,4720.910000085831
,,,,,4720.914999961853
,,,,,4720.920000076294
,,,,,4720.924999952316
,,,,,4720.930000066757
,,,,,4720.9349999427795
,,,,,4720.940000057221
,,,,,4720.944999933243
,,,,,4720.950000047684
,,,,,4720.954999923706
,,,,,4720.960000038147
,,,,,4720.964999914169
,,,,,4720.97000002861
,,,,,4720.974999904633
,,,,,4720.9800000190735
,,,,,4720.984999895096
,,,,,4720.990000009537
,,,,,4720.994999885559
,,,,,4721.0
,,,,,4721.005000114441
,,,,,4721.009999990463
,,,,,4721.015000104904
,,,,,4721.0199999809265
,,,,,4721.025000095368
,,,,,4721.02999997139
,,,,,4721.035000085831
,,,,,4721.039999961853
,,,,,4721.045000076294
,,,,,4721.049999952316
,,,,,4721.055000066757
,,,,,4721.0599999427795
,,,,,4721.065000057221
,,,,,4721.069999933243
,,,,,4721.075000047684
,,,,,4721.079999923706
,,,,,4721.085000038147
,,,,,4721.089999914169
,,,,,4721.09500002861
,,,,,4721.099999904633
,,,,,4721.1050000190735
,,,,,4721.109999895096
,,,,,4721.115000009537
,,,,,4721.119999885559
,,,,,4721.125
,,,,,4721.130000114441
,,,,,4721.134999990463
,,,,,4721.140000104904
,,,,,4721.1449999809265
,,,,,4721.150000095368
,,,,,4721.15499997139
,,,,,4721.160000085831
,,,,,4721.164999961853
,,,,,4721.170000076294
,,,,,4721.174999952316
,,,,,4721.180000066757
,,,,,4721.1849999427795
,,,,,4721.190000057221
,,,,,4721.194999933243
,,,,,4721.200000047684
,,,,,4721.204999923706
,,,,,4721.210000038147
,,,,,4721.214999914169
,,,,,4721.22000002861
,,,,,4721.224999904633
,,,,,4721.2300000190735
,,,,,4721.234999895096
,,,,,4721.240000009537
,,,,,4721.244999885559
,,,,,4721.25
,,,,,4721.255000114441
,,,,,4721.259999990463
,,,,,4721.265000104904
,,,,,4721.2699999809265
,,,,,4721.275000095368
,,,,,4721.27999997139
,,,,,4721.285000085831
,,,,,4721.289999961853
,,,,,4721.295000076294
,,,,,4721.299999952316
,,,,,4721.305000066757
,,,,,4721.3099999427795
,,,,,4721.315000057221
,,,,,4721.319999933243
,,,,,4721.325000047684
,,,,,4721.329999923706
,,,,,4721.335000038147
,,,,,4721.339999914169
,,,,,4721.34500002861
,,,,,4721.349999904633
,,,,,4721.3550000190735
,,,,,4721.359999895096
,,,,,4721.365000009537
,,,,,4721.369999885559
,,,,,4721.375
,,,,,4721.380000114441
,,,,,4721.384999990463
,,,,,4721.390000104904
,,,,,4721.3949999809265
,,,,,4721.400000095368
,,,,,4721.40499997139
,,,,,4721.410000085831
,,,,,4721.414999961853
,,,,,4721.420000076294
,,,,,4721.424999952316
,,,,,4721.430000066757
,,,,,4721.4349999427795
,,,,,4721.440000057221
,,,,,4721.444999933243
,,,,,4721.450000047684
,,,,,4721.454999923706
,,,,,4721.460000038147
,,,,,4721.464999914169
,,,,,4721.47000002861
,,,,,4721.474999904633
,,,,,4721.4800000190735
,,,,,4721.484999895096
,,,,,4721.490000009537
,,,,,4721.494999885559
,,,,,4721.5
,,,,,4721.505000114441
,,,,,4721.509999990463
,,,,,4721.515000104904
,,,,,4721.5199999809265
,,,,,4721.525000095368
,,,,,4721.52999997139
,,,,,4721.535000085831
,,,,,4721.539999961853
,,,,,4721.545000076294
,,,,,4721.549999952316
,,,,,4721.555000066757
,,,,,4721.5599999427795
,,,,,4721.565000057221
,,,,,4721.569999933243
,,,,,4721.575000047684
,,,,,4721.579999923706
,,,,,4721.585000038147
,,,,,4721.589999914169
,,,,,4721.59500002861
,,,,,4721.599999904633
,,,,,4721.6050000190735
,,,,,4721.609999895096
,,,,,4721.615000009537
,,,,,4721.619999885559
,,,,,4721.625
,,,,,4721.630000114441
,,,,,4721.634999990463
,,,,,4721.640000104904
,,,,,4721.6449999809265
,,,,,4721.650000095368
,,,,,4721.65499997139
,,,,,4721.660000085831
,,,,,4721.664999961853
,,,,,4721.670000076294
,,,,,4721.674999952316
,,,,,4721.680000066757
,,,,,4721.6849999427795
,,,,,4721.690000057221
,,,,,4721.694999933243
,,,,,4721.700000047684
,,,,,4721.704999923706
,,,,,4721.710000038147
,,,,,4721.714999914169
,,,,,4721.72000002861
,,,,,4721.724999904633
,,,,,4721.7300000190735
,,,,,4721.734999895096
,,,,,4721.740000009537
,,,,,4721.744999885559
,,,,,4721.75
,,,,,4721.755000114441
,,,,,4721.759999990463
,,,,,4721.765000104904
,,,,,4721.7699999809265
,,,,,4721.775000095368
,,,,,4721.77999997139
,,,,,4721.785000085831
,,,,,4721.789999961853
,,,,,4721.795000076294
,,,,,4721.799999952316
,,,,,4721.805000066757
,,,,,4721.8099999427795
,,,,,4721.815000057221
,,,,,4721.819999933243
,,,,,4721.825000047684
,,,,,4721.829999923706
,,,,,4721.835000038147
,,,,,4721.839999914169
,,,,,4721.84500002861
,,,,,4721.849999904633
,,,,,4721.8550000190735
,,,,,4721.859999895096
,,,,,4721.865000009537
,,,,,4721.869999885559
,,,,,4721.875
,,,,,4721.880000114441
,,,,,4721.884999990463
,,,,,4721.890000104904
,,,,,4721.8949999809265
,,,,,4721.900000095368
,,,,,4721.90499997139
,,,,,4721.910000085831
,,,,,4721.914999961853
,,,,,4721.920000076294
,,,,,4721.924999952316
,,,,,4721.930000066757
,,,,,4721.9349999427795
,,,,,4721.940000057221
,,,,,4721.944999933243
,,,,,4721.950000047684
,,,,,4721.954999923706
,,,,,4721.960000038147
,,,,,4721.964999914169
,,,,,4721.97000002861
,,,,,4721.974999904633
,,,,,4721.9800000190735
,,,,,4721.984999895096
,,,,,4721.990000009537
,,,,,4721.994999885559
,,,,,4722.0
,,,,,4722.005000114441
,,,,,4722.009999990463
,,,,,4722.015000104904
,,,,,4722.0199999809265
,,,,,4722.025000095368
,,,,,4722.02999997139
,,,,,4722.035000085831
,,,,,4722.039999961853
,,,,,4722.045000076294
,,,,,4722.049999952316
,,,,,4722.055000066757
,,,,,4722.0599999427795
,,,,,4722.065000057221
,,,,,4722.069999933243
,,,,,4722.075000047684
,,,,,4722.079999923706
,,,,,4722.085000038147
,,,,,4722.089999914169
,,,,,4722.09500002861
,,,,,4722.099999904633
,,,,,4722.1050000190735
,,,,,4722.109999895096
,,,,,4722.115000009537
,,,,,4722.119999885559
,,,,,4722.125
,,,,,4722.130000114441
,,,,,4722.134999990463
,,,,,4722.140000104904
,,,,,4722.1449999809265
,,,,,4722.150000095368
,,,,,4722.15499997139
,,,,,4722.160000085831
,,,,,4722.164999961853
,,,,,4722.170000076294
,,,,,4722.174999952316
,,,,,4722.180000066757
,,,,,4722.1849999427795
,,,,,4722.190000057221
,,,,,4722.194999933243
,,,,,4722.200000047684
,,,,,4722.204999923706
,,,,,4722.210000038147
,,,,,4722.214999914169
,,,,,4722.22000002861
,,,,,4722.224999904633
,,,,,4722.2300000190735
,,,,,4722.234999895096
,,,,,4722.240000009537
,,,,,4722.244999885559
,,,,,4722.25
,,,,,4722.255000114441
,,,,,4722.259999990463
,,,,,4722.265000104904
,,,,,4722.2699999809265
,,,,,4722.275000095368
,,,,,4722.27999997139
,,,,,4722.285000085831
,,,,,4722.289999961853
,,,,,4722.295000076294
,,,,,4722.299999952316
,,,,,4722.305000066757
,,,,,4722.3099999427795
,,,,,4722.315000057221
,,,,,4722.319999933243
,,,,,4722.325000047684
,,,,,4722.329999923706
,,,,,4722.335000038147
,,,,,4722.339999914169
,,,,,4722.34500002861
,,,,,4722.349999904633
,,,,,4722.3550000190735
,,,,,4722.359999895096
,,,,,4722.365000009537
,,,,,4722.369999885559
,,,,,4722.375
,,,,,4722.380000114441
,,,,,4722.384999990463
,,,,,4722.390000104904
,,,,,4722.3949999809265
,,,,,4722.400000095368
,,,,,4722.40499997139
,,,,,4722.410000085831
,,,,,4722.414999961853
,,,,,4722.420000076294
,,,,,4722.424999952316
,,,,,4722.430000066757
,,,,,4722.4349999427795
,,,,,4722.440000057221
,,,,,4722.444999933243
,,,,,4722.450000047684
,,,,,4722.454999923706
,,,,,4722.460000038147
,,,,,4722.464999914169
,,,,,4722.47000002861
,,,,,4722.474999904633
,,,,,4722.4800000190735
,,,,,4722.484999895096
,,,,,4722.490000009537
,,,,,4722.494999885559
,,,,,4722.5
,,,,,4722.505000114441
,,,,,4722.509999990463
,,,,,4722.515000104904
,,,,,4722.5199999809265
,,,,,4722.525000095368
,,,,,4722.52999997139
,,,,,4722.535000085831
,,,,,4722.539999961853
,,,,,4722.545000076294
,,,,,4722.549999952316
,,,,,4722.555000066757
,,,,,4722.5599999427795
,,,,,4722.565000057221
,,,,,4722.569999933243
,,,,,4722.575000047684
,,,,,4722.579999923706
,,,,,4722.585000038147
,,,,,4722.589999914169
,,,,,4722.59500002861
,,,,,4722.599999904633
,,,,,4722.6050000190735
,,,,,4722.609999895096
,,,,,4722.615000009537
,,,,,4722.619999885559
,,,,,4722.625
,,,,,4722.630000114441
,,,,,4722.634999990463
,,,,,4722.640000104904
,,,,,4722.6449999809265
,,,,,4722.650000095368
,,,,,4722.65499997139
,,,,,4722.660000085831
,,,,,4722.664999961853
,,,,,4722.670000076294
,,,,,4722.674999952316
,,,,,4722.680000066757
,,,,,4722.6849999427795
,,,,,4722.690000057221
,,,,,4722.694999933243
,,,,,4722.700000047684
,,,,,4722.704999923706
,,,,,4722.710000038147
,,,,,4722.714999914169
,,,,,4722.72000002861
,,,,,4722.724999904633
,,,,,4722.7300000190735
,,,,,4722.734999895096
,,,,,4722.740000009537
,,,,,4722.744999885559
,,,,,4722.75
,,,,,4722.755000114441
,,,,,4722.759999990463
,,,,,4722.765000104904
,,,,,4722.7699999809265
,,,,,4722.775000095368
,,,,,4722.77999997139
,,,,,4722.785000085831
,,,,,4722.789999961853
,,,,,4722.795000076294
,,,,,4722.799999952316
,,,,,4722.805000066757
,,,,,4722.8099999427795
,,,,,4722.815000057221
,,,,,4722.819999933243
,,,,,4722.825000047684
,,,,,4722.829999923706
,,,,,4722.835000038147
,,,,,4722.839999914169
,,,,,4722.84500002861
,,,,,4722.849999904633
,,,,,4722.8550000190735
,,,,,4722.859999895096
,,,,,4722.865000009537
,,,,,4722.869999885559
,,,,,4722.875
,,,,,4722.880000114441
,,,,,4722.884999990463
,,,,,4722.890000104904
,,,,,4722.8949999809265
,,,,,4722.900000095368
,,,,,4722.90499997139
,,,,,4722.910000085831
,,,,,4722.914999961853
,,,,,4722.920000076294
,,,,,4722.924999952316
,,,,,4722.930000066757
,,,,,4722.9349999427795
,,,,,4722.940000057221
,,,,,4722.944999933243
,,,,,4722.950000047684
,,,,,4722.954999923706
,,,,,4722.960000038147
,,,,,4722.964999914169
,,,,,4722.97000002861
,,,,,4722.974999904633
,,,,,4722.9800000190735
,,,,,4722.984999895096
,,,,,4722.990000009537
,,,,,4722.994999885559
,,,,,4723.0
,,,,,4723.005000114441
,,,,,4723.009999990463
,,,,,4723.015000104904
,,,,,4723.0199999809265
,,,,,4723.025000095368
,,,,,4723.02999997139
,,,,,4723.035000085831
,,,,,4723.039999961853
,,,,,4723.045000076294
,,,,,4723.049999952316
,,,,,4723.055000066757
,,,,,4723.0599999427795
,,,,,4723.065000057221
,,,,,4723.069999933243
,,,,,4723.075000047684
,,,,,4723.079999923706
,,,,,4723.085000038147
,,,,,4723.089999914169
,,,,,4723.09500002861
,,,,,4723.099999904633
,,,,,4723.1050000190735
,,,,,4723.109999895096
,,,,,4723.115000009537
,,,,,4723.119999885559
,,,,,4723.125
,,,,,4723.130000114441
,,,,,4723.134999990463
,,,,,4723.140000104904
,,,,,4723.1449999809265
,,,,,4723.150000095368
,,,,,4723.15499997139
,,,,,4723.160000085831
,,,,,4723.164999961853
,,,,,4723.170000076294
,,,,,4723.174999952316
,,,,,4723.180000066757
,,,,,4723.1849999427795
,,,,,4723.190000057221
,,,,,4723.194999933243
,,,,,4723.200000047684
,,,,,4723.204999923706
,,,,,4723.210000038147
,,,,,4723.214999914169
,,,,,4723.22000002861
,,,,,4723.224999904633
,,,,,4723.2300000190735
,,,,,4723.234999895096
,,,,,4723.240000009537
,,,,,4723.244999885559
,,,,,4723.25
,,,,,4723.255000114441
,,,,,4723.259999990463
,,,,,4723.265000104904
,,,,,4723.2699999809265
,,,,,4723.275000095368
,,,,,4723.27999997139
,,,,,4723.285000085831
,,,,,4723.289999961853
,,,,,4723.295000076294
,,,,,4723.299999952316
,,,,,4723.305000066757
,,,,,4723.3099999427795
,,,,,4723.315000057221
,,,,,4723.319999933243
,,,,,4723.325000047684
,,,,,4723.329999923706
,,,,,4723.335000038147
,,,,,4723.339999914169
,,,,,4723.34500002861
,,,,,4723.349999904633
,,,,,4723.3550000190735
,,,,,4723.359999895096
,,,,,4723.365000009537
,,,,,4723.369999885559
,,,,,4723.375
,,,,,4723.380000114441
,,,,,4723.384999990463
,,,,,4723.390000104904
,,,,,4723.3949999809265
,,,,,4723.400000095368
,,,,,4723.40499997139
,,,,,4723.410000085831
,,,,,4723.414999961853
,,,,,4723.420000076294
,,,,,4723.424999952316
,,,,,4723.430000066757
,,,,,4723.4349999427795
,,,,,4723.440000057221
,,,,,4723.444999933243
,,,,,4723.450000047684
,,,,,4723.454999923706
,,,,,4723.460000038147
,,,,,4723.464999914169
,,,,,4723.47000002861
,,,,,4723.474999904633
,,,,,4723.4800000190735
,,,,,4723.484999895096
,,,,,4723.490000009537
,,,,,4723.494999885559
,,,,,4723.5
,,,,,4723.505000114441
,,,,,4723.509999990463
,,,,,4723.515000104904
,,,,,4723.5199999809265
,,,,,4723.525000095368
,,,,,4723.52999997139
,,,,,4723.535000085831
,,,,,4723.539999961853
,,,,,4723.545000076294
,,,,,4723.549999952316
,,,,,4723.555000066757
,,,,,4723.5599999427795
,,,,,4723.565000057221
,,,,,4723.569999933243
,,,,,4723.575000047684
,,,,,4723.579999923706
,,,,,4723.585000038147
,,,,,4723.589999914169
,,,,,4723.59500002861
,,,,,4723.599999904633
,,,,,4723.6050000190735
,,,,,4723.609999895096
,,,,,4723.615000009537
,,,,,4723.619999885559
,,,,,4723.625
,,,,,4723.630000114441
,,,,,4723.634999990463
,,,,,4723.640000104904
,,,,,4723.6449999809265
,,,,,4723.650000095368
,,,,,4723.65499997139
,,,,,4723.660000085831
,,,,,4723.664999961853
,,,,,4723.670000076294
,,,,,4723.674999952316
,,,,,4723.680000066757
,,,,,4723.6849999427795
,,,,,4723.690000057221
,,,,,4723.694999933243
,,,,,4723.700000047684
,,,,,4723.704999923706
,,,,,4723.710000038147
,,,,,4723.714999914169
,,,,,4723.72000002861
,,,,,4723.724999904633
,,,,,4723.7300000190735
,,,,,4723.734999895096
,,,,,4723.740000009537
,,,,,4723.744999885559
,,,,,4723.75
,,,,,4723.755000114441
,,,,,4723.759999990463
,,,,,4723.765000104904
,,,,,4723.7699999809265
,,,,,4723.775000095368
,,,,,4723.77999997139
,,,,,4723.785000085831
,,,,,4723.789999961853
,,,,,4723.795000076294
,,,,,4723.799999952316
,,,,,4723.805000066757
,,,,,4723.8099999427795
,,,,,4723.815000057221
,,,,,4723.819999933243
,,,,,4723.825000047684
,,,,,4723.829999923706
,,,,,4723.835000038147
,,,,,4723.839999914169
,,,,,4723.84500002861
,,,,,4723.849999904633
,,,,,4723.8550000190735
,,,,,4723.859999895096
,,,,,4723.865000009537
,,,,,4723.869999885559
,,,,,4723.875
,,,,,4723.880000114441
,,,,,4723.884999990463
,,,,,4723.890000104904
,,,,,4723.8949999809265
,,,,,4723.900000095368
,,,,,4723.90499997139
,,,,,4723.910000085831
,,,,,4723.914999961853
,,,,,4723.920000076294
,,,,,4723.924999952316
,,,,,4723.930000066757
,,,,,4723.9349999427795
,,,,,4723.940000057221
,,,,,4723.944999933243
,,,,,4723.950000047684
,,,,,4723.954999923706
,,,,,4723.960000038147
,,,,,4723.964999914169
,,,,,4723.97000002861
,,,,,4723.974999904633
,,,,,4723.9800000190735
,,,,,4723.984999895096
,,,,,4723.990000009537
,,,,,4723.994999885559
,,,,,4724.0
,,,,,4724.005000114441
,,,,,4724.009999990463
,,,,,4724.015000104904
,,,,,4724.0199999809265
,,,,,4724.025000095368
,,,,,4724.02999997139
,,,,,4724.035000085831
,,,,,4724.039999961853
,,,,,4724.045000076294
,,,,,4724.049999952316
,,,,,4724.055000066757
,,,,,4724.0599999427795
,,,,,4724.065000057221
,,,,,4724.069999933243
,,,,,4724.075000047684
,,,,,4724.079999923706
,,,,,4724.085000038147
,,,,,4724.089999914169
,,,,,4724.09500002861
,,,,,4724.099999904633
,,,,,4724.1050000190735
,,,,,4724.109999895096
,,,,,4724.115000009537
,,,,,4724.119999885559
,,,,,4724.125
,,,,,4724.130000114441
,,,,,4724.134999990463
,,,,,4724.140000104904
,,,,,4724.1449999809265
,,,,,4724.150000095368
,,,,,4724.15499997139
,,,,,4724.160000085831
,,,,,4724.164999961853
,,,,,4724.170000076294
,,,,,4724.174999952316
,,,,,4724.180000066757
,,,,,4724.1849999427795
,,,,,4724.190000057221
,,,,,4724.194999933243
,,,,,4724.200000047684
,,,,,4724.204999923706
,,,,,4724.210000038147
,,,,,4724.214999914169
,,,,,4724.22000002861
,,,,,4724.224999904633
,,,,,4724.2300000190735
,,,,,4724.234999895096
,,,,,4724.240000009537
,,,,,4724.244999885559
,,,,,4724.25
,,,,,4724.255000114441
,,,,,4724.259999990463
,,,,,4724.265000104904
,,,,,4724.2699999809265
,,,,,4724.275000095368
,,,,,4724.27999997139
,,,,,4724.285000085831
,,,,,4724.289999961853
,,,,,4724.295000076294
,,,,,4724.299999952316
,,,,,4724.305000066757
,,,,,4724.3099999427795
,,,,,4724.315000057221
,,,,,4724.319999933243
,,,,,4724.325000047684
,,,,,4724.329999923706
,,,,,4724.335000038147
,,,,,4724.339999914169
,,,,,4724.34500002861
,,,,,4724.349999904633
,,,,,4724.3550000190735
,,,,,4724.359999895096
,,,,,4724.365000009537
,,,,,4724.369999885559
,,,,,4724.375
,,,,,4724.380000114441
,,,,,4724.384999990463
,,,,,4724.390000104904
,,,,,4724.3949999809265
,,,,,4724.400000095368
,,,,,4724.40499997139
,,,,,4724.410000085831
,,,,,4724.414999961853
,,,,,4724.420000076294
,,,,,4724.424999952316
,,,,,4724.430000066757
,,,,,4724.4349999427795
,,,,,4724.440000057221
,,,,,4724.444999933243
,,,,,4724.450000047684
,,,,,4724.454999923706
,,,,,4724.460000038147
,,,,,4724.464999914169
,,,,,4724.47000002861
,,,,,4724.474999904633
,,,,,4724.4800000190735
,,,,,4724.484999895096
,,,,,4724.490000009537
,,,,,4724.494999885559
,,,,,4724.5
,,,,,4724.505000114441
,,,,,4724.509999990463
,,,,,4724.515000104904
,,,,,4724.5199999809265
,,,,,4724.525000095368
,,,,,4724.52999997139
,,,,,4724.535000085831
,,,,,4724.539999961853
,,,,,4724.545000076294
,,,,,4724.549999952316
,,,,,4724.555000066757
,,,,,4724.5599999427795
,,,,,4724.565000057221
,,,,,4724.569999933243
,,,,,4724.575000047684
,,,,,4724.579999923706
,,,,,4724.585000038147
,,,,,4724.589999914169
,,,,,4724.59500002861
,,,,,4724.599999904633
,,,,,4724.6050000190735
,,,,,4724.609999895096
,,,,,4724.615000009537
,,,,,4724.619999885559
,,,,,4724.625
,,,,,4724.630000114441
,,,,,4724.634999990463
,,,,,4724.640000104904
,,,,,4724.6449999809265
,,,,,4724.650000095368
,,,,,4724.65499997139
,,,,,4724.660000085831
,,,,,4724.664999961853
,,,,,4724.670000076294
,,,,,4724.674999952316
,,,,,4724.680000066757
,,,,,4724.6849999427795
,,,,,4724.690000057221
,,,,,4724.694999933243
,,,,,4724.700000047684
,,,,,4724.704999923706
,,,,,4724.710000038147
,,,,,4724.714999914169
,,,,,4724.72000002861
,,,,,4724.724999904633
,,,,,4724.7300000190735
,,,,,4724.734999895096
,,,,,4724.740000009537
,,,,,4724.744999885559
,,,,,4724.75
,,,,,4724.755000114441
,,,,,4724.759999990463
,,,,,4724.765000104904
,,,,,4724.7699999809265
,,,,,4724.775000095368
,,,,,4724.77999997139
,,,,,4724.785000085831
,,,,,4724.789999961853
,,,,,4724.795000076294
,,,,,4724.799999952316
,,,,,4724.805000066757
,,,,,4724.8099999427795
,,,,,4724.815000057221
,,,,,4724.819999933243
,,,,,4724.825000047684
,,,,,4724.829999923706
,,,,,4724.835000038147
,,,,,4724.839999914169
,,,,,4724.84500002861
,,,,,4724.849999904633
,,,,,4724.8550000190735
,,,,,4724.859999895096
,,,,,4724.865000009537
,,,,,4724.869999885559
,,,,,4724.875
,,,,,4724.880000114441
,,,,,4724.884999990463
,,,,,4724.890000104904
,,,,,4724.8949999809265
,,,,,4724.900000095368
,,,,,4724.90499997139
,,,,,4724.910000085831
,,,,,4724.914999961853
,,,,,4724.920000076294
,,,,,4724.924999952316
,,,,,4724.930000066757
,,,,,4724.9349999427795
,,,,,4724.940000057221
,,,,,4724.944999933243
,,,,,4724.950000047684
,,,,,4724.954999923706
,,,,,4724.960000038147
,,,,,4724.964999914169
,,,,,4724.97000002861
,,,,,4724.974999904633
,,,,,4724.9800000190735
,,,,,4724.984999895096
,,,,,4724.990000009537
,,,,,4724.994999885559
,,,,,4725.0
,,,,,4725.005000114441
,,,,,4725.009999990463
,,,,,4725.015000104904
,,,,,4725.0199999809265
,,,,,4725.025000095368
,,,,,4725.02999997139
,,,,,4725.035000085831
,,,,,4725.039999961853
,,,,,4725.045000076294
,,,,,4725.049999952316
,,,,,4725.055000066757
,,,,,4725.0599999427795
,,,,,4725.065000057221
,,,,,4725.069999933243
,,,,,4725.075000047684
,,,,,4725.079999923706
,,,,,4725.085000038147
,,,,,4725.089999914169
,,,,,4725.09500002861
,,,,,4725.099999904633
,,,,,4725.1050000190735
,,,,,4725.109999895096
,,,,,4725.115000009537
,,,,,4725.119999885559
,,,,,4725.125
,,,,,4725.130000114441
,,,,,4725.134999990463
,,,,,4725.140000104904
,,,,,4725.1449999809265
,,,,,4725.150000095368
,,,,,4725.15499997139
,,,,,4725.160000085831
,,,,,4725.164999961853
,,,,,4725.170000076294
,,,,,4725.174999952316
,,,,,4725.180000066757
,,,,,4725.1849999427795
,,,,,4725.190000057221
,,,,,4725.194999933243
,,,,,4725.200000047684
,,,,,4725.204999923706
,,,,,4725.210000038147
,,,,,4725.214999914169
,,,,,4725.22000002861
,,,,,4725.224999904633
,,,,,4725.2300000190735
,,,,,4725.234999895096
,,,,,4725.240000009537
,,,,,4725.244999885559
,,,,,4725.25
,,,,,4725.255000114441
,,,,,4725.259999990463
,,,,,4725.265000104904
,,,,,4725.2699999809265
,,,,,4725.275000095368
,,,,,4725.27999997139
,,,,,4725.285000085831
,,,,,4725.289999961853
,,,,,4725.295000076294
,,,,,4725.299999952316
,,,,,4725.305000066757
,,,,,4725.3099999427795
,,,,,4725.315000057221
,,,,,4725.319999933243
,,,,,4725.325000047684
,,,,,4725.329999923706
,,,,,4725.335000038147
,,,,,4725.339999914169
,,,,,4725.34500002861
,,,,,4725.349999904633
,,,,,4725.3550000190735
,,,,,4725.359999895096
,,,,,4725.365000009537
,,,,,4725.369999885559
,,,,,4725.375
,,,,,4725.380000114441
,,,,,4725.384999990463
,,,,,4725.390000104904
,,,,,4725.3949999809265
,,,,,4725.400000095368
,,,,,4725.40499997139
,,,,,4725.410000085831
,,,,,4725.414999961853
,,,,,4725.420000076294
,,,,,4725.424999952316
,,,,,4725.430000066757
,,,,,4725.4349999427795
,,,,,4725.440000057221
,,,,,4725.444999933243
,,,,,4725.450000047684
,,,,,4725.454999923706
,,,,,4725.460000038147
,,,,,4725.464999914169
,,,,,4725.47000002861
,,,,,4725.474999904633
,,,,,4725.4800000190735
,,,,,4725.484999895096
,,,,,4725.490000009537
,,,,,4725.494999885559
,,,,,4725.5
,,,,,4725.505000114441
,,,,,4725.509999990463
,,,,,4725.515000104904
,,,,,4725.5199999809265
,,,,,4725.525000095368
,,,,,4725.52999997139
,,,,,4725.535000085831
,,,,,4725.539999961853
,,,,,4725.545000076294
,,,,,4725.549999952316
,,,,,4725.555000066757
,,,,,4725.5599999427795
,,,,,4725.565000057221
,,,,,4725.569999933243
,,,,,4725.575000047684
,,,,,4725.579999923706
,,,,,4725.585000038147
,,,,,4725.589999914169
,,,,,4725.59500002861
,,,,,4725.599999904633
,,,,,4725.6050000190735
,,,,,4725.609999895096
,,,,,4725.615000009537
,,,,,4725.619999885559
,,,,,4725.625
,,,,,4725.630000114441
,,,,,4725.634999990463
,,,,,4725.640000104904
,,,,,4725.6449999809265
,,,,,4725.650000095368
,,,,,4725.65499997139
,,,,,4725.660000085831
,,,,,4725.664999961853
,,,,,4725.670000076294
,,,,,4725.674999952316
,,,,,4725.680000066757
,,,,,4725.6849999427795
,,,,,4725.690000057221
,,,,,4725.694999933243
,,,,,4725.700000047684
,,,,,4725.704999923706
,,,,,4725.710000038147
,,,,,4725.714999914169
,,,,,4725.72000002861
,,,,,4725.724999904633
,,,,,4725.7300000190735
,,,,,4725.734999895096
,,,,,4725.740000009537
,,,,,4725.744999885559
,,,,,4725.75
,,,,,4725.755000114441
,,,,,4725.759999990463
,,,,,4725.765000104904
,,,,,4725.7699999809265
,,,,,4725.775000095368
,,,,,4725.77999997139
,,,,,4725.785000085831
,,,,,4725.789999961853
,,,,,4725.795000076294
,,,,,4725.799999952316
,,,,,4725.805000066757
,,,,,4725.8099999427795
,,,,,4725.815000057221
,,,,,4725.819999933243
,,,,,4725.825000047684
,,,,,4725.829999923706
,,,,,4725.835000038147
,,,,,4725.839999914169
,,,,,4725.84500002861
,,,,,4725.849999904633
,,,,,4725.8550000190735
,,,,,4725.859999895096
,,,,,4725.865000009537
,,,,,4725.869999885559
,,,,,4725.875
,,,,,4725.880000114441
,,,,,4725.884999990463
,,,,,4725.890000104904
,,,,,4725.8949999809265
,,,,,4725.900000095368
,,,,,4725.90499997139
,,,,,4725.910000085831
,,,,,4725.914999961853
,,,,,4725.920000076294
,,,,,4725.924999952316
,,,,,4725.930000066757
,,,,,4725.9349999427795
,,,,,4725.940000057221
,,,,,4725.944999933243
,,,,,4725.950000047684
,,,,,4725.954999923706
,,,,,4725.960000038147
,,,,,4725.964999914169
,,,,,4725.97000002861
,,,,,4725.974999904633
,,,,,4725.9800000190735
,,,,,4725.984999895096
,,,,,4725.990000009537
,,,,,4725.994999885559
,,,,,4726.0
,,,,,4726.005000114441
,,,,,4726.009999990463
,,,,,4726.015000104904
,,,,,4726.0199999809265
,,,,,4726.025000095368
,,,,,4726.02999997139
,,,,,4726.035000085831
,,,,,4726.039999961853
,,,,,4726.045000076294
,,,,,4726.049999952316
,,,,,4726.055000066757
,,,,,4726.0599999427795
,,,,,4726.065000057221
,,,,,4726.069999933243
,,,,,4726.075000047684
,,,,,4726.079999923706
,,,,,4726.085000038147
,,,,,4726.089999914169
,,,,,4726.09500002861
,,,,,4726.099999904633
,,,,,4726.1050000190735
,,,,,4726.109999895096
,,,,,4726.115000009537
,,,,,4726.119999885559
,,,,,4726.125
,,,,,4726.130000114441
,,,,,4726.134999990463
,,,,,4726.140000104904
,,,,,4726.1449999809265
,,,,,4726.150000095368
,,,,,4726.15499997139
,,,,,4726.160000085831
,,,,,4726.164999961853
,,,,,4726.170000076294
,,,,,4726.174999952316
,,,,,4726.180000066757
,,,,,4726.1849999427795
,,,,,4726.190000057221
,,,,,4726.194999933243
,,,,,4726.200000047684
,,,,,4726.204999923706
,,,,,4726.210000038147
,,,,,4726.214999914169
,,,,,4726.22000002861
,,,,,4726.224999904633
,,,,,4726.2300000190735
,,,,,4726.234999895096
,,,,,4726.240000009537
,,,,,4726.244999885559
,,,,,4726.25
,,,,,4726.255000114441
,,,,,4726.259999990463
,,,,,4726.265000104904
,,,,,4726.2699999809265
,,,,,4726.275000095368
,,,,,4726.27999997139
,,,,,4726.285000085831
,,,,,4726.289999961853
,,,,,4726.295000076294
,,,,,4726.299999952316
,,,,,4726.305000066757
,,,,,4726.3099999427795
,,,,,4726.315000057221
,,,,,4726.319999933243
,,,,,4726.325000047684
,,,,,4726.329999923706
,,,,,4726.335000038147
,,,,,4726.339999914169
,,,,,4726.34500002861
,,,,,4726.349999904633
,,,,,4726.3550000190735
,,,,,4726.359999895096
,,,,,4726.365000009537
,,,,,4726.369999885559
,,,,,4726.375
,,,,,4726.380000114441
,,,,,4726.384999990463
,,,,,4726.390000104904
,,,,,4726.3949999809265
,,,,,4726.400000095368
,,,,,4726.40499997139
,,,,,4726.410000085831
,,,,,4726.414999961853
,,,,,4726.420000076294
,,,,,4726.424999952316
,,,,,4726.430000066757
,,,,,4726.4349999427795
,,,,,4726.440000057221
,,,,,4726.444999933243
,,,,,4726.450000047684
,,,,,4726.454999923706
,,,,,4726.460000038147
,,,,,4726.464999914169
,,,,,4726.47000002861
,,,,,4726.474999904633
,,,,,4726.4800000190735
,,,,,4726.484999895096
,,,,,4726.490000009537
,,,,,4726.494999885559
,,,,,4726.5
,,,,,4726.505000114441
,,,,,4726.509999990463
,,,,,4726.515000104904
,,,,,4726.5199999809265
,,,,,4726.525000095368
,,,,,4726.52999997139
,,,,,4726.535000085831
,,,,,4726.539999961853
,,,,,4726.545000076294
,,,,,4726.549999952316
,,,,,4726.555000066757
,,,,,4726.5599999427795
,,,,,4726.565000057221
,,,,,4726.569999933243
,,,,,4726.575000047684
,,,,,4726.579999923706
,,,,,4726.585000038147
,,,,,4726.589999914169
,,,,,4726.59500002861
,,,,,4726.599999904633
,,,,,4726.6050000190735
,,,,,4726.609999895096
,,,,,4726.615000009537
,,,,,4726.619999885559
,,,,,4726.625
,,,,,4726.630000114441
,,,,,4726.634999990463
,,,,,4726.640000104904
,,,,,4726.6449999809265
,,,,,4726.650000095368
,,,,,4726.65499997139
,,,,,4726.660000085831
,,,,,4726.664999961853
,,,,,4726.670000076294
,,,,,4726.674999952316
,,,,,4726.680000066757
,,,,,4726.6849999427795
,,,,,4726.690000057221
,,,,,4726.694999933243
,,,,,4726.700000047684
,,,,,4726.704999923706
,,,,,4726.710000038147
,,,,,4726.714999914169
,,,,,4726.72000002861
,,,,,4726.724999904633
,,,,,4726.7300000190735
,,,,,4726.734999895096
,,,,,4726.740000009537
,,,,,4726.744999885559
,,,,,4726.75
,,,,,4726.755000114441
,,,,,4726.759999990463
,,,,,4726.765000104904
,,,,,4726.7699999809265
,,,,,4726.775000095368
,,,,,4726.77999997139
,,,,,4726.785000085831
,,,,,4726.789999961853
,,,,,4726.795000076294
,,,,,4726.799999952316
,,,,,4726.805000066757
,,,,,4726.8099999427795
,,,,,4726.815000057221
,,,,,4726.819999933243
,,,,,4726.825000047684
,,,,,4726.829999923706
,,,,,4726.835000038147
,,,,,4726.839999914169
,,,,,4726.84500002861
,,,,,4726.849999904633
,,,,,4726.8550000190735
,,,,,4726.859999895096
,,,,,4726.865000009537
,,,,,4726.869999885559
,,,,,4726.875
,,,,,4726.880000114441
,,,,,4726.884999990463
,,,,,4726.890000104904
,,,,,4726.8949999809265
,,,,,4726.900000095368
,,,,,4726.90499997139
,,,,,4726.910000085831
,,,,,4726.914999961853
,,,,,4726.920000076294
,,,,,4726.924999952316
,,,,,4726.930000066757
,,,,,4726.9349999427795
,,,,,4726.940000057221
,,,,,4726.944999933243
,,,,,4726.950000047684
,,,,,4726.954999923706
,,,,,4726.960000038147
,,,,,4726.964999914169
,,,,,4726.97000002861
,,,,,4726.974999904633
,,,,,4726.9800000190735
,,,,,4726.984999895096
,,,,,4726.990000009537
,,,,,4726.994999885559
,,,,,4727.0
,,,,,4727.005000114441
,,,,,4727.009999990463
,,,,,4727.015000104904
,,,,,4727.0199999809265
,,,,,4727.025000095368
,,,,,4727.02999997139
,,,,,4727.035000085831
,,,,,4727.039999961853
,,,,,4727.045000076294
,,,,,4727.049999952316
,,,,,4727.055000066757
,,,,,4727.0599999427795
,,,,,4727.065000057221
,,,,,4727.069999933243
,,,,,4727.075000047684
,,,,,4727.079999923706
,,,,,4727.085000038147
,,,,,4727.089999914169
,,,,,4727.09500002861
,,,,,4727.099999904633
,,,,,4727.1050000190735
,,,,,4727.109999895096
,,,,,4727.115000009537
,,,,,4727.119999885559
,,,,,4727.125
,,,,,4727.130000114441
,,,,,4727.134999990463
,,,,,4727.140000104904
,,,,,4727.1449999809265
,,,,,4727.150000095368
,,,,,4727.15499997139
,,,,,4727.160000085831
,,,,,4727.164999961853
,,,,,4727.170000076294
,,,,,4727.174999952316
,,,,,4727.180000066757
,,,,,4727.1849999427795
,,,,,4727.190000057221
,,,,,4727.194999933243
,,,,,4727.200000047684
,,,,,4727.204999923706
,,,,,4727.210000038147
,,,,,4727.214999914169
,,,,,4727.22000002861
,,,,,4727.224999904633
,,,,,4727.2300000190735
,,,,,4727.234999895096
,,,,,4727.240000009537
,,,,,4727.244999885559
,,,,,4727.25
,,,,,4727.255000114441
,,,,,4727.259999990463
,,,,,4727.265000104904
,,,,,4727.2699999809265
,,,,,4727.275000095368
,,,,,4727.27999997139
,,,,,4727.285000085831
,,,,,4727.289999961853
,,,,,4727.295000076294
,,,,,4727.299999952316
,,,,,4727.305000066757
,,,,,4727.3099999427795
,,,,,4727.315000057221
,,,,,4727.319999933243
,,,,,4727.325000047684
,,,,,4727.329999923706
,,,,,4727.335000038147
,,,,,4727.339999914169
,,,,,4727.34500002861
,,,,,4727.349999904633
,,,,,4727.3550000190735
,,,,,4727.359999895096
,,,,,4727.365000009537
,,,,,4727.369999885559
,,,,,4727.375
,,,,,4727.380000114441
,,,,,4727.384999990463
,,,,,4727.390000104904
,,,,,4727.3949999809265
,,,,,4727.400000095368
,,,,,4727.40499997139
,,,,,4727.410000085831
,,,,,4727.414999961853
,,,,,4727.420000076294
,,,,,4727.424999952316
,,,,,4727.430000066757
,,,,,4727.4349999427795
,,,,,4727.440000057221
,,,,,4727.444999933243
,,,,,4727.450000047684
,,,,,4727.454999923706
,,,,,4727.460000038147
,,,,,4727.464999914169
,,,,,4727.47000002861
,,,,,4727.474999904633
,,,,,4727.4800000190735
,,,,,4727.484999895096
,,,,,4727.490000009537
,,,,,4727.494999885559
,,,,,4727.5
,,,,,4727.505000114441
,,,,,4727.509999990463
,,,,,4727.515000104904
,,,,,4727.5199999809265
,,,,,4727.525000095368
,,,,,4727.52999997139
,,,,,4727.535000085831
,,,,,4727.539999961853
,,,,,4727.545000076294
,,,,,4727.549999952316
,,,,,4727.555000066757
,,,,,4727.5599999427795
,,,,,4727.565000057221
,,,,,4727.569999933243
,,,,,4727.575000047684
,,,,,4727.579999923706
,,,,,4727.585000038147
,,,,,4727.589999914169
,,,,,4727.59500002861
,,,,,4727.599999904633
,,,,,4727.6050000190735
,,,,,4727.609999895096
,,,,,4727.615000009537
,,,,,4727.619999885559
,,,,,4727.625
,,,,,4727.630000114441
,,,,,4727.634999990463
,,,,,4727.640000104904
,,,,,4727.6449999809265
,,,,,4727.650000095368
,,,,,4727.65499997139
,,,,,4727.660000085831
,,,,,4727.664999961853
,,,,,4727.670000076294
,,,,,4727.674999952316
,,,,,4727.680000066757
,,,,,4727.6849999427795
,,,,,4727.690000057221
,,,,,4727.694999933243
,,,,,4727.700000047684
,,,,,4727.704999923706
,,,,,4727.710000038147
,,,,,4727.714999914169
,,,,,4727.72000002861
,,,,,4727.724999904633
,,,,,4727.7300000190735
,,,,,4727.734999895096
,,,,,4727.740000009537
,,,,,4727.744999885559
,,,,,4727.75
,,,,,4727.755000114441
,,,,,4727.759999990463
,,,,,4727.765000104904
,,,,,4727.7699999809265
,,,,,4727.775000095368
,,,,,4727.77999997139
,,,,,4727.785000085831
,,,,,4727.789999961853
,,,,,4727.795000076294
,,,,,4727.799999952316
,,,,,4727.805000066757
,,,,,4727.8099999427795
,,,,,4727.815000057221
,,,,,4727.819999933243
,,,,,4727.825000047684
,,,,,4727.829999923706
,,,,,4727.835000038147
,,,,,4727.839999914169
,,,,,4727.84500002861
,,,,,4727.849999904633
,,,,,4727.8550000190735
,,,,,4727.859999895096
,,,,,4727.865000009537
,,,,,4727.869999885559
,,,,,4727.875
,,,,,4727.880000114441
,,,,,4727.884999990463
,,,,,4727.890000104904
,,,,,4727.8949999809265
,,,,,4727.900000095368
,,,,,4727.90499997139
,,,,,4727.910000085831
,,,,,4727.914999961853
,,,,,4727.920000076294
,,,,,4727.924999952316
,,,,,4727.930000066757
,,,,,4727.9349999427795
,,,,,4727.940000057221
,,,,,4727.944999933243
,,,,,4727.950000047684
,,,,,4727.954999923706
,,,,,4727.960000038147
,,,,,4727.964999914169
,,,,,4727.97000002861
,,,,,4727.974999904633
,,,,,4727.9800000190735
,,,,,4727.984999895096
,,,,,4727.990000009537
,,,,,4727.994999885559
,,,,,4728.0
,,,,,4728.005000114441
,,,,,4728.009999990463
,,,,,4728.015000104904
,,,,,4728.0199999809265
,,,,,4728.025000095368
,,,,,4728.02999997139
,,,,,4728.035000085831
,,,,,4728.039999961853
,,,,,4728.045000076294
,,,,,4728.049999952316
,,,,,4728.055000066757
,,,,,4728.0599999427795
,,,,,4728.065000057221
,,,,,4728.069999933243
,,,,,4728.075000047684
,,,,,4728.079999923706
,,,,,4728.085000038147
,,,,,4728.089999914169
,,,,,4728.09500002861
,,,,,4728.099999904633
,,,,,4728.1050000190735
,,,,,4728.109999895096
,,,,,4728.115000009537
,,,,,4728.119999885559
,,,,,4728.125
,,,,,4728.130000114441
,,,,,4728.134999990463
,,,,,4728.140000104904
,,,,,4728.1449999809265
,,,,,4728.150000095368
,,,,,4728.15499997139
,,,,,4728.160000085831
,,,,,4728.164999961853
,,,,,4728.170000076294
,,,,,4728.174999952316
,,,,,4728.180000066757
,,,,,4728.1849999427795
,,,,,4728.190000057221
,,,,,4728.194999933243
,,,,,4728.200000047684
,,,,,4728.204999923706
,,,,,4728.210000038147
,,,,,4728.214999914169
,,,,,4728.22000002861
,,,,,4728.224999904633
,,,,,4728.2300000190735
,,,,,4728.234999895096
,,,,,4728.240000009537
,,,,,4728.244999885559
,,,,,4728.25
,,,,,4728.255000114441
,,,,,4728.259999990463
,,,,,4728.265000104904
,,,,,4728.2699999809265
,,,,,4728.275000095368
,,,,,4728.27999997139
,,,,,4728.285000085831
,,,,,4728.289999961853
,,,,,4728.295000076294
,,,,,4728.299999952316
,,,,,4728.305000066757
,,,,,4728.3099999427795
,,,,,4728.315000057221
,,,,,4728.319999933243
,,,,,4728.325000047684
,,,,,4728.329999923706
,,,,,4728.335000038147
,,,,,4728.339999914169
,,,,,4728.34500002861
,,,,,4728.349999904633
,,,,,4728.3550000190735
,,,,,4728.359999895096
,,,,,4728.365000009537
,,,,,4728.369999885559
,,,,,4728.375
,,,,,4728.380000114441
,,,,,4728.384999990463
,,,,,4728.390000104904
,,,,,4728.3949999809265
,,,,,4728.400000095368
,,,,,4728.40499997139
,,,,,4728.410000085831
,,,,,4728.414999961853
,,,,,4728.420000076294
,,,,,4728.424999952316
,,,,,4728.430000066757
,,,,,4728.4349999427795
,,,,,4728.440000057221
,,,,,4728.444999933243
,,,,,4728.450000047684
,,,,,4728.454999923706
,,,,,4728.460000038147
,,,,,4728.464999914169
,,,,,4728.47000002861
,,,,,4728.474999904633
,,,,,4728.4800000190735
,,,,,4728.484999895096
,,,,,4728.490000009537
,,,,,4728.494999885559
,,,,,4728.5
,,,,,4728.505000114441
,,,,,4728.509999990463
,,,,,4728.515000104904
,,,,,4728.5199999809265
,,,,,4728.525000095368
,,,,,4728.52999997139
,,,,,4728.535000085831
,,,,,4728.539999961853
,,,,,4728.545000076294
,,,,,4728.549999952316
,,,,,4728.555000066757
,,,,,4728.5599999427795
,,,,,4728.565000057221
,,,,,4728.569999933243
,,,,,4728.575000047684
,,,,,4728.579999923706
,,,,,4728.585000038147
,,,,,4728.589999914169
,,,,,4728.59500002861
,,,,,4728.599999904633
,,,,,4728.6050000190735
,,,,,4728.609999895096
,,,,,4728.615000009537
,,,,,4728.619999885559
,,,,,4728.625
,,,,,4728.630000114441
,,,,,4728.634999990463
,,,,,4728.640000104904
,,,,,4728.6449999809265
,,,,,4728.650000095368
,,,,,4728.65499997139
,,,,,4728.660000085831
,,,,,4728.664999961853
,,,,,4728.670000076294
,,,,,4728.674999952316
,,,,,4728.680000066757
,,,,,4728.6849999427795
,,,,,4728.690000057221
,,,,,4728.694999933243
,,,,,4728.700000047684
,,,,,4728.704999923706
,,,,,4728.710000038147
,,,,,4728.714999914169
,,,,,4728.72000002861
,,,,,4728.724999904633
,,,,,4728.7300000190735
,,,,,4728.734999895096
,,,,,4728.740000009537
,,,,,4728.744999885559
,,,,,4728.75
,,,,,4728.755000114441
,,,,,4728.759999990463
,,,,,4728.765000104904
,,,,,4728.7699999809265
,,,,,4728.775000095368
,,,,,4728.77999997139
,,,,,4728.785000085831
,,,,,4728.789999961853
,,,,,4728.795000076294
,,,,,4728.799999952316
,,,,,4728.805000066757
,,,,,4728.8099999427795
,,,,,4728.815000057221
,,,,,4728.819999933243
,,,,,4728.825000047684
,,,,,4728.829999923706
,,,,,4728.835000038147
,,,,,4728.839999914169
,,,,,4728.84500002861
,,,,,4728.849999904633
,,,,,4728.8550000190735
,,,,,4728.859999895096
,,,,,4728.865000009537
,,,,,4728.869999885559
,,,,,4728.875
,,,,,4728.880000114441
,,,,,4728.884999990463
,,,,,4728.890000104904
,,,,,4728.8949999809265
,,,,,4728.900000095368
,,,,,4728.90499997139
,,,,,4728.910000085831
,,,,,4728.914999961853
,,,,,4728.920000076294
,,,,,4728.924999952316
,,,,,4728.930000066757
,,,,,4728.9349999427795
,,,,,4728.940000057221
,,,,,4728.944999933243
,,,,,4728.950000047684
,,,,,4728.954999923706
,,,,,4728.960000038147
,,,,,4728.964999914169
,,,,,4728.97000002861
,,,,,4728.974999904633
,,,,,4728.9800000190735
,,,,,4728.984999895096
,,,,,4728.990000009537
,,,,,4728.994999885559
,,,,,4729.0
,,,,,4729.005000114441
,,,,,4729.009999990463
,,,,,4729.015000104904
,,,,,4729.0199999809265
,,,,,4729.025000095368
,,,,,4729.02999997139
,,,,,4729.035000085831
,,,,,4729.039999961853
,,,,,4729.045000076294
,,,,,4729.049999952316
,,,,,4729.055000066757
,,,,,4729.0599999427795
,,,,,4729.065000057221
,,,,,4729.069999933243
,,,,,4729.075000047684
,,,,,4729.079999923706
,,,,,4729.085000038147
,,,,,4729.089999914169
,,,,,4729.09500002861
,,,,,4729.099999904633
,,,,,4729.1050000190735
,,,,,4729.109999895096
,,,,,4729.115000009537
,,,,,4729.119999885559
,,,,,4729.125
,,,,,4729.130000114441
,,,,,4729.134999990463
,,,,,4729.140000104904
,,,,,4729.1449999809265
,,,,,4729.150000095368
,,,,,4729.15499997139
,,,,,4729.160000085831
,,,,,4729.164999961853
,,,,,4729.170000076294
,,,,,4729.174999952316
,,,,,4729.180000066757
,,,,,4729.1849999427795
,,,,,4729.190000057221
,,,,,4729.194999933243
,,,,,4729.200000047684
,,,,,4729.204999923706
,,,,,4729.210000038147
,,,,,4729.214999914169
,,,,,4729.22000002861
,,,,,4729.224999904633
,,,,,4729.2300000190735
,,,,,4729.234999895096
,,,,,4729.240000009537
,,,,,4729.244999885559
,,,,,4729.25
,,,,,4729.255000114441
,,,,,4729.259999990463
,,,,,4729.265000104904
,,,,,4729.2699999809265
,,,,,4729.275000095368
,,,,,4729.27999997139
,,,,,4729.285000085831
,,,,,4729.289999961853
,,,,,4729.295000076294
,,,,,4729.299999952316
,,,,,4729.305000066757
,,,,,4729.3099999427795
,,,,,4729.315000057221
,,,,,4729.319999933243
,,,,,4729.325000047684
,,,,,4729.329999923706
,,,,,4729.335000038147
,,,,,4729.339999914169
,,,,,4729.34500002861
,,,,,4729.349999904633
,,,,,4729.3550000190735
,,,,,4729.359999895096
,,,,,4729.365000009537
,,,,,4729.369999885559
,,,,,4729.375
,,,,,4729.380000114441
,,,,,4729.384999990463
,,,,,4729.390000104904
,,,,,4729.3949999809265
,,,,,4729.400000095368
,,,,,4729.40499997139
,,,,,4729.410000085831
,,,,,4729.414999961853
,,,,,4729.420000076294
,,,,,4729.424999952316
,,,,,4729.430000066757
,,,,,4729.4349999427795
,,,,,4729.440000057221
,,,,,4729.444999933243
,,,,,4729.450000047684
,,,,,4729.454999923706
,,,,,4729.460000038147
,,,,,4729.464999914169
,,,,,4729.47000002861
,,,,,4729.474999904633
,,,,,4729.4800000190735
,,,,,4729.484999895096
,,,,,4729.490000009537
,,,,,4729.494999885559
,,,,,4729.5
,,,,,4729.505000114441
,,,,,4729.509999990463
,,,,,4729.515000104904
,,,,,4729.5199999809265
,,,,,4729.525000095368
,,,,,4729.52999997139
,,,,,4729.535000085831
,,,,,4729.539999961853
,,,,,4729.545000076294
,,,,,4729.549999952316
,,,,,4729.555000066757
,,,,,4729.5599999427795
,,,,,4729.565000057221
,,,,,4729.569999933243
,,,,,4729.575000047684
,,,,,4729.579999923706
,,,,,4729.585000038147
,,,,,4729.589999914169
,,,,,4729.59500002861
,,,,,4729.599999904633
,,,,,4729.6050000190735
,,,,,4729.609999895096
,,,,,4729.615000009537
,,,,,4729.619999885559
,,,,,4729.625
,,,,,4729.630000114441
,,,,,4729.634999990463
,,,,,4729.640000104904
,,,,,4729.6449999809265
,,,,,4729.650000095368
,,,,,4729.65499997139
,,,,,4729.660000085831
,,,,,4729.664999961853
,,,,,4729.670000076294
,,,,,4729.674999952316
,,,,,4729.680000066757
,,,,,4729.6849999427795
,,,,,4729.690000057221
,,,,,4729.694999933243
,,,,,4729.700000047684
,,,,,4729.704999923706
,,,,,4729.710000038147
,,,,,4729.714999914169
,,,,,4729.72000002861
,,,,,4729.724999904633
,,,,,4729.7300000190735
,,,,,4729.734999895096
,,,,,4729.740000009537
,,,,,4729.744999885559
,,,,,4729.75
,,,,,4729.755000114441
,,,,,4729.759999990463
,,,,,4729.765000104904
,,,,,4729.7699999809265
,,,,,4729.775000095368
,,,,,4729.77999997139
,,,,,4729.785000085831
,,,,,4729.789999961853
,,,,,4729.795000076294
,,,,,4729.799999952316
,,,,,4729.805000066757
,,,,,4729.8099999427795
,,,,,4729.815000057221
,,,,,4729.819999933243
,,,,,4729.825000047684
,,,,,4729.829999923706
,,,,,4729.835000038147
,,,,,4729.839999914169
,,,,,4729.84500002861
,,,,,4729.849999904633
,,,,,4729.8550000190735
,,,,,4729.859999895096
,,,,,4729.865000009537
,,,,,4729.869999885559
,,,,,4729.875
,,,,,4729.880000114441
,,,,,4729.884999990463
,,,,,4729.890000104904
,,,,,4729.8949999809265
,,,,,4729.900000095368
,,,,,4729.90499997139
,,,,,4729.910000085831
,,,,,4729.914999961853
,,,,,4729.920000076294
,,,,,4729.924999952316
,,,,,4729.930000066757
,,,,,4729.9349999427795
,,,,,4729.940000057221
,,,,,4729.944999933243
,,,,,4729.950000047684
,,,,,4729.954999923706
,,,,,4729.960000038147
,,,,,4729.964999914169
,,,,,4729.97000002861
,,,,,4729.974999904633
,,,,,4729.9800000190735
,,,,,4729.984999895096
,,,,,4729.990000009537
,,,,,4729.994999885559
,,,,,4730.0
,,,,,4730.005000114441
,,,,,4730.009999990463
,,,,,4730.015000104904
,,,,,4730.0199999809265
,,,,,4730.025000095368
,,,,,4730.02999997139
,,,,,4730.035000085831
,,,,,4730.039999961853
,,,,,4730.045000076294
,,,,,4730.049999952316
,,,,,4730.055000066757
,,,,,4730.0599999427795
,,,,,4730.065000057221
,,,,,4730.069999933243
,,,,,4730.075000047684
,,,,,4730.079999923706
,,,,,4730.085000038147
,,,,,4730.089999914169
,,,,,4730.09500002861
,,,,,4730.099999904633
,,,,,4730.1050000190735
,,,,,4730.109999895096
,,,,,4730.115000009537
,,,,,4730.119999885559
,,,,,4730.125
,,,,,4730.130000114441
,,,,,4730.134999990463
,,,,,4730.140000104904
,,,,,4730.1449999809265
,,,,,4730.150000095368
,,,,,4730.15499997139
,,,,,4730.160000085831
,,,,,4730.164999961853
,,,,,4730.170000076294
,,,,,4730.174999952316
,,,,,4730.180000066757
,,,,,4730.1849999427795
,,,,,4730.190000057221
,,,,,4730.194999933243
,,,,,4730.200000047684
,,,,,4730.204999923706
,,,,,4730.210000038147
,,,,,4730.214999914169
,,,,,4730.22000002861
,,,,,4730.224999904633
,,,,,4730.2300000190735
,,,,,4730.234999895096
,,,,,4730.240000009537
,,,,,4730.244999885559
,,,,,4730.25
,,,,,4730.255000114441
,,,,,4730.259999990463
,,,,,4730.265000104904
,,,,,4730.2699999809265
,,,,,4730.275000095368
,,,,,4730.27999997139
,,,,,4730.285000085831
,,,,,4730.289999961853
,,,,,4730.295000076294
,,,,,4730.299999952316
,,,,,4730.305000066757
,,,,,4730.3099999427795
,,,,,4730.315000057221
,,,,,4730.319999933243
,,,,,4730.325000047684
,,,,,4730.329999923706
,,,,,4730.335000038147
,,,,,4730.339999914169
,,,,,4730.34500002861
,,,,,4730.349999904633
,,,,,4730.3550000190735
,,,,,4730.359999895096
,,,,,4730.365000009537
,,,,,4730.369999885559
,,,,,4730.375
,,,,,4730.380000114441
,,,,,4730.384999990463
,,,,,4730.390000104904
,,,,,4730.3949999809265
,,,,,4730.400000095368
,,,,,4730.40499997139
,,,,,4730.410000085831
,,,,,4730.414999961853
,,,,,4730.420000076294
,,,,,4730.424999952316
,,,,,4730.430000066757
,,,,,4730.4349999427795
,,,,,4730.440000057221
,,,,,4730.444999933243
,,,,,4730.450000047684
,,,,,4730.454999923706
,,,,,4730.460000038147
,,,,,4730.464999914169
,,,,,4730.47000002861
,,,,,4730.474999904633
,,,,,4730.4800000190735
,,,,,4730.484999895096
,,,,,4730.490000009537
,,,,,4730.494999885559
,,,,,4730.5
,,,,,4730.505000114441
,,,,,4730.509999990463
,,,,,4730.515000104904
,,,,,4730.5199999809265
,,,,,4730.525000095368
,,,,,4730.52999997139
,,,,,4730.535000085831
,,,,,4730.539999961853
,,,,,4730.545000076294
,,,,,4730.549999952316
,,,,,4730.555000066757
,,,,,4730.5599999427795
,,,,,4730.565000057221
,,,,,4730.569999933243
,,,,,4730.575000047684
,,,,,4730.579999923706
,,,,,4730.585000038147
,,,,,4730.589999914169
,,,,,4730.59500002861
,,,,,4730.599999904633
,,,,,4730.6050000190735
,,,,,4730.609999895096
,,,,,4730.615000009537
,,,,,4730.619999885559
,,,,,4730.625
,,,,,4730.630000114441
,,,,,4730.634999990463
,,,,,4730.640000104904
,,,,,4730.6449999809265
,,,,,4730.650000095368
,,,,,4730.65499997139
,,,,,4730.660000085831
,,,,,4730.664999961853
,,,,,4730.670000076294
,,,,,4730.674999952316
,,,,,4730.680000066757
,,,,,4730.6849999427795
,,,,,4730.690000057221
,,,,,4730.694999933243
,,,,,4730.700000047684
,,,,,4730.704999923706
,,,,,4730.710000038147
,,,,,4730.714999914169
,,,,,4730.72000002861
,,,,,4730.724999904633
,,,,,4730.7300000190735
,,,,,4730.734999895096
,,,,,4730.740000009537
,,,,,4730.744999885559
,,,,,4730.75
,,,,,4730.755000114441
,,,,,4730.759999990463
,,,,,4730.765000104904
,,,,,4730.7699999809265
,,,,,4730.775000095368
,,,,,4730.77999997139
,,,,,4730.785000085831
,,,,,4730.789999961853
,,,,,4730.795000076294
,,,,,4730.799999952316
,,,,,4730.805000066757
,,,,,4730.8099999427795
,,,,,4730.815000057221
,,,,,4730.819999933243
,,,,,4730.825000047684
,,,,,4730.829999923706
,,,,,4730.835000038147
,,,,,4730.839999914169
,,,,,4730.84500002861
,,,,,4730.849999904633
,,,,,4730.8550000190735
,,,,,4730.859999895096
,,,,,4730.865000009537
,,,,,4730.869999885559
,,,,,4730.875
,,,,,4730.880000114441
,,,,,4730.884999990463
,,,,,4730.890000104904
,,,,,4730.8949999809265
,,,,,4730.900000095368
,,,,,4730.90499997139
,,,,,4730.910000085831
,,,,,4730.914999961853
,,,,,4730.920000076294
,,,,,4730.924999952316
,,,,,4730.930000066757
,,,,,4730.9349999427795
,,,,,4730.940000057221
,,,,,4730.944999933243
,,,,,4730.950000047684
,,,,,4730.954999923706
,,,,,4730.960000038147
,,,,,4730.964999914169
,,,,,4730.97000002861
,,,,,4730.974999904633
,,,,,4730.9800000190735
,,,,,4730.984999895096
,,,,,4730.990000009537
,,,,,4730.994999885559
,,,,,4731.0
,,,,,4731.005000114441
,,,,,4731.009999990463
,,,,,4731.015000104904
,,,,,4731.0199999809265
,,,,,4731.025000095368
,,,,,4731.02999997139
,,,,,4731.035000085831
,,,,,4731.039999961853
,,,,,4731.045000076294
,,,,,4731.049999952316
,,,,,4731.055000066757
,,,,,4731.0599999427795
,,,,,4731.065000057221
,,,,,4731.069999933243
,,,,,4731.075000047684
,,,,,4731.079999923706
,,,,,4731.085000038147
,,,,,4731.089999914169
,,,,,4731.09500002861
,,,,,4731.099999904633
,,,,,4731.1050000190735
,,,,,4731.109999895096
,,,,,4731.115000009537
,,,,,4731.119999885559
,,,,,4731.125
,,,,,4731.130000114441
,,,,,4731.134999990463
,,,,,4731.140000104904
,,,,,4731.1449999809265
,,,,,4731.150000095368
,,,,,4731.15499997139
,,,,,4731.160000085831
,,,,,4731.164999961853
,,,,,4731.170000076294
,,,,,4731.174999952316
,,,,,4731.180000066757
,,,,,4731.1849999427795
,,,,,4731.190000057221
,,,,,4731.194999933243
,,,,,4731.200000047684
,,,,,4731.204999923706
,,,,,4731.210000038147
,,,,,4731.214999914169
,,,,,4731.22000002861
,,,,,4731.224999904633
,,,,,4731.2300000190735
,,,,,4731.234999895096
,,,,,4731.240000009537
,,,,,4731.244999885559
,,,,,4731.25
,,,,,4731.255000114441
,,,,,4731.259999990463
,,,,,4731.265000104904
,,,,,4731.2699999809265
,,,,,4731.275000095368
,,,,,4731.27999997139
,,,,,4731.285000085831
,,,,,4731.289999961853
,,,,,4731.295000076294
,,,,,4731.299999952316
,,,,,4731.305000066757
,,,,,4731.3099999427795
,,,,,4731.315000057221
,,,,,4731.319999933243
,,,,,4731.325000047684
,,,,,4731.329999923706
,,,,,4731.335000038147
,,,,,4731.339999914169
,,,,,4731.34500002861
,,,,,4731.349999904633
,,,,,4731.3550000190735
,,,,,4731.359999895096
,,,,,4731.365000009537
,,,,,4731.369999885559
,,,,,4731.375
,,,,,4731.380000114441
,,,,,4731.384999990463
,,,,,4731.390000104904
,,,,,4731.3949999809265
,,,,,4731.400000095368
,,,,,4731.40499997139
,,,,,4731.410000085831
,,,,,4731.414999961853
,,,,,4731.420000076294
,,,,,4731.424999952316
,,,,,4731.430000066757
,,,,,4731.4349999427795
,,,,,4731.440000057221
,,,,,4731.444999933243
,,,,,4731.450000047684
,,,,,4731.454999923706
,,,,,4731.460000038147
,,,,,4731.464999914169
,,,,,4731.47000002861
,,,,,4731.474999904633
,,,,,4731.4800000190735
,,,,,4731.484999895096
,,,,,4731.490000009537
,,,,,4731.494999885559
,,,,,4731.5
,,,,,4731.505000114441
,,,,,4731.509999990463
,,,,,4731.515000104904
,,,,,4731.5199999809265
,,,,,4731.525000095368
,,,,,4731.52999997139
,,,,,4731.535000085831
,,,,,4731.539999961853
,,,,,4731.545000076294
,,,,,4731.549999952316
,,,,,4731.555000066757
,,,,,4731.5599999427795
,,,,,4731.565000057221
,,,,,4731.569999933243
,,,,,4731.575000047684
,,,,,4731.579999923706
,,,,,4731.585000038147
,,,,,4731.589999914169
,,,,,4731.59500002861
,,,,,4731.599999904633
,,,,,4731.6050000190735
,,,,,4731.609999895096
,,,,,4731.615000009537
,,,,,4731.619999885559
,,,,,4731.625
,,,,,4731.630000114441
,,,,,4731.634999990463
,,,,,4731.640000104904
,,,,,4731.6449999809265
,,,,,4731.650000095368
,,,,,4731.65499997139
,,,,,4731.660000085831
,,,,,4731.664999961853
,,,,,4731.670000076294
,,,,,4731.674999952316
,,,,,4731.680000066757
,,,,,4731.6849999427795
,,,,,4731.690000057221
,,,,,4731.694999933243
,,,,,4731.700000047684
,,,,,4731.704999923706
,,,,,4731.710000038147
,,,,,4731.714999914169
,,,,,4731.72000002861
,,,,,4731.724999904633
,,,,,4731.7300000190735
,,,,,4731.734999895096
,,,,,4731.740000009537
,,,,,4731.744999885559
,,,,,4731.75
,,,,,4731.755000114441
,,,,,4731.759999990463
,,,,,4731.765000104904
,,,,,4731.7699999809265
,,,,,4731.775000095368
,,,,,4731.77999997139
,,,,,4731.785000085831
,,,,,4731.789999961853
,,,,,4731.795000076294
,,,,,4731.799999952316
,,,,,4731.805000066757
,,,,,4731.8099999427795
,,,,,4731.815000057221
,,,,,4731.819999933243
,,,,,4731.825000047684
,,,,,4731.829999923706
,,,,,4731.835000038147
,,,,,4731.839999914169
,,,,,4731.84500002861
,,,,,4731.849999904633
,,,,,4731.8550000190735
,,,,,4731.859999895096
,,,,,4731.865000009537
,,,,,4731.869999885559
,,,,,4731.875
,,,,,4731.880000114441
,,,,,4731.884999990463
,,,,,4731.890000104904
,,,,,4731.8949999809265
,,,,,4731.900000095368
,,,,,4731.90499997139
,,,,,4731.910000085831
,,,,,4731.914999961853
,,,,,4731.920000076294
,,,,,4731.924999952316
,,,,,4731.930000066757
,,,,,4731.9349999427795
,,,,,4731.940000057221
,,,,,4731.944999933243
,,,,,4731.950000047684
,,,,,4731.954999923706
,,,,,4731.960000038147
,,,,,4731.964999914169
,,,,,4731.97000002861
,,,,,4731.974999904633
,,,,,4731.9800000190735
,,,,,4731.984999895096
,,,,,4731.990000009537
,,,,,4731.994999885559
,,,,,4732.0
,,,,,4732.005000114441
,,,,,4732.009999990463
,,,,,4732.015000104904
,,,,,4732.0199999809265
,,,,,4732.025000095368
,,,,,4732.02999997139
,,,,,4732.035000085831
,,,,,4732.039999961853
,,,,,4732.045000076294
,,,,,4732.049999952316
,,,,,4732.055000066757
,,,,,4732.0599999427795
,,,,,4732.065000057221
,,,,,4732.069999933243
,,,,,4732.075000047684
,,,,,4732.079999923706
,,,,,4732.085000038147
,,,,,4732.089999914169
,,,,,4732.09500002861
,,,,,4732.099999904633
,,,,,4732.1050000190735
,,,,,4732.109999895096
,,,,,4732.115000009537
,,,,,4732.119999885559
,,,,,4732.125
,,,,,4732.130000114441
,,,,,4732.134999990463
,,,,,4732.140000104904
,,,,,4732.1449999809265
,,,,,4732.150000095368
,,,,,4732.15499997139
,,,,,4732.160000085831
,,,,,4732.164999961853
,,,,,4732.170000076294
,,,,,4732.174999952316
,,,,,4732.180000066757
,,,,,4732.1849999427795
,,,,,4732.190000057221
,,,,,4732.194999933243
,,,,,4732.200000047684
,,,,,4732.204999923706
,,,,,4732.210000038147
,,,,,4732.214999914169
,,,,,4732.22000002861
,,,,,4732.224999904633
,,,,,4732.2300000190735
,,,,,4732.234999895096
,,,,,4732.240000009537
,,,,,4732.244999885559
,,,,,4732.25
,,,,,4732.255000114441
,,,,,4732.259999990463
,,,,,4732.265000104904
,,,,,4732.2699999809265
,,,,,4732.275000095368
,,,,,4732.27999997139
,,,,,4732.285000085831
,,,,,4732.289999961853
,,,,,4732.295000076294
,,,,,4732.299999952316
,,,,,4732.305000066757
,,,,,4732.3099999427795
,,,,,4732.315000057221
,,,,,4732.319999933243
,,,,,4732.325000047684
,,,,,4732.329999923706
,,,,,4732.335000038147
,,,,,4732.339999914169
,,,,,4732.34500002861
,,,,,4732.349999904633
,,,,,4732.3550000190735
,,,,,4732.359999895096
,,,,,4732.365000009537
,,,,,4732.369999885559
,,,,,4732.375
,,,,,4732.380000114441
,,,,,4732.384999990463
,,,,,4732.390000104904
,,,,,4732.3949999809265
,,,,,4732.400000095368
,,,,,4732.40499997139
,,,,,4732.410000085831
,,,,,4732.414999961853
,,,,,4732.420000076294
,,,,,4732.424999952316
,,,,,4732.430000066757
,,,,,4732.4349999427795
,,,,,4732.440000057221
,,,,,4732.444999933243
,,,,,4732.450000047684
,,,,,4732.454999923706
,,,,,4732.460000038147
,,,,,4732.464999914169
,,,,,4732.47000002861
,,,,,4732.474999904633
,,,,,4732.4800000190735
,,,,,4732.484999895096
,,,,,4732.490000009537
,,,,,4732.494999885559
,,,,,4732.5
,,,,,4732.505000114441
,,,,,4732.509999990463
,,,,,4732.515000104904
,,,,,4732.5199999809265
,,,,,4732.525000095368
,,,,,4732.52999997139
,,,,,4732.535000085831
,,,,,4732.539999961853
,,,,,4732.545000076294
,,,,,4732.549999952316
,,,,,4732.555000066757
,,,,,4732.5599999427795
,,,,,4732.565000057221
,,,,,4732.569999933243
,,,,,4732.575000047684
,,,,,4732.579999923706
,,,,,4732.585000038147
,,,,,4732.589999914169
,,,,,4732.59500002861
,,,,,4732.599999904633
,,,,,4732.6050000190735
,,,,,4732.609999895096
,,,,,4732.615000009537
,,,,,4732.619999885559
,,,,,4732.625
,,,,,4732.630000114441
,,,,,4732.634999990463
,,,,,4732.640000104904
,,,,,4732.6449999809265
,,,,,4732.650000095368
,,,,,4732.65499997139
,,,,,4732.660000085831
,,,,,4732.664999961853
,,,,,4732.670000076294
,,,,,4732.674999952316
,,,,,4732.680000066757
,,,,,4732.6849999427795
,,,,,4732.690000057221
,,,,,4732.694999933243
,,,,,4732.700000047684
,,,,,4732.704999923706
,,,,,4732.710000038147
,,,,,4732.714999914169
,,,,,4732.72000002861
,,,,,4732.724999904633
,,,,,4732.7300000190735
,,,,,4732.734999895096
,,,,,4732.740000009537
,,,,,4732.744999885559
,,,,,4732.75
,,,,,4732.755000114441
,,,,,4732.759999990463
,,,,,4732.765000104904
,,,,,4732.7699999809265
,,,,,4732.775000095368
,,,,,4732.77999997139
,,,,,4732.785000085831
,,,,,4732.789999961853
,,,,,4732.795000076294
,,,,,4732.799999952316
,,,,,4732.805000066757
,,,,,4732.8099999427795
,,,,,4732.815000057221
,,,,,4732.819999933243
,,,,,4732.825000047684
,,,,,4732.829999923706
,,,,,4732.835000038147
,,,,,4732.839999914169
,,,,,4732.84500002861
,,,,,4732.849999904633
,,,,,4732.8550000190735
,,,,,4732.859999895096
,,,,,4732.865000009537
,,,,,4732.869999885559
,,,,,4732.875
,,,,,4732.880000114441
,,,,,4732.884999990463
,,,,,4732.890000104904
,,,,,4732.8949999809265
,,,,,4732.900000095368
,,,,,4732.90499997139
,,,,,4732.910000085831
,,,,,4732.914999961853
,,,,,4732.920000076294
,,,,,4732.924999952316
,,,,,4732.930000066757
,,,,,4732.9349999427795
,,,,,4732.940000057221
,,,,,4732.944999933243
,,,,,4732.950000047684
,,,,,4732.954999923706
,,,,,4732.960000038147
,,,,,4732.964999914169
,,,,,4732.97000002861
,,,,,4732.974999904633
,,,,,4732.9800000190735
,,,,,4732.984999895096
,,,,,4732.990000009537
,,,,,4732.994999885559
,,,,,4733.0
,,,,,4733.005000114441
,,,,,4733.009999990463
,,,,,4733.015000104904
,,,,,4733.0199999809265
,,,,,4733.025000095368
,,,,,4733.02999997139
,,,,,4733.035000085831
,,,,,4733.039999961853
,,,,,4733.045000076294
,,,,,4733.049999952316
,,,,,4733.055000066757
,,,,,4733.0599999427795
,,,,,4733.065000057221
,,,,,4733.069999933243
,,,,,4733.075000047684
,,,,,4733.079999923706
,,,,,4733.085000038147
,,,,,4733.089999914169
,,,,,4733.09500002861
,,,,,4733.099999904633
,,,,,4733.1050000190735
,,,,,4733.109999895096
,,,,,4733.115000009537
,,,,,4733.119999885559
,,,,,4733.125
,,,,,4733.130000114441
,,,,,4733.134999990463
,,,,,4733.140000104904
,,,,,4733.1449999809265
,,,,,4733.150000095368
,,,,,4733.15499997139
,,,,,4733.160000085831
,,,,,4733.164999961853
,,,,,4733.170000076294
,,,,,4733.174999952316
,,,,,4733.180000066757
,,,,,4733.1849999427795
,,,,,4733.190000057221
,,,,,4733.194999933243
,,,,,4733.200000047684
,,,,,4733.204999923706
,,,,,4733.210000038147
,,,,,4733.214999914169
,,,,,4733.22000002861
,,,,,4733.224999904633
,,,,,4733.2300000190735
,,,,,4733.234999895096
,,,,,4733.240000009537
,,,,,4733.244999885559
,,,,,4733.25
,,,,,4733.255000114441
,,,,,4733.259999990463
,,,,,4733.265000104904
,,,,,4733.2699999809265
,,,,,4733.275000095368
,,,,,4733.27999997139
,,,,,4733.285000085831
,,,,,4733.289999961853
,,,,,4733.295000076294
,,,,,4733.299999952316
,,,,,4733.305000066757
,,,,,4733.3099999427795
,,,,,4733.315000057221
,,,,,4733.319999933243
,,,,,4733.325000047684
,,,,,4733.329999923706
,,,,,4733.335000038147
,,,,,4733.339999914169
,,,,,4733.34500002861
,,,,,4733.349999904633
,,,,,4733.3550000190735
,,,,,4733.359999895096
,,,,,4733.365000009537
,,,,,4733.369999885559
,,,,,4733.375
,,,,,4733.380000114441
,,,,,4733.384999990463
,,,,,4733.390000104904
,,,,,4733.3949999809265
,,,,,4733.400000095368
,,,,,4733.40499997139
,,,,,4733.410000085831
,,,,,4733.414999961853
,,,,,4733.420000076294
,,,,,4733.424999952316
,,,,,4733.430000066757
,,,,,4733.4349999427795
,,,,,4733.440000057221
,,,,,4733.444999933243
,,,,,4733.450000047684
,,,,,4733.454999923706
,,,,,4733.460000038147
,,,,,4733.464999914169
,,,,,4733.47000002861
,,,,,4733.474999904633
,,,,,4733.4800000190735
,,,,,4733.484999895096
,,,,,4733.490000009537
,,,,,4733.494999885559
,,,,,4733.5
,,,,,4733.505000114441
,,,,,4733.509999990463
,,,,,4733.515000104904
,,,,,4733.5199999809265
,,,,,4733.525000095368
,,,,,4733.52999997139
,,,,,4733.535000085831
,,,,,4733.539999961853
,,,,,4733.545000076294
,,,,,4733.549999952316
,,,,,4733.555000066757
,,,,,4733.5599999427795
,,,,,4733.565000057221
,,,,,4733.569999933243
,,,,,4733.575000047684
,,,,,4733.579999923706
,,,,,4733.585000038147
,,,,,4733.589999914169
,,,,,4733.59500002861
,,,,,4733.599999904633
,,,,,4733.6050000190735
,,,,,4733.609999895096
,,,,,4733.615000009537
,,,,,4733.619999885559
,,,,,4733.625
,,,,,4733.630000114441
,,,,,4733.634999990463
,,,,,4733.640000104904
,,,,,4733.6449999809265
,,,,,4733.650000095368
,,,,,4733.65499997139
,,,,,4733.660000085831
,,,,,4733.664999961853
,,,,,4733.670000076294
,,,,,4733.674999952316
,,,,,4733.680000066757
,,,,,4733.6849999427795
,,,,,4733.690000057221
,,,,,4733.694999933243
,,,,,4733.700000047684
,,,,,4733.704999923706
,,,,,4733.710000038147
,,,,,4733.714999914169
,,,,,4733.72000002861
,,,,,4733.724999904633
,,,,,4733.7300000190735
,,,,,4733.734999895096
,,,,,4733.740000009537
,,,,,4733.744999885559
,,,,,4733.75
,,,,,4733.755000114441
,,,,,4733.759999990463
,,,,,4733.765000104904
,,,,,4733.7699999809265
,,,,,4733.775000095368
,,,,,4733.77999997139
,,,,,4733.785000085831
,,,,,4733.789999961853
,,,,,4733.795000076294
,,,,,4733.799999952316
,,,,,4733.805000066757
,,,,,4733.8099999427795
,,,,,4733.815000057221
,,,,,4733.819999933243
,,,,,4733.825000047684
,,,,,4733.829999923706
,,,,,4733.835000038147
,,,,,4733.839999914169
,,,,,4733.84500002861
,,,,,4733.849999904633
,,,,,4733.8550000190735
,,,,,4733.859999895096
,,,,,4733.865000009537
,,,,,4733.869999885559
,,,,,4733.875
,,,,,4733.880000114441
,,,,,4733.884999990463
,,,,,4733.890000104904
,,,,,4733.8949999809265
,,,,,4733.900000095368
,,,,,4733.90499997139
,,,,,4733.910000085831
,,,,,4733.914999961853
,,,,,4733.920000076294
,,,,,4733.924999952316
,,,,,4733.930000066757
,,,,,4733.9349999427795
,,,,,4733.940000057221
,,,,,4733.944999933243
,,,,,4733.950000047684
,,,,,4733.954999923706
,,,,,4733.960000038147
,,,,,4733.964999914169
,,,,,4733.97000002861
,,,,,4733.974999904633
,,,,,4733.9800000190735
,,,,,4733.984999895096
,,,,,4733.990000009537
,,,,,4733.994999885559
,,,,,4734.0
,,,,,4734.005000114441
,,,,,4734.009999990463
,,,,,4734.015000104904
,,,,,4734.0199999809265
,,,,,4734.025000095368
,,,,,4734.02999997139
,,,,,4734.035000085831
,,,,,4734.039999961853
,,,,,4734.045000076294
,,,,,4734.049999952316
,,,,,4734.055000066757
,,,,,4734.0599999427795
,,,,,4734.065000057221
,,,,,4734.069999933243
,,,,,4734.075000047684
,,,,,4734.079999923706
,,,,,4734.085000038147
,,,,,4734.089999914169
,,,,,4734.09500002861
,,,,,4734.099999904633
,,,,,4734.1050000190735
,,,,,4734.109999895096
,,,,,4734.115000009537
,,,,,4734.119999885559
,,,,,4734.125
,,,,,4734.130000114441
,,,,,4734.134999990463
,,,,,4734.140000104904
,,,,,4734.1449999809265
,,,,,4734.150000095368
,,,,,4734.15499997139
,,,,,4734.160000085831
,,,,,4734.164999961853
,,,,,4734.170000076294
,,,,,4734.174999952316
,,,,,4734.180000066757
,,,,,4734.1849999427795
,,,,,4734.190000057221
,,,,,4734.194999933243
,,,,,4734.200000047684
,,,,,4734.204999923706
,,,,,4734.210000038147
,,,,,4734.214999914169
,,,,,4734.22000002861
,,,,,4734.224999904633
,,,,,4734.2300000190735
,,,,,4734.234999895096
,,,,,4734.240000009537
,,,,,4734.244999885559
,,,,,4734.25
,,,,,4734.255000114441
,,,,,4734.259999990463
,,,,,4734.265000104904
,,,,,4734.2699999809265
,,,,,4734.275000095368
,,,,,4734.27999997139
,,,,,4734.285000085831
,,,,,4734.289999961853
,,,,,4734.295000076294
,,,,,4734.299999952316
,,,,,4734.305000066757
,,,,,4734.3099999427795
,,,,,4734.315000057221
,,,,,4734.319999933243
,,,,,4734.325000047684
,,,,,4734.329999923706
,,,,,4734.335000038147
,,,,,4734.339999914169
,,,,,4734.34500002861
,,,,,4734.349999904633
,,,,,4734.3550000190735
,,,,,4734.359999895096
,,,,,4734.365000009537
,,,,,4734.369999885559
,,,,,4734.375
,,,,,4734.380000114441
,,,,,4734.384999990463
,,,,,4734.390000104904
,,,,,4734.3949999809265
,,,,,4734.400000095368
,,,,,4734.40499997139
,,,,,4734.410000085831
,,,,,4734.414999961853
,,,,,4734.420000076294
,,,,,4734.424999952316
,,,,,4734.430000066757
,,,,,4734.4349999427795
,,,,,4734.440000057221
,,,,,4734.444999933243
,,,,,4734.450000047684
,,,,,4734.454999923706
,,,,,4734.460000038147
,,,,,4734.464999914169
,,,,,4734.47000002861
,,,,,4734.474999904633
,,,,,4734.4800000190735
,,,,,4734.484999895096
,,,,,4734.490000009537
,,,,,4734.494999885559
,,,,,4734.5
,,,,,4734.505000114441
,,,,,4734.509999990463
,,,,,4734.515000104904
,,,,,4734.5199999809265
,,,,,4734.525000095368
,,,,,4734.52999997139
,,,,,4734.535000085831
,,,,,4734.539999961853
,,,,,4734.545000076294
,,,,,4734.549999952316
,,,,,4734.555000066757
,,,,,4734.5599999427795
,,,,,4734.565000057221
,,,,,4734.569999933243
,,,,,4734.575000047684
,,,,,4734.579999923706
,,,,,4734.585000038147
,,,,,4734.589999914169
,,,,,4734.59500002861
,,,,,4734.599999904633
,,,,,4734.6050000190735
,,,,,4734.609999895096
,,,,,4734.615000009537
,,,,,4734.619999885559
,,,,,4734.625
,,,,,4734.630000114441
,,,,,4734.634999990463
,,,,,4734.640000104904
,,,,,4734.6449999809265
,,,,,4734.650000095368
,,,,,4734.65499997139
,,,,,4734.660000085831
,,,,,4734.664999961853
,,,,,4734.670000076294
,,,,,4734.674999952316
,,,,,4734.680000066757
,,,,,4734.6849999427795
,,,,,4734.690000057221
,,,,,4734.694999933243
,,,,,4734.700000047684
,,,,,4734.704999923706
,,,,,4734.710000038147
,,,,,4734.714999914169
,,,,,4734.72000002861
,,,,,4734.724999904633
,,,,,4734.7300000190735
,,,,,4734.734999895096
,,,,,4734.740000009537
,,,,,4734.744999885559
,,,,,4734.75
,,,,,4734.755000114441
,,,,,4734.759999990463
,,,,,4734.765000104904
,,,,,4734.7699999809265
,,,,,4734.775000095368
,,,,,4734.77999997139
,,,,,4734.785000085831
,,,,,4734.789999961853
,,,,,4734.795000076294
,,,,,4734.799999952316
,,,,,4734.805000066757
,,,,,4734.8099999427795
,,,,,4734.815000057221
,,,,,4734.819999933243
,,,,,4734.825000047684
,,,,,4734.829999923706
,,,,,4734.835000038147
,,,,,4734.839999914169
,,,,,4734.84500002861
,,,,,4734.849999904633
,,,,,4734.8550000190735
,,,,,4734.859999895096
,,,,,4734.865000009537
,,,,,4734.869999885559
,,,,,4734.875
,,,,,4734.880000114441
,,,,,4734.884999990463
,,,,,4734.890000104904
,,,,,4734.8949999809265
,,,,,4734.900000095368
,,,,,4734.90499997139
,,,,,4734.910000085831
,,,,,4734.914999961853
,,,,,4734.920000076294
,,,,,4734.924999952316
,,,,,4734.930000066757
,,,,,4734.9349999427795
,,,,,4734.940000057221
,,,,,4734.944999933243
,,,,,4734.950000047684
,,,,,4734.954999923706
,,,,,4734.960000038147
,,,,,4734.964999914169
,,,,,4734.97000002861
,,,,,4734.974999904633
,,,,,4734.9800000190735
,,,,,4734.984999895096
,,,,,4734.990000009537
,,,,,4734.994999885559
,,,,,4735.0
,,,,,4735.005000114441
,,,,,4735.009999990463
,,,,,4735.015000104904
,,,,,4735.0199999809265
,,,,,4735.025000095368
,,,,,4735.02999997139
,,,,,4735.035000085831
,,,,,4735.039999961853
,,,,,4735.045000076294
,,,,,4735.049999952316
,,,,,4735.055000066757
,,,,,4735.0599999427795
,,,,,4735.065000057221
,,,,,4735.069999933243
,,,,,4735.075000047684
,,,,,4735.079999923706
,,,,,4735.085000038147
,,,,,4735.089999914169
,,,,,4735.09500002861
,,,,,4735.099999904633
,,,,,4735.1050000190735
,,,,,4735.109999895096
,,,,,4735.115000009537
,,,,,4735.119999885559
,,,,,4735.125
,,,,,4735.130000114441
,,,,,4735.134999990463
,,,,,4735.140000104904
,,,,,4735.1449999809265
,,,,,4735.150000095368
,,,,,4735.15499997139
,,,,,4735.160000085831
,,,,,4735.164999961853
,,,,,4735.170000076294
,,,,,4735.174999952316
,,,,,4735.180000066757
,,,,,4735.1849999427795
,,,,,4735.190000057221
,,,,,4735.194999933243
,,,,,4735.200000047684
,,,,,4735.204999923706
,,,,,4735.210000038147
,,,,,4735.214999914169
,,,,,4735.22000002861
,,,,,4735.224999904633
,,,,,4735.2300000190735
,,,,,4735.234999895096
,,,,,4735.240000009537
,,,,,4735.244999885559
,,,,,4735.25
,,,,,4735.255000114441
,,,,,4735.259999990463
,,,,,4735.265000104904
,,,,,4735.2699999809265
,,,,,4735.275000095368
,,,,,4735.27999997139
,,,,,4735.285000085831
,,,,,4735.289999961853
,,,,,4735.295000076294
,,,,,4735.299999952316
,,,,,4735.305000066757
,,,,,4735.3099999427795
,,,,,4735.315000057221
,,,,,4735.319999933243
,,,,,4735.325000047684
,,,,,4735.329999923706
,,,,,4735.335000038147
,,,,,4735.339999914169
,,,,,4735.34500002861
,,,,,4735.349999904633
,,,,,4735.3550000190735
,,,,,4735.359999895096
,,,,,4735.365000009537
,,,,,4735.369999885559
,,,,,4735.375
,,,,,4735.380000114441
,,,,,4735.384999990463
,,,,,4735.390000104904
,,,,,4735.3949999809265
,,,,,4735.400000095368
,,,,,4735.40499997139
,,,,,4735.410000085831
,,,,,4735.414999961853
,,,,,4735.420000076294
,,,,,4735.424999952316
,,,,,4735.430000066757
,,,,,4735.4349999427795
,,,,,4735.440000057221
,,,,,4735.444999933243
,,,,,4735.450000047684
,,,,,4735.454999923706
,,,,,4735.460000038147
,,,,,4735.464999914169
,,,,,4735.47000002861
,,,,,4735.474999904633
,,,,,4735.4800000190735
,,,,,4735.484999895096
,,,,,4735.490000009537
,,,,,4735.494999885559
,,,,,4735.5
,,,,,4735.505000114441
,,,,,4735.509999990463
,,,,,4735.515000104904
,,,,,4735.5199999809265
,,,,,4735.525000095368
,,,,,4735.52999997139
,,,,,4735.535000085831
,,,,,4735.539999961853
,,,,,4735.545000076294
,,,,,4735.549999952316
,,,,,4735.555000066757
,,,,,4735.5599999427795
,,,,,4735.565000057221
,,,,,4735.569999933243
,,,,,4735.575000047684
,,,,,4735.579999923706
,,,,,4735.585000038147
,,,,,4735.589999914169
,,,,,4735.59500002861
,,,,,4735.599999904633
,,,,,4735.6050000190735
,,,,,4735.609999895096
,,,,,4735.615000009537
,,,,,4735.619999885559
,,,,,4735.625
,,,,,4735.630000114441
,,,,,4735.634999990463
,,,,,4735.640000104904
,,,,,4735.6449999809265
,,,,,4735.650000095368
,,,,,4735.65499997139
,,,,,4735.660000085831
,,,,,4735.664999961853
,,,,,4735.670000076294
,,,,,4735.674999952316
,,,,,4735.680000066757
,,,,,4735.6849999427795
,,,,,4735.690000057221
,,,,,4735.694999933243
,,,,,4735.700000047684
,,,,,4735.704999923706
,,,,,4735.710000038147
,,,,,4735.714999914169
,,,,,4735.72000002861
,,,,,4735.724999904633
,,,,,4735.7300000190735
,,,,,4735.734999895096
,,,,,4735.740000009537
,,,,,4735.744999885559
,,,,,4735.75
,,,,,4735.755000114441
,,,,,4735.759999990463
,,,,,4735.765000104904
,,,,,4735.7699999809265
,,,,,4735.775000095368
,,,,,4735.77999997139
,,,,,4735.785000085831
,,,,,4735.789999961853
,,,,,4735.795000076294
,,,,,4735.799999952316
,,,,,4735.805000066757
,,,,,4735.8099999427795
,,,,,4735.815000057221
,,,,,4735.819999933243
,,,,,4735.825000047684
,,,,,4735.829999923706
,,,,,4735.835000038147
,,,,,4735.839999914169
,,,,,4735.84500002861
,,,,,4735.849999904633
,,,,,4735.8550000190735
,,,,,4735.859999895096
,,,,,4735.865000009537
,,,,,4735.869999885559
,,,,,4735.875
,,,,,4735.880000114441
,,,,,4735.884999990463
,,,,,4735.890000104904
,,,,,4735.8949999809265
,,,,,4735.900000095368
,,,,,4735.90499997139
,,,,,4735.910000085831
,,,,,4735.914999961853
,,,,,4735.920000076294
,,,,,4735.924999952316
,,,,,4735.930000066757
,,,,,4735.9349999427795
,,,,,4735.940000057221
,,,,,4735.944999933243
,,,,,4735.950000047684
,,,,,4735.954999923706
,,,,,4735.960000038147
,,,,,4735.964999914169
,,,,,4735.97000002861
,,,,,4735.974999904633
,,,,,4735.9800000190735
,,,,,4735.984999895096
,,,,,4735.990000009537
,,,,,4735.994999885559
,,,,,4736.0
,,,,,4736.005000114441
,,,,,4736.009999990463
,,,,,4736.015000104904
,,,,,4736.0199999809265
,,,,,4736.025000095368
,,,,,4736.02999997139
,,,,,4736.035000085831
,,,,,4736.039999961853
,,,,,4736.045000076294
,,,,,4736.049999952316
,,,,,4736.055000066757
,,,,,4736.0599999427795
,,,,,4736.065000057221
,,,,,4736.069999933243
,,,,,4736.075000047684
,,,,,4736.079999923706
,,,,,4736.085000038147
,,,,,4736.089999914169
,,,,,4736.09500002861
,,,,,4736.099999904633
,,,,,4736.1050000190735
,,,,,4736.109999895096
,,,,,4736.115000009537
,,,,,4736.119999885559
,,,,,4736.125
,,,,,4736.130000114441
,,,,,4736.134999990463
,,,,,4736.140000104904
,,,,,4736.1449999809265
,,,,,4736.150000095368
,,,,,4736.15499997139
,,,,,4736.160000085831
,,,,,4736.164999961853
,,,,,4736.170000076294
,,,,,4736.174999952316
,,,,,4736.180000066757
,,,,,4736.1849999427795
,,,,,4736.190000057221
,,,,,4736.194999933243
,,,,,4736.200000047684
,,,,,4736.204999923706
,,,,,4736.210000038147
,,,,,4736.214999914169
,,,,,4736.22000002861
,,,,,4736.224999904633
,,,,,4736.2300000190735
,,,,,4736.234999895096
,,,,,4736.240000009537
,,,,,4736.244999885559
,,,,,4736.25
,,,,,4736.255000114441
,,,,,4736.259999990463
,,,,,4736.265000104904
,,,,,4736.2699999809265
,,,,,4736.275000095368
,,,,,4736.27999997139
,,,,,4736.285000085831
,,,,,4736.289999961853
,,,,,4736.295000076294
,,,,,4736.299999952316
,,,,,4736.305000066757
,,,,,4736.3099999427795
,,,,,4736.315000057221
,,,,,4736.319999933243
,,,,,4736.325000047684
,,,,,4736.329999923706
,,,,,4736.335000038147
,,,,,4736.339999914169
,,,,,4736.34500002861
,,,,,4736.349999904633
,,,,,4736.3550000190735
,,,,,4736.359999895096
,,,,,4736.365000009537
,,,,,4736.369999885559
,,,,,4736.375
,,,,,4736.380000114441
,,,,,4736.384999990463
,,,,,4736.390000104904
,,,,,4736.3949999809265
,,,,,4736.400000095368
,,,,,4736.40499997139
,,,,,4736.410000085831
,,,,,4736.414999961853
,,,,,4736.420000076294
,,,,,4736.424999952316
,,,,,4736.430000066757
,,,,,4736.4349999427795
,,,,,4736.440000057221
,,,,,4736.444999933243
,,,,,4736.450000047684
,,,,,4736.454999923706
,,,,,4736.460000038147
,,,,,4736.464999914169
,,,,,4736.47000002861
,,,,,4736.474999904633
,,,,,4736.4800000190735
,,,,,4736.484999895096
,,,,,4736.490000009537
,,,,,4736.494999885559
,,,,,4736.5
,,,,,4736.505000114441
,,,,,4736.509999990463
,,,,,4736.515000104904
,,,,,4736.5199999809265
,,,,,4736.525000095368
,,,,,4736.52999997139
,,,,,4736.535000085831
,,,,,4736.539999961853
,,,,,4736.545000076294
,,,,,4736.549999952316
,,,,,4736.555000066757
,,,,,4736.5599999427795
,,,,,4736.565000057221
,,,,,4736.569999933243
,,,,,4736.575000047684
,,,,,4736.579999923706
,,,,,4736.585000038147
,,,,,4736.589999914169
,,,,,4736.59500002861
,,,,,4736.599999904633
,,,,,4736.6050000190735
,,,,,4736.609999895096
,,,,,4736.615000009537
,,,,,4736.619999885559
,,,,,4736.625
,,,,,4736.630000114441
,,,,,4736.634999990463
,,,,,4736.640000104904
,,,,,4736.6449999809265
,,,,,4736.650000095368
,,,,,4736.65499997139
,,,,,4736.660000085831
,,,,,4736.664999961853
,,,,,4736.670000076294
,,,,,4736.674999952316
,,,,,4736.680000066757
,,,,,4736.6849999427795
,,,,,4736.690000057221
,,,,,4736.694999933243
,,,,,4736.700000047684
,,,,,4736.704999923706
,,,,,4736.710000038147
,,,,,4736.714999914169
,,,,,4736.72000002861
,,,,,4736.724999904633
,,,,,4736.7300000190735
,,,,,4736.734999895096
,,,,,4736.740000009537
,,,,,4736.744999885559
,,,,,4736.75
,,,,,4736.755000114441
,,,,,4736.759999990463
,,,,,4736.765000104904
,,,,,4736.7699999809265
,,,,,4736.775000095368
,,,,,4736.77999997139
,,,,,4736.785000085831
,,,,,4736.789999961853
,,,,,4736.795000076294
,,,,,4736.799999952316
,,,,,4736.805000066757
,,,,,4736.8099999427795
,,,,,4736.815000057221
,,,,,4736.819999933243
,,,,,4736.825000047684
,,,,,4736.829999923706
,,,,,4736.835000038147
,,,,,4736.839999914169
,,,,,4736.84500002861
,,,,,4736.849999904633
,,,,,4736.8550000190735
,,,,,4736.859999895096
,,,,,4736.865000009537
,,,,,4736.869999885559
,,,,,4736.875
,,,,,4736.880000114441
,,,,,4736.884999990463
,,,,,4736.890000104904
,,,,,4736.8949999809265
,,,,,4736.900000095368
,,,,,4736.90499997139
,,,,,4736.910000085831
,,,,,4736.914999961853
,,,,,4736.920000076294
,,,,,4736.924999952316
,,,,,4736.930000066757
,,,,,4736.9349999427795
,,,,,4736.940000057221
,,,,,4736.944999933243
,,,,,4736.950000047684
,,,,,4736.954999923706
,,,,,4736.960000038147
,,,,,4736.964999914169
,,,,,4736.97000002861
,,,,,4736.974999904633
,,,,,4736.9800000190735
,,,,,4736.984999895096
,,,,,4736.990000009537
,,,,,4736.994999885559
,,,,,4737.0
,,,,,4737.005000114441
,,,,,4737.009999990463
,,,,,4737.015000104904
,,,,,4737.0199999809265
,,,,,4737.025000095368
,,,,,4737.02999997139
,,,,,4737.035000085831
,,,,,4737.039999961853
,,,,,4737.045000076294
,,,,,4737.049999952316
,,,,,4737.055000066757
,,,,,4737.0599999427795
,,,,,4737.065000057221
,,,,,4737.069999933243
,,,,,4737.075000047684
,,,,,4737.079999923706
,,,,,4737.085000038147
,,,,,4737.089999914169
,,,,,4737.09500002861
,,,,,4737.099999904633
,,,,,4737.1050000190735
,,,,,4737.109999895096
,,,,,4737.115000009537
,,,,,4737.119999885559
,,,,,4737.125
,,,,,4737.130000114441
,,,,,4737.134999990463
,,,,,4737.140000104904
,,,,,4737.1449999809265
,,,,,4737.150000095368
,,,,,4737.15499997139
,,,,,4737.160000085831
,,,,,4737.164999961853
,,,,,4737.170000076294
,,,,,4737.174999952316
,,,,,4737.180000066757
,,,,,4737.1849999427795
,,,,,4737.190000057221
,,,,,4737.194999933243
,,,,,4737.200000047684
,,,,,4737.204999923706
,,,,,4737.210000038147
,,,,,4737.214999914169
,,,,,4737.22000002861
,,,,,4737.224999904633
,,,,,4737.2300000190735
,,,,,4737.234999895096
,,,,,4737.240000009537
,,,,,4737.244999885559
,,,,,4737.25
,,,,,4737.255000114441
,,,,,4737.259999990463
,,,,,4737.265000104904
,,,,,4737.2699999809265
,,,,,4737.275000095368
,,,,,4737.27999997139
,,,,,4737.285000085831
,,,,,4737.289999961853
,,,,,4737.295000076294
,,,,,4737.299999952316
,,,,,4737.305000066757
,,,,,4737.3099999427795
,,,,,4737.315000057221
,,,,,4737.319999933243
,,,,,4737.325000047684
,,,,,4737.329999923706
,,,,,4737.335000038147
,,,,,4737.339999914169
,,,,,4737.34500002861
,,,,,4737.349999904633
,,,,,4737.3550000190735
,,,,,4737.359999895096
,,,,,4737.365000009537
,,,,,4737.369999885559
,,,,,4737.375
,,,,,4737.380000114441
,,,,,4737.384999990463
,,,,,4737.390000104904
,,,,,4737.3949999809265
,,,,,4737.400000095368
,,,,,4737.40499997139
,,,,,4737.410000085831
,,,,,4737.414999961853
,,,,,4737.420000076294
,,,,,4737.424999952316
,,,,,4737.430000066757
,,,,,4737.4349999427795
,,,,,4737.440000057221
,,,,,4737.444999933243
,,,,,4737.450000047684
,,,,,4737.454999923706
,,,,,4737.460000038147
,,,,,4737.464999914169
,,,,,4737.47000002861
,,,,,4737.474999904633
,,,,,4737.4800000190735
,,,,,4737.484999895096
,,,,,4737.490000009537
,,,,,4737.494999885559
,,,,,4737.5
,,,,,4737.505000114441
,,,,,4737.509999990463
,,,,,4737.515000104904
,,,,,4737.5199999809265
,,,,,4737.525000095368
,,,,,4737.52999997139
,,,,,4737.535000085831
,,,,,4737.539999961853
,,,,,4737.545000076294
,,,,,4737.549999952316
,,,,,4737.555000066757
,,,,,4737.5599999427795
,,,,,4737.565000057221
,,,,,4737.569999933243
,,,,,4737.575000047684
,,,,,4737.579999923706
,,,,,4737.585000038147
,,,,,4737.589999914169
,,,,,4737.59500002861
,,,,,4737.599999904633
,,,,,4737.6050000190735
,,,,,4737.609999895096
,,,,,4737.615000009537
,,,,,4737.619999885559
,,,,,4737.625
,,,,,4737.630000114441
,,,,,4737.634999990463
,,,,,4737.640000104904
,,,,,4737.6449999809265
,,,,,4737.650000095368
,,,,,4737.65499997139
,,,,,4737.660000085831
,,,,,4737.664999961853
,,,,,4737.670000076294
,,,,,4737.674999952316
,,,,,4737.680000066757
,,,,,4737.6849999427795
,,,,,4737.690000057221
,,,,,4737.694999933243
,,,,,4737.700000047684
,,,,,4737.704999923706
,,,,,4737.710000038147
,,,,,4737.714999914169
,,,,,4737.72000002861
,,,,,4737.724999904633
,,,,,4737.7300000190735
,,,,,4737.734999895096
,,,,,4737.740000009537
,,,,,4737.744999885559
,,,,,4737.75
,,,,,4737.755000114441
,,,,,4737.759999990463
,,,,,4737.765000104904
,,,,,4737.7699999809265
,,,,,4737.775000095368
,,,,,4737.77999997139
,,,,,4737.785000085831
,,,,,4737.789999961853
,,,,,4737.795000076294
,,,,,4737.799999952316
,,,,,4737.805000066757
,,,,,4737.8099999427795
,,,,,4737.815000057221
,,,,,4737.819999933243
,,,,,4737.825000047684
,,,,,4737.829999923706
,,,,,4737.835000038147
,,,,,4737.839999914169
,,,,,4737.84500002861
,,,,,4737.849999904633
,,,,,4737.8550000190735
,,,,,4737.859999895096
,,,,,4737.865000009537
,,,,,4737.869999885559
,,,,,4737.875
,,,,,4737.880000114441
,,,,,4737.884999990463
,,,,,4737.890000104904
,,,,,4737.8949999809265
,,,,,4737.900000095368
,,,,,4737.90499997139
,,,,,4737.910000085831
,,,,,4737.914999961853
,,,,,4737.920000076294
,,,,,4737.924999952316
,,,,,4737.930000066757
,,,,,4737.9349999427795
,,,,,4737.940000057221
,,,,,4737.944999933243
,,,,,4737.950000047684
,,,,,4737.954999923706
,,,,,4737.960000038147
,,,,,4737.964999914169
,,,,,4737.97000002861
,,,,,4737.974999904633
,,,,,4737.9800000190735
,,,,,4737.984999895096
,,,,,4737.990000009537
,,,,,4737.994999885559
,,,,,4738.0
,,,,,4738.005000114441
,,,,,4738.009999990463
,,,,,4738.015000104904
,,,,,4738.0199999809265
,,,,,4738.025000095368
,,,,,4738.02999997139
,,,,,4738.035000085831
,,,,,4738.039999961853
,,,,,4738.045000076294
,,,,,4738.049999952316
,,,,,4738.055000066757
,,,,,4738.0599999427795
,,,,,4738.065000057221
,,,,,4738.069999933243
,,,,,4738.075000047684
,,,,,4738.079999923706
,,,,,4738.085000038147
,,,,,4738.089999914169
,,,,,4738.09500002861
,,,,,4738.099999904633
,,,,,4738.1050000190735
,,,,,4738.109999895096
,,,,,4738.115000009537
,,,,,4738.119999885559
,,,,,4738.125
,,,,,4738.130000114441
,,,,,4738.134999990463
,,,,,4738.140000104904
,,,,,4738.1449999809265
,,,,,4738.150000095368
,,,,,4738.15499997139
,,,,,4738.160000085831
,,,,,4738.164999961853
,,,,,4738.170000076294
,,,,,4738.174999952316
,,,,,4738.180000066757
,,,,,4738.1849999427795
,,,,,4738.190000057221
,,,,,4738.194999933243
,,,,,4738.200000047684
,,,,,4738.204999923706
,,,,,4738.210000038147
,,,,,4738.214999914169
,,,,,4738.22000002861
,,,,,4738.224999904633
,,,,,4738.2300000190735
,,,,,4738.234999895096
,,,,,4738.240000009537
,,,,,4738.244999885559
,,,,,4738.25
,,,,,4738.255000114441
,,,,,4738.259999990463
,,,,,4738.265000104904
,,,,,4738.2699999809265
,,,,,4738.275000095368
,,,,,4738.27999997139
,,,,,4738.285000085831
,,,,,4738.289999961853
,,,,,4738.295000076294
,,,,,4738.299999952316
,,,,,4738.305000066757
,,,,,4738.3099999427795
,,,,,4738.315000057221
,,,,,4738.319999933243
,,,,,4738.325000047684
,,,,,4738.329999923706
,,,,,4738.335000038147
,,,,,4738.339999914169
,,,,,4738.34500002861
,,,,,4738.349999904633
,,,,,4738.3550000190735
,,,,,4738.359999895096
,,,,,4738.365000009537
,,,,,4738.369999885559
,,,,,4738.375
,,,,,4738.380000114441
,,,,,4738.384999990463
,,,,,4738.390000104904
,,,,,4738.3949999809265
,,,,,4738.400000095368
,,,,,4738.40499997139
,,,,,4738.410000085831
,,,,,4738.414999961853
,,,,,4738.420000076294
,,,,,4738.424999952316
,,,,,4738.430000066757
,,,,,4738.4349999427795
,,,,,4738.440000057221
,,,,,4738.444999933243
,,,,,4738.450000047684
,,,,,4738.454999923706
,,,,,4738.460000038147
,,,,,4738.464999914169
,,,,,4738.47000002861
,,,,,4738.474999904633
,,,,,4738.4800000190735
,,,,,4738.484999895096
,,,,,4738.490000009537
,,,,,4738.494999885559
,,,,,4738.5
,,,,,4738.505000114441
,,,,,4738.509999990463
,,,,,4738.515000104904
,,,,,4738.5199999809265
,,,,,4738.525000095368
,,,,,4738.52999997139
,,,,,4738.535000085831
,,,,,4738.539999961853
,,,,,4738.545000076294
,,,,,4738.549999952316
,,,,,4738.555000066757
,,,,,4738.5599999427795
,,,,,4738.565000057221
,,,,,4738.569999933243
,,,,,4738.575000047684
,,,,,4738.579999923706
,,,,,4738.585000038147
,,,,,4738.589999914169
,,,,,4738.59500002861
,,,,,4738.599999904633
,,,,,4738.6050000190735
,,,,,4738.609999895096
,,,,,4738.615000009537
,,,,,4738.619999885559
,,,,,4738.625
,,,,,4738.630000114441
,,,,,4738.634999990463
,,,,,4738.640000104904
,,,,,4738.6449999809265
,,,,,4738.650000095368
,,,,,4738.65499997139
,,,,,4738.660000085831
,,,,,4738.664999961853
,,,,,4738.670000076294
,,,,,4738.674999952316
,,,,,4738.680000066757
,,,,,4738.6849999427795
,,,,,4738.690000057221
,,,,,4738.694999933243
,,,,,4738.700000047684
,,,,,4738.704999923706
,,,,,4738.710000038147
,,,,,4738.714999914169
,,,,,4738.72000002861
,,,,,4738.724999904633
,,,,,4738.7300000190735
,,,,,4738.734999895096
,,,,,4738.740000009537
,,,,,4738.744999885559
,,,,,4738.75
,,,,,4738.755000114441
,,,,,4738.759999990463
,,,,,4738.765000104904
,,,,,4738.7699999809265
,,,,,4738.775000095368
,,,,,4738.77999997139
,,,,,4738.785000085831
,,,,,4738.789999961853
,,,,,4738.795000076294
,,,,,4738.799999952316
,,,,,4738.805000066757
,,,,,4738.8099999427795
,,,,,4738.815000057221
,,,,,4738.819999933243
,,,,,4738.825000047684
,,,,,4738.829999923706
,,,,,4738.835000038147
,,,,,4738.839999914169
,,,,,4738.84500002861
,,,,,4738.849999904633
,,,,,4738.8550000190735
,,,,,4738.859999895096
,,,,,4738.865000009537
,,,,,4738.869999885559
,,,,,4738.875
,,,,,4738.880000114441
,,,,,4738.884999990463
,,,,,4738.890000104904
,,,,,4738.8949999809265
,,,,,4738.900000095368
,,,,,4738.90499997139
,,,,,4738.910000085831
,,,,,4738.914999961853
,,,,,4738.920000076294
,,,,,4738.924999952316
,,,,,4738.930000066757
,,,,,4738.9349999427795
,,,,,4738.940000057221
,,,,,4738.944999933243
,,,,,4738.950000047684
,,,,,4738.954999923706
,,,,,4738.960000038147
,,,,,4738.964999914169
,,,,,4738.97000002861
,,,,,4738.974999904633
,,,,,4738.9800000190735
,,,,,4738.984999895096
,,,,,4738.990000009537
,,,,,4738.994999885559
,,,,,4739.0
,,,,,4739.005000114441
,,,,,4739.009999990463
,,,,,4739.015000104904
,,,,,4739.0199999809265
,,,,,4739.025000095368
,,,,,4739.02999997139
,,,,,4739.035000085831
,,,,,4739.039999961853
,,,,,4739.045000076294
,,,,,4739.049999952316
,,,,,4739.055000066757
,,,,,4739.0599999427795
,,,,,4739.065000057221
,,,,,4739.069999933243
,,,,,4739.075000047684
,,,,,4739.079999923706
,,,,,4739.085000038147
,,,,,4739.089999914169
,,,,,4739.09500002861
,,,,,4739.099999904633
,,,,,4739.1050000190735
,,,,,4739.109999895096
,,,,,4739.115000009537
,,,,,4739.119999885559
,,,,,4739.125
,,,,,4739.130000114441
,,,,,4739.134999990463
,,,,,4739.140000104904
,,,,,4739.1449999809265
,,,,,4739.150000095368
,,,,,4739.15499997139
,,,,,4739.160000085831
,,,,,4739.164999961853
,,,,,4739.170000076294
,,,,,4739.174999952316
,,,,,4739.180000066757
,,,,,4739.1849999427795
,,,,,4739.190000057221
,,,,,4739.194999933243
,,,,,4739.200000047684
,,,,,4739.204999923706
,,,,,4739.210000038147
,,,,,4739.214999914169
,,,,,4739.22000002861
,,,,,4739.224999904633
,,,,,4739.2300000190735
,,,,,4739.234999895096
,,,,,4739.240000009537
,,,,,4739.244999885559
,,,,,4739.25
,,,,,4739.255000114441
,,,,,4739.259999990463
,,,,,4739.265000104904
,,,,,4739.2699999809265
,,,,,4739.275000095368
,,,,,4739.27999997139
,,,,,4739.285000085831
,,,,,4739.289999961853
,,,,,4739.295000076294
,,,,,4739.299999952316
,,,,,4739.305000066757
,,,,,4739.3099999427795
,,,,,4739.315000057221
,,,,,4739.319999933243
,,,,,4739.325000047684
,,,,,4739.329999923706
,,,,,4739.335000038147
,,,,,4739.339999914169
,,,,,4739.34500002861
,,,,,4739.349999904633
,,,,,4739.3550000190735
,,,,,4739.359999895096
,,,,,4739.365000009537
,,,,,4739.369999885559
,,,,,4739.375
,,,,,4739.380000114441
,,,,,4739.384999990463
,,,,,4739.390000104904
,,,,,4739.3949999809265
,,,,,4739.400000095368
,,,,,4739.40499997139
,,,,,4739.410000085831
,,,,,4739.414999961853
,,,,,4739.420000076294
,,,,,4739.424999952316
,,,,,4739.430000066757
,,,,,4739.4349999427795
,,,,,4739.440000057221
,,,,,4739.444999933243
,,,,,4739.450000047684
,,,,,4739.454999923706
,,,,,4739.460000038147
,,,,,4739.464999914169
,,,,,4739.47000002861
,,,,,4739.474999904633
,,,,,4739.4800000190735
,,,,,4739.484999895096
,,,,,4739.490000009537
,,,,,4739.494999885559
,,,,,4739.5
,,,,,4739.505000114441
,,,,,4739.509999990463
,,,,,4739.515000104904
,,,,,4739.5199999809265
,,,,,4739.525000095368
,,,,,4739.52999997139
,,,,,4739.535000085831
,,,,,4739.539999961853
,,,,,4739.545000076294
,,,,,4739.549999952316
,,,,,4739.555000066757
,,,,,4739.5599999427795
,,,,,4739.565000057221
,,,,,4739.569999933243
,,,,,4739.575000047684
,,,,,4739.579999923706
,,,,,4739.585000038147
,,,,,4739.589999914169
,,,,,4739.59500002861
,,,,,4739.599999904633
,,,,,4739.6050000190735
,,,,,4739.609999895096
,,,,,4739.615000009537
,,,,,4739.619999885559
,,,,,4739.625
,,,,,4739.630000114441
,,,,,4739.634999990463
,,,,,4739.640000104904
,,,,,4739.6449999809265
,,,,,4739.650000095368
,,,,,4739.65499997139
,,,,,4739.660000085831
,,,,,4739.664999961853
,,,,,4739.670000076294
,,,,,4739.674999952316
,,,,,4739.680000066757
,,,,,4739.6849999427795
,,,,,4739.690000057221
,,,,,4739.694999933243
,,,,,4739.700000047684
,,,,,4739.704999923706
,,,,,4739.710000038147
,,,,,4739.714999914169
,,,,,4739.72000002861
,,,,,4739.724999904633
,,,,,4739.7300000190735
,,,,,4739.734999895096
,,,,,4739.740000009537
,,,,,4739.744999885559
,,,,,4739.75
,,,,,4739.755000114441
,,,,,4739.759999990463
,,,,,4739.765000104904
,,,,,4739.7699999809265
,,,,,4739.775000095368
,,,,,4739.77999997139
,,,,,4739.785000085831
,,,,,4739.789999961853
,,,,,4739.795000076294
,,,,,4739.799999952316
,,,,,4739.805000066757
,,,,,4739.8099999427795
,,,,,4739.815000057221
,,,,,4739.819999933243
,,,,,4739.825000047684
,,,,,4739.829999923706
,,,,,4739.835000038147
,,,,,4739.839999914169
,,,,,4739.84500002861
,,,,,4739.849999904633
,,,,,4739.8550000190735
,,,,,4739.859999895096
,,,,,4739.865000009537
,,,,,4739.869999885559
,,,,,4739.875
,,,,,4739.880000114441
,,,,,4739.884999990463
,,,,,4739.890000104904
,,,,,4739.8949999809265
,,,,,4739.900000095368
,,,,,4739.90499997139
,,,,,4739.910000085831
,,,,,4739.914999961853
,,,,,4739.920000076294
,,,,,4739.924999952316
,,,,,4739.930000066757
,,,,,4739.9349999427795
,,,,,4739.940000057221
,,,,,4739.944999933243
,,,,,4739.950000047684
,,,,,4739.954999923706
,,,,,4739.960000038147
,,,,,4739.964999914169
,,,,,4739.97000002861
,,,,,4739.974999904633
,,,,,4739.9800000190735
,,,,,4739.984999895096
,,,,,4739.990000009537
,,,,,4739.994999885559
,,,,,4740.0
,,,,,4740.005000114441
,,,,,4740.009999990463
,,,,,4740.015000104904
,,,,,4740.0199999809265
,,,,,4740.025000095368
,,,,,4740.02999997139
,,,,,4740.035000085831
,,,,,4740.039999961853
,,,,,4740.045000076294
,,,,,4740.049999952316
,,,,,4740.055000066757
,,,,,4740.0599999427795
,,,,,4740.065000057221
,,,,,4740.069999933243
,,,,,4740.075000047684
,,,,,4740.079999923706
,,,,,4740.085000038147
,,,,,4740.089999914169
,,,,,4740.09500002861
,,,,,4740.099999904633
,,,,,4740.1050000190735
,,,,,4740.109999895096
,,,,,4740.115000009537
,,,,,4740.119999885559
,,,,,4740.125
,,,,,4740.130000114441
,,,,,4740.134999990463
,,,,,4740.140000104904
,,,,,4740.1449999809265
,,,,,4740.150000095368
,,,,,4740.15499997139
,,,,,4740.160000085831
,,,,,4740.164999961853
,,,,,4740.170000076294
,,,,,4740.174999952316
,,,,,4740.180000066757
,,,,,4740.1849999427795
,,,,,4740.190000057221
,,,,,4740.194999933243
,,,,,4740.200000047684
,,,,,4740.204999923706
,,,,,4740.210000038147
,,,,,4740.214999914169
,,,,,4740.22000002861
,,,,,4740.224999904633
,,,,,4740.2300000190735
,,,,,4740.234999895096
,,,,,4740.240000009537
,,,,,4740.244999885559
,,,,,4740.25
,,,,,4740.255000114441
,,,,,4740.259999990463
,,,,,4740.265000104904
,,,,,4740.2699999809265
,,,,,4740.275000095368
,,,,,4740.27999997139
,,,,,4740.285000085831
,,,,,4740.289999961853
,,,,,4740.295000076294
,,,,,4740.299999952316
,,,,,4740.305000066757
,,,,,4740.3099999427795
,,,,,4740.315000057221
,,,,,4740.319999933243
,,,,,4740.325000047684
,,,,,4740.329999923706
,,,,,4740.335000038147
,,,,,4740.339999914169
,,,,,4740.34500002861
,,,,,4740.349999904633
,,,,,4740.3550000190735
,,,,,4740.359999895096
,,,,,4740.365000009537
,,,,,4740.369999885559
,,,,,4740.375
,,,,,4740.380000114441
,,,,,4740.384999990463
,,,,,4740.390000104904
,,,,,4740.3949999809265
,,,,,4740.400000095368
,,,,,4740.40499997139
,,,,,4740.410000085831
,,,,,4740.414999961853
,,,,,4740.420000076294
,,,,,4740.424999952316
,,,,,4740.430000066757
,,,,,4740.4349999427795
,,,,,4740.440000057221
,,,,,4740.444999933243
,,,,,4740.450000047684
,,,,,4740.454999923706
,,,,,4740.460000038147
,,,,,4740.464999914169
,,,,,4740.47000002861
,,,,,4740.474999904633
,,,,,4740.4800000190735
,,,,,4740.484999895096
,,,,,4740.490000009537
,,,,,4740.494999885559
,,,,,4740.5
,,,,,4740.505000114441
,,,,,4740.509999990463
,,,,,4740.515000104904
,,,,,4740.5199999809265
,,,,,4740.525000095368
,,,,,4740.52999997139
,,,,,4740.535000085831
,,,,,4740.539999961853
,,,,,4740.545000076294
,,,,,4740.549999952316
,,,,,4740.555000066757
,,,,,4740.5599999427795
,,,,,4740.565000057221
,,,,,4740.569999933243
,,,,,4740.575000047684
,,,,,4740.579999923706
,,,,,4740.585000038147
,,,,,4740.589999914169
,,,,,4740.59500002861
,,,,,4740.599999904633
,,,,,4740.6050000190735
,,,,,4740.609999895096
,,,,,4740.615000009537
,,,,,4740.619999885559
,,,,,4740.625
,,,,,4740.630000114441
,,,,,4740.634999990463
,,,,,4740.640000104904
,,,,,4740.6449999809265
,,,,,4740.650000095368
,,,,,4740.65499997139
,,,,,4740.660000085831
,,,,,4740.664999961853
,,,,,4740.670000076294
,,,,,4740.674999952316
,,,,,4740.680000066757
,,,,,4740.6849999427795
,,,,,4740.690000057221
,,,,,4740.694999933243
,,,,,4740.700000047684
,,,,,4740.704999923706
,,,,,4740.710000038147
,,,,,4740.714999914169
,,,,,4740.72000002861
,,,,,4740.724999904633
,,,,,4740.7300000190735
,,,,,4740.734999895096
,,,,,4740.740000009537
,,,,,4740.744999885559
,,,,,4740.75
,,,,,4740.755000114441
,,,,,4740.759999990463
,,,,,4740.765000104904
,,,,,4740.7699999809265
,,,,,4740.775000095368
,,,,,4740.77999997139
,,,,,4740.785000085831
,,,,,4740.789999961853
,,,,,4740.795000076294
,,,,,4740.799999952316
,,,,,4740.805000066757
,,,,,4740.8099999427795
,,,,,4740.815000057221
,,,,,4740.819999933243
,,,,,4740.825000047684
,,,,,4740.829999923706
,,,,,4740.835000038147
,,,,,4740.839999914169
,,,,,4740.84500002861
,,,,,4740.849999904633
,,,,,4740.8550000190735
,,,,,4740.859999895096
,,,,,4740.865000009537
,,,,,4740.869999885559
,,,,,4740.875
,,,,,4740.880000114441
,,,,,4740.884999990463
,,,,,4740.890000104904
,,,,,4740.8949999809265
,,,,,4740.900000095368
,,,,,4740.90499997139
,,,,,4740.910000085831
,,,,,4740.914999961853
,,,,,4740.920000076294
,,,,,4740.924999952316
,,,,,4740.930000066757
,,,,,4740.9349999427795
,,,,,4740.940000057221
,,,,,4740.944999933243
,,,,,4740.950000047684
,,,,,4740.954999923706
,,,,,4740.960000038147
,,,,,4740.964999914169
,,,,,4740.97000002861
,,,,,4740.974999904633
,,,,,4740.9800000190735
,,,,,4740.984999895096
,,,,,4740.990000009537
,,,,,4740.994999885559
,,,,,4741.0
,,,,,4741.005000114441
,,,,,4741.009999990463
,,,,,4741.015000104904
,,,,,4741.0199999809265
,,,,,4741.025000095368
,,,,,4741.02999997139
,,,,,4741.035000085831
,,,,,4741.039999961853
,,,,,4741.045000076294
,,,,,4741.049999952316
,,,,,4741.055000066757
,,,,,4741.0599999427795
,,,,,4741.065000057221
,,,,,4741.069999933243
,,,,,4741.075000047684
,,,,,4741.079999923706
,,,,,4741.085000038147
,,,,,4741.089999914169
,,,,,4741.09500002861
,,,,,4741.099999904633
,,,,,4741.1050000190735
,,,,,4741.109999895096
,,,,,4741.115000009537
,,,,,4741.119999885559
,,,,,4741.125
,,,,,4741.130000114441
,,,,,4741.134999990463
,,,,,4741.140000104904
,,,,,4741.1449999809265
,,,,,4741.150000095368
,,,,,4741.15499997139
,,,,,4741.160000085831
,,,,,4741.164999961853
,,,,,4741.170000076294
,,,,,4741.174999952316
,,,,,4741.180000066757
,,,,,4741.1849999427795
,,,,,4741.190000057221
,,,,,4741.194999933243
,,,,,4741.200000047684
,,,,,4741.204999923706
,,,,,4741.210000038147
,,,,,4741.214999914169
,,,,,4741.22000002861
,,,,,4741.224999904633
,,,,,4741.2300000190735
,,,,,4741.234999895096
,,,,,4741.240000009537
,,,,,4741.244999885559
,,,,,4741.25
,,,,,4741.255000114441
,,,,,4741.259999990463
,,,,,4741.265000104904
,,,,,4741.2699999809265
,,,,,4741.275000095368
,,,,,4741.27999997139
,,,,,4741.285000085831
,,,,,4741.289999961853
,,,,,4741.295000076294
,,,,,4741.299999952316
,,,,,4741.305000066757
,,,,,4741.3099999427795
,,,,,4741.315000057221
,,,,,4741.319999933243
,,,,,4741.325000047684
,,,,,4741.329999923706
,,,,,4741.335000038147
,,,,,4741.339999914169
,,,,,4741.34500002861
,,,,,4741.349999904633
,,,,,4741.3550000190735
,,,,,4741.359999895096
,,,,,4741.365000009537
,,,,,4741.369999885559
,,,,,4741.375
,,,,,4741.380000114441
,,,,,4741.384999990463
,,,,,4741.390000104904
,,,,,4741.3949999809265
,,,,,4741.400000095368
,,,,,4741.40499997139
,,,,,4741.410000085831
,,,,,4741.414999961853
,,,,,4741.420000076294
,,,,,4741.424999952316
,,,,,4741.430000066757
,,,,,4741.4349999427795
,,,,,4741.440000057221
,,,,,4741.444999933243
,,,,,4741.450000047684
,,,,,4741.454999923706
,,,,,4741.460000038147
,,,,,4741.464999914169
,,,,,4741.47000002861
,,,,,4741.474999904633
,,,,,4741.4800000190735
,,,,,4741.484999895096
,,,,,4741.490000009537
,,,,,4741.494999885559
,,,,,4741.5
,,,,,4741.505000114441
,,,,,4741.509999990463
,,,,,4741.515000104904
,,,,,4741.5199999809265
,,,,,4741.525000095368
,,,,,4741.52999997139
,,,,,4741.535000085831
,,,,,4741.539999961853
,,,,,4741.545000076294
,,,,,4741.549999952316
,,,,,4741.555000066757
,,,,,4741.5599999427795
,,,,,4741.565000057221
,,,,,4741.569999933243
,,,,,4741.575000047684
,,,,,4741.579999923706
,,,,,4741.585000038147
,,,,,4741.589999914169
,,,,,4741.59500002861
,,,,,4741.599999904633
,,,,,4741.6050000190735
,,,,,4741.609999895096
,,,,,4741.615000009537
,,,,,4741.619999885559
,,,,,4741.625
,,,,,4741.630000114441
,,,,,4741.634999990463
,,,,,4741.640000104904
,,,,,4741.6449999809265
,,,,,4741.650000095368
,,,,,4741.65499997139
,,,,,4741.660000085831
,,,,,4741.664999961853
,,,,,4741.670000076294
,,,,,4741.674999952316
,,,,,4741.680000066757
,,,,,4741.6849999427795
,,,,,4741.690000057221
,,,,,4741.694999933243
,,,,,4741.700000047684
,,,,,4741.704999923706
,,,,,4741.710000038147
,,,,,4741.714999914169
,,,,,4741.72000002861
,,,,,4741.724999904633
,,,,,4741.7300000190735
,,,,,4741.734999895096
,,,,,4741.740000009537
,,,,,4741.744999885559
,,,,,4741.75
,,,,,4741.755000114441
,,,,,4741.759999990463
,,,,,4741.765000104904
,,,,,4741.7699999809265
,,,,,4741.775000095368
,,,,,4741.77999997139
,,,,,4741.785000085831
,,,,,4741.789999961853
,,,,,4741.795000076294
,,,,,4741.799999952316
,,,,,4741.805000066757
,,,,,4741.8099999427795
,,,,,4741.815000057221
,,,,,4741.819999933243
,,,,,4741.825000047684
,,,,,4741.829999923706
,,,,,4741.835000038147
,,,,,4741.839999914169
,,,,,4741.84500002861
,,,,,4741.849999904633
,,,,,4741.8550000190735
,,,,,4741.859999895096
,,,,,4741.865000009537
,,,,,4741.869999885559
,,,,,4741.875
,,,,,4741.880000114441
,,,,,4741.884999990463
,,,,,4741.890000104904
,,,,,4741.8949999809265
,,,,,4741.900000095368
,,,,,4741.90499997139
,,,,,4741.910000085831
,,,,,4741.914999961853
,,,,,4741.920000076294
,,,,,4741.924999952316
,,,,,4741.930000066757
,,,,,4741.9349999427795
,,,,,4741.940000057221
,,,,,4741.944999933243
,,,,,4741.950000047684
,,,,,4741.954999923706
,,,,,4741.960000038147
,,,,,4741.964999914169
,,,,,4741.97000002861
,,,,,4741.974999904633
,,,,,4741.9800000190735
,,,,,4741.984999895096
,,,,,4741.990000009537
,,,,,4741.994999885559
,,,,,4742.0
,,,,,4742.005000114441
,,,,,4742.009999990463
,,,,,4742.015000104904
,,,,,4742.0199999809265
,,,,,4742.025000095368
,,,,,4742.02999997139
,,,,,4742.035000085831
,,,,,4742.039999961853
,,,,,4742.045000076294
,,,,,4742.049999952316
,,,,,4742.055000066757
,,,,,4742.0599999427795
,,,,,4742.065000057221
,,,,,4742.069999933243
,,,,,4742.075000047684
,,,,,4742.079999923706
,,,,,4742.085000038147
,,,,,4742.089999914169
,,,,,4742.09500002861
,,,,,4742.099999904633
,,,,,4742.1050000190735
,,,,,4742.109999895096
,,,,,4742.115000009537
,,,,,4742.119999885559
,,,,,4742.125
,,,,,4742.130000114441
,,,,,4742.134999990463
,,,,,4742.140000104904
,,,,,4742.1449999809265
,,,,,4742.150000095368
,,,,,4742.15499997139
,,,,,4742.160000085831
,,,,,4742.164999961853
,,,,,4742.170000076294
,,,,,4742.174999952316
,,,,,4742.180000066757
,,,,,4742.1849999427795
,,,,,4742.190000057221
,,,,,4742.194999933243
,,,,,4742.200000047684
,,,,,4742.204999923706
,,,,,4742.210000038147
,,,,,4742.214999914169
,,,,,4742.22000002861
,,,,,4742.224999904633
,,,,,4742.2300000190735
,,,,,4742.234999895096
,,,,,4742.240000009537
,,,,,4742.244999885559
,,,,,4742.25
,,,,,4742.255000114441
,,,,,4742.259999990463
,,,,,4742.265000104904
,,,,,4742.2699999809265
,,,,,4742.275000095368
,,,,,4742.27999997139
,,,,,4742.285000085831
,,,,,4742.289999961853
,,,,,4742.295000076294
,,,,,4742.299999952316
,,,,,4742.305000066757
,,,,,4742.3099999427795
,,,,,4742.315000057221
,,,,,4742.319999933243
,,,,,4742.325000047684
,,,,,4742.329999923706
,,,,,4742.335000038147
,,,,,4742.339999914169
,,,,,4742.34500002861
,,,,,4742.349999904633
,,,,,4742.3550000190735
,,,,,4742.359999895096
,,,,,4742.365000009537
,,,,,4742.369999885559
,,,,,4742.375
,,,,,4742.380000114441
,,,,,4742.384999990463
,,,,,4742.390000104904
,,,,,4742.3949999809265
,,,,,4742.400000095368
,,,,,4742.40499997139
,,,,,4742.410000085831
,,,,,4742.414999961853
,,,,,4742.420000076294
,,,,,4742.424999952316
,,,,,4742.430000066757
,,,,,4742.4349999427795
,,,,,4742.440000057221
,,,,,4742.444999933243
,,,,,4742.450000047684
,,,,,4742.454999923706
,,,,,4742.460000038147
,,,,,4742.464999914169
,,,,,4742.47000002861
,,,,,4742.474999904633
,,,,,4742.4800000190735
,,,,,4742.484999895096
,,,,,4742.490000009537
,,,,,4742.494999885559
,,,,,4742.5
,,,,,4742.505000114441
,,,,,4742.509999990463
,,,,,4742.515000104904
,,,,,4742.5199999809265
,,,,,4742.525000095368
,,,,,4742.52999997139
,,,,,4742.535000085831
,,,,,4742.539999961853
,,,,,4742.545000076294
,,,,,4742.549999952316
,,,,,4742.555000066757
,,,,,4742.5599999427795
,,,,,4742.565000057221
,,,,,4742.569999933243
,,,,,4742.575000047684
,,,,,4742.579999923706
,,,,,4742.585000038147
,,,,,4742.589999914169
,,,,,4742.59500002861
,,,,,4742.599999904633
,,,,,4742.6050000190735
,,,,,4742.609999895096
,,,,,4742.615000009537
,,,,,4742.619999885559
,,,,,4742.625
,,,,,4742.630000114441
,,,,,4742.634999990463
,,,,,4742.640000104904
,,,,,4742.6449999809265
,,,,,4742.650000095368
,,,,,4742.65499997139
,,,,,4742.660000085831
,,,,,4742.664999961853
,,,,,4742.670000076294
,,,,,4742.674999952316
,,,,,4742.680000066757
,,,,,4742.6849999427795
,,,,,4742.690000057221
,,,,,4742.694999933243
,,,,,4742.700000047684
,,,,,4742.704999923706
,,,,,4742.710000038147
,,,,,4742.714999914169
,,,,,4742.72000002861
,,,,,4742.724999904633
,,,,,4742.7300000190735
,,,,,4742.734999895096
,,,,,4742.740000009537
,,,,,4742.744999885559
,,,,,4742.75
,,,,,4742.755000114441
,,,,,4742.759999990463
,,,,,4742.765000104904
,,,,,4742.7699999809265
,,,,,4742.775000095368
,,,,,4742.77999997139
,,,,,4742.785000085831
,,,,,4742.789999961853
,,,,,4742.795000076294
,,,,,4742.799999952316
,,,,,4742.805000066757
,,,,,4742.8099999427795
,,,,,4742.815000057221
,,,,,4742.819999933243
,,,,,4742.825000047684
,,,,,4742.829999923706
,,,,,4742.835000038147
,,,,,4742.839999914169
,,,,,4742.84500002861
,,,,,4742.849999904633
,,,,,4742.8550000190735
,,,,,4742.859999895096
,,,,,4742.865000009537
,,,,,4742.869999885559
,,,,,4742.875
,,,,,4742.880000114441
,,,,,4742.884999990463
,,,,,4742.890000104904
,,,,,4742.8949999809265
,,,,,4742.900000095368
,,,,,4742.90499997139
,,,,,4742.910000085831
,,,,,4742.914999961853
,,,,,4742.920000076294
,,,,,4742.924999952316
,,,,,4742.930000066757
,,,,,4742.9349999427795
,,,,,4742.940000057221
,,,,,4742.944999933243
,,,,,4742.950000047684
,,,,,4742.954999923706
,,,,,4742.960000038147
,,,,,4742.964999914169
,,,,,4742.97000002861
,,,,,4742.974999904633
,,,,,4742.9800000190735
,,,,,4742.984999895096
,,,,,4742.990000009537
,,,,,4742.994999885559
,,,,,4743.0
,,,,,4743.005000114441
,,,,,4743.009999990463
,,,,,4743.015000104904
,,,,,4743.0199999809265
,,,,,4743.025000095368
,,,,,4743.02999997139
,,,,,4743.035000085831
,,,,,4743.039999961853
,,,,,4743.045000076294
,,,,,4743.049999952316
,,,,,4743.055000066757
,,,,,4743.0599999427795
,,,,,4743.065000057221
,,,,,4743.069999933243
,,,,,4743.075000047684
,,,,,4743.079999923706
,,,,,4743.085000038147
,,,,,4743.089999914169
,,,,,4743.09500002861
,,,,,4743.099999904633
,,,,,4743.1050000190735
,,,,,4743.109999895096
,,,,,4743.115000009537
,,,,,4743.119999885559
,,,,,4743.125
,,,,,4743.130000114441
,,,,,4743.134999990463
,,,,,4743.140000104904
,,,,,4743.1449999809265
,,,,,4743.150000095368
,,,,,4743.15499997139
,,,,,4743.160000085831
,,,,,4743.164999961853
,,,,,4743.170000076294
,,,,,4743.174999952316
,,,,,4743.180000066757
,,,,,4743.1849999427795
,,,,,4743.190000057221
,,,,,4743.194999933243
,,,,,4743.200000047684
,,,,,4743.204999923706
,,,,,4743.210000038147
,,,,,4743.214999914169
,,,,,4743.22000002861
,,,,,4743.224999904633
,,,,,4743.2300000190735
,,,,,4743.234999895096
,,,,,4743.240000009537
,,,,,4743.244999885559
,,,,,4743.25
,,,,,4743.255000114441
,,,,,4743.259999990463
,,,,,4743.265000104904
,,,,,4743.2699999809265
,,,,,4743.275000095368
,,,,,4743.27999997139
,,,,,4743.285000085831
,,,,,4743.289999961853
,,,,,4743.295000076294
,,,,,4743.299999952316
,,,,,4743.305000066757
,,,,,4743.3099999427795
,,,,,4743.315000057221
,,,,,4743.319999933243
,,,,,4743.325000047684
,,,,,4743.329999923706
,,,,,4743.335000038147
,,,,,4743.339999914169
,,,,,4743.34500002861
,,,,,4743.349999904633
,,,,,4743.3550000190735
,,,,,4743.359999895096
,,,,,4743.365000009537
,,,,,4743.369999885559
,,,,,4743.375
,,,,,4743.380000114441
,,,,,4743.384999990463
,,,,,4743.390000104904
,,,,,4743.3949999809265
,,,,,4743.400000095368
,,,,,4743.40499997139
,,,,,4743.410000085831
,,,,,4743.414999961853
,,,,,4743.420000076294
,,,,,4743.424999952316
,,,,,4743.430000066757
,,,,,4743.4349999427795
,,,,,4743.440000057221
,,,,,4743.444999933243
,,,,,4743.450000047684
,,,,,4743.454999923706
,,,,,4743.460000038147
,,,,,4743.464999914169
,,,,,4743.47000002861
,,,,,4743.474999904633
,,,,,4743.4800000190735
,,,,,4743.484999895096
,,,,,4743.490000009537
,,,,,4743.494999885559
,,,,,4743.5
,,,,,4743.505000114441
,,,,,4743.509999990463
,,,,,4743.515000104904
,,,,,4743.5199999809265
,,,,,4743.525000095368
,,,,,4743.52999997139
,,,,,4743.535000085831
,,,,,4743.539999961853
,,,,,4743.545000076294
,,,,,4743.549999952316
,,,,,4743.555000066757
,,,,,4743.5599999427795
,,,,,4743.565000057221
,,,,,4743.569999933243
,,,,,4743.575000047684
,,,,,4743.579999923706
,,,,,4743.585000038147
,,,,,4743.589999914169
,,,,,4743.59500002861
,,,,,4743.599999904633
,,,,,4743.6050000190735
,,,,,4743.609999895096
,,,,,4743.615000009537
,,,,,4743.619999885559
,,,,,4743.625
,,,,,4743.630000114441
,,,,,4743.634999990463
,,,,,4743.640000104904
,,,,,4743.6449999809265
,,,,,4743.650000095368
,,,,,4743.65499997139
,,,,,4743.660000085831
,,,,,4743.664999961853
,,,,,4743.670000076294
,,,,,4743.674999952316
,,,,,4743.680000066757
,,,,,4743.6849999427795
,,,,,4743.690000057221
,,,,,4743.694999933243
,,,,,4743.700000047684
,,,,,4743.704999923706
,,,,,4743.710000038147
,,,,,4743.714999914169
,,,,,4743.72000002861
,,,,,4743.724999904633
,,,,,4743.7300000190735
,,,,,4743.734999895096
,,,,,4743.740000009537
,,,,,4743.744999885559
,,,,,4743.75
,,,,,4743.755000114441
,,,,,4743.759999990463
,,,,,4743.765000104904
,,,,,4743.7699999809265
,,,,,4743.775000095368
,,,,,4743.77999997139
,,,,,4743.785000085831
,,,,,4743.789999961853
,,,,,4743.795000076294
,,,,,4743.799999952316
,,,,,4743.805000066757
,,,,,4743.8099999427795
,,,,,4743.815000057221
,,,,,4743.819999933243
,,,,,4743.825000047684
,,,,,4743.829999923706
,,,,,4743.835000038147
,,,,,4743.839999914169
,,,,,4743.84500002861
,,,,,4743.849999904633
,,,,,4743.8550000190735
,,,,,4743.859999895096
,,,,,4743.865000009537
,,,,,4743.869999885559
,,,,,4743.875
,,,,,4743.880000114441
,,,,,4743.884999990463
,,,,,4743.890000104904
,,,,,4743.8949999809265
,,,,,4743.900000095368
,,,,,4743.90499997139
,,,,,4743.910000085831
,,,,,4743.914999961853
,,,,,4743.920000076294
,,,,,4743.924999952316
,,,,,4743.930000066757
,,,,,4743.9349999427795
,,,,,4743.940000057221
,,,,,4743.944999933243
,,,,,4743.950000047684
,,,,,4743.954999923706
,,,,,4743.960000038147
,,,,,4743.964999914169
,,,,,4743.97000002861
,,,,,4743.974999904633
,,,,,4743.9800000190735
,,,,,4743.984999895096
,,,,,4743.990000009537
,,,,,4743.994999885559
,,,,,4744.0
,,,,,4744.005000114441
,,,,,4744.009999990463
,,,,,4744.015000104904
,,,,,4744.0199999809265
,,,,,4744.025000095368
,,,,,4744.02999997139
,,,,,4744.035000085831
,,,,,4744.039999961853
,,,,,4744.045000076294
,,,,,4744.049999952316
,,,,,4744.055000066757
,,,,,4744.0599999427795
,,,,,4744.065000057221
,,,,,4744.069999933243
,,,,,4744.075000047684
,,,,,4744.079999923706
,,,,,4744.085000038147
,,,,,4744.089999914169
,,,,,4744.09500002861
,,,,,4744.099999904633
,,,,,4744.1050000190735
,,,,,4744.109999895096
,,,,,4744.115000009537
,,,,,4744.119999885559
,,,,,4744.125
,,,,,4744.130000114441
,,,,,4744.134999990463
,,,,,4744.140000104904
,,,,,4744.1449999809265
,,,,,4744.150000095368
,,,,,4744.15499997139
,,,,,4744.160000085831
,,,,,4744.164999961853
,,,,,4744.170000076294
,,,,,4744.174999952316
,,,,,4744.180000066757
,,,,,4744.1849999427795
,,,,,4744.190000057221
,,,,,4744.194999933243
,,,,,4744.200000047684
,,,,,4744.204999923706
,,,,,4744.210000038147
,,,,,4744.214999914169
,,,,,4744.22000002861
,,,,,4744.224999904633
,,,,,4744.2300000190735
,,,,,4744.234999895096
,,,,,4744.240000009537
,,,,,4744.244999885559
,,,,,4744.25
,,,,,4744.255000114441
,,,,,4744.259999990463
,,,,,4744.265000104904
,,,,,4744.2699999809265
,,,,,4744.275000095368
,,,,,4744.27999997139
,,,,,4744.285000085831
,,,,,4744.289999961853
,,,,,4744.295000076294
,,,,,4744.299999952316
,,,,,4744.305000066757
,,,,,4744.3099999427795
,,,,,4744.315000057221
,,,,,4744.319999933243
,,,,,4744.325000047684
,,,,,4744.329999923706
,,,,,4744.335000038147
,,,,,4744.339999914169
,,,,,4744.34500002861
,,,,,4744.349999904633
,,,,,4744.3550000190735
,,,,,4744.359999895096
,,,,,4744.365000009537
,,,,,4744.369999885559
,,,,,4744.375
,,,,,4744.380000114441
,,,,,4744.384999990463
,,,,,4744.390000104904
,,,,,4744.3949999809265
,,,,,4744.400000095368
,,,,,4744.40499997139
,,,,,4744.410000085831
,,,,,4744.414999961853
,,,,,4744.420000076294
,,,,,4744.424999952316
,,,,,4744.430000066757
,,,,,4744.4349999427795
,,,,,4744.440000057221
,,,,,4744.444999933243
,,,,,4744.450000047684
,,,,,4744.454999923706
,,,,,4744.460000038147
,,,,,4744.464999914169
,,,,,4744.47000002861
,,,,,4744.474999904633
,,,,,4744.4800000190735
,,,,,4744.484999895096
,,,,,4744.490000009537
,,,,,4744.494999885559
,,,,,4744.5
,,,,,4744.505000114441
,,,,,4744.509999990463
,,,,,4744.515000104904
,,,,,4744.5199999809265
,,,,,4744.525000095368
,,,,,4744.52999997139
,,,,,4744.535000085831
,,,,,4744.539999961853
,,,,,4744.545000076294
,,,,,4744.549999952316
,,,,,4744.555000066757
,,,,,4744.5599999427795
,,,,,4744.565000057221
,,,,,4744.569999933243
,,,,,4744.575000047684
,,,,,4744.579999923706
,,,,,4744.585000038147
,,,,,4744.589999914169
,,,,,4744.59500002861
,,,,,4744.599999904633
,,,,,4744.6050000190735
,,,,,4744.609999895096
,,,,,4744.615000009537
,,,,,4744.619999885559
,,,,,4744.625
,,,,,4744.630000114441
,,,,,4744.634999990463
,,,,,4744.640000104904
,,,,,4744.6449999809265
,,,,,4744.650000095368
,,,,,4744.65499997139
,,,,,4744.660000085831
,,,,,4744.664999961853
,,,,,4744.670000076294
,,,,,4744.674999952316
,,,,,4744.680000066757
,,,,,4744.6849999427795
,,,,,4744.690000057221
,,,,,4744.694999933243
,,,,,4744.700000047684
,,,,,4744.704999923706
,,,,,4744.710000038147
,,,,,4744.714999914169
,,,,,4744.72000002861
,,,,,4744.724999904633
,,,,,4744.7300000190735
,,,,,4744.734999895096
,,,,,4744.740000009537
,,,,,4744.744999885559
,,,,,4744.75
,,,,,4744.755000114441
,,,,,4744.759999990463
,,,,,4744.765000104904
,,,,,4744.7699999809265
,,,,,4744.775000095368
,,,,,4744.77999997139
,,,,,4744.785000085831
,,,,,4744.789999961853
,,,,,4744.795000076294
,,,,,4744.799999952316
,,,,,4744.805000066757
,,,,,4744.8099999427795
,,,,,4744.815000057221
,,,,,4744.819999933243
,,,,,4744.825000047684
,,,,,4744.829999923706
,,,,,4744.835000038147
,,,,,4744.839999914169
,,,,,4744.84500002861
,,,,,4744.849999904633
,,,,,4744.8550000190735
,,,,,4744.859999895096
,,,,,4744.865000009537
,,,,,4744.869999885559
,,,,,4744.875
,,,,,4744.880000114441
,,,,,4744.884999990463
,,,,,4744.890000104904
,,,,,4744.8949999809265
,,,,,4744.900000095368
,,,,,4744.90499997139
,,,,,4744.910000085831
,,,,,4744.914999961853
,,,,,4744.920000076294
,,,,,4744.924999952316
,,,,,4744.930000066757
,,,,,4744.9349999427795
,,,,,4744.940000057221
,,,,,4744.944999933243
,,,,,4744.950000047684
,,,,,4744.954999923706
,,,,,4744.960000038147
,,,,,4744.964999914169
,,,,,4744.97000002861
,,,,,4744.974999904633
,,,,,4744.9800000190735
,,,,,4744.984999895096
,,,,,4744.990000009537
,,,,,4744.994999885559
,,,,,4745.0
,,,,,4745.005000114441
,,,,,4745.009999990463
,,,,,4745.015000104904
,,,,,4745.0199999809265
,,,,,4745.025000095368
,,,,,4745.02999997139
,,,,,4745.035000085831
,,,,,4745.039999961853
,,,,,4745.045000076294
,,,,,4745.049999952316
,,,,,4745.055000066757
,,,,,4745.0599999427795
,,,,,4745.065000057221
,,,,,4745.069999933243
,,,,,4745.075000047684
,,,,,4745.079999923706
,,,,,4745.085000038147
,,,,,4745.089999914169
,,,,,4745.09500002861
,,,,,4745.099999904633
,,,,,4745.1050000190735
,,,,,4745.109999895096
,,,,,4745.115000009537
,,,,,4745.119999885559
,,,,,4745.125
,,,,,4745.130000114441
,,,,,4745.134999990463
,,,,,4745.140000104904
,,,,,4745.1449999809265
,,,,,4745.150000095368
,,,,,4745.15499997139
,,,,,4745.160000085831
,,,,,4745.164999961853
,,,,,4745.170000076294
,,,,,4745.174999952316
,,,,,4745.180000066757
,,,,,4745.1849999427795
,,,,,4745.190000057221
,,,,,4745.194999933243
,,,,,4745.200000047684
,,,,,4745.204999923706
,,,,,4745.210000038147
,,,,,4745.214999914169
,,,,,4745.22000002861
,,,,,4745.224999904633
,,,,,4745.2300000190735
,,,,,4745.234999895096
,,,,,4745.240000009537
,,,,,4745.244999885559
,,,,,4745.25
,,,,,4745.255000114441
,,,,,4745.259999990463
,,,,,4745.265000104904
,,,,,4745.2699999809265
,,,,,4745.275000095368
,,,,,4745.27999997139
,,,,,4745.285000085831
,,,,,4745.289999961853
,,,,,4745.295000076294
,,,,,4745.299999952316
,,,,,4745.305000066757
,,,,,4745.3099999427795
,,,,,4745.315000057221
,,,,,4745.319999933243
,,,,,4745.325000047684
,,,,,4745.329999923706
,,,,,4745.335000038147
,,,,,4745.339999914169
,,,,,4745.34500002861
,,,,,4745.349999904633
,,,,,4745.3550000190735
,,,,,4745.359999895096
,,,,,4745.365000009537
,,,,,4745.369999885559
,,,,,4745.375
,,,,,4745.380000114441
,,,,,4745.384999990463
,,,,,4745.390000104904
,,,,,4745.3949999809265
,,,,,4745.400000095368
,,,,,4745.40499997139
,,,,,4745.410000085831
,,,,,4745.414999961853
,,,,,4745.420000076294
,,,,,4745.424999952316
,,,,,4745.430000066757
,,,,,4745.4349999427795
,,,,,4745.440000057221
,,,,,4745.444999933243
,,,,,4745.450000047684
,,,,,4745.454999923706
,,,,,4745.460000038147
,,,,,4745.464999914169
,,,,,4745.47000002861
,,,,,4745.474999904633
,,,,,4745.4800000190735
,,,,,4745.484999895096
,,,,,4745.490000009537
,,,,,4745.494999885559
,,,,,4745.5
,,,,,4745.505000114441
,,,,,4745.509999990463
,,,,,4745.515000104904
,,,,,4745.5199999809265
,,,,,4745.525000095368
,,,,,4745.52999997139
,,,,,4745.535000085831
,,,,,4745.539999961853
,,,,,4745.545000076294
,,,,,4745.549999952316
,,,,,4745.555000066757
,,,,,4745.5599999427795
,,,,,4745.565000057221
,,,,,4745.569999933243
,,,,,4745.575000047684
,,,,,4745.579999923706
,,,,,4745.585000038147
,,,,,4745.589999914169
,,,,,4745.59500002861
,,,,,4745.599999904633
,,,,,4745.6050000190735
,,,,,4745.609999895096
,,,,,4745.615000009537
,,,,,4745.619999885559
,,,,,4745.625
,,,,,4745.630000114441
,,,,,4745.634999990463
,,,,,4745.640000104904
,,,,,4745.6449999809265
,,,,,4745.650000095368
,,,,,4745.65499997139
,,,,,4745.660000085831
,,,,,4745.664999961853
,,,,,4745.670000076294
,,,,,4745.674999952316
,,,,,4745.680000066757
,,,,,4745.6849999427795
,,,,,4745.690000057221
,,,,,4745.694999933243
,,,,,4745.700000047684
,,,,,4745.704999923706
,,,,,4745.710000038147
,,,,,4745.714999914169
,,,,,4745.72000002861
,,,,,4745.724999904633
,,,,,4745.7300000190735
,,,,,4745.734999895096
,,,,,4745.740000009537
,,,,,4745.744999885559
,,,,,4745.75
,,,,,4745.755000114441
,,,,,4745.759999990463
,,,,,4745.765000104904
,,,,,4745.7699999809265
,,,,,4745.775000095368
,,,,,4745.77999997139
,,,,,4745.785000085831
,,,,,4745.789999961853
,,,,,4745.795000076294
,,,,,4745.799999952316
,,,,,4745.805000066757
,,,,,4745.8099999427795
,,,,,4745.815000057221
,,,,,4745.819999933243
,,,,,4745.825000047684
,,,,,4745.829999923706
,,,,,4745.835000038147
,,,,,4745.839999914169
,,,,,4745.84500002861
,,,,,4745.849999904633
,,,,,4745.8550000190735
,,,,,4745.859999895096
,,,,,4745.865000009537
,,,,,4745.869999885559
,,,,,4745.875
,,,,,4745.880000114441
,,,,,4745.884999990463
,,,,,4745.890000104904
,,,,,4745.8949999809265
,,,,,4745.900000095368
,,,,,4745.90499997139
,,,,,4745.910000085831
,,,,,4745.914999961853
,,,,,4745.920000076294
,,,,,4745.924999952316
,,,,,4745.930000066757
,,,,,4745.9349999427795
,,,,,4745.940000057221
,,,,,4745.944999933243
,,,,,4745.950000047684
,,,,,4745.954999923706
,,,,,4745.960000038147
,,,,,4745.964999914169
,,,,,4745.97000002861
,,,,,4745.974999904633
,,,,,4745.9800000190735
,,,,,4745.984999895096
,,,,,4745.990000009537
,,,,,4745.994999885559
,,,,,4746.0
,,,,,4746.005000114441
,,,,,4746.009999990463
,,,,,4746.015000104904
,,,,,4746.0199999809265
,,,,,4746.025000095368
,,,,,4746.02999997139
,,,,,4746.035000085831
,,,,,4746.039999961853
,,,,,4746.045000076294
,,,,,4746.049999952316
,,,,,4746.055000066757
,,,,,4746.0599999427795
,,,,,4746.065000057221
,,,,,4746.069999933243
,,,,,4746.075000047684
,,,,,4746.079999923706
,,,,,4746.085000038147
,,,,,4746.089999914169
,,,,,4746.09500002861
,,,,,4746.099999904633
,,,,,4746.1050000190735
,,,,,4746.109999895096
,,,,,4746.115000009537
,,,,,4746.119999885559
,,,,,4746.125
,,,,,4746.130000114441
,,,,,4746.134999990463
,,,,,4746.140000104904
,,,,,4746.1449999809265
,,,,,4746.150000095368
,,,,,4746.15499997139
,,,,,4746.160000085831
,,,,,4746.164999961853
,,,,,4746.170000076294
,,,,,4746.174999952316
,,,,,4746.180000066757
,,,,,4746.1849999427795
,,,,,4746.190000057221
,,,,,4746.194999933243
,,,,,4746.200000047684
,,,,,4746.204999923706
,,,,,4746.210000038147
,,,,,4746.214999914169
,,,,,4746.22000002861
,,,,,4746.224999904633
,,,,,4746.2300000190735
,,,,,4746.234999895096
,,,,,4746.240000009537
,,,,,4746.244999885559
,,,,,4746.25
,,,,,4746.255000114441
,,,,,4746.259999990463
,,,,,4746.265000104904
,,,,,4746.2699999809265
,,,,,4746.275000095368
,,,,,4746.27999997139
,,,,,4746.285000085831
,,,,,4746.289999961853
,,,,,4746.295000076294
,,,,,4746.299999952316
,,,,,4746.305000066757
,,,,,4746.3099999427795
,,,,,4746.315000057221
,,,,,4746.319999933243
,,,,,4746.325000047684
,,,,,4746.329999923706
,,,,,4746.335000038147
,,,,,4746.339999914169
,,,,,4746.34500002861
,,,,,4746.349999904633
,,,,,4746.3550000190735
,,,,,4746.359999895096
,,,,,4746.365000009537
,,,,,4746.369999885559
,,,,,4746.375
,,,,,4746.380000114441
,,,,,4746.384999990463
,,,,,4746.390000104904
,,,,,4746.3949999809265
,,,,,4746.400000095368
,,,,,4746.40499997139
,,,,,4746.410000085831
,,,,,4746.414999961853
,,,,,4746.420000076294
,,,,,4746.424999952316
,,,,,4746.430000066757
,,,,,4746.4349999427795
,,,,,4746.440000057221
,,,,,4746.444999933243
,,,,,4746.450000047684
,,,,,4746.454999923706
,,,,,4746.460000038147
,,,,,4746.464999914169
,,,,,4746.47000002861
,,,,,4746.474999904633
,,,,,4746.4800000190735
,,,,,4746.484999895096
,,,,,4746.490000009537
,,,,,4746.494999885559
,,,,,4746.5
,,,,,4746.505000114441
,,,,,4746.509999990463
,,,,,4746.515000104904
,,,,,4746.5199999809265
,,,,,4746.525000095368
,,,,,4746.52999997139
,,,,,4746.535000085831
,,,,,4746.539999961853
,,,,,4746.545000076294
,,,,,4746.549999952316
,,,,,4746.555000066757
,,,,,4746.5599999427795
,,,,,4746.565000057221
,,,,,4746.569999933243
,,,,,4746.575000047684
,,,,,4746.579999923706
,,,,,4746.585000038147
,,,,,4746.589999914169
,,,,,4746.59500002861
,,,,,4746.599999904633
,,,,,4746.6050000190735
,,,,,4746.609999895096
,,,,,4746.615000009537
,,,,,4746.619999885559
,,,,,4746.625
,,,,,4746.630000114441
,,,,,4746.634999990463
,,,,,4746.640000104904
,,,,,4746.6449999809265
,,,,,4746.650000095368
,,,,,4746.65499997139
,,,,,4746.660000085831
,,,,,4746.664999961853
,,,,,4746.670000076294
,,,,,4746.674999952316
,,,,,4746.680000066757
,,,,,4746.6849999427795
,,,,,4746.690000057221
,,,,,4746.694999933243
,,,,,4746.700000047684
,,,,,4746.704999923706
,,,,,4746.710000038147
,,,,,4746.714999914169
,,,,,4746.72000002861
,,,,,4746.724999904633
,,,,,4746.7300000190735
,,,,,4746.734999895096
,,,,,4746.740000009537
,,,,,4746.744999885559
,,,,,4746.75
,,,,,4746.755000114441
,,,,,4746.759999990463
,,,,,4746.765000104904
,,,,,4746.7699999809265
,,,,,4746.775000095368
,,,,,4746.77999997139
,,,,,4746.785000085831
,,,,,4746.789999961853
,,,,,4746.795000076294
,,,,,4746.799999952316
,,,,,4746.805000066757
,,,,,4746.8099999427795
,,,,,4746.815000057221
,,,,,4746.819999933243
,,,,,4746.825000047684
,,,,,4746.829999923706
,,,,,4746.835000038147
,,,,,4746.839999914169
,,,,,4746.84500002861
,,,,,4746.849999904633
,,,,,4746.8550000190735
,,,,,4746.859999895096
,,,,,4746.865000009537
,,,,,4746.869999885559
,,,,,4746.875
,,,,,4746.880000114441
,,,,,4746.884999990463
,,,,,4746.890000104904
,,,,,4746.8949999809265
,,,,,4746.900000095368
,,,,,4746.90499997139
,,,,,4746.910000085831
,,,,,4746.914999961853
,,,,,4746.920000076294
,,,,,4746.924999952316
,,,,,4746.930000066757
,,,,,4746.9349999427795
,,,,,4746.940000057221
,,,,,4746.944999933243
,,,,,4746.950000047684
,,,,,4746.954999923706
,,,,,4746.960000038147
,,,,,4746.964999914169
,,,,,4746.97000002861
,,,,,4746.974999904633
,,,,,4746.9800000190735
,,,,,4746.984999895096
,,,,,4746.990000009537
,,,,,4746.994999885559
,,,,,4747.0
,,,,,4747.005000114441
,,,,,4747.009999990463
,,,,,4747.015000104904
,,,,,4747.0199999809265
,,,,,4747.025000095368
,,,,,4747.02999997139
,,,,,4747.035000085831
,,,,,4747.039999961853
,,,,,4747.045000076294
,,,,,4747.049999952316
,,,,,4747.055000066757
,,,,,4747.0599999427795
,,,,,4747.065000057221
,,,,,4747.069999933243
,,,,,4747.075000047684
,,,,,4747.079999923706
,,,,,4747.085000038147
,,,,,4747.089999914169
,,,,,4747.09500002861
,,,,,4747.099999904633
,,,,,4747.1050000190735
,,,,,4747.109999895096
,,,,,4747.115000009537
,,,,,4747.119999885559
,,,,,4747.125
,,,,,4747.130000114441
,,,,,4747.134999990463
,,,,,4747.140000104904
,,,,,4747.1449999809265
,,,,,4747.150000095368
,,,,,4747.15499997139
,,,,,4747.160000085831
,,,,,4747.164999961853
,,,,,4747.170000076294
,,,,,4747.174999952316
,,,,,4747.180000066757
,,,,,4747.1849999427795
,,,,,4747.190000057221
,,,,,4747.194999933243
,,,,,4747.200000047684
,,,,,4747.204999923706
,,,,,4747.210000038147
,,,,,4747.214999914169
,,,,,4747.22000002861
,,,,,4747.224999904633
,,,,,4747.2300000190735
,,,,,4747.234999895096
,,,,,4747.240000009537
,,,,,4747.244999885559
,,,,,4747.25
,,,,,4747.255000114441
,,,,,4747.259999990463
,,,,,4747.265000104904
,,,,,4747.2699999809265
,,,,,4747.275000095368
,,,,,4747.27999997139
,,,,,4747.285000085831
,,,,,4747.289999961853
,,,,,4747.295000076294
,,,,,4747.299999952316
,,,,,4747.305000066757
,,,,,4747.3099999427795
,,,,,4747.315000057221
,,,,,4747.319999933243
,,,,,4747.325000047684
,,,,,4747.329999923706
,,,,,4747.335000038147
,,,,,4747.339999914169
,,,,,4747.34500002861
,,,,,4747.349999904633
,,,,,4747.3550000190735
,,,,,4747.359999895096
,,,,,4747.365000009537
,,,,,4747.369999885559
,,,,,4747.375
,,,,,4747.380000114441
,,,,,4747.384999990463
,,,,,4747.390000104904
,,,,,4747.3949999809265
,,,,,4747.400000095368
,,,,,4747.40499997139
,,,,,4747.410000085831
,,,,,4747.414999961853
,,,,,4747.420000076294
,,,,,4747.424999952316
,,,,,4747.430000066757
,,,,,4747.4349999427795
,,,,,4747.440000057221
,,,,,4747.444999933243
,,,,,4747.450000047684
,,,,,4747.454999923706
,,,,,4747.460000038147
,,,,,4747.464999914169
,,,,,4747.47000002861
,,,,,4747.474999904633
,,,,,4747.4800000190735
,,,,,4747.484999895096
,,,,,4747.490000009537
,,,,,4747.494999885559
,,,,,4747.5
,,,,,4747.505000114441
,,,,,4747.509999990463
,,,,,4747.515000104904
,,,,,4747.5199999809265
,,,,,4747.525000095368
,,,,,4747.52999997139
,,,,,4747.535000085831
,,,,,4747.539999961853
,,,,,4747.545000076294
,,,,,4747.549999952316
,,,,,4747.555000066757
,,,,,4747.5599999427795
,,,,,4747.565000057221
,,,,,4747.569999933243
,,,,,4747.575000047684
,,,,,4747.579999923706
,,,,,4747.585000038147
,,,,,4747.589999914169
,,,,,4747.59500002861
,,,,,4747.599999904633
,,,,,4747.6050000190735
,,,,,4747.609999895096
,,,,,4747.615000009537
,,,,,4747.619999885559
,,,,,4747.625
,,,,,4747.630000114441
,,,,,4747.634999990463
,,,,,4747.640000104904
,,,,,4747.6449999809265
,,,,,4747.650000095368
,,,,,4747.65499997139
,,,,,4747.660000085831
,,,,,4747.664999961853
,,,,,4747.670000076294
,,,,,4747.674999952316
,,,,,4747.680000066757
,,,,,4747.6849999427795
,,,,,4747.690000057221
,,,,,4747.694999933243
,,,,,4747.700000047684
,,,,,4747.704999923706
,,,,,4747.710000038147
,,,,,4747.714999914169
,,,,,4747.72000002861
,,,,,4747.724999904633
,,,,,4747.7300000190735
,,,,,4747.734999895096
,,,,,4747.740000009537
,,,,,4747.744999885559
,,,,,4747.75
,,,,,4747.755000114441
,,,,,4747.759999990463
,,,,,4747.765000104904
,,,,,4747.7699999809265
,,,,,4747.775000095368
,,,,,4747.77999997139
,,,,,4747.785000085831
,,,,,4747.789999961853
,,,,,4747.795000076294
,,,,,4747.799999952316
,,,,,4747.805000066757
,,,,,4747.8099999427795
,,,,,4747.815000057221
,,,,,4747.819999933243
,,,,,4747.825000047684
,,,,,4747.829999923706
,,,,,4747.835000038147
,,,,,4747.839999914169
,,,,,4747.84500002861
,,,,,4747.849999904633
,,,,,4747.8550000190735
,,,,,4747.859999895096
,,,,,4747.865000009537
,,,,,4747.869999885559
,,,,,4747.875
,,,,,4747.880000114441
,,,,,4747.884999990463
,,,,,4747.890000104904
,,,,,4747.8949999809265
,,,,,4747.900000095368
,,,,,4747.90499997139
,,,,,4747.910000085831
,,,,,4747.914999961853
,,,,,4747.920000076294
,,,,,4747.924999952316
,,,,,4747.930000066757
,,,,,4747.9349999427795
,,,,,4747.940000057221
,,,,,4747.944999933243
,,,,,4747.950000047684
,,,,,4747.954999923706
,,,,,4747.960000038147
,,,,,4747.964999914169
,,,,,4747.97000002861
,,,,,4747.974999904633
,,,,,4747.9800000190735
,,,,,4747.984999895096
,,,,,4747.990000009537
,,,,,4747.994999885559
,,,,,4748.0
,,,,,4748.005000114441
,,,,,4748.009999990463
,,,,,4748.015000104904
,,,,,4748.0199999809265
,,,,,4748.025000095368
,,,,,4748.02999997139
,,,,,4748.035000085831
,,,,,4748.039999961853
,,,,,4748.045000076294
,,,,,4748.049999952316
,,,,,4748.055000066757
,,,,,4748.0599999427795
,,,,,4748.065000057221
,,,,,4748.069999933243
,,,,,4748.075000047684
,,,,,4748.079999923706
,,,,,4748.085000038147
,,,,,4748.089999914169
,,,,,4748.09500002861
,,,,,4748.099999904633
,,,,,4748.1050000190735
,,,,,4748.109999895096
,,,,,4748.115000009537
,,,,,4748.119999885559
,,,,,4748.125
,,,,,4748.130000114441
,,,,,4748.134999990463
,,,,,4748.140000104904
,,,,,4748.1449999809265
,,,,,4748.150000095368
,,,,,4748.15499997139
,,,,,4748.160000085831
,,,,,4748.164999961853
,,,,,4748.170000076294
,,,,,4748.174999952316
,,,,,4748.180000066757
,,,,,4748.1849999427795
,,,,,4748.190000057221
,,,,,4748.194999933243
,,,,,4748.200000047684
,,,,,4748.204999923706
,,,,,4748.210000038147
,,,,,4748.214999914169
,,,,,4748.22000002861
,,,,,4748.224999904633
,,,,,4748.2300000190735
,,,,,4748.234999895096
,,,,,4748.240000009537
,,,,,4748.244999885559
,,,,,4748.25
,,,,,4748.255000114441
,,,,,4748.259999990463
,,,,,4748.265000104904
,,,,,4748.2699999809265
,,,,,4748.275000095368
,,,,,4748.27999997139
,,,,,4748.285000085831
,,,,,4748.289999961853
,,,,,4748.295000076294
,,,,,4748.299999952316
,,,,,4748.305000066757
,,,,,4748.3099999427795
,,,,,4748.315000057221
,,,,,4748.319999933243
,,,,,4748.325000047684
,,,,,4748.329999923706
,,,,,4748.335000038147
,,,,,4748.339999914169
,,,,,4748.34500002861
,,,,,4748.349999904633
,,,,,4748.3550000190735
,,,,,4748.359999895096
,,,,,4748.365000009537
,,,,,4748.369999885559
,,,,,4748.375
,,,,,4748.380000114441
,,,,,4748.384999990463
,,,,,4748.390000104904
,,,,,4748.3949999809265
,,,,,4748.400000095368
,,,,,4748.40499997139
,,,,,4748.410000085831
,,,,,4748.414999961853
,,,,,4748.420000076294
,,,,,4748.424999952316
,,,,,4748.430000066757
,,,,,4748.4349999427795
,,,,,4748.440000057221
,,,,,4748.444999933243
,,,,,4748.450000047684
,,,,,4748.454999923706
,,,,,4748.460000038147
,,,,,4748.464999914169
,,,,,4748.47000002861
,,,,,4748.474999904633
,,,,,4748.4800000190735
,,,,,4748.484999895096
,,,,,4748.490000009537
,,,,,4748.494999885559
,,,,,4748.5
,,,,,4748.505000114441
,,,,,4748.509999990463
,,,,,4748.515000104904
,,,,,4748.5199999809265
,,,,,4748.525000095368
,,,,,4748.52999997139
,,,,,4748.535000085831
,,,,,4748.539999961853
,,,,,4748.545000076294
,,,,,4748.549999952316
,,,,,4748.555000066757
,,,,,4748.5599999427795
,,,,,4748.565000057221
,,,,,4748.569999933243
,,,,,4748.575000047684
,,,,,4748.579999923706
,,,,,4748.585000038147
,,,,,4748.589999914169
,,,,,4748.59500002861
,,,,,4748.599999904633
,,,,,4748.6050000190735
,,,,,4748.609999895096
,,,,,4748.615000009537
,,,,,4748.619999885559
,,,,,4748.625
,,,,,4748.630000114441
,,,,,4748.634999990463
,,,,,4748.640000104904
,,,,,4748.6449999809265
,,,,,4748.650000095368
,,,,,4748.65499997139
,,,,,4748.660000085831
,,,,,4748.664999961853
,,,,,4748.670000076294
,,,,,4748.674999952316
,,,,,4748.680000066757
,,,,,4748.6849999427795
,,,,,4748.690000057221
,,,,,4748.694999933243
,,,,,4748.700000047684
,,,,,4748.704999923706
,,,,,4748.710000038147
,,,,,4748.714999914169
,,,,,4748.72000002861
,,,,,4748.724999904633
,,,,,4748.7300000190735
,,,,,4748.734999895096
,,,,,4748.740000009537
,,,,,4748.744999885559
,,,,,4748.75
,,,,,4748.755000114441
,,,,,4748.759999990463
,,,,,4748.765000104904
,,,,,4748.7699999809265
,,,,,4748.775000095368
,,,,,4748.77999997139
,,,,,4748.785000085831
,,,,,4748.789999961853
,,,,,4748.795000076294
,,,,,4748.799999952316
,,,,,4748.805000066757
,,,,,4748.8099999427795
,,,,,4748.815000057221
,,,,,4748.819999933243
,,,,,4748.825000047684
,,,,,4748.829999923706
,,,,,4748.835000038147
,,,,,4748.839999914169
,,,,,4748.84500002861
,,,,,4748.849999904633
,,,,,4748.8550000190735
,,,,,4748.859999895096
,,,,,4748.865000009537
,,,,,4748.869999885559
,,,,,4748.875
,,,,,4748.880000114441
,,,,,4748.884999990463
,,,,,4748.890000104904
,,,,,4748.8949999809265
,,,,,4748.900000095368
,,,,,4748.90499997139
,,,,,4748.910000085831
,,,,,4748.914999961853
,,,,,4748.920000076294
,,,,,4748.924999952316
,,,,,4748.930000066757
,,,,,4748.9349999427795
,,,,,4748.940000057221
,,,,,4748.944999933243
,,,,,4748.950000047684
,,,,,4748.954999923706
,,,,,4748.960000038147
,,,,,4748.964999914169
,,,,,4748.97000002861
,,,,,4748.974999904633
,,,,,4748.9800000190735
,,,,,4748.984999895096
,,,,,4748.990000009537
,,,,,4748.994999885559
,,,,,4749.0
,,,,,4749.005000114441
,,,,,4749.009999990463
,,,,,4749.015000104904
,,,,,4749.0199999809265
,,,,,4749.025000095368
,,,,,4749.02999997139
,,,,,4749.035000085831
,,,,,4749.039999961853
,,,,,4749.045000076294
,,,,,4749.049999952316
,,,,,4749.055000066757
,,,,,4749.0599999427795
,,,,,4749.065000057221
,,,,,4749.069999933243
,,,,,4749.075000047684
,,,,,4749.079999923706
,,,,,4749.085000038147
,,,,,4749.089999914169
,,,,,4749.09500002861
,,,,,4749.099999904633
,,,,,4749.1050000190735
,,,,,4749.109999895096
,,,,,4749.115000009537
,,,,,4749.119999885559
,,,,,4749.125
,,,,,4749.130000114441
,,,,,4749.134999990463
,,,,,4749.140000104904
,,,,,4749.1449999809265
,,,,,4749.150000095368
,,,,,4749.15499997139
,,,,,4749.160000085831
,,,,,4749.164999961853
,,,,,4749.170000076294
,,,,,4749.174999952316
,,,,,4749.180000066757
,,,,,4749.1849999427795
,,,,,4749.190000057221
,,,,,4749.194999933243
,,,,,4749.200000047684
,,,,,4749.204999923706
,,,,,4749.210000038147
,,,,,4749.214999914169
,,,,,4749.22000002861
,,,,,4749.224999904633
,,,,,4749.2300000190735
,,,,,4749.234999895096
,,,,,4749.240000009537
,,,,,4749.244999885559
,,,,,4749.25
,,,,,4749.255000114441
,,,,,4749.259999990463
,,,,,4749.265000104904
,,,,,4749.2699999809265
,,,,,4749.275000095368
,,,,,4749.27999997139
,,,,,4749.285000085831
,,,,,4749.289999961853
,,,,,4749.295000076294
,,,,,4749.299999952316
,,,,,4749.305000066757
,,,,,4749.3099999427795
,,,,,4749.315000057221
,,,,,4749.319999933243
,,,,,4749.325000047684
,,,,,4749.329999923706
,,,,,4749.335000038147
,,,,,4749.339999914169
,,,,,4749.34500002861
,,,,,4749.349999904633
,,,,,4749.3550000190735
,,,,,4749.359999895096
,,,,,4749.365000009537
,,,,,4749.369999885559
,,,,,4749.375
,,,,,4749.380000114441
,,,,,4749.384999990463
,,,,,4749.390000104904
,,,,,4749.3949999809265
,,,,,4749.400000095368
,,,,,4749.40499997139
,,,,,4749.410000085831
,,,,,4749.414999961853
,,,,,4749.420000076294
,,,,,4749.424999952316
,,,,,4749.430000066757
,,,,,4749.4349999427795
,,,,,4749.440000057221
,,,,,4749.444999933243
,,,,,4749.450000047684
,,,,,4749.454999923706
,,,,,4749.460000038147
,,,,,4749.464999914169
,,,,,4749.47000002861
,,,,,4749.474999904633
,,,,,4749.4800000190735
,,,,,4749.484999895096
,,,,,4749.490000009537
,,,,,4749.494999885559
,,,,,4749.5
,,,,,4749.505000114441
,,,,,4749.509999990463
,,,,,4749.515000104904
,,,,,4749.5199999809265
,,,,,4749.525000095368
,,,,,4749.52999997139
,,,,,4749.535000085831
,,,,,4749.539999961853
,,,,,4749.545000076294
,,,,,4749.549999952316
,,,,,4749.555000066757
,,,,,4749.5599999427795
,,,,,4749.565000057221
,,,,,4749.569999933243
,,,,,4749.575000047684
,,,,,4749.579999923706
,,,,,4749.585000038147
,,,,,4749.589999914169
,,,,,4749.59500002861
,,,,,4749.599999904633
,,,,,4749.6050000190735
,,,,,4749.609999895096
,,,,,4749.615000009537
,,,,,4749.619999885559
,,,,,4749.625
,,,,,4749.630000114441
,,,,,4749.634999990463
,,,,,4749.640000104904
,,,,,4749.6449999809265
,,,,,4749.650000095368
,,,,,4749.65499997139
,,,,,4749.660000085831
,,,,,4749.664999961853
,,,,,4749.670000076294
,,,,,4749.674999952316
,,,,,4749.680000066757
,,,,,4749.6849999427795
,,,,,4749.690000057221
,,,,,4749.694999933243
,,,,,4749.700000047684
,,,,,4749.704999923706
,,,,,4749.710000038147
,,,,,4749.714999914169
,,,,,4749.72000002861
,,,,,4749.724999904633
,,,,,4749.7300000190735
,,,,,4749.734999895096
,,,,,4749.740000009537
,,,,,4749.744999885559
,,,,,4749.75
,,,,,4749.755000114441
,,,,,4749.759999990463
,,,,,4749.765000104904
,,,,,4749.7699999809265
,,,,,4749.775000095368
,,,,,4749.77999997139
,,,,,4749.785000085831
,,,,,4749.789999961853
,,,,,4749.795000076294
,,,,,4749.799999952316
,,,,,4749.805000066757
,,,,,4749.8099999427795
,,,,,4749.815000057221
,,,,,4749.819999933243
,,,,,4749.825000047684
,,,,,4749.829999923706
,,,,,4749.835000038147
,,,,,4749.839999914169
,,,,,4749.84500002861
,,,,,4749.849999904633
,,,,,4749.8550000190735
,,,,,4749.859999895096
,,,,,4749.865000009537
,,,,,4749.869999885559
,,,,,4749.875
,,,,,4749.880000114441
,,,,,4749.884999990463
,,,,,4749.890000104904
,,,,,4749.8949999809265
,,,,,4749.900000095368
,,,,,4749.90499997139
,,,,,4749.910000085831
,,,,,4749.914999961853
,,,,,4749.920000076294
,,,,,4749.924999952316
,,,,,4749.930000066757
,,,,,4749.9349999427795
,,,,,4749.940000057221
,,,,,4749.944999933243
,,,,,4749.950000047684
,,,,,4749.954999923706
,,,,,4749.960000038147
,,,,,4749.964999914169
,,,,,4749.97000002861
,,,,,4749.974999904633
,,,,,4749.9800000190735
,,,,,4749.984999895096
,,,,,4749.990000009537
,,,,,4749.994999885559
,,,,,4750.0
,,,,,4750.005000114441
,,,,,4750.009999990463
,,,,,4750.015000104904
,,,,,4750.0199999809265
,,,,,4750.025000095368
,,,,,4750.02999997139
,,,,,4750.035000085831
,,,,,4750.039999961853
,,,,,4750.045000076294
,,,,,4750.049999952316
,,,,,4750.055000066757
,,,,,4750.0599999427795
,,,,,4750.065000057221
,,,,,4750.069999933243
,,,,,4750.075000047684
,,,,,4750.079999923706
,,,,,4750.085000038147
,,,,,4750.089999914169
,,,,,4750.09500002861
,,,,,4750.099999904633
,,,,,4750.1050000190735
,,,,,4750.109999895096
,,,,,4750.115000009537
,,,,,4750.119999885559
,,,,,4750.125
,,,,,4750.130000114441
,,,,,4750.134999990463
,,,,,4750.140000104904
,,,,,4750.1449999809265
,,,,,4750.150000095368
,,,,,4750.15499997139
,,,,,4750.160000085831
,,,,,4750.164999961853
,,,,,4750.170000076294
,,,,,4750.174999952316
,,,,,4750.180000066757
,,,,,4750.1849999427795
,,,,,4750.190000057221
,,,,,4750.194999933243
,,,,,4750.200000047684
,,,,,4750.204999923706
,,,,,4750.210000038147
,,,,,4750.214999914169
,,,,,4750.22000002861
,,,,,4750.224999904633
,,,,,4750.2300000190735
,,,,,4750.234999895096
,,,,,4750.240000009537
,,,,,4750.244999885559
,,,,,4750.25
,,,,,4750.255000114441
,,,,,4750.259999990463
,,,,,4750.265000104904
,,,,,4750.2699999809265
,,,,,4750.275000095368
,,,,,4750.27999997139
,,,,,4750.285000085831
,,,,,4750.289999961853
,,,,,4750.295000076294
,,,,,4750.299999952316
,,,,,4750.305000066757
,,,,,4750.3099999427795
,,,,,4750.315000057221
,,,,,4750.319999933243
,,,,,4750.325000047684
,,,,,4750.329999923706
,,,,,4750.335000038147
,,,,,4750.339999914169
,,,,,4750.34500002861
,,,,,4750.349999904633
,,,,,4750.3550000190735
,,,,,4750.359999895096
,,,,,4750.365000009537
,,,,,4750.369999885559
,,,,,4750.375
,,,,,4750.380000114441
,,,,,4750.384999990463
,,,,,4750.390000104904
,,,,,4750.3949999809265
,,,,,4750.400000095368
,,,,,4750.40499997139
,,,,,4750.410000085831
,,,,,4750.414999961853
,,,,,4750.420000076294
,,,,,4750.424999952316
,,,,,4750.430000066757
,,,,,4750.4349999427795
,,,,,4750.440000057221
,,,,,4750.444999933243
,,,,,4750.450000047684
,,,,,4750.454999923706
,,,,,4750.460000038147
,,,,,4750.464999914169
,,,,,4750.47000002861
,,,,,4750.474999904633
,,,,,4750.4800000190735
,,,,,4750.484999895096
,,,,,4750.490000009537
,,,,,4750.494999885559
,,,,,4750.5
,,,,,4750.505000114441
,,,,,4750.509999990463
,,,,,4750.515000104904
,,,,,4750.5199999809265
,,,,,4750.525000095368
,,,,,4750.52999997139
,,,,,4750.535000085831
,,,,,4750.539999961853
,,,,,4750.545000076294
,,,,,4750.549999952316
,,,,,4750.555000066757
,,,,,4750.5599999427795
,,,,,4750.565000057221
,,,,,4750.569999933243
,,,,,4750.575000047684
,,,,,4750.579999923706
,,,,,4750.585000038147
,,,,,4750.589999914169
,,,,,4750.59500002861
,,,,,4750.599999904633
,,,,,4750.6050000190735
,,,,,4750.609999895096
,,,,,4750.615000009537
,,,,,4750.619999885559
,,,,,4750.625
,,,,,4750.630000114441
,,,,,4750.634999990463
,,,,,4750.640000104904
,,,,,4750.6449999809265
,,,,,4750.650000095368
,,,,,4750.65499997139
,,,,,4750.660000085831
,,,,,4750.664999961853
,,,,,4750.670000076294
,,,,,4750.674999952316
,,,,,4750.680000066757
,,,,,4750.6849999427795
,,,,,4750.690000057221
,,,,,4750.694999933243
,,,,,4750.700000047684
,,,,,4750.704999923706
,,,,,4750.710000038147
,,,,,4750.714999914169
,,,,,4750.72000002861
,,,,,4750.724999904633
,,,,,4750.7300000190735
,,,,,4750.734999895096
,,,,,4750.740000009537
,,,,,4750.744999885559
,,,,,4750.75
,,,,,4750.755000114441
,,,,,4750.759999990463
,,,,,4750.765000104904
,,,,,4750.7699999809265
,,,,,4750.775000095368
,,,,,4750.77999997139
,,,,,4750.785000085831
,,,,,4750.789999961853
,,,,,4750.795000076294
,,,,,4750.799999952316
,,,,,4750.805000066757
,,,,,4750.8099999427795
,,,,,4750.815000057221
,,,,,4750.819999933243
,,,,,4750.825000047684
,,,,,4750.829999923706
,,,,,4750.835000038147
,,,,,4750.839999914169
,,,,,4750.84500002861
,,,,,4750.849999904633
,,,,,4750.8550000190735
,,,,,4750.859999895096
,,,,,4750.865000009537
,,,,,4750.869999885559
,,,,,4750.875
,,,,,4750.880000114441
,,,,,4750.884999990463
,,,,,4750.890000104904
,,,,,4750.8949999809265
,,,,,4750.900000095368
,,,,,4750.90499997139
,,,,,4750.910000085831
,,,,,4750.914999961853
,,,,,4750.920000076294
,,,,,4750.924999952316
,,,,,4750.930000066757
,,,,,4750.9349999427795
,,,,,4750.940000057221
,,,,,4750.944999933243
,,,,,4750.950000047684
,,,,,4750.954999923706
,,,,,4750.960000038147
,,,,,4750.964999914169
,,,,,4750.97000002861
,,,,,4750.974999904633
,,,,,4750.9800000190735
,,,,,4750.984999895096
,,,,,4750.990000009537
,,,,,4750.994999885559
,,,,,4751.0
,,,,,4751.005000114441
,,,,,4751.009999990463
,,,,,4751.015000104904
,,,,,4751.0199999809265
,,,,,4751.025000095368
,,,,,4751.02999997139
,,,,,4751.035000085831
,,,,,4751.039999961853
,,,,,4751.045000076294
,,,,,4751.049999952316
,,,,,4751.055000066757
,,,,,4751.0599999427795
,,,,,4751.065000057221
,,,,,4751.069999933243
,,,,,4751.075000047684
,,,,,4751.079999923706
,,,,,4751.085000038147
,,,,,4751.089999914169
,,,,,4751.09500002861
,,,,,4751.099999904633
,,,,,4751.1050000190735
,,,,,4751.109999895096
,,,,,4751.115000009537
,,,,,4751.119999885559
,,,,,4751.125
,,,,,4751.130000114441
,,,,,4751.134999990463
,,,,,4751.140000104904
,,,,,4751.1449999809265
,,,,,4751.150000095368
,,,,,4751.15499997139
,,,,,4751.160000085831
,,,,,4751.164999961853
,,,,,4751.170000076294
,,,,,4751.174999952316
,,,,,4751.180000066757
,,,,,4751.1849999427795
,,,,,4751.190000057221
,,,,,4751.194999933243
,,,,,4751.200000047684
,,,,,4751.204999923706
,,,,,4751.210000038147
,,,,,4751.214999914169
,,,,,4751.22000002861
,,,,,4751.224999904633
,,,,,4751.2300000190735
,,,,,4751.234999895096
,,,,,4751.240000009537
,,,,,4751.244999885559
,,,,,4751.25
,,,,,4751.255000114441
,,,,,4751.259999990463
,,,,,4751.265000104904
,,,,,4751.2699999809265
,,,,,4751.275000095368
,,,,,4751.27999997139
,,,,,4751.285000085831
,,,,,4751.289999961853
,,,,,4751.295000076294
,,,,,4751.299999952316
,,,,,4751.305000066757
,,,,,4751.3099999427795
,,,,,4751.315000057221
,,,,,4751.319999933243
,,,,,4751.325000047684
,,,,,4751.329999923706
,,,,,4751.335000038147
,,,,,4751.339999914169
,,,,,4751.34500002861
,,,,,4751.349999904633
,,,,,4751.3550000190735
,,,,,4751.359999895096
,,,,,4751.365000009537
,,,,,4751.369999885559
,,,,,4751.375
,,,,,4751.380000114441
,,,,,4751.384999990463
,,,,,4751.390000104904
,,,,,4751.3949999809265
,,,,,4751.400000095368
,,,,,4751.40499997139
,,,,,4751.410000085831
,,,,,4751.414999961853
,,,,,4751.420000076294
,,,,,4751.424999952316
,,,,,4751.430000066757
,,,,,4751.4349999427795
,,,,,4751.440000057221
,,,,,4751.444999933243
,,,,,4751.450000047684
,,,,,4751.454999923706
,,,,,4751.460000038147
,,,,,4751.464999914169
,,,,,4751.47000002861
,,,,,4751.474999904633
,,,,,4751.4800000190735
,,,,,4751.484999895096
,,,,,4751.490000009537
,,,,,4751.494999885559
,,,,,4751.5
,,,,,4751.505000114441
,,,,,4751.509999990463
,,,,,4751.515000104904
,,,,,4751.5199999809265
,,,,,4751.525000095368
,,,,,4751.52999997139
,,,,,4751.535000085831
,,,,,4751.539999961853
,,,,,4751.545000076294
,,,,,4751.549999952316
,,,,,4751.555000066757
,,,,,4751.5599999427795
,,,,,4751.565000057221
,,,,,4751.569999933243
,,,,,4751.575000047684
,,,,,4751.579999923706
,,,,,4751.585000038147
,,,,,4751.589999914169
,,,,,4751.59500002861
,,,,,4751.599999904633
,,,,,4751.6050000190735
,,,,,4751.609999895096
,,,,,4751.615000009537
,,,,,4751.619999885559
,,,,,4751.625
,,,,,4751.630000114441
,,,,,4751.634999990463
,,,,,4751.640000104904
,,,,,4751.6449999809265
,,,,,4751.650000095368
,,,,,4751.65499997139
,,,,,4751.660000085831
,,,,,4751.664999961853
,,,,,4751.670000076294
,,,,,4751.674999952316
,,,,,4751.680000066757
,,,,,4751.6849999427795
,,,,,4751.690000057221
,,,,,4751.694999933243
,,,,,4751.700000047684
,,,,,4751.704999923706
,,,,,4751.710000038147
,,,,,4751.714999914169
,,,,,4751.72000002861
,,,,,4751.724999904633
,,,,,4751.7300000190735
,,,,,4751.734999895096
,,,,,4751.740000009537
,,,,,4751.744999885559
,,,,,4751.75
,,,,,4751.755000114441
,,,,,4751.759999990463
,,,,,4751.765000104904
,,,,,4751.7699999809265
,,,,,4751.775000095368
,,,,,4751.77999997139
,,,,,4751.785000085831
,,,,,4751.789999961853
,,,,,4751.795000076294
,,,,,4751.799999952316
,,,,,4751.805000066757
,,,,,4751.8099999427795
,,,,,4751.815000057221
,,,,,4751.819999933243
,,,,,4751.825000047684
,,,,,4751.829999923706
,,,,,4751.835000038147
,,,,,4751.839999914169
,,,,,4751.84500002861
,,,,,4751.849999904633
,,,,,4751.8550000190735
,,,,,4751.859999895096
,,,,,4751.865000009537
,,,,,4751.869999885559
,,,,,4751.875
,,,,,4751.880000114441
,,,,,4751.884999990463
,,,,,4751.890000104904
,,,,,4751.8949999809265
,,,,,4751.900000095368
,,,,,4751.90499997139
,,,,,4751.910000085831
,,,,,4751.914999961853
,,,,,4751.920000076294
,,,,,4751.924999952316
,,,,,4751.930000066757
,,,,,4751.9349999427795
,,,,,4751.940000057221
,,,,,4751.944999933243
,,,,,4751.950000047684
,,,,,4751.954999923706
,,,,,4751.960000038147
,,,,,4751.964999914169
,,,,,4751.97000002861
,,,,,4751.974999904633
,,,,,4751.9800000190735
,,,,,4751.984999895096
,,,,,4751.990000009537
,,,,,4751.994999885559
,,,,,4752.0
,,,,,4752.005000114441
,,,,,4752.009999990463
,,,,,4752.015000104904
,,,,,4752.0199999809265
,,,,,4752.025000095368
,,,,,4752.02999997139
,,,,,4752.035000085831
,,,,,4752.039999961853
,,,,,4752.045000076294
,,,,,4752.049999952316
,,,,,4752.055000066757
,,,,,4752.0599999427795
,,,,,4752.065000057221
,,,,,4752.069999933243
,,,,,4752.075000047684
,,,,,4752.079999923706
,,,,,4752.085000038147
,,,,,4752.089999914169
,,,,,4752.09500002861
,,,,,4752.099999904633
,,,,,4752.1050000190735
,,,,,4752.109999895096
,,,,,4752.115000009537
,,,,,4752.119999885559
,,,,,4752.125
,,,,,4752.130000114441
,,,,,4752.134999990463
,,,,,4752.140000104904
,,,,,4752.1449999809265
,,,,,4752.150000095368
,,,,,4752.15499997139
,,,,,4752.160000085831
,,,,,4752.164999961853
,,,,,4752.170000076294
,,,,,4752.174999952316
,,,,,4752.180000066757
,,,,,4752.1849999427795
,,,,,4752.190000057221
,,,,,4752.194999933243
,,,,,4752.200000047684
,,,,,4752.204999923706
,,,,,4752.210000038147
,,,,,4752.214999914169
,,,,,4752.22000002861
,,,,,4752.224999904633
,,,,,4752.2300000190735
,,,,,4752.234999895096
,,,,,4752.240000009537
,,,,,4752.244999885559
,,,,,4752.25
,,,,,4752.255000114441
,,,,,4752.259999990463
,,,,,4752.265000104904
,,,,,4752.2699999809265
,,,,,4752.275000095368
,,,,,4752.27999997139
,,,,,4752.285000085831
,,,,,4752.289999961853
,,,,,4752.295000076294
,,,,,4752.299999952316
,,,,,4752.305000066757
,,,,,4752.3099999427795
,,,,,4752.315000057221
,,,,,4752.319999933243
,,,,,4752.325000047684
,,,,,4752.329999923706
,,,,,4752.335000038147
,,,,,4752.339999914169
,,,,,4752.34500002861
,,,,,4752.349999904633
,,,,,4752.3550000190735
,,,,,4752.359999895096
,,,,,4752.365000009537
,,,,,4752.369999885559
,,,,,4752.375
,,,,,4752.380000114441
,,,,,4752.384999990463
,,,,,4752.390000104904
,,,,,4752.3949999809265
,,,,,4752.400000095368
,,,,,4752.40499997139
,,,,,4752.410000085831
,,,,,4752.414999961853
,,,,,4752.420000076294
,,,,,4752.424999952316
,,,,,4752.430000066757
,,,,,4752.4349999427795
,,,,,4752.440000057221
,,,,,4752.444999933243
,,,,,4752.450000047684
,,,,,4752.454999923706
,,,,,4752.460000038147
,,,,,4752.464999914169
,,,,,4752.47000002861
,,,,,4752.474999904633
,,,,,4752.4800000190735
,,,,,4752.484999895096
,,,,,4752.490000009537
,,,,,4752.494999885559
,,,,,4752.5
,,,,,4752.505000114441
,,,,,4752.509999990463
,,,,,4752.515000104904
,,,,,4752.5199999809265
,,,,,4752.525000095368
,,,,,4752.52999997139
,,,,,4752.535000085831
,,,,,4752.539999961853
,,,,,4752.545000076294
,,,,,4752.549999952316
,,,,,4752.555000066757
,,,,,4752.5599999427795
,,,,,4752.565000057221
,,,,,4752.569999933243
,,,,,4752.575000047684
,,,,,4752.579999923706
,,,,,4752.585000038147
,,,,,4752.589999914169
,,,,,4752.59500002861
,,,,,4752.599999904633
,,,,,4752.6050000190735
,,,,,4752.609999895096
,,,,,4752.615000009537
,,,,,4752.619999885559
,,,,,4752.625
,,,,,4752.630000114441
,,,,,4752.634999990463
,,,,,4752.640000104904
,,,,,4752.6449999809265
,,,,,4752.650000095368
,,,,,4752.65499997139
,,,,,4752.660000085831
,,,,,4752.664999961853
,,,,,4752.670000076294
,,,,,4752.674999952316
,,,,,4752.680000066757
,,,,,4752.6849999427795
,,,,,4752.690000057221
,,,,,4752.694999933243
,,,,,4752.700000047684
,,,,,4752.704999923706
,,,,,4752.710000038147
,,,,,4752.714999914169
,,,,,4752.72000002861
,,,,,4752.724999904633
,,,,,4752.7300000190735
,,,,,4752.734999895096
,,,,,4752.740000009537
,,,,,4752.744999885559
,,,,,4752.75
,,,,,4752.755000114441
,,,,,4752.759999990463
,,,,,4752.765000104904
,,,,,4752.7699999809265
,,,,,4752.775000095368
,,,,,4752.77999997139
,,,,,4752.785000085831
,,,,,4752.789999961853
,,,,,4752.795000076294
,,,,,4752.799999952316
,,,,,4752.805000066757
,,,,,4752.8099999427795
,,,,,4752.815000057221
,,,,,4752.819999933243
,,,,,4752.825000047684
,,,,,4752.829999923706
,,,,,4752.835000038147
,,,,,4752.839999914169
,,,,,4752.84500002861
,,,,,4752.849999904633
,,,,,4752.8550000190735
,,,,,4752.859999895096
,,,,,4752.865000009537
,,,,,4752.869999885559
,,,,,4752.875
,,,,,4752.880000114441
,,,,,4752.884999990463
,,,,,4752.890000104904
,,,,,4752.8949999809265
,,,,,4752.900000095368
,,,,,4752.90499997139
,,,,,4752.910000085831
,,,,,4752.914999961853
,,,,,4752.920000076294
,,,,,4752.924999952316
,,,,,4752.930000066757
,,,,,4752.9349999427795
,,,,,4752.940000057221
,,,,,4752.944999933243
,,,,,4752.950000047684
,,,,,4752.954999923706
,,,,,4752.960000038147
,,,,,4752.964999914169
,,,,,4752.97000002861
,,,,,4752.974999904633
,,,,,4752.9800000190735
,,,,,4752.984999895096
,,,,,4752.990000009537
,,,,,4752.994999885559
,,,,,4753.0
,,,,,4753.005000114441
,,,,,4753.009999990463
,,,,,4753.015000104904
,,,,,4753.0199999809265
,,,,,4753.025000095368
,,,,,4753.02999997139
,,,,,4753.035000085831
,,,,,4753.039999961853
,,,,,4753.045000076294
,,,,,4753.049999952316
,,,,,4753.055000066757
,,,,,4753.0599999427795
,,,,,4753.065000057221
,,,,,4753.069999933243
,,,,,4753.075000047684
,,,,,4753.079999923706
,,,,,4753.085000038147
,,,,,4753.089999914169
,,,,,4753.09500002861
,,,,,4753.099999904633
,,,,,4753.1050000190735
,,,,,4753.109999895096
,,,,,4753.115000009537
,,,,,4753.119999885559
,,,,,4753.125
,,,,,4753.130000114441
,,,,,4753.134999990463
,,,,,4753.140000104904
,,,,,4753.1449999809265
,,,,,4753.150000095368
,,,,,4753.15499997139
,,,,,4753.160000085831
,,,,,4753.164999961853
,,,,,4753.170000076294
,,,,,4753.174999952316
,,,,,4753.180000066757
,,,,,4753.1849999427795
,,,,,4753.190000057221
,,,,,4753.194999933243
,,,,,4753.200000047684
,,,,,4753.204999923706
,,,,,4753.210000038147
,,,,,4753.214999914169
,,,,,4753.22000002861
,,,,,4753.224999904633
,,,,,4753.2300000190735
,,,,,4753.234999895096
,,,,,4753.240000009537
,,,,,4753.244999885559
,,,,,4753.25
,,,,,4753.255000114441
,,,,,4753.259999990463
,,,,,4753.265000104904
,,,,,4753.2699999809265
,,,,,4753.275000095368
,,,,,4753.27999997139
,,,,,4753.285000085831
,,,,,4753.289999961853
,,,,,4753.295000076294
,,,,,4753.299999952316
,,,,,4753.305000066757
,,,,,4753.3099999427795
,,,,,4753.315000057221
,,,,,4753.319999933243
,,,,,4753.325000047684
,,,,,4753.329999923706
,,,,,4753.335000038147
,,,,,4753.339999914169
,,,,,4753.34500002861
,,,,,4753.349999904633
,,,,,4753.3550000190735
,,,,,4753.359999895096
,,,,,4753.365000009537
,,,,,4753.369999885559
,,,,,4753.375
,,,,,4753.380000114441
,,,,,4753.384999990463
,,,,,4753.390000104904
,,,,,4753.3949999809265
,,,,,4753.400000095368
,,,,,4753.40499997139
,,,,,4753.410000085831
,,,,,4753.414999961853
,,,,,4753.420000076294
,,,,,4753.424999952316
,,,,,4753.430000066757
,,,,,4753.4349999427795
,,,,,4753.440000057221
,,,,,4753.444999933243
,,,,,4753.450000047684
,,,,,4753.454999923706
,,,,,4753.460000038147
,,,,,4753.464999914169
,,,,,4753.47000002861
,,,,,4753.474999904633
,,,,,4753.4800000190735
,,,,,4753.484999895096
,,,,,4753.490000009537
,,,,,4753.494999885559
,,,,,4753.5
,,,,,4753.505000114441
,,,,,4753.509999990463
,,,,,4753.515000104904
,,,,,4753.5199999809265
,,,,,4753.525000095368
,,,,,4753.52999997139
,,,,,4753.535000085831
,,,,,4753.539999961853
,,,,,4753.545000076294
,,,,,4753.549999952316
,,,,,4753.555000066757
,,,,,4753.5599999427795
,,,,,4753.565000057221
,,,,,4753.569999933243
,,,,,4753.575000047684
,,,,,4753.579999923706
,,,,,4753.585000038147
,,,,,4753.589999914169
,,,,,4753.59500002861
,,,,,4753.599999904633
,,,,,4753.6050000190735
,,,,,4753.609999895096
,,,,,4753.615000009537
,,,,,4753.619999885559
,,,,,4753.625
,,,,,4753.630000114441
,,,,,4753.634999990463
,,,,,4753.640000104904
,,,,,4753.6449999809265
,,,,,4753.650000095368
,,,,,4753.65499997139
,,,,,4753.660000085831
,,,,,4753.664999961853
,,,,,4753.670000076294
,,,,,4753.674999952316
,,,,,4753.680000066757
,,,,,4753.6849999427795
,,,,,4753.690000057221
,,,,,4753.694999933243
,,,,,4753.700000047684
,,,,,4753.704999923706
,,,,,4753.710000038147
,,,,,4753.714999914169
,,,,,4753.72000002861
,,,,,4753.724999904633
,,,,,4753.7300000190735
,,,,,4753.734999895096
,,,,,4753.740000009537
,,,,,4753.744999885559
,,,,,4753.75
,,,,,4753.755000114441
,,,,,4753.759999990463
,,,,,4753.765000104904
,,,,,4753.7699999809265
,,,,,4753.775000095368
,,,,,4753.77999997139
,,,,,4753.785000085831
,,,,,4753.789999961853
,,,,,4753.795000076294
,,,,,4753.799999952316
,,,,,4753.805000066757
,,,,,4753.8099999427795
,,,,,4753.815000057221
,,,,,4753.819999933243
,,,,,4753.825000047684
,,,,,4753.829999923706
,,,,,4753.835000038147
,,,,,4753.839999914169
,,,,,4753.84500002861
,,,,,4753.849999904633
,,,,,4753.8550000190735
,,,,,4753.859999895096
,,,,,4753.865000009537
,,,,,4753.869999885559
,,,,,4753.875
,,,,,4753.880000114441
,,,,,4753.884999990463
,,,,,4753.890000104904
,,,,,4753.8949999809265
,,,,,4753.900000095368
,,,,,4753.90499997139
,,,,,4753.910000085831
,,,,,4753.914999961853
,,,,,4753.920000076294
,,,,,4753.924999952316
,,,,,4753.930000066757
,,,,,4753.9349999427795
,,,,,4753.940000057221
,,,,,4753.944999933243
,,,,,4753.950000047684
,,,,,4753.954999923706
,,,,,4753.960000038147
,,,,,4753.964999914169
,,,,,4753.97000002861
,,,,,4753.974999904633
,,,,,4753.9800000190735
,,,,,4753.984999895096
,,,,,4753.990000009537
,,,,,4753.994999885559
,,,,,4754.0
,,,,,4754.005000114441
,,,,,4754.009999990463
,,,,,4754.015000104904
,,,,,4754.0199999809265
,,,,,4754.025000095368
,,,,,4754.02999997139
,,,,,4754.035000085831
,,,,,4754.039999961853
,,,,,4754.045000076294
,,,,,4754.049999952316
,,,,,4754.055000066757
,,,,,4754.0599999427795
,,,,,4754.065000057221
,,,,,4754.069999933243
,,,,,4754.075000047684
,,,,,4754.079999923706
,,,,,4754.085000038147
,,,,,4754.089999914169
,,,,,4754.09500002861
,,,,,4754.099999904633
,,,,,4754.1050000190735
,,,,,4754.109999895096
,,,,,4754.115000009537
,,,,,4754.119999885559
,,,,,4754.125
,,,,,4754.130000114441
,,,,,4754.134999990463
,,,,,4754.140000104904
,,,,,4754.1449999809265
,,,,,4754.150000095368
,,,,,4754.15499997139
,,,,,4754.160000085831
,,,,,4754.164999961853
,,,,,4754.170000076294
,,,,,4754.174999952316
,,,,,4754.180000066757
,,,,,4754.1849999427795
,,,,,4754.190000057221
,,,,,4754.194999933243
,,,,,4754.200000047684
,,,,,4754.204999923706
,,,,,4754.210000038147
,,,,,4754.214999914169
,,,,,4754.22000002861
,,,,,4754.224999904633
,,,,,4754.2300000190735
,,,,,4754.234999895096
,,,,,4754.240000009537
,,,,,4754.244999885559
,,,,,4754.25
,,,,,4754.255000114441
,,,,,4754.259999990463
,,,,,4754.265000104904
,,,,,4754.2699999809265
,,,,,4754.275000095368
,,,,,4754.27999997139
,,,,,4754.285000085831
,,,,,4754.289999961853
,,,,,4754.295000076294
,,,,,4754.299999952316
,,,,,4754.305000066757
,,,,,4754.3099999427795
,,,,,4754.315000057221
,,,,,4754.319999933243
,,,,,4754.325000047684
,,,,,4754.329999923706
,,,,,4754.335000038147
,,,,,4754.339999914169
,,,,,4754.34500002861
,,,,,4754.349999904633
,,,,,4754.3550000190735
,,,,,4754.359999895096
,,,,,4754.365000009537
,,,,,4754.369999885559
,,,,,4754.375
,,,,,4754.380000114441
,,,,,4754.384999990463
,,,,,4754.390000104904
,,,,,4754.3949999809265
,,,,,4754.400000095368
,,,,,4754.40499997139
,,,,,4754.410000085831
,,,,,4754.414999961853
,,,,,4754.420000076294
,,,,,4754.424999952316
,,,,,4754.430000066757
,,,,,4754.4349999427795
,,,,,4754.440000057221
,,,,,4754.444999933243
,,,,,4754.450000047684
,,,,,4754.454999923706
,,,,,4754.460000038147
,,,,,4754.464999914169
,,,,,4754.47000002861
,,,,,4754.474999904633
,,,,,4754.4800000190735
,,,,,4754.484999895096
,,,,,4754.490000009537
,,,,,4754.494999885559
,,,,,4754.5
,,,,,4754.505000114441
,,,,,4754.509999990463
,,,,,4754.515000104904
,,,,,4754.5199999809265
,,,,,4754.525000095368
,,,,,4754.52999997139
,,,,,4754.535000085831
,,,,,4754.539999961853
,,,,,4754.545000076294
,,,,,4754.549999952316
,,,,,4754.555000066757
,,,,,4754.5599999427795
,,,,,4754.565000057221
,,,,,4754.569999933243
,,,,,4754.575000047684
,,,,,4754.579999923706
,,,,,4754.585000038147
,,,,,4754.589999914169
,,,,,4754.59500002861
,,,,,4754.599999904633
,,,,,4754.6050000190735
,,,,,4754.609999895096
,,,,,4754.615000009537
,,,,,4754.619999885559
,,,,,4754.625
,,,,,4754.630000114441
,,,,,4754.634999990463
,,,,,4754.640000104904
,,,,,4754.6449999809265
,,,,,4754.650000095368
,,,,,4754.65499997139
,,,,,4754.660000085831
,,,,,4754.664999961853
,,,,,4754.670000076294
,,,,,4754.674999952316
,,,,,4754.680000066757
,,,,,4754.6849999427795
,,,,,4754.690000057221
,,,,,4754.694999933243
,,,,,4754.700000047684
,,,,,4754.704999923706
,,,,,4754.710000038147
,,,,,4754.714999914169
,,,,,4754.72000002861
,,,,,4754.724999904633
,,,,,4754.7300000190735
,,,,,4754.734999895096
,,,,,4754.740000009537
,,,,,4754.744999885559
,,,,,4754.75
,,,,,4754.755000114441
,,,,,4754.759999990463
,,,,,4754.765000104904
,,,,,4754.7699999809265
,,,,,4754.775000095368
,,,,,4754.77999997139
,,,,,4754.785000085831
,,,,,4754.789999961853
,,,,,4754.795000076294
,,,,,4754.799999952316
,,,,,4754.805000066757
,,,,,4754.8099999427795
,,,,,4754.815000057221
,,,,,4754.819999933243
,,,,,4754.825000047684
,,,,,4754.829999923706
,,,,,4754.835000038147
,,,,,4754.839999914169
,,,,,4754.84500002861
,,,,,4754.849999904633
,,,,,4754.8550000190735
,,,,,4754.859999895096
,,,,,4754.865000009537
,,,,,4754.869999885559
,,,,,4754.875
,,,,,4754.880000114441
,,,,,4754.884999990463
,,,,,4754.890000104904
,,,,,4754.8949999809265
,,,,,4754.900000095368
,,,,,4754.90499997139
,,,,,4754.910000085831
,,,,,4754.914999961853
,,,,,4754.920000076294
,,,,,4754.924999952316
,,,,,4754.930000066757
,,,,,4754.9349999427795
,,,,,4754.940000057221
,,,,,4754.944999933243
,,,,,4754.950000047684
,,,,,4754.954999923706
,,,,,4754.960000038147
,,,,,4754.964999914169
,,,,,4754.97000002861
,,,,,4754.974999904633
,,,,,4754.9800000190735
,,,,,4754.984999895096
,,,,,4754.990000009537
,,,,,4754.994999885559
,,,,,4755.0
,,,,,4755.005000114441
,,,,,4755.009999990463
,,,,,4755.015000104904
,,,,,4755.0199999809265
,,,,,4755.025000095368
,,,,,4755.02999997139
,,,,,4755.035000085831
,,,,,4755.039999961853
,,,,,4755.045000076294
,,,,,4755.049999952316
,,,,,4755.055000066757
,,,,,4755.0599999427795
,,,,,4755.065000057221
,,,,,4755.069999933243
,,,,,4755.075000047684
,,,,,4755.079999923706
,,,,,4755.085000038147
,,,,,4755.089999914169
,,,,,4755.09500002861
,,,,,4755.099999904633
,,,,,4755.1050000190735
,,,,,4755.109999895096
,,,,,4755.115000009537
,,,,,4755.119999885559
,,,,,4755.125
,,,,,4755.130000114441
,,,,,4755.134999990463
,,,,,4755.140000104904
,,,,,4755.1449999809265
,,,,,4755.150000095368
,,,,,4755.15499997139
,,,,,4755.160000085831
,,,,,4755.164999961853
,,,,,4755.170000076294
,,,,,4755.174999952316
,,,,,4755.180000066757
,,,,,4755.1849999427795
,,,,,4755.190000057221
,,,,,4755.194999933243
,,,,,4755.200000047684
,,,,,4755.204999923706
,,,,,4755.210000038147
,,,,,4755.214999914169
,,,,,4755.22000002861
,,,,,4755.224999904633
,,,,,4755.2300000190735
,,,,,4755.234999895096
,,,,,4755.240000009537
,,,,,4755.244999885559
,,,,,4755.25
,,,,,4755.255000114441
,,,,,4755.259999990463
,,,,,4755.265000104904
,,,,,4755.2699999809265
,,,,,4755.275000095368
,,,,,4755.27999997139
,,,,,4755.285000085831
,,,,,4755.289999961853
,,,,,4755.295000076294
,,,,,4755.299999952316
,,,,,4755.305000066757
,,,,,4755.3099999427795
,,,,,4755.315000057221
,,,,,4755.319999933243
,,,,,4755.325000047684
,,,,,4755.329999923706
,,,,,4755.335000038147
,,,,,4755.339999914169
,,,,,4755.34500002861
,,,,,4755.349999904633
,,,,,4755.3550000190735
,,,,,4755.359999895096
,,,,,4755.365000009537
,,,,,4755.369999885559
,,,,,4755.375
,,,,,4755.380000114441
,,,,,4755.384999990463
,,,,,4755.390000104904
,,,,,4755.3949999809265
,,,,,4755.400000095368
,,,,,4755.40499997139
,,,,,4755.410000085831
,,,,,4755.414999961853
,,,,,4755.420000076294
,,,,,4755.424999952316
,,,,,4755.430000066757
,,,,,4755.4349999427795
,,,,,4755.440000057221
,,,,,4755.444999933243
,,,,,4755.450000047684
,,,,,4755.454999923706
,,,,,4755.460000038147
,,,,,4755.464999914169
,,,,,4755.47000002861
,,,,,4755.474999904633
,,,,,4755.4800000190735
,,,,,4755.484999895096
,,,,,4755.490000009537
,,,,,4755.494999885559
,,,,,4755.5
,,,,,4755.505000114441
,,,,,4755.509999990463
,,,,,4755.515000104904
,,,,,4755.5199999809265
,,,,,4755.525000095368
,,,,,4755.52999997139
,,,,,4755.535000085831
,,,,,4755.539999961853
,,,,,4755.545000076294
,,,,,4755.549999952316
,,,,,4755.555000066757
,,,,,4755.5599999427795
,,,,,4755.565000057221
,,,,,4755.569999933243
,,,,,4755.575000047684
,,,,,4755.579999923706
,,,,,4755.585000038147
,,,,,4755.589999914169
,,,,,4755.59500002861
,,,,,4755.599999904633
,,,,,4755.6050000190735
,,,,,4755.609999895096
,,,,,4755.615000009537
,,,,,4755.619999885559
,,,,,4755.625
,,,,,4755.630000114441
,,,,,4755.634999990463
,,,,,4755.640000104904
,,,,,4755.6449999809265
,,,,,4755.650000095368
,,,,,4755.65499997139
,,,,,4755.660000085831
,,,,,4755.664999961853
,,,,,4755.670000076294
,,,,,4755.674999952316
,,,,,4755.680000066757
,,,,,4755.6849999427795
,,,,,4755.690000057221
,,,,,4755.694999933243
,,,,,4755.700000047684
,,,,,4755.704999923706
,,,,,4755.710000038147
,,,,,4755.714999914169
,,,,,4755.72000002861
,,,,,4755.724999904633
,,,,,4755.7300000190735
,,,,,4755.734999895096
,,,,,4755.740000009537
,,,,,4755.744999885559
,,,,,4755.75
,,,,,4755.755000114441
,,,,,4755.759999990463
,,,,,4755.765000104904
,,,,,4755.7699999809265
,,,,,4755.775000095368
,,,,,4755.77999997139
,,,,,4755.785000085831
,,,,,4755.789999961853
,,,,,4755.795000076294
,,,,,4755.799999952316
,,,,,4755.805000066757
,,,,,4755.8099999427795
,,,,,4755.815000057221
,,,,,4755.819999933243
,,,,,4755.825000047684
,,,,,4755.829999923706
,,,,,4755.835000038147
,,,,,4755.839999914169
,,,,,4755.84500002861
,,,,,4755.849999904633
,,,,,4755.8550000190735
,,,,,4755.859999895096
,,,,,4755.865000009537
,,,,,4755.869999885559
,,,,,4755.875
,,,,,4755.880000114441
,,,,,4755.884999990463
,,,,,4755.890000104904
,,,,,4755.8949999809265
,,,,,4755.900000095368
,,,,,4755.90499997139
,,,,,4755.910000085831
,,,,,4755.914999961853
,,,,,4755.920000076294
,,,,,4755.924999952316
,,,,,4755.930000066757
,,,,,4755.9349999427795
,,,,,4755.940000057221
,,,,,4755.944999933243
,,,,,4755.950000047684
,,,,,4755.954999923706
,,,,,4755.960000038147
,,,,,4755.964999914169
,,,,,4755.97000002861
,,,,,4755.974999904633
,,,,,4755.9800000190735
,,,,,4755.984999895096
,,,,,4755.990000009537
,,,,,4755.994999885559
,,,,,4756.0
,,,,,4756.005000114441
,,,,,4756.009999990463
,,,,,4756.015000104904
,,,,,4756.0199999809265
,,,,,4756.025000095368
,,,,,4756.02999997139
,,,,,4756.035000085831
,,,,,4756.039999961853
,,,,,4756.045000076294
,,,,,4756.049999952316
,,,,,4756.055000066757
,,,,,4756.0599999427795
,,,,,4756.065000057221
,,,,,4756.069999933243
,,,,,4756.075000047684
,,,,,4756.079999923706
,,,,,4756.085000038147
,,,,,4756.089999914169
,,,,,4756.09500002861
,,,,,4756.099999904633
,,,,,4756.1050000190735
,,,,,4756.109999895096
,,,,,4756.115000009537
,,,,,4756.119999885559
,,,,,4756.125
,,,,,4756.130000114441
,,,,,4756.134999990463
,,,,,4756.140000104904
,,,,,4756.1449999809265
,,,,,4756.150000095368
,,,,,4756.15499997139
,,,,,4756.160000085831
,,,,,4756.164999961853
,,,,,4756.170000076294
,,,,,4756.174999952316
,,,,,4756.180000066757
,,,,,4756.1849999427795
,,,,,4756.190000057221
,,,,,4756.194999933243
,,,,,4756.200000047684
,,,,,4756.204999923706
,,,,,4756.210000038147
,,,,,4756.214999914169
,,,,,4756.22000002861
,,,,,4756.224999904633
,,,,,4756.2300000190735
,,,,,4756.234999895096
,,,,,4756.240000009537
,,,,,4756.244999885559
,,,,,4756.25
,,,,,4756.255000114441
,,,,,4756.259999990463
,,,,,4756.265000104904
,,,,,4756.2699999809265
,,,,,4756.275000095368
,,,,,4756.27999997139
,,,,,4756.285000085831
,,,,,4756.289999961853
,,,,,4756.295000076294
,,,,,4756.299999952316
,,,,,4756.305000066757
,,,,,4756.3099999427795
,,,,,4756.315000057221
,,,,,4756.319999933243
,,,,,4756.325000047684
,,,,,4756.329999923706
,,,,,4756.335000038147
,,,,,4756.339999914169
,,,,,4756.34500002861
,,,,,4756.349999904633
,,,,,4756.3550000190735
,,,,,4756.359999895096
,,,,,4756.365000009537
,,,,,4756.369999885559
,,,,,4756.375
,,,,,4756.380000114441
,,,,,4756.384999990463
,,,,,4756.390000104904
,,,,,4756.3949999809265
,,,,,4756.400000095368
,,,,,4756.40499997139
,,,,,4756.410000085831
,,,,,4756.414999961853
,,,,,4756.420000076294
,,,,,4756.424999952316
,,,,,4756.430000066757
,,,,,4756.4349999427795
,,,,,4756.440000057221
,,,,,4756.444999933243
,,,,,4756.450000047684
,,,,,4756.454999923706
,,,,,4756.460000038147
,,,,,4756.464999914169
,,,,,4756.47000002861
,,,,,4756.474999904633
,,,,,4756.4800000190735
,,,,,4756.484999895096
,,,,,4756.490000009537
,,,,,4756.494999885559
,,,,,4756.5
,,,,,4756.505000114441
,,,,,4756.509999990463
,,,,,4756.515000104904
,,,,,4756.5199999809265
,,,,,4756.525000095368
,,,,,4756.52999997139
,,,,,4756.535000085831
,,,,,4756.539999961853
,,,,,4756.545000076294
,,,,,4756.549999952316
,,,,,4756.555000066757
,,,,,4756.5599999427795
,,,,,4756.565000057221
,,,,,4756.569999933243
,,,,,4756.575000047684
,,,,,4756.579999923706
,,,,,4756.585000038147
,,,,,4756.589999914169
,,,,,4756.59500002861
,,,,,4756.599999904633
,,,,,4756.6050000190735
,,,,,4756.609999895096
,,,,,4756.615000009537
,,,,,4756.619999885559
,,,,,4756.625
,,,,,4756.630000114441
,,,,,4756.634999990463
,,,,,4756.640000104904
,,,,,4756.6449999809265
,,,,,4756.650000095368
,,,,,4756.65499997139
,,,,,4756.660000085831
,,,,,4756.664999961853
,,,,,4756.670000076294
,,,,,4756.674999952316
,,,,,4756.680000066757
,,,,,4756.6849999427795
,,,,,4756.690000057221
,,,,,4756.694999933243
,,,,,4756.700000047684
,,,,,4756.704999923706
,,,,,4756.710000038147
,,,,,4756.714999914169
,,,,,4756.72000002861
,,,,,4756.724999904633
,,,,,4756.7300000190735
,,,,,4756.734999895096
,,,,,4756.740000009537
,,,,,4756.744999885559
,,,,,4756.75
,,,,,4756.755000114441
,,,,,4756.759999990463
,,,,,4756.765000104904
,,,,,4756.7699999809265
,,,,,4756.775000095368
,,,,,4756.77999997139
,,,,,4756.785000085831
,,,,,4756.789999961853
,,,,,4756.795000076294
,,,,,4756.799999952316
,,,,,4756.805000066757
,,,,,4756.8099999427795
,,,,,4756.815000057221
,,,,,4756.819999933243
,,,,,4756.825000047684
,,,,,4756.829999923706
,,,,,4756.835000038147
,,,,,4756.839999914169
,,,,,4756.84500002861
,,,,,4756.849999904633
,,,,,4756.8550000190735
,,,,,4756.859999895096
,,,,,4756.865000009537
,,,,,4756.869999885559
,,,,,4756.875
,,,,,4756.880000114441
,,,,,4756.884999990463
,,,,,4756.890000104904
,,,,,4756.8949999809265
,,,,,4756.900000095368
,,,,,4756.90499997139
,,,,,4756.910000085831
,,,,,4756.914999961853
,,,,,4756.920000076294
,,,,,4756.924999952316
,,,,,4756.930000066757
,,,,,4756.9349999427795
,,,,,4756.940000057221
,,,,,4756.944999933243
,,,,,4756.950000047684
,,,,,4756.954999923706
,,,,,4756.960000038147
,,,,,4756.964999914169
,,,,,4756.97000002861
,,,,,4756.974999904633
,,,,,4756.9800000190735
,,,,,4756.984999895096
,,,,,4756.990000009537
,,,,,4756.994999885559
,,,,,4757.0
,,,,,4757.005000114441
,,,,,4757.009999990463
,,,,,4757.015000104904
,,,,,4757.0199999809265
,,,,,4757.025000095368
,,,,,4757.02999997139
,,,,,4757.035000085831
,,,,,4757.039999961853
,,,,,4757.045000076294
,,,,,4757.049999952316
,,,,,4757.055000066757
,,,,,4757.0599999427795
,,,,,4757.065000057221
,,,,,4757.069999933243
,,,,,4757.075000047684
,,,,,4757.079999923706
,,,,,4757.085000038147
,,,,,4757.089999914169
,,,,,4757.09500002861
,,,,,4757.099999904633
,,,,,4757.1050000190735
,,,,,4757.109999895096
,,,,,4757.115000009537
,,,,,4757.119999885559
,,,,,4757.125
,,,,,4757.130000114441
,,,,,4757.134999990463
,,,,,4757.140000104904
,,,,,4757.1449999809265
,,,,,4757.150000095368
,,,,,4757.15499997139
,,,,,4757.160000085831
,,,,,4757.164999961853
,,,,,4757.170000076294
,,,,,4757.174999952316
,,,,,4757.180000066757
,,,,,4757.1849999427795
,,,,,4757.190000057221
,,,,,4757.194999933243
,,,,,4757.200000047684
,,,,,4757.204999923706
,,,,,4757.210000038147
,,,,,4757.214999914169
,,,,,4757.22000002861
,,,,,4757.224999904633
,,,,,4757.2300000190735
,,,,,4757.234999895096
,,,,,4757.240000009537
,,,,,4757.244999885559
,,,,,4757.25
,,,,,4757.255000114441
,,,,,4757.259999990463
,,,,,4757.265000104904
,,,,,4757.2699999809265
,,,,,4757.275000095368
,,,,,4757.27999997139
,,,,,4757.285000085831
,,,,,4757.289999961853
,,,,,4757.295000076294
,,,,,4757.299999952316
,,,,,4757.305000066757
,,,,,4757.3099999427795
,,,,,4757.315000057221
,,,,,4757.319999933243
,,,,,4757.325000047684
,,,,,4757.329999923706
,,,,,4757.335000038147
,,,,,4757.339999914169
,,,,,4757.34500002861
,,,,,4757.349999904633
,,,,,4757.3550000190735
,,,,,4757.359999895096
,,,,,4757.365000009537
,,,,,4757.369999885559
,,,,,4757.375
,,,,,4757.380000114441
,,,,,4757.384999990463
,,,,,4757.390000104904
,,,,,4757.3949999809265
,,,,,4757.400000095368
,,,,,4757.40499997139
,,,,,4757.410000085831
,,,,,4757.414999961853
,,,,,4757.420000076294
,,,,,4757.424999952316
,,,,,4757.430000066757
,,,,,4757.4349999427795
,,,,,4757.440000057221
,,,,,4757.444999933243
,,,,,4757.450000047684
,,,,,4757.454999923706
,,,,,4757.460000038147
,,,,,4757.464999914169
,,,,,4757.47000002861
,,,,,4757.474999904633
,,,,,4757.4800000190735
,,,,,4757.484999895096
,,,,,4757.490000009537
,,,,,4757.494999885559
,,,,,4757.5
,,,,,4757.505000114441
,,,,,4757.509999990463
,,,,,4757.515000104904
,,,,,4757.5199999809265
,,,,,4757.525000095368
,,,,,4757.52999997139
,,,,,4757.535000085831
,,,,,4757.539999961853
,,,,,4757.545000076294
,,,,,4757.549999952316
,,,,,4757.555000066757
,,,,,4757.5599999427795
,,,,,4757.565000057221
,,,,,4757.569999933243
,,,,,4757.575000047684
,,,,,4757.579999923706
,,,,,4757.585000038147
,,,,,4757.589999914169
,,,,,4757.59500002861
,,,,,4757.599999904633
,,,,,4757.6050000190735
,,,,,4757.609999895096
,,,,,4757.615000009537
,,,,,4757.619999885559
,,,,,4757.625
,,,,,4757.630000114441
,,,,,4757.634999990463
,,,,,4757.640000104904
,,,,,4757.6449999809265
,,,,,4757.650000095368
,,,,,4757.65499997139
,,,,,4757.660000085831
,,,,,4757.664999961853
,,,,,4757.670000076294
,,,,,4757.674999952316
,,,,,4757.680000066757
,,,,,4757.6849999427795
,,,,,4757.690000057221
,,,,,4757.694999933243
,,,,,4757.700000047684
,,,,,4757.704999923706
,,,,,4757.710000038147
,,,,,4757.714999914169
,,,,,4757.72000002861
,,,,,4757.724999904633
,,,,,4757.7300000190735
,,,,,4757.734999895096
,,,,,4757.740000009537
,,,,,4757.744999885559
,,,,,4757.75
,,,,,4757.755000114441
,,,,,4757.759999990463
,,,,,4757.765000104904
,,,,,4757.7699999809265
,,,,,4757.775000095368
,,,,,4757.77999997139
,,,,,4757.785000085831
,,,,,4757.789999961853
,,,,,4757.795000076294
,,,,,4757.799999952316
,,,,,4757.805000066757
,,,,,4757.8099999427795
,,,,,4757.815000057221
,,,,,4757.819999933243
,,,,,4757.825000047684
,,,,,4757.829999923706
,,,,,4757.835000038147
,,,,,4757.839999914169
,,,,,4757.84500002861
,,,,,4757.849999904633
,,,,,4757.8550000190735
,,,,,4757.859999895096
,,,,,4757.865000009537
,,,,,4757.869999885559
,,,,,4757.875
,,,,,4757.880000114441
,,,,,4757.884999990463
,,,,,4757.890000104904
,,,,,4757.8949999809265
,,,,,4757.900000095368
,,,,,4757.90499997139
,,,,,4757.910000085831
,,,,,4757.914999961853
,,,,,4757.920000076294
,,,,,4757.924999952316
,,,,,4757.930000066757
,,,,,4757.9349999427795
,,,,,4757.940000057221
,,,,,4757.944999933243
,,,,,4757.950000047684
,,,,,4757.954999923706
,,,,,4757.960000038147
,,,,,4757.964999914169
,,,,,4757.97000002861
,,,,,4757.974999904633
,,,,,4757.9800000190735
,,,,,4757.984999895096
,,,,,4757.990000009537
,,,,,4757.994999885559
,,,,,4758.0
,,,,,4758.005000114441
,,,,,4758.009999990463
,,,,,4758.015000104904
,,,,,4758.0199999809265
,,,,,4758.025000095368
,,,,,4758.02999997139
,,,,,4758.035000085831
,,,,,4758.039999961853
,,,,,4758.045000076294
,,,,,4758.049999952316
,,,,,4758.055000066757
,,,,,4758.0599999427795
,,,,,4758.065000057221
,,,,,4758.069999933243
,,,,,4758.075000047684
,,,,,4758.079999923706
,,,,,4758.085000038147
,,,,,4758.089999914169
,,,,,4758.09500002861
,,,,,4758.099999904633
,,,,,4758.1050000190735
,,,,,4758.109999895096
,,,,,4758.115000009537
,,,,,4758.119999885559
,,,,,4758.125
,,,,,4758.130000114441
,,,,,4758.134999990463
,,,,,4758.140000104904
,,,,,4758.1449999809265
,,,,,4758.150000095368
,,,,,4758.15499997139
,,,,,4758.160000085831
,,,,,4758.164999961853
,,,,,4758.170000076294
,,,,,4758.174999952316
,,,,,4758.180000066757
,,,,,4758.1849999427795
,,,,,4758.190000057221
,,,,,4758.194999933243
,,,,,4758.200000047684
,,,,,4758.204999923706
,,,,,4758.210000038147
,,,,,4758.214999914169
,,,,,4758.22000002861
,,,,,4758.224999904633
,,,,,4758.2300000190735
,,,,,4758.234999895096
,,,,,4758.240000009537
,,,,,4758.244999885559
,,,,,4758.25
,,,,,4758.255000114441
,,,,,4758.259999990463
,,,,,4758.265000104904
,,,,,4758.2699999809265
,,,,,4758.275000095368
,,,,,4758.27999997139
,,,,,4758.285000085831
,,,,,4758.289999961853
,,,,,4758.295000076294
,,,,,4758.299999952316
,,,,,4758.305000066757
,,,,,4758.3099999427795
,,,,,4758.315000057221
,,,,,4758.319999933243
,,,,,4758.325000047684
,,,,,4758.329999923706
,,,,,4758.335000038147
,,,,,4758.339999914169
,,,,,4758.34500002861
,,,,,4758.349999904633
,,,,,4758.3550000190735
,,,,,4758.359999895096
,,,,,4758.365000009537
,,,,,4758.369999885559
,,,,,4758.375
,,,,,4758.380000114441
,,,,,4758.384999990463
,,,,,4758.390000104904
,,,,,4758.3949999809265
,,,,,4758.400000095368
,,,,,4758.40499997139
,,,,,4758.410000085831
,,,,,4758.414999961853
,,,,,4758.420000076294
,,,,,4758.424999952316
,,,,,4758.430000066757
,,,,,4758.4349999427795
,,,,,4758.440000057221
,,,,,4758.444999933243
,,,,,4758.450000047684
,,,,,4758.454999923706
,,,,,4758.460000038147
,,,,,4758.464999914169
,,,,,4758.47000002861
,,,,,4758.474999904633
,,,,,4758.4800000190735
,,,,,4758.484999895096
,,,,,4758.490000009537
,,,,,4758.494999885559
,,,,,4758.5
,,,,,4758.505000114441
,,,,,4758.509999990463
,,,,,4758.515000104904
,,,,,4758.5199999809265
,,,,,4758.525000095368
,,,,,4758.52999997139
,,,,,4758.535000085831
,,,,,4758.539999961853
,,,,,4758.545000076294
,,,,,4758.549999952316
,,,,,4758.555000066757
,,,,,4758.5599999427795
,,,,,4758.565000057221
,,,,,4758.569999933243
,,,,,4758.575000047684
,,,,,4758.579999923706
,,,,,4758.585000038147
,,,,,4758.589999914169
,,,,,4758.59500002861
,,,,,4758.599999904633
,,,,,4758.6050000190735
,,,,,4758.609999895096
,,,,,4758.615000009537
,,,,,4758.619999885559
,,,,,4758.625
,,,,,4758.630000114441
,,,,,4758.634999990463
,,,,,4758.640000104904
,,,,,4758.6449999809265
,,,,,4758.650000095368
,,,,,4758.65499997139
,,,,,4758.660000085831
,,,,,4758.664999961853
,,,,,4758.670000076294
,,,,,4758.674999952316
,,,,,4758.680000066757
,,,,,4758.6849999427795
,,,,,4758.690000057221
,,,,,4758.694999933243
,,,,,4758.700000047684
,,,,,4758.704999923706
,,,,,4758.710000038147
,,,,,4758.714999914169
,,,,,4758.72000002861
,,,,,4758.724999904633
,,,,,4758.7300000190735
,,,,,4758.734999895096
,,,,,4758.740000009537
,,,,,4758.744999885559
,,,,,4758.75
,,,,,4758.755000114441
,,,,,4758.759999990463
,,,,,4758.765000104904
,,,,,4758.7699999809265
,,,,,4758.775000095368
,,,,,4758.77999997139
,,,,,4758.785000085831
,,,,,4758.789999961853
,,,,,4758.795000076294
,,,,,4758.799999952316
,,,,,4758.805000066757
,,,,,4758.8099999427795
,,,,,4758.815000057221
,,,,,4758.819999933243
,,,,,4758.825000047684
,,,,,4758.829999923706
,,,,,4758.835000038147
,,,,,4758.839999914169
,,,,,4758.84500002861
,,,,,4758.849999904633
,,,,,4758.8550000190735
,,,,,4758.859999895096
,,,,,4758.865000009537
,,,,,4758.869999885559
,,,,,4758.875
,,,,,4758.880000114441
,,,,,4758.884999990463
,,,,,4758.890000104904
,,,,,4758.8949999809265
,,,,,4758.900000095368
,,,,,4758.90499997139
,,,,,4758.910000085831
,,,,,4758.914999961853
,,,,,4758.920000076294
,,,,,4758.924999952316
,,,,,4758.930000066757
,,,,,4758.9349999427795
,,,,,4758.940000057221
,,,,,4758.944999933243
,,,,,4758.950000047684
,,,,,4758.954999923706
,,,,,4758.960000038147
,,,,,4758.964999914169
,,,,,4758.97000002861
,,,,,4758.974999904633
,,,,,4758.9800000190735
,,,,,4758.984999895096
,,,,,4758.990000009537
,,,,,4758.994999885559
,,,,,4759.0
,,,,,4759.005000114441
,,,,,4759.009999990463
,,,,,4759.015000104904
,,,,,4759.0199999809265
,,,,,4759.025000095368
,,,,,4759.02999997139
,,,,,4759.035000085831
,,,,,4759.039999961853
,,,,,4759.045000076294
,,,,,4759.049999952316
,,,,,4759.055000066757
,,,,,4759.0599999427795
,,,,,4759.065000057221
,,,,,4759.069999933243
,,,,,4759.075000047684
,,,,,4759.079999923706
,,,,,4759.085000038147
,,,,,4759.089999914169
,,,,,4759.09500002861
,,,,,4759.099999904633
,,,,,4759.1050000190735
,,,,,4759.109999895096
,,,,,4759.115000009537
,,,,,4759.119999885559
,,,,,4759.125
,,,,,4759.130000114441
,,,,,4759.134999990463
,,,,,4759.140000104904
,,,,,4759.1449999809265
,,,,,4759.150000095368
,,,,,4759.15499997139
,,,,,4759.160000085831
,,,,,4759.164999961853
,,,,,4759.170000076294
,,,,,4759.174999952316
,,,,,4759.180000066757
,,,,,4759.1849999427795
,,,,,4759.190000057221
,,,,,4759.194999933243
,,,,,4759.200000047684
,,,,,4759.204999923706
,,,,,4759.210000038147
,,,,,4759.214999914169
,,,,,4759.22000002861
,,,,,4759.224999904633
,,,,,4759.2300000190735
,,,,,4759.234999895096
,,,,,4759.240000009537
,,,,,4759.244999885559
,,,,,4759.25
,,,,,4759.255000114441
,,,,,4759.259999990463
,,,,,4759.265000104904
,,,,,4759.2699999809265
,,,,,4759.275000095368
,,,,,4759.27999997139
,,,,,4759.285000085831
,,,,,4759.289999961853
,,,,,4759.295000076294
,,,,,4759.299999952316
,,,,,4759.305000066757
,,,,,4759.3099999427795
,,,,,4759.315000057221
,,,,,4759.319999933243
,,,,,4759.325000047684
,,,,,4759.329999923706
,,,,,4759.335000038147
,,,,,4759.339999914169
,,,,,4759.34500002861
,,,,,4759.349999904633
,,,,,4759.3550000190735
,,,,,4759.359999895096
,,,,,4759.365000009537
,,,,,4759.369999885559
,,,,,4759.375
,,,,,4759.380000114441
,,,,,4759.384999990463
,,,,,4759.390000104904
,,,,,4759.3949999809265
,,,,,4759.400000095368
,,,,,4759.40499997139
,,,,,4759.410000085831
,,,,,4759.414999961853
,,,,,4759.420000076294
,,,,,4759.424999952316
,,,,,4759.430000066757
,,,,,4759.4349999427795
,,,,,4759.440000057221
,,,,,4759.444999933243
,,,,,4759.450000047684
,,,,,4759.454999923706
,,,,,4759.460000038147
,,,,,4759.464999914169
,,,,,4759.47000002861
,,,,,4759.474999904633
,,,,,4759.4800000190735
,,,,,4759.484999895096
,,,,,4759.490000009537
,,,,,4759.494999885559
,,,,,4759.5
,,,,,4759.505000114441
,,,,,4759.509999990463
,,,,,4759.515000104904
,,,,,4759.5199999809265
,,,,,4759.525000095368
,,,,,4759.52999997139
,,,,,4759.535000085831
,,,,,4759.539999961853
,,,,,4759.545000076294
,,,,,4759.549999952316
,,,,,4759.555000066757
,,,,,4759.5599999427795
,,,,,4759.565000057221
,,,,,4759.569999933243
,,,,,4759.575000047684
,,,,,4759.579999923706
,,,,,4759.585000038147
,,,,,4759.589999914169
,,,,,4759.59500002861
,,,,,4759.599999904633
,,,,,4759.6050000190735
,,,,,4759.609999895096
,,,,,4759.615000009537
,,,,,4759.619999885559
,,,,,4759.625
,,,,,4759.630000114441
,,,,,4759.634999990463
,,,,,4759.640000104904
,,,,,4759.6449999809265
,,,,,4759.650000095368
,,,,,4759.65499997139
,,,,,4759.660000085831
,,,,,4759.664999961853
,,,,,4759.670000076294
,,,,,4759.674999952316
,,,,,4759.680000066757
,,,,,4759.6849999427795
,,,,,4759.690000057221
,,,,,4759.694999933243
,,,,,4759.700000047684
,,,,,4759.704999923706
,,,,,4759.710000038147
,,,,,4759.714999914169
,,,,,4759.72000002861
,,,,,4759.724999904633
,,,,,4759.7300000190735
,,,,,4759.734999895096
,,,,,4759.740000009537
,,,,,4759.744999885559
,,,,,4759.75
,,,,,4759.755000114441
,,,,,4759.759999990463
,,,,,4759.765000104904
,,,,,4759.7699999809265
,,,,,4759.775000095368
,,,,,4759.77999997139
,,,,,4759.785000085831
,,,,,4759.789999961853
,,,,,4759.795000076294
,,,,,4759.799999952316
,,,,,4759.805000066757
,,,,,4759.8099999427795
,,,,,4759.815000057221
,,,,,4759.819999933243
,,,,,4759.825000047684
,,,,,4759.829999923706
,,,,,4759.835000038147
,,,,,4759.839999914169
,,,,,4759.84500002861
,,,,,4759.849999904633
,,,,,4759.8550000190735
,,,,,4759.859999895096
,,,,,4759.865000009537
,,,,,4759.869999885559
,,,,,4759.875
,,,,,4759.880000114441
,,,,,4759.884999990463
,,,,,4759.890000104904
,,,,,4759.8949999809265
,,,,,4759.900000095368
,,,,,4759.90499997139
,,,,,4759.910000085831
,,,,,4759.914999961853
,,,,,4759.920000076294
,,,,,4759.924999952316
,,,,,4759.930000066757
,,,,,4759.9349999427795
,,,,,4759.940000057221
,,,,,4759.944999933243
,,,,,4759.950000047684
,,,,,4759.954999923706
,,,,,4759.960000038147
,,,,,4759.964999914169
,,,,,4759.97000002861
,,,,,4759.974999904633
,,,,,4759.9800000190735
,,,,,4759.984999895096
,,,,,4759.990000009537
,,,,,4759.994999885559
,,,,,4760.0
,,,,,4760.005000114441
,,,,,4760.009999990463
,,,,,4760.015000104904
,,,,,4760.0199999809265
,,,,,4760.025000095368
,,,,,4760.02999997139
,,,,,4760.035000085831
,,,,,4760.039999961853
,,,,,4760.045000076294
,,,,,4760.049999952316
,,,,,4760.055000066757
,,,,,4760.0599999427795
,,,,,4760.065000057221
,,,,,4760.069999933243
,,,,,4760.075000047684
,,,,,4760.079999923706
,,,,,4760.085000038147
,,,,,4760.089999914169
,,,,,4760.09500002861
,,,,,4760.099999904633
,,,,,4760.1050000190735
,,,,,4760.109999895096
,,,,,4760.115000009537
,,,,,4760.119999885559
,,,,,4760.125
,,,,,4760.130000114441
,,,,,4760.134999990463
,,,,,4760.140000104904
,,,,,4760.1449999809265
,,,,,4760.150000095368
,,,,,4760.15499997139
,,,,,4760.160000085831
,,,,,4760.164999961853
,,,,,4760.170000076294
,,,,,4760.174999952316
,,,,,4760.180000066757
,,,,,4760.1849999427795
,,,,,4760.190000057221
,,,,,4760.194999933243
,,,,,4760.200000047684
,,,,,4760.204999923706
,,,,,4760.210000038147
,,,,,4760.214999914169
,,,,,4760.22000002861
,,,,,4760.224999904633
,,,,,4760.2300000190735
,,,,,4760.234999895096
,,,,,4760.240000009537
,,,,,4760.244999885559
,,,,,4760.25
,,,,,4760.255000114441
,,,,,4760.259999990463
,,,,,4760.265000104904
,,,,,4760.2699999809265
,,,,,4760.275000095368
,,,,,4760.27999997139
,,,,,4760.285000085831
,,,,,4760.289999961853
,,,,,4760.295000076294
,,,,,4760.299999952316
,,,,,4760.305000066757
,,,,,4760.3099999427795
,,,,,4760.315000057221
,,,,,4760.319999933243
,,,,,4760.325000047684
,,,,,4760.329999923706
,,,,,4760.335000038147
,,,,,4760.339999914169
,,,,,4760.34500002861
,,,,,4760.349999904633
,,,,,4760.3550000190735
,,,,,4760.359999895096
,,,,,4760.365000009537
,,,,,4760.369999885559
,,,,,4760.375
,,,,,4760.380000114441
,,,,,4760.384999990463
,,,,,4760.390000104904
,,,,,4760.3949999809265
,,,,,4760.400000095368
,,,,,4760.40499997139
,,,,,4760.410000085831
,,,,,4760.414999961853
,,,,,4760.420000076294
,,,,,4760.424999952316
,,,,,4760.430000066757
,,,,,4760.4349999427795
,,,,,4760.440000057221
,,,,,4760.444999933243
,,,,,4760.450000047684
,,,,,4760.454999923706
,,,,,4760.460000038147
,,,,,4760.464999914169
,,,,,4760.47000002861
,,,,,4760.474999904633
,,,,,4760.4800000190735
,,,,,4760.484999895096
,,,,,4760.490000009537
,,,,,4760.494999885559
,,,,,4760.5
,,,,,4760.505000114441
,,,,,4760.509999990463
,,,,,4760.515000104904
,,,,,4760.5199999809265
,,,,,4760.525000095368
,,,,,4760.52999997139
,,,,,4760.535000085831
,,,,,4760.539999961853
,,,,,4760.545000076294
,,,,,4760.549999952316
,,,,,4760.555000066757
,,,,,4760.5599999427795
,,,,,4760.565000057221
,,,,,4760.569999933243
,,,,,4760.575000047684
,,,,,4760.579999923706
,,,,,4760.585000038147
,,,,,4760.589999914169
,,,,,4760.59500002861
,,,,,4760.599999904633
,,,,,4760.6050000190735
,,,,,4760.609999895096
,,,,,4760.615000009537
,,,,,4760.619999885559
,,,,,4760.625
,,,,,4760.630000114441
,,,,,4760.634999990463
,,,,,4760.640000104904
,,,,,4760.6449999809265
,,,,,4760.650000095368
,,,,,4760.65499997139
,,,,,4760.660000085831
,,,,,4760.664999961853
,,,,,4760.670000076294
,,,,,4760.674999952316
,,,,,4760.680000066757
,,,,,4760.6849999427795
,,,,,4760.690000057221
,,,,,4760.694999933243
,,,,,4760.700000047684
,,,,,4760.704999923706
,,,,,4760.710000038147
,,,,,4760.714999914169
,,,,,4760.72000002861
,,,,,4760.724999904633
,,,,,4760.7300000190735
,,,,,4760.734999895096
,,,,,4760.740000009537
,,,,,4760.744999885559
,,,,,4760.75
,,,,,4760.755000114441
,,,,,4760.759999990463
,,,,,4760.765000104904
,,,,,4760.7699999809265
,,,,,4760.775000095368
,,,,,4760.77999997139
,,,,,4760.785000085831
,,,,,4760.789999961853
,,,,,4760.795000076294
,,,,,4760.799999952316
,,,,,4760.805000066757
,,,,,4760.8099999427795
,,,,,4760.815000057221
,,,,,4760.819999933243
,,,,,4760.825000047684
,,,,,4760.829999923706
,,,,,4760.835000038147
,,,,,4760.839999914169
,,,,,4760.84500002861
,,,,,4760.849999904633
,,,,,4760.8550000190735
,,,,,4760.859999895096
,,,,,4760.865000009537
,,,,,4760.869999885559
,,,,,4760.875
,,,,,4760.880000114441
,,,,,4760.884999990463
,,,,,4760.890000104904
,,,,,4760.8949999809265
,,,,,4760.900000095368
,,,,,4760.90499997139
,,,,,4760.910000085831
,,,,,4760.914999961853
,,,,,4760.920000076294
,,,,,4760.924999952316
,,,,,4760.930000066757
,,,,,4760.9349999427795
,,,,,4760.940000057221
,,,,,4760.944999933243
,,,,,4760.950000047684
,,,,,4760.954999923706
,,,,,4760.960000038147
,,,,,4760.964999914169
,,,,,4760.97000002861
,,,,,4760.974999904633
,,,,,4760.9800000190735
,,,,,4760.984999895096
,,,,,4760.990000009537
,,,,,4760.994999885559
,,,,,4761.0
,,,,,4761.005000114441
,,,,,4761.009999990463
,,,,,4761.015000104904
,,,,,4761.0199999809265
,,,,,4761.025000095368
,,,,,4761.02999997139
,,,,,4761.035000085831
,,,,,4761.039999961853
,,,,,4761.045000076294
,,,,,4761.049999952316
,,,,,4761.055000066757
,,,,,4761.0599999427795
,,,,,4761.065000057221
,,,,,4761.069999933243
,,,,,4761.075000047684
,,,,,4761.079999923706
,,,,,4761.085000038147
,,,,,4761.089999914169
,,,,,4761.09500002861
,,,,,4761.099999904633
,,,,,4761.1050000190735
,,,,,4761.109999895096
,,,,,4761.115000009537
,,,,,4761.119999885559
,,,,,4761.125
,,,,,4761.130000114441
,,,,,4761.134999990463
,,,,,4761.140000104904
,,,,,4761.1449999809265
,,,,,4761.150000095368
,,,,,4761.15499997139
,,,,,4761.160000085831
,,,,,4761.164999961853
,,,,,4761.170000076294
,,,,,4761.174999952316
,,,,,4761.180000066757
,,,,,4761.1849999427795
,,,,,4761.190000057221
,,,,,4761.194999933243
,,,,,4761.200000047684
,,,,,4761.204999923706
,,,,,4761.210000038147
,,,,,4761.214999914169
,,,,,4761.22000002861
,,,,,4761.224999904633
,,,,,4761.2300000190735
,,,,,4761.234999895096
,,,,,4761.240000009537
,,,,,4761.244999885559
,,,,,4761.25
,,,,,4761.255000114441
,,,,,4761.259999990463
,,,,,4761.265000104904
,,,,,4761.2699999809265
,,,,,4761.275000095368
,,,,,4761.27999997139
,,,,,4761.285000085831
,,,,,4761.289999961853
,,,,,4761.295000076294
,,,,,4761.299999952316
,,,,,4761.305000066757
,,,,,4761.3099999427795
,,,,,4761.315000057221
,,,,,4761.319999933243
,,,,,4761.325000047684
,,,,,4761.329999923706
,,,,,4761.335000038147
,,,,,4761.339999914169
,,,,,4761.34500002861
,,,,,4761.349999904633
,,,,,4761.3550000190735
,,,,,4761.359999895096
,,,,,4761.365000009537
,,,,,4761.369999885559
,,,,,4761.375
,,,,,4761.380000114441
,,,,,4761.384999990463
,,,,,4761.390000104904
,,,,,4761.3949999809265
,,,,,4761.400000095368
,,,,,4761.40499997139
,,,,,4761.410000085831
,,,,,4761.414999961853
,,,,,4761.420000076294
,,,,,4761.424999952316
,,,,,4761.430000066757
,,,,,4761.4349999427795
,,,,,4761.440000057221
,,,,,4761.444999933243
,,,,,4761.450000047684
,,,,,4761.454999923706
,,,,,4761.460000038147
,,,,,4761.464999914169
,,,,,4761.47000002861
,,,,,4761.474999904633
,,,,,4761.4800000190735
,,,,,4761.484999895096
,,,,,4761.490000009537
,,,,,4761.494999885559
,,,,,4761.5
,,,,,4761.505000114441
,,,,,4761.509999990463
,,,,,4761.515000104904
,,,,,4761.5199999809265
,,,,,4761.525000095368
,,,,,4761.52999997139
,,,,,4761.535000085831
,,,,,4761.539999961853
,,,,,4761.545000076294
,,,,,4761.549999952316
,,,,,4761.555000066757
,,,,,4761.5599999427795
,,,,,4761.565000057221
,,,,,4761.569999933243
,,,,,4761.575000047684
,,,,,4761.579999923706
,,,,,4761.585000038147
,,,,,4761.589999914169
,,,,,4761.59500002861
,,,,,4761.599999904633
,,,,,4761.6050000190735
,,,,,4761.609999895096
,,,,,4761.615000009537
,,,,,4761.619999885559
,,,,,4761.625
,,,,,4761.630000114441
,,,,,4761.634999990463
,,,,,4761.640000104904
,,,,,4761.6449999809265
,,,,,4761.650000095368
,,,,,4761.65499997139
,,,,,4761.660000085831
,,,,,4761.664999961853
,,,,,4761.670000076294
,,,,,4761.674999952316
,,,,,4761.680000066757
,,,,,4761.6849999427795
,,,,,4761.690000057221
,,,,,4761.694999933243
,,,,,4761.700000047684
,,,,,4761.704999923706
,,,,,4761.710000038147
,,,,,4761.714999914169
,,,,,4761.72000002861
,,,,,4761.724999904633
,,,,,4761.7300000190735
,,,,,4761.734999895096
,,,,,4761.740000009537
,,,,,4761.744999885559
,,,,,4761.75
,,,,,4761.755000114441
,,,,,4761.759999990463
,,,,,4761.765000104904
,,,,,4761.7699999809265
,,,,,4761.775000095368
,,,,,4761.77999997139
,,,,,4761.785000085831
,,,,,4761.789999961853
,,,,,4761.795000076294
,,,,,4761.799999952316
,,,,,4761.805000066757
,,,,,4761.8099999427795
,,,,,4761.815000057221
,,,,,4761.819999933243
,,,,,4761.825000047684
,,,,,4761.829999923706
,,,,,4761.835000038147
,,,,,4761.839999914169
,,,,,4761.84500002861
,,,,,4761.849999904633
,,,,,4761.8550000190735
,,,,,4761.859999895096
,,,,,4761.865000009537
,,,,,4761.869999885559
,,,,,4761.875
,,,,,4761.880000114441
,,,,,4761.884999990463
,,,,,4761.890000104904
,,,,,4761.8949999809265
,,,,,4761.900000095368
,,,,,4761.90499997139
,,,,,4761.910000085831
,,,,,4761.914999961853
,,,,,4761.920000076294
,,,,,4761.924999952316
,,,,,4761.930000066757
,,,,,4761.9349999427795
,,,,,4761.940000057221
,,,,,4761.944999933243
,,,,,4761.950000047684
,,,,,4761.954999923706
,,,,,4761.960000038147
,,,,,4761.964999914169
,,,,,4761.97000002861
,,,,,4761.974999904633
,,,,,4761.9800000190735
,,,,,4761.984999895096
,,,,,4761.990000009537
,,,,,4761.994999885559
,,,,,4762.0
,,,,,4762.005000114441
,,,,,4762.009999990463
,,,,,4762.015000104904
,,,,,4762.0199999809265
,,,,,4762.025000095368
,,,,,4762.02999997139
,,,,,4762.035000085831
,,,,,4762.039999961853
,,,,,4762.045000076294
,,,,,4762.049999952316
,,,,,4762.055000066757
,,,,,4762.0599999427795
,,,,,4762.065000057221
,,,,,4762.069999933243
,,,,,4762.075000047684
,,,,,4762.079999923706
,,,,,4762.085000038147
,,,,,4762.089999914169
,,,,,4762.09500002861
,,,,,4762.099999904633
,,,,,4762.1050000190735
,,,,,4762.109999895096
,,,,,4762.115000009537
,,,,,4762.119999885559
,,,,,4762.125
,,,,,4762.130000114441
,,,,,4762.134999990463
,,,,,4762.140000104904
,,,,,4762.1449999809265
,,,,,4762.150000095368
,,,,,4762.15499997139
,,,,,4762.160000085831
,,,,,4762.164999961853
,,,,,4762.170000076294
,,,,,4762.174999952316
,,,,,4762.180000066757
,,,,,4762.1849999427795
,,,,,4762.190000057221
,,,,,4762.194999933243
,,,,,4762.200000047684
,,,,,4762.204999923706
,,,,,4762.210000038147
,,,,,4762.214999914169
,,,,,4762.22000002861
,,,,,4762.224999904633
,,,,,4762.2300000190735
,,,,,4762.234999895096
,,,,,4762.240000009537
,,,,,4762.244999885559
,,,,,4762.25
,,,,,4762.255000114441
,,,,,4762.259999990463
,,,,,4762.265000104904
,,,,,4762.2699999809265
,,,,,4762.275000095368
,,,,,4762.27999997139
,,,,,4762.285000085831
,,,,,4762.289999961853
,,,,,4762.295000076294
,,,,,4762.299999952316
,,,,,4762.305000066757
,,,,,4762.3099999427795
,,,,,4762.315000057221
,,,,,4762.319999933243
,,,,,4762.325000047684
,,,,,4762.329999923706
,,,,,4762.335000038147
,,,,,4762.339999914169
,,,,,4762.34500002861
,,,,,4762.349999904633
,,,,,4762.3550000190735
,,,,,4762.359999895096
,,,,,4762.365000009537
,,,,,4762.369999885559
,,,,,4762.375
,,,,,4762.380000114441
,,,,,4762.384999990463
,,,,,4762.390000104904
,,,,,4762.3949999809265
,,,,,4762.400000095368
,,,,,4762.40499997139
,,,,,4762.410000085831
,,,,,4762.414999961853
,,,,,4762.420000076294
,,,,,4762.424999952316
,,,,,4762.430000066757
,,,,,4762.4349999427795
,,,,,4762.440000057221
,,,,,4762.444999933243
,,,,,4762.450000047684
,,,,,4762.454999923706
,,,,,4762.460000038147
,,,,,4762.464999914169
,,,,,4762.47000002861
,,,,,4762.474999904633
,,,,,4762.4800000190735
,,,,,4762.484999895096
,,,,,4762.490000009537
,,,,,4762.494999885559
,,,,,4762.5
,,,,,4762.505000114441
,,,,,4762.509999990463
,,,,,4762.515000104904
,,,,,4762.5199999809265
,,,,,4762.525000095368
,,,,,4762.52999997139
,,,,,4762.535000085831
,,,,,4762.539999961853
,,,,,4762.545000076294
,,,,,4762.549999952316
,,,,,4762.555000066757
,,,,,4762.5599999427795
,,,,,4762.565000057221
,,,,,4762.569999933243
,,,,,4762.575000047684
,,,,,4762.579999923706
,,,,,4762.585000038147
,,,,,4762.589999914169
,,,,,4762.59500002861
,,,,,4762.599999904633
,,,,,4762.6050000190735
,,,,,4762.609999895096
,,,,,4762.615000009537
,,,,,4762.619999885559
,,,,,4762.625
,,,,,4762.630000114441
,,,,,4762.634999990463
,,,,,4762.640000104904
,,,,,4762.6449999809265
,,,,,4762.650000095368
,,,,,4762.65499997139
,,,,,4762.660000085831
,,,,,4762.664999961853
,,,,,4762.670000076294
,,,,,4762.674999952316
,,,,,4762.680000066757
,,,,,4762.6849999427795
,,,,,4762.690000057221
,,,,,4762.694999933243
,,,,,4762.700000047684
,,,,,4762.704999923706
,,,,,4762.710000038147
,,,,,4762.714999914169
,,,,,4762.72000002861
,,,,,4762.724999904633
,,,,,4762.7300000190735
,,,,,4762.734999895096
,,,,,4762.740000009537
,,,,,4762.744999885559
,,,,,4762.75
,,,,,4762.755000114441
,,,,,4762.759999990463
,,,,,4762.765000104904
,,,,,4762.7699999809265
,,,,,4762.775000095368
,,,,,4762.77999997139
,,,,,4762.785000085831
,,,,,4762.789999961853
,,,,,4762.795000076294
,,,,,4762.799999952316
,,,,,4762.805000066757
,,,,,4762.8099999427795
,,,,,4762.815000057221
,,,,,4762.819999933243
,,,,,4762.825000047684
,,,,,4762.829999923706
,,,,,4762.835000038147
,,,,,4762.839999914169
,,,,,4762.84500002861
,,,,,4762.849999904633
,,,,,4762.8550000190735
,,,,,4762.859999895096
,,,,,4762.865000009537
,,,,,4762.869999885559
,,,,,4762.875
,,,,,4762.880000114441
,,,,,4762.884999990463
,,,,,4762.890000104904
,,,,,4762.8949999809265
,,,,,4762.900000095368
,,,,,4762.90499997139
,,,,,4762.910000085831
,,,,,4762.914999961853
,,,,,4762.920000076294
,,,,,4762.924999952316
,,,,,4762.930000066757
,,,,,4762.9349999427795
,,,,,4762.940000057221
,,,,,4762.944999933243
,,,,,4762.950000047684
,,,,,4762.954999923706
,,,,,4762.960000038147
,,,,,4762.964999914169
,,,,,4762.97000002861
,,,,,4762.974999904633
,,,,,4762.9800000190735
,,,,,4762.984999895096
,,,,,4762.990000009537
,,,,,4762.994999885559
,,,,,4763.0
,,,,,4763.005000114441
,,,,,4763.009999990463
,,,,,4763.015000104904
,,,,,4763.0199999809265
,,,,,4763.025000095368
,,,,,4763.02999997139
,,,,,4763.035000085831
,,,,,4763.039999961853
,,,,,4763.045000076294
,,,,,4763.049999952316
,,,,,4763.055000066757
,,,,,4763.0599999427795
,,,,,4763.065000057221
,,,,,4763.069999933243
,,,,,4763.075000047684
,,,,,4763.079999923706
,,,,,4763.085000038147
,,,,,4763.089999914169
,,,,,4763.09500002861
,,,,,4763.099999904633
,,,,,4763.1050000190735
,,,,,4763.109999895096
,,,,,4763.115000009537
,,,,,4763.119999885559
,,,,,4763.125
,,,,,4763.130000114441
,,,,,4763.134999990463
,,,,,4763.140000104904
,,,,,4763.1449999809265
,,,,,4763.150000095368
,,,,,4763.15499997139
,,,,,4763.160000085831
,,,,,4763.164999961853
,,,,,4763.170000076294
,,,,,4763.174999952316
,,,,,4763.180000066757
,,,,,4763.1849999427795
,,,,,4763.190000057221
,,,,,4763.194999933243
,,,,,4763.200000047684
,,,,,4763.204999923706
,,,,,4763.210000038147
,,,,,4763.214999914169
,,,,,4763.22000002861
,,,,,4763.224999904633
,,,,,4763.2300000190735
,,,,,4763.234999895096
,,,,,4763.240000009537
,,,,,4763.244999885559
,,,,,4763.25
,,,,,4763.255000114441
,,,,,4763.259999990463
,,,,,4763.265000104904
,,,,,4763.2699999809265
,,,,,4763.275000095368
,,,,,4763.27999997139
,,,,,4763.285000085831
,,,,,4763.289999961853
,,,,,4763.295000076294
,,,,,4763.299999952316
,,,,,4763.305000066757
,,,,,4763.3099999427795
,,,,,4763.315000057221
,,,,,4763.319999933243
,,,,,4763.325000047684
,,,,,4763.329999923706
,,,,,4763.335000038147
,,,,,4763.339999914169
,,,,,4763.34500002861
,,,,,4763.349999904633
,,,,,4763.3550000190735
,,,,,4763.359999895096
,,,,,4763.365000009537
,,,,,4763.369999885559
,,,,,4763.375
,,,,,4763.380000114441
,,,,,4763.384999990463
,,,,,4763.390000104904
,,,,,4763.3949999809265
,,,,,4763.400000095368
,,,,,4763.40499997139
,,,,,4763.410000085831
,,,,,4763.414999961853
,,,,,4763.420000076294
,,,,,4763.424999952316
,,,,,4763.430000066757
,,,,,4763.4349999427795
,,,,,4763.440000057221
,,,,,4763.444999933243
,,,,,4763.450000047684
,,,,,4763.454999923706
,,,,,4763.460000038147
,,,,,4763.464999914169
,,,,,4763.47000002861
,,,,,4763.474999904633
,,,,,4763.4800000190735
,,,,,4763.484999895096
,,,,,4763.490000009537
,,,,,4763.494999885559
,,,,,4763.5
,,,,,4763.505000114441
,,,,,4763.509999990463
,,,,,4763.515000104904
,,,,,4763.5199999809265
,,,,,4763.525000095368
,,,,,4763.52999997139
,,,,,4763.535000085831
,,,,,4763.539999961853
,,,,,4763.545000076294
,,,,,4763.549999952316
,,,,,4763.555000066757
,,,,,4763.5599999427795
,,,,,4763.565000057221
,,,,,4763.569999933243
,,,,,4763.575000047684
,,,,,4763.579999923706
,,,,,4763.585000038147
,,,,,4763.589999914169
,,,,,4763.59500002861
,,,,,4763.599999904633
,,,,,4763.6050000190735
,,,,,4763.609999895096
,,,,,4763.615000009537
,,,,,4763.619999885559
,,,,,4763.625
,,,,,4763.630000114441
,,,,,4763.634999990463
,,,,,4763.640000104904
,,,,,4763.6449999809265
,,,,,4763.650000095368
,,,,,4763.65499997139
,,,,,4763.660000085831
,,,,,4763.664999961853
,,,,,4763.670000076294
,,,,,4763.674999952316
,,,,,4763.680000066757
,,,,,4763.6849999427795
,,,,,4763.690000057221
,,,,,4763.694999933243
,,,,,4763.700000047684
,,,,,4763.704999923706
,,,,,4763.710000038147
,,,,,4763.714999914169
,,,,,4763.72000002861
,,,,,4763.724999904633
,,,,,4763.7300000190735
,,,,,4763.734999895096
,,,,,4763.740000009537
,,,,,4763.744999885559
,,,,,4763.75
,,,,,4763.755000114441
,,,,,4763.759999990463
,,,,,4763.765000104904
,,,,,4763.7699999809265
,,,,,4763.775000095368
,,,,,4763.77999997139
,,,,,4763.785000085831
,,,,,4763.789999961853
,,,,,4763.795000076294
,,,,,4763.799999952316
,,,,,4763.805000066757
,,,,,4763.8099999427795
,,,,,4763.815000057221
,,,,,4763.819999933243
,,,,,4763.825000047684
,,,,,4763.829999923706
,,,,,4763.835000038147
,,,,,4763.839999914169
,,,,,4763.84500002861
,,,,,4763.849999904633
,,,,,4763.8550000190735
,,,,,4763.859999895096
,,,,,4763.865000009537
,,,,,4763.869999885559
,,,,,4763.875
,,,,,4763.880000114441
,,,,,4763.884999990463
,,,,,4763.890000104904
,,,,,4763.8949999809265
,,,,,4763.900000095368
,,,,,4763.90499997139
,,,,,4763.910000085831
,,,,,4763.914999961853
,,,,,4763.920000076294
,,,,,4763.924999952316
,,,,,4763.930000066757
,,,,,4763.9349999427795
,,,,,4763.940000057221
,,,,,4763.944999933243
,,,,,4763.950000047684
,,,,,4763.954999923706
,,,,,4763.960000038147
,,,,,4763.964999914169
,,,,,4763.97000002861
,,,,,4763.974999904633
,,,,,4763.9800000190735
,,,,,4763.984999895096
,,,,,4763.990000009537
,,,,,4763.994999885559
,,,,,4764.0
,,,,,4764.005000114441
,,,,,4764.009999990463
,,,,,4764.015000104904
,,,,,4764.0199999809265
,,,,,4764.025000095368
,,,,,4764.02999997139
,,,,,4764.035000085831
,,,,,4764.039999961853
,,,,,4764.045000076294
,,,,,4764.049999952316
,,,,,4764.055000066757
,,,,,4764.0599999427795
,,,,,4764.065000057221
,,,,,4764.069999933243
,,,,,4764.075000047684
,,,,,4764.079999923706
,,,,,4764.085000038147
,,,,,4764.089999914169
,,,,,4764.09500002861
,,,,,4764.099999904633
,,,,,4764.1050000190735
,,,,,4764.109999895096
,,,,,4764.115000009537
,,,,,4764.119999885559
,,,,,4764.125
,,,,,4764.130000114441
,,,,,4764.134999990463
,,,,,4764.140000104904
,,,,,4764.1449999809265
,,,,,4764.150000095368
,,,,,4764.15499997139
,,,,,4764.160000085831
,,,,,4764.164999961853
,,,,,4764.170000076294
,,,,,4764.174999952316
,,,,,4764.180000066757
,,,,,4764.1849999427795
,,,,,4764.190000057221
,,,,,4764.194999933243
,,,,,4764.200000047684
,,,,,4764.204999923706
,,,,,4764.210000038147
,,,,,4764.214999914169
,,,,,4764.22000002861
,,,,,4764.224999904633
,,,,,4764.2300000190735
,,,,,4764.234999895096
,,,,,4764.240000009537
,,,,,4764.244999885559
,,,,,4764.25
,,,,,4764.255000114441
,,,,,4764.259999990463
,,,,,4764.265000104904
,,,,,4764.2699999809265
,,,,,4764.275000095368
,,,,,4764.27999997139
,,,,,4764.285000085831
,,,,,4764.289999961853
,,,,,4764.295000076294
,,,,,4764.299999952316
,,,,,4764.305000066757
,,,,,4764.3099999427795
,,,,,4764.315000057221
,,,,,4764.319999933243
,,,,,4764.325000047684
,,,,,4764.329999923706
,,,,,4764.335000038147
,,,,,4764.339999914169
,,,,,4764.34500002861
,,,,,4764.349999904633
,,,,,4764.3550000190735
,,,,,4764.359999895096
,,,,,4764.365000009537
,,,,,4764.369999885559
,,,,,4764.375
,,,,,4764.380000114441
,,,,,4764.384999990463
,,,,,4764.390000104904
,,,,,4764.3949999809265
,,,,,4764.400000095368
,,,,,4764.40499997139
,,,,,4764.410000085831
,,,,,4764.414999961853
,,,,,4764.420000076294
,,,,,4764.424999952316
,,,,,4764.430000066757
,,,,,4764.4349999427795
,,,,,4764.440000057221
,,,,,4764.444999933243
,,,,,4764.450000047684
,,,,,4764.454999923706
,,,,,4764.460000038147
,,,,,4764.464999914169
,,,,,4764.47000002861
,,,,,4764.474999904633
,,,,,4764.4800000190735
,,,,,4764.484999895096
,,,,,4764.490000009537
,,,,,4764.494999885559
,,,,,4764.5
,,,,,4764.505000114441
,,,,,4764.509999990463
,,,,,4764.515000104904
,,,,,4764.5199999809265
,,,,,4764.525000095368
,,,,,4764.52999997139
,,,,,4764.535000085831
,,,,,4764.539999961853
,,,,,4764.545000076294
,,,,,4764.549999952316
,,,,,4764.555000066757
,,,,,4764.5599999427795
,,,,,4764.565000057221
,,,,,4764.569999933243
,,,,,4764.575000047684
,,,,,4764.579999923706
,,,,,4764.585000038147
,,,,,4764.589999914169
,,,,,4764.59500002861
,,,,,4764.599999904633
,,,,,4764.6050000190735
,,,,,4764.609999895096
,,,,,4764.615000009537
,,,,,4764.619999885559
,,,,,4764.625
,,,,,4764.630000114441
,,,,,4764.634999990463
,,,,,4764.640000104904
,,,,,4764.6449999809265
,,,,,4764.650000095368
,,,,,4764.65499997139
,,,,,4764.660000085831
,,,,,4764.664999961853
,,,,,4764.670000076294
,,,,,4764.674999952316
,,,,,4764.680000066757
,,,,,4764.6849999427795
,,,,,4764.690000057221
,,,,,4764.694999933243
,,,,,4764.700000047684
,,,,,4764.704999923706
,,,,,4764.710000038147
,,,,,4764.714999914169
,,,,,4764.72000002861
,,,,,4764.724999904633
,,,,,4764.7300000190735
,,,,,4764.734999895096
,,,,,4764.740000009537
,,,,,4764.744999885559
,,,,,4764.75
,,,,,4764.755000114441
,,,,,4764.759999990463
,,,,,4764.765000104904
,,,,,4764.7699999809265
,,,,,4764.775000095368
,,,,,4764.77999997139
,,,,,4764.785000085831
,,,,,4764.789999961853
,,,,,4764.795000076294
,,,,,4764.799999952316
,,,,,4764.805000066757
,,,,,4764.8099999427795
,,,,,4764.815000057221
,,,,,4764.819999933243
,,,,,4764.825000047684
,,,,,4764.829999923706
,,,,,4764.835000038147
,,,,,4764.839999914169
,,,,,4764.84500002861
,,,,,4764.849999904633
,,,,,4764.8550000190735
,,,,,4764.859999895096
,,,,,4764.865000009537
,,,,,4764.869999885559
,,,,,4764.875
,,,,,4764.880000114441
,,,,,4764.884999990463
,,,,,4764.890000104904
,,,,,4764.8949999809265
,,,,,4764.900000095368
,,,,,4764.90499997139
,,,,,4764.910000085831
,,,,,4764.914999961853
,,,,,4764.920000076294
,,,,,4764.924999952316
,,,,,4764.930000066757
,,,,,4764.9349999427795
,,,,,4764.940000057221
,,,,,4764.944999933243
,,,,,4764.950000047684
,,,,,4764.954999923706
,,,,,4764.960000038147
,,,,,4764.964999914169
,,,,,4764.97000002861
,,,,,4764.974999904633
,,,,,4764.9800000190735
,,,,,4764.984999895096
,,,,,4764.990000009537
,,,,,4764.994999885559
,,,,,4765.0
,,,,,4765.005000114441
,,,,,4765.009999990463
,,,,,4765.015000104904
,,,,,4765.0199999809265
,,,,,4765.025000095368
,,,,,4765.02999997139
,,,,,4765.035000085831
,,,,,4765.039999961853
,,,,,4765.045000076294
,,,,,4765.049999952316
,,,,,4765.055000066757
,,,,,4765.0599999427795
,,,,,4765.065000057221
,,,,,4765.069999933243
,,,,,4765.075000047684
,,,,,4765.079999923706
,,,,,4765.085000038147
,,,,,4765.089999914169
,,,,,4765.09500002861
,,,,,4765.099999904633
,,,,,4765.1050000190735
,,,,,4765.109999895096
,,,,,4765.115000009537
,,,,,4765.119999885559
,,,,,4765.125
,,,,,4765.130000114441
,,,,,4765.134999990463
,,,,,4765.140000104904
,,,,,4765.1449999809265
,,,,,4765.150000095368
,,,,,4765.15499997139
,,,,,4765.160000085831
,,,,,4765.164999961853
,,,,,4765.170000076294
,,,,,4765.174999952316
,,,,,4765.180000066757
,,,,,4765.1849999427795
,,,,,4765.190000057221
,,,,,4765.194999933243
,,,,,4765.200000047684
,,,,,4765.204999923706
,,,,,4765.210000038147
,,,,,4765.214999914169
,,,,,4765.22000002861
,,,,,4765.224999904633
,,,,,4765.2300000190735
,,,,,4765.234999895096
,,,,,4765.240000009537
,,,,,4765.244999885559
,,,,,4765.25
,,,,,4765.255000114441
,,,,,4765.259999990463
,,,,,4765.265000104904
,,,,,4765.2699999809265
,,,,,4765.275000095368
,,,,,4765.27999997139
,,,,,4765.285000085831
,,,,,4765.289999961853
,,,,,4765.295000076294
,,,,,4765.299999952316
,,,,,4765.305000066757
,,,,,4765.3099999427795
,,,,,4765.315000057221
,,,,,4765.319999933243
,,,,,4765.325000047684
,,,,,4765.329999923706
,,,,,4765.335000038147
,,,,,4765.339999914169
,,,,,4765.34500002861
,,,,,4765.349999904633
,,,,,4765.3550000190735
,,,,,4765.359999895096
,,,,,4765.365000009537
,,,,,4765.369999885559
,,,,,4765.375
,,,,,4765.380000114441
,,,,,4765.384999990463
,,,,,4765.390000104904
,,,,,4765.3949999809265
,,,,,4765.400000095368
,,,,,4765.40499997139
,,,,,4765.410000085831
,,,,,4765.414999961853
,,,,,4765.420000076294
,,,,,4765.424999952316
,,,,,4765.430000066757
,,,,,4765.4349999427795
,,,,,4765.440000057221
,,,,,4765.444999933243
,,,,,4765.450000047684
,,,,,4765.454999923706
,,,,,4765.460000038147
,,,,,4765.464999914169
,,,,,4765.47000002861
,,,,,4765.474999904633
,,,,,4765.4800000190735
,,,,,4765.484999895096
,,,,,4765.490000009537
,,,,,4765.494999885559
,,,,,4765.5
,,,,,4765.505000114441
,,,,,4765.509999990463
,,,,,4765.515000104904
,,,,,4765.5199999809265
,,,,,4765.525000095368
,,,,,4765.52999997139
,,,,,4765.535000085831
,,,,,4765.539999961853
,,,,,4765.545000076294
,,,,,4765.549999952316
,,,,,4765.555000066757
,,,,,4765.5599999427795
,,,,,4765.565000057221
,,,,,4765.569999933243
,,,,,4765.575000047684
,,,,,4765.579999923706
,,,,,4765.585000038147
,,,,,4765.589999914169
,,,,,4765.59500002861
,,,,,4765.599999904633
,,,,,4765.6050000190735
,,,,,4765.609999895096
,,,,,4765.615000009537
,,,,,4765.619999885559
,,,,,4765.625
,,,,,4765.630000114441
,,,,,4765.634999990463
,,,,,4765.640000104904
,,,,,4765.6449999809265
,,,,,4765.650000095368
,,,,,4765.65499997139
,,,,,4765.660000085831
,,,,,4765.664999961853
,,,,,4765.670000076294
,,,,,4765.674999952316
,,,,,4765.680000066757
,,,,,4765.6849999427795
,,,,,4765.690000057221
,,,,,4765.694999933243
,,,,,4765.700000047684
,,,,,4765.704999923706
,,,,,4765.710000038147
,,,,,4765.714999914169
,,,,,4765.72000002861
,,,,,4765.724999904633
,,,,,4765.7300000190735
,,,,,4765.734999895096
,,,,,4765.740000009537
,,,,,4765.744999885559
,,,,,4765.75
,,,,,4765.755000114441
,,,,,4765.759999990463
,,,,,4765.765000104904
,,,,,4765.7699999809265
,,,,,4765.775000095368
,,,,,4765.77999997139
,,,,,4765.785000085831
,,,,,4765.789999961853
,,,,,4765.795000076294
,,,,,4765.799999952316
,,,,,4765.805000066757
,,,,,4765.8099999427795
,,,,,4765.815000057221
,,,,,4765.819999933243
,,,,,4765.825000047684
,,,,,4765.829999923706
,,,,,4765.835000038147
,,,,,4765.839999914169
,,,,,4765.84500002861
,,,,,4765.849999904633
,,,,,4765.8550000190735
,,,,,4765.859999895096
,,,,,4765.865000009537
,,,,,4765.869999885559
,,,,,4765.875
,,,,,4765.880000114441
,,,,,4765.884999990463
,,,,,4765.890000104904
,,,,,4765.8949999809265
,,,,,4765.900000095368
,,,,,4765.90499997139
,,,,,4765.910000085831
,,,,,4765.914999961853
,,,,,4765.920000076294
,,,,,4765.924999952316
,,,,,4765.930000066757
,,,,,4765.9349999427795
,,,,,4765.940000057221
,,,,,4765.944999933243
,,,,,4765.950000047684
,,,,,4765.954999923706
,,,,,4765.960000038147
,,,,,4765.964999914169
,,,,,4765.97000002861
,,,,,4765.974999904633
,,,,,4765.9800000190735
,,,,,4765.984999895096
,,,,,4765.990000009537
,,,,,4765.994999885559
,,,,,4766.0
,,,,,4766.005000114441
,,,,,4766.009999990463
,,,,,4766.015000104904
,,,,,4766.0199999809265
,,,,,4766.025000095368
,,,,,4766.02999997139
,,,,,4766.035000085831
,,,,,4766.039999961853
,,,,,4766.045000076294
,,,,,4766.049999952316
,,,,,4766.055000066757
,,,,,4766.0599999427795
,,,,,4766.065000057221
,,,,,4766.069999933243
,,,,,4766.075000047684
,,,,,4766.079999923706
,,,,,4766.085000038147
,,,,,4766.089999914169
,,,,,4766.09500002861
,,,,,4766.099999904633
,,,,,4766.1050000190735
,,,,,4766.109999895096
,,,,,4766.115000009537
,,,,,4766.119999885559
,,,,,4766.125
,,,,,4766.130000114441
,,,,,4766.134999990463
,,,,,4766.140000104904
,,,,,4766.1449999809265
,,,,,4766.150000095368
,,,,,4766.15499997139
,,,,,4766.160000085831
,,,,,4766.164999961853
,,,,,4766.170000076294
,,,,,4766.174999952316
,,,,,4766.180000066757
,,,,,4766.1849999427795
,,,,,4766.190000057221
,,,,,4766.194999933243
,,,,,4766.200000047684
,,,,,4766.204999923706
,,,,,4766.210000038147
,,,,,4766.214999914169
,,,,,4766.22000002861
,,,,,4766.224999904633
,,,,,4766.2300000190735
,,,,,4766.234999895096
,,,,,4766.240000009537
,,,,,4766.244999885559
,,,,,4766.25
,,,,,4766.255000114441
,,,,,4766.259999990463
,,,,,4766.265000104904
,,,,,4766.2699999809265
,,,,,4766.275000095368
,,,,,4766.27999997139
,,,,,4766.285000085831
,,,,,4766.289999961853
,,,,,4766.295000076294
,,,,,4766.299999952316
,,,,,4766.305000066757
,,,,,4766.3099999427795
,,,,,4766.315000057221
,,,,,4766.319999933243
,,,,,4766.325000047684
,,,,,4766.329999923706
,,,,,4766.335000038147
,,,,,4766.339999914169
,,,,,4766.34500002861
,,,,,4766.349999904633
,,,,,4766.3550000190735
,,,,,4766.359999895096
,,,,,4766.365000009537
,,,,,4766.369999885559
,,,,,4766.375
,,,,,4766.380000114441
,,,,,4766.384999990463
,,,,,4766.390000104904
,,,,,4766.3949999809265
,,,,,4766.400000095368
,,,,,4766.40499997139
,,,,,4766.410000085831
,,,,,4766.414999961853
,,,,,4766.420000076294
,,,,,4766.424999952316
,,,,,4766.430000066757
,,,,,4766.4349999427795
,,,,,4766.440000057221
,,,,,4766.444999933243
,,,,,4766.450000047684
,,,,,4766.454999923706
,,,,,4766.460000038147
,,,,,4766.464999914169
,,,,,4766.47000002861
,,,,,4766.474999904633
,,,,,4766.4800000190735
,,,,,4766.484999895096
,,,,,4766.490000009537
,,,,,4766.494999885559
,,,,,4766.5
,,,,,4766.505000114441
,,,,,4766.509999990463
,,,,,4766.515000104904
,,,,,4766.5199999809265
,,,,,4766.525000095368
,,,,,4766.52999997139
,,,,,4766.535000085831
,,,,,4766.539999961853
,,,,,4766.545000076294
,,,,,4766.549999952316
,,,,,4766.555000066757
,,,,,4766.5599999427795
,,,,,4766.565000057221
,,,,,4766.569999933243
,,,,,4766.575000047684
,,,,,4766.579999923706
,,,,,4766.585000038147
,,,,,4766.589999914169
,,,,,4766.59500002861
,,,,,4766.599999904633
,,,,,4766.6050000190735
,,,,,4766.609999895096
,,,,,4766.615000009537
,,,,,4766.619999885559
,,,,,4766.625
,,,,,4766.630000114441
,,,,,4766.634999990463
,,,,,4766.640000104904
,,,,,4766.6449999809265
,,,,,4766.650000095368
,,,,,4766.65499997139
,,,,,4766.660000085831
,,,,,4766.664999961853
,,,,,4766.670000076294
,,,,,4766.674999952316
,,,,,4766.680000066757
,,,,,4766.6849999427795
,,,,,4766.690000057221
,,,,,4766.694999933243
,,,,,4766.700000047684
,,,,,4766.704999923706
,,,,,4766.710000038147
,,,,,4766.714999914169
,,,,,4766.72000002861
,,,,,4766.724999904633
,,,,,4766.7300000190735
,,,,,4766.734999895096
,,,,,4766.740000009537
,,,,,4766.744999885559
,,,,,4766.75
,,,,,4766.755000114441
,,,,,4766.759999990463
,,,,,4766.765000104904
,,,,,4766.7699999809265
,,,,,4766.775000095368
,,,,,4766.77999997139
,,,,,4766.785000085831
,,,,,4766.789999961853
,,,,,4766.795000076294
,,,,,4766.799999952316
,,,,,4766.805000066757
,,,,,4766.8099999427795
,,,,,4766.815000057221
,,,,,4766.819999933243
,,,,,4766.825000047684
,,,,,4766.829999923706
,,,,,4766.835000038147
,,,,,4766.839999914169
,,,,,4766.84500002861
,,,,,4766.849999904633
,,,,,4766.8550000190735
,,,,,4766.859999895096
,,,,,4766.865000009537
,,,,,4766.869999885559
,,,,,4766.875
,,,,,4766.880000114441
,,,,,4766.884999990463
,,,,,4766.890000104904
,,,,,4766.8949999809265
,,,,,4766.900000095368
,,,,,4766.90499997139
,,,,,4766.910000085831
,,,,,4766.914999961853
,,,,,4766.920000076294
,,,,,4766.924999952316
,,,,,4766.930000066757
,,,,,4766.9349999427795
,,,,,4766.940000057221
,,,,,4766.944999933243
,,,,,4766.950000047684
,,,,,4766.954999923706
,,,,,4766.960000038147
,,,,,4766.964999914169
,,,,,4766.97000002861
,,,,,4766.974999904633
,,,,,4766.9800000190735
,,,,,4766.984999895096
,,,,,4766.990000009537
,,,,,4766.994999885559
,,,,,4767.0
,,,,,4767.005000114441
,,,,,4767.009999990463
,,,,,4767.015000104904
,,,,,4767.0199999809265
,,,,,4767.025000095368
,,,,,4767.02999997139
,,,,,4767.035000085831
,,,,,4767.039999961853
,,,,,4767.045000076294
,,,,,4767.049999952316
,,,,,4767.055000066757
,,,,,4767.0599999427795
,,,,,4767.065000057221
,,,,,4767.069999933243
,,,,,4767.075000047684
,,,,,4767.079999923706
,,,,,4767.085000038147
,,,,,4767.089999914169
,,,,,4767.09500002861
,,,,,4767.099999904633
,,,,,4767.1050000190735
,,,,,4767.109999895096
,,,,,4767.115000009537
,,,,,4767.119999885559
,,,,,4767.125
,,,,,4767.130000114441
,,,,,4767.134999990463
,,,,,4767.140000104904
,,,,,4767.1449999809265
,,,,,4767.150000095368
,,,,,4767.15499997139
,,,,,4767.160000085831
,,,,,4767.164999961853
,,,,,4767.170000076294
,,,,,4767.174999952316
,,,,,4767.180000066757
,,,,,4767.1849999427795
,,,,,4767.190000057221
,,,,,4767.194999933243
,,,,,4767.200000047684
,,,,,4767.204999923706
,,,,,4767.210000038147
,,,,,4767.214999914169
,,,,,4767.22000002861
,,,,,4767.224999904633
,,,,,4767.2300000190735
,,,,,4767.234999895096
,,,,,4767.240000009537
,,,,,4767.244999885559
,,,,,4767.25
,,,,,4767.255000114441
,,,,,4767.259999990463
,,,,,4767.265000104904
,,,,,4767.2699999809265
,,,,,4767.275000095368
,,,,,4767.27999997139
,,,,,4767.285000085831
,,,,,4767.289999961853
,,,,,4767.295000076294
,,,,,4767.299999952316
,,,,,4767.305000066757
,,,,,4767.3099999427795
,,,,,4767.315000057221
,,,,,4767.319999933243
,,,,,4767.325000047684
,,,,,4767.329999923706
,,,,,4767.335000038147
,,,,,4767.339999914169
,,,,,4767.34500002861
,,,,,4767.349999904633
,,,,,4767.3550000190735
,,,,,4767.359999895096
,,,,,4767.365000009537
,,,,,4767.369999885559
,,,,,4767.375
,,,,,4767.380000114441
,,,,,4767.384999990463
,,,,,4767.390000104904
,,,,,4767.3949999809265
,,,,,4767.400000095368
,,,,,4767.40499997139
,,,,,4767.410000085831
,,,,,4767.414999961853
,,,,,4767.420000076294
,,,,,4767.424999952316
,,,,,4767.430000066757
,,,,,4767.4349999427795
,,,,,4767.440000057221
,,,,,4767.444999933243
,,,,,4767.450000047684
,,,,,4767.454999923706
,,,,,4767.460000038147
,,,,,4767.464999914169
,,,,,4767.47000002861
,,,,,4767.474999904633
,,,,,4767.4800000190735
,,,,,4767.484999895096
,,,,,4767.490000009537
,,,,,4767.494999885559
,,,,,4767.5
,,,,,4767.505000114441
,,,,,4767.509999990463
,,,,,4767.515000104904
,,,,,4767.5199999809265
,,,,,4767.525000095368
,,,,,4767.52999997139
,,,,,4767.535000085831
,,,,,4767.539999961853
,,,,,4767.545000076294
,,,,,4767.549999952316
,,,,,4767.555000066757
,,,,,4767.5599999427795
,,,,,4767.565000057221
,,,,,4767.569999933243
,,,,,4767.575000047684
,,,,,4767.579999923706
,,,,,4767.585000038147
,,,,,4767.589999914169
,,,,,4767.59500002861
,,,,,4767.599999904633
,,,,,4767.6050000190735
,,,,,4767.609999895096
,,,,,4767.615000009537
,,,,,4767.619999885559
,,,,,4767.625
,,,,,4767.630000114441
,,,,,4767.634999990463
,,,,,4767.640000104904
,,,,,4767.6449999809265
,,,,,4767.650000095368
,,,,,4767.65499997139
,,,,,4767.660000085831
,,,,,4767.664999961853
,,,,,4767.670000076294
,,,,,4767.674999952316
,,,,,4767.680000066757
,,,,,4767.6849999427795
,,,,,4767.690000057221
,,,,,4767.694999933243
,,,,,4767.700000047684
,,,,,4767.704999923706
,,,,,4767.710000038147
,,,,,4767.714999914169
,,,,,4767.72000002861
,,,,,4767.724999904633
,,,,,4767.7300000190735
,,,,,4767.734999895096
,,,,,4767.740000009537
,,,,,4767.744999885559
,,,,,4767.75
,,,,,4767.755000114441
,,,,,4767.759999990463
,,,,,4767.765000104904
,,,,,4767.7699999809265
,,,,,4767.775000095368
,,,,,4767.77999997139
,,,,,4767.785000085831
,,,,,4767.789999961853
,,,,,4767.795000076294
,,,,,4767.799999952316
,,,,,4767.805000066757
,,,,,4767.8099999427795
,,,,,4767.815000057221
,,,,,4767.819999933243
,,,,,4767.825000047684
,,,,,4767.829999923706
,,,,,4767.835000038147
,,,,,4767.839999914169
,,,,,4767.84500002861
,,,,,4767.849999904633
,,,,,4767.8550000190735
,,,,,4767.859999895096
,,,,,4767.865000009537
,,,,,4767.869999885559
,,,,,4767.875
,,,,,4767.880000114441
,,,,,4767.884999990463
,,,,,4767.890000104904
,,,,,4767.8949999809265
,,,,,4767.900000095368
,,,,,4767.90499997139
,,,,,4767.910000085831
,,,,,4767.914999961853
,,,,,4767.920000076294
,,,,,4767.924999952316
,,,,,4767.930000066757
,,,,,4767.9349999427795
,,,,,4767.940000057221
,,,,,4767.944999933243
,,,,,4767.950000047684
,,,,,4767.954999923706
,,,,,4767.960000038147
,,,,,4767.964999914169
,,,,,4767.97000002861
,,,,,4767.974999904633
,,,,,4767.9800000190735
,,,,,4767.984999895096
,,,,,4767.990000009537
,,,,,4767.994999885559
,,,,,4768.0
,,,,,4768.005000114441
,,,,,4768.009999990463
,,,,,4768.015000104904
,,,,,4768.0199999809265
,,,,,4768.025000095368
,,,,,4768.02999997139
,,,,,4768.035000085831
,,,,,4768.039999961853
,,,,,4768.045000076294
,,,,,4768.049999952316
,,,,,4768.055000066757
,,,,,4768.0599999427795
,,,,,4768.065000057221
,,,,,4768.069999933243
,,,,,4768.075000047684
,,,,,4768.079999923706
,,,,,4768.085000038147
,,,,,4768.089999914169
,,,,,4768.09500002861
,,,,,4768.099999904633
,,,,,4768.1050000190735
,,,,,4768.109999895096
,,,,,4768.115000009537
,,,,,4768.119999885559
,,,,,4768.125
,,,,,4768.130000114441
,,,,,4768.134999990463
,,,,,4768.140000104904
,,,,,4768.1449999809265
,,,,,4768.150000095368
,,,,,4768.15499997139
,,,,,4768.160000085831
,,,,,4768.164999961853
,,,,,4768.170000076294
,,,,,4768.174999952316
,,,,,4768.180000066757
,,,,,4768.1849999427795
,,,,,4768.190000057221
,,,,,4768.194999933243
,,,,,4768.200000047684
,,,,,4768.204999923706
,,,,,4768.210000038147
,,,,,4768.214999914169
,,,,,4768.22000002861
,,,,,4768.224999904633
,,,,,4768.2300000190735
,,,,,4768.234999895096
,,,,,4768.240000009537
,,,,,4768.244999885559
,,,,,4768.25
,,,,,4768.255000114441
,,,,,4768.259999990463
,,,,,4768.265000104904
,,,,,4768.2699999809265
,,,,,4768.275000095368
,,,,,4768.27999997139
,,,,,4768.285000085831
,,,,,4768.289999961853
,,,,,4768.295000076294
,,,,,4768.299999952316
,,,,,4768.305000066757
,,,,,4768.3099999427795
,,,,,4768.315000057221
,,,,,4768.319999933243
,,,,,4768.325000047684
,,,,,4768.329999923706
,,,,,4768.335000038147
,,,,,4768.339999914169
,,,,,4768.34500002861
,,,,,4768.349999904633
,,,,,4768.3550000190735
,,,,,4768.359999895096
,,,,,4768.365000009537
,,,,,4768.369999885559
,,,,,4768.375
,,,,,4768.380000114441
,,,,,4768.384999990463
,,,,,4768.390000104904
,,,,,4768.3949999809265
,,,,,4768.400000095368
,,,,,4768.40499997139
,,,,,4768.410000085831
,,,,,4768.414999961853
,,,,,4768.420000076294
,,,,,4768.424999952316
,,,,,4768.430000066757
,,,,,4768.4349999427795
,,,,,4768.440000057221
,,,,,4768.444999933243
,,,,,4768.450000047684
,,,,,4768.454999923706
,,,,,4768.460000038147
,,,,,4768.464999914169
,,,,,4768.47000002861
,,,,,4768.474999904633
,,,,,4768.4800000190735
,,,,,4768.484999895096
,,,,,4768.490000009537
,,,,,4768.494999885559
,,,,,4768.5
,,,,,4768.505000114441
,,,,,4768.509999990463
,,,,,4768.515000104904
,,,,,4768.5199999809265
,,,,,4768.525000095368
,,,,,4768.52999997139
,,,,,4768.535000085831
,,,,,4768.539999961853
,,,,,4768.545000076294
,,,,,4768.549999952316
,,,,,4768.555000066757
,,,,,4768.5599999427795
,,,,,4768.565000057221
,,,,,4768.569999933243
,,,,,4768.575000047684
,,,,,4768.579999923706
,,,,,4768.585000038147
,,,,,4768.589999914169
,,,,,4768.59500002861
,,,,,4768.599999904633
,,,,,4768.6050000190735
,,,,,4768.609999895096
,,,,,4768.615000009537
,,,,,4768.619999885559
,,,,,4768.625
,,,,,4768.630000114441
,,,,,4768.634999990463
,,,,,4768.640000104904
,,,,,4768.6449999809265
,,,,,4768.650000095368
,,,,,4768.65499997139
,,,,,4768.660000085831
,,,,,4768.664999961853
,,,,,4768.670000076294
,,,,,4768.674999952316
,,,,,4768.680000066757
,,,,,4768.6849999427795
,,,,,4768.690000057221
,,,,,4768.694999933243
,,,,,4768.700000047684
,,,,,4768.704999923706
,,,,,4768.710000038147
,,,,,4768.714999914169
,,,,,4768.72000002861
,,,,,4768.724999904633
,,,,,4768.7300000190735
,,,,,4768.734999895096
,,,,,4768.740000009537
,,,,,4768.744999885559
,,,,,4768.75
,,,,,4768.755000114441
,,,,,4768.759999990463
,,,,,4768.765000104904
,,,,,4768.7699999809265
,,,,,4768.775000095368
,,,,,4768.77999997139
,,,,,4768.785000085831
,,,,,4768.789999961853
,,,,,4768.795000076294
,,,,,4768.799999952316
,,,,,4768.805000066757
,,,,,4768.8099999427795
,,,,,4768.815000057221
,,,,,4768.819999933243
,,,,,4768.825000047684
,,,,,4768.829999923706
,,,,,4768.835000038147
,,,,,4768.839999914169
,,,,,4768.84500002861
,,,,,4768.849999904633
,,,,,4768.8550000190735
,,,,,4768.859999895096
,,,,,4768.865000009537
,,,,,4768.869999885559
,,,,,4768.875
,,,,,4768.880000114441
,,,,,4768.884999990463
,,,,,4768.890000104904
,,,,,4768.8949999809265
,,,,,4768.900000095368
,,,,,4768.90499997139
,,,,,4768.910000085831
,,,,,4768.914999961853
,,,,,4768.920000076294
,,,,,4768.924999952316
,,,,,4768.930000066757
,,,,,4768.9349999427795
,,,,,4768.940000057221
,,,,,4768.944999933243
,,,,,4768.950000047684
,,,,,4768.954999923706
,,,,,4768.960000038147
,,,,,4768.964999914169
,,,,,4768.97000002861
,,,,,4768.974999904633
,,,,,4768.9800000190735
,,,,,4768.984999895096
,,,,,4768.990000009537
,,,,,4768.994999885559
,,,,,4769.0
,,,,,4769.005000114441
,,,,,4769.009999990463
,,,,,4769.015000104904
,,,,,4769.0199999809265
,,,,,4769.025000095368
,,,,,4769.02999997139
,,,,,4769.035000085831
,,,,,4769.039999961853
,,,,,4769.045000076294
,,,,,4769.049999952316
,,,,,4769.055000066757
,,,,,4769.0599999427795
,,,,,4769.065000057221
,,,,,4769.069999933243
,,,,,4769.075000047684
,,,,,4769.079999923706
,,,,,4769.085000038147
,,,,,4769.089999914169
,,,,,4769.09500002861
,,,,,4769.099999904633
,,,,,4769.1050000190735
,,,,,4769.109999895096
,,,,,4769.115000009537
,,,,,4769.119999885559
,,,,,4769.125
,,,,,4769.130000114441
,,,,,4769.134999990463
,,,,,4769.140000104904
,,,,,4769.1449999809265
,,,,,4769.150000095368
,,,,,4769.15499997139
,,,,,4769.160000085831
,,,,,4769.164999961853
,,,,,4769.170000076294
,,,,,4769.174999952316
,,,,,4769.180000066757
,,,,,4769.1849999427795
,,,,,4769.190000057221
,,,,,4769.194999933243
,,,,,4769.200000047684
,,,,,4769.204999923706
,,,,,4769.210000038147
,,,,,4769.214999914169
,,,,,4769.22000002861
,,,,,4769.224999904633
,,,,,4769.2300000190735
,,,,,4769.234999895096
,,,,,4769.240000009537
,,,,,4769.244999885559
,,,,,4769.25
,,,,,4769.255000114441
,,,,,4769.259999990463
,,,,,4769.265000104904
,,,,,4769.2699999809265
,,,,,4769.275000095368
,,,,,4769.27999997139
,,,,,4769.285000085831
,,,,,4769.289999961853
,,,,,4769.295000076294
,,,,,4769.299999952316
,,,,,4769.305000066757
,,,,,4769.3099999427795
,,,,,4769.315000057221
,,,,,4769.319999933243
,,,,,4769.325000047684
,,,,,4769.329999923706
,,,,,4769.335000038147
,,,,,4769.339999914169
,,,,,4769.34500002861
,,,,,4769.349999904633
,,,,,4769.3550000190735
,,,,,4769.359999895096
,,,,,4769.365000009537
,,,,,4769.369999885559
,,,,,4769.375
,,,,,4769.380000114441
,,,,,4769.384999990463
,,,,,4769.390000104904
,,,,,4769.3949999809265
,,,,,4769.400000095368
,,,,,4769.40499997139
,,,,,4769.410000085831
,,,,,4769.414999961853
,,,,,4769.420000076294
,,,,,4769.424999952316
,,,,,4769.430000066757
,,,,,4769.4349999427795
,,,,,4769.440000057221
,,,,,4769.444999933243
,,,,,4769.450000047684
,,,,,4769.454999923706
,,,,,4769.460000038147
,,,,,4769.464999914169
,,,,,4769.47000002861
,,,,,4769.474999904633
,,,,,4769.4800000190735
,,,,,4769.484999895096
,,,,,4769.490000009537
,,,,,4769.494999885559
,,,,,4769.5
,,,,,4769.505000114441
,,,,,4769.509999990463
,,,,,4769.515000104904
,,,,,4769.5199999809265
,,,,,4769.525000095368
,,,,,4769.52999997139
,,,,,4769.535000085831
,,,,,4769.539999961853
,,,,,4769.545000076294
,,,,,4769.549999952316
,,,,,4769.555000066757
,,,,,4769.5599999427795
,,,,,4769.565000057221
,,,,,4769.569999933243
,,,,,4769.575000047684
,,,,,4769.579999923706
,,,,,4769.585000038147
,,,,,4769.589999914169
,,,,,4769.59500002861
,,,,,4769.599999904633
,,,,,4769.6050000190735
,,,,,4769.609999895096
,,,,,4769.615000009537
,,,,,4769.619999885559
,,,,,4769.625
,,,,,4769.630000114441
,,,,,4769.634999990463
,,,,,4769.640000104904
,,,,,4769.6449999809265
,,,,,4769.650000095368
,,,,,4769.65499997139
,,,,,4769.660000085831
,,,,,4769.664999961853
,,,,,4769.670000076294
,,,,,4769.674999952316
,,,,,4769.680000066757
,,,,,4769.6849999427795
,,,,,4769.690000057221
,,,,,4769.694999933243
,,,,,4769.700000047684
,,,,,4769.704999923706
,,,,,4769.710000038147
,,,,,4769.714999914169
,,,,,4769.72000002861
,,,,,4769.724999904633
,,,,,4769.7300000190735
,,,,,4769.734999895096
,,,,,4769.740000009537
,,,,,4769.744999885559
,,,,,4769.75
,,,,,4769.755000114441
,,,,,4769.759999990463
,,,,,4769.765000104904
,,,,,4769.7699999809265
,,,,,4769.775000095368
,,,,,4769.77999997139
,,,,,4769.785000085831
,,,,,4769.789999961853
,,,,,4769.795000076294
,,,,,4769.799999952316
,,,,,4769.805000066757
,,,,,4769.8099999427795
,,,,,4769.815000057221
,,,,,4769.819999933243
,,,,,4769.825000047684
,,,,,4769.829999923706
,,,,,4769.835000038147
,,,,,4769.839999914169
,,,,,4769.84500002861
,,,,,4769.849999904633
,,,,,4769.8550000190735
,,,,,4769.859999895096
,,,,,4769.865000009537
,,,,,4769.869999885559
,,,,,4769.875
,,,,,4769.880000114441
,,,,,4769.884999990463
,,,,,4769.890000104904
,,,,,4769.8949999809265
,,,,,4769.900000095368
,,,,,4769.90499997139
,,,,,4769.910000085831
,,,,,4769.914999961853
,,,,,4769.920000076294
,,,,,4769.924999952316
,,,,,4769.930000066757
,,,,,4769.9349999427795
,,,,,4769.940000057221
,,,,,4769.944999933243
,,,,,4769.950000047684
,,,,,4769.954999923706
,,,,,4769.960000038147
,,,,,4769.964999914169
,,,,,4769.97000002861
,,,,,4769.974999904633
,,,,,4769.9800000190735
,,,,,4769.984999895096
,,,,,4769.990000009537
,,,,,4769.994999885559
,,,,,4770.0
,,,,,4770.005000114441
,,,,,4770.009999990463
,,,,,4770.015000104904
,,,,,4770.0199999809265
,,,,,4770.025000095368
,,,,,4770.02999997139
,,,,,4770.035000085831
,,,,,4770.039999961853
,,,,,4770.045000076294
,,,,,4770.049999952316
,,,,,4770.055000066757
,,,,,4770.0599999427795
,,,,,4770.065000057221
,,,,,4770.069999933243
,,,,,4770.075000047684
,,,,,4770.079999923706
,,,,,4770.085000038147
,,,,,4770.089999914169
,,,,,4770.09500002861
,,,,,4770.099999904633
,,,,,4770.1050000190735
,,,,,4770.109999895096
,,,,,4770.115000009537
,,,,,4770.119999885559
,,,,,4770.125
,,,,,4770.130000114441
,,,,,4770.134999990463
,,,,,4770.140000104904
,,,,,4770.1449999809265
,,,,,4770.150000095368
,,,,,4770.15499997139
,,,,,4770.160000085831
,,,,,4770.164999961853
,,,,,4770.170000076294
,,,,,4770.174999952316
,,,,,4770.180000066757
,,,,,4770.1849999427795
,,,,,4770.190000057221
,,,,,4770.194999933243
,,,,,4770.200000047684
,,,,,4770.204999923706
,,,,,4770.210000038147
,,,,,4770.214999914169
,,,,,4770.22000002861
,,,,,4770.224999904633
,,,,,4770.2300000190735
,,,,,4770.234999895096
,,,,,4770.240000009537
,,,,,4770.244999885559
,,,,,4770.25
,,,,,4770.255000114441
,,,,,4770.259999990463
,,,,,4770.265000104904
,,,,,4770.2699999809265
,,,,,4770.275000095368
,,,,,4770.27999997139
,,,,,4770.285000085831
,,,,,4770.289999961853
,,,,,4770.295000076294
,,,,,4770.299999952316
,,,,,4770.305000066757
,,,,,4770.3099999427795
,,,,,4770.315000057221
,,,,,4770.319999933243
,,,,,4770.325000047684
,,,,,4770.329999923706
,,,,,4770.335000038147
,,,,,4770.339999914169
,,,,,4770.34500002861
,,,,,4770.349999904633
,,,,,4770.3550000190735
,,,,,4770.359999895096
,,,,,4770.365000009537
,,,,,4770.369999885559
,,,,,4770.375
,,,,,4770.380000114441
,,,,,4770.384999990463
,,,,,4770.390000104904
,,,,,4770.3949999809265
,,,,,4770.400000095368
,,,,,4770.40499997139
,,,,,4770.410000085831
,,,,,4770.414999961853
,,,,,4770.420000076294
,,,,,4770.424999952316
,,,,,4770.430000066757
,,,,,4770.4349999427795
,,,,,4770.440000057221
,,,,,4770.444999933243
,,,,,4770.450000047684
,,,,,4770.454999923706
,,,,,4770.460000038147
,,,,,4770.464999914169
,,,,,4770.47000002861
,,,,,4770.474999904633
,,,,,4770.4800000190735
,,,,,4770.484999895096
,,,,,4770.490000009537
,,,,,4770.494999885559
,,,,,4770.5
,,,,,4770.505000114441
,,,,,4770.509999990463
,,,,,4770.515000104904
,,,,,4770.5199999809265
,,,,,4770.525000095368
,,,,,4770.52999997139
,,,,,4770.535000085831
,,,,,4770.539999961853
,,,,,4770.545000076294
,,,,,4770.549999952316
,,,,,4770.555000066757
,,,,,4770.5599999427795
,,,,,4770.565000057221
,,,,,4770.569999933243
,,,,,4770.575000047684
,,,,,4770.579999923706
,,,,,4770.585000038147
,,,,,4770.589999914169
,,,,,4770.59500002861
,,,,,4770.599999904633
,,,,,4770.6050000190735
,,,,,4770.609999895096
,,,,,4770.615000009537
,,,,,4770.619999885559
,,,,,4770.625
,,,,,4770.630000114441
,,,,,4770.634999990463
,,,,,4770.640000104904
,,,,,4770.6449999809265
,,,,,4770.650000095368
,,,,,4770.65499997139
,,,,,4770.660000085831
,,,,,4770.664999961853
,,,,,4770.670000076294
,,,,,4770.674999952316
,,,,,4770.680000066757
,,,,,4770.6849999427795
,,,,,4770.690000057221
,,,,,4770.694999933243
,,,,,4770.700000047684
,,,,,4770.704999923706
,,,,,4770.710000038147
,,,,,4770.714999914169
,,,,,4770.72000002861
,,,,,4770.724999904633
,,,,,4770.7300000190735
,,,,,4770.734999895096
,,,,,4770.740000009537
,,,,,4770.744999885559
,,,,,4770.75
,,,,,4770.755000114441
,,,,,4770.759999990463
,,,,,4770.765000104904
,,,,,4770.7699999809265
,,,,,4770.775000095368
,,,,,4770.77999997139
,,,,,4770.785000085831
,,,,,4770.789999961853
,,,,,4770.795000076294
,,,,,4770.799999952316
,,,,,4770.805000066757
,,,,,4770.8099999427795
,,,,,4770.815000057221
,,,,,4770.819999933243
,,,,,4770.825000047684
,,,,,4770.829999923706
,,,,,4770.835000038147
,,,,,4770.839999914169
,,,,,4770.84500002861
,,,,,4770.849999904633
,,,,,4770.8550000190735
,,,,,4770.859999895096
,,,,,4770.865000009537
,,,,,4770.869999885559
,,,,,4770.875
,,,,,4770.880000114441
,,,,,4770.884999990463
,,,,,4770.890000104904
,,,,,4770.8949999809265
,,,,,4770.900000095368
,,,,,4770.90499997139
,,,,,4770.910000085831
,,,,,4770.914999961853
,,,,,4770.920000076294
,,,,,4770.924999952316
,,,,,4770.930000066757
,,,,,4770.9349999427795
,,,,,4770.940000057221
,,,,,4770.944999933243
,,,,,4770.950000047684
,,,,,4770.954999923706
,,,,,4770.960000038147
,,,,,4770.964999914169
,,,,,4770.97000002861
,,,,,4770.974999904633
,,,,,4770.9800000190735
,,,,,4770.984999895096
,,,,,4770.990000009537
,,,,,4770.994999885559
,,,,,4771.0
,,,,,4771.005000114441
,,,,,4771.009999990463
,,,,,4771.015000104904
,,,,,4771.0199999809265
,,,,,4771.025000095368
,,,,,4771.02999997139
,,,,,4771.035000085831
,,,,,4771.039999961853
,,,,,4771.045000076294
,,,,,4771.049999952316
,,,,,4771.055000066757
,,,,,4771.0599999427795
,,,,,4771.065000057221
,,,,,4771.069999933243
,,,,,4771.075000047684
,,,,,4771.079999923706
,,,,,4771.085000038147
,,,,,4771.089999914169
,,,,,4771.09500002861
,,,,,4771.099999904633
,,,,,4771.1050000190735
,,,,,4771.109999895096
,,,,,4771.115000009537
,,,,,4771.119999885559
,,,,,4771.125
,,,,,4771.130000114441
,,,,,4771.134999990463
,,,,,4771.140000104904
,,,,,4771.1449999809265
,,,,,4771.150000095368
,,,,,4771.15499997139
,,,,,4771.160000085831
,,,,,4771.164999961853
,,,,,4771.170000076294
,,,,,4771.174999952316
,,,,,4771.180000066757
,,,,,4771.1849999427795
,,,,,4771.190000057221
,,,,,4771.194999933243
,,,,,4771.200000047684
,,,,,4771.204999923706
,,,,,4771.210000038147
,,,,,4771.214999914169
,,,,,4771.22000002861
,,,,,4771.224999904633
,,,,,4771.2300000190735
,,,,,4771.234999895096
,,,,,4771.240000009537
,,,,,4771.244999885559
,,,,,4771.25
,,,,,4771.255000114441
,,,,,4771.259999990463
,,,,,4771.265000104904
,,,,,4771.2699999809265
,,,,,4771.275000095368
,,,,,4771.27999997139
,,,,,4771.285000085831
,,,,,4771.289999961853
,,,,,4771.295000076294
,,,,,4771.299999952316
,,,,,4771.305000066757
,,,,,4771.3099999427795
,,,,,4771.315000057221
,,,,,4771.319999933243
,,,,,4771.325000047684
,,,,,4771.329999923706
,,,,,4771.335000038147
,,,,,4771.339999914169
,,,,,4771.34500002861
,,,,,4771.349999904633
,,,,,4771.3550000190735
,,,,,4771.359999895096
,,,,,4771.365000009537
,,,,,4771.369999885559
,,,,,4771.375
,,,,,4771.380000114441
,,,,,4771.384999990463
,,,,,4771.390000104904
,,,,,4771.3949999809265
,,,,,4771.400000095368
,,,,,4771.40499997139
,,,,,4771.410000085831
,,,,,4771.414999961853
,,,,,4771.420000076294
,,,,,4771.424999952316
,,,,,4771.430000066757
,,,,,4771.4349999427795
,,,,,4771.440000057221
,,,,,4771.444999933243
,,,,,4771.450000047684
,,,,,4771.454999923706
,,,,,4771.460000038147
,,,,,4771.464999914169
,,,,,4771.47000002861
,,,,,4771.474999904633
,,,,,4771.4800000190735
,,,,,4771.484999895096
,,,,,4771.490000009537
,,,,,4771.494999885559
,,,,,4771.5
,,,,,4771.505000114441
,,,,,4771.509999990463
,,,,,4771.515000104904
,,,,,4771.5199999809265
,,,,,4771.525000095368
,,,,,4771.52999997139
,,,,,4771.535000085831
,,,,,4771.539999961853
,,,,,4771.545000076294
,,,,,4771.549999952316
,,,,,4771.555000066757
,,,,,4771.5599999427795
,,,,,4771.565000057221
,,,,,4771.569999933243
,,,,,4771.575000047684
,,,,,4771.579999923706
,,,,,4771.585000038147
,,,,,4771.589999914169
,,,,,4771.59500002861
,,,,,4771.599999904633
,,,,,4771.6050000190735
,,,,,4771.609999895096
,,,,,4771.615000009537
,,,,,4771.619999885559
,,,,,4771.625
,,,,,4771.630000114441
,,,,,4771.634999990463
,,,,,4771.640000104904
,,,,,4771.6449999809265
,,,,,4771.650000095368
,,,,,4771.65499997139
,,,,,4771.660000085831
,,,,,4771.664999961853
,,,,,4771.670000076294
,,,,,4771.674999952316
,,,,,4771.680000066757
,,,,,4771.6849999427795
,,,,,4771.690000057221
,,,,,4771.694999933243
,,,,,4771.700000047684
,,,,,4771.704999923706
,,,,,4771.710000038147
,,,,,4771.714999914169
,,,,,4771.72000002861
,,,,,4771.724999904633
,,,,,4771.7300000190735
,,,,,4771.734999895096
,,,,,4771.740000009537
,,,,,4771.744999885559
,,,,,4771.75
,,,,,4771.755000114441
,,,,,4771.759999990463
,,,,,4771.765000104904
,,,,,4771.7699999809265
,,,,,4771.775000095368
,,,,,4771.77999997139
,,,,,4771.785000085831
,,,,,4771.789999961853
,,,,,4771.795000076294
,,,,,4771.799999952316
,,,,,4771.805000066757
,,,,,4771.8099999427795
,,,,,4771.815000057221
,,,,,4771.819999933243
,,,,,4771.825000047684
,,,,,4771.829999923706
,,,,,4771.835000038147
,,,,,4771.839999914169
,,,,,4771.84500002861
,,,,,4771.849999904633
,,,,,4771.8550000190735
,,,,,4771.859999895096
,,,,,4771.865000009537
,,,,,4771.869999885559
,,,,,4771.875
,,,,,4771.880000114441
,,,,,4771.884999990463
,,,,,4771.890000104904
,,,,,4771.8949999809265
,,,,,4771.900000095368
,,,,,4771.90499997139
,,,,,4771.910000085831
,,,,,4771.914999961853
,,,,,4771.920000076294
,,,,,4771.924999952316
,,,,,4771.930000066757
,,,,,4771.9349999427795
,,,,,4771.940000057221
,,,,,4771.944999933243
,,,,,4771.950000047684
,,,,,4771.954999923706
,,,,,4771.960000038147
,,,,,4771.964999914169
,,,,,4771.97000002861
,,,,,4771.974999904633
,,,,,4771.9800000190735
,,,,,4771.984999895096
,,,,,4771.990000009537
,,,,,4771.994999885559
,,,,,4772.0
,,,,,4772.005000114441
,,,,,4772.009999990463
,,,,,4772.015000104904
,,,,,4772.0199999809265
,,,,,4772.025000095368
,,,,,4772.02999997139
,,,,,4772.035000085831
,,,,,4772.039999961853
,,,,,4772.045000076294
,,,,,4772.049999952316
,,,,,4772.055000066757
,,,,,4772.0599999427795
,,,,,4772.065000057221
,,,,,4772.069999933243
,,,,,4772.075000047684
,,,,,4772.079999923706
,,,,,4772.085000038147
,,,,,4772.089999914169
,,,,,4772.09500002861
,,,,,4772.099999904633
,,,,,4772.1050000190735
,,,,,4772.109999895096
,,,,,4772.115000009537
,,,,,4772.119999885559
,,,,,4772.125
,,,,,4772.130000114441
,,,,,4772.134999990463
,,,,,4772.140000104904
,,,,,4772.1449999809265
,,,,,4772.150000095368
,,,,,4772.15499997139
,,,,,4772.160000085831
,,,,,4772.164999961853
,,,,,4772.170000076294
,,,,,4772.174999952316
,,,,,4772.180000066757
,,,,,4772.1849999427795
,,,,,4772.190000057221
,,,,,4772.194999933243
,,,,,4772.200000047684
,,,,,4772.204999923706
,,,,,4772.210000038147
,,,,,4772.214999914169
,,,,,4772.22000002861
,,,,,4772.224999904633
,,,,,4772.2300000190735
,,,,,4772.234999895096
,,,,,4772.240000009537
,,,,,4772.244999885559
,,,,,4772.25
,,,,,4772.255000114441
,,,,,4772.259999990463
,,,,,4772.265000104904
,,,,,4772.2699999809265
,,,,,4772.275000095368
,,,,,4772.27999997139
,,,,,4772.285000085831
,,,,,4772.289999961853
,,,,,4772.295000076294
,,,,,4772.299999952316
,,,,,4772.305000066757
,,,,,4772.3099999427795
,,,,,4772.315000057221
,,,,,4772.319999933243
,,,,,4772.325000047684
,,,,,4772.329999923706
,,,,,4772.335000038147
,,,,,4772.339999914169
,,,,,4772.34500002861
,,,,,4772.349999904633
,,,,,4772.3550000190735
,,,,,4772.359999895096
,,,,,4772.365000009537
,,,,,4772.369999885559
,,,,,4772.375
,,,,,4772.380000114441
,,,,,4772.384999990463
,,,,,4772.390000104904
,,,,,4772.3949999809265
,,,,,4772.400000095368
,,,,,4772.40499997139
,,,,,4772.410000085831
,,,,,4772.414999961853
,,,,,4772.420000076294
,,,,,4772.424999952316
,,,,,4772.430000066757
,,,,,4772.4349999427795
,,,,,4772.440000057221
,,,,,4772.444999933243
,,,,,4772.450000047684
,,,,,4772.454999923706
,,,,,4772.460000038147
,,,,,4772.464999914169
,,,,,4772.47000002861
,,,,,4772.474999904633
,,,,,4772.4800000190735
,,,,,4772.484999895096
,,,,,4772.490000009537
,,,,,4772.494999885559
,,,,,4772.5
,,,,,4772.505000114441
,,,,,4772.509999990463
,,,,,4772.515000104904
,,,,,4772.5199999809265
,,,,,4772.525000095368
,,,,,4772.52999997139
,,,,,4772.535000085831
,,,,,4772.539999961853
,,,,,4772.545000076294
,,,,,4772.549999952316
,,,,,4772.555000066757
,,,,,4772.5599999427795
,,,,,4772.565000057221
,,,,,4772.569999933243
,,,,,4772.575000047684
,,,,,4772.579999923706
,,,,,4772.585000038147
,,,,,4772.589999914169
,,,,,4772.59500002861
,,,,,4772.599999904633
,,,,,4772.6050000190735
,,,,,4772.609999895096
,,,,,4772.615000009537
,,,,,4772.619999885559
,,,,,4772.625
,,,,,4772.630000114441
,,,,,4772.634999990463
,,,,,4772.640000104904
,,,,,4772.6449999809265
,,,,,4772.650000095368
,,,,,4772.65499997139
,,,,,4772.660000085831
,,,,,4772.664999961853
,,,,,4772.670000076294
,,,,,4772.674999952316
,,,,,4772.680000066757
,,,,,4772.6849999427795
,,,,,4772.690000057221
,,,,,4772.694999933243
,,,,,4772.700000047684
,,,,,4772.704999923706
,,,,,4772.710000038147
,,,,,4772.714999914169
,,,,,4772.72000002861
,,,,,4772.724999904633
,,,,,4772.7300000190735
,,,,,4772.734999895096
,,,,,4772.740000009537
,,,,,4772.744999885559
,,,,,4772.75
,,,,,4772.755000114441
,,,,,4772.759999990463
,,,,,4772.765000104904
,,,,,4772.7699999809265
,,,,,4772.775000095368
,,,,,4772.77999997139
,,,,,4772.785000085831
,,,,,4772.789999961853
,,,,,4772.795000076294
,,,,,4772.799999952316
,,,,,4772.805000066757
,,,,,4772.8099999427795
,,,,,4772.815000057221
,,,,,4772.819999933243
,,,,,4772.825000047684
,,,,,4772.829999923706
,,,,,4772.835000038147
,,,,,4772.839999914169
,,,,,4772.84500002861
,,,,,4772.849999904633
,,,,,4772.8550000190735
,,,,,4772.859999895096
,,,,,4772.865000009537
,,,,,4772.869999885559
,,,,,4772.875
,,,,,4772.880000114441
,,,,,4772.884999990463
,,,,,4772.890000104904
,,,,,4772.8949999809265
,,,,,4772.900000095368
,,,,,4772.90499997139
,,,,,4772.910000085831
,,,,,4772.914999961853
,,,,,4772.920000076294
,,,,,4772.924999952316
,,,,,4772.930000066757
,,,,,4772.9349999427795
,,,,,4772.940000057221
,,,,,4772.944999933243
,,,,,4772.950000047684
,,,,,4772.954999923706
,,,,,4772.960000038147
,,,,,4772.964999914169
,,,,,4772.97000002861
,,,,,4772.974999904633
,,,,,4772.9800000190735
,,,,,4772.984999895096
,,,,,4772.990000009537
,,,,,4772.994999885559
,,,,,4773.0
,,,,,4773.005000114441
,,,,,4773.009999990463
,,,,,4773.015000104904
,,,,,4773.0199999809265
,,,,,4773.025000095368
,,,,,4773.02999997139
,,,,,4773.035000085831
,,,,,4773.039999961853
,,,,,4773.045000076294
,,,,,4773.049999952316
,,,,,4773.055000066757
,,,,,4773.0599999427795
,,,,,4773.065000057221
,,,,,4773.069999933243
,,,,,4773.075000047684
,,,,,4773.079999923706
,,,,,4773.085000038147
,,,,,4773.089999914169
,,,,,4773.09500002861
,,,,,4773.099999904633
,,,,,4773.1050000190735
,,,,,4773.109999895096
,,,,,4773.115000009537
,,,,,4773.119999885559
,,,,,4773.125
,,,,,4773.130000114441
,,,,,4773.134999990463
,,,,,4773.140000104904
,,,,,4773.1449999809265
,,,,,4773.150000095368
,,,,,4773.15499997139
,,,,,4773.160000085831
,,,,,4773.164999961853
,,,,,4773.170000076294
,,,,,4773.174999952316
,,,,,4773.180000066757
,,,,,4773.1849999427795
,,,,,4773.190000057221
,,,,,4773.194999933243
,,,,,4773.200000047684
,,,,,4773.204999923706
,,,,,4773.210000038147
,,,,,4773.214999914169
,,,,,4773.22000002861
,,,,,4773.224999904633
,,,,,4773.2300000190735
,,,,,4773.234999895096
,,,,,4773.240000009537
,,,,,4773.244999885559
,,,,,4773.25
,,,,,4773.255000114441
,,,,,4773.259999990463
,,,,,4773.265000104904
,,,,,4773.2699999809265
,,,,,4773.275000095368
,,,,,4773.27999997139
,,,,,4773.285000085831
,,,,,4773.289999961853
,,,,,4773.295000076294
,,,,,4773.299999952316
,,,,,4773.305000066757
,,,,,4773.3099999427795
,,,,,4773.315000057221
,,,,,4773.319999933243
,,,,,4773.325000047684
,,,,,4773.329999923706
,,,,,4773.335000038147
,,,,,4773.339999914169
,,,,,4773.34500002861
,,,,,4773.349999904633
,,,,,4773.3550000190735
,,,,,4773.359999895096
,,,,,4773.365000009537
,,,,,4773.369999885559
,,,,,4773.375
,,,,,4773.380000114441
,,,,,4773.384999990463
,,,,,4773.390000104904
,,,,,4773.3949999809265
,,,,,4773.400000095368
,,,,,4773.40499997139
,,,,,4773.410000085831
,,,,,4773.414999961853
,,,,,4773.420000076294
,,,,,4773.424999952316
,,,,,4773.430000066757
,,,,,4773.4349999427795
,,,,,4773.440000057221
,,,,,4773.444999933243
,,,,,4773.450000047684
,,,,,4773.454999923706
,,,,,4773.460000038147
,,,,,4773.464999914169
,,,,,4773.47000002861
,,,,,4773.474999904633
,,,,,4773.4800000190735
,,,,,4773.484999895096
,,,,,4773.490000009537
,,,,,4773.494999885559
,,,,,4773.5
,,,,,4773.505000114441
,,,,,4773.509999990463
,,,,,4773.515000104904
,,,,,4773.5199999809265
,,,,,4773.525000095368
,,,,,4773.52999997139
,,,,,4773.535000085831
,,,,,4773.539999961853
,,,,,4773.545000076294
,,,,,4773.549999952316
,,,,,4773.555000066757
,,,,,4773.5599999427795
,,,,,4773.565000057221
,,,,,4773.569999933243
,,,,,4773.575000047684
,,,,,4773.579999923706
,,,,,4773.585000038147
,,,,,4773.589999914169
,,,,,4773.59500002861
,,,,,4773.599999904633
,,,,,4773.6050000190735
,,,,,4773.609999895096
,,,,,4773.615000009537
,,,,,4773.619999885559
,,,,,4773.625
,,,,,4773.630000114441
,,,,,4773.634999990463
,,,,,4773.640000104904
,,,,,4773.6449999809265
,,,,,4773.650000095368
,,,,,4773.65499997139
,,,,,4773.660000085831
,,,,,4773.664999961853
,,,,,4773.670000076294
,,,,,4773.674999952316
,,,,,4773.680000066757
,,,,,4773.6849999427795
,,,,,4773.690000057221
,,,,,4773.694999933243
,,,,,4773.700000047684
,,,,,4773.704999923706
,,,,,4773.710000038147
,,,,,4773.714999914169
,,,,,4773.72000002861
,,,,,4773.724999904633
,,,,,4773.7300000190735
,,,,,4773.734999895096
,,,,,4773.740000009537
,,,,,4773.744999885559
,,,,,4773.75
,,,,,4773.755000114441
,,,,,4773.759999990463
,,,,,4773.765000104904
,,,,,4773.7699999809265
,,,,,4773.775000095368
,,,,,4773.77999997139
,,,,,4773.785000085831
,,,,,4773.789999961853
,,,,,4773.795000076294
,,,,,4773.799999952316
,,,,,4773.805000066757
,,,,,4773.8099999427795
,,,,,4773.815000057221
,,,,,4773.819999933243
,,,,,4773.825000047684
,,,,,4773.829999923706
,,,,,4773.835000038147
,,,,,4773.839999914169
,,,,,4773.84500002861
,,,,,4773.849999904633
,,,,,4773.8550000190735
,,,,,4773.859999895096
,,,,,4773.865000009537
,,,,,4773.869999885559
,,,,,4773.875
,,,,,4773.880000114441
,,,,,4773.884999990463
,,,,,4773.890000104904
,,,,,4773.8949999809265
,,,,,4773.900000095368
,,,,,4773.90499997139
,,,,,4773.910000085831
,,,,,4773.914999961853
,,,,,4773.920000076294
,,,,,4773.924999952316
,,,,,4773.930000066757
,,,,,4773.9349999427795
,,,,,4773.940000057221
,,,,,4773.944999933243
,,,,,4773.950000047684
,,,,,4773.954999923706
,,,,,4773.960000038147
,,,,,4773.964999914169
,,,,,4773.97000002861
,,,,,4773.974999904633
,,,,,4773.9800000190735
,,,,,4773.984999895096
,,,,,4773.990000009537
,,,,,4773.994999885559
,,,,,4774.0
,,,,,4774.005000114441
,,,,,4774.009999990463
,,,,,4774.015000104904
,,,,,4774.0199999809265
,,,,,4774.025000095368
,,,,,4774.02999997139
,,,,,4774.035000085831
,,,,,4774.039999961853
,,,,,4774.045000076294
,,,,,4774.049999952316
,,,,,4774.055000066757
,,,,,4774.0599999427795
,,,,,4774.065000057221
,,,,,4774.069999933243
,,,,,4774.075000047684
,,,,,4774.079999923706
,,,,,4774.085000038147
,,,,,4774.089999914169
,,,,,4774.09500002861
,,,,,4774.099999904633
,,,,,4774.1050000190735
,,,,,4774.109999895096
,,,,,4774.115000009537
,,,,,4774.119999885559
,,,,,4774.125
,,,,,4774.130000114441
,,,,,4774.134999990463
,,,,,4774.140000104904
,,,,,4774.1449999809265
,,,,,4774.150000095368
,,,,,4774.15499997139
,,,,,4774.160000085831
,,,,,4774.164999961853
,,,,,4774.170000076294
,,,,,4774.174999952316
,,,,,4774.180000066757
,,,,,4774.1849999427795
,,,,,4774.190000057221
,,,,,4774.194999933243
,,,,,4774.200000047684
,,,,,4774.204999923706
,,,,,4774.210000038147
,,,,,4774.214999914169
,,,,,4774.22000002861
,,,,,4774.224999904633
,,,,,4774.2300000190735
,,,,,4774.234999895096
,,,,,4774.240000009537
,,,,,4774.244999885559
,,,,,4774.25
,,,,,4774.255000114441
,,,,,4774.259999990463
,,,,,4774.265000104904
,,,,,4774.2699999809265
,,,,,4774.275000095368
,,,,,4774.27999997139
,,,,,4774.285000085831
,,,,,4774.289999961853
,,,,,4774.295000076294
,,,,,4774.299999952316
,,,,,4774.305000066757
,,,,,4774.3099999427795
,,,,,4774.315000057221
,,,,,4774.319999933243
,,,,,4774.325000047684
,,,,,4774.329999923706
,,,,,4774.335000038147
,,,,,4774.339999914169
,,,,,4774.34500002861
,,,,,4774.349999904633
,,,,,4774.3550000190735
,,,,,4774.359999895096
,,,,,4774.365000009537
,,,,,4774.369999885559
,,,,,4774.375
,,,,,4774.380000114441
,,,,,4774.384999990463
,,,,,4774.390000104904
,,,,,4774.3949999809265
,,,,,4774.400000095368
,,,,,4774.40499997139
,,,,,4774.410000085831
,,,,,4774.414999961853
,,,,,4774.420000076294
,,,,,4774.424999952316
,,,,,4774.430000066757
,,,,,4774.4349999427795
,,,,,4774.440000057221
,,,,,4774.444999933243
,,,,,4774.450000047684
,,,,,4774.454999923706
,,,,,4774.460000038147
,,,,,4774.464999914169
,,,,,4774.47000002861
,,,,,4774.474999904633
,,,,,4774.4800000190735
,,,,,4774.484999895096
,,,,,4774.490000009537
,,,,,4774.494999885559
,,,,,4774.5
,,,,,4774.505000114441
,,,,,4774.509999990463
,,,,,4774.515000104904
,,,,,4774.5199999809265
,,,,,4774.525000095368
,,,,,4774.52999997139
,,,,,4774.535000085831
,,,,,4774.539999961853
,,,,,4774.545000076294
,,,,,4774.549999952316
,,,,,4774.555000066757
,,,,,4774.5599999427795
,,,,,4774.565000057221
,,,,,4774.569999933243
,,,,,4774.575000047684
,,,,,4774.579999923706
,,,,,4774.585000038147
,,,,,4774.589999914169
,,,,,4774.59500002861
,,,,,4774.599999904633
,,,,,4774.6050000190735
,,,,,4774.609999895096
,,,,,4774.615000009537
,,,,,4774.619999885559
,,,,,4774.625
,,,,,4774.630000114441
,,,,,4774.634999990463
,,,,,4774.640000104904
,,,,,4774.6449999809265
,,,,,4774.650000095368
,,,,,4774.65499997139
,,,,,4774.660000085831
,,,,,4774.664999961853
,,,,,4774.670000076294
,,,,,4774.674999952316
,,,,,4774.680000066757
,,,,,4774.6849999427795
,,,,,4774.690000057221
,,,,,4774.694999933243
,,,,,4774.700000047684
,,,,,4774.704999923706
,,,,,4774.710000038147
,,,,,4774.714999914169
,,,,,4774.72000002861
,,,,,4774.724999904633
,,,,,4774.7300000190735
,,,,,4774.734999895096
,,,,,4774.740000009537
,,,,,4774.744999885559
,,,,,4774.75
,,,,,4774.755000114441
,,,,,4774.759999990463
,,,,,4774.765000104904
,,,,,4774.7699999809265
,,,,,4774.775000095368
,,,,,4774.77999997139
,,,,,4774.785000085831
,,,,,4774.789999961853
,,,,,4774.795000076294
,,,,,4774.799999952316
,,,,,4774.805000066757
,,,,,4774.8099999427795
,,,,,4774.815000057221
,,,,,4774.819999933243
,,,,,4774.825000047684
,,,,,4774.829999923706
,,,,,4774.835000038147
,,,,,4774.839999914169
,,,,,4774.84500002861
,,,,,4774.849999904633
,,,,,4774.8550000190735
,,,,,4774.859999895096
,,,,,4774.865000009537
,,,,,4774.869999885559
,,,,,4774.875
,,,,,4774.880000114441
,,,,,4774.884999990463
,,,,,4774.890000104904
,,,,,4774.8949999809265
,,,,,4774.900000095368
,,,,,4774.90499997139
,,,,,4774.910000085831
,,,,,4774.914999961853
,,,,,4774.920000076294
,,,,,4774.924999952316
,,,,,4774.930000066757
,,,,,4774.9349999427795
,,,,,4774.940000057221
,,,,,4774.944999933243
,,,,,4774.950000047684
,,,,,4774.954999923706
,,,,,4774.960000038147
,,,,,4774.964999914169
,,,,,4774.97000002861
,,,,,4774.974999904633
,,,,,4774.9800000190735
,,,,,4774.984999895096
,,,,,4774.990000009537
,,,,,4774.994999885559
,,,,,4775.0
,,,,,4775.005000114441
,,,,,4775.009999990463
,,,,,4775.015000104904
,,,,,4775.0199999809265
,,,,,4775.025000095368
,,,,,4775.02999997139
,,,,,4775.035000085831
,,,,,4775.039999961853
,,,,,4775.045000076294
,,,,,4775.049999952316
,,,,,4775.055000066757
,,,,,4775.0599999427795
,,,,,4775.065000057221
,,,,,4775.069999933243
,,,,,4775.075000047684
,,,,,4775.079999923706
,,,,,4775.085000038147
,,,,,4775.089999914169
,,,,,4775.09500002861
,,,,,4775.099999904633
,,,,,4775.1050000190735
,,,,,4775.109999895096
,,,,,4775.115000009537
,,,,,4775.119999885559
,,,,,4775.125
,,,,,4775.130000114441
,,,,,4775.134999990463
,,,,,4775.140000104904
,,,,,4775.1449999809265
,,,,,4775.150000095368
,,,,,4775.15499997139
,,,,,4775.160000085831
,,,,,4775.164999961853
,,,,,4775.170000076294
,,,,,4775.174999952316
,,,,,4775.180000066757
,,,,,4775.1849999427795
,,,,,4775.190000057221
,,,,,4775.194999933243
,,,,,4775.200000047684
,,,,,4775.204999923706
,,,,,4775.210000038147
,,,,,4775.214999914169
,,,,,4775.22000002861
,,,,,4775.224999904633
,,,,,4775.2300000190735
,,,,,4775.234999895096
,,,,,4775.240000009537
,,,,,4775.244999885559
,,,,,4775.25
,,,,,4775.255000114441
,,,,,4775.259999990463
,,,,,4775.265000104904
,,,,,4775.2699999809265
,,,,,4775.275000095368
,,,,,4775.27999997139
,,,,,4775.285000085831
,,,,,4775.289999961853
,,,,,4775.295000076294
,,,,,4775.299999952316
,,,,,4775.305000066757
,,,,,4775.3099999427795
,,,,,4775.315000057221
,,,,,4775.319999933243
,,,,,4775.325000047684
,,,,,4775.329999923706
,,,,,4775.335000038147
,,,,,4775.339999914169
,,,,,4775.34500002861
,,,,,4775.349999904633
,,,,,4775.3550000190735
,,,,,4775.359999895096
,,,,,4775.365000009537
,,,,,4775.369999885559
,,,,,4775.375
,,,,,4775.380000114441
,,,,,4775.384999990463
,,,,,4775.390000104904
,,,,,4775.3949999809265
,,,,,4775.400000095368
,,,,,4775.40499997139
,,,,,4775.410000085831
,,,,,4775.414999961853
,,,,,4775.420000076294
,,,,,4775.424999952316
,,,,,4775.430000066757
,,,,,4775.4349999427795
,,,,,4775.440000057221
,,,,,4775.444999933243
,,,,,4775.450000047684
,,,,,4775.454999923706
,,,,,4775.460000038147
,,,,,4775.464999914169
,,,,,4775.47000002861
,,,,,4775.474999904633
,,,,,4775.4800000190735
,,,,,4775.484999895096
,,,,,4775.490000009537
,,,,,4775.494999885559
,,,,,4775.5
,,,,,4775.505000114441
,,,,,4775.509999990463
,,,,,4775.515000104904
,,,,,4775.5199999809265
,,,,,4775.525000095368
,,,,,4775.52999997139
,,,,,4775.535000085831
,,,,,4775.539999961853
,,,,,4775.545000076294
,,,,,4775.549999952316
,,,,,4775.555000066757
,,,,,4775.5599999427795
,,,,,4775.565000057221
,,,,,4775.569999933243
,,,,,4775.575000047684
,,,,,4775.579999923706
,,,,,4775.585000038147
,,,,,4775.589999914169
,,,,,4775.59500002861
,,,,,4775.599999904633
,,,,,4775.6050000190735
,,,,,4775.609999895096
,,,,,4775.615000009537
,,,,,4775.619999885559
,,,,,4775.625
,,,,,4775.630000114441
,,,,,4775.634999990463
,,,,,4775.640000104904
,,,,,4775.6449999809265
,,,,,4775.650000095368
,,,,,4775.65499997139
,,,,,4775.660000085831
,,,,,4775.664999961853
,,,,,4775.670000076294
,,,,,4775.674999952316
,,,,,4775.680000066757
,,,,,4775.6849999427795
,,,,,4775.690000057221
,,,,,4775.694999933243
,,,,,4775.700000047684
,,,,,4775.704999923706
,,,,,4775.710000038147
,,,,,4775.714999914169
,,,,,4775.72000002861
,,,,,4775.724999904633
,,,,,4775.7300000190735
,,,,,4775.734999895096
,,,,,4775.740000009537
,,,,,4775.744999885559
,,,,,4775.75
,,,,,4775.755000114441
,,,,,4775.759999990463
,,,,,4775.765000104904
,,,,,4775.7699999809265
,,,,,4775.775000095368
,,,,,4775.77999997139
,,,,,4775.785000085831
,,,,,4775.789999961853
,,,,,4775.795000076294
,,,,,4775.799999952316
,,,,,4775.805000066757
,,,,,4775.8099999427795
,,,,,4775.815000057221
,,,,,4775.819999933243
,,,,,4775.825000047684
,,,,,4775.829999923706
,,,,,4775.835000038147
,,,,,4775.839999914169
,,,,,4775.84500002861
,,,,,4775.849999904633
,,,,,4775.8550000190735
,,,,,4775.859999895096
,,,,,4775.865000009537
,,,,,4775.869999885559
,,,,,4775.875
,,,,,4775.880000114441
,,,,,4775.884999990463
,,,,,4775.890000104904
,,,,,4775.8949999809265
,,,,,4775.900000095368
,,,,,4775.90499997139
,,,,,4775.910000085831
,,,,,4775.914999961853
,,,,,4775.920000076294
,,,,,4775.924999952316
,,,,,4775.930000066757
,,,,,4775.9349999427795
,,,,,4775.940000057221
,,,,,4775.944999933243
,,,,,4775.950000047684
,,,,,4775.954999923706
,,,,,4775.960000038147
,,,,,4775.964999914169
,,,,,4775.97000002861
,,,,,4775.974999904633
,,,,,4775.9800000190735
,,,,,4775.984999895096
,,,,,4775.990000009537
,,,,,4775.994999885559
,,,,,4776.0
,,,,,4776.005000114441
,,,,,4776.009999990463
,,,,,4776.015000104904
,,,,,4776.0199999809265
,,,,,4776.025000095368
,,,,,4776.02999997139
,,,,,4776.035000085831
,,,,,4776.039999961853
,,,,,4776.045000076294
,,,,,4776.049999952316
,,,,,4776.055000066757
,,,,,4776.0599999427795
,,,,,4776.065000057221
,,,,,4776.069999933243
,,,,,4776.075000047684
,,,,,4776.079999923706
,,,,,4776.085000038147
,,,,,4776.089999914169
,,,,,4776.09500002861
,,,,,4776.099999904633
,,,,,4776.1050000190735
,,,,,4776.109999895096
,,,,,4776.115000009537
,,,,,4776.119999885559
,,,,,4776.125
,,,,,4776.130000114441
,,,,,4776.134999990463
,,,,,4776.140000104904
,,,,,4776.1449999809265
,,,,,4776.150000095368
,,,,,4776.15499997139
,,,,,4776.160000085831
,,,,,4776.164999961853
,,,,,4776.170000076294
,,,,,4776.174999952316
,,,,,4776.180000066757
,,,,,4776.1849999427795
,,,,,4776.190000057221
,,,,,4776.194999933243
,,,,,4776.200000047684
,,,,,4776.204999923706
,,,,,4776.210000038147
,,,,,4776.214999914169
,,,,,4776.22000002861
,,,,,4776.224999904633
,,,,,4776.2300000190735
,,,,,4776.234999895096
,,,,,4776.240000009537
,,,,,4776.244999885559
,,,,,4776.25
,,,,,4776.255000114441
,,,,,4776.259999990463
,,,,,4776.265000104904
,,,,,4776.2699999809265
,,,,,4776.275000095368
,,,,,4776.27999997139
,,,,,4776.285000085831
,,,,,4776.289999961853
,,,,,4776.295000076294
,,,,,4776.299999952316
,,,,,4776.305000066757
,,,,,4776.3099999427795
,,,,,4776.315000057221
,,,,,4776.319999933243
,,,,,4776.325000047684
,,,,,4776.329999923706
,,,,,4776.335000038147
,,,,,4776.339999914169
,,,,,4776.34500002861
,,,,,4776.349999904633
,,,,,4776.3550000190735
,,,,,4776.359999895096
,,,,,4776.365000009537
,,,,,4776.369999885559
,,,,,4776.375
,,,,,4776.380000114441
,,,,,4776.384999990463
,,,,,4776.390000104904
,,,,,4776.3949999809265
,,,,,4776.400000095368
,,,,,4776.40499997139
,,,,,4776.410000085831
,,,,,4776.414999961853
,,,,,4776.420000076294
,,,,,4776.424999952316
,,,,,4776.430000066757
,,,,,4776.4349999427795
,,,,,4776.440000057221
,,,,,4776.444999933243
,,,,,4776.450000047684
,,,,,4776.454999923706
,,,,,4776.460000038147
,,,,,4776.464999914169
,,,,,4776.47000002861
,,,,,4776.474999904633
,,,,,4776.4800000190735
,,,,,4776.484999895096
,,,,,4776.490000009537
,,,,,4776.494999885559
,,,,,4776.5
,,,,,4776.505000114441
,,,,,4776.509999990463
,,,,,4776.515000104904
,,,,,4776.5199999809265
,,,,,4776.525000095368
,,,,,4776.52999997139
,,,,,4776.535000085831
,,,,,4776.539999961853
,,,,,4776.545000076294
,,,,,4776.549999952316
,,,,,4776.555000066757
,,,,,4776.5599999427795
,,,,,4776.565000057221
,,,,,4776.569999933243
,,,,,4776.575000047684
,,,,,4776.579999923706
,,,,,4776.585000038147
,,,,,4776.589999914169
,,,,,4776.59500002861
,,,,,4776.599999904633
,,,,,4776.6050000190735
,,,,,4776.609999895096
,,,,,4776.615000009537
,,,,,4776.619999885559
,,,,,4776.625
,,,,,4776.630000114441
,,,,,4776.634999990463
,,,,,4776.640000104904
,,,,,4776.6449999809265
,,,,,4776.650000095368
,,,,,4776.65499997139
,,,,,4776.660000085831
,,,,,4776.664999961853
,,,,,4776.670000076294
,,,,,4776.674999952316
,,,,,4776.680000066757
,,,,,4776.6849999427795
,,,,,4776.690000057221
,,,,,4776.694999933243
,,,,,4776.700000047684
,,,,,4776.704999923706
,,,,,4776.710000038147
,,,,,4776.714999914169
,,,,,4776.72000002861
,,,,,4776.724999904633
,,,,,4776.7300000190735
,,,,,4776.734999895096
,,,,,4776.740000009537
,,,,,4776.744999885559
,,,,,4776.75
,,,,,4776.755000114441
,,,,,4776.759999990463
,,,,,4776.765000104904
,,,,,4776.7699999809265
,,,,,4776.775000095368
,,,,,4776.77999997139
,,,,,4776.785000085831
,,,,,4776.789999961853
,,,,,4776.795000076294
,,,,,4776.799999952316
,,,,,4776.805000066757
,,,,,4776.8099999427795
,,,,,4776.815000057221
,,,,,4776.819999933243
,,,,,4776.825000047684
,,,,,4776.829999923706
,,,,,4776.835000038147
,,,,,4776.839999914169
,,,,,4776.84500002861
,,,,,4776.849999904633
,,,,,4776.8550000190735
,,,,,4776.859999895096
,,,,,4776.865000009537
,,,,,4776.869999885559
,,,,,4776.875
,,,,,4776.880000114441
,,,,,4776.884999990463
,,,,,4776.890000104904
,,,,,4776.8949999809265
,,,,,4776.900000095368
,,,,,4776.90499997139
,,,,,4776.910000085831
,,,,,4776.914999961853
,,,,,4776.920000076294
,,,,,4776.924999952316
,,,,,4776.930000066757
,,,,,4776.9349999427795
,,,,,4776.940000057221
,,,,,4776.944999933243
,,,,,4776.950000047684
,,,,,4776.954999923706
,,,,,4776.960000038147
,,,,,4776.964999914169
,,,,,4776.97000002861
,,,,,4776.974999904633
,,,,,4776.9800000190735
,,,,,4776.984999895096
,,,,,4776.990000009537
,,,,,4776.994999885559
,,,,,4777.0
,,,,,4777.005000114441
,,,,,4777.009999990463
,,,,,4777.015000104904
,,,,,4777.0199999809265
,,,,,4777.025000095368
,,,,,4777.02999997139
,,,,,4777.035000085831
,,,,,4777.039999961853
,,,,,4777.045000076294
,,,,,4777.049999952316
,,,,,4777.055000066757
,,,,,4777.0599999427795
,,,,,4777.065000057221
,,,,,4777.069999933243
,,,,,4777.075000047684
,,,,,4777.079999923706
,,,,,4777.085000038147
,,,,,4777.089999914169
,,,,,4777.09500002861
,,,,,4777.099999904633
,,,,,4777.1050000190735
,,,,,4777.109999895096
,,,,,4777.115000009537
,,,,,4777.119999885559
,,,,,4777.125
,,,,,4777.130000114441
,,,,,4777.134999990463
,,,,,4777.140000104904
,,,,,4777.1449999809265
,,,,,4777.150000095368
,,,,,4777.15499997139
,,,,,4777.160000085831
,,,,,4777.164999961853
,,,,,4777.170000076294
,,,,,4777.174999952316
,,,,,4777.180000066757
,,,,,4777.1849999427795
,,,,,4777.190000057221
,,,,,4777.194999933243
,,,,,4777.200000047684
,,,,,4777.204999923706
,,,,,4777.210000038147
,,,,,4777.214999914169
,,,,,4777.22000002861
,,,,,4777.224999904633
,,,,,4777.2300000190735
,,,,,4777.234999895096
,,,,,4777.240000009537
,,,,,4777.244999885559
,,,,,4777.25
,,,,,4777.255000114441
,,,,,4777.259999990463
,,,,,4777.265000104904
,,,,,4777.2699999809265
,,,,,4777.275000095368
,,,,,4777.27999997139
,,,,,4777.285000085831
,,,,,4777.289999961853
,,,,,4777.295000076294
,,,,,4777.299999952316
,,,,,4777.305000066757
,,,,,4777.3099999427795
,,,,,4777.315000057221
,,,,,4777.319999933243
,,,,,4777.325000047684
,,,,,4777.329999923706
,,,,,4777.335000038147
,,,,,4777.339999914169
,,,,,4777.34500002861
,,,,,4777.349999904633
,,,,,4777.3550000190735
,,,,,4777.359999895096
,,,,,4777.365000009537
,,,,,4777.369999885559
,,,,,4777.375
,,,,,4777.380000114441
,,,,,4777.384999990463
,,,,,4777.390000104904
,,,,,4777.3949999809265
,,,,,4777.400000095368
,,,,,4777.40499997139
,,,,,4777.410000085831
,,,,,4777.414999961853
,,,,,4777.420000076294
,,,,,4777.424999952316
,,,,,4777.430000066757
,,,,,4777.4349999427795
,,,,,4777.440000057221
,,,,,4777.444999933243
,,,,,4777.450000047684
,,,,,4777.454999923706
,,,,,4777.460000038147
,,,,,4777.464999914169
,,,,,4777.47000002861
,,,,,4777.474999904633
,,,,,4777.4800000190735
,,,,,4777.484999895096
,,,,,4777.490000009537
,,,,,4777.494999885559
,,,,,4777.5
,,,,,4777.505000114441
,,,,,4777.509999990463
,,,,,4777.515000104904
,,,,,4777.5199999809265
,,,,,4777.525000095368
,,,,,4777.52999997139
,,,,,4777.535000085831
,,,,,4777.539999961853
,,,,,4777.545000076294
,,,,,4777.549999952316
,,,,,4777.555000066757
,,,,,4777.5599999427795
,,,,,4777.565000057221
,,,,,4777.569999933243
,,,,,4777.575000047684
,,,,,4777.579999923706
,,,,,4777.585000038147
,,,,,4777.589999914169
,,,,,4777.59500002861
,,,,,4777.599999904633
,,,,,4777.6050000190735
,,,,,4777.609999895096
,,,,,4777.615000009537
,,,,,4777.619999885559
,,,,,4777.625
,,,,,4777.630000114441
,,,,,4777.634999990463
,,,,,4777.640000104904
,,,,,4777.6449999809265
,,,,,4777.650000095368
,,,,,4777.65499997139
,,,,,4777.660000085831
,,,,,4777.664999961853
,,,,,4777.670000076294
,,,,,4777.674999952316
,,,,,4777.680000066757
,,,,,4777.6849999427795
,,,,,4777.690000057221
,,,,,4777.694999933243
,,,,,4777.700000047684
,,,,,4777.704999923706
,,,,,4777.710000038147
,,,,,4777.714999914169
,,,,,4777.72000002861
,,,,,4777.724999904633
,,,,,4777.7300000190735
,,,,,4777.734999895096
,,,,,4777.740000009537
,,,,,4777.744999885559
,,,,,4777.75
,,,,,4777.755000114441
,,,,,4777.759999990463
,,,,,4777.765000104904
,,,,,4777.7699999809265
,,,,,4777.775000095368
,,,,,4777.77999997139
,,,,,4777.785000085831
,,,,,4777.789999961853
,,,,,4777.795000076294
,,,,,4777.799999952316
,,,,,4777.805000066757
,,,,,4777.8099999427795
,,,,,4777.815000057221
,,,,,4777.819999933243
,,,,,4777.825000047684
,,,,,4777.829999923706
,,,,,4777.835000038147
,,,,,4777.839999914169
,,,,,4777.84500002861
,,,,,4777.849999904633
,,,,,4777.8550000190735
,,,,,4777.859999895096
,,,,,4777.865000009537
,,,,,4777.869999885559
,,,,,4777.875
,,,,,4777.880000114441
,,,,,4777.884999990463
,,,,,4777.890000104904
,,,,,4777.8949999809265
,,,,,4777.900000095368
,,,,,4777.90499997139
,,,,,4777.910000085831
,,,,,4777.914999961853
,,,,,4777.920000076294
,,,,,4777.924999952316
,,,,,4777.930000066757
,,,,,4777.9349999427795
,,,,,4777.940000057221
,,,,,4777.944999933243
,,,,,4777.950000047684
,,,,,4777.954999923706
,,,,,4777.960000038147
,,,,,4777.964999914169
,,,,,4777.97000002861
,,,,,4777.974999904633
,,,,,4777.9800000190735
,,,,,4777.984999895096
,,,,,4777.990000009537
,,,,,4777.994999885559
,,,,,4778.0
,,,,,4778.005000114441
,,,,,4778.009999990463
,,,,,4778.015000104904
,,,,,4778.0199999809265
,,,,,4778.025000095368
,,,,,4778.02999997139
,,,,,4778.035000085831
,,,,,4778.039999961853
,,,,,4778.045000076294
,,,,,4778.049999952316
,,,,,4778.055000066757
,,,,,4778.0599999427795
,,,,,4778.065000057221
,,,,,4778.069999933243
,,,,,4778.075000047684
,,,,,4778.079999923706
,,,,,4778.085000038147
,,,,,4778.089999914169
,,,,,4778.09500002861
,,,,,4778.099999904633
,,,,,4778.1050000190735
,,,,,4778.109999895096
,,,,,4778.115000009537
,,,,,4778.119999885559
,,,,,4778.125
,,,,,4778.130000114441
,,,,,4778.134999990463
,,,,,4778.140000104904
,,,,,4778.1449999809265
,,,,,4778.150000095368
,,,,,4778.15499997139
,,,,,4778.160000085831
,,,,,4778.164999961853
,,,,,4778.170000076294
,,,,,4778.174999952316
,,,,,4778.180000066757
,,,,,4778.1849999427795
,,,,,4778.190000057221
,,,,,4778.194999933243
,,,,,4778.200000047684
,,,,,4778.204999923706
,,,,,4778.210000038147
,,,,,4778.214999914169
,,,,,4778.22000002861
,,,,,4778.224999904633
,,,,,4778.2300000190735
,,,,,4778.234999895096
,,,,,4778.240000009537
,,,,,4778.244999885559
,,,,,4778.25
,,,,,4778.255000114441
,,,,,4778.259999990463
,,,,,4778.265000104904
,,,,,4778.2699999809265
,,,,,4778.275000095368
,,,,,4778.27999997139
,,,,,4778.285000085831
,,,,,4778.289999961853
,,,,,4778.295000076294
,,,,,4778.299999952316
,,,,,4778.305000066757
,,,,,4778.3099999427795
,,,,,4778.315000057221
,,,,,4778.319999933243
,,,,,4778.325000047684
,,,,,4778.329999923706
,,,,,4778.335000038147
,,,,,4778.339999914169
,,,,,4778.34500002861
,,,,,4778.349999904633
,,,,,4778.3550000190735
,,,,,4778.359999895096
,,,,,4778.365000009537
,,,,,4778.369999885559
,,,,,4778.375
,,,,,4778.380000114441
,,,,,4778.384999990463
,,,,,4778.390000104904
,,,,,4778.3949999809265
,,,,,4778.400000095368
,,,,,4778.40499997139
,,,,,4778.410000085831
,,,,,4778.414999961853
,,,,,4778.420000076294
,,,,,4778.424999952316
,,,,,4778.430000066757
,,,,,4778.4349999427795
,,,,,4778.440000057221
,,,,,4778.444999933243
,,,,,4778.450000047684
,,,,,4778.454999923706
,,,,,4778.460000038147
,,,,,4778.464999914169
,,,,,4778.47000002861
,,,,,4778.474999904633
,,,,,4778.4800000190735
,,,,,4778.484999895096
,,,,,4778.490000009537
,,,,,4778.494999885559
,,,,,4778.5
,,,,,4778.505000114441
,,,,,4778.509999990463
,,,,,4778.515000104904
,,,,,4778.5199999809265
,,,,,4778.525000095368
,,,,,4778.52999997139
,,,,,4778.535000085831
,,,,,4778.539999961853
,,,,,4778.545000076294
,,,,,4778.549999952316
,,,,,4778.555000066757
,,,,,4778.5599999427795
,,,,,4778.565000057221
,,,,,4778.569999933243
,,,,,4778.575000047684
,,,,,4778.579999923706
,,,,,4778.585000038147
,,,,,4778.589999914169
,,,,,4778.59500002861
,,,,,4778.599999904633
,,,,,4778.6050000190735
,,,,,4778.609999895096
,,,,,4778.615000009537
,,,,,4778.619999885559
,,,,,4778.625
,,,,,4778.630000114441
,,,,,4778.634999990463
,,,,,4778.640000104904
,,,,,4778.6449999809265
,,,,,4778.650000095368
,,,,,4778.65499997139
,,,,,4778.660000085831
,,,,,4778.664999961853
,,,,,4778.670000076294
,,,,,4778.674999952316
,,,,,4778.680000066757
,,,,,4778.6849999427795
,,,,,4778.690000057221
,,,,,4778.694999933243
,,,,,4778.700000047684
,,,,,4778.704999923706
,,,,,4778.710000038147
,,,,,4778.714999914169
,,,,,4778.72000002861
,,,,,4778.724999904633
,,,,,4778.7300000190735
,,,,,4778.734999895096
,,,,,4778.740000009537
,,,,,4778.744999885559
,,,,,4778.75
,,,,,4778.755000114441
,,,,,4778.759999990463
,,,,,4778.765000104904
,,,,,4778.7699999809265
,,,,,4778.775000095368
,,,,,4778.77999997139
,,,,,4778.785000085831
,,,,,4778.789999961853
,,,,,4778.795000076294
,,,,,4778.799999952316
,,,,,4778.805000066757
,,,,,4778.8099999427795
,,,,,4778.815000057221
,,,,,4778.819999933243
,,,,,4778.825000047684
,,,,,4778.829999923706
,,,,,4778.835000038147
,,,,,4778.839999914169
,,,,,4778.84500002861
,,,,,4778.849999904633
,,,,,4778.8550000190735
,,,,,4778.859999895096
,,,,,4778.865000009537
,,,,,4778.869999885559
,,,,,4778.875
,,,,,4778.880000114441
,,,,,4778.884999990463
,,,,,4778.890000104904
,,,,,4778.8949999809265
,,,,,4778.900000095368
,,,,,4778.90499997139
,,,,,4778.910000085831
,,,,,4778.914999961853
,,,,,4778.920000076294
,,,,,4778.924999952316
,,,,,4778.930000066757
,,,,,4778.9349999427795
,,,,,4778.940000057221
,,,,,4778.944999933243
,,,,,4778.950000047684
,,,,,4778.954999923706
,,,,,4778.960000038147
,,,,,4778.964999914169
,,,,,4778.97000002861
,,,,,4778.974999904633
,,,,,4778.9800000190735
,,,,,4778.984999895096
,,,,,4778.990000009537
,,,,,4778.994999885559
,,,,,4779.0
,,,,,4779.005000114441
,,,,,4779.009999990463
,,,,,4779.015000104904
,,,,,4779.0199999809265
,,,,,4779.025000095368
,,,,,4779.02999997139
,,,,,4779.035000085831
,,,,,4779.039999961853
,,,,,4779.045000076294
,,,,,4779.049999952316
,,,,,4779.055000066757
,,,,,4779.0599999427795
,,,,,4779.065000057221
,,,,,4779.069999933243
,,,,,4779.075000047684
,,,,,4779.079999923706
,,,,,4779.085000038147
,,,,,4779.089999914169
,,,,,4779.09500002861
,,,,,4779.099999904633
,,,,,4779.1050000190735
,,,,,4779.109999895096
,,,,,4779.115000009537
,,,,,4779.119999885559
,,,,,4779.125
,,,,,4779.130000114441
,,,,,4779.134999990463
,,,,,4779.140000104904
,,,,,4779.1449999809265
,,,,,4779.150000095368
,,,,,4779.15499997139
,,,,,4779.160000085831
,,,,,4779.164999961853
,,,,,4779.170000076294
,,,,,4779.174999952316
,,,,,4779.180000066757
,,,,,4779.1849999427795
,,,,,4779.190000057221
,,,,,4779.194999933243
,,,,,4779.200000047684
,,,,,4779.204999923706
,,,,,4779.210000038147
,,,,,4779.214999914169
,,,,,4779.22000002861
,,,,,4779.224999904633
,,,,,4779.2300000190735
,,,,,4779.234999895096
,,,,,4779.240000009537
,,,,,4779.244999885559
,,,,,4779.25
,,,,,4779.255000114441
,,,,,4779.259999990463
,,,,,4779.265000104904
,,,,,4779.2699999809265
,,,,,4779.275000095368
,,,,,4779.27999997139
,,,,,4779.285000085831
,,,,,4779.289999961853
,,,,,4779.295000076294
,,,,,4779.299999952316
,,,,,4779.305000066757
,,,,,4779.3099999427795
,,,,,4779.315000057221
,,,,,4779.319999933243
,,,,,4779.325000047684
,,,,,4779.329999923706
,,,,,4779.335000038147
,,,,,4779.339999914169
,,,,,4779.34500002861
,,,,,4779.349999904633
,,,,,4779.3550000190735
,,,,,4779.359999895096
,,,,,4779.365000009537
,,,,,4779.369999885559
,,,,,4779.375
,,,,,4779.380000114441
,,,,,4779.384999990463
,,,,,4779.390000104904
,,,,,4779.3949999809265
,,,,,4779.400000095368
,,,,,4779.40499997139
,,,,,4779.410000085831
,,,,,4779.414999961853
,,,,,4779.420000076294
,,,,,4779.424999952316
,,,,,4779.430000066757
,,,,,4779.4349999427795
,,,,,4779.440000057221
,,,,,4779.444999933243
,,,,,4779.450000047684
,,,,,4779.454999923706
,,,,,4779.460000038147
,,,,,4779.464999914169
,,,,,4779.47000002861
,,,,,4779.474999904633
,,,,,4779.4800000190735
,,,,,4779.484999895096
,,,,,4779.490000009537
,,,,,4779.494999885559
,,,,,4779.5
,,,,,4779.505000114441
,,,,,4779.509999990463
,,,,,4779.515000104904
,,,,,4779.5199999809265
,,,,,4779.525000095368
,,,,,4779.52999997139
,,,,,4779.535000085831
,,,,,4779.539999961853
,,,,,4779.545000076294
,,,,,4779.549999952316
,,,,,4779.555000066757
,,,,,4779.5599999427795
,,,,,4779.565000057221
,,,,,4779.569999933243
,,,,,4779.575000047684
,,,,,4779.579999923706
,,,,,4779.585000038147
,,,,,4779.589999914169
,,,,,4779.59500002861
,,,,,4779.599999904633
,,,,,4779.6050000190735
,,,,,4779.609999895096
,,,,,4779.615000009537
,,,,,4779.619999885559
,,,,,4779.625
,,,,,4779.630000114441
,,,,,4779.634999990463
,,,,,4779.640000104904
,,,,,4779.6449999809265
,,,,,4779.650000095368
,,,,,4779.65499997139
,,,,,4779.660000085831
,,,,,4779.664999961853
,,,,,4779.670000076294
,,,,,4779.674999952316
,,,,,4779.680000066757
,,,,,4779.6849999427795
,,,,,4779.690000057221
,,,,,4779.694999933243
,,,,,4779.700000047684
,,,,,4779.704999923706
,,,,,4779.710000038147
,,,,,4779.714999914169
,,,,,4779.72000002861
,,,,,4779.724999904633
,,,,,4779.7300000190735
,,,,,4779.734999895096
,,,,,4779.740000009537
,,,,,4779.744999885559
,,,,,4779.75
,,,,,4779.755000114441
,,,,,4779.759999990463
,,,,,4779.765000104904
,,,,,4779.7699999809265
,,,,,4779.775000095368
,,,,,4779.77999997139
,,,,,4779.785000085831
,,,,,4779.789999961853
,,,,,4779.795000076294
,,,,,4779.799999952316
,,,,,4779.805000066757
,,,,,4779.8099999427795
,,,,,4779.815000057221
,,,,,4779.819999933243
,,,,,4779.825000047684
,,,,,4779.829999923706
,,,,,4779.835000038147
,,,,,4779.839999914169
,,,,,4779.84500002861
,,,,,4779.849999904633
,,,,,4779.8550000190735
,,,,,4779.859999895096
,,,,,4779.865000009537
,,,,,4779.869999885559
,,,,,4779.875
,,,,,4779.880000114441
,,,,,4779.884999990463
,,,,,4779.890000104904
,,,,,4779.8949999809265
,,,,,4779.900000095368
,,,,,4779.90499997139
,,,,,4779.910000085831
,,,,,4779.914999961853
,,,,,4779.920000076294
,,,,,4779.924999952316
,,,,,4779.930000066757
,,,,,4779.9349999427795
,,,,,4779.940000057221
,,,,,4779.944999933243
,,,,,4779.950000047684
,,,,,4779.954999923706
,,,,,4779.960000038147
,,,,,4779.964999914169
,,,,,4779.97000002861
,,,,,4779.974999904633
,,,,,4779.9800000190735
,,,,,4779.984999895096
,,,,,4779.990000009537
,,,,,4779.994999885559
,,,,,4780.0
,,,,,4780.005000114441
,,,,,4780.009999990463
,,,,,4780.015000104904
,,,,,4780.0199999809265
,,,,,4780.025000095368
,,,,,4780.02999997139
,,,,,4780.035000085831
,,,,,4780.039999961853
,,,,,4780.045000076294
,,,,,4780.049999952316
,,,,,4780.055000066757
,,,,,4780.0599999427795
,,,,,4780.065000057221
,,,,,4780.069999933243
,,,,,4780.075000047684
,,,,,4780.079999923706
,,,,,4780.085000038147
,,,,,4780.089999914169
,,,,,4780.09500002861
,,,,,4780.099999904633
,,,,,4780.1050000190735
,,,,,4780.109999895096
,,,,,4780.115000009537
,,,,,4780.119999885559
,,,,,4780.125
,,,,,4780.130000114441
,,,,,4780.134999990463
,,,,,4780.140000104904
,,,,,4780.1449999809265
,,,,,4780.150000095368
,,,,,4780.15499997139
,,,,,4780.160000085831
,,,,,4780.164999961853
,,,,,4780.170000076294
,,,,,4780.174999952316
,,,,,4780.180000066757
,,,,,4780.1849999427795
,,,,,4780.190000057221
,,,,,4780.194999933243
,,,,,4780.200000047684
,,,,,4780.204999923706
,,,,,4780.210000038147
,,,,,4780.214999914169
,,,,,4780.22000002861
,,,,,4780.224999904633
,,,,,4780.2300000190735
,,,,,4780.234999895096
,,,,,4780.240000009537
,,,,,4780.244999885559
,,,,,4780.25
,,,,,4780.255000114441
,,,,,4780.259999990463
,,,,,4780.265000104904
,,,,,4780.2699999809265
,,,,,4780.275000095368
,,,,,4780.27999997139
,,,,,4780.285000085831
,,,,,4780.289999961853
,,,,,4780.295000076294
,,,,,4780.299999952316
,,,,,4780.305000066757
,,,,,4780.3099999427795
,,,,,4780.315000057221
,,,,,4780.319999933243
,,,,,4780.325000047684
,,,,,4780.329999923706
,,,,,4780.335000038147
,,,,,4780.339999914169
,,,,,4780.34500002861
,,,,,4780.349999904633
,,,,,4780.3550000190735
,,,,,4780.359999895096
,,,,,4780.365000009537
,,,,,4780.369999885559
,,,,,4780.375
,,,,,4780.380000114441
,,,,,4780.384999990463
,,,,,4780.390000104904
,,,,,4780.3949999809265
,,,,,4780.400000095368
,,,,,4780.40499997139
,,,,,4780.410000085831
,,,,,4780.414999961853
,,,,,4780.420000076294
,,,,,4780.424999952316
,,,,,4780.430000066757
,,,,,4780.4349999427795
,,,,,4780.440000057221
,,,,,4780.444999933243
,,,,,4780.450000047684
,,,,,4780.454999923706
,,,,,4780.460000038147
,,,,,4780.464999914169
,,,,,4780.47000002861
,,,,,4780.474999904633
,,,,,4780.4800000190735
,,,,,4780.484999895096
,,,,,4780.490000009537
,,,,,4780.494999885559
,,,,,4780.5
,,,,,4780.505000114441
,,,,,4780.509999990463
,,,,,4780.515000104904
,,,,,4780.5199999809265
,,,,,4780.525000095368
,,,,,4780.52999997139
,,,,,4780.535000085831
,,,,,4780.539999961853
,,,,,4780.545000076294
,,,,,4780.549999952316
,,,,,4780.555000066757
,,,,,4780.5599999427795
,,,,,4780.565000057221
,,,,,4780.569999933243
,,,,,4780.575000047684
,,,,,4780.579999923706
,,,,,4780.585000038147
,,,,,4780.589999914169
,,,,,4780.59500002861
,,,,,4780.599999904633
,,,,,4780.6050000190735
,,,,,4780.609999895096
,,,,,4780.615000009537
,,,,,4780.619999885559
,,,,,4780.625
,,,,,4780.630000114441
,,,,,4780.634999990463
,,,,,4780.640000104904
,,,,,4780.6449999809265
,,,,,4780.650000095368
,,,,,4780.65499997139
,,,,,4780.660000085831
,,,,,4780.664999961853
,,,,,4780.670000076294
,,,,,4780.674999952316
,,,,,4780.680000066757
,,,,,4780.6849999427795
,,,,,4780.690000057221
,,,,,4780.694999933243
,,,,,4780.700000047684
,,,,,4780.704999923706
,,,,,4780.710000038147
,,,,,4780.714999914169
,,,,,4780.72000002861
,,,,,4780.724999904633
,,,,,4780.7300000190735
,,,,,4780.734999895096
,,,,,4780.740000009537
,,,,,4780.744999885559
,,,,,4780.75
,,,,,4780.755000114441
,,,,,4780.759999990463
,,,,,4780.765000104904
,,,,,4780.7699999809265
,,,,,4780.775000095368
,,,,,4780.77999997139
,,,,,4780.785000085831
,,,,,4780.789999961853
,,,,,4780.795000076294
,,,,,4780.799999952316
,,,,,4780.805000066757
,,,,,4780.8099999427795
,,,,,4780.815000057221
,,,,,4780.819999933243
,,,,,4780.825000047684
,,,,,4780.829999923706
,,,,,4780.835000038147
,,,,,4780.839999914169
,,,,,4780.84500002861
,,,,,4780.849999904633
,,,,,4780.8550000190735
,,,,,4780.859999895096
,,,,,4780.865000009537
,,,,,4780.869999885559
,,,,,4780.875
,,,,,4780.880000114441
,,,,,4780.884999990463
,,,,,4780.890000104904
,,,,,4780.8949999809265
,,,,,4780.900000095368
,,,,,4780.90499997139
,,,,,4780.910000085831
,,,,,4780.914999961853
,,,,,4780.920000076294
,,,,,4780.924999952316
,,,,,4780.930000066757
,,,,,4780.9349999427795
,,,,,4780.940000057221
,,,,,4780.944999933243
,,,,,4780.950000047684
,,,,,4780.954999923706
,,,,,4780.960000038147
,,,,,4780.964999914169
,,,,,4780.97000002861
,,,,,4780.974999904633
,,,,,4780.9800000190735
,,,,,4780.984999895096
,,,,,4780.990000009537
,,,,,4780.994999885559
,,,,,4781.0
,,,,,4781.005000114441
,,,,,4781.009999990463
,,,,,4781.015000104904
,,,,,4781.0199999809265
,,,,,4781.025000095368
,,,,,4781.02999997139
,,,,,4781.035000085831
,,,,,4781.039999961853
,,,,,4781.045000076294
,,,,,4781.049999952316
,,,,,4781.055000066757
,,,,,4781.0599999427795
,,,,,4781.065000057221
,,,,,4781.069999933243
,,,,,4781.075000047684
,,,,,4781.079999923706
,,,,,4781.085000038147
,,,,,4781.089999914169
,,,,,4781.09500002861
,,,,,4781.099999904633
,,,,,4781.1050000190735
,,,,,4781.109999895096
,,,,,4781.115000009537
,,,,,4781.119999885559
,,,,,4781.125
,,,,,4781.130000114441
,,,,,4781.134999990463
,,,,,4781.140000104904
,,,,,4781.1449999809265
,,,,,4781.150000095368
,,,,,4781.15499997139
,,,,,4781.160000085831
,,,,,4781.164999961853
,,,,,4781.170000076294
,,,,,4781.174999952316
,,,,,4781.180000066757
,,,,,4781.1849999427795
,,,,,4781.190000057221
,,,,,4781.194999933243
,,,,,4781.200000047684
,,,,,4781.204999923706
,,,,,4781.210000038147
,,,,,4781.214999914169
,,,,,4781.22000002861
,,,,,4781.224999904633
,,,,,4781.2300000190735
,,,,,4781.234999895096
,,,,,4781.240000009537
,,,,,4781.244999885559
,,,,,4781.25
,,,,,4781.255000114441
,,,,,4781.259999990463
,,,,,4781.265000104904
,,,,,4781.2699999809265
,,,,,4781.275000095368
,,,,,4781.27999997139
,,,,,4781.285000085831
,,,,,4781.289999961853
,,,,,4781.295000076294
,,,,,4781.299999952316
,,,,,4781.305000066757
,,,,,4781.3099999427795
,,,,,4781.315000057221
,,,,,4781.319999933243
,,,,,4781.325000047684
,,,,,4781.329999923706
,,,,,4781.335000038147
,,,,,4781.339999914169
,,,,,4781.34500002861
,,,,,4781.349999904633
,,,,,4781.3550000190735
,,,,,4781.359999895096
,,,,,4781.365000009537
,,,,,4781.369999885559
,,,,,4781.375
,,,,,4781.380000114441
,,,,,4781.384999990463
,,,,,4781.390000104904
,,,,,4781.3949999809265
,,,,,4781.400000095368
,,,,,4781.40499997139
,,,,,4781.410000085831
,,,,,4781.414999961853
,,,,,4781.420000076294
,,,,,4781.424999952316
,,,,,4781.430000066757
,,,,,4781.4349999427795
,,,,,4781.440000057221
,,,,,4781.444999933243
,,,,,4781.450000047684
,,,,,4781.454999923706
,,,,,4781.460000038147
,,,,,4781.464999914169
,,,,,4781.47000002861
,,,,,4781.474999904633
,,,,,4781.4800000190735
,,,,,4781.484999895096
,,,,,4781.490000009537
,,,,,4781.494999885559
,,,,,4781.5
,,,,,4781.505000114441
,,,,,4781.509999990463
,,,,,4781.515000104904
,,,,,4781.5199999809265
,,,,,4781.525000095368
,,,,,4781.52999997139
,,,,,4781.535000085831
,,,,,4781.539999961853
,,,,,4781.545000076294
,,,,,4781.549999952316
,,,,,4781.555000066757
,,,,,4781.5599999427795
,,,,,4781.565000057221
,,,,,4781.569999933243
,,,,,4781.575000047684
,,,,,4781.579999923706
,,,,,4781.585000038147
,,,,,4781.589999914169
,,,,,4781.59500002861
,,,,,4781.599999904633
,,,,,4781.6050000190735
,,,,,4781.609999895096
,,,,,4781.615000009537
,,,,,4781.619999885559
,,,,,4781.625
,,,,,4781.630000114441
,,,,,4781.634999990463
,,,,,4781.640000104904
,,,,,4781.6449999809265
,,,,,4781.650000095368
,,,,,4781.65499997139
,,,,,4781.660000085831
,,,,,4781.664999961853
,,,,,4781.670000076294
,,,,,4781.674999952316
,,,,,4781.680000066757
,,,,,4781.6849999427795
,,,,,4781.690000057221
,,,,,4781.694999933243
,,,,,4781.700000047684
,,,,,4781.704999923706
,,,,,4781.710000038147
,,,,,4781.714999914169
,,,,,4781.72000002861
,,,,,4781.724999904633
,,,,,4781.7300000190735
,,,,,4781.734999895096
,,,,,4781.740000009537
,,,,,4781.744999885559
,,,,,4781.75
,,,,,4781.755000114441
,,,,,4781.759999990463
,,,,,4781.765000104904
,,,,,4781.7699999809265
,,,,,4781.775000095368
,,,,,4781.77999997139
,,,,,4781.785000085831
,,,,,4781.789999961853
,,,,,4781.795000076294
,,,,,4781.799999952316
,,,,,4781.805000066757
,,,,,4781.8099999427795
,,,,,4781.815000057221
,,,,,4781.819999933243
,,,,,4781.825000047684
,,,,,4781.829999923706
,,,,,4781.835000038147
,,,,,4781.839999914169
,,,,,4781.84500002861
,,,,,4781.849999904633
,,,,,4781.8550000190735
,,,,,4781.859999895096
,,,,,4781.865000009537
,,,,,4781.869999885559
,,,,,4781.875
,,,,,4781.880000114441
,,,,,4781.884999990463
,,,,,4781.890000104904
,,,,,4781.8949999809265
,,,,,4781.900000095368
,,,,,4781.90499997139
,,,,,4781.910000085831
,,,,,4781.914999961853
,,,,,4781.920000076294
,,,,,4781.924999952316
,,,,,4781.930000066757
,,,,,4781.9349999427795
,,,,,4781.940000057221
,,,,,4781.944999933243
,,,,,4781.950000047684
,,,,,4781.954999923706
,,,,,4781.960000038147
,,,,,4781.964999914169
,,,,,4781.97000002861
,,,,,4781.974999904633
,,,,,4781.9800000190735
,,,,,4781.984999895096
,,,,,4781.990000009537
,,,,,4781.994999885559
,,,,,4782.0
,,,,,4782.005000114441
,,,,,4782.009999990463
,,,,,4782.015000104904
,,,,,4782.0199999809265
,,,,,4782.025000095368
,,,,,4782.02999997139
,,,,,4782.035000085831
,,,,,4782.039999961853
,,,,,4782.045000076294
,,,,,4782.049999952316
,,,,,4782.055000066757
,,,,,4782.0599999427795
,,,,,4782.065000057221
,,,,,4782.069999933243
,,,,,4782.075000047684
,,,,,4782.079999923706
,,,,,4782.085000038147
,,,,,4782.089999914169
,,,,,4782.09500002861
,,,,,4782.099999904633
,,,,,4782.1050000190735
,,,,,4782.109999895096
,,,,,4782.115000009537
,,,,,4782.119999885559
,,,,,4782.125
,,,,,4782.130000114441
,,,,,4782.134999990463
,,,,,4782.140000104904
,,,,,4782.1449999809265
,,,,,4782.150000095368
,,,,,4782.15499997139
,,,,,4782.160000085831
,,,,,4782.164999961853
,,,,,4782.170000076294
,,,,,4782.174999952316
,,,,,4782.180000066757
,,,,,4782.1849999427795
,,,,,4782.190000057221
,,,,,4782.194999933243
,,,,,4782.200000047684
,,,,,4782.204999923706
,,,,,4782.210000038147
,,,,,4782.214999914169
,,,,,4782.22000002861
,,,,,4782.224999904633
,,,,,4782.2300000190735
,,,,,4782.234999895096
,,,,,4782.240000009537
,,,,,4782.244999885559
,,,,,4782.25
,,,,,4782.255000114441
,,,,,4782.259999990463
,,,,,4782.265000104904
,,,,,4782.2699999809265
,,,,,4782.275000095368
,,,,,4782.27999997139
,,,,,4782.285000085831
,,,,,4782.289999961853
,,,,,4782.295000076294
,,,,,4782.299999952316
,,,,,4782.305000066757
,,,,,4782.3099999427795
,,,,,4782.315000057221
,,,,,4782.319999933243
,,,,,4782.325000047684
,,,,,4782.329999923706
,,,,,4782.335000038147
,,,,,4782.339999914169
,,,,,4782.34500002861
,,,,,4782.349999904633
,,,,,4782.3550000190735
,,,,,4782.359999895096
,,,,,4782.365000009537
,,,,,4782.369999885559
,,,,,4782.375
,,,,,4782.380000114441
,,,,,4782.384999990463
,,,,,4782.390000104904
,,,,,4782.3949999809265
,,,,,4782.400000095368
,,,,,4782.40499997139
,,,,,4782.410000085831
,,,,,4782.414999961853
,,,,,4782.420000076294
,,,,,4782.424999952316
,,,,,4782.430000066757
,,,,,4782.4349999427795
,,,,,4782.440000057221
,,,,,4782.444999933243
,,,,,4782.450000047684
,,,,,4782.454999923706
,,,,,4782.460000038147
,,,,,4782.464999914169
,,,,,4782.47000002861
,,,,,4782.474999904633
,,,,,4782.4800000190735
,,,,,4782.484999895096
,,,,,4782.490000009537
,,,,,4782.494999885559
,,,,,4782.5
,,,,,4782.505000114441
,,,,,4782.509999990463
,,,,,4782.515000104904
,,,,,4782.5199999809265
,,,,,4782.525000095368
,,,,,4782.52999997139
,,,,,4782.535000085831
,,,,,4782.539999961853
,,,,,4782.545000076294
,,,,,4782.549999952316
,,,,,4782.555000066757
,,,,,4782.5599999427795
,,,,,4782.565000057221
,,,,,4782.569999933243
,,,,,4782.575000047684
,,,,,4782.579999923706
,,,,,4782.585000038147
,,,,,4782.589999914169
,,,,,4782.59500002861
,,,,,4782.599999904633
,,,,,4782.6050000190735
,,,,,4782.609999895096
,,,,,4782.615000009537
,,,,,4782.619999885559
,,,,,4782.625
,,,,,4782.630000114441
,,,,,4782.634999990463
,,,,,4782.640000104904
,,,,,4782.6449999809265
,,,,,4782.650000095368
,,,,,4782.65499997139
,,,,,4782.660000085831
,,,,,4782.664999961853
,,,,,4782.670000076294
,,,,,4782.674999952316
,,,,,4782.680000066757
,,,,,4782.6849999427795
,,,,,4782.690000057221
,,,,,4782.694999933243
,,,,,4782.700000047684
,,,,,4782.704999923706
,,,,,4782.710000038147
,,,,,4782.714999914169
,,,,,4782.72000002861
,,,,,4782.724999904633
,,,,,4782.7300000190735
,,,,,4782.734999895096
,,,,,4782.740000009537
,,,,,4782.744999885559
,,,,,4782.75
,,,,,4782.755000114441
,,,,,4782.759999990463
,,,,,4782.765000104904
,,,,,4782.7699999809265
,,,,,4782.775000095368
,,,,,4782.77999997139
,,,,,4782.785000085831
,,,,,4782.789999961853
,,,,,4782.795000076294
,,,,,4782.799999952316
,,,,,4782.805000066757
,,,,,4782.8099999427795
,,,,,4782.815000057221
,,,,,4782.819999933243
,,,,,4782.825000047684
,,,,,4782.829999923706
,,,,,4782.835000038147
,,,,,4782.839999914169
,,,,,4782.84500002861
,,,,,4782.849999904633
,,,,,4782.8550000190735
,,,,,4782.859999895096
,,,,,4782.865000009537
,,,,,4782.869999885559
,,,,,4782.875
,,,,,4782.880000114441
,,,,,4782.884999990463
,,,,,4782.890000104904
,,,,,4782.8949999809265
,,,,,4782.900000095368
,,,,,4782.90499997139
,,,,,4782.910000085831
,,,,,4782.914999961853
,,,,,4782.920000076294
,,,,,4782.924999952316
,,,,,4782.930000066757
,,,,,4782.9349999427795
,,,,,4782.940000057221
,,,,,4782.944999933243
,,,,,4782.950000047684
,,,,,4782.954999923706
,,,,,4782.960000038147
,,,,,4782.964999914169
,,,,,4782.97000002861
,,,,,4782.974999904633
,,,,,4782.9800000190735
,,,,,4782.984999895096
,,,,,4782.990000009537
,,,,,4782.994999885559
,,,,,4783.0
,,,,,4783.005000114441
,,,,,4783.009999990463
,,,,,4783.015000104904
,,,,,4783.0199999809265
,,,,,4783.025000095368
,,,,,4783.02999997139
,,,,,4783.035000085831
,,,,,4783.039999961853
,,,,,4783.045000076294
,,,,,4783.049999952316
,,,,,4783.055000066757
,,,,,4783.0599999427795
,,,,,4783.065000057221
,,,,,4783.069999933243
,,,,,4783.075000047684
,,,,,4783.079999923706
,,,,,4783.085000038147
,,,,,4783.089999914169
,,,,,4783.09500002861
,,,,,4783.099999904633
,,,,,4783.1050000190735
,,,,,4783.109999895096
,,,,,4783.115000009537
,,,,,4783.119999885559
,,,,,4783.125
,,,,,4783.130000114441
,,,,,4783.134999990463
,,,,,4783.140000104904
,,,,,4783.1449999809265
,,,,,4783.150000095368
,,,,,4783.15499997139
,,,,,4783.160000085831
,,,,,4783.164999961853
,,,,,4783.170000076294
,,,,,4783.174999952316
,,,,,4783.180000066757
,,,,,4783.1849999427795
,,,,,4783.190000057221
,,,,,4783.194999933243
,,,,,4783.200000047684
,,,,,4783.204999923706
,,,,,4783.210000038147
,,,,,4783.214999914169
,,,,,4783.22000002861
,,,,,4783.224999904633
,,,,,4783.2300000190735
,,,,,4783.234999895096
,,,,,4783.240000009537
,,,,,4783.244999885559
,,,,,4783.25
,,,,,4783.255000114441
,,,,,4783.259999990463
,,,,,4783.265000104904
,,,,,4783.2699999809265
,,,,,4783.275000095368
,,,,,4783.27999997139
,,,,,4783.285000085831
,,,,,4783.289999961853
,,,,,4783.295000076294
,,,,,4783.299999952316
,,,,,4783.305000066757
,,,,,4783.3099999427795
,,,,,4783.315000057221
,,,,,4783.319999933243
,,,,,4783.325000047684
,,,,,4783.329999923706
,,,,,4783.335000038147
,,,,,4783.339999914169
,,,,,4783.34500002861
,,,,,4783.349999904633
,,,,,4783.3550000190735
,,,,,4783.359999895096
,,,,,4783.365000009537
,,,,,4783.369999885559
,,,,,4783.375
,,,,,4783.380000114441
,,,,,4783.384999990463
,,,,,4783.390000104904
,,,,,4783.3949999809265
,,,,,4783.400000095368
,,,,,4783.40499997139
,,,,,4783.410000085831
,,,,,4783.414999961853
,,,,,4783.420000076294
,,,,,4783.424999952316
,,,,,4783.430000066757
,,,,,4783.4349999427795
,,,,,4783.440000057221
,,,,,4783.444999933243
,,,,,4783.450000047684
,,,,,4783.454999923706
,,,,,4783.460000038147
,,,,,4783.464999914169
,,,,,4783.47000002861
,,,,,4783.474999904633
,,,,,4783.4800000190735
,,,,,4783.484999895096
,,,,,4783.490000009537
,,,,,4783.494999885559
,,,,,4783.5
,,,,,4783.505000114441
,,,,,4783.509999990463
,,,,,4783.515000104904
,,,,,4783.5199999809265
,,,,,4783.525000095368
,,,,,4783.52999997139
,,,,,4783.535000085831
,,,,,4783.539999961853
,,,,,4783.545000076294
,,,,,4783.549999952316
,,,,,4783.555000066757
,,,,,4783.5599999427795
,,,,,4783.565000057221
,,,,,4783.569999933243
,,,,,4783.575000047684
,,,,,4783.579999923706
,,,,,4783.585000038147
,,,,,4783.589999914169
,,,,,4783.59500002861
,,,,,4783.599999904633
,,,,,4783.6050000190735
,,,,,4783.609999895096
,,,,,4783.615000009537
,,,,,4783.619999885559
,,,,,4783.625
,,,,,4783.630000114441
,,,,,4783.634999990463
,,,,,4783.640000104904
,,,,,4783.6449999809265
,,,,,4783.650000095368
,,,,,4783.65499997139
,,,,,4783.660000085831
,,,,,4783.664999961853
,,,,,4783.670000076294
,,,,,4783.674999952316
,,,,,4783.680000066757
,,,,,4783.6849999427795
,,,,,4783.690000057221
,,,,,4783.694999933243
,,,,,4783.700000047684
,,,,,4783.704999923706
,,,,,4783.710000038147
,,,,,4783.714999914169
,,,,,4783.72000002861
,,,,,4783.724999904633
,,,,,4783.7300000190735
,,,,,4783.734999895096
,,,,,4783.740000009537
,,,,,4783.744999885559
,,,,,4783.75
,,,,,4783.755000114441
,,,,,4783.759999990463
,,,,,4783.765000104904
,,,,,4783.7699999809265
,,,,,4783.775000095368
,,,,,4783.77999997139
,,,,,4783.785000085831
,,,,,4783.789999961853
,,,,,4783.795000076294
,,,,,4783.799999952316
,,,,,4783.805000066757
,,,,,4783.8099999427795
,,,,,4783.815000057221
,,,,,4783.819999933243
,,,,,4783.825000047684
,,,,,4783.829999923706
,,,,,4783.835000038147
,,,,,4783.839999914169
,,,,,4783.84500002861
,,,,,4783.849999904633
,,,,,4783.8550000190735
,,,,,4783.859999895096
,,,,,4783.865000009537
,,,,,4783.869999885559
,,,,,4783.875
,,,,,4783.880000114441
,,,,,4783.884999990463
,,,,,4783.890000104904
,,,,,4783.8949999809265
,,,,,4783.900000095368
,,,,,4783.90499997139
,,,,,4783.910000085831
,,,,,4783.914999961853
,,,,,4783.920000076294
,,,,,4783.924999952316
,,,,,4783.930000066757
,,,,,4783.9349999427795
,,,,,4783.940000057221
,,,,,4783.944999933243
,,,,,4783.950000047684
,,,,,4783.954999923706
,,,,,4783.960000038147
,,,,,4783.964999914169
,,,,,4783.97000002861
,,,,,4783.974999904633
,,,,,4783.9800000190735
,,,,,4783.984999895096
,,,,,4783.990000009537
,,,,,4783.994999885559
,,,,,4784.0
,,,,,4784.005000114441
,,,,,4784.009999990463
,,,,,4784.015000104904
,,,,,4784.0199999809265
,,,,,4784.025000095368
,,,,,4784.02999997139
,,,,,4784.035000085831
,,,,,4784.039999961853
,,,,,4784.045000076294
,,,,,4784.049999952316
,,,,,4784.055000066757
,,,,,4784.0599999427795
,,,,,4784.065000057221
,,,,,4784.069999933243
,,,,,4784.075000047684
,,,,,4784.079999923706
,,,,,4784.085000038147
,,,,,4784.089999914169
,,,,,4784.09500002861
,,,,,4784.099999904633
,,,,,4784.1050000190735
,,,,,4784.109999895096
,,,,,4784.115000009537
,,,,,4784.119999885559
,,,,,4784.125
,,,,,4784.130000114441
,,,,,4784.134999990463
,,,,,4784.140000104904
,,,,,4784.1449999809265
,,,,,4784.150000095368
,,,,,4784.15499997139
,,,,,4784.160000085831
,,,,,4784.164999961853
,,,,,4784.170000076294
,,,,,4784.174999952316
,,,,,4784.180000066757
,,,,,4784.1849999427795
,,,,,4784.190000057221
,,,,,4784.194999933243
,,,,,4784.200000047684
,,,,,4784.204999923706
,,,,,4784.210000038147
,,,,,4784.214999914169
,,,,,4784.22000002861
,,,,,4784.224999904633
,,,,,4784.2300000190735
,,,,,4784.234999895096
,,,,,4784.240000009537
,,,,,4784.244999885559
,,,,,4784.25
,,,,,4784.255000114441
,,,,,4784.259999990463
,,,,,4784.265000104904
,,,,,4784.2699999809265
,,,,,4784.275000095368
,,,,,4784.27999997139
,,,,,4784.285000085831
,,,,,4784.289999961853
,,,,,4784.295000076294
,,,,,4784.299999952316
,,,,,4784.305000066757
,,,,,4784.3099999427795
,,,,,4784.315000057221
,,,,,4784.319999933243
,,,,,4784.325000047684
,,,,,4784.329999923706
,,,,,4784.335000038147
,,,,,4784.339999914169
,,,,,4784.34500002861
,,,,,4784.349999904633
,,,,,4784.3550000190735
,,,,,4784.359999895096
,,,,,4784.365000009537
,,,,,4784.369999885559
,,,,,4784.375
,,,,,4784.380000114441
,,,,,4784.384999990463
,,,,,4784.390000104904
,,,,,4784.3949999809265
,,,,,4784.400000095368
,,,,,4784.40499997139
,,,,,4784.410000085831
,,,,,4784.414999961853
,,,,,4784.420000076294
,,,,,4784.424999952316
,,,,,4784.430000066757
,,,,,4784.4349999427795
,,,,,4784.440000057221
,,,,,4784.444999933243
,,,,,4784.450000047684
,,,,,4784.454999923706
,,,,,4784.460000038147
,,,,,4784.464999914169
,,,,,4784.47000002861
,,,,,4784.474999904633
,,,,,4784.4800000190735
,,,,,4784.484999895096
,,,,,4784.490000009537
,,,,,4784.494999885559
,,,,,4784.5
,,,,,4784.505000114441
,,,,,4784.509999990463
,,,,,4784.515000104904
,,,,,4784.5199999809265
,,,,,4784.525000095368
,,,,,4784.52999997139
,,,,,4784.535000085831
,,,,,4784.539999961853
,,,,,4784.545000076294
,,,,,4784.549999952316
,,,,,4784.555000066757
,,,,,4784.5599999427795
,,,,,4784.565000057221
,,,,,4784.569999933243
,,,,,4784.575000047684
,,,,,4784.579999923706
,,,,,4784.585000038147
,,,,,4784.589999914169
,,,,,4784.59500002861
,,,,,4784.599999904633
,,,,,4784.6050000190735
,,,,,4784.609999895096
,,,,,4784.615000009537
,,,,,4784.619999885559
,,,,,4784.625
,,,,,4784.630000114441
,,,,,4784.634999990463
,,,,,4784.640000104904
,,,,,4784.6449999809265
,,,,,4784.650000095368
,,,,,4784.65499997139
,,,,,4784.660000085831
,,,,,4784.664999961853
,,,,,4784.670000076294
,,,,,4784.674999952316
,,,,,4784.680000066757
,,,,,4784.6849999427795
,,,,,4784.690000057221
,,,,,4784.694999933243
,,,,,4784.700000047684
,,,,,4784.704999923706
,,,,,4784.710000038147
,,,,,4784.714999914169
,,,,,4784.72000002861
,,,,,4784.724999904633
,,,,,4784.7300000190735
,,,,,4784.734999895096
,,,,,4784.740000009537
,,,,,4784.744999885559
,,,,,4784.75
,,,,,4784.755000114441
,,,,,4784.759999990463
,,,,,4784.765000104904
,,,,,4784.7699999809265
,,,,,4784.775000095368
,,,,,4784.77999997139
,,,,,4784.785000085831
,,,,,4784.789999961853
,,,,,4784.795000076294
,,,,,4784.799999952316
,,,,,4784.805000066757
,,,,,4784.8099999427795
,,,,,4784.815000057221
,,,,,4784.819999933243
,,,,,4784.825000047684
,,,,,4784.829999923706
,,,,,4784.835000038147
,,,,,4784.839999914169
,,,,,4784.84500002861
,,,,,4784.849999904633
,,,,,4784.8550000190735
,,,,,4784.859999895096
,,,,,4784.865000009537
,,,,,4784.869999885559
,,,,,4784.875
,,,,,4784.880000114441
,,,,,4784.884999990463
,,,,,4784.890000104904
,,,,,4784.8949999809265
,,,,,4784.900000095368
,,,,,4784.90499997139
,,,,,4784.910000085831
,,,,,4784.914999961853
,,,,,4784.920000076294
,,,,,4784.924999952316
,,,,,4784.930000066757
,,,,,4784.9349999427795
,,,,,4784.940000057221
,,,,,4784.944999933243
,,,,,4784.950000047684
,,,,,4784.954999923706
,,,,,4784.960000038147
,,,,,4784.964999914169
,,,,,4784.97000002861
,,,,,4784.974999904633
,,,,,4784.9800000190735
,,,,,4784.984999895096
,,,,,4784.990000009537
,,,,,4784.994999885559
,,,,,4785.0
,,,,,4785.005000114441
,,,,,4785.009999990463
,,,,,4785.015000104904
,,,,,4785.0199999809265
,,,,,4785.025000095368
,,,,,4785.02999997139
,,,,,4785.035000085831
,,,,,4785.039999961853
,,,,,4785.045000076294
,,,,,4785.049999952316
,,,,,4785.055000066757
,,,,,4785.0599999427795
,,,,,4785.065000057221
,,,,,4785.069999933243
,,,,,4785.075000047684
,,,,,4785.079999923706
,,,,,4785.085000038147
,,,,,4785.089999914169
,,,,,4785.09500002861
,,,,,4785.099999904633
,,,,,4785.1050000190735
,,,,,4785.109999895096
,,,,,4785.115000009537
,,,,,4785.119999885559
,,,,,4785.125
,,,,,4785.130000114441
,,,,,4785.134999990463
,,,,,4785.140000104904
,,,,,4785.1449999809265
,,,,,4785.150000095368
,,,,,4785.15499997139
,,,,,4785.160000085831
,,,,,4785.164999961853
,,,,,4785.170000076294
,,,,,4785.174999952316
,,,,,4785.180000066757
,,,,,4785.1849999427795
,,,,,4785.190000057221
,,,,,4785.194999933243
,,,,,4785.200000047684
,,,,,4785.204999923706
,,,,,4785.210000038147
,,,,,4785.214999914169
,,,,,4785.22000002861
,,,,,4785.224999904633
,,,,,4785.2300000190735
,,,,,4785.234999895096
,,,,,4785.240000009537
,,,,,4785.244999885559
,,,,,4785.25
,,,,,4785.255000114441
,,,,,4785.259999990463
,,,,,4785.265000104904
,,,,,4785.2699999809265
,,,,,4785.275000095368
,,,,,4785.27999997139
,,,,,4785.285000085831
,,,,,4785.289999961853
,,,,,4785.295000076294
,,,,,4785.299999952316
,,,,,4785.305000066757
,,,,,4785.3099999427795
,,,,,4785.315000057221
,,,,,4785.319999933243
,,,,,4785.325000047684
,,,,,4785.329999923706
,,,,,4785.335000038147
,,,,,4785.339999914169
,,,,,4785.34500002861
,,,,,4785.349999904633
,,,,,4785.3550000190735
,,,,,4785.359999895096
,,,,,4785.365000009537
,,,,,4785.369999885559
,,,,,4785.375
,,,,,4785.380000114441
,,,,,4785.384999990463
,,,,,4785.390000104904
,,,,,4785.3949999809265
,,,,,4785.400000095368
,,,,,4785.40499997139
,,,,,4785.410000085831
,,,,,4785.414999961853
,,,,,4785.420000076294
,,,,,4785.424999952316
,,,,,4785.430000066757
,,,,,4785.4349999427795
,,,,,4785.440000057221
,,,,,4785.444999933243
,,,,,4785.450000047684
,,,,,4785.454999923706
,,,,,4785.460000038147
,,,,,4785.464999914169
,,,,,4785.47000002861
,,,,,4785.474999904633
,,,,,4785.4800000190735
,,,,,4785.484999895096
,,,,,4785.490000009537
,,,,,4785.494999885559
,,,,,4785.5
,,,,,4785.505000114441
,,,,,4785.509999990463
,,,,,4785.515000104904
,,,,,4785.5199999809265
,,,,,4785.525000095368
,,,,,4785.52999997139
,,,,,4785.535000085831
,,,,,4785.539999961853
,,,,,4785.545000076294
,,,,,4785.549999952316
,,,,,4785.555000066757
,,,,,4785.5599999427795
,,,,,4785.565000057221
,,,,,4785.569999933243
,,,,,4785.575000047684
,,,,,4785.579999923706
,,,,,4785.585000038147
,,,,,4785.589999914169
,,,,,4785.59500002861
,,,,,4785.599999904633
,,,,,4785.6050000190735
,,,,,4785.609999895096
,,,,,4785.615000009537
,,,,,4785.619999885559
,,,,,4785.625
,,,,,4785.630000114441
,,,,,4785.634999990463
,,,,,4785.640000104904
,,,,,4785.6449999809265
,,,,,4785.650000095368
,,,,,4785.65499997139
,,,,,4785.660000085831
,,,,,4785.664999961853
,,,,,4785.670000076294
,,,,,4785.674999952316
,,,,,4785.680000066757
,,,,,4785.6849999427795
,,,,,4785.690000057221
,,,,,4785.694999933243
,,,,,4785.700000047684
,,,,,4785.704999923706
,,,,,4785.710000038147
,,,,,4785.714999914169
,,,,,4785.72000002861
,,,,,4785.724999904633
,,,,,4785.7300000190735
,,,,,4785.734999895096
,,,,,4785.740000009537
,,,,,4785.744999885559
,,,,,4785.75
,,,,,4785.755000114441
,,,,,4785.759999990463
,,,,,4785.765000104904
,,,,,4785.7699999809265
,,,,,4785.775000095368
,,,,,4785.77999997139
,,,,,4785.785000085831
,,,,,4785.789999961853
,,,,,4785.795000076294
,,,,,4785.799999952316
,,,,,4785.805000066757
,,,,,4785.8099999427795
,,,,,4785.815000057221
,,,,,4785.819999933243
,,,,,4785.825000047684
,,,,,4785.829999923706
,,,,,4785.835000038147
,,,,,4785.839999914169
,,,,,4785.84500002861
,,,,,4785.849999904633
,,,,,4785.8550000190735
,,,,,4785.859999895096
,,,,,4785.865000009537
,,,,,4785.869999885559
,,,,,4785.875
,,,,,4785.880000114441
,,,,,4785.884999990463
,,,,,4785.890000104904
,,,,,4785.8949999809265
,,,,,4785.900000095368
,,,,,4785.90499997139
,,,,,4785.910000085831
,,,,,4785.914999961853
,,,,,4785.920000076294
,,,,,4785.924999952316
,,,,,4785.930000066757
,,,,,4785.9349999427795
,,,,,4785.940000057221
,,,,,4785.944999933243
,,,,,4785.950000047684
,,,,,4785.954999923706
,,,,,4785.960000038147
,,,,,4785.964999914169
,,,,,4785.97000002861
,,,,,4785.974999904633
,,,,,4785.9800000190735
,,,,,4785.984999895096
,,,,,4785.990000009537
,,,,,4785.994999885559
,,,,,4786.0
,,,,,4786.005000114441
,,,,,4786.009999990463
,,,,,4786.015000104904
,,,,,4786.0199999809265
,,,,,4786.025000095368
,,,,,4786.02999997139
,,,,,4786.035000085831
,,,,,4786.039999961853
,,,,,4786.045000076294
,,,,,4786.049999952316
,,,,,4786.055000066757
,,,,,4786.0599999427795
,,,,,4786.065000057221
,,,,,4786.069999933243
,,,,,4786.075000047684
,,,,,4786.079999923706
,,,,,4786.085000038147
,,,,,4786.089999914169
,,,,,4786.09500002861
,,,,,4786.099999904633
,,,,,4786.1050000190735
,,,,,4786.109999895096
,,,,,4786.115000009537
,,,,,4786.119999885559
,,,,,4786.125
,,,,,4786.130000114441
,,,,,4786.134999990463
,,,,,4786.140000104904
,,,,,4786.1449999809265
,,,,,4786.150000095368
,,,,,4786.15499997139
,,,,,4786.160000085831
,,,,,4786.164999961853
,,,,,4786.170000076294
,,,,,4786.174999952316
,,,,,4786.180000066757
,,,,,4786.1849999427795
,,,,,4786.190000057221
,,,,,4786.194999933243
,,,,,4786.200000047684
,,,,,4786.204999923706
,,,,,4786.210000038147
,,,,,4786.214999914169
,,,,,4786.22000002861
,,,,,4786.224999904633
,,,,,4786.2300000190735
,,,,,4786.234999895096
,,,,,4786.240000009537
,,,,,4786.244999885559
,,,,,4786.25
,,,,,4786.255000114441
,,,,,4786.259999990463
,,,,,4786.265000104904
,,,,,4786.2699999809265
,,,,,4786.275000095368
,,,,,4786.27999997139
,,,,,4786.285000085831
,,,,,4786.289999961853
,,,,,4786.295000076294
,,,,,4786.299999952316
,,,,,4786.305000066757
,,,,,4786.3099999427795
,,,,,4786.315000057221
,,,,,4786.319999933243
,,,,,4786.325000047684
,,,,,4786.329999923706
,,,,,4786.335000038147
,,,,,4786.339999914169
,,,,,4786.34500002861
,,,,,4786.349999904633
,,,,,4786.3550000190735
,,,,,4786.359999895096
,,,,,4786.365000009537
,,,,,4786.369999885559
,,,,,4786.375
,,,,,4786.380000114441
,,,,,4786.384999990463
,,,,,4786.390000104904
,,,,,4786.3949999809265
,,,,,4786.400000095368
,,,,,4786.40499997139
,,,,,4786.410000085831
,,,,,4786.414999961853
,,,,,4786.420000076294
,,,,,4786.424999952316
,,,,,4786.430000066757
,,,,,4786.4349999427795
,,,,,4786.440000057221
,,,,,4786.444999933243
,,,,,4786.450000047684
,,,,,4786.454999923706
,,,,,4786.460000038147
,,,,,4786.464999914169
,,,,,4786.47000002861
,,,,,4786.474999904633
,,,,,4786.4800000190735
,,,,,4786.484999895096
,,,,,4786.490000009537
,,,,,4786.494999885559
,,,,,4786.5
,,,,,4786.505000114441
,,,,,4786.509999990463
,,,,,4786.515000104904
,,,,,4786.5199999809265
,,,,,4786.525000095368
,,,,,4786.52999997139
,,,,,4786.535000085831
,,,,,4786.539999961853
,,,,,4786.545000076294
,,,,,4786.549999952316
,,,,,4786.555000066757
,,,,,4786.5599999427795
,,,,,4786.565000057221
,,,,,4786.569999933243
,,,,,4786.575000047684
,,,,,4786.579999923706
,,,,,4786.585000038147
,,,,,4786.589999914169
,,,,,4786.59500002861
,,,,,4786.599999904633
,,,,,4786.6050000190735
,,,,,4786.609999895096
,,,,,4786.615000009537
,,,,,4786.619999885559
,,,,,4786.625
,,,,,4786.630000114441
,,,,,4786.634999990463
,,,,,4786.640000104904
,,,,,4786.6449999809265
,,,,,4786.650000095368
,,,,,4786.65499997139
,,,,,4786.660000085831
,,,,,4786.664999961853
,,,,,4786.670000076294
,,,,,4786.674999952316
,,,,,4786.680000066757
,,,,,4786.6849999427795
,,,,,4786.690000057221
,,,,,4786.694999933243
,,,,,4786.700000047684
,,,,,4786.704999923706
,,,,,4786.710000038147
,,,,,4786.714999914169
,,,,,4786.72000002861
,,,,,4786.724999904633
,,,,,4786.7300000190735
,,,,,4786.734999895096
,,,,,4786.740000009537
,,,,,4786.744999885559
,,,,,4786.75
,,,,,4786.755000114441
,,,,,4786.759999990463
,,,,,4786.765000104904
,,,,,4786.7699999809265
,,,,,4786.775000095368
,,,,,4786.77999997139
,,,,,4786.785000085831
,,,,,4786.789999961853
,,,,,4786.795000076294
,,,,,4786.799999952316
,,,,,4786.805000066757
,,,,,4786.8099999427795
,,,,,4786.815000057221
,,,,,4786.819999933243
,,,,,4786.825000047684
,,,,,4786.829999923706
,,,,,4786.835000038147
,,,,,4786.839999914169
,,,,,4786.84500002861
,,,,,4786.849999904633
,,,,,4786.8550000190735
,,,,,4786.859999895096
,,,,,4786.865000009537
,,,,,4786.869999885559
,,,,,4786.875
,,,,,4786.880000114441
,,,,,4786.884999990463
,,,,,4786.890000104904
,,,,,4786.8949999809265
,,,,,4786.900000095368
,,,,,4786.90499997139
,,,,,4786.910000085831
,,,,,4786.914999961853
,,,,,4786.920000076294
,,,,,4786.924999952316
,,,,,4786.930000066757
,,,,,4786.9349999427795
,,,,,4786.940000057221
,,,,,4786.944999933243
,,,,,4786.950000047684
,,,,,4786.954999923706
,,,,,4786.960000038147
,,,,,4786.964999914169
,,,,,4786.97000002861
,,,,,4786.974999904633
,,,,,4786.9800000190735
,,,,,4786.984999895096
,,,,,4786.990000009537
,,,,,4786.994999885559
,,,,,4787.0
,,,,,4787.005000114441
,,,,,4787.009999990463
,,,,,4787.015000104904
,,,,,4787.0199999809265
,,,,,4787.025000095368
,,,,,4787.02999997139
,,,,,4787.035000085831
,,,,,4787.039999961853
,,,,,4787.045000076294
,,,,,4787.049999952316
,,,,,4787.055000066757
,,,,,4787.0599999427795
,,,,,4787.065000057221
,,,,,4787.069999933243
,,,,,4787.075000047684
,,,,,4787.079999923706
,,,,,4787.085000038147
,,,,,4787.089999914169
,,,,,4787.09500002861
,,,,,4787.099999904633
,,,,,4787.1050000190735
,,,,,4787.109999895096
,,,,,4787.115000009537
,,,,,4787.119999885559
,,,,,4787.125
,,,,,4787.130000114441
,,,,,4787.134999990463
,,,,,4787.140000104904
,,,,,4787.1449999809265
,,,,,4787.150000095368
,,,,,4787.15499997139
,,,,,4787.160000085831
,,,,,4787.164999961853
,,,,,4787.170000076294
,,,,,4787.174999952316
,,,,,4787.180000066757
,,,,,4787.1849999427795
,,,,,4787.190000057221
,,,,,4787.194999933243
,,,,,4787.200000047684
,,,,,4787.204999923706
,,,,,4787.210000038147
,,,,,4787.214999914169
,,,,,4787.22000002861
,,,,,4787.224999904633
,,,,,4787.2300000190735
,,,,,4787.234999895096
,,,,,4787.240000009537
,,,,,4787.244999885559
,,,,,4787.25
,,,,,4787.255000114441
,,,,,4787.259999990463
,,,,,4787.265000104904
,,,,,4787.2699999809265
,,,,,4787.275000095368
,,,,,4787.27999997139
,,,,,4787.285000085831
,,,,,4787.289999961853
,,,,,4787.295000076294
,,,,,4787.299999952316
,,,,,4787.305000066757
,,,,,4787.3099999427795
,,,,,4787.315000057221
,,,,,4787.319999933243
,,,,,4787.325000047684
,,,,,4787.329999923706
,,,,,4787.335000038147
,,,,,4787.339999914169
,,,,,4787.34500002861
,,,,,4787.349999904633
,,,,,4787.3550000190735
,,,,,4787.359999895096
,,,,,4787.365000009537
,,,,,4787.369999885559
,,,,,4787.375
,,,,,4787.380000114441
,,,,,4787.384999990463
,,,,,4787.390000104904
,,,,,4787.3949999809265
,,,,,4787.400000095368
,,,,,4787.40499997139
,,,,,4787.410000085831
,,,,,4787.414999961853
,,,,,4787.420000076294
,,,,,4787.424999952316
,,,,,4787.430000066757
,,,,,4787.4349999427795
,,,,,4787.440000057221
,,,,,4787.444999933243
,,,,,4787.450000047684
,,,,,4787.454999923706
,,,,,4787.460000038147
,,,,,4787.464999914169
,,,,,4787.47000002861
,,,,,4787.474999904633
,,,,,4787.4800000190735
,,,,,4787.484999895096
,,,,,4787.490000009537
,,,,,4787.494999885559
,,,,,4787.5
,,,,,4787.505000114441
,,,,,4787.509999990463
,,,,,4787.515000104904
,,,,,4787.5199999809265
,,,,,4787.525000095368
,,,,,4787.52999997139
,,,,,4787.535000085831
,,,,,4787.539999961853
,,,,,4787.545000076294
,,,,,4787.549999952316
,,,,,4787.555000066757
,,,,,4787.5599999427795
,,,,,4787.565000057221
,,,,,4787.569999933243
,,,,,4787.575000047684
,,,,,4787.579999923706
,,,,,4787.585000038147
,,,,,4787.589999914169
,,,,,4787.59500002861
,,,,,4787.599999904633
,,,,,4787.6050000190735
,,,,,4787.609999895096
,,,,,4787.615000009537
,,,,,4787.619999885559
,,,,,4787.625
,,,,,4787.630000114441
,,,,,4787.634999990463
,,,,,4787.640000104904
,,,,,4787.6449999809265
,,,,,4787.650000095368
,,,,,4787.65499997139
,,,,,4787.660000085831
,,,,,4787.664999961853
,,,,,4787.670000076294
,,,,,4787.674999952316
,,,,,4787.680000066757
,,,,,4787.6849999427795
,,,,,4787.690000057221
,,,,,4787.694999933243
,,,,,4787.700000047684
,,,,,4787.704999923706
,,,,,4787.710000038147
,,,,,4787.714999914169
,,,,,4787.72000002861
,,,,,4787.724999904633
,,,,,4787.7300000190735
,,,,,4787.734999895096
,,,,,4787.740000009537
,,,,,4787.744999885559
,,,,,4787.75
,,,,,4787.755000114441
,,,,,4787.759999990463
,,,,,4787.765000104904
,,,,,4787.7699999809265
,,,,,4787.775000095368
,,,,,4787.77999997139
,,,,,4787.785000085831
,,,,,4787.789999961853
,,,,,4787.795000076294
,,,,,4787.799999952316
,,,,,4787.805000066757
,,,,,4787.8099999427795
,,,,,4787.815000057221
,,,,,4787.819999933243
,,,,,4787.825000047684
,,,,,4787.829999923706
,,,,,4787.835000038147
,,,,,4787.839999914169
,,,,,4787.84500002861
,,,,,4787.849999904633
,,,,,4787.8550000190735
,,,,,4787.859999895096
,,,,,4787.865000009537
,,,,,4787.869999885559
,,,,,4787.875
,,,,,4787.880000114441
,,,,,4787.884999990463
,,,,,4787.890000104904
,,,,,4787.8949999809265
,,,,,4787.900000095368
,,,,,4787.90499997139
,,,,,4787.910000085831
,,,,,4787.914999961853
,,,,,4787.920000076294
,,,,,4787.924999952316
,,,,,4787.930000066757
,,,,,4787.9349999427795
,,,,,4787.940000057221
,,,,,4787.944999933243
,,,,,4787.950000047684
,,,,,4787.954999923706
,,,,,4787.960000038147
,,,,,4787.964999914169
,,,,,4787.97000002861
,,,,,4787.974999904633
,,,,,4787.9800000190735
,,,,,4787.984999895096
,,,,,4787.990000009537
,,,,,4787.994999885559
,,,,,4788.0
,,,,,4788.005000114441
,,,,,4788.009999990463
,,,,,4788.015000104904
,,,,,4788.0199999809265
,,,,,4788.025000095368
,,,,,4788.02999997139
,,,,,4788.035000085831
,,,,,4788.039999961853
,,,,,4788.045000076294
,,,,,4788.049999952316
,,,,,4788.055000066757
,,,,,4788.0599999427795
,,,,,4788.065000057221
,,,,,4788.069999933243
,,,,,4788.075000047684
,,,,,4788.079999923706
,,,,,4788.085000038147
,,,,,4788.089999914169
,,,,,4788.09500002861
,,,,,4788.099999904633
,,,,,4788.1050000190735
,,,,,4788.109999895096
,,,,,4788.115000009537
,,,,,4788.119999885559
,,,,,4788.125
,,,,,4788.130000114441
,,,,,4788.134999990463
,,,,,4788.140000104904
,,,,,4788.1449999809265
,,,,,4788.150000095368
,,,,,4788.15499997139
,,,,,4788.160000085831
,,,,,4788.164999961853
,,,,,4788.170000076294
,,,,,4788.174999952316
,,,,,4788.180000066757
,,,,,4788.1849999427795
,,,,,4788.190000057221
,,,,,4788.194999933243
,,,,,4788.200000047684
,,,,,4788.204999923706
,,,,,4788.210000038147
,,,,,4788.214999914169
,,,,,4788.22000002861
,,,,,4788.224999904633
,,,,,4788.2300000190735
,,,,,4788.234999895096
,,,,,4788.240000009537
,,,,,4788.244999885559
,,,,,4788.25
,,,,,4788.255000114441
,,,,,4788.259999990463
,,,,,4788.265000104904
,,,,,4788.2699999809265
,,,,,4788.275000095368
,,,,,4788.27999997139
,,,,,4788.285000085831
,,,,,4788.289999961853
,,,,,4788.295000076294
,,,,,4788.299999952316
,,,,,4788.305000066757
,,,,,4788.3099999427795
,,,,,4788.315000057221
,,,,,4788.319999933243
,,,,,4788.325000047684
,,,,,4788.329999923706
,,,,,4788.335000038147
,,,,,4788.339999914169
,,,,,4788.34500002861
,,,,,4788.349999904633
,,,,,4788.3550000190735
,,,,,4788.359999895096
,,,,,4788.365000009537
,,,,,4788.369999885559
,,,,,4788.375
,,,,,4788.380000114441
,,,,,4788.384999990463
,,,,,4788.390000104904
,,,,,4788.3949999809265
,,,,,4788.400000095368
,,,,,4788.40499997139
,,,,,4788.410000085831
,,,,,4788.414999961853
,,,,,4788.420000076294
,,,,,4788.424999952316
,,,,,4788.430000066757
,,,,,4788.4349999427795
,,,,,4788.440000057221
,,,,,4788.444999933243
,,,,,4788.450000047684
,,,,,4788.454999923706
,,,,,4788.460000038147
,,,,,4788.464999914169
,,,,,4788.47000002861
,,,,,4788.474999904633
,,,,,4788.4800000190735
,,,,,4788.484999895096
,,,,,4788.490000009537
,,,,,4788.494999885559
,,,,,4788.5
,,,,,4788.505000114441
,,,,,4788.509999990463
,,,,,4788.515000104904
,,,,,4788.5199999809265
,,,,,4788.525000095368
,,,,,4788.52999997139
,,,,,4788.535000085831
,,,,,4788.539999961853
,,,,,4788.545000076294
,,,,,4788.549999952316
,,,,,4788.555000066757
,,,,,4788.5599999427795
,,,,,4788.565000057221
,,,,,4788.569999933243
,,,,,4788.575000047684
,,,,,4788.579999923706
,,,,,4788.585000038147
,,,,,4788.589999914169
,,,,,4788.59500002861
,,,,,4788.599999904633
,,,,,4788.6050000190735
,,,,,4788.609999895096
,,,,,4788.615000009537
,,,,,4788.619999885559
,,,,,4788.625
,,,,,4788.630000114441
,,,,,4788.634999990463
,,,,,4788.640000104904
,,,,,4788.6449999809265
,,,,,4788.650000095368
,,,,,4788.65499997139
,,,,,4788.660000085831
,,,,,4788.664999961853
,,,,,4788.670000076294
,,,,,4788.674999952316
,,,,,4788.680000066757
,,,,,4788.6849999427795
,,,,,4788.690000057221
,,,,,4788.694999933243
,,,,,4788.700000047684
,,,,,4788.704999923706
,,,,,4788.710000038147
,,,,,4788.714999914169
,,,,,4788.72000002861
,,,,,4788.724999904633
,,,,,4788.7300000190735
,,,,,4788.734999895096
,,,,,4788.740000009537
,,,,,4788.744999885559
,,,,,4788.75
,,,,,4788.755000114441
,,,,,4788.759999990463
,,,,,4788.765000104904
,,,,,4788.7699999809265
,,,,,4788.775000095368
,,,,,4788.77999997139
,,,,,4788.785000085831
,,,,,4788.789999961853
,,,,,4788.795000076294
,,,,,4788.799999952316
,,,,,4788.805000066757
,,,,,4788.8099999427795
,,,,,4788.815000057221
,,,,,4788.819999933243
,,,,,4788.825000047684
,,,,,4788.829999923706
,,,,,4788.835000038147
,,,,,4788.839999914169
,,,,,4788.84500002861
,,,,,4788.849999904633
,,,,,4788.8550000190735
,,,,,4788.859999895096
,,,,,4788.865000009537
,,,,,4788.869999885559
,,,,,4788.875
,,,,,4788.880000114441
,,,,,4788.884999990463
,,,,,4788.890000104904
,,,,,4788.8949999809265
,,,,,4788.900000095368
,,,,,4788.90499997139
,,,,,4788.910000085831
,,,,,4788.914999961853
,,,,,4788.920000076294
,,,,,4788.924999952316
,,,,,4788.930000066757
,,,,,4788.9349999427795
,,,,,4788.940000057221
,,,,,4788.944999933243
,,,,,4788.950000047684
,,,,,4788.954999923706
,,,,,4788.960000038147
,,,,,4788.964999914169
,,,,,4788.97000002861
,,,,,4788.974999904633
,,,,,4788.9800000190735
,,,,,4788.984999895096
,,,,,4788.990000009537
,,,,,4788.994999885559
,,,,,4789.0
,,,,,4789.005000114441
,,,,,4789.009999990463
,,,,,4789.015000104904
,,,,,4789.0199999809265
,,,,,4789.025000095368
,,,,,4789.02999997139
,,,,,4789.035000085831
,,,,,4789.039999961853
,,,,,4789.045000076294
,,,,,4789.049999952316
,,,,,4789.055000066757
,,,,,4789.0599999427795
,,,,,4789.065000057221
,,,,,4789.069999933243
,,,,,4789.075000047684
,,,,,4789.079999923706
,,,,,4789.085000038147
,,,,,4789.089999914169
,,,,,4789.09500002861
,,,,,4789.099999904633
,,,,,4789.1050000190735
,,,,,4789.109999895096
,,,,,4789.115000009537
,,,,,4789.119999885559
,,,,,4789.125
,,,,,4789.130000114441
,,,,,4789.134999990463
,,,,,4789.140000104904
,,,,,4789.1449999809265
,,,,,4789.150000095368
,,,,,4789.15499997139
,,,,,4789.160000085831
,,,,,4789.164999961853
,,,,,4789.170000076294
,,,,,4789.174999952316
,,,,,4789.180000066757
,,,,,4789.1849999427795
,,,,,4789.190000057221
,,,,,4789.194999933243
,,,,,4789.200000047684
,,,,,4789.204999923706
,,,,,4789.210000038147
,,,,,4789.214999914169
,,,,,4789.22000002861
,,,,,4789.224999904633
,,,,,4789.2300000190735
,,,,,4789.234999895096
,,,,,4789.240000009537
,,,,,4789.244999885559
,,,,,4789.25
,,,,,4789.255000114441
,,,,,4789.259999990463
,,,,,4789.265000104904
,,,,,4789.2699999809265
,,,,,4789.275000095368
,,,,,4789.27999997139
,,,,,4789.285000085831
,,,,,4789.289999961853
,,,,,4789.295000076294
,,,,,4789.299999952316
,,,,,4789.305000066757
,,,,,4789.3099999427795
,,,,,4789.315000057221
,,,,,4789.319999933243
,,,,,4789.325000047684
,,,,,4789.329999923706
,,,,,4789.335000038147
,,,,,4789.339999914169
,,,,,4789.34500002861
,,,,,4789.349999904633
,,,,,4789.3550000190735
,,,,,4789.359999895096
,,,,,4789.365000009537
,,,,,4789.369999885559
,,,,,4789.375
,,,,,4789.380000114441
,,,,,4789.384999990463
,,,,,4789.390000104904
,,,,,4789.3949999809265
,,,,,4789.400000095368
,,,,,4789.40499997139
,,,,,4789.410000085831
,,,,,4789.414999961853
,,,,,4789.420000076294
,,,,,4789.424999952316
,,,,,4789.430000066757
,,,,,4789.4349999427795
,,,,,4789.440000057221
,,,,,4789.444999933243
,,,,,4789.450000047684
,,,,,4789.454999923706
,,,,,4789.460000038147
,,,,,4789.464999914169
,,,,,4789.47000002861
,,,,,4789.474999904633
,,,,,4789.4800000190735
,,,,,4789.484999895096
,,,,,4789.490000009537
,,,,,4789.494999885559
,,,,,4789.5
,,,,,4789.505000114441
,,,,,4789.509999990463
,,,,,4789.515000104904
,,,,,4789.5199999809265
,,,,,4789.525000095368
,,,,,4789.52999997139
,,,,,4789.535000085831
,,,,,4789.539999961853
,,,,,4789.545000076294
,,,,,4789.549999952316
,,,,,4789.555000066757
,,,,,4789.5599999427795
,,,,,4789.565000057221
,,,,,4789.569999933243
,,,,,4789.575000047684
,,,,,4789.579999923706
,,,,,4789.585000038147
,,,,,4789.589999914169
,,,,,4789.59500002861
,,,,,4789.599999904633
,,,,,4789.6050000190735
,,,,,4789.609999895096
,,,,,4789.615000009537
,,,,,4789.619999885559
,,,,,4789.625
,,,,,4789.630000114441
,,,,,4789.634999990463
,,,,,4789.640000104904
,,,,,4789.6449999809265
,,,,,4789.650000095368
,,,,,4789.65499997139
,,,,,4789.660000085831
,,,,,4789.664999961853
,,,,,4789.670000076294
,,,,,4789.674999952316
,,,,,4789.680000066757
,,,,,4789.6849999427795
,,,,,4789.690000057221
,,,,,4789.694999933243
,,,,,4789.700000047684
,,,,,4789.704999923706
,,,,,4789.710000038147
,,,,,4789.714999914169
,,,,,4789.72000002861
,,,,,4789.724999904633
,,,,,4789.7300000190735
,,,,,4789.734999895096
,,,,,4789.740000009537
,,,,,4789.744999885559
,,,,,4789.75
,,,,,4789.755000114441
,,,,,4789.759999990463
,,,,,4789.765000104904
,,,,,4789.7699999809265
,,,,,4789.775000095368
,,,,,4789.77999997139
,,,,,4789.785000085831
,,,,,4789.789999961853
,,,,,4789.795000076294
,,,,,4789.799999952316
,,,,,4789.805000066757
,,,,,4789.8099999427795
,,,,,4789.815000057221
,,,,,4789.819999933243
,,,,,4789.825000047684
,,,,,4789.829999923706
,,,,,4789.835000038147
,,,,,4789.839999914169
,,,,,4789.84500002861
,,,,,4789.849999904633
,,,,,4789.8550000190735
,,,,,4789.859999895096
,,,,,4789.865000009537
,,,,,4789.869999885559
,,,,,4789.875
,,,,,4789.880000114441
,,,,,4789.884999990463
,,,,,4789.890000104904
,,,,,4789.8949999809265
,,,,,4789.900000095368
,,,,,4789.90499997139
,,,,,4789.910000085831
,,,,,4789.914999961853
,,,,,4789.920000076294
,,,,,4789.924999952316
,,,,,4789.930000066757
,,,,,4789.9349999427795
,,,,,4789.940000057221
,,,,,4789.944999933243
,,,,,4789.950000047684
,,,,,4789.954999923706
,,,,,4789.960000038147
,,,,,4789.964999914169
,,,,,4789.97000002861
,,,,,4789.974999904633
,,,,,4789.9800000190735
,,,,,4789.984999895096
,,,,,4789.990000009537
,,,,,4789.994999885559
,,,,,4790.0
,,,,,4790.005000114441
,,,,,4790.009999990463
,,,,,4790.015000104904
,,,,,4790.0199999809265
,,,,,4790.025000095368
,,,,,4790.02999997139
,,,,,4790.035000085831
,,,,,4790.039999961853
,,,,,4790.045000076294
,,,,,4790.049999952316
,,,,,4790.055000066757
,,,,,4790.0599999427795
,,,,,4790.065000057221
,,,,,4790.069999933243
,,,,,4790.075000047684
,,,,,4790.079999923706
,,,,,4790.085000038147
,,,,,4790.089999914169
,,,,,4790.09500002861
,,,,,4790.099999904633
,,,,,4790.1050000190735
,,,,,4790.109999895096
,,,,,4790.115000009537
,,,,,4790.119999885559
,,,,,4790.125
,,,,,4790.130000114441
,,,,,4790.134999990463
,,,,,4790.140000104904
,,,,,4790.1449999809265
,,,,,4790.150000095368
,,,,,4790.15499997139
,,,,,4790.160000085831
,,,,,4790.164999961853
,,,,,4790.170000076294
,,,,,4790.174999952316
,,,,,4790.180000066757
,,,,,4790.1849999427795
,,,,,4790.190000057221
,,,,,4790.194999933243
,,,,,4790.200000047684
,,,,,4790.204999923706
,,,,,4790.210000038147
,,,,,4790.214999914169
,,,,,4790.22000002861
,,,,,4790.224999904633
,,,,,4790.2300000190735
,,,,,4790.234999895096
,,,,,4790.240000009537
,,,,,4790.244999885559
,,,,,4790.25
,,,,,4790.255000114441
,,,,,4790.259999990463
,,,,,4790.265000104904
,,,,,4790.2699999809265
,,,,,4790.275000095368
,,,,,4790.27999997139
,,,,,4790.285000085831
,,,,,4790.289999961853
,,,,,4790.295000076294
,,,,,4790.299999952316
,,,,,4790.305000066757
,,,,,4790.3099999427795
,,,,,4790.315000057221
,,,,,4790.319999933243
,,,,,4790.325000047684
,,,,,4790.329999923706
,,,,,4790.335000038147
,,,,,4790.339999914169
,,,,,4790.34500002861
,,,,,4790.349999904633
,,,,,4790.3550000190735
,,,,,4790.359999895096
,,,,,4790.365000009537
,,,,,4790.369999885559
,,,,,4790.375
,,,,,4790.380000114441
,,,,,4790.384999990463
,,,,,4790.390000104904
,,,,,4790.3949999809265
,,,,,4790.400000095368
,,,,,4790.40499997139
,,,,,4790.410000085831
,,,,,4790.414999961853
,,,,,4790.420000076294
,,,,,4790.424999952316
,,,,,4790.430000066757
,,,,,4790.4349999427795
,,,,,4790.440000057221
,,,,,4790.444999933243
,,,,,4790.450000047684
,,,,,4790.454999923706
,,,,,4790.460000038147
,,,,,4790.464999914169
,,,,,4790.47000002861
,,,,,4790.474999904633
,,,,,4790.4800000190735
,,,,,4790.484999895096
,,,,,4790.490000009537
,,,,,4790.494999885559
,,,,,4790.5
,,,,,4790.505000114441
,,,,,4790.509999990463
,,,,,4790.515000104904
,,,,,4790.5199999809265
,,,,,4790.525000095368
,,,,,4790.52999997139
,,,,,4790.535000085831
,,,,,4790.539999961853
,,,,,4790.545000076294
,,,,,4790.549999952316
,,,,,4790.555000066757
,,,,,4790.5599999427795
,,,,,4790.565000057221
,,,,,4790.569999933243
,,,,,4790.575000047684
,,,,,4790.579999923706
,,,,,4790.585000038147
,,,,,4790.589999914169
,,,,,4790.59500002861
,,,,,4790.599999904633
,,,,,4790.6050000190735
,,,,,4790.609999895096
,,,,,4790.615000009537
,,,,,4790.619999885559
,,,,,4790.625
,,,,,4790.630000114441
,,,,,4790.634999990463
,,,,,4790.640000104904
,,,,,4790.6449999809265
,,,,,4790.650000095368
,,,,,4790.65499997139
,,,,,4790.660000085831
,,,,,4790.664999961853
,,,,,4790.670000076294
,,,,,4790.674999952316
,,,,,4790.680000066757
,,,,,4790.6849999427795
,,,,,4790.690000057221
,,,,,4790.694999933243
,,,,,4790.700000047684
,,,,,4790.704999923706
,,,,,4790.710000038147
,,,,,4790.714999914169
,,,,,4790.72000002861
,,,,,4790.724999904633
,,,,,4790.7300000190735
,,,,,4790.734999895096
,,,,,4790.740000009537
,,,,,4790.744999885559
,,,,,4790.75
,,,,,4790.755000114441
,,,,,4790.759999990463
,,,,,4790.765000104904
,,,,,4790.7699999809265
,,,,,4790.775000095368
,,,,,4790.77999997139
,,,,,4790.785000085831
,,,,,4790.789999961853
,,,,,4790.795000076294
,,,,,4790.799999952316
,,,,,4790.805000066757
,,,,,4790.8099999427795
,,,,,4790.815000057221
,,,,,4790.819999933243
,,,,,4790.825000047684
,,,,,4790.829999923706
,,,,,4790.835000038147
,,,,,4790.839999914169
,,,,,4790.84500002861
,,,,,4790.849999904633
,,,,,4790.8550000190735
,,,,,4790.859999895096
,,,,,4790.865000009537
,,,,,4790.869999885559
,,,,,4790.875
,,,,,4790.880000114441
,,,,,4790.884999990463
,,,,,4790.890000104904
,,,,,4790.8949999809265
,,,,,4790.900000095368
,,,,,4790.90499997139
,,,,,4790.910000085831
,,,,,4790.914999961853
,,,,,4790.920000076294
,,,,,4790.924999952316
,,,,,4790.930000066757
,,,,,4790.9349999427795
,,,,,4790.940000057221
,,,,,4790.944999933243
,,,,,4790.950000047684
,,,,,4790.954999923706
,,,,,4790.960000038147
,,,,,4790.964999914169
,,,,,4790.97000002861
,,,,,4790.974999904633
,,,,,4790.9800000190735
,,,,,4790.984999895096
,,,,,4790.990000009537
,,,,,4790.994999885559
,,,,,4791.0
,,,,,4791.005000114441
,,,,,4791.009999990463
,,,,,4791.015000104904
,,,,,4791.0199999809265
,,,,,4791.025000095368
,,,,,4791.02999997139
,,,,,4791.035000085831
,,,,,4791.039999961853
,,,,,4791.045000076294
,,,,,4791.049999952316
,,,,,4791.055000066757
,,,,,4791.0599999427795
,,,,,4791.065000057221
,,,,,4791.069999933243
,,,,,4791.075000047684
,,,,,4791.079999923706
,,,,,4791.085000038147
,,,,,4791.089999914169
,,,,,4791.09500002861
,,,,,4791.099999904633
,,,,,4791.1050000190735
,,,,,4791.109999895096
,,,,,4791.115000009537
,,,,,4791.119999885559
,,,,,4791.125
,,,,,4791.130000114441
,,,,,4791.134999990463
,,,,,4791.140000104904
,,,,,4791.1449999809265
,,,,,4791.150000095368
,,,,,4791.15499997139
,,,,,4791.160000085831
,,,,,4791.164999961853
,,,,,4791.170000076294
,,,,,4791.174999952316
,,,,,4791.180000066757
,,,,,4791.1849999427795
,,,,,4791.190000057221
,,,,,4791.194999933243
,,,,,4791.200000047684
,,,,,4791.204999923706
,,,,,4791.210000038147
,,,,,4791.214999914169
,,,,,4791.22000002861
,,,,,4791.224999904633
,,,,,4791.2300000190735
,,,,,4791.234999895096
,,,,,4791.240000009537
,,,,,4791.244999885559
,,,,,4791.25
,,,,,4791.255000114441
,,,,,4791.259999990463
,,,,,4791.265000104904
,,,,,4791.2699999809265
,,,,,4791.275000095368
,,,,,4791.27999997139
,,,,,4791.285000085831
,,,,,4791.289999961853
,,,,,4791.295000076294
,,,,,4791.299999952316
,,,,,4791.305000066757
,,,,,4791.3099999427795
,,,,,4791.315000057221
,,,,,4791.319999933243
,,,,,4791.325000047684
,,,,,4791.329999923706
,,,,,4791.335000038147
,,,,,4791.339999914169
,,,,,4791.34500002861
,,,,,4791.349999904633
,,,,,4791.3550000190735
,,,,,4791.359999895096
,,,,,4791.365000009537
,,,,,4791.369999885559
,,,,,4791.375
,,,,,4791.380000114441
,,,,,4791.384999990463
,,,,,4791.390000104904
,,,,,4791.3949999809265
,,,,,4791.400000095368
,,,,,4791.40499997139
,,,,,4791.410000085831
,,,,,4791.414999961853
,,,,,4791.420000076294
,,,,,4791.424999952316
,,,,,4791.430000066757
,,,,,4791.4349999427795
,,,,,4791.440000057221
,,,,,4791.444999933243
,,,,,4791.450000047684
,,,,,4791.454999923706
,,,,,4791.460000038147
,,,,,4791.464999914169
,,,,,4791.47000002861
,,,,,4791.474999904633
,,,,,4791.4800000190735
,,,,,4791.484999895096
,,,,,4791.490000009537
,,,,,4791.494999885559
,,,,,4791.5
,,,,,4791.505000114441
,,,,,4791.509999990463
,,,,,4791.515000104904
,,,,,4791.5199999809265
,,,,,4791.525000095368
,,,,,4791.52999997139
,,,,,4791.535000085831
,,,,,4791.539999961853
,,,,,4791.545000076294
,,,,,4791.549999952316
,,,,,4791.555000066757
,,,,,4791.5599999427795
,,,,,4791.565000057221
,,,,,4791.569999933243
,,,,,4791.575000047684
,,,,,4791.579999923706
,,,,,4791.585000038147
,,,,,4791.589999914169
,,,,,4791.59500002861
,,,,,4791.599999904633
,,,,,4791.6050000190735
,,,,,4791.609999895096
,,,,,4791.615000009537
,,,,,4791.619999885559
,,,,,4791.625
,,,,,4791.630000114441
,,,,,4791.634999990463
,,,,,4791.640000104904
,,,,,4791.6449999809265
,,,,,4791.650000095368
,,,,,4791.65499997139
,,,,,4791.660000085831
,,,,,4791.664999961853
,,,,,4791.670000076294
,,,,,4791.674999952316
,,,,,4791.680000066757
,,,,,4791.6849999427795
,,,,,4791.690000057221
,,,,,4791.694999933243
,,,,,4791.700000047684
,,,,,4791.704999923706
,,,,,4791.710000038147
,,,,,4791.714999914169
,,,,,4791.72000002861
,,,,,4791.724999904633
,,,,,4791.7300000190735
,,,,,4791.734999895096
,,,,,4791.740000009537
,,,,,4791.744999885559
,,,,,4791.75
,,,,,4791.755000114441
,,,,,4791.759999990463
,,,,,4791.765000104904
,,,,,4791.7699999809265
,,,,,4791.775000095368
,,,,,4791.77999997139
,,,,,4791.785000085831
,,,,,4791.789999961853
,,,,,4791.795000076294
,,,,,4791.799999952316
,,,,,4791.805000066757
,,,,,4791.8099999427795
,,,,,4791.815000057221
,,,,,4791.819999933243
,,,,,4791.825000047684
,,,,,4791.829999923706
,,,,,4791.835000038147
,,,,,4791.839999914169
,,,,,4791.84500002861
,,,,,4791.849999904633
,,,,,4791.8550000190735
,,,,,4791.859999895096
,,,,,4791.865000009537
,,,,,4791.869999885559
,,,,,4791.875
,,,,,4791.880000114441
,,,,,4791.884999990463
,,,,,4791.890000104904
,,,,,4791.8949999809265
,,,,,4791.900000095368
,,,,,4791.90499997139
,,,,,4791.910000085831
,,,,,4791.914999961853
,,,,,4791.920000076294
,,,,,4791.924999952316
,,,,,4791.930000066757
,,,,,4791.9349999427795
,,,,,4791.940000057221
,,,,,4791.944999933243
,,,,,4791.950000047684
,,,,,4791.954999923706
,,,,,4791.960000038147
,,,,,4791.964999914169
,,,,,4791.97000002861
,,,,,4791.974999904633
,,,,,4791.9800000190735
,,,,,4791.984999895096
,,,,,4791.990000009537
,,,,,4791.994999885559
,,,,,4792.0
,,,,,4792.005000114441
,,,,,4792.009999990463
,,,,,4792.015000104904
,,,,,4792.0199999809265
,,,,,4792.025000095368
,,,,,4792.02999997139
,,,,,4792.035000085831
,,,,,4792.039999961853
,,,,,4792.045000076294
,,,,,4792.049999952316
,,,,,4792.055000066757
,,,,,4792.0599999427795
,,,,,4792.065000057221
,,,,,4792.069999933243
,,,,,4792.075000047684
,,,,,4792.079999923706
,,,,,4792.085000038147
,,,,,4792.089999914169
,,,,,4792.09500002861
,,,,,4792.099999904633
,,,,,4792.1050000190735
,,,,,4792.109999895096
,,,,,4792.115000009537
,,,,,4792.119999885559
,,,,,4792.125
,,,,,4792.130000114441
,,,,,4792.134999990463
,,,,,4792.140000104904
,,,,,4792.1449999809265
,,,,,4792.150000095368
,,,,,4792.15499997139
,,,,,4792.160000085831
,,,,,4792.164999961853
,,,,,4792.170000076294
,,,,,4792.174999952316
,,,,,4792.180000066757
,,,,,4792.1849999427795
,,,,,4792.190000057221
,,,,,4792.194999933243
,,,,,4792.200000047684
,,,,,4792.204999923706
,,,,,4792.210000038147
,,,,,4792.214999914169
,,,,,4792.22000002861
,,,,,4792.224999904633
,,,,,4792.2300000190735
,,,,,4792.234999895096
,,,,,4792.240000009537
,,,,,4792.244999885559
,,,,,4792.25
,,,,,4792.255000114441
,,,,,4792.259999990463
,,,,,4792.265000104904
,,,,,4792.2699999809265
,,,,,4792.275000095368
,,,,,4792.27999997139
,,,,,4792.285000085831
,,,,,4792.289999961853
,,,,,4792.295000076294
,,,,,4792.299999952316
,,,,,4792.305000066757
,,,,,4792.3099999427795
,,,,,4792.315000057221
,,,,,4792.319999933243
,,,,,4792.325000047684
,,,,,4792.329999923706
,,,,,4792.335000038147
,,,,,4792.339999914169
,,,,,4792.34500002861
,,,,,4792.349999904633
,,,,,4792.3550000190735
,,,,,4792.359999895096
,,,,,4792.365000009537
,,,,,4792.369999885559
,,,,,4792.375
,,,,,4792.380000114441
,,,,,4792.384999990463
,,,,,4792.390000104904
,,,,,4792.3949999809265
,,,,,4792.400000095368
,,,,,4792.40499997139
,,,,,4792.410000085831
,,,,,4792.414999961853
,,,,,4792.420000076294
,,,,,4792.424999952316
,,,,,4792.430000066757
,,,,,4792.4349999427795
,,,,,4792.440000057221
,,,,,4792.444999933243
,,,,,4792.450000047684
,,,,,4792.454999923706
,,,,,4792.460000038147
,,,,,4792.464999914169
,,,,,4792.47000002861
,,,,,4792.474999904633
,,,,,4792.4800000190735
,,,,,4792.484999895096
,,,,,4792.490000009537
,,,,,4792.494999885559
,,,,,4792.5
,,,,,4792.505000114441
,,,,,4792.509999990463
,,,,,4792.515000104904
,,,,,4792.5199999809265
,,,,,4792.525000095368
,,,,,4792.52999997139
,,,,,4792.535000085831
,,,,,4792.539999961853
,,,,,4792.545000076294
,,,,,4792.549999952316
,,,,,4792.555000066757
,,,,,4792.5599999427795
,,,,,4792.565000057221
,,,,,4792.569999933243
,,,,,4792.575000047684
,,,,,4792.579999923706
,,,,,4792.585000038147
,,,,,4792.589999914169
,,,,,4792.59500002861
,,,,,4792.599999904633
,,,,,4792.6050000190735
,,,,,4792.609999895096
,,,,,4792.615000009537
,,,,,4792.619999885559
,,,,,4792.625
,,,,,4792.630000114441
,,,,,4792.634999990463
,,,,,4792.640000104904
,,,,,4792.6449999809265
,,,,,4792.650000095368
,,,,,4792.65499997139
,,,,,4792.660000085831
,,,,,4792.664999961853
,,,,,4792.670000076294
,,,,,4792.674999952316
,,,,,4792.680000066757
,,,,,4792.6849999427795
,,,,,4792.690000057221
,,,,,4792.694999933243
,,,,,4792.700000047684
,,,,,4792.704999923706
,,,,,4792.710000038147
,,,,,4792.714999914169
,,,,,4792.72000002861
,,,,,4792.724999904633
,,,,,4792.7300000190735
,,,,,4792.734999895096
,,,,,4792.740000009537
,,,,,4792.744999885559
,,,,,4792.75
,,,,,4792.755000114441
,,,,,4792.759999990463
,,,,,4792.765000104904
,,,,,4792.7699999809265
,,,,,4792.775000095368
,,,,,4792.77999997139
,,,,,4792.785000085831
,,,,,4792.789999961853
,,,,,4792.795000076294
,,,,,4792.799999952316
,,,,,4792.805000066757
,,,,,4792.8099999427795
,,,,,4792.815000057221
,,,,,4792.819999933243
,,,,,4792.825000047684
,,,,,4792.829999923706
,,,,,4792.835000038147
,,,,,4792.839999914169
,,,,,4792.84500002861
,,,,,4792.849999904633
,,,,,4792.8550000190735
,,,,,4792.859999895096
,,,,,4792.865000009537
,,,,,4792.869999885559
,,,,,4792.875
,,,,,4792.880000114441
,,,,,4792.884999990463
,,,,,4792.890000104904
,,,,,4792.8949999809265
,,,,,4792.900000095368
,,,,,4792.90499997139
,,,,,4792.910000085831
,,,,,4792.914999961853
,,,,,4792.920000076294
,,,,,4792.924999952316
,,,,,4792.930000066757
,,,,,4792.9349999427795
,,,,,4792.940000057221
,,,,,4792.944999933243
,,,,,4792.950000047684
,,,,,4792.954999923706
,,,,,4792.960000038147
,,,,,4792.964999914169
,,,,,4792.97000002861
,,,,,4792.974999904633
,,,,,4792.9800000190735
,,,,,4792.984999895096
,,,,,4792.990000009537
,,,,,4792.994999885559
,,,,,4793.0
,,,,,4793.005000114441
,,,,,4793.009999990463
,,,,,4793.015000104904
,,,,,4793.0199999809265
,,,,,4793.025000095368
,,,,,4793.02999997139
,,,,,4793.035000085831
,,,,,4793.039999961853
,,,,,4793.045000076294
,,,,,4793.049999952316
,,,,,4793.055000066757
,,,,,4793.0599999427795
,,,,,4793.065000057221
,,,,,4793.069999933243
,,,,,4793.075000047684
,,,,,4793.079999923706
,,,,,4793.085000038147
,,,,,4793.089999914169
,,,,,4793.09500002861
,,,,,4793.099999904633
,,,,,4793.1050000190735
,,,,,4793.109999895096
,,,,,4793.115000009537
,,,,,4793.119999885559
,,,,,4793.125
,,,,,4793.130000114441
,,,,,4793.134999990463
,,,,,4793.140000104904
,,,,,4793.1449999809265
,,,,,4793.150000095368
,,,,,4793.15499997139
,,,,,4793.160000085831
,,,,,4793.164999961853
,,,,,4793.170000076294
,,,,,4793.174999952316
,,,,,4793.180000066757
,,,,,4793.1849999427795
,,,,,4793.190000057221
,,,,,4793.194999933243
,,,,,4793.200000047684
,,,,,4793.204999923706
,,,,,4793.210000038147
,,,,,4793.214999914169
,,,,,4793.22000002861
,,,,,4793.224999904633
,,,,,4793.2300000190735
,,,,,4793.234999895096
,,,,,4793.240000009537
,,,,,4793.244999885559
,,,,,4793.25
,,,,,4793.255000114441
,,,,,4793.259999990463
,,,,,4793.265000104904
,,,,,4793.2699999809265
,,,,,4793.275000095368
,,,,,4793.27999997139
,,,,,4793.285000085831
,,,,,4793.289999961853
,,,,,4793.295000076294
,,,,,4793.299999952316
,,,,,4793.305000066757
,,,,,4793.3099999427795
,,,,,4793.315000057221
,,,,,4793.319999933243
,,,,,4793.325000047684
,,,,,4793.329999923706
,,,,,4793.335000038147
,,,,,4793.339999914169
,,,,,4793.34500002861
,,,,,4793.349999904633
,,,,,4793.3550000190735
,,,,,4793.359999895096
,,,,,4793.365000009537
,,,,,4793.369999885559
,,,,,4793.375
,,,,,4793.380000114441
,,,,,4793.384999990463
,,,,,4793.390000104904
,,,,,4793.3949999809265
,,,,,4793.400000095368
,,,,,4793.40499997139
,,,,,4793.410000085831
,,,,,4793.414999961853
,,,,,4793.420000076294
,,,,,4793.424999952316
,,,,,4793.430000066757
,,,,,4793.4349999427795
,,,,,4793.440000057221
,,,,,4793.444999933243
,,,,,4793.450000047684
,,,,,4793.454999923706
,,,,,4793.460000038147
,,,,,4793.464999914169
,,,,,4793.47000002861
,,,,,4793.474999904633
,,,,,4793.4800000190735
,,,,,4793.484999895096
,,,,,4793.490000009537
,,,,,4793.494999885559
,,,,,4793.5
,,,,,4793.505000114441
,,,,,4793.509999990463
,,,,,4793.515000104904
,,,,,4793.5199999809265
,,,,,4793.525000095368
,,,,,4793.52999997139
,,,,,4793.535000085831
,,,,,4793.539999961853
,,,,,4793.545000076294
,,,,,4793.549999952316
,,,,,4793.555000066757
,,,,,4793.5599999427795
,,,,,4793.565000057221
,,,,,4793.569999933243
,,,,,4793.575000047684
,,,,,4793.579999923706
,,,,,4793.585000038147
,,,,,4793.589999914169
,,,,,4793.59500002861
,,,,,4793.599999904633
,,,,,4793.6050000190735
,,,,,4793.609999895096
,,,,,4793.615000009537
,,,,,4793.619999885559
,,,,,4793.625
,,,,,4793.630000114441
,,,,,4793.634999990463
,,,,,4793.640000104904
,,,,,4793.6449999809265
,,,,,4793.650000095368
,,,,,4793.65499997139
,,,,,4793.660000085831
,,,,,4793.664999961853
,,,,,4793.670000076294
,,,,,4793.674999952316
,,,,,4793.680000066757
,,,,,4793.6849999427795
,,,,,4793.690000057221
,,,,,4793.694999933243
,,,,,4793.700000047684
,,,,,4793.704999923706
,,,,,4793.710000038147
,,,,,4793.714999914169
,,,,,4793.72000002861
,,,,,4793.724999904633
,,,,,4793.7300000190735
,,,,,4793.734999895096
,,,,,4793.740000009537
,,,,,4793.744999885559
,,,,,4793.75
,,,,,4793.755000114441
,,,,,4793.759999990463
,,,,,4793.765000104904
,,,,,4793.7699999809265
,,,,,4793.775000095368
,,,,,4793.77999997139
,,,,,4793.785000085831
,,,,,4793.789999961853
,,,,,4793.795000076294
,,,,,4793.799999952316
,,,,,4793.805000066757
,,,,,4793.8099999427795
,,,,,4793.815000057221
,,,,,4793.819999933243
,,,,,4793.825000047684
,,,,,4793.829999923706
,,,,,4793.835000038147
,,,,,4793.839999914169
,,,,,4793.84500002861
,,,,,4793.849999904633
,,,,,4793.8550000190735
,,,,,4793.859999895096
,,,,,4793.865000009537
,,,,,4793.869999885559
,,,,,4793.875
,,,,,4793.880000114441
,,,,,4793.884999990463
,,,,,4793.890000104904
,,,,,4793.8949999809265
,,,,,4793.900000095368
,,,,,4793.90499997139
,,,,,4793.910000085831
,,,,,4793.914999961853
,,,,,4793.920000076294
,,,,,4793.924999952316
,,,,,4793.930000066757
,,,,,4793.9349999427795
,,,,,4793.940000057221
,,,,,4793.944999933243
,,,,,4793.950000047684
,,,,,4793.954999923706
,,,,,4793.960000038147
,,,,,4793.964999914169
,,,,,4793.97000002861
,,,,,4793.974999904633
,,,,,4793.9800000190735
,,,,,4793.984999895096
,,,,,4793.990000009537
,,,,,4793.994999885559
,,,,,4794.0
,,,,,4794.005000114441
,,,,,4794.009999990463
,,,,,4794.015000104904
,,,,,4794.0199999809265
,,,,,4794.025000095368
,,,,,4794.02999997139
,,,,,4794.035000085831
,,,,,4794.039999961853
,,,,,4794.045000076294
,,,,,4794.049999952316
,,,,,4794.055000066757
,,,,,4794.0599999427795
,,,,,4794.065000057221
,,,,,4794.069999933243
,,,,,4794.075000047684
,,,,,4794.079999923706
,,,,,4794.085000038147
,,,,,4794.089999914169
,,,,,4794.09500002861
,,,,,4794.099999904633
,,,,,4794.1050000190735
,,,,,4794.109999895096
,,,,,4794.115000009537
,,,,,4794.119999885559
,,,,,4794.125
,,,,,4794.130000114441
,,,,,4794.134999990463
,,,,,4794.140000104904
,,,,,4794.1449999809265
,,,,,4794.150000095368
,,,,,4794.15499997139
,,,,,4794.160000085831
,,,,,4794.164999961853
,,,,,4794.170000076294
,,,,,4794.174999952316
,,,,,4794.180000066757
,,,,,4794.1849999427795
,,,,,4794.190000057221
,,,,,4794.194999933243
,,,,,4794.200000047684
,,,,,4794.204999923706
,,,,,4794.210000038147
,,,,,4794.214999914169
,,,,,4794.22000002861
,,,,,4794.224999904633
,,,,,4794.2300000190735
,,,,,4794.234999895096
,,,,,4794.240000009537
,,,,,4794.244999885559
,,,,,4794.25
,,,,,4794.255000114441
,,,,,4794.259999990463
,,,,,4794.265000104904
,,,,,4794.2699999809265
,,,,,4794.275000095368
,,,,,4794.27999997139
,,,,,4794.285000085831
,,,,,4794.289999961853
,,,,,4794.295000076294
,,,,,4794.299999952316
,,,,,4794.305000066757
,,,,,4794.3099999427795
,,,,,4794.315000057221
,,,,,4794.319999933243
,,,,,4794.325000047684
,,,,,4794.329999923706
,,,,,4794.335000038147
,,,,,4794.339999914169
,,,,,4794.34500002861
,,,,,4794.349999904633
,,,,,4794.3550000190735
,,,,,4794.359999895096
,,,,,4794.365000009537
,,,,,4794.369999885559
,,,,,4794.375
,,,,,4794.380000114441
,,,,,4794.384999990463
,,,,,4794.390000104904
,,,,,4794.3949999809265
,,,,,4794.400000095368
,,,,,4794.40499997139
,,,,,4794.410000085831
,,,,,4794.414999961853
,,,,,4794.420000076294
,,,,,4794.424999952316
,,,,,4794.430000066757
,,,,,4794.4349999427795
,,,,,4794.440000057221
,,,,,4794.444999933243
,,,,,4794.450000047684
,,,,,4794.454999923706
,,,,,4794.460000038147
,,,,,4794.464999914169
,,,,,4794.47000002861
,,,,,4794.474999904633
,,,,,4794.4800000190735
,,,,,4794.484999895096
,,,,,4794.490000009537
,,,,,4794.494999885559
,,,,,4794.5
,,,,,4794.505000114441
,,,,,4794.509999990463
,,,,,4794.515000104904
,,,,,4794.5199999809265
,,,,,4794.525000095368
,,,,,4794.52999997139
,,,,,4794.535000085831
,,,,,4794.539999961853
,,,,,4794.545000076294
,,,,,4794.549999952316
,,,,,4794.555000066757
,,,,,4794.5599999427795
,,,,,4794.565000057221
,,,,,4794.569999933243
,,,,,4794.575000047684
,,,,,4794.579999923706
,,,,,4794.585000038147
,,,,,4794.589999914169
,,,,,4794.59500002861
,,,,,4794.599999904633
,,,,,4794.6050000190735
,,,,,4794.609999895096
,,,,,4794.615000009537
,,,,,4794.619999885559
,,,,,4794.625
,,,,,4794.630000114441
,,,,,4794.634999990463
,,,,,4794.640000104904
,,,,,4794.6449999809265
,,,,,4794.650000095368
,,,,,4794.65499997139
,,,,,4794.660000085831
,,,,,4794.664999961853
,,,,,4794.670000076294
,,,,,4794.674999952316
,,,,,4794.680000066757
,,,,,4794.6849999427795
,,,,,4794.690000057221
,,,,,4794.694999933243
,,,,,4794.700000047684
,,,,,4794.704999923706
,,,,,4794.710000038147
,,,,,4794.714999914169
,,,,,4794.72000002861
,,,,,4794.724999904633
,,,,,4794.7300000190735
,,,,,4794.734999895096
,,,,,4794.740000009537
,,,,,4794.744999885559
,,,,,4794.75
,,,,,4794.755000114441
,,,,,4794.759999990463
,,,,,4794.765000104904
,,,,,4794.7699999809265
,,,,,4794.775000095368
,,,,,4794.77999997139
,,,,,4794.785000085831
,,,,,4794.789999961853
,,,,,4794.795000076294
,,,,,4794.799999952316
,,,,,4794.805000066757
,,,,,4794.8099999427795
,,,,,4794.815000057221
,,,,,4794.819999933243
,,,,,4794.825000047684
,,,,,4794.829999923706
,,,,,4794.835000038147
,,,,,4794.839999914169
,,,,,4794.84500002861
,,,,,4794.849999904633
,,,,,4794.8550000190735
,,,,,4794.859999895096
,,,,,4794.865000009537
,,,,,4794.869999885559
,,,,,4794.875
,,,,,4794.880000114441
,,,,,4794.884999990463
,,,,,4794.890000104904
,,,,,4794.8949999809265
,,,,,4794.900000095368
,,,,,4794.90499997139
,,,,,4794.910000085831
,,,,,4794.914999961853
,,,,,4794.920000076294
,,,,,4794.924999952316
,,,,,4794.930000066757
,,,,,4794.9349999427795
,,,,,4794.940000057221
,,,,,4794.944999933243
,,,,,4794.950000047684
,,,,,4794.954999923706
,,,,,4794.960000038147
,,,,,4794.964999914169
,,,,,4794.97000002861
,,,,,4794.974999904633
,,,,,4794.9800000190735
,,,,,4794.984999895096
,,,,,4794.990000009537
,,,,,4794.994999885559
,,,,,4795.0
,,,,,4795.005000114441
,,,,,4795.009999990463
,,,,,4795.015000104904
,,,,,4795.0199999809265
,,,,,4795.025000095368
,,,,,4795.02999997139
,,,,,4795.035000085831
,,,,,4795.039999961853
,,,,,4795.045000076294
,,,,,4795.049999952316
,,,,,4795.055000066757
,,,,,4795.0599999427795
,,,,,4795.065000057221
,,,,,4795.069999933243
,,,,,4795.075000047684
,,,,,4795.079999923706
,,,,,4795.085000038147
,,,,,4795.089999914169
,,,,,4795.09500002861
,,,,,4795.099999904633
,,,,,4795.1050000190735
,,,,,4795.109999895096
,,,,,4795.115000009537
,,,,,4795.119999885559
,,,,,4795.125
,,,,,4795.130000114441
,,,,,4795.134999990463
,,,,,4795.140000104904
,,,,,4795.1449999809265
,,,,,4795.150000095368
,,,,,4795.15499997139
,,,,,4795.160000085831
,,,,,4795.164999961853
,,,,,4795.170000076294
,,,,,4795.174999952316
,,,,,4795.180000066757
,,,,,4795.1849999427795
,,,,,4795.190000057221
,,,,,4795.194999933243
,,,,,4795.200000047684
,,,,,4795.204999923706
,,,,,4795.210000038147
,,,,,4795.214999914169
,,,,,4795.22000002861
,,,,,4795.224999904633
,,,,,4795.2300000190735
,,,,,4795.234999895096
,,,,,4795.240000009537
,,,,,4795.244999885559
,,,,,4795.25
,,,,,4795.255000114441
,,,,,4795.259999990463
,,,,,4795.265000104904
,,,,,4795.2699999809265
,,,,,4795.275000095368
,,,,,4795.27999997139
,,,,,4795.285000085831
,,,,,4795.289999961853
,,,,,4795.295000076294
,,,,,4795.299999952316
,,,,,4795.305000066757
,,,,,4795.3099999427795
,,,,,4795.315000057221
,,,,,4795.319999933243
,,,,,4795.325000047684
,,,,,4795.329999923706
,,,,,4795.335000038147
,,,,,4795.339999914169
,,,,,4795.34500002861
,,,,,4795.349999904633
,,,,,4795.3550000190735
,,,,,4795.359999895096
,,,,,4795.365000009537
,,,,,4795.369999885559
,,,,,4795.375
,,,,,4795.380000114441
,,,,,4795.384999990463
,,,,,4795.390000104904
,,,,,4795.3949999809265
,,,,,4795.400000095368
,,,,,4795.40499997139
,,,,,4795.410000085831
,,,,,4795.414999961853
,,,,,4795.420000076294
,,,,,4795.424999952316
,,,,,4795.430000066757
,,,,,4795.4349999427795
,,,,,4795.440000057221
,,,,,4795.444999933243
,,,,,4795.450000047684
,,,,,4795.454999923706
,,,,,4795.460000038147
,,,,,4795.464999914169
,,,,,4795.47000002861
,,,,,4795.474999904633
,,,,,4795.4800000190735
,,,,,4795.484999895096
,,,,,4795.490000009537
,,,,,4795.494999885559
,,,,,4795.5
,,,,,4795.505000114441
,,,,,4795.509999990463
,,,,,4795.515000104904
,,,,,4795.5199999809265
,,,,,4795.525000095368
,,,,,4795.52999997139
,,,,,4795.535000085831
,,,,,4795.539999961853
,,,,,4795.545000076294
,,,,,4795.549999952316
,,,,,4795.555000066757
,,,,,4795.5599999427795
,,,,,4795.565000057221
,,,,,4795.569999933243
,,,,,4795.575000047684
,,,,,4795.579999923706
,,,,,4795.585000038147
,,,,,4795.589999914169
,,,,,4795.59500002861
,,,,,4795.599999904633
,,,,,4795.6050000190735
,,,,,4795.609999895096
,,,,,4795.615000009537
,,,,,4795.619999885559
,,,,,4795.625
,,,,,4795.630000114441
,,,,,4795.634999990463
,,,,,4795.640000104904
,,,,,4795.6449999809265
,,,,,4795.650000095368
,,,,,4795.65499997139
,,,,,4795.660000085831
,,,,,4795.664999961853
,,,,,4795.670000076294
,,,,,4795.674999952316
,,,,,4795.680000066757
,,,,,4795.6849999427795
,,,,,4795.690000057221
,,,,,4795.694999933243
,,,,,4795.700000047684
,,,,,4795.704999923706
,,,,,4795.710000038147
,,,,,4795.714999914169
,,,,,4795.72000002861
,,,,,4795.724999904633
,,,,,4795.7300000190735
,,,,,4795.734999895096
,,,,,4795.740000009537
,,,,,4795.744999885559
,,,,,4795.75
,,,,,4795.755000114441
,,,,,4795.759999990463
,,,,,4795.765000104904
,,,,,4795.7699999809265
,,,,,4795.775000095368
,,,,,4795.77999997139
,,,,,4795.785000085831
,,,,,4795.789999961853
,,,,,4795.795000076294
,,,,,4795.799999952316
,,,,,4795.805000066757
,,,,,4795.8099999427795
,,,,,4795.815000057221
,,,,,4795.819999933243
,,,,,4795.825000047684
,,,,,4795.829999923706
,,,,,4795.835000038147
,,,,,4795.839999914169
,,,,,4795.84500002861
,,,,,4795.849999904633
,,,,,4795.8550000190735
,,,,,4795.859999895096
,,,,,4795.865000009537
,,,,,4795.869999885559
,,,,,4795.875
,,,,,4795.880000114441
,,,,,4795.884999990463
,,,,,4795.890000104904
,,,,,4795.8949999809265
,,,,,4795.900000095368
,,,,,4795.90499997139
,,,,,4795.910000085831
,,,,,4795.914999961853
,,,,,4795.920000076294
,,,,,4795.924999952316
,,,,,4795.930000066757
,,,,,4795.9349999427795
,,,,,4795.940000057221
,,,,,4795.944999933243
,,,,,4795.950000047684
,,,,,4795.954999923706
,,,,,4795.960000038147
,,,,,4795.964999914169
,,,,,4795.97000002861
,,,,,4795.974999904633
,,,,,4795.9800000190735
,,,,,4795.984999895096
,,,,,4795.990000009537
,,,,,4795.994999885559
,,,,,4796.0
,,,,,4796.005000114441
,,,,,4796.009999990463
,,,,,4796.015000104904
,,,,,4796.0199999809265
,,,,,4796.025000095368
,,,,,4796.02999997139
,,,,,4796.035000085831
,,,,,4796.039999961853
,,,,,4796.045000076294
,,,,,4796.049999952316
,,,,,4796.055000066757
,,,,,4796.0599999427795
,,,,,4796.065000057221
,,,,,4796.069999933243
,,,,,4796.075000047684
,,,,,4796.079999923706
,,,,,4796.085000038147
,,,,,4796.089999914169
,,,,,4796.09500002861
,,,,,4796.099999904633
,,,,,4796.1050000190735
,,,,,4796.109999895096
,,,,,4796.115000009537
,,,,,4796.119999885559
,,,,,4796.125
,,,,,4796.130000114441
,,,,,4796.134999990463
,,,,,4796.140000104904
,,,,,4796.1449999809265
,,,,,4796.150000095368
,,,,,4796.15499997139
,,,,,4796.160000085831
,,,,,4796.164999961853
,,,,,4796.170000076294
,,,,,4796.174999952316
,,,,,4796.180000066757
,,,,,4796.1849999427795
,,,,,4796.190000057221
,,,,,4796.194999933243
,,,,,4796.200000047684
,,,,,4796.204999923706
,,,,,4796.210000038147
,,,,,4796.214999914169
,,,,,4796.22000002861
,,,,,4796.224999904633
,,,,,4796.2300000190735
,,,,,4796.234999895096
,,,,,4796.240000009537
,,,,,4796.244999885559
,,,,,4796.25
,,,,,4796.255000114441
,,,,,4796.259999990463
,,,,,4796.265000104904
,,,,,4796.2699999809265
,,,,,4796.275000095368
,,,,,4796.27999997139
,,,,,4796.285000085831
,,,,,4796.289999961853
,,,,,4796.295000076294
,,,,,4796.299999952316
,,,,,4796.305000066757
,,,,,4796.3099999427795
,,,,,4796.315000057221
,,,,,4796.319999933243
,,,,,4796.325000047684
,,,,,4796.329999923706
,,,,,4796.335000038147
,,,,,4796.339999914169
,,,,,4796.34500002861
,,,,,4796.349999904633
,,,,,4796.3550000190735
,,,,,4796.359999895096
,,,,,4796.365000009537
,,,,,4796.369999885559
,,,,,4796.375
,,,,,4796.380000114441
,,,,,4796.384999990463
,,,,,4796.390000104904
,,,,,4796.3949999809265
,,,,,4796.400000095368
,,,,,4796.40499997139
,,,,,4796.410000085831
,,,,,4796.414999961853
,,,,,4796.420000076294
,,,,,4796.424999952316
,,,,,4796.430000066757
,,,,,4796.4349999427795
,,,,,4796.440000057221
,,,,,4796.444999933243
,,,,,4796.450000047684
,,,,,4796.454999923706
,,,,,4796.460000038147
,,,,,4796.464999914169
,,,,,4796.47000002861
,,,,,4796.474999904633
,,,,,4796.4800000190735
,,,,,4796.484999895096
,,,,,4796.490000009537
,,,,,4796.494999885559
,,,,,4796.5
,,,,,4796.505000114441
,,,,,4796.509999990463
,,,,,4796.515000104904
,,,,,4796.5199999809265
,,,,,4796.525000095368
,,,,,4796.52999997139
,,,,,4796.535000085831
,,,,,4796.539999961853
,,,,,4796.545000076294
,,,,,4796.549999952316
,,,,,4796.555000066757
,,,,,4796.5599999427795
,,,,,4796.565000057221
,,,,,4796.569999933243
,,,,,4796.575000047684
,,,,,4796.579999923706
,,,,,4796.585000038147
,,,,,4796.589999914169
,,,,,4796.59500002861
,,,,,4796.599999904633
,,,,,4796.6050000190735
,,,,,4796.609999895096
,,,,,4796.615000009537
,,,,,4796.619999885559
,,,,,4796.625
,,,,,4796.630000114441
,,,,,4796.634999990463
,,,,,4796.640000104904
,,,,,4796.6449999809265
,,,,,4796.650000095368
,,,,,4796.65499997139
,,,,,4796.660000085831
,,,,,4796.664999961853
,,,,,4796.670000076294
,,,,,4796.674999952316
,,,,,4796.680000066757
,,,,,4796.6849999427795
,,,,,4796.690000057221
,,,,,4796.694999933243
,,,,,4796.700000047684
,,,,,4796.704999923706
,,,,,4796.710000038147
,,,,,4796.714999914169
,,,,,4796.72000002861
,,,,,4796.724999904633
,,,,,4796.7300000190735
,,,,,4796.734999895096
,,,,,4796.740000009537
,,,,,4796.744999885559
,,,,,4796.75
,,,,,4796.755000114441
,,,,,4796.759999990463
,,,,,4796.765000104904
,,,,,4796.7699999809265
,,,,,4796.775000095368
,,,,,4796.77999997139
,,,,,4796.785000085831
,,,,,4796.789999961853
,,,,,4796.795000076294
,,,,,4796.799999952316
,,,,,4796.805000066757
,,,,,4796.8099999427795
,,,,,4796.815000057221
,,,,,4796.819999933243
,,,,,4796.825000047684
,,,,,4796.829999923706
,,,,,4796.835000038147
,,,,,4796.839999914169
,,,,,4796.84500002861
,,,,,4796.849999904633
,,,,,4796.8550000190735
,,,,,4796.859999895096
,,,,,4796.865000009537
,,,,,4796.869999885559
,,,,,4796.875
,,,,,4796.880000114441
,,,,,4796.884999990463
,,,,,4796.890000104904
,,,,,4796.8949999809265
,,,,,4796.900000095368
,,,,,4796.90499997139
,,,,,4796.910000085831
,,,,,4796.914999961853
,,,,,4796.920000076294
,,,,,4796.924999952316
,,,,,4796.930000066757
,,,,,4796.9349999427795
,,,,,4796.940000057221
,,,,,4796.944999933243
,,,,,4796.950000047684
,,,,,4796.954999923706
,,,,,4796.960000038147
,,,,,4796.964999914169
,,,,,4796.97000002861
,,,,,4796.974999904633
,,,,,4796.9800000190735
,,,,,4796.984999895096
,,,,,4796.990000009537
,,,,,4796.994999885559
,,,,,4797.0
,,,,,4797.005000114441
,,,,,4797.009999990463
,,,,,4797.015000104904
,,,,,4797.0199999809265
,,,,,4797.025000095368
,,,,,4797.02999997139
,,,,,4797.035000085831
,,,,,4797.039999961853
,,,,,4797.045000076294
,,,,,4797.049999952316
,,,,,4797.055000066757
,,,,,4797.0599999427795
,,,,,4797.065000057221
,,,,,4797.069999933243
,,,,,4797.075000047684
,,,,,4797.079999923706
,,,,,4797.085000038147
,,,,,4797.089999914169
,,,,,4797.09500002861
,,,,,4797.099999904633
,,,,,4797.1050000190735
,,,,,4797.109999895096
,,,,,4797.115000009537
,,,,,4797.119999885559
,,,,,4797.125
,,,,,4797.130000114441
,,,,,4797.134999990463
,,,,,4797.140000104904
,,,,,4797.1449999809265
,,,,,4797.150000095368
,,,,,4797.15499997139
,,,,,4797.160000085831
,,,,,4797.164999961853
,,,,,4797.170000076294
,,,,,4797.174999952316
,,,,,4797.180000066757
,,,,,4797.1849999427795
,,,,,4797.190000057221
,,,,,4797.194999933243
,,,,,4797.200000047684
,,,,,4797.204999923706
,,,,,4797.210000038147
,,,,,4797.214999914169
,,,,,4797.22000002861
,,,,,4797.224999904633
,,,,,4797.2300000190735
,,,,,4797.234999895096
,,,,,4797.240000009537
,,,,,4797.244999885559
,,,,,4797.25
,,,,,4797.255000114441
,,,,,4797.259999990463
,,,,,4797.265000104904
,,,,,4797.2699999809265
,,,,,4797.275000095368
,,,,,4797.27999997139
,,,,,4797.285000085831
,,,,,4797.289999961853
,,,,,4797.295000076294
,,,,,4797.299999952316
,,,,,4797.305000066757
,,,,,4797.3099999427795
,,,,,4797.315000057221
,,,,,4797.319999933243
,,,,,4797.325000047684
,,,,,4797.329999923706
,,,,,4797.335000038147
,,,,,4797.339999914169
,,,,,4797.34500002861
,,,,,4797.349999904633
,,,,,4797.3550000190735
,,,,,4797.359999895096
,,,,,4797.365000009537
,,,,,4797.369999885559
,,,,,4797.375
,,,,,4797.380000114441
,,,,,4797.384999990463
,,,,,4797.390000104904
,,,,,4797.3949999809265
,,,,,4797.400000095368
,,,,,4797.40499997139
,,,,,4797.410000085831
,,,,,4797.414999961853
,,,,,4797.420000076294
,,,,,4797.424999952316
,,,,,4797.430000066757
,,,,,4797.4349999427795
,,,,,4797.440000057221
,,,,,4797.444999933243
,,,,,4797.450000047684
,,,,,4797.454999923706
,,,,,4797.460000038147
,,,,,4797.464999914169
,,,,,4797.47000002861
,,,,,4797.474999904633
,,,,,4797.4800000190735
,,,,,4797.484999895096
,,,,,4797.490000009537
,,,,,4797.494999885559
,,,,,4797.5
,,,,,4797.505000114441
,,,,,4797.509999990463
,,,,,4797.515000104904
,,,,,4797.5199999809265
,,,,,4797.525000095368
,,,,,4797.52999997139
,,,,,4797.535000085831
,,,,,4797.539999961853
,,,,,4797.545000076294
,,,,,4797.549999952316
,,,,,4797.555000066757
,,,,,4797.5599999427795
,,,,,4797.565000057221
,,,,,4797.569999933243
,,,,,4797.575000047684
,,,,,4797.579999923706
,,,,,4797.585000038147
,,,,,4797.589999914169
,,,,,4797.59500002861
,,,,,4797.599999904633
,,,,,4797.6050000190735
,,,,,4797.609999895096
,,,,,4797.615000009537
,,,,,4797.619999885559
,,,,,4797.625
,,,,,4797.630000114441
,,,,,4797.634999990463
,,,,,4797.640000104904
,,,,,4797.6449999809265
,,,,,4797.650000095368
,,,,,4797.65499997139
,,,,,4797.660000085831
,,,,,4797.664999961853
,,,,,4797.670000076294
,,,,,4797.674999952316
,,,,,4797.680000066757
,,,,,4797.6849999427795
,,,,,4797.690000057221
,,,,,4797.694999933243
,,,,,4797.700000047684
,,,,,4797.704999923706
,,,,,4797.710000038147
,,,,,4797.714999914169
,,,,,4797.72000002861
,,,,,4797.724999904633
,,,,,4797.7300000190735
,,,,,4797.734999895096
,,,,,4797.740000009537
,,,,,4797.744999885559
,,,,,4797.75
,,,,,4797.755000114441
,,,,,4797.759999990463
,,,,,4797.765000104904
,,,,,4797.7699999809265
,,,,,4797.775000095368
,,,,,4797.77999997139
,,,,,4797.785000085831
,,,,,4797.789999961853
,,,,,4797.795000076294
,,,,,4797.799999952316
,,,,,4797.805000066757
,,,,,4797.8099999427795
,,,,,4797.815000057221
,,,,,4797.819999933243
,,,,,4797.825000047684
,,,,,4797.829999923706
,,,,,4797.835000038147
,,,,,4797.839999914169
,,,,,4797.84500002861
,,,,,4797.849999904633
,,,,,4797.8550000190735
,,,,,4797.859999895096
,,,,,4797.865000009537
,,,,,4797.869999885559
,,,,,4797.875
,,,,,4797.880000114441
,,,,,4797.884999990463
,,,,,4797.890000104904
,,,,,4797.8949999809265
,,,,,4797.900000095368
,,,,,4797.90499997139
,,,,,4797.910000085831
,,,,,4797.914999961853
,,,,,4797.920000076294
,,,,,4797.924999952316
,,,,,4797.930000066757
,,,,,4797.9349999427795
,,,,,4797.940000057221
,,,,,4797.944999933243
,,,,,4797.950000047684
,,,,,4797.954999923706
,,,,,4797.960000038147
,,,,,4797.964999914169
,,,,,4797.97000002861
,,,,,4797.974999904633
,,,,,4797.9800000190735
,,,,,4797.984999895096
,,,,,4797.990000009537
,,,,,4797.994999885559
,,,,,4798.0
,,,,,4798.005000114441
,,,,,4798.009999990463
,,,,,4798.015000104904
,,,,,4798.0199999809265
,,,,,4798.025000095368
,,,,,4798.02999997139
,,,,,4798.035000085831
,,,,,4798.039999961853
,,,,,4798.045000076294
,,,,,4798.049999952316
,,,,,4798.055000066757
,,,,,4798.0599999427795
,,,,,4798.065000057221
,,,,,4798.069999933243
,,,,,4798.075000047684
,,,,,4798.079999923706
,,,,,4798.085000038147
,,,,,4798.089999914169
,,,,,4798.09500002861
,,,,,4798.099999904633
,,,,,4798.1050000190735
,,,,,4798.109999895096
,,,,,4798.115000009537
,,,,,4798.119999885559
,,,,,4798.125
,,,,,4798.130000114441
,,,,,4798.134999990463
,,,,,4798.140000104904
,,,,,4798.1449999809265
,,,,,4798.150000095368
,,,,,4798.15499997139
,,,,,4798.160000085831
,,,,,4798.164999961853
,,,,,4798.170000076294
,,,,,4798.174999952316
,,,,,4798.180000066757
,,,,,4798.1849999427795
,,,,,4798.190000057221
,,,,,4798.194999933243
,,,,,4798.200000047684
,,,,,4798.204999923706
,,,,,4798.210000038147
,,,,,4798.214999914169
,,,,,4798.22000002861
,,,,,4798.224999904633
,,,,,4798.2300000190735
,,,,,4798.234999895096
,,,,,4798.240000009537
,,,,,4798.244999885559
,,,,,4798.25
,,,,,4798.255000114441
,,,,,4798.259999990463
,,,,,4798.265000104904
,,,,,4798.2699999809265
,,,,,4798.275000095368
,,,,,4798.27999997139
,,,,,4798.285000085831
,,,,,4798.289999961853
,,,,,4798.295000076294
,,,,,4798.299999952316
,,,,,4798.305000066757
,,,,,4798.3099999427795
,,,,,4798.315000057221
,,,,,4798.319999933243
,,,,,4798.325000047684
,,,,,4798.329999923706
,,,,,4798.335000038147
,,,,,4798.339999914169
,,,,,4798.34500002861
,,,,,4798.349999904633
,,,,,4798.3550000190735
,,,,,4798.359999895096
,,,,,4798.365000009537
,,,,,4798.369999885559
,,,,,4798.375
,,,,,4798.380000114441
,,,,,4798.384999990463
,,,,,4798.390000104904
,,,,,4798.3949999809265
,,,,,4798.400000095368
,,,,,4798.40499997139
,,,,,4798.410000085831
,,,,,4798.414999961853
,,,,,4798.420000076294
,,,,,4798.424999952316
,,,,,4798.430000066757
,,,,,4798.4349999427795
,,,,,4798.440000057221
,,,,,4798.444999933243
,,,,,4798.450000047684
,,,,,4798.454999923706
,,,,,4798.460000038147
,,,,,4798.464999914169
,,,,,4798.47000002861
,,,,,4798.474999904633
,,,,,4798.4800000190735
,,,,,4798.484999895096
,,,,,4798.490000009537
,,,,,4798.494999885559
,,,,,4798.5
,,,,,4798.505000114441
,,,,,4798.509999990463
,,,,,4798.515000104904
,,,,,4798.5199999809265
,,,,,4798.525000095368
,,,,,4798.52999997139
,,,,,4798.535000085831
,,,,,4798.539999961853
,,,,,4798.545000076294
,,,,,4798.549999952316
,,,,,4798.555000066757
,,,,,4798.5599999427795
,,,,,4798.565000057221
,,,,,4798.569999933243
,,,,,4798.575000047684
,,,,,4798.579999923706
,,,,,4798.585000038147
,,,,,4798.589999914169
,,,,,4798.59500002861
,,,,,4798.599999904633
,,,,,4798.6050000190735
,,,,,4798.609999895096
,,,,,4798.615000009537
,,,,,4798.619999885559
,,,,,4798.625
,,,,,4798.630000114441
,,,,,4798.634999990463
,,,,,4798.640000104904
,,,,,4798.6449999809265
,,,,,4798.650000095368
,,,,,4798.65499997139
,,,,,4798.660000085831
,,,,,4798.664999961853
,,,,,4798.670000076294
,,,,,4798.674999952316
,,,,,4798.680000066757
,,,,,4798.6849999427795
,,,,,4798.690000057221
,,,,,4798.694999933243
,,,,,4798.700000047684
,,,,,4798.704999923706
,,,,,4798.710000038147
,,,,,4798.714999914169
,,,,,4798.72000002861
,,,,,4798.724999904633
,,,,,4798.7300000190735
,,,,,4798.734999895096
,,,,,4798.740000009537
,,,,,4798.744999885559
,,,,,4798.75
,,,,,4798.755000114441
,,,,,4798.759999990463
,,,,,4798.765000104904
,,,,,4798.7699999809265
,,,,,4798.775000095368
,,,,,4798.77999997139
,,,,,4798.785000085831
,,,,,4798.789999961853
,,,,,4798.795000076294
,,,,,4798.799999952316
,,,,,4798.805000066757
,,,,,4798.8099999427795
,,,,,4798.815000057221
,,,,,4798.819999933243
,,,,,4798.825000047684
,,,,,4798.829999923706
,,,,,4798.835000038147
,,,,,4798.839999914169
,,,,,4798.84500002861
,,,,,4798.849999904633
,,,,,4798.8550000190735
,,,,,4798.859999895096
,,,,,4798.865000009537
,,,,,4798.869999885559
,,,,,4798.875
,,,,,4798.880000114441
,,,,,4798.884999990463
,,,,,4798.890000104904
,,,,,4798.8949999809265
,,,,,4798.900000095368
,,,,,4798.90499997139
,,,,,4798.910000085831
,,,,,4798.914999961853
,,,,,4798.920000076294
,,,,,4798.924999952316
,,,,,4798.930000066757
,,,,,4798.9349999427795
,,,,,4798.940000057221
,,,,,4798.944999933243
,,,,,4798.950000047684
,,,,,4798.954999923706
,,,,,4798.960000038147
,,,,,4798.964999914169
,,,,,4798.97000002861
,,,,,4798.974999904633
,,,,,4798.9800000190735
,,,,,4798.984999895096
,,,,,4798.990000009537
,,,,,4798.994999885559
,,,,,4799.0
,,,,,4799.005000114441
,,,,,4799.009999990463
,,,,,4799.015000104904
,,,,,4799.0199999809265
,,,,,4799.025000095368
,,,,,4799.02999997139
,,,,,4799.035000085831
,,,,,4799.039999961853
,,,,,4799.045000076294
,,,,,4799.049999952316
,,,,,4799.055000066757
,,,,,4799.0599999427795
,,,,,4799.065000057221
,,,,,4799.069999933243
,,,,,4799.075000047684
,,,,,4799.079999923706
,,,,,4799.085000038147
,,,,,4799.089999914169
,,,,,4799.09500002861
,,,,,4799.099999904633
,,,,,4799.1050000190735
,,,,,4799.109999895096
,,,,,4799.115000009537
,,,,,4799.119999885559
,,,,,4799.125
,,,,,4799.130000114441
,,,,,4799.134999990463
,,,,,4799.140000104904
,,,,,4799.1449999809265
,,,,,4799.150000095368
,,,,,4799.15499997139
,,,,,4799.160000085831
,,,,,4799.164999961853
,,,,,4799.170000076294
,,,,,4799.174999952316
,,,,,4799.180000066757
,,,,,4799.1849999427795
,,,,,4799.190000057221
,,,,,4799.194999933243
,,,,,4799.200000047684
,,,,,4799.204999923706
,,,,,4799.210000038147
,,,,,4799.214999914169
,,,,,4799.22000002861
,,,,,4799.224999904633
,,,,,4799.2300000190735
,,,,,4799.234999895096
,,,,,4799.240000009537
,,,,,4799.244999885559
,,,,,4799.25
,,,,,4799.255000114441
,,,,,4799.259999990463
,,,,,4799.265000104904
,,,,,4799.2699999809265
,,,,,4799.275000095368
,,,,,4799.27999997139
,,,,,4799.285000085831
,,,,,4799.289999961853
,,,,,4799.295000076294
,,,,,4799.299999952316
,,,,,4799.305000066757
,,,,,4799.3099999427795
,,,,,4799.315000057221
,,,,,4799.319999933243
,,,,,4799.325000047684
,,,,,4799.329999923706
,,,,,4799.335000038147
,,,,,4799.339999914169
,,,,,4799.34500002861
,,,,,4799.349999904633
,,,,,4799.3550000190735
,,,,,4799.359999895096
,,,,,4799.365000009537
,,,,,4799.369999885559
,,,,,4799.375
,,,,,4799.380000114441
,,,,,4799.384999990463
,,,,,4799.390000104904
,,,,,4799.3949999809265
,,,,,4799.400000095368
,,,,,4799.40499997139
,,,,,4799.410000085831
,,,,,4799.414999961853
,,,,,4799.420000076294
,,,,,4799.424999952316
,,,,,4799.430000066757
,,,,,4799.4349999427795
,,,,,4799.440000057221
,,,,,4799.444999933243
,,,,,4799.450000047684
,,,,,4799.454999923706
,,,,,4799.460000038147
,,,,,4799.464999914169
,,,,,4799.47000002861
,,,,,4799.474999904633
,,,,,4799.4800000190735
,,,,,4799.484999895096
,,,,,4799.490000009537
,,,,,4799.494999885559
,,,,,4799.5
,,,,,4799.505000114441
,,,,,4799.509999990463
,,,,,4799.515000104904
,,,,,4799.5199999809265
,,,,,4799.525000095368
,,,,,4799.52999997139
,,,,,4799.535000085831
,,,,,4799.539999961853
,,,,,4799.545000076294
,,,,,4799.549999952316
,,,,,4799.555000066757
,,,,,4799.5599999427795
,,,,,4799.565000057221
,,,,,4799.569999933243
,,,,,4799.575000047684
,,,,,4799.579999923706
,,,,,4799.585000038147
,,,,,4799.589999914169
,,,,,4799.59500002861
,,,,,4799.599999904633
,,,,,4799.6050000190735
,,,,,4799.609999895096
,,,,,4799.615000009537
,,,,,4799.619999885559
,,,,,4799.625
,,,,,4799.630000114441
,,,,,4799.634999990463
,,,,,4799.640000104904
,,,,,4799.6449999809265
,,,,,4799.650000095368
,,,,,4799.65499997139
,,,,,4799.660000085831
,,,,,4799.664999961853
,,,,,4799.670000076294
,,,,,4799.674999952316
,,,,,4799.680000066757
,,,,,4799.6849999427795
,,,,,4799.690000057221
,,,,,4799.694999933243
,,,,,4799.700000047684
,,,,,4799.704999923706
,,,,,4799.710000038147
,,,,,4799.714999914169
,,,,,4799.72000002861
,,,,,4799.724999904633
,,,,,4799.7300000190735
,,,,,4799.734999895096
,,,,,4799.740000009537
,,,,,4799.744999885559
,,,,,4799.75
,,,,,4799.755000114441
,,,,,4799.759999990463
,,,,,4799.765000104904
,,,,,4799.7699999809265
,,,,,4799.775000095368
,,,,,4799.77999997139
,,,,,4799.785000085831
,,,,,4799.789999961853
,,,,,4799.795000076294
,,,,,4799.799999952316
,,,,,4799.805000066757
,,,,,4799.8099999427795
,,,,,4799.815000057221
,,,,,4799.819999933243
,,,,,4799.825000047684
,,,,,4799.829999923706
,,,,,4799.835000038147
,,,,,4799.839999914169
,,,,,4799.84500002861
,,,,,4799.849999904633
,,,,,4799.8550000190735
,,,,,4799.859999895096
,,,,,4799.865000009537
,,,,,4799.869999885559
,,,,,4799.875
,,,,,4799.880000114441
,,,,,4799.884999990463
,,,,,4799.890000104904
,,,,,4799.8949999809265
,,,,,4799.900000095368
,,,,,4799.90499997139
,,,,,4799.910000085831
,,,,,4799.914999961853
,,,,,4799.920000076294
,,,,,4799.924999952316
,,,,,4799.930000066757
,,,,,4799.9349999427795
,,,,,4799.940000057221
,,,,,4799.944999933243
,,,,,4799.950000047684
,,,,,4799.954999923706
,,,,,4799.960000038147
,,,,,4799.964999914169
,,,,,4799.97000002861
,,,,,4799.974999904633
,,,,,4799.9800000190735
,,,,,4799.984999895096
,,,,,4799.990000009537
,,,,,4799.994999885559
,,,,,4800.0
,,,,,4800.005000114441
,,,,,4800.009999990463
,,,,,4800.015000104904
,,,,,4800.0199999809265
,,,,,4800.025000095368
,,,,,4800.02999997139
,,,,,4800.035000085831
,,,,,4800.039999961853
,,,,,4800.045000076294
,,,,,4800.049999952316
,,,,,4800.055000066757
,,,,,4800.0599999427795
,,,,,4800.065000057221
,,,,,4800.069999933243
,,,,,4800.075000047684
,,,,,4800.079999923706
,,,,,4800.085000038147
,,,,,4800.089999914169
,,,,,4800.09500002861
,,,,,4800.099999904633
,,,,,4800.1050000190735
,,,,,4800.109999895096
,,,,,4800.115000009537
,,,,,4800.119999885559
,,,,,4800.125
,,,,,4800.130000114441
,,,,,4800.134999990463
,,,,,4800.140000104904
,,,,,4800.1449999809265
,,,,,4800.150000095368
,,,,,4800.15499997139
,,,,,4800.160000085831
,,,,,4800.164999961853
,,,,,4800.170000076294
,,,,,4800.174999952316
,,,,,4800.180000066757
,,,,,4800.1849999427795
,,,,,4800.190000057221
,,,,,4800.194999933243
,,,,,4800.200000047684
,,,,,4800.204999923706
,,,,,4800.210000038147
,,,,,4800.214999914169
,,,,,4800.22000002861
,,,,,4800.224999904633
,,,,,4800.2300000190735
,,,,,4800.234999895096
,,,,,4800.240000009537
,,,,,4800.244999885559
,,,,,4800.25
,,,,,4800.255000114441
,,,,,4800.259999990463
,,,,,4800.265000104904
,,,,,4800.2699999809265
,,,,,4800.275000095368
,,,,,4800.27999997139
,,,,,4800.285000085831
,,,,,4800.289999961853
,,,,,4800.295000076294
,,,,,4800.299999952316
,,,,,4800.305000066757
,,,,,4800.3099999427795
,,,,,4800.315000057221
,,,,,4800.319999933243
,,,,,4800.325000047684
,,,,,4800.329999923706
,,,,,4800.335000038147
,,,,,4800.339999914169
,,,,,4800.34500002861
,,,,,4800.349999904633
,,,,,4800.3550000190735
,,,,,4800.359999895096
,,,,,4800.365000009537
,,,,,4800.369999885559
,,,,,4800.375
,,,,,4800.380000114441
,,,,,4800.384999990463
,,,,,4800.390000104904
,,,,,4800.3949999809265
,,,,,4800.400000095368
,,,,,4800.40499997139
,,,,,4800.410000085831
,,,,,4800.414999961853
,,,,,4800.420000076294
,,,,,4800.424999952316
,,,,,4800.430000066757
,,,,,4800.4349999427795
,,,,,4800.440000057221
,,,,,4800.444999933243
,,,,,4800.450000047684
,,,,,4800.454999923706
,,,,,4800.460000038147
,,,,,4800.464999914169
,,,,,4800.47000002861
,,,,,4800.474999904633
,,,,,4800.4800000190735
,,,,,4800.484999895096
,,,,,4800.490000009537
,,,,,4800.494999885559
,,,,,4800.5
,,,,,4800.505000114441
,,,,,4800.509999990463
,,,,,4800.515000104904
,,,,,4800.5199999809265
,,,,,4800.525000095368
,,,,,4800.52999997139
,,,,,4800.535000085831
,,,,,4800.539999961853
,,,,,4800.545000076294
,,,,,4800.549999952316
,,,,,4800.555000066757
,,,,,4800.5599999427795
,,,,,4800.565000057221
,,,,,4800.569999933243
,,,,,4800.575000047684
,,,,,4800.579999923706
,,,,,4800.585000038147
,,,,,4800.589999914169
,,,,,4800.59500002861
,,,,,4800.599999904633
,,,,,4800.6050000190735
,,,,,4800.609999895096
,,,,,4800.615000009537
,,,,,4800.619999885559
,,,,,4800.625
,,,,,4800.630000114441
,,,,,4800.634999990463
,,,,,4800.640000104904
,,,,,4800.6449999809265
,,,,,4800.650000095368
,,,,,4800.65499997139
,,,,,4800.660000085831
,,,,,4800.664999961853
,,,,,4800.670000076294
,,,,,4800.674999952316
,,,,,4800.680000066757
,,,,,4800.6849999427795
,,,,,4800.690000057221
,,,,,4800.694999933243
,,,,,4800.700000047684
,,,,,4800.704999923706
,,,,,4800.710000038147
,,,,,4800.714999914169
,,,,,4800.72000002861
,,,,,4800.724999904633
,,,,,4800.7300000190735
,,,,,4800.734999895096
,,,,,4800.740000009537
,,,,,4800.744999885559
,,,,,4800.75
,,,,,4800.755000114441
,,,,,4800.759999990463
,,,,,4800.765000104904
,,,,,4800.7699999809265
,,,,,4800.775000095368
,,,,,4800.77999997139
,,,,,4800.785000085831
,,,,,4800.789999961853
,,,,,4800.795000076294
,,,,,4800.799999952316
,,,,,4800.805000066757
,,,,,4800.8099999427795
,,,,,4800.815000057221
,,,,,4800.819999933243
,,,,,4800.825000047684
,,,,,4800.829999923706
,,,,,4800.835000038147
,,,,,4800.839999914169
,,,,,4800.84500002861
,,,,,4800.849999904633
,,,,,4800.8550000190735
,,,,,4800.859999895096
,,,,,4800.865000009537
,,,,,4800.869999885559
,,,,,4800.875
,,,,,4800.880000114441
,,,,,4800.884999990463
,,,,,4800.890000104904
,,,,,4800.8949999809265
,,,,,4800.900000095368
,,,,,4800.90499997139
,,,,,4800.910000085831
,,,,,4800.914999961853
,,,,,4800.920000076294
,,,,,4800.924999952316
,,,,,4800.930000066757
,,,,,4800.9349999427795
,,,,,4800.940000057221
,,,,,4800.944999933243
,,,,,4800.950000047684
,,,,,4800.954999923706
,,,,,4800.960000038147
,,,,,4800.964999914169
,,,,,4800.97000002861
,,,,,4800.974999904633
,,,,,4800.9800000190735
,,,,,4800.984999895096
,,,,,4800.990000009537
,,,,,4800.994999885559
,,,,,4801.0
,,,,,4801.005000114441
,,,,,4801.009999990463
,,,,,4801.015000104904
,,,,,4801.0199999809265
,,,,,4801.025000095368
,,,,,4801.02999997139
,,,,,4801.035000085831
,,,,,4801.039999961853
,,,,,4801.045000076294
,,,,,4801.049999952316
,,,,,4801.055000066757
,,,,,4801.0599999427795
,,,,,4801.065000057221
,,,,,4801.069999933243
,,,,,4801.075000047684
,,,,,4801.079999923706
,,,,,4801.085000038147
,,,,,4801.089999914169
,,,,,4801.09500002861
,,,,,4801.099999904633
,,,,,4801.1050000190735
,,,,,4801.109999895096
,,,,,4801.115000009537
,,,,,4801.119999885559
,,,,,4801.125
,,,,,4801.130000114441
,,,,,4801.134999990463
,,,,,4801.140000104904
,,,,,4801.1449999809265
,,,,,4801.150000095368
,,,,,4801.15499997139
,,,,,4801.160000085831
,,,,,4801.164999961853
,,,,,4801.170000076294
,,,,,4801.174999952316
,,,,,4801.180000066757
,,,,,4801.1849999427795
,,,,,4801.190000057221
,,,,,4801.194999933243
,,,,,4801.200000047684
,,,,,4801.204999923706
,,,,,4801.210000038147
,,,,,4801.214999914169
,,,,,4801.22000002861
,,,,,4801.224999904633
,,,,,4801.2300000190735
,,,,,4801.234999895096
,,,,,4801.240000009537
,,,,,4801.244999885559
,,,,,4801.25
,,,,,4801.255000114441
,,,,,4801.259999990463
,,,,,4801.265000104904
,,,,,4801.2699999809265
,,,,,4801.275000095368
,,,,,4801.27999997139
,,,,,4801.285000085831
,,,,,4801.289999961853
,,,,,4801.295000076294
,,,,,4801.299999952316
,,,,,4801.305000066757
,,,,,4801.3099999427795
,,,,,4801.315000057221
,,,,,4801.319999933243
,,,,,4801.325000047684
,,,,,4801.329999923706
,,,,,4801.335000038147
,,,,,4801.339999914169
,,,,,4801.34500002861
,,,,,4801.349999904633
,,,,,4801.3550000190735
,,,,,4801.359999895096
,,,,,4801.365000009537
,,,,,4801.369999885559
,,,,,4801.375
,,,,,4801.380000114441
,,,,,4801.384999990463
,,,,,4801.390000104904
,,,,,4801.3949999809265
,,,,,4801.400000095368
,,,,,4801.40499997139
,,,,,4801.410000085831
,,,,,4801.414999961853
,,,,,4801.420000076294
,,,,,4801.424999952316
,,,,,4801.430000066757
,,,,,4801.4349999427795
,,,,,4801.440000057221
,,,,,4801.444999933243
,,,,,4801.450000047684
,,,,,4801.454999923706
,,,,,4801.460000038147
,,,,,4801.464999914169
,,,,,4801.47000002861
,,,,,4801.474999904633
,,,,,4801.4800000190735
,,,,,4801.484999895096
,,,,,4801.490000009537
,,,,,4801.494999885559
,,,,,4801.5
,,,,,4801.505000114441
,,,,,4801.509999990463
,,,,,4801.515000104904
,,,,,4801.5199999809265
,,,,,4801.525000095368
,,,,,4801.52999997139
,,,,,4801.535000085831
,,,,,4801.539999961853
,,,,,4801.545000076294
,,,,,4801.549999952316
,,,,,4801.555000066757
,,,,,4801.5599999427795
,,,,,4801.565000057221
,,,,,4801.569999933243
,,,,,4801.575000047684
,,,,,4801.579999923706
,,,,,4801.585000038147
,,,,,4801.589999914169
,,,,,4801.59500002861
,,,,,4801.599999904633
,,,,,4801.6050000190735
,,,,,4801.609999895096
,,,,,4801.615000009537
,,,,,4801.619999885559
,,,,,4801.625
,,,,,4801.630000114441
,,,,,4801.634999990463
,,,,,4801.640000104904
,,,,,4801.6449999809265
,,,,,4801.650000095368
,,,,,4801.65499997139
,,,,,4801.660000085831
,,,,,4801.664999961853
,,,,,4801.670000076294
,,,,,4801.674999952316
,,,,,4801.680000066757
,,,,,4801.6849999427795
,,,,,4801.690000057221
,,,,,4801.694999933243
,,,,,4801.700000047684
,,,,,4801.704999923706
,,,,,4801.710000038147
,,,,,4801.714999914169
,,,,,4801.72000002861
,,,,,4801.724999904633
,,,,,4801.7300000190735
,,,,,4801.734999895096
,,,,,4801.740000009537
,,,,,4801.744999885559
,,,,,4801.75
,,,,,4801.755000114441
,,,,,4801.759999990463
,,,,,4801.765000104904
,,,,,4801.7699999809265
,,,,,4801.775000095368
,,,,,4801.77999997139
,,,,,4801.785000085831
,,,,,4801.789999961853
,,,,,4801.795000076294
,,,,,4801.799999952316
,,,,,4801.805000066757
,,,,,4801.8099999427795
,,,,,4801.815000057221
,,,,,4801.819999933243
,,,,,4801.825000047684
,,,,,4801.829999923706
,,,,,4801.835000038147
,,,,,4801.839999914169
,,,,,4801.84500002861
,,,,,4801.849999904633
,,,,,4801.8550000190735
,,,,,4801.859999895096
,,,,,4801.865000009537
,,,,,4801.869999885559
,,,,,4801.875
,,,,,4801.880000114441
,,,,,4801.884999990463
,,,,,4801.890000104904
,,,,,4801.8949999809265
,,,,,4801.900000095368
,,,,,4801.90499997139
,,,,,4801.910000085831
,,,,,4801.914999961853
,,,,,4801.920000076294
,,,,,4801.924999952316
,,,,,4801.930000066757
,,,,,4801.9349999427795
,,,,,4801.940000057221
,,,,,4801.944999933243
,,,,,4801.950000047684
,,,,,4801.954999923706
,,,,,4801.960000038147
,,,,,4801.964999914169
,,,,,4801.97000002861
,,,,,4801.974999904633
,,,,,4801.9800000190735
,,,,,4801.984999895096
,,,,,4801.990000009537
,,,,,4801.994999885559
,,,,,4802.0
,,,,,4802.005000114441
,,,,,4802.009999990463
,,,,,4802.015000104904
,,,,,4802.0199999809265
,,,,,4802.025000095368
,,,,,4802.02999997139
,,,,,4802.035000085831
,,,,,4802.039999961853
,,,,,4802.045000076294
,,,,,4802.049999952316
,,,,,4802.055000066757
,,,,,4802.0599999427795
,,,,,4802.065000057221
,,,,,4802.069999933243
,,,,,4802.075000047684
,,,,,4802.079999923706
,,,,,4802.085000038147
,,,,,4802.089999914169
,,,,,4802.09500002861
,,,,,4802.099999904633
,,,,,4802.1050000190735
,,,,,4802.109999895096
,,,,,4802.115000009537
,,,,,4802.119999885559
,,,,,4802.125
,,,,,4802.130000114441
,,,,,4802.134999990463
,,,,,4802.140000104904
,,,,,4802.1449999809265
,,,,,4802.150000095368
,,,,,4802.15499997139
,,,,,4802.160000085831
,,,,,4802.164999961853
,,,,,4802.170000076294
,,,,,4802.174999952316
,,,,,4802.180000066757
,,,,,4802.1849999427795
,,,,,4802.190000057221
,,,,,4802.194999933243
,,,,,4802.200000047684
,,,,,4802.204999923706
,,,,,4802.210000038147
,,,,,4802.214999914169
,,,,,4802.22000002861
,,,,,4802.224999904633
,,,,,4802.2300000190735
,,,,,4802.234999895096
,,,,,4802.240000009537
,,,,,4802.244999885559
,,,,,4802.25
,,,,,4802.255000114441
,,,,,4802.259999990463
,,,,,4802.265000104904
,,,,,4802.2699999809265
,,,,,4802.275000095368
,,,,,4802.27999997139
,,,,,4802.285000085831
,,,,,4802.289999961853
,,,,,4802.295000076294
,,,,,4802.299999952316
,,,,,4802.305000066757
,,,,,4802.3099999427795
,,,,,4802.315000057221
,,,,,4802.319999933243
,,,,,4802.325000047684
,,,,,4802.329999923706
,,,,,4802.335000038147
,,,,,4802.339999914169
,,,,,4802.34500002861
,,,,,4802.349999904633
,,,,,4802.3550000190735
,,,,,4802.359999895096
,,,,,4802.365000009537
,,,,,4802.369999885559
,,,,,4802.375
,,,,,4802.380000114441
,,,,,4802.384999990463
,,,,,4802.390000104904
,,,,,4802.3949999809265
,,,,,4802.400000095368
,,,,,4802.40499997139
,,,,,4802.410000085831
,,,,,4802.414999961853
,,,,,4802.420000076294
,,,,,4802.424999952316
,,,,,4802.430000066757
,,,,,4802.4349999427795
,,,,,4802.440000057221
,,,,,4802.444999933243
,,,,,4802.450000047684
,,,,,4802.454999923706
,,,,,4802.460000038147
,,,,,4802.464999914169
,,,,,4802.47000002861
,,,,,4802.474999904633
,,,,,4802.4800000190735
,,,,,4802.484999895096
,,,,,4802.490000009537
,,,,,4802.494999885559
,,,,,4802.5
,,,,,4802.505000114441
,,,,,4802.509999990463
,,,,,4802.515000104904
,,,,,4802.5199999809265
,,,,,4802.525000095368
,,,,,4802.52999997139
,,,,,4802.535000085831
,,,,,4802.539999961853
,,,,,4802.545000076294
,,,,,4802.549999952316
,,,,,4802.555000066757
,,,,,4802.5599999427795
,,,,,4802.565000057221
,,,,,4802.569999933243
,,,,,4802.575000047684
,,,,,4802.579999923706
,,,,,4802.585000038147
,,,,,4802.589999914169
,,,,,4802.59500002861
,,,,,4802.599999904633
,,,,,4802.6050000190735
,,,,,4802.609999895096
,,,,,4802.615000009537
,,,,,4802.619999885559
,,,,,4802.625
,,,,,4802.630000114441
,,,,,4802.634999990463
,,,,,4802.640000104904
,,,,,4802.6449999809265
,,,,,4802.650000095368
,,,,,4802.65499997139
,,,,,4802.660000085831
,,,,,4802.664999961853
,,,,,4802.670000076294
,,,,,4802.674999952316
,,,,,4802.680000066757
,,,,,4802.6849999427795
,,,,,4802.690000057221
,,,,,4802.694999933243
,,,,,4802.700000047684
,,,,,4802.704999923706
,,,,,4802.710000038147
,,,,,4802.714999914169
,,,,,4802.72000002861
,,,,,4802.724999904633
,,,,,4802.7300000190735
,,,,,4802.734999895096
,,,,,4802.740000009537
,,,,,4802.744999885559
,,,,,4802.75
,,,,,4802.755000114441
,,,,,4802.759999990463
,,,,,4802.765000104904
,,,,,4802.7699999809265
,,,,,4802.775000095368
,,,,,4802.77999997139
,,,,,4802.785000085831
,,,,,4802.789999961853
,,,,,4802.795000076294
,,,,,4802.799999952316
,,,,,4802.805000066757
,,,,,4802.8099999427795
,,,,,4802.815000057221
,,,,,4802.819999933243
,,,,,4802.825000047684
,,,,,4802.829999923706
,,,,,4802.835000038147
,,,,,4802.839999914169
,,,,,4802.84500002861
,,,,,4802.849999904633
,,,,,4802.8550000190735
,,,,,4802.859999895096
,,,,,4802.865000009537
,,,,,4802.869999885559
,,,,,4802.875
,,,,,4802.880000114441
,,,,,4802.884999990463
,,,,,4802.890000104904
,,,,,4802.8949999809265
,,,,,4802.900000095368
,,,,,4802.90499997139
,,,,,4802.910000085831
,,,,,4802.914999961853
,,,,,4802.920000076294
,,,,,4802.924999952316
,,,,,4802.930000066757
,,,,,4802.9349999427795
,,,,,4802.940000057221
,,,,,4802.944999933243
,,,,,4802.950000047684
,,,,,4802.954999923706
,,,,,4802.960000038147
,,,,,4802.964999914169
,,,,,4802.97000002861
,,,,,4802.974999904633
,,,,,4802.9800000190735
,,,,,4802.984999895096
,,,,,4802.990000009537
,,,,,4802.994999885559
,,,,,4803.0
,,,,,4803.005000114441
,,,,,4803.009999990463
,,,,,4803.015000104904
,,,,,4803.0199999809265
,,,,,4803.025000095368
,,,,,4803.02999997139
,,,,,4803.035000085831
,,,,,4803.039999961853
,,,,,4803.045000076294
,,,,,4803.049999952316
,,,,,4803.055000066757
,,,,,4803.0599999427795
,,,,,4803.065000057221
,,,,,4803.069999933243
,,,,,4803.075000047684
,,,,,4803.079999923706
,,,,,4803.085000038147
,,,,,4803.089999914169
,,,,,4803.09500002861
,,,,,4803.099999904633
,,,,,4803.1050000190735
,,,,,4803.109999895096
,,,,,4803.115000009537
,,,,,4803.119999885559
,,,,,4803.125
,,,,,4803.130000114441
,,,,,4803.134999990463
,,,,,4803.140000104904
,,,,,4803.1449999809265
,,,,,4803.150000095368
,,,,,4803.15499997139
,,,,,4803.160000085831
,,,,,4803.164999961853
,,,,,4803.170000076294
,,,,,4803.174999952316
,,,,,4803.180000066757
,,,,,4803.1849999427795
,,,,,4803.190000057221
,,,,,4803.194999933243
,,,,,4803.200000047684
,,,,,4803.204999923706
,,,,,4803.210000038147
,,,,,4803.214999914169
,,,,,4803.22000002861
,,,,,4803.224999904633
,,,,,4803.2300000190735
,,,,,4803.234999895096
,,,,,4803.240000009537
,,,,,4803.244999885559
,,,,,4803.25
,,,,,4803.255000114441
,,,,,4803.259999990463
,,,,,4803.265000104904
,,,,,4803.2699999809265
,,,,,4803.275000095368
,,,,,4803.27999997139
,,,,,4803.285000085831
,,,,,4803.289999961853
,,,,,4803.295000076294
,,,,,4803.299999952316
,,,,,4803.305000066757
,,,,,4803.3099999427795
,,,,,4803.315000057221
,,,,,4803.319999933243
,,,,,4803.325000047684
,,,,,4803.329999923706
,,,,,4803.335000038147
,,,,,4803.339999914169
,,,,,4803.34500002861
,,,,,4803.349999904633
,,,,,4803.3550000190735
,,,,,4803.359999895096
,,,,,4803.365000009537
,,,,,4803.369999885559
,,,,,4803.375
,,,,,4803.380000114441
,,,,,4803.384999990463
,,,,,4803.390000104904
,,,,,4803.3949999809265
,,,,,4803.400000095368
,,,,,4803.40499997139
,,,,,4803.410000085831
,,,,,4803.414999961853
,,,,,4803.420000076294
,,,,,4803.424999952316
,,,,,4803.430000066757
,,,,,4803.4349999427795
,,,,,4803.440000057221
,,,,,4803.444999933243
,,,,,4803.450000047684
,,,,,4803.454999923706
,,,,,4803.460000038147
,,,,,4803.464999914169
,,,,,4803.47000002861
,,,,,4803.474999904633
,,,,,4803.4800000190735
,,,,,4803.484999895096
,,,,,4803.490000009537
,,,,,4803.494999885559
,,,,,4803.5
,,,,,4803.505000114441
,,,,,4803.509999990463
,,,,,4803.515000104904
,,,,,4803.5199999809265
,,,,,4803.525000095368
,,,,,4803.52999997139
,,,,,4803.535000085831
,,,,,4803.539999961853
,,,,,4803.545000076294
,,,,,4803.549999952316
,,,,,4803.555000066757
,,,,,4803.5599999427795
,,,,,4803.565000057221
,,,,,4803.569999933243
,,,,,4803.575000047684
,,,,,4803.579999923706
,,,,,4803.585000038147
,,,,,4803.589999914169
,,,,,4803.59500002861
,,,,,4803.599999904633
,,,,,4803.6050000190735
,,,,,4803.609999895096
,,,,,4803.615000009537
,,,,,4803.619999885559
,,,,,4803.625
,,,,,4803.630000114441
,,,,,4803.634999990463
,,,,,4803.640000104904
,,,,,4803.6449999809265
,,,,,4803.650000095368
,,,,,4803.65499997139
,,,,,4803.660000085831
,,,,,4803.664999961853
,,,,,4803.670000076294
,,,,,4803.674999952316
,,,,,4803.680000066757
,,,,,4803.6849999427795
,,,,,4803.690000057221
,,,,,4803.694999933243
,,,,,4803.700000047684
,,,,,4803.704999923706
,,,,,4803.710000038147
,,,,,4803.714999914169
,,,,,4803.72000002861
,,,,,4803.724999904633
,,,,,4803.7300000190735
,,,,,4803.734999895096
,,,,,4803.740000009537
,,,,,4803.744999885559
,,,,,4803.75
,,,,,4803.755000114441
,,,,,4803.759999990463
,,,,,4803.765000104904
,,,,,4803.7699999809265
,,,,,4803.775000095368
,,,,,4803.77999997139
,,,,,4803.785000085831
,,,,,4803.789999961853
,,,,,4803.795000076294
,,,,,4803.799999952316
,,,,,4803.805000066757
,,,,,4803.8099999427795
,,,,,4803.815000057221
,,,,,4803.819999933243
,,,,,4803.825000047684
,,,,,4803.829999923706
,,,,,4803.835000038147
,,,,,4803.839999914169
,,,,,4803.84500002861
,,,,,4803.849999904633
,,,,,4803.8550000190735
,,,,,4803.859999895096
,,,,,4803.865000009537
,,,,,4803.869999885559
,,,,,4803.875
,,,,,4803.880000114441
,,,,,4803.884999990463
,,,,,4803.890000104904
,,,,,4803.8949999809265
,,,,,4803.900000095368
,,,,,4803.90499997139
,,,,,4803.910000085831
,,,,,4803.914999961853
,,,,,4803.920000076294
,,,,,4803.924999952316
,,,,,4803.930000066757
,,,,,4803.9349999427795
,,,,,4803.940000057221
,,,,,4803.944999933243
,,,,,4803.950000047684
,,,,,4803.954999923706
,,,,,4803.960000038147
,,,,,4803.964999914169
,,,,,4803.97000002861
,,,,,4803.974999904633
,,,,,4803.9800000190735
,,,,,4803.984999895096
,,,,,4803.990000009537
,,,,,4803.994999885559
,,,,,4804.0
,,,,,4804.005000114441
,,,,,4804.009999990463
,,,,,4804.015000104904
,,,,,4804.0199999809265
,,,,,4804.025000095368
,,,,,4804.02999997139
,,,,,4804.035000085831
,,,,,4804.039999961853
,,,,,4804.045000076294
,,,,,4804.049999952316
,,,,,4804.055000066757
,,,,,4804.0599999427795
,,,,,4804.065000057221
,,,,,4804.069999933243
,,,,,4804.075000047684
,,,,,4804.079999923706
,,,,,4804.085000038147
,,,,,4804.089999914169
,,,,,4804.09500002861
,,,,,4804.099999904633
,,,,,4804.1050000190735
,,,,,4804.109999895096
,,,,,4804.115000009537
,,,,,4804.119999885559
,,,,,4804.125
,,,,,4804.130000114441
,,,,,4804.134999990463
,,,,,4804.140000104904
,,,,,4804.1449999809265
,,,,,4804.150000095368
,,,,,4804.15499997139
,,,,,4804.160000085831
,,,,,4804.164999961853
,,,,,4804.170000076294
,,,,,4804.174999952316
,,,,,4804.180000066757
,,,,,4804.1849999427795
,,,,,4804.190000057221
,,,,,4804.194999933243
,,,,,4804.200000047684
,,,,,4804.204999923706
,,,,,4804.210000038147
,,,,,4804.214999914169
,,,,,4804.22000002861
,,,,,4804.224999904633
,,,,,4804.2300000190735
,,,,,4804.234999895096
,,,,,4804.240000009537
,,,,,4804.244999885559
,,,,,4804.25
,,,,,4804.255000114441
,,,,,4804.259999990463
,,,,,4804.265000104904
,,,,,4804.2699999809265
,,,,,4804.275000095368
,,,,,4804.27999997139
,,,,,4804.285000085831
,,,,,4804.289999961853
,,,,,4804.295000076294
,,,,,4804.299999952316
,,,,,4804.305000066757
,,,,,4804.3099999427795
,,,,,4804.315000057221
,,,,,4804.319999933243
,,,,,4804.325000047684
,,,,,4804.329999923706
,,,,,4804.335000038147
,,,,,4804.339999914169
,,,,,4804.34500002861
,,,,,4804.349999904633
,,,,,4804.3550000190735
,,,,,4804.359999895096
,,,,,4804.365000009537
,,,,,4804.369999885559
,,,,,4804.375
,,,,,4804.380000114441
,,,,,4804.384999990463
,,,,,4804.390000104904
,,,,,4804.3949999809265
,,,,,4804.400000095368
,,,,,4804.40499997139
,,,,,4804.410000085831
,,,,,4804.414999961853
,,,,,4804.420000076294
,,,,,4804.424999952316
,,,,,4804.430000066757
,,,,,4804.4349999427795
,,,,,4804.440000057221
,,,,,4804.444999933243
,,,,,4804.450000047684
,,,,,4804.454999923706
,,,,,4804.460000038147
,,,,,4804.464999914169
,,,,,4804.47000002861
,,,,,4804.474999904633
,,,,,4804.4800000190735
,,,,,4804.484999895096
,,,,,4804.490000009537
,,,,,4804.494999885559
,,,,,4804.5
,,,,,4804.505000114441
,,,,,4804.509999990463
,,,,,4804.515000104904
,,,,,4804.5199999809265
,,,,,4804.525000095368
,,,,,4804.52999997139
,,,,,4804.535000085831
,,,,,4804.539999961853
,,,,,4804.545000076294
,,,,,4804.549999952316
,,,,,4804.555000066757
,,,,,4804.5599999427795
,,,,,4804.565000057221
,,,,,4804.569999933243
,,,,,4804.575000047684
,,,,,4804.579999923706
,,,,,4804.585000038147
,,,,,4804.589999914169
,,,,,4804.59500002861
,,,,,4804.599999904633
,,,,,4804.6050000190735
,,,,,4804.609999895096
,,,,,4804.615000009537
,,,,,4804.619999885559
,,,,,4804.625
,,,,,4804.630000114441
,,,,,4804.634999990463
,,,,,4804.640000104904
,,,,,4804.6449999809265
,,,,,4804.650000095368
,,,,,4804.65499997139
,,,,,4804.660000085831
,,,,,4804.664999961853
,,,,,4804.670000076294
,,,,,4804.674999952316
,,,,,4804.680000066757
,,,,,4804.6849999427795
,,,,,4804.690000057221
,,,,,4804.694999933243
,,,,,4804.700000047684
,,,,,4804.704999923706
,,,,,4804.710000038147
,,,,,4804.714999914169
,,,,,4804.72000002861
,,,,,4804.724999904633
,,,,,4804.7300000190735
,,,,,4804.734999895096
,,,,,4804.740000009537
,,,,,4804.744999885559
,,,,,4804.75
,,,,,4804.755000114441
,,,,,4804.759999990463
,,,,,4804.765000104904
,,,,,4804.7699999809265
,,,,,4804.775000095368
,,,,,4804.77999997139
,,,,,4804.785000085831
,,,,,4804.789999961853
,,,,,4804.795000076294
,,,,,4804.799999952316
,,,,,4804.805000066757
,,,,,4804.8099999427795
,,,,,4804.815000057221
,,,,,4804.819999933243
,,,,,4804.825000047684
,,,,,4804.829999923706
,,,,,4804.835000038147
,,,,,4804.839999914169
,,,,,4804.84500002861
,,,,,4804.849999904633
,,,,,4804.8550000190735
,,,,,4804.859999895096
,,,,,4804.865000009537
,,,,,4804.869999885559
,,,,,4804.875
,,,,,4804.880000114441
,,,,,4804.884999990463
,,,,,4804.890000104904
,,,,,4804.8949999809265
,,,,,4804.900000095368
,,,,,4804.90499997139
,,,,,4804.910000085831
,,,,,4804.914999961853
,,,,,4804.920000076294
,,,,,4804.924999952316
,,,,,4804.930000066757
,,,,,4804.9349999427795
,,,,,4804.940000057221
,,,,,4804.944999933243
,,,,,4804.950000047684
,,,,,4804.954999923706
,,,,,4804.960000038147
,,,,,4804.964999914169
,,,,,4804.97000002861
,,,,,4804.974999904633
,,,,,4804.9800000190735
,,,,,4804.984999895096
,,,,,4804.990000009537
,,,,,4804.994999885559
,,,,,4805.0
,,,,,4805.005000114441
,,,,,4805.009999990463
,,,,,4805.015000104904
,,,,,4805.0199999809265
,,,,,4805.025000095368
,,,,,4805.02999997139
,,,,,4805.035000085831
,,,,,4805.039999961853
,,,,,4805.045000076294
,,,,,4805.049999952316
,,,,,4805.055000066757
,,,,,4805.0599999427795
,,,,,4805.065000057221
,,,,,4805.069999933243
,,,,,4805.075000047684
,,,,,4805.079999923706
,,,,,4805.085000038147
,,,,,4805.089999914169
,,,,,4805.09500002861
,,,,,4805.099999904633
,,,,,4805.1050000190735
,,,,,4805.109999895096
,,,,,4805.115000009537
,,,,,4805.119999885559
,,,,,4805.125
,,,,,4805.130000114441
,,,,,4805.134999990463
,,,,,4805.140000104904
,,,,,4805.1449999809265
,,,,,4805.150000095368
,,,,,4805.15499997139
,,,,,4805.160000085831
,,,,,4805.164999961853
,,,,,4805.170000076294
,,,,,4805.174999952316
,,,,,4805.180000066757
,,,,,4805.1849999427795
,,,,,4805.190000057221
,,,,,4805.194999933243
,,,,,4805.200000047684
,,,,,4805.204999923706
,,,,,4805.210000038147
,,,,,4805.214999914169
,,,,,4805.22000002861
,,,,,4805.224999904633
,,,,,4805.2300000190735
,,,,,4805.234999895096
,,,,,4805.240000009537
,,,,,4805.244999885559
,,,,,4805.25
,,,,,4805.255000114441
,,,,,4805.259999990463
,,,,,4805.265000104904
,,,,,4805.2699999809265
,,,,,4805.275000095368
,,,,,4805.27999997139
,,,,,4805.285000085831
,,,,,4805.289999961853
,,,,,4805.295000076294
,,,,,4805.299999952316
,,,,,4805.305000066757
,,,,,4805.3099999427795
,,,,,4805.315000057221
,,,,,4805.319999933243
,,,,,4805.325000047684
,,,,,4805.329999923706
,,,,,4805.335000038147
,,,,,4805.339999914169
,,,,,4805.34500002861
,,,,,4805.349999904633
,,,,,4805.3550000190735
,,,,,4805.359999895096
,,,,,4805.365000009537
,,,,,4805.369999885559
,,,,,4805.375
,,,,,4805.380000114441
,,,,,4805.384999990463
,,,,,4805.390000104904
,,,,,4805.3949999809265
,,,,,4805.400000095368
,,,,,4805.40499997139
,,,,,4805.410000085831
,,,,,4805.414999961853
,,,,,4805.420000076294
,,,,,4805.424999952316
,,,,,4805.430000066757
,,,,,4805.4349999427795
,,,,,4805.440000057221
,,,,,4805.444999933243
,,,,,4805.450000047684
,,,,,4805.454999923706
,,,,,4805.460000038147
,,,,,4805.464999914169
,,,,,4805.47000002861
,,,,,4805.474999904633
,,,,,4805.4800000190735
,,,,,4805.484999895096
,,,,,4805.490000009537
,,,,,4805.494999885559
,,,,,4805.5
,,,,,4805.505000114441
,,,,,4805.509999990463
,,,,,4805.515000104904
,,,,,4805.5199999809265
,,,,,4805.525000095368
,,,,,4805.52999997139
,,,,,4805.535000085831
,,,,,4805.539999961853
,,,,,4805.545000076294
,,,,,4805.549999952316
,,,,,4805.555000066757
,,,,,4805.5599999427795
,,,,,4805.565000057221
,,,,,4805.569999933243
,,,,,4805.575000047684
,,,,,4805.579999923706
,,,,,4805.585000038147
,,,,,4805.589999914169
,,,,,4805.59500002861
,,,,,4805.599999904633
,,,,,4805.6050000190735
,,,,,4805.609999895096
,,,,,4805.615000009537
,,,,,4805.619999885559
,,,,,4805.625
,,,,,4805.630000114441
,,,,,4805.634999990463
,,,,,4805.640000104904
,,,,,4805.6449999809265
,,,,,4805.650000095368
,,,,,4805.65499997139
,,,,,4805.660000085831
,,,,,4805.664999961853
,,,,,4805.670000076294
,,,,,4805.674999952316
,,,,,4805.680000066757
,,,,,4805.6849999427795
,,,,,4805.690000057221
,,,,,4805.694999933243
,,,,,4805.700000047684
,,,,,4805.704999923706
,,,,,4805.710000038147
,,,,,4805.714999914169
,,,,,4805.72000002861
,,,,,4805.724999904633
,,,,,4805.7300000190735
,,,,,4805.734999895096
,,,,,4805.740000009537
,,,,,4805.744999885559
,,,,,4805.75
,,,,,4805.755000114441
,,,,,4805.759999990463
,,,,,4805.765000104904
,,,,,4805.7699999809265
,,,,,4805.775000095368
,,,,,4805.77999997139
,,,,,4805.785000085831
,,,,,4805.789999961853
,,,,,4805.795000076294
,,,,,4805.799999952316
,,,,,4805.805000066757
,,,,,4805.8099999427795
,,,,,4805.815000057221
,,,,,4805.819999933243
,,,,,4805.825000047684
,,,,,4805.829999923706
,,,,,4805.835000038147
,,,,,4805.839999914169
,,,,,4805.84500002861
,,,,,4805.849999904633
,,,,,4805.8550000190735
,,,,,4805.859999895096
,,,,,4805.865000009537
,,,,,4805.869999885559
,,,,,4805.875
,,,,,4805.880000114441
,,,,,4805.884999990463
,,,,,4805.890000104904
,,,,,4805.8949999809265
,,,,,4805.900000095368
,,,,,4805.90499997139
,,,,,4805.910000085831
,,,,,4805.914999961853
,,,,,4805.920000076294
,,,,,4805.924999952316
,,,,,4805.930000066757
,,,,,4805.9349999427795
,,,,,4805.940000057221
,,,,,4805.944999933243
,,,,,4805.950000047684
,,,,,4805.954999923706
,,,,,4805.960000038147
,,,,,4805.964999914169
,,,,,4805.97000002861
,,,,,4805.974999904633
,,,,,4805.9800000190735
,,,,,4805.984999895096
,,,,,4805.990000009537
,,,,,4805.994999885559
,,,,,4806.0
,,,,,4806.005000114441
,,,,,4806.009999990463
,,,,,4806.015000104904
,,,,,4806.0199999809265
,,,,,4806.025000095368
,,,,,4806.02999997139
,,,,,4806.035000085831
,,,,,4806.039999961853
,,,,,4806.045000076294
,,,,,4806.049999952316
,,,,,4806.055000066757
,,,,,4806.0599999427795
,,,,,4806.065000057221
,,,,,4806.069999933243
,,,,,4806.075000047684
,,,,,4806.079999923706
,,,,,4806.085000038147
,,,,,4806.089999914169
,,,,,4806.09500002861
,,,,,4806.099999904633
,,,,,4806.1050000190735
,,,,,4806.109999895096
,,,,,4806.115000009537
,,,,,4806.119999885559
,,,,,4806.125
,,,,,4806.130000114441
,,,,,4806.134999990463
,,,,,4806.140000104904
,,,,,4806.1449999809265
,,,,,4806.150000095368
,,,,,4806.15499997139
,,,,,4806.160000085831
,,,,,4806.164999961853
,,,,,4806.170000076294
,,,,,4806.174999952316
,,,,,4806.180000066757
,,,,,4806.1849999427795
,,,,,4806.190000057221
,,,,,4806.194999933243
,,,,,4806.200000047684
,,,,,4806.204999923706
,,,,,4806.210000038147
,,,,,4806.214999914169
,,,,,4806.22000002861
,,,,,4806.224999904633
,,,,,4806.2300000190735
,,,,,4806.234999895096
,,,,,4806.240000009537
,,,,,4806.244999885559
,,,,,4806.25
,,,,,4806.255000114441
,,,,,4806.259999990463
,,,,,4806.265000104904
,,,,,4806.2699999809265
,,,,,4806.275000095368
,,,,,4806.27999997139
,,,,,4806.285000085831
,,,,,4806.289999961853
,,,,,4806.295000076294
,,,,,4806.299999952316
,,,,,4806.305000066757
,,,,,4806.3099999427795
,,,,,4806.315000057221
,,,,,4806.319999933243
,,,,,4806.325000047684
,,,,,4806.329999923706
,,,,,4806.335000038147
,,,,,4806.339999914169
,,,,,4806.34500002861
,,,,,4806.349999904633
,,,,,4806.3550000190735
,,,,,4806.359999895096
,,,,,4806.365000009537
,,,,,4806.369999885559
,,,,,4806.375
,,,,,4806.380000114441
,,,,,4806.384999990463
,,,,,4806.390000104904
,,,,,4806.3949999809265
,,,,,4806.400000095368
,,,,,4806.40499997139
,,,,,4806.410000085831
,,,,,4806.414999961853
,,,,,4806.420000076294
,,,,,4806.424999952316
,,,,,4806.430000066757
,,,,,4806.4349999427795
,,,,,4806.440000057221
,,,,,4806.444999933243
,,,,,4806.450000047684
,,,,,4806.454999923706
,,,,,4806.460000038147
,,,,,4806.464999914169
,,,,,4806.47000002861
,,,,,4806.474999904633
,,,,,4806.4800000190735
,,,,,4806.484999895096
,,,,,4806.490000009537
,,,,,4806.494999885559
,,,,,4806.5
,,,,,4806.505000114441
,,,,,4806.509999990463
,,,,,4806.515000104904
,,,,,4806.5199999809265
,,,,,4806.525000095368
,,,,,4806.52999997139
,,,,,4806.535000085831
,,,,,4806.539999961853
,,,,,4806.545000076294
,,,,,4806.549999952316
,,,,,4806.555000066757
,,,,,4806.5599999427795
,,,,,4806.565000057221
,,,,,4806.569999933243
,,,,,4806.575000047684
,,,,,4806.579999923706
,,,,,4806.585000038147
,,,,,4806.589999914169
,,,,,4806.59500002861
,,,,,4806.599999904633
,,,,,4806.6050000190735
,,,,,4806.609999895096
,,,,,4806.615000009537
,,,,,4806.619999885559
,,,,,4806.625
,,,,,4806.630000114441
,,,,,4806.634999990463
,,,,,4806.640000104904
,,,,,4806.6449999809265
,,,,,4806.650000095368
,,,,,4806.65499997139
,,,,,4806.660000085831
,,,,,4806.664999961853
,,,,,4806.670000076294
,,,,,4806.674999952316
,,,,,4806.680000066757
,,,,,4806.6849999427795
,,,,,4806.690000057221
,,,,,4806.694999933243
,,,,,4806.700000047684
,,,,,4806.704999923706
,,,,,4806.710000038147
,,,,,4806.714999914169
,,,,,4806.72000002861
,,,,,4806.724999904633
,,,,,4806.7300000190735
,,,,,4806.734999895096
,,,,,4806.740000009537
,,,,,4806.744999885559
,,,,,4806.75
,,,,,4806.755000114441
,,,,,4806.759999990463
,,,,,4806.765000104904
,,,,,4806.7699999809265
,,,,,4806.775000095368
,,,,,4806.77999997139
,,,,,4806.785000085831
,,,,,4806.789999961853
,,,,,4806.795000076294
,,,,,4806.799999952316
,,,,,4806.805000066757
,,,,,4806.8099999427795
,,,,,4806.815000057221
,,,,,4806.819999933243
,,,,,4806.825000047684
,,,,,4806.829999923706
,,,,,4806.835000038147
,,,,,4806.839999914169
,,,,,4806.84500002861
,,,,,4806.849999904633
,,,,,4806.8550000190735
,,,,,4806.859999895096
,,,,,4806.865000009537
,,,,,4806.869999885559
,,,,,4806.875
,,,,,4806.880000114441
,,,,,4806.884999990463
,,,,,4806.890000104904
,,,,,4806.8949999809265
,,,,,4806.900000095368
,,,,,4806.90499997139
,,,,,4806.910000085831
,,,,,4806.914999961853
,,,,,4806.920000076294
,,,,,4806.924999952316
,,,,,4806.930000066757
,,,,,4806.9349999427795
,,,,,4806.940000057221
,,,,,4806.944999933243
,,,,,4806.950000047684
,,,,,4806.954999923706
,,,,,4806.960000038147
,,,,,4806.964999914169
,,,,,4806.97000002861
,,,,,4806.974999904633
,,,,,4806.9800000190735
,,,,,4806.984999895096
,,,,,4806.990000009537
,,,,,4806.994999885559
,,,,,4807.0
,,,,,4807.005000114441
,,,,,4807.009999990463
,,,,,4807.015000104904
,,,,,4807.0199999809265
,,,,,4807.025000095368
,,,,,4807.02999997139
,,,,,4807.035000085831
,,,,,4807.039999961853
,,,,,4807.045000076294
,,,,,4807.049999952316
,,,,,4807.055000066757
,,,,,4807.0599999427795
,,,,,4807.065000057221
,,,,,4807.069999933243
,,,,,4807.075000047684
,,,,,4807.079999923706
,,,,,4807.085000038147
,,,,,4807.089999914169
,,,,,4807.09500002861
,,,,,4807.099999904633
,,,,,4807.1050000190735
,,,,,4807.109999895096
,,,,,4807.115000009537
,,,,,4807.119999885559
,,,,,4807.125
,,,,,4807.130000114441
,,,,,4807.134999990463
,,,,,4807.140000104904
,,,,,4807.1449999809265
,,,,,4807.150000095368
,,,,,4807.15499997139
,,,,,4807.160000085831
,,,,,4807.164999961853
,,,,,4807.170000076294
,,,,,4807.174999952316
,,,,,4807.180000066757
,,,,,4807.1849999427795
,,,,,4807.190000057221
,,,,,4807.194999933243
,,,,,4807.200000047684
,,,,,4807.204999923706
,,,,,4807.210000038147
,,,,,4807.214999914169
,,,,,4807.22000002861
,,,,,4807.224999904633
,,,,,4807.2300000190735
,,,,,4807.234999895096
,,,,,4807.240000009537
,,,,,4807.244999885559
,,,,,4807.25
,,,,,4807.255000114441
,,,,,4807.259999990463
,,,,,4807.265000104904
,,,,,4807.2699999809265
,,,,,4807.275000095368
,,,,,4807.27999997139
,,,,,4807.285000085831
,,,,,4807.289999961853
,,,,,4807.295000076294
,,,,,4807.299999952316
,,,,,4807.305000066757
,,,,,4807.3099999427795
,,,,,4807.315000057221
,,,,,4807.319999933243
,,,,,4807.325000047684
,,,,,4807.329999923706
,,,,,4807.335000038147
,,,,,4807.339999914169
,,,,,4807.34500002861
,,,,,4807.349999904633
,,,,,4807.3550000190735
,,,,,4807.359999895096
,,,,,4807.365000009537
,,,,,4807.369999885559
,,,,,4807.375
,,,,,4807.380000114441
,,,,,4807.384999990463
,,,,,4807.390000104904
,,,,,4807.3949999809265
,,,,,4807.400000095368
,,,,,4807.40499997139
,,,,,4807.410000085831
,,,,,4807.414999961853
,,,,,4807.420000076294
,,,,,4807.424999952316
,,,,,4807.430000066757
,,,,,4807.4349999427795
,,,,,4807.440000057221
,,,,,4807.444999933243
,,,,,4807.450000047684
,,,,,4807.454999923706
,,,,,4807.460000038147
,,,,,4807.464999914169
,,,,,4807.47000002861
,,,,,4807.474999904633
,,,,,4807.4800000190735
,,,,,4807.484999895096
,,,,,4807.490000009537
,,,,,4807.494999885559
,,,,,4807.5
,,,,,4807.505000114441
,,,,,4807.509999990463
,,,,,4807.515000104904
,,,,,4807.5199999809265
,,,,,4807.525000095368
,,,,,4807.52999997139
,,,,,4807.535000085831
,,,,,4807.539999961853
,,,,,4807.545000076294
,,,,,4807.549999952316
,,,,,4807.555000066757
,,,,,4807.5599999427795
,,,,,4807.565000057221
,,,,,4807.569999933243
,,,,,4807.575000047684
,,,,,4807.579999923706
,,,,,4807.585000038147
,,,,,4807.589999914169
,,,,,4807.59500002861
,,,,,4807.599999904633
,,,,,4807.6050000190735
,,,,,4807.609999895096
,,,,,4807.615000009537
,,,,,4807.619999885559
,,,,,4807.625
,,,,,4807.630000114441
,,,,,4807.634999990463
,,,,,4807.640000104904
,,,,,4807.6449999809265
,,,,,4807.650000095368
,,,,,4807.65499997139
,,,,,4807.660000085831
,,,,,4807.664999961853
,,,,,4807.670000076294
,,,,,4807.674999952316
,,,,,4807.680000066757
,,,,,4807.6849999427795
,,,,,4807.690000057221
,,,,,4807.694999933243
,,,,,4807.700000047684
,,,,,4807.704999923706
,,,,,4807.710000038147
,,,,,4807.714999914169
,,,,,4807.72000002861
,,,,,4807.724999904633
,,,,,4807.7300000190735
,,,,,4807.734999895096
,,,,,4807.740000009537
,,,,,4807.744999885559
,,,,,4807.75
,,,,,4807.755000114441
,,,,,4807.759999990463
,,,,,4807.765000104904
,,,,,4807.7699999809265
,,,,,4807.775000095368
,,,,,4807.77999997139
,,,,,4807.785000085831
,,,,,4807.789999961853
,,,,,4807.795000076294
,,,,,4807.799999952316
,,,,,4807.805000066757
,,,,,4807.8099999427795
,,,,,4807.815000057221
,,,,,4807.819999933243
,,,,,4807.825000047684
,,,,,4807.829999923706
,,,,,4807.835000038147
,,,,,4807.839999914169
,,,,,4807.84500002861
,,,,,4807.849999904633
,,,,,4807.8550000190735
,,,,,4807.859999895096
,,,,,4807.865000009537
,,,,,4807.869999885559
,,,,,4807.875
,,,,,4807.880000114441
,,,,,4807.884999990463
,,,,,4807.890000104904
,,,,,4807.8949999809265
,,,,,4807.900000095368
,,,,,4807.90499997139
,,,,,4807.910000085831
,,,,,4807.914999961853
,,,,,4807.920000076294
,,,,,4807.924999952316
,,,,,4807.930000066757
,,,,,4807.9349999427795
,,,,,4807.940000057221
,,,,,4807.944999933243
,,,,,4807.950000047684
,,,,,4807.954999923706
,,,,,4807.960000038147
,,,,,4807.964999914169
,,,,,4807.97000002861
,,,,,4807.974999904633
,,,,,4807.9800000190735
,,,,,4807.984999895096
,,,,,4807.990000009537
,,,,,4807.994999885559
,,,,,4808.0
,,,,,4808.005000114441
,,,,,4808.009999990463
,,,,,4808.015000104904
,,,,,4808.0199999809265
,,,,,4808.025000095368
,,,,,4808.02999997139
,,,,,4808.035000085831
,,,,,4808.039999961853
,,,,,4808.045000076294
,,,,,4808.049999952316
,,,,,4808.055000066757
,,,,,4808.0599999427795
,,,,,4808.065000057221
,,,,,4808.069999933243
,,,,,4808.075000047684
,,,,,4808.079999923706
,,,,,4808.085000038147
,,,,,4808.089999914169
,,,,,4808.09500002861
,,,,,4808.099999904633
,,,,,4808.1050000190735
,,,,,4808.109999895096
,,,,,4808.115000009537
,,,,,4808.119999885559
,,,,,4808.125
,,,,,4808.130000114441
,,,,,4808.134999990463
,,,,,4808.140000104904
,,,,,4808.1449999809265
,,,,,4808.150000095368
,,,,,4808.15499997139
,,,,,4808.160000085831
,,,,,4808.164999961853
,,,,,4808.170000076294
,,,,,4808.174999952316
,,,,,4808.180000066757
,,,,,4808.1849999427795
,,,,,4808.190000057221
,,,,,4808.194999933243
,,,,,4808.200000047684
,,,,,4808.204999923706
,,,,,4808.210000038147
,,,,,4808.214999914169
,,,,,4808.22000002861
,,,,,4808.224999904633
,,,,,4808.2300000190735
,,,,,4808.234999895096
,,,,,4808.240000009537
,,,,,4808.244999885559
,,,,,4808.25
,,,,,4808.255000114441
,,,,,4808.259999990463
,,,,,4808.265000104904
,,,,,4808.2699999809265
,,,,,4808.275000095368
,,,,,4808.27999997139
,,,,,4808.285000085831
,,,,,4808.289999961853
,,,,,4808.295000076294
,,,,,4808.299999952316
,,,,,4808.305000066757
,,,,,4808.3099999427795
,,,,,4808.315000057221
,,,,,4808.319999933243
,,,,,4808.325000047684
,,,,,4808.329999923706
,,,,,4808.335000038147
,,,,,4808.339999914169
,,,,,4808.34500002861
,,,,,4808.349999904633
,,,,,4808.3550000190735
,,,,,4808.359999895096
,,,,,4808.365000009537
,,,,,4808.369999885559
,,,,,4808.375
,,,,,4808.380000114441
,,,,,4808.384999990463
,,,,,4808.390000104904
,,,,,4808.3949999809265
,,,,,4808.400000095368
,,,,,4808.40499997139
,,,,,4808.410000085831
,,,,,4808.414999961853
,,,,,4808.420000076294
,,,,,4808.424999952316
,,,,,4808.430000066757
,,,,,4808.4349999427795
,,,,,4808.440000057221
,,,,,4808.444999933243
,,,,,4808.450000047684
,,,,,4808.454999923706
,,,,,4808.460000038147
,,,,,4808.464999914169
,,,,,4808.47000002861
,,,,,4808.474999904633
,,,,,4808.4800000190735
,,,,,4808.484999895096
,,,,,4808.490000009537
,,,,,4808.494999885559
,,,,,4808.5
,,,,,4808.505000114441
,,,,,4808.509999990463
,,,,,4808.515000104904
,,,,,4808.5199999809265
,,,,,4808.525000095368
,,,,,4808.52999997139
,,,,,4808.535000085831
,,,,,4808.539999961853
,,,,,4808.545000076294
,,,,,4808.549999952316
,,,,,4808.555000066757
,,,,,4808.5599999427795
,,,,,4808.565000057221
,,,,,4808.569999933243
,,,,,4808.575000047684
,,,,,4808.579999923706
,,,,,4808.585000038147
,,,,,4808.589999914169
,,,,,4808.59500002861
,,,,,4808.599999904633
,,,,,4808.6050000190735
,,,,,4808.609999895096
,,,,,4808.615000009537
,,,,,4808.619999885559
,,,,,4808.625
,,,,,4808.630000114441
,,,,,4808.634999990463
,,,,,4808.640000104904
,,,,,4808.6449999809265
,,,,,4808.650000095368
,,,,,4808.65499997139
,,,,,4808.660000085831
,,,,,4808.664999961853
,,,,,4808.670000076294
,,,,,4808.674999952316
,,,,,4808.680000066757
,,,,,4808.6849999427795
,,,,,4808.690000057221
,,,,,4808.694999933243
,,,,,4808.700000047684
,,,,,4808.704999923706
,,,,,4808.710000038147
,,,,,4808.714999914169
,,,,,4808.72000002861
,,,,,4808.724999904633
,,,,,4808.7300000190735
,,,,,4808.734999895096
,,,,,4808.740000009537
,,,,,4808.744999885559
,,,,,4808.75
,,,,,4808.755000114441
,,,,,4808.759999990463
,,,,,4808.765000104904
,,,,,4808.7699999809265
,,,,,4808.775000095368
,,,,,4808.77999997139
,,,,,4808.785000085831
,,,,,4808.789999961853
,,,,,4808.795000076294
,,,,,4808.799999952316
,,,,,4808.805000066757
,,,,,4808.8099999427795
,,,,,4808.815000057221
,,,,,4808.819999933243
,,,,,4808.825000047684
,,,,,4808.829999923706
,,,,,4808.835000038147
,,,,,4808.839999914169
,,,,,4808.84500002861
,,,,,4808.849999904633
,,,,,4808.8550000190735
,,,,,4808.859999895096
,,,,,4808.865000009537
,,,,,4808.869999885559
,,,,,4808.875
,,,,,4808.880000114441
,,,,,4808.884999990463
,,,,,4808.890000104904
,,,,,4808.8949999809265
,,,,,4808.900000095368
,,,,,4808.90499997139
,,,,,4808.910000085831
,,,,,4808.914999961853
,,,,,4808.920000076294
,,,,,4808.924999952316
,,,,,4808.930000066757
,,,,,4808.9349999427795
,,,,,4808.940000057221
,,,,,4808.944999933243
,,,,,4808.950000047684
,,,,,4808.954999923706
,,,,,4808.960000038147
,,,,,4808.964999914169
,,,,,4808.97000002861
,,,,,4808.974999904633
,,,,,4808.9800000190735
,,,,,4808.984999895096
,,,,,4808.990000009537
,,,,,4808.994999885559
,,,,,4809.0
,,,,,4809.005000114441
,,,,,4809.009999990463
,,,,,4809.015000104904
,,,,,4809.0199999809265
,,,,,4809.025000095368
,,,,,4809.02999997139
,,,,,4809.035000085831
,,,,,4809.039999961853
,,,,,4809.045000076294
,,,,,4809.049999952316
,,,,,4809.055000066757
,,,,,4809.0599999427795
,,,,,4809.065000057221
,,,,,4809.069999933243
,,,,,4809.075000047684
,,,,,4809.079999923706
,,,,,4809.085000038147
,,,,,4809.089999914169
,,,,,4809.09500002861
,,,,,4809.099999904633
,,,,,4809.1050000190735
,,,,,4809.109999895096
,,,,,4809.115000009537
,,,,,4809.119999885559
,,,,,4809.125
,,,,,4809.130000114441
,,,,,4809.134999990463
,,,,,4809.140000104904
,,,,,4809.1449999809265
,,,,,4809.150000095368
,,,,,4809.15499997139
,,,,,4809.160000085831
,,,,,4809.164999961853
,,,,,4809.170000076294
,,,,,4809.174999952316
,,,,,4809.180000066757
,,,,,4809.1849999427795
,,,,,4809.190000057221
,,,,,4809.194999933243
,,,,,4809.200000047684
,,,,,4809.204999923706
,,,,,4809.210000038147
,,,,,4809.214999914169
,,,,,4809.22000002861
,,,,,4809.224999904633
,,,,,4809.2300000190735
,,,,,4809.234999895096
,,,,,4809.240000009537
,,,,,4809.244999885559
,,,,,4809.25
,,,,,4809.255000114441
,,,,,4809.259999990463
,,,,,4809.265000104904
,,,,,4809.2699999809265
,,,,,4809.275000095368
,,,,,4809.27999997139
,,,,,4809.285000085831
,,,,,4809.289999961853
,,,,,4809.295000076294
,,,,,4809.299999952316
,,,,,4809.305000066757
,,,,,4809.3099999427795
,,,,,4809.315000057221
,,,,,4809.319999933243
,,,,,4809.325000047684
,,,,,4809.329999923706
,,,,,4809.335000038147
,,,,,4809.339999914169
,,,,,4809.34500002861
,,,,,4809.349999904633
,,,,,4809.3550000190735
,,,,,4809.359999895096
,,,,,4809.365000009537
,,,,,4809.369999885559
,,,,,4809.375
,,,,,4809.380000114441
,,,,,4809.384999990463
,,,,,4809.390000104904
,,,,,4809.3949999809265
,,,,,4809.400000095368
,,,,,4809.40499997139
,,,,,4809.410000085831
,,,,,4809.414999961853
,,,,,4809.420000076294
,,,,,4809.424999952316
,,,,,4809.430000066757
,,,,,4809.4349999427795
,,,,,4809.440000057221
,,,,,4809.444999933243
,,,,,4809.450000047684
,,,,,4809.454999923706
,,,,,4809.460000038147
,,,,,4809.464999914169
,,,,,4809.47000002861
,,,,,4809.474999904633
,,,,,4809.4800000190735
,,,,,4809.484999895096
,,,,,4809.490000009537
,,,,,4809.494999885559
,,,,,4809.5
,,,,,4809.505000114441
,,,,,4809.509999990463
,,,,,4809.515000104904
,,,,,4809.5199999809265
,,,,,4809.525000095368
,,,,,4809.52999997139
,,,,,4809.535000085831
,,,,,4809.539999961853
,,,,,4809.545000076294
,,,,,4809.549999952316
,,,,,4809.555000066757
,,,,,4809.5599999427795
,,,,,4809.565000057221
,,,,,4809.569999933243
,,,,,4809.575000047684
,,,,,4809.579999923706
,,,,,4809.585000038147
,,,,,4809.589999914169
,,,,,4809.59500002861
,,,,,4809.599999904633
,,,,,4809.6050000190735
,,,,,4809.609999895096
,,,,,4809.615000009537
,,,,,4809.619999885559
,,,,,4809.625
,,,,,4809.630000114441
,,,,,4809.634999990463
,,,,,4809.640000104904
,,,,,4809.6449999809265
,,,,,4809.650000095368
,,,,,4809.65499997139
,,,,,4809.660000085831
,,,,,4809.664999961853
,,,,,4809.670000076294
,,,,,4809.674999952316
,,,,,4809.680000066757
,,,,,4809.6849999427795
,,,,,4809.690000057221
,,,,,4809.694999933243
,,,,,4809.700000047684
,,,,,4809.704999923706
,,,,,4809.710000038147
,,,,,4809.714999914169
,,,,,4809.72000002861
,,,,,4809.724999904633
,,,,,4809.7300000190735
,,,,,4809.734999895096
,,,,,4809.740000009537
,,,,,4809.744999885559
,,,,,4809.75
,,,,,4809.755000114441
,,,,,4809.759999990463
,,,,,4809.765000104904
,,,,,4809.7699999809265
,,,,,4809.775000095368
,,,,,4809.77999997139
,,,,,4809.785000085831
,,,,,4809.789999961853
,,,,,4809.795000076294
,,,,,4809.799999952316
,,,,,4809.805000066757
,,,,,4809.8099999427795
,,,,,4809.815000057221
,,,,,4809.819999933243
,,,,,4809.825000047684
,,,,,4809.829999923706
,,,,,4809.835000038147
,,,,,4809.839999914169
,,,,,4809.84500002861
,,,,,4809.849999904633
,,,,,4809.8550000190735
,,,,,4809.859999895096
,,,,,4809.865000009537
,,,,,4809.869999885559
,,,,,4809.875
,,,,,4809.880000114441
,,,,,4809.884999990463
,,,,,4809.890000104904
,,,,,4809.8949999809265
,,,,,4809.900000095368
,,,,,4809.90499997139
,,,,,4809.910000085831
,,,,,4809.914999961853
,,,,,4809.920000076294
,,,,,4809.924999952316
,,,,,4809.930000066757
,,,,,4809.9349999427795
,,,,,4809.940000057221
,,,,,4809.944999933243
,,,,,4809.950000047684
,,,,,4809.954999923706
,,,,,4809.960000038147
,,,,,4809.964999914169
,,,,,4809.97000002861
,,,,,4809.974999904633
,,,,,4809.9800000190735
,,,,,4809.984999895096
,,,,,4809.990000009537
,,,,,4809.994999885559
,,,,,4810.0
,,,,,4810.005000114441
,,,,,4810.009999990463
,,,,,4810.015000104904
,,,,,4810.0199999809265
,,,,,4810.025000095368
,,,,,4810.02999997139
,,,,,4810.035000085831
,,,,,4810.039999961853
,,,,,4810.045000076294
,,,,,4810.049999952316
,,,,,4810.055000066757
,,,,,4810.0599999427795
,,,,,4810.065000057221
,,,,,4810.069999933243
,,,,,4810.075000047684
,,,,,4810.079999923706
,,,,,4810.085000038147
,,,,,4810.089999914169
,,,,,4810.09500002861
,,,,,4810.099999904633
,,,,,4810.1050000190735
,,,,,4810.109999895096
,,,,,4810.115000009537
,,,,,4810.119999885559
,,,,,4810.125
,,,,,4810.130000114441
,,,,,4810.134999990463
,,,,,4810.140000104904
,,,,,4810.1449999809265
,,,,,4810.150000095368
,,,,,4810.15499997139
,,,,,4810.160000085831
,,,,,4810.164999961853
,,,,,4810.170000076294
,,,,,4810.174999952316
,,,,,4810.180000066757
,,,,,4810.1849999427795
,,,,,4810.190000057221
,,,,,4810.194999933243
,,,,,4810.200000047684
,,,,,4810.204999923706
,,,,,4810.210000038147
,,,,,4810.214999914169
,,,,,4810.22000002861
,,,,,4810.224999904633
,,,,,4810.2300000190735
,,,,,4810.234999895096
,,,,,4810.240000009537
,,,,,4810.244999885559
,,,,,4810.25
,,,,,4810.255000114441
,,,,,4810.259999990463
,,,,,4810.265000104904
,,,,,4810.2699999809265
,,,,,4810.275000095368
,,,,,4810.27999997139
,,,,,4810.285000085831
,,,,,4810.289999961853
,,,,,4810.295000076294
,,,,,4810.299999952316
,,,,,4810.305000066757
,,,,,4810.3099999427795
,,,,,4810.315000057221
,,,,,4810.319999933243
,,,,,4810.325000047684
,,,,,4810.329999923706
,,,,,4810.335000038147
,,,,,4810.339999914169
,,,,,4810.34500002861
,,,,,4810.349999904633
,,,,,4810.3550000190735
,,,,,4810.359999895096
,,,,,4810.365000009537
,,,,,4810.369999885559
,,,,,4810.375
,,,,,4810.380000114441
,,,,,4810.384999990463
,,,,,4810.390000104904
,,,,,4810.3949999809265
,,,,,4810.400000095368
,,,,,4810.40499997139
,,,,,4810.410000085831
,,,,,4810.414999961853
,,,,,4810.420000076294
,,,,,4810.424999952316
,,,,,4810.430000066757
,,,,,4810.4349999427795
,,,,,4810.440000057221
,,,,,4810.444999933243
,,,,,4810.450000047684
,,,,,4810.454999923706
,,,,,4810.460000038147
,,,,,4810.464999914169
,,,,,4810.47000002861
,,,,,4810.474999904633
,,,,,4810.4800000190735
,,,,,4810.484999895096
,,,,,4810.490000009537
,,,,,4810.494999885559
,,,,,4810.5
,,,,,4810.505000114441
,,,,,4810.509999990463
,,,,,4810.515000104904
,,,,,4810.5199999809265
,,,,,4810.525000095368
,,,,,4810.52999997139
,,,,,4810.535000085831
,,,,,4810.539999961853
,,,,,4810.545000076294
,,,,,4810.549999952316
,,,,,4810.555000066757
,,,,,4810.5599999427795
,,,,,4810.565000057221
,,,,,4810.569999933243
,,,,,4810.575000047684
,,,,,4810.579999923706
,,,,,4810.585000038147
,,,,,4810.589999914169
,,,,,4810.59500002861
,,,,,4810.599999904633
,,,,,4810.6050000190735
,,,,,4810.609999895096
,,,,,4810.615000009537
,,,,,4810.619999885559
,,,,,4810.625
,,,,,4810.630000114441
,,,,,4810.634999990463
,,,,,4810.640000104904
,,,,,4810.6449999809265
,,,,,4810.650000095368
,,,,,4810.65499997139
,,,,,4810.660000085831
,,,,,4810.664999961853
,,,,,4810.670000076294
,,,,,4810.674999952316
,,,,,4810.680000066757
,,,,,4810.6849999427795
,,,,,4810.690000057221
,,,,,4810.694999933243
,,,,,4810.700000047684
,,,,,4810.704999923706
,,,,,4810.710000038147
,,,,,4810.714999914169
,,,,,4810.72000002861
,,,,,4810.724999904633
,,,,,4810.7300000190735
,,,,,4810.734999895096
,,,,,4810.740000009537
,,,,,4810.744999885559
,,,,,4810.75
,,,,,4810.755000114441
,,,,,4810.759999990463
,,,,,4810.765000104904
,,,,,4810.7699999809265
,,,,,4810.775000095368
,,,,,4810.77999997139
,,,,,4810.785000085831
,,,,,4810.789999961853
,,,,,4810.795000076294
,,,,,4810.799999952316
,,,,,4810.805000066757
,,,,,4810.8099999427795
,,,,,4810.815000057221
,,,,,4810.819999933243
,,,,,4810.825000047684
,,,,,4810.829999923706
,,,,,4810.835000038147
,,,,,4810.839999914169
,,,,,4810.84500002861
,,,,,4810.849999904633
,,,,,4810.8550000190735
,,,,,4810.859999895096
,,,,,4810.865000009537
,,,,,4810.869999885559
,,,,,4810.875
,,,,,4810.880000114441
,,,,,4810.884999990463
,,,,,4810.890000104904
,,,,,4810.8949999809265
,,,,,4810.900000095368
,,,,,4810.90499997139
,,,,,4810.910000085831
,,,,,4810.914999961853
,,,,,4810.920000076294
,,,,,4810.924999952316
,,,,,4810.930000066757
,,,,,4810.9349999427795
,,,,,4810.940000057221
,,,,,4810.944999933243
,,,,,4810.950000047684
,,,,,4810.954999923706
,,,,,4810.960000038147
,,,,,4810.964999914169
,,,,,4810.97000002861
,,,,,4810.974999904633
,,,,,4810.9800000190735
,,,,,4810.984999895096
,,,,,4810.990000009537
,,,,,4810.994999885559
,,,,,4811.0
,,,,,4811.005000114441
,,,,,4811.009999990463
,,,,,4811.015000104904
,,,,,4811.0199999809265
,,,,,4811.025000095368
,,,,,4811.02999997139
,,,,,4811.035000085831
,,,,,4811.039999961853
,,,,,4811.045000076294
,,,,,4811.049999952316
,,,,,4811.055000066757
,,,,,4811.0599999427795
,,,,,4811.065000057221
,,,,,4811.069999933243
,,,,,4811.075000047684
,,,,,4811.079999923706
,,,,,4811.085000038147
,,,,,4811.089999914169
,,,,,4811.09500002861
,,,,,4811.099999904633
,,,,,4811.1050000190735
,,,,,4811.109999895096
,,,,,4811.115000009537
,,,,,4811.119999885559
,,,,,4811.125
,,,,,4811.130000114441
,,,,,4811.134999990463
,,,,,4811.140000104904
,,,,,4811.1449999809265
,,,,,4811.150000095368
,,,,,4811.15499997139
,,,,,4811.160000085831
,,,,,4811.164999961853
,,,,,4811.170000076294
,,,,,4811.174999952316
,,,,,4811.180000066757
,,,,,4811.1849999427795
,,,,,4811.190000057221
,,,,,4811.194999933243
,,,,,4811.200000047684
,,,,,4811.204999923706
,,,,,4811.210000038147
,,,,,4811.214999914169
,,,,,4811.22000002861
,,,,,4811.224999904633
,,,,,4811.2300000190735
,,,,,4811.234999895096
,,,,,4811.240000009537
,,,,,4811.244999885559
,,,,,4811.25
,,,,,4811.255000114441
,,,,,4811.259999990463
,,,,,4811.265000104904
,,,,,4811.2699999809265
,,,,,4811.275000095368
,,,,,4811.27999997139
,,,,,4811.285000085831
,,,,,4811.289999961853
,,,,,4811.295000076294
,,,,,4811.299999952316
,,,,,4811.305000066757
,,,,,4811.3099999427795
,,,,,4811.315000057221
,,,,,4811.319999933243
,,,,,4811.325000047684
,,,,,4811.329999923706
,,,,,4811.335000038147
,,,,,4811.339999914169
,,,,,4811.34500002861
,,,,,4811.349999904633
,,,,,4811.3550000190735
,,,,,4811.359999895096
,,,,,4811.365000009537
,,,,,4811.369999885559
,,,,,4811.375
,,,,,4811.380000114441
,,,,,4811.384999990463
,,,,,4811.390000104904
,,,,,4811.3949999809265
,,,,,4811.400000095368
,,,,,4811.40499997139
,,,,,4811.410000085831
,,,,,4811.414999961853
,,,,,4811.420000076294
,,,,,4811.424999952316
,,,,,4811.430000066757
,,,,,4811.4349999427795
,,,,,4811.440000057221
,,,,,4811.444999933243
,,,,,4811.450000047684
,,,,,4811.454999923706
,,,,,4811.460000038147
,,,,,4811.464999914169
,,,,,4811.47000002861
,,,,,4811.474999904633
,,,,,4811.4800000190735
,,,,,4811.484999895096
,,,,,4811.490000009537
,,,,,4811.494999885559
,,,,,4811.5
,,,,,4811.505000114441
,,,,,4811.509999990463
,,,,,4811.515000104904
,,,,,4811.5199999809265
,,,,,4811.525000095368
,,,,,4811.52999997139
,,,,,4811.535000085831
,,,,,4811.539999961853
,,,,,4811.545000076294
,,,,,4811.549999952316
,,,,,4811.555000066757
,,,,,4811.5599999427795
,,,,,4811.565000057221
,,,,,4811.569999933243
,,,,,4811.575000047684
,,,,,4811.579999923706
,,,,,4811.585000038147
,,,,,4811.589999914169
,,,,,4811.59500002861
,,,,,4811.599999904633
,,,,,4811.6050000190735
,,,,,4811.609999895096
,,,,,4811.615000009537
,,,,,4811.619999885559
,,,,,4811.625
,,,,,4811.630000114441
,,,,,4811.634999990463
,,,,,4811.640000104904
,,,,,4811.6449999809265
,,,,,4811.650000095368
,,,,,4811.65499997139
,,,,,4811.660000085831
,,,,,4811.664999961853
,,,,,4811.670000076294
,,,,,4811.674999952316
,,,,,4811.680000066757
,,,,,4811.6849999427795
,,,,,4811.690000057221
,,,,,4811.694999933243
,,,,,4811.700000047684
,,,,,4811.704999923706
,,,,,4811.710000038147
,,,,,4811.714999914169
,,,,,4811.72000002861
,,,,,4811.724999904633
,,,,,4811.7300000190735
,,,,,4811.734999895096
,,,,,4811.740000009537
,,,,,4811.744999885559
,,,,,4811.75
,,,,,4811.755000114441
,,,,,4811.759999990463
,,,,,4811.765000104904
,,,,,4811.7699999809265
,,,,,4811.775000095368
,,,,,4811.77999997139
,,,,,4811.785000085831
,,,,,4811.789999961853
,,,,,4811.795000076294
,,,,,4811.799999952316
,,,,,4811.805000066757
,,,,,4811.8099999427795
,,,,,4811.815000057221
,,,,,4811.819999933243
,,,,,4811.825000047684
,,,,,4811.829999923706
,,,,,4811.835000038147
,,,,,4811.839999914169
,,,,,4811.84500002861
,,,,,4811.849999904633
,,,,,4811.8550000190735
,,,,,4811.859999895096
,,,,,4811.865000009537
,,,,,4811.869999885559
,,,,,4811.875
,,,,,4811.880000114441
,,,,,4811.884999990463
,,,,,4811.890000104904
,,,,,4811.8949999809265
,,,,,4811.900000095368
,,,,,4811.90499997139
,,,,,4811.910000085831
,,,,,4811.914999961853
,,,,,4811.920000076294
,,,,,4811.924999952316
,,,,,4811.930000066757
,,,,,4811.9349999427795
,,,,,4811.940000057221
,,,,,4811.944999933243
,,,,,4811.950000047684
,,,,,4811.954999923706
,,,,,4811.960000038147
,,,,,4811.964999914169
,,,,,4811.97000002861
,,,,,4811.974999904633
,,,,,4811.9800000190735
,,,,,4811.984999895096
,,,,,4811.990000009537
,,,,,4811.994999885559
,,,,,4812.0
,,,,,4812.005000114441
,,,,,4812.009999990463
,,,,,4812.015000104904
,,,,,4812.0199999809265
,,,,,4812.025000095368
,,,,,4812.02999997139
,,,,,4812.035000085831
,,,,,4812.039999961853
,,,,,4812.045000076294
,,,,,4812.049999952316
,,,,,4812.055000066757
,,,,,4812.0599999427795
,,,,,4812.065000057221
,,,,,4812.069999933243
,,,,,4812.075000047684
,,,,,4812.079999923706
,,,,,4812.085000038147
,,,,,4812.089999914169
,,,,,4812.09500002861
,,,,,4812.099999904633
,,,,,4812.1050000190735
,,,,,4812.109999895096
,,,,,4812.115000009537
,,,,,4812.119999885559
,,,,,4812.125
,,,,,4812.130000114441
,,,,,4812.134999990463
,,,,,4812.140000104904
,,,,,4812.1449999809265
,,,,,4812.150000095368
,,,,,4812.15499997139
,,,,,4812.160000085831
,,,,,4812.164999961853
,,,,,4812.170000076294
,,,,,4812.174999952316
,,,,,4812.180000066757
,,,,,4812.1849999427795
,,,,,4812.190000057221
,,,,,4812.194999933243
,,,,,4812.200000047684
,,,,,4812.204999923706
,,,,,4812.210000038147
,,,,,4812.214999914169
,,,,,4812.22000002861
,,,,,4812.224999904633
,,,,,4812.2300000190735
,,,,,4812.234999895096
,,,,,4812.240000009537
,,,,,4812.244999885559
,,,,,4812.25
,,,,,4812.255000114441
,,,,,4812.259999990463
,,,,,4812.265000104904
,,,,,4812.2699999809265
,,,,,4812.275000095368
,,,,,4812.27999997139
,,,,,4812.285000085831
,,,,,4812.289999961853
,,,,,4812.295000076294
,,,,,4812.299999952316
,,,,,4812.305000066757
,,,,,4812.3099999427795
,,,,,4812.315000057221
,,,,,4812.319999933243
,,,,,4812.325000047684
,,,,,4812.329999923706
,,,,,4812.335000038147
,,,,,4812.339999914169
,,,,,4812.34500002861
,,,,,4812.349999904633
,,,,,4812.3550000190735
,,,,,4812.359999895096
,,,,,4812.365000009537
,,,,,4812.369999885559
,,,,,4812.375
,,,,,4812.380000114441
,,,,,4812.384999990463
,,,,,4812.390000104904
,,,,,4812.3949999809265
,,,,,4812.400000095368
,,,,,4812.40499997139
,,,,,4812.410000085831
,,,,,4812.414999961853
,,,,,4812.420000076294
,,,,,4812.424999952316
,,,,,4812.430000066757
,,,,,4812.4349999427795
,,,,,4812.440000057221
,,,,,4812.444999933243
,,,,,4812.450000047684
,,,,,4812.454999923706
,,,,,4812.460000038147
,,,,,4812.464999914169
,,,,,4812.47000002861
,,,,,4812.474999904633
,,,,,4812.4800000190735
,,,,,4812.484999895096
,,,,,4812.490000009537
,,,,,4812.494999885559
,,,,,4812.5
,,,,,4812.505000114441
,,,,,4812.509999990463
,,,,,4812.515000104904
,,,,,4812.5199999809265
,,,,,4812.525000095368
,,,,,4812.52999997139
,,,,,4812.535000085831
,,,,,4812.539999961853
,,,,,4812.545000076294
,,,,,4812.549999952316
,,,,,4812.555000066757
,,,,,4812.5599999427795
,,,,,4812.565000057221
,,,,,4812.569999933243
,,,,,4812.575000047684
,,,,,4812.579999923706
,,,,,4812.585000038147
,,,,,4812.589999914169
,,,,,4812.59500002861
,,,,,4812.599999904633
,,,,,4812.6050000190735
,,,,,4812.609999895096
,,,,,4812.615000009537
,,,,,4812.619999885559
,,,,,4812.625
,,,,,4812.630000114441
,,,,,4812.634999990463
,,,,,4812.640000104904
,,,,,4812.6449999809265
,,,,,4812.650000095368
,,,,,4812.65499997139
,,,,,4812.660000085831
,,,,,4812.664999961853
,,,,,4812.670000076294
,,,,,4812.674999952316
,,,,,4812.680000066757
,,,,,4812.6849999427795
,,,,,4812.690000057221
,,,,,4812.694999933243
,,,,,4812.700000047684
,,,,,4812.704999923706
,,,,,4812.710000038147
,,,,,4812.714999914169
,,,,,4812.72000002861
,,,,,4812.724999904633
,,,,,4812.7300000190735
,,,,,4812.734999895096
,,,,,4812.740000009537
,,,,,4812.744999885559
,,,,,4812.75
,,,,,4812.755000114441
,,,,,4812.759999990463
,,,,,4812.765000104904
,,,,,4812.7699999809265
,,,,,4812.775000095368
,,,,,4812.77999997139
,,,,,4812.785000085831
,,,,,4812.789999961853
,,,,,4812.795000076294
,,,,,4812.799999952316
,,,,,4812.805000066757
,,,,,4812.8099999427795
,,,,,4812.815000057221
,,,,,4812.819999933243
,,,,,4812.825000047684
,,,,,4812.829999923706
,,,,,4812.835000038147
,,,,,4812.839999914169
,,,,,4812.84500002861
,,,,,4812.849999904633
,,,,,4812.8550000190735
,,,,,4812.859999895096
,,,,,4812.865000009537
,,,,,4812.869999885559
,,,,,4812.875
,,,,,4812.880000114441
,,,,,4812.884999990463
,,,,,4812.890000104904
,,,,,4812.8949999809265
,,,,,4812.900000095368
,,,,,4812.90499997139
,,,,,4812.910000085831
,,,,,4812.914999961853
,,,,,4812.920000076294
,,,,,4812.924999952316
,,,,,4812.930000066757
,,,,,4812.9349999427795
,,,,,4812.940000057221
,,,,,4812.944999933243
,,,,,4812.950000047684
,,,,,4812.954999923706
,,,,,4812.960000038147
,,,,,4812.964999914169
,,,,,4812.97000002861
,,,,,4812.974999904633
,,,,,4812.9800000190735
,,,,,4812.984999895096
,,,,,4812.990000009537
,,,,,4812.994999885559
,,,,,4813.0
,,,,,4813.005000114441
,,,,,4813.009999990463
,,,,,4813.015000104904
,,,,,4813.0199999809265
,,,,,4813.025000095368
,,,,,4813.02999997139
,,,,,4813.035000085831
,,,,,4813.039999961853
,,,,,4813.045000076294
,,,,,4813.049999952316
,,,,,4813.055000066757
,,,,,4813.0599999427795
,,,,,4813.065000057221
,,,,,4813.069999933243
,,,,,4813.075000047684
,,,,,4813.079999923706
,,,,,4813.085000038147
,,,,,4813.089999914169
,,,,,4813.09500002861
,,,,,4813.099999904633
,,,,,4813.1050000190735
,,,,,4813.109999895096
,,,,,4813.115000009537
,,,,,4813.119999885559
,,,,,4813.125
,,,,,4813.130000114441
,,,,,4813.134999990463
,,,,,4813.140000104904
,,,,,4813.1449999809265
,,,,,4813.150000095368
,,,,,4813.15499997139
,,,,,4813.160000085831
,,,,,4813.164999961853
,,,,,4813.170000076294
,,,,,4813.174999952316
,,,,,4813.180000066757
,,,,,4813.1849999427795
,,,,,4813.190000057221
,,,,,4813.194999933243
,,,,,4813.200000047684
,,,,,4813.204999923706
,,,,,4813.210000038147
,,,,,4813.214999914169
,,,,,4813.22000002861
,,,,,4813.224999904633
,,,,,4813.2300000190735
,,,,,4813.234999895096
,,,,,4813.240000009537
,,,,,4813.244999885559
,,,,,4813.25
,,,,,4813.255000114441
,,,,,4813.259999990463
,,,,,4813.265000104904
,,,,,4813.2699999809265
,,,,,4813.275000095368
,,,,,4813.27999997139
,,,,,4813.285000085831
,,,,,4813.289999961853
,,,,,4813.295000076294
,,,,,4813.299999952316
,,,,,4813.305000066757
,,,,,4813.3099999427795
,,,,,4813.315000057221
,,,,,4813.319999933243
,,,,,4813.325000047684
,,,,,4813.329999923706
,,,,,4813.335000038147
,,,,,4813.339999914169
,,,,,4813.34500002861
,,,,,4813.349999904633
,,,,,4813.3550000190735
,,,,,4813.359999895096
,,,,,4813.365000009537
,,,,,4813.369999885559
,,,,,4813.375
,,,,,4813.380000114441
,,,,,4813.384999990463
,,,,,4813.390000104904
,,,,,4813.3949999809265
,,,,,4813.400000095368
,,,,,4813.40499997139
,,,,,4813.410000085831
,,,,,4813.414999961853
,,,,,4813.420000076294
,,,,,4813.424999952316
,,,,,4813.430000066757
,,,,,4813.4349999427795
,,,,,4813.440000057221
,,,,,4813.444999933243
,,,,,4813.450000047684
,,,,,4813.454999923706
,,,,,4813.460000038147
,,,,,4813.464999914169
,,,,,4813.47000002861
,,,,,4813.474999904633
,,,,,4813.4800000190735
,,,,,4813.484999895096
,,,,,4813.490000009537
,,,,,4813.494999885559
,,,,,4813.5
,,,,,4813.505000114441
,,,,,4813.509999990463
,,,,,4813.515000104904
,,,,,4813.5199999809265
,,,,,4813.525000095368
,,,,,4813.52999997139
,,,,,4813.535000085831
,,,,,4813.539999961853
,,,,,4813.545000076294
,,,,,4813.549999952316
,,,,,4813.555000066757
,,,,,4813.5599999427795
,,,,,4813.565000057221
,,,,,4813.569999933243
,,,,,4813.575000047684
,,,,,4813.579999923706
,,,,,4813.585000038147
,,,,,4813.589999914169
,,,,,4813.59500002861
,,,,,4813.599999904633
,,,,,4813.6050000190735
,,,,,4813.609999895096
,,,,,4813.615000009537
,,,,,4813.619999885559
,,,,,4813.625
,,,,,4813.630000114441
,,,,,4813.634999990463
,,,,,4813.640000104904
,,,,,4813.6449999809265
,,,,,4813.650000095368
,,,,,4813.65499997139
,,,,,4813.660000085831
,,,,,4813.664999961853
,,,,,4813.670000076294
,,,,,4813.674999952316
,,,,,4813.680000066757
,,,,,4813.6849999427795
,,,,,4813.690000057221
,,,,,4813.694999933243
,,,,,4813.700000047684
,,,,,4813.704999923706
,,,,,4813.710000038147
,,,,,4813.714999914169
,,,,,4813.72000002861
,,,,,4813.724999904633
,,,,,4813.7300000190735
,,,,,4813.734999895096
,,,,,4813.740000009537
,,,,,4813.744999885559
,,,,,4813.75
,,,,,4813.755000114441
,,,,,4813.759999990463
,,,,,4813.765000104904
,,,,,4813.7699999809265
,,,,,4813.775000095368
,,,,,4813.77999997139
,,,,,4813.785000085831
,,,,,4813.789999961853
,,,,,4813.795000076294
,,,,,4813.799999952316
,,,,,4813.805000066757
,,,,,4813.8099999427795
,,,,,4813.815000057221
,,,,,4813.819999933243
,,,,,4813.825000047684
,,,,,4813.829999923706
,,,,,4813.835000038147
,,,,,4813.839999914169
,,,,,4813.84500002861
,,,,,4813.849999904633
,,,,,4813.8550000190735
,,,,,4813.859999895096
,,,,,4813.865000009537
,,,,,4813.869999885559
,,,,,4813.875
,,,,,4813.880000114441
,,,,,4813.884999990463
,,,,,4813.890000104904
,,,,,4813.8949999809265
,,,,,4813.900000095368
,,,,,4813.90499997139
,,,,,4813.910000085831
,,,,,4813.914999961853
,,,,,4813.920000076294
,,,,,4813.924999952316
,,,,,4813.930000066757
,,,,,4813.9349999427795
,,,,,4813.940000057221
,,,,,4813.944999933243
,,,,,4813.950000047684
,,,,,4813.954999923706
,,,,,4813.960000038147
,,,,,4813.964999914169
,,,,,4813.97000002861
,,,,,4813.974999904633
,,,,,4813.9800000190735
,,,,,4813.984999895096
,,,,,4813.990000009537
,,,,,4813.994999885559
,,,,,4814.0
,,,,,4814.005000114441
,,,,,4814.009999990463
,,,,,4814.015000104904
,,,,,4814.0199999809265
,,,,,4814.025000095368
,,,,,4814.02999997139
,,,,,4814.035000085831
,,,,,4814.039999961853
,,,,,4814.045000076294
,,,,,4814.049999952316
,,,,,4814.055000066757
,,,,,4814.0599999427795
,,,,,4814.065000057221
,,,,,4814.069999933243
,,,,,4814.075000047684
,,,,,4814.079999923706
,,,,,4814.085000038147
,,,,,4814.089999914169
,,,,,4814.09500002861
,,,,,4814.099999904633
,,,,,4814.1050000190735
,,,,,4814.109999895096
,,,,,4814.115000009537
,,,,,4814.119999885559
,,,,,4814.125
,,,,,4814.130000114441
,,,,,4814.134999990463
,,,,,4814.140000104904
,,,,,4814.1449999809265
,,,,,4814.150000095368
,,,,,4814.15499997139
,,,,,4814.160000085831
,,,,,4814.164999961853
,,,,,4814.170000076294
,,,,,4814.174999952316
,,,,,4814.180000066757
,,,,,4814.1849999427795
,,,,,4814.190000057221
,,,,,4814.194999933243
,,,,,4814.200000047684
,,,,,4814.204999923706
,,,,,4814.210000038147
,,,,,4814.214999914169
,,,,,4814.22000002861
,,,,,4814.224999904633
,,,,,4814.2300000190735
,,,,,4814.234999895096
,,,,,4814.240000009537
,,,,,4814.244999885559
,,,,,4814.25
,,,,,4814.255000114441
,,,,,4814.259999990463
,,,,,4814.265000104904
,,,,,4814.2699999809265
,,,,,4814.275000095368
,,,,,4814.27999997139
,,,,,4814.285000085831
,,,,,4814.289999961853
,,,,,4814.295000076294
,,,,,4814.299999952316
,,,,,4814.305000066757
,,,,,4814.3099999427795
,,,,,4814.315000057221
,,,,,4814.319999933243
,,,,,4814.325000047684
,,,,,4814.329999923706
,,,,,4814.335000038147
,,,,,4814.339999914169
,,,,,4814.34500002861
,,,,,4814.349999904633
,,,,,4814.3550000190735
,,,,,4814.359999895096
,,,,,4814.365000009537
,,,,,4814.369999885559
,,,,,4814.375
,,,,,4814.380000114441
,,,,,4814.384999990463
,,,,,4814.390000104904
,,,,,4814.3949999809265
,,,,,4814.400000095368
,,,,,4814.40499997139
,,,,,4814.410000085831
,,,,,4814.414999961853
,,,,,4814.420000076294
,,,,,4814.424999952316
,,,,,4814.430000066757
,,,,,4814.4349999427795
,,,,,4814.440000057221
,,,,,4814.444999933243
,,,,,4814.450000047684
,,,,,4814.454999923706
,,,,,4814.460000038147
,,,,,4814.464999914169
,,,,,4814.47000002861
,,,,,4814.474999904633
,,,,,4814.4800000190735
,,,,,4814.484999895096
,,,,,4814.490000009537
,,,,,4814.494999885559
,,,,,4814.5
,,,,,4814.505000114441
,,,,,4814.509999990463
,,,,,4814.515000104904
,,,,,4814.5199999809265
,,,,,4814.525000095368
,,,,,4814.52999997139
,,,,,4814.535000085831
,,,,,4814.539999961853
,,,,,4814.545000076294
,,,,,4814.549999952316
,,,,,4814.555000066757
,,,,,4814.5599999427795
,,,,,4814.565000057221
,,,,,4814.569999933243
,,,,,4814.575000047684
,,,,,4814.579999923706
,,,,,4814.585000038147
,,,,,4814.589999914169
,,,,,4814.59500002861
,,,,,4814.599999904633
,,,,,4814.6050000190735
,,,,,4814.609999895096
,,,,,4814.615000009537
,,,,,4814.619999885559
,,,,,4814.625
,,,,,4814.630000114441
,,,,,4814.634999990463
,,,,,4814.640000104904
,,,,,4814.6449999809265
,,,,,4814.650000095368
,,,,,4814.65499997139
,,,,,4814.660000085831
,,,,,4814.664999961853
,,,,,4814.670000076294
,,,,,4814.674999952316
,,,,,4814.680000066757
,,,,,4814.6849999427795
,,,,,4814.690000057221
,,,,,4814.694999933243
,,,,,4814.700000047684
,,,,,4814.704999923706
,,,,,4814.710000038147
,,,,,4814.714999914169
,,,,,4814.72000002861
,,,,,4814.724999904633
,,,,,4814.7300000190735
,,,,,4814.734999895096
,,,,,4814.740000009537
,,,,,4814.744999885559
,,,,,4814.75
,,,,,4814.755000114441
,,,,,4814.759999990463
,,,,,4814.765000104904
,,,,,4814.7699999809265
,,,,,4814.775000095368
,,,,,4814.77999997139
,,,,,4814.785000085831
,,,,,4814.789999961853
,,,,,4814.795000076294
,,,,,4814.799999952316
,,,,,4814.805000066757
,,,,,4814.8099999427795
,,,,,4814.815000057221
,,,,,4814.819999933243
,,,,,4814.825000047684
,,,,,4814.829999923706
,,,,,4814.835000038147
,,,,,4814.839999914169
,,,,,4814.84500002861
,,,,,4814.849999904633
,,,,,4814.8550000190735
,,,,,4814.859999895096
,,,,,4814.865000009537
,,,,,4814.869999885559
,,,,,4814.875
,,,,,4814.880000114441
,,,,,4814.884999990463
,,,,,4814.890000104904
,,,,,4814.8949999809265
,,,,,4814.900000095368
,,,,,4814.90499997139
,,,,,4814.910000085831
,,,,,4814.914999961853
,,,,,4814.920000076294
,,,,,4814.924999952316
,,,,,4814.930000066757
,,,,,4814.9349999427795
,,,,,4814.940000057221
,,,,,4814.944999933243
,,,,,4814.950000047684
,,,,,4814.954999923706
,,,,,4814.960000038147
,,,,,4814.964999914169
,,,,,4814.97000002861
,,,,,4814.974999904633
,,,,,4814.9800000190735
,,,,,4814.984999895096
,,,,,4814.990000009537
,,,,,4814.994999885559
,,,,,4815.0
,,,,,4815.005000114441
,,,,,4815.009999990463
,,,,,4815.015000104904
,,,,,4815.0199999809265
,,,,,4815.025000095368
,,,,,4815.02999997139
,,,,,4815.035000085831
,,,,,4815.039999961853
,,,,,4815.045000076294
,,,,,4815.049999952316
,,,,,4815.055000066757
,,,,,4815.0599999427795
,,,,,4815.065000057221
,,,,,4815.069999933243
,,,,,4815.075000047684
,,,,,4815.079999923706
,,,,,4815.085000038147
,,,,,4815.089999914169
,,,,,4815.09500002861
,,,,,4815.099999904633
,,,,,4815.1050000190735
,,,,,4815.109999895096
,,,,,4815.115000009537
,,,,,4815.119999885559
,,,,,4815.125
,,,,,4815.130000114441
,,,,,4815.134999990463
,,,,,4815.140000104904
,,,,,4815.1449999809265
,,,,,4815.150000095368
,,,,,4815.15499997139
,,,,,4815.160000085831
,,,,,4815.164999961853
,,,,,4815.170000076294
,,,,,4815.174999952316
,,,,,4815.180000066757
,,,,,4815.1849999427795
,,,,,4815.190000057221
,,,,,4815.194999933243
,,,,,4815.200000047684
,,,,,4815.204999923706
,,,,,4815.210000038147
,,,,,4815.214999914169
,,,,,4815.22000002861
,,,,,4815.224999904633
,,,,,4815.2300000190735
,,,,,4815.234999895096
,,,,,4815.240000009537
,,,,,4815.244999885559
,,,,,4815.25
,,,,,4815.255000114441
,,,,,4815.259999990463
,,,,,4815.265000104904
,,,,,4815.2699999809265
,,,,,4815.275000095368
,,,,,4815.27999997139
,,,,,4815.285000085831
,,,,,4815.289999961853
,,,,,4815.295000076294
,,,,,4815.299999952316
,,,,,4815.305000066757
,,,,,4815.3099999427795
,,,,,4815.315000057221
,,,,,4815.319999933243
,,,,,4815.325000047684
,,,,,4815.329999923706
,,,,,4815.335000038147
,,,,,4815.339999914169
,,,,,4815.34500002861
,,,,,4815.349999904633
,,,,,4815.3550000190735
,,,,,4815.359999895096
,,,,,4815.365000009537
,,,,,4815.369999885559
,,,,,4815.375
,,,,,4815.380000114441
,,,,,4815.384999990463
,,,,,4815.390000104904
,,,,,4815.3949999809265
,,,,,4815.400000095368
,,,,,4815.40499997139
,,,,,4815.410000085831
,,,,,4815.414999961853
,,,,,4815.420000076294
,,,,,4815.424999952316
,,,,,4815.430000066757
,,,,,4815.4349999427795
,,,,,4815.440000057221
,,,,,4815.444999933243
,,,,,4815.450000047684
,,,,,4815.454999923706
,,,,,4815.460000038147
,,,,,4815.464999914169
,,,,,4815.47000002861
,,,,,4815.474999904633
,,,,,4815.4800000190735
,,,,,4815.484999895096
,,,,,4815.490000009537
,,,,,4815.494999885559
,,,,,4815.5
,,,,,4815.505000114441
,,,,,4815.509999990463
,,,,,4815.515000104904
,,,,,4815.5199999809265
,,,,,4815.525000095368
,,,,,4815.52999997139
,,,,,4815.535000085831
,,,,,4815.539999961853
,,,,,4815.545000076294
,,,,,4815.549999952316
,,,,,4815.555000066757
,,,,,4815.5599999427795
,,,,,4815.565000057221
,,,,,4815.569999933243
,,,,,4815.575000047684
,,,,,4815.579999923706
,,,,,4815.585000038147
,,,,,4815.589999914169
,,,,,4815.59500002861
,,,,,4815.599999904633
,,,,,4815.6050000190735
,,,,,4815.609999895096
,,,,,4815.615000009537
,,,,,4815.619999885559
,,,,,4815.625
,,,,,4815.630000114441
,,,,,4815.634999990463
,,,,,4815.640000104904
,,,,,4815.6449999809265
,,,,,4815.650000095368
,,,,,4815.65499997139
,,,,,4815.660000085831
,,,,,4815.664999961853
,,,,,4815.670000076294
,,,,,4815.674999952316
,,,,,4815.680000066757
,,,,,4815.6849999427795
,,,,,4815.690000057221
,,,,,4815.694999933243
,,,,,4815.700000047684
,,,,,4815.704999923706
,,,,,4815.710000038147
,,,,,4815.714999914169
,,,,,4815.72000002861
,,,,,4815.724999904633
,,,,,4815.7300000190735
,,,,,4815.734999895096
,,,,,4815.740000009537
,,,,,4815.744999885559
,,,,,4815.75
,,,,,4815.755000114441
,,,,,4815.759999990463
,,,,,4815.765000104904
,,,,,4815.7699999809265
,,,,,4815.775000095368
,,,,,4815.77999997139
,,,,,4815.785000085831
,,,,,4815.789999961853
,,,,,4815.795000076294
,,,,,4815.799999952316
,,,,,4815.805000066757
,,,,,4815.8099999427795
,,,,,4815.815000057221
,,,,,4815.819999933243
,,,,,4815.825000047684
,,,,,4815.829999923706
,,,,,4815.835000038147
,,,,,4815.839999914169
,,,,,4815.84500002861
,,,,,4815.849999904633
,,,,,4815.8550000190735
,,,,,4815.859999895096
,,,,,4815.865000009537
,,,,,4815.869999885559
,,,,,4815.875
,,,,,4815.880000114441
,,,,,4815.884999990463
,,,,,4815.890000104904
,,,,,4815.8949999809265
,,,,,4815.900000095368
,,,,,4815.90499997139
,,,,,4815.910000085831
,,,,,4815.914999961853
,,,,,4815.920000076294
,,,,,4815.924999952316
,,,,,4815.930000066757
,,,,,4815.9349999427795
,,,,,4815.940000057221
,,,,,4815.944999933243
,,,,,4815.950000047684
,,,,,4815.954999923706
,,,,,4815.960000038147
,,,,,4815.964999914169
,,,,,4815.97000002861
,,,,,4815.974999904633
,,,,,4815.9800000190735
,,,,,4815.984999895096
,,,,,4815.990000009537
,,,,,4815.994999885559
,,,,,4816.0
,,,,,4816.005000114441
,,,,,4816.009999990463
,,,,,4816.015000104904
,,,,,4816.0199999809265
,,,,,4816.025000095368
,,,,,4816.02999997139
,,,,,4816.035000085831
,,,,,4816.039999961853
,,,,,4816.045000076294
,,,,,4816.049999952316
,,,,,4816.055000066757
,,,,,4816.0599999427795
,,,,,4816.065000057221
,,,,,4816.069999933243
,,,,,4816.075000047684
,,,,,4816.079999923706
,,,,,4816.085000038147
,,,,,4816.089999914169
,,,,,4816.09500002861
,,,,,4816.099999904633
,,,,,4816.1050000190735
,,,,,4816.109999895096
,,,,,4816.115000009537
,,,,,4816.119999885559
,,,,,4816.125
,,,,,4816.130000114441
,,,,,4816.134999990463
,,,,,4816.140000104904
,,,,,4816.1449999809265
,,,,,4816.150000095368
,,,,,4816.15499997139
,,,,,4816.160000085831
,,,,,4816.164999961853
,,,,,4816.170000076294
,,,,,4816.174999952316
,,,,,4816.180000066757
,,,,,4816.1849999427795
,,,,,4816.190000057221
,,,,,4816.194999933243
,,,,,4816.200000047684
,,,,,4816.204999923706
,,,,,4816.210000038147
,,,,,4816.214999914169
,,,,,4816.22000002861
,,,,,4816.224999904633
,,,,,4816.2300000190735
,,,,,4816.234999895096
,,,,,4816.240000009537
,,,,,4816.244999885559
,,,,,4816.25
,,,,,4816.255000114441
,,,,,4816.259999990463
,,,,,4816.265000104904
,,,,,4816.2699999809265
,,,,,4816.275000095368
,,,,,4816.27999997139
,,,,,4816.285000085831
,,,,,4816.289999961853
,,,,,4816.295000076294
,,,,,4816.299999952316
,,,,,4816.305000066757
,,,,,4816.3099999427795
,,,,,4816.315000057221
,,,,,4816.319999933243
,,,,,4816.325000047684
,,,,,4816.329999923706
,,,,,4816.335000038147
,,,,,4816.339999914169
,,,,,4816.34500002861
,,,,,4816.349999904633
,,,,,4816.3550000190735
,,,,,4816.359999895096
,,,,,4816.365000009537
,,,,,4816.369999885559
,,,,,4816.375
,,,,,4816.380000114441
,,,,,4816.384999990463
,,,,,4816.390000104904
,,,,,4816.3949999809265
,,,,,4816.400000095368
,,,,,4816.40499997139
,,,,,4816.410000085831
,,,,,4816.414999961853
,,,,,4816.420000076294
,,,,,4816.424999952316
,,,,,4816.430000066757
,,,,,4816.4349999427795
,,,,,4816.440000057221
,,,,,4816.444999933243
,,,,,4816.450000047684
,,,,,4816.454999923706
,,,,,4816.460000038147
,,,,,4816.464999914169
,,,,,4816.47000002861
,,,,,4816.474999904633
,,,,,4816.4800000190735
,,,,,4816.484999895096
,,,,,4816.490000009537
,,,,,4816.494999885559
,,,,,4816.5
,,,,,4816.505000114441
,,,,,4816.509999990463
,,,,,4816.515000104904
,,,,,4816.5199999809265
,,,,,4816.525000095368
,,,,,4816.52999997139
,,,,,4816.535000085831
,,,,,4816.539999961853
,,,,,4816.545000076294
,,,,,4816.549999952316
,,,,,4816.555000066757
,,,,,4816.5599999427795
,,,,,4816.565000057221
,,,,,4816.569999933243
,,,,,4816.575000047684
,,,,,4816.579999923706
,,,,,4816.585000038147
,,,,,4816.589999914169
,,,,,4816.59500002861
,,,,,4816.599999904633
,,,,,4816.6050000190735
,,,,,4816.609999895096
,,,,,4816.615000009537
,,,,,4816.619999885559
,,,,,4816.625
,,,,,4816.630000114441
,,,,,4816.634999990463
,,,,,4816.640000104904
,,,,,4816.6449999809265
,,,,,4816.650000095368
,,,,,4816.65499997139
,,,,,4816.660000085831
,,,,,4816.664999961853
,,,,,4816.670000076294
,,,,,4816.674999952316
,,,,,4816.680000066757
,,,,,4816.6849999427795
,,,,,4816.690000057221
,,,,,4816.694999933243
,,,,,4816.700000047684
,,,,,4816.704999923706
,,,,,4816.710000038147
,,,,,4816.714999914169
,,,,,4816.72000002861
,,,,,4816.724999904633
,,,,,4816.7300000190735
,,,,,4816.734999895096
,,,,,4816.740000009537
,,,,,4816.744999885559
,,,,,4816.75
,,,,,4816.755000114441
,,,,,4816.759999990463
,,,,,4816.765000104904
,,,,,4816.7699999809265
,,,,,4816.775000095368
,,,,,4816.77999997139
,,,,,4816.785000085831
,,,,,4816.789999961853
,,,,,4816.795000076294
,,,,,4816.799999952316
,,,,,4816.805000066757
,,,,,4816.8099999427795
,,,,,4816.815000057221
,,,,,4816.819999933243
,,,,,4816.825000047684
,,,,,4816.829999923706
,,,,,4816.835000038147
,,,,,4816.839999914169
,,,,,4816.84500002861
,,,,,4816.849999904633
,,,,,4816.8550000190735
,,,,,4816.859999895096
,,,,,4816.865000009537
,,,,,4816.869999885559
,,,,,4816.875
,,,,,4816.880000114441
,,,,,4816.884999990463
,,,,,4816.890000104904
,,,,,4816.8949999809265
,,,,,4816.900000095368
,,,,,4816.90499997139
,,,,,4816.910000085831
,,,,,4816.914999961853
,,,,,4816.920000076294
,,,,,4816.924999952316
,,,,,4816.930000066757
,,,,,4816.9349999427795
,,,,,4816.940000057221
,,,,,4816.944999933243
,,,,,4816.950000047684
,,,,,4816.954999923706
,,,,,4816.960000038147
,,,,,4816.964999914169
,,,,,4816.97000002861
,,,,,4816.974999904633
,,,,,4816.9800000190735
,,,,,4816.984999895096
,,,,,4816.990000009537
,,,,,4816.994999885559
,,,,,4817.0
,,,,,4817.005000114441
,,,,,4817.009999990463
,,,,,4817.015000104904
,,,,,4817.0199999809265
,,,,,4817.025000095368
,,,,,4817.02999997139
,,,,,4817.035000085831
,,,,,4817.039999961853
,,,,,4817.045000076294
,,,,,4817.049999952316
,,,,,4817.055000066757
,,,,,4817.0599999427795
,,,,,4817.065000057221
,,,,,4817.069999933243
,,,,,4817.075000047684
,,,,,4817.079999923706
,,,,,4817.085000038147
,,,,,4817.089999914169
,,,,,4817.09500002861
,,,,,4817.099999904633
,,,,,4817.1050000190735
,,,,,4817.109999895096
,,,,,4817.115000009537
,,,,,4817.119999885559
,,,,,4817.125
,,,,,4817.130000114441
,,,,,4817.134999990463
,,,,,4817.140000104904
,,,,,4817.1449999809265
,,,,,4817.150000095368
,,,,,4817.15499997139
,,,,,4817.160000085831
,,,,,4817.164999961853
,,,,,4817.170000076294
,,,,,4817.174999952316
,,,,,4817.180000066757
,,,,,4817.1849999427795
,,,,,4817.190000057221
,,,,,4817.194999933243
,,,,,4817.200000047684
,,,,,4817.204999923706
,,,,,4817.210000038147
,,,,,4817.214999914169
,,,,,4817.22000002861
,,,,,4817.224999904633
,,,,,4817.2300000190735
,,,,,4817.234999895096
,,,,,4817.240000009537
,,,,,4817.244999885559
,,,,,4817.25
,,,,,4817.255000114441
,,,,,4817.259999990463
,,,,,4817.265000104904
,,,,,4817.2699999809265
,,,,,4817.275000095368
,,,,,4817.27999997139
,,,,,4817.285000085831
,,,,,4817.289999961853
,,,,,4817.295000076294
,,,,,4817.299999952316
,,,,,4817.305000066757
,,,,,4817.3099999427795
,,,,,4817.315000057221
,,,,,4817.319999933243
,,,,,4817.325000047684
,,,,,4817.329999923706
,,,,,4817.335000038147
,,,,,4817.339999914169
,,,,,4817.34500002861
,,,,,4817.349999904633
,,,,,4817.3550000190735
,,,,,4817.359999895096
,,,,,4817.365000009537
,,,,,4817.369999885559
,,,,,4817.375
,,,,,4817.380000114441
,,,,,4817.384999990463
,,,,,4817.390000104904
,,,,,4817.3949999809265
,,,,,4817.400000095368
,,,,,4817.40499997139
,,,,,4817.410000085831
,,,,,4817.414999961853
,,,,,4817.420000076294
,,,,,4817.424999952316
,,,,,4817.430000066757
,,,,,4817.4349999427795
,,,,,4817.440000057221
,,,,,4817.444999933243
,,,,,4817.450000047684
,,,,,4817.454999923706
,,,,,4817.460000038147
,,,,,4817.464999914169
,,,,,4817.47000002861
,,,,,4817.474999904633
,,,,,4817.4800000190735
,,,,,4817.484999895096
,,,,,4817.490000009537
,,,,,4817.494999885559
,,,,,4817.5
,,,,,4817.505000114441
,,,,,4817.509999990463
,,,,,4817.515000104904
,,,,,4817.5199999809265
,,,,,4817.525000095368
,,,,,4817.52999997139
,,,,,4817.535000085831
,,,,,4817.539999961853
,,,,,4817.545000076294
,,,,,4817.549999952316
,,,,,4817.555000066757
,,,,,4817.5599999427795
,,,,,4817.565000057221
,,,,,4817.569999933243
,,,,,4817.575000047684
,,,,,4817.579999923706
,,,,,4817.585000038147
,,,,,4817.589999914169
,,,,,4817.59500002861
,,,,,4817.599999904633
,,,,,4817.6050000190735
,,,,,4817.609999895096
,,,,,4817.615000009537
,,,,,4817.619999885559
,,,,,4817.625
,,,,,4817.630000114441
,,,,,4817.634999990463
,,,,,4817.640000104904
,,,,,4817.6449999809265
,,,,,4817.650000095368
,,,,,4817.65499997139
,,,,,4817.660000085831
,,,,,4817.664999961853
,,,,,4817.670000076294
,,,,,4817.674999952316
,,,,,4817.680000066757
,,,,,4817.6849999427795
,,,,,4817.690000057221
,,,,,4817.694999933243
,,,,,4817.700000047684
,,,,,4817.704999923706
,,,,,4817.710000038147
,,,,,4817.714999914169
,,,,,4817.72000002861
,,,,,4817.724999904633
,,,,,4817.7300000190735
,,,,,4817.734999895096
,,,,,4817.740000009537
,,,,,4817.744999885559
,,,,,4817.75
,,,,,4817.755000114441
,,,,,4817.759999990463
,,,,,4817.765000104904
,,,,,4817.7699999809265
,,,,,4817.775000095368
,,,,,4817.77999997139
,,,,,4817.785000085831
,,,,,4817.789999961853
,,,,,4817.795000076294
,,,,,4817.799999952316
,,,,,4817.805000066757
,,,,,4817.8099999427795
,,,,,4817.815000057221
,,,,,4817.819999933243
,,,,,4817.825000047684
,,,,,4817.829999923706
,,,,,4817.835000038147
,,,,,4817.839999914169
,,,,,4817.84500002861
,,,,,4817.849999904633
,,,,,4817.8550000190735
,,,,,4817.859999895096
,,,,,4817.865000009537
,,,,,4817.869999885559
,,,,,4817.875
,,,,,4817.880000114441
,,,,,4817.884999990463
,,,,,4817.890000104904
,,,,,4817.8949999809265
,,,,,4817.900000095368
,,,,,4817.90499997139
,,,,,4817.910000085831
,,,,,4817.914999961853
,,,,,4817.920000076294
,,,,,4817.924999952316
,,,,,4817.930000066757
,,,,,4817.9349999427795
,,,,,4817.940000057221
,,,,,4817.944999933243
,,,,,4817.950000047684
,,,,,4817.954999923706
,,,,,4817.960000038147
,,,,,4817.964999914169
,,,,,4817.97000002861
,,,,,4817.974999904633
,,,,,4817.9800000190735
,,,,,4817.984999895096
,,,,,4817.990000009537
,,,,,4817.994999885559
,,,,,4818.0
,,,,,4818.005000114441
,,,,,4818.009999990463
,,,,,4818.015000104904
,,,,,4818.0199999809265
,,,,,4818.025000095368
,,,,,4818.02999997139
,,,,,4818.035000085831
,,,,,4818.039999961853
,,,,,4818.045000076294
,,,,,4818.049999952316
,,,,,4818.055000066757
,,,,,4818.0599999427795
,,,,,4818.065000057221
,,,,,4818.069999933243
,,,,,4818.075000047684
,,,,,4818.079999923706
,,,,,4818.085000038147
,,,,,4818.089999914169
,,,,,4818.09500002861
,,,,,4818.099999904633
,,,,,4818.1050000190735
,,,,,4818.109999895096
,,,,,4818.115000009537
,,,,,4818.119999885559
,,,,,4818.125
,,,,,4818.130000114441
,,,,,4818.134999990463
,,,,,4818.140000104904
,,,,,4818.1449999809265
,,,,,4818.150000095368
,,,,,4818.15499997139
,,,,,4818.160000085831
,,,,,4818.164999961853
,,,,,4818.170000076294
,,,,,4818.174999952316
,,,,,4818.180000066757
,,,,,4818.1849999427795
,,,,,4818.190000057221
,,,,,4818.194999933243
,,,,,4818.200000047684
,,,,,4818.204999923706
,,,,,4818.210000038147
,,,,,4818.214999914169
,,,,,4818.22000002861
,,,,,4818.224999904633
,,,,,4818.2300000190735
,,,,,4818.234999895096
,,,,,4818.240000009537
,,,,,4818.244999885559
,,,,,4818.25
,,,,,4818.255000114441
,,,,,4818.259999990463
,,,,,4818.265000104904
,,,,,4818.2699999809265
,,,,,4818.275000095368
,,,,,4818.27999997139
,,,,,4818.285000085831
,,,,,4818.289999961853
,,,,,4818.295000076294
,,,,,4818.299999952316
,,,,,4818.305000066757
,,,,,4818.3099999427795
,,,,,4818.315000057221
,,,,,4818.319999933243
,,,,,4818.325000047684
,,,,,4818.329999923706
,,,,,4818.335000038147
,,,,,4818.339999914169
,,,,,4818.34500002861
,,,,,4818.349999904633
,,,,,4818.3550000190735
,,,,,4818.359999895096
,,,,,4818.365000009537
,,,,,4818.369999885559
,,,,,4818.375
,,,,,4818.380000114441
,,,,,4818.384999990463
,,,,,4818.390000104904
,,,,,4818.3949999809265
,,,,,4818.400000095368
,,,,,4818.40499997139
,,,,,4818.410000085831
,,,,,4818.414999961853
,,,,,4818.420000076294
,,,,,4818.424999952316
,,,,,4818.430000066757
,,,,,4818.4349999427795
,,,,,4818.440000057221
,,,,,4818.444999933243
,,,,,4818.450000047684
,,,,,4818.454999923706
,,,,,4818.460000038147
,,,,,4818.464999914169
,,,,,4818.47000002861
,,,,,4818.474999904633
,,,,,4818.4800000190735
,,,,,4818.484999895096
,,,,,4818.490000009537
,,,,,4818.494999885559
,,,,,4818.5
,,,,,4818.505000114441
,,,,,4818.509999990463
,,,,,4818.515000104904
,,,,,4818.5199999809265
,,,,,4818.525000095368
,,,,,4818.52999997139
,,,,,4818.535000085831
,,,,,4818.539999961853
,,,,,4818.545000076294
,,,,,4818.549999952316
,,,,,4818.555000066757
,,,,,4818.5599999427795
,,,,,4818.565000057221
,,,,,4818.569999933243
,,,,,4818.575000047684
,,,,,4818.579999923706
,,,,,4818.585000038147
,,,,,4818.589999914169
,,,,,4818.59500002861
,,,,,4818.599999904633
,,,,,4818.6050000190735
,,,,,4818.609999895096
,,,,,4818.615000009537
,,,,,4818.619999885559
,,,,,4818.625
,,,,,4818.630000114441
,,,,,4818.634999990463
,,,,,4818.640000104904
,,,,,4818.6449999809265
,,,,,4818.650000095368
,,,,,4818.65499997139
,,,,,4818.660000085831
,,,,,4818.664999961853
,,,,,4818.670000076294
,,,,,4818.674999952316
,,,,,4818.680000066757
,,,,,4818.6849999427795
,,,,,4818.690000057221
,,,,,4818.694999933243
,,,,,4818.700000047684
,,,,,4818.704999923706
,,,,,4818.710000038147
,,,,,4818.714999914169
,,,,,4818.72000002861
,,,,,4818.724999904633
,,,,,4818.7300000190735
,,,,,4818.734999895096
,,,,,4818.740000009537
,,,,,4818.744999885559
,,,,,4818.75
,,,,,4818.755000114441
,,,,,4818.759999990463
,,,,,4818.765000104904
,,,,,4818.7699999809265
,,,,,4818.775000095368
,,,,,4818.77999997139
,,,,,4818.785000085831
,,,,,4818.789999961853
,,,,,4818.795000076294
,,,,,4818.799999952316
,,,,,4818.805000066757
,,,,,4818.8099999427795
,,,,,4818.815000057221
,,,,,4818.819999933243
,,,,,4818.825000047684
,,,,,4818.829999923706
,,,,,4818.835000038147
,,,,,4818.839999914169
,,,,,4818.84500002861
,,,,,4818.849999904633
,,,,,4818.8550000190735
,,,,,4818.859999895096
,,,,,4818.865000009537
,,,,,4818.869999885559
,,,,,4818.875
,,,,,4818.880000114441
,,,,,4818.884999990463
,,,,,4818.890000104904
,,,,,4818.8949999809265
,,,,,4818.900000095368
,,,,,4818.90499997139
,,,,,4818.910000085831
,,,,,4818.914999961853
,,,,,4818.920000076294
,,,,,4818.924999952316
,,,,,4818.930000066757
,,,,,4818.9349999427795
,,,,,4818.940000057221
,,,,,4818.944999933243
,,,,,4818.950000047684
,,,,,4818.954999923706
,,,,,4818.960000038147
,,,,,4818.964999914169
,,,,,4818.97000002861
,,,,,4818.974999904633
,,,,,4818.9800000190735
,,,,,4818.984999895096
,,,,,4818.990000009537
,,,,,4818.994999885559
,,,,,4819.0
,,,,,4819.005000114441
,,,,,4819.009999990463
,,,,,4819.015000104904
,,,,,4819.0199999809265
,,,,,4819.025000095368
,,,,,4819.02999997139
,,,,,4819.035000085831
,,,,,4819.039999961853
,,,,,4819.045000076294
,,,,,4819.049999952316
,,,,,4819.055000066757
,,,,,4819.0599999427795
,,,,,4819.065000057221
,,,,,4819.069999933243
,,,,,4819.075000047684
,,,,,4819.079999923706
,,,,,4819.085000038147
,,,,,4819.089999914169
,,,,,4819.09500002861
,,,,,4819.099999904633
,,,,,4819.1050000190735
,,,,,4819.109999895096
,,,,,4819.115000009537
,,,,,4819.119999885559
,,,,,4819.125
,,,,,4819.130000114441
,,,,,4819.134999990463
,,,,,4819.140000104904
,,,,,4819.1449999809265
,,,,,4819.150000095368
,,,,,4819.15499997139
,,,,,4819.160000085831
,,,,,4819.164999961853
,,,,,4819.170000076294
,,,,,4819.174999952316
,,,,,4819.180000066757
,,,,,4819.1849999427795
,,,,,4819.190000057221
,,,,,4819.194999933243
,,,,,4819.200000047684
,,,,,4819.204999923706
,,,,,4819.210000038147
,,,,,4819.214999914169
,,,,,4819.22000002861
,,,,,4819.224999904633
,,,,,4819.2300000190735
,,,,,4819.234999895096
,,,,,4819.240000009537
,,,,,4819.244999885559
,,,,,4819.25
,,,,,4819.255000114441
,,,,,4819.259999990463
,,,,,4819.265000104904
,,,,,4819.2699999809265
,,,,,4819.275000095368
,,,,,4819.27999997139
,,,,,4819.285000085831
,,,,,4819.289999961853
,,,,,4819.295000076294
,,,,,4819.299999952316
,,,,,4819.305000066757
,,,,,4819.3099999427795
,,,,,4819.315000057221
,,,,,4819.319999933243
,,,,,4819.325000047684
,,,,,4819.329999923706
,,,,,4819.335000038147
,,,,,4819.339999914169
,,,,,4819.34500002861
,,,,,4819.349999904633
,,,,,4819.3550000190735
,,,,,4819.359999895096
,,,,,4819.365000009537
,,,,,4819.369999885559
,,,,,4819.375
,,,,,4819.380000114441
,,,,,4819.384999990463
,,,,,4819.390000104904
,,,,,4819.3949999809265
,,,,,4819.400000095368
,,,,,4819.40499997139
,,,,,4819.410000085831
,,,,,4819.414999961853
,,,,,4819.420000076294
,,,,,4819.424999952316
,,,,,4819.430000066757
,,,,,4819.4349999427795
,,,,,4819.440000057221
,,,,,4819.444999933243
,,,,,4819.450000047684
,,,,,4819.454999923706
,,,,,4819.460000038147
,,,,,4819.464999914169
,,,,,4819.47000002861
,,,,,4819.474999904633
,,,,,4819.4800000190735
,,,,,4819.484999895096
,,,,,4819.490000009537
,,,,,4819.494999885559
,,,,,4819.5
,,,,,4819.505000114441
,,,,,4819.509999990463
,,,,,4819.515000104904
,,,,,4819.5199999809265
,,,,,4819.525000095368
,,,,,4819.52999997139
,,,,,4819.535000085831
,,,,,4819.539999961853
,,,,,4819.545000076294
,,,,,4819.549999952316
,,,,,4819.555000066757
,,,,,4819.5599999427795
,,,,,4819.565000057221
,,,,,4819.569999933243
,,,,,4819.575000047684
,,,,,4819.579999923706
,,,,,4819.585000038147
,,,,,4819.589999914169
,,,,,4819.59500002861
,,,,,4819.599999904633
,,,,,4819.6050000190735
,,,,,4819.609999895096
,,,,,4819.615000009537
,,,,,4819.619999885559
,,,,,4819.625
,,,,,4819.630000114441
,,,,,4819.634999990463
,,,,,4819.640000104904
,,,,,4819.6449999809265
,,,,,4819.650000095368
,,,,,4819.65499997139
,,,,,4819.660000085831
,,,,,4819.664999961853
,,,,,4819.670000076294
,,,,,4819.674999952316
,,,,,4819.680000066757
,,,,,4819.6849999427795
,,,,,4819.690000057221
,,,,,4819.694999933243
,,,,,4819.700000047684
,,,,,4819.704999923706
,,,,,4819.710000038147
,,,,,4819.714999914169
,,,,,4819.72000002861
,,,,,4819.724999904633
,,,,,4819.7300000190735
,,,,,4819.734999895096
,,,,,4819.740000009537
,,,,,4819.744999885559
,,,,,4819.75
,,,,,4819.755000114441
,,,,,4819.759999990463
,,,,,4819.765000104904
,,,,,4819.7699999809265
,,,,,4819.775000095368
,,,,,4819.77999997139
,,,,,4819.785000085831
,,,,,4819.789999961853
,,,,,4819.795000076294
,,,,,4819.799999952316
,,,,,4819.805000066757
,,,,,4819.8099999427795
,,,,,4819.815000057221
,,,,,4819.819999933243
,,,,,4819.825000047684
,,,,,4819.829999923706
,,,,,4819.835000038147
,,,,,4819.839999914169
,,,,,4819.84500002861
,,,,,4819.849999904633
,,,,,4819.8550000190735
,,,,,4819.859999895096
,,,,,4819.865000009537
,,,,,4819.869999885559
,,,,,4819.875
,,,,,4819.880000114441
,,,,,4819.884999990463
,,,,,4819.890000104904
,,,,,4819.8949999809265
,,,,,4819.900000095368
,,,,,4819.90499997139
,,,,,4819.910000085831
,,,,,4819.914999961853
,,,,,4819.920000076294
,,,,,4819.924999952316
,,,,,4819.930000066757
,,,,,4819.9349999427795
,,,,,4819.940000057221
,,,,,4819.944999933243
,,,,,4819.950000047684
,,,,,4819.954999923706
,,,,,4819.960000038147
,,,,,4819.964999914169
,,,,,4819.97000002861
,,,,,4819.974999904633
,,,,,4819.9800000190735
,,,,,4819.984999895096
,,,,,4819.990000009537
,,,,,4819.994999885559
,,,,,4820.0
,,,,,4820.005000114441
,,,,,4820.009999990463
,,,,,4820.015000104904
