t,q1,q2,q3,q4,time_from_sync
,,,,,3891.0
,,,,,3891.005000114441
,,,,,3891.0099999904633
,,,,,3891.015000104904
,,,,,3891.0199999809265
,,,,,3891.0250000953683
,,,,,3891.0299999713898
,,,,,3891.0350000858307
,,,,,3891.039999961853
,,,,,3891.045000076294
,,,,,3891.0499999523163
,,,,,3891.0550000667567
,,,,,3891.0599999427795
,,,,,3891.065000057221
,,,,,3891.069999933243
,,,,,3891.0750000476837
,,,,,3891.079999923706
,,,,,3891.085000038147
,,,,,3891.089999914169
,,,,,3891.09500002861
,,,,,3891.099999904633
,,,,,3891.105000019074
,,,,,3891.109999895096
,,,,,3891.1150000095367
,,,,,3891.119999885559
,,,,,3891.125
,,,,,3891.130000114441
,,,,,3891.1349999904633
,,,,,3891.140000104904
,,,,,3891.1449999809265
,,,,,3891.1500000953683
,,,,,3891.1549999713898
,,,,,3891.1600000858307
,,,,,3891.164999961853
,,,,,3891.170000076294
,,,,,3891.1749999523163
,,,,,3891.1800000667567
,,,,,3891.1849999427795
,,,,,3891.190000057221
,,,,,3891.194999933243
,,,,,3891.2000000476837
,,,,,3891.204999923706
,,,,,3891.210000038147
,,,,,3891.214999914169
,,,,,3891.22000002861
,,,,,3891.224999904633
,,,,,3891.230000019074
,,,,,3891.234999895096
,,,,,3891.2400000095367
,,,,,3891.244999885559
,,,,,3891.25
,,,,,3891.255000114441
,,,,,3891.2599999904633
,,,,,3891.265000104904
,,,,,3891.2699999809265
,,,,,3891.2750000953683
,,,,,3891.2799999713898
,,,,,3891.2850000858307
,,,,,3891.289999961853
,,,,,3891.295000076294
,,,,,3891.2999999523163
,,,,,3891.3050000667567
,,,,,3891.3099999427795
,,,,,3891.315000057221
,,,,,3891.319999933243
,,,,,3891.3250000476837
,,,,,3891.329999923706
,,,,,3891.335000038147
,,,,,3891.339999914169
,,,,,3891.34500002861
,,,,,3891.349999904633
,,,,,3891.355000019074
,,,,,3891.359999895096
,,,,,3891.3650000095367
,,,,,3891.369999885559
,,,,,3891.375
,,,,,3891.380000114441
,,,,,3891.3849999904633
,,,,,3891.390000104904
,,,,,3891.3949999809265
,,,,,3891.4000000953683
,,,,,3891.4049999713898
,,,,,3891.4100000858307
,,,,,3891.414999961853
,,,,,3891.420000076294
,,,,,3891.4249999523163
,,,,,3891.4300000667567
,,,,,3891.4349999427795
,,,,,3891.440000057221
,,,,,3891.444999933243
,,,,,3891.4500000476837
,,,,,3891.454999923706
,,,,,3891.460000038147
,,,,,3891.464999914169
,,,,,3891.47000002861
,,,,,3891.474999904633
,,,,,3891.480000019074
,,,,,3891.484999895096
,,,,,3891.4900000095367
,,,,,3891.494999885559
,,,,,3891.5
,,,,,3891.505000114441
,,,,,3891.5099999904633
,,,,,3891.515000104904
,,,,,3891.5199999809265
,,,,,3891.5250000953683
,,,,,3891.5299999713898
,,,,,3891.5350000858307
,,,,,3891.539999961853
,,,,,3891.545000076294
,,,,,3891.5499999523163
,,,,,3891.5550000667567
,,,,,3891.5599999427795
,,,,,3891.565000057221
,,,,,3891.569999933243
,,,,,3891.5750000476837
,,,,,3891.579999923706
,,,,,3891.585000038147
,,,,,3891.589999914169
,,,,,3891.59500002861
,,,,,3891.599999904633
,,,,,3891.605000019074
,,,,,3891.609999895096
,,,,,3891.6150000095367
,,,,,3891.619999885559
,,,,,3891.625
,,,,,3891.630000114441
,,,,,3891.6349999904633
,,,,,3891.640000104904
,,,,,3891.6449999809265
,,,,,3891.6500000953683
,,,,,3891.6549999713898
,,,,,3891.6600000858307
,,,,,3891.664999961853
,,,,,3891.670000076294
,,,,,3891.6749999523163
,,,,,3891.6800000667567
,,,,,3891.6849999427795
,,,,,3891.690000057221
,,,,,3891.694999933243
,,,,,3891.7000000476837
,,,,,3891.704999923706
,,,,,3891.710000038147
,,,,,3891.714999914169
,,,,,3891.72000002861
,,,,,3891.724999904633
,,,,,3891.730000019074
,,,,,3891.734999895096
,,,,,3891.7400000095367
,,,,,3891.744999885559
,,,,,3891.75
,,,,,3891.755000114441
,,,,,3891.7599999904633
,,,,,3891.765000104904
,,,,,3891.7699999809265
,,,,,3891.7750000953683
,,,,,3891.7799999713898
,,,,,3891.7850000858307
,,,,,3891.789999961853
,,,,,3891.795000076294
,,,,,3891.7999999523163
,,,,,3891.8050000667567
,,,,,3891.8099999427795
,,,,,3891.815000057221
,,,,,3891.819999933243
,,,,,3891.8250000476837
,,,,,3891.829999923706
,,,,,3891.835000038147
,,,,,3891.839999914169
,,,,,3891.84500002861
,,,,,3891.849999904633
,,,,,3891.855000019074
,,,,,3891.859999895096
,,,,,3891.8650000095367
,,,,,3891.869999885559
,,,,,3891.875
,,,,,3891.880000114441
,,,,,3891.8849999904633
,,,,,3891.890000104904
,,,,,3891.8949999809265
,,,,,3891.9000000953683
,,,,,3891.9049999713898
,,,,,3891.9100000858307
,,,,,3891.914999961853
,,,,,3891.920000076294
,,,,,3891.9249999523163
,,,,,3891.9300000667567
,,,,,3891.9349999427795
,,,,,3891.940000057221
,,,,,3891.944999933243
,,,,,3891.9500000476837
,,,,,3891.954999923706
,,,,,3891.960000038147
,,,,,3891.964999914169
,,,,,3891.97000002861
,,,,,3891.974999904633
,,,,,3891.980000019074
,,,,,3891.984999895096
,,,,,3891.9900000095367
,,,,,3891.994999885559
,,,,,3892.0
,,,,,3892.005000114441
,,,,,3892.0099999904633
,,,,,3892.015000104904
,,,,,3892.0199999809265
,,,,,3892.0250000953683
,,,,,3892.0299999713898
,,,,,3892.0350000858307
,,,,,3892.039999961853
,,,,,3892.045000076294
,,,,,3892.0499999523163
,,,,,3892.0550000667567
,,,,,3892.0599999427795
,,,,,3892.065000057221
,,,,,3892.069999933243
,,,,,3892.0750000476837
,,,,,3892.079999923706
,,,,,3892.085000038147
,,,,,3892.089999914169
,,,,,3892.09500002861
,,,,,3892.099999904633
,,,,,3892.105000019074
,,,,,3892.109999895096
,,,,,3892.1150000095367
,,,,,3892.119999885559
,,,,,3892.125
,,,,,3892.130000114441
,,,,,3892.1349999904633
,,,,,3892.140000104904
,,,,,3892.1449999809265
,,,,,3892.1500000953683
,,,,,3892.1549999713898
,,,,,3892.1600000858307
,,,,,3892.164999961853
,,,,,3892.170000076294
,,,,,3892.1749999523163
,,,,,3892.1800000667567
,,,,,3892.1849999427795
,,,,,3892.190000057221
,,,,,3892.194999933243
,,,,,3892.2000000476837
,,,,,3892.204999923706
,,,,,3892.210000038147
,,,,,3892.214999914169
,,,,,3892.22000002861
,,,,,3892.224999904633
,,,,,3892.230000019074
,,,,,3892.234999895096
,,,,,3892.2400000095367
,,,,,3892.244999885559
,,,,,3892.25
,,,,,3892.255000114441
,,,,,3892.2599999904633
,,,,,3892.265000104904
,,,,,3892.2699999809265
,,,,,3892.2750000953683
,,,,,3892.2799999713898
,,,,,3892.2850000858307
,,,,,3892.289999961853
,,,,,3892.295000076294
,,,,,3892.2999999523163
,,,,,3892.3050000667567
,,,,,3892.3099999427795
,,,,,3892.315000057221
,,,,,3892.319999933243
,,,,,3892.3250000476837
,,,,,3892.329999923706
,,,,,3892.335000038147
,,,,,3892.339999914169
,,,,,3892.34500002861
,,,,,3892.349999904633
,,,,,3892.355000019074
,,,,,3892.359999895096
,,,,,3892.3650000095367
,,,,,3892.369999885559
,,,,,3892.375
,,,,,3892.380000114441
,,,,,3892.3849999904633
,,,,,3892.390000104904
,,,,,3892.3949999809265
,,,,,3892.4000000953683
,,,,,3892.4049999713898
,,,,,3892.4100000858307
,,,,,3892.414999961853
,,,,,3892.420000076294
,,,,,3892.4249999523163
,,,,,3892.4300000667567
,,,,,3892.4349999427795
,,,,,3892.440000057221
,,,,,3892.444999933243
,,,,,3892.4500000476837
,,,,,3892.454999923706
,,,,,3892.460000038147
,,,,,3892.464999914169
,,,,,3892.47000002861
,,,,,3892.474999904633
,,,,,3892.480000019074
,,,,,3892.484999895096
,,,,,3892.4900000095367
,,,,,3892.494999885559
,,,,,3892.5
,,,,,3892.505000114441
,,,,,3892.5099999904633
,,,,,3892.515000104904
,,,,,3892.5199999809265
,,,,,3892.5250000953683
,,,,,3892.5299999713898
,,,,,3892.5350000858307
,,,,,3892.539999961853
,,,,,3892.545000076294
,,,,,3892.5499999523163
,,,,,3892.5550000667567
,,,,,3892.5599999427795
,,,,,3892.565000057221
,,,,,3892.569999933243
,,,,,3892.5750000476837
,,,,,3892.579999923706
,,,,,3892.585000038147
,,,,,3892.589999914169
,,,,,3892.59500002861
,,,,,3892.599999904633
,,,,,3892.605000019074
,,,,,3892.609999895096
,,,,,3892.6150000095367
,,,,,3892.619999885559
,,,,,3892.625
,,,,,3892.630000114441
,,,,,3892.6349999904633
,,,,,3892.640000104904
,,,,,3892.6449999809265
,,,,,3892.6500000953683
,,,,,3892.6549999713898
,,,,,3892.6600000858307
,,,,,3892.664999961853
,,,,,3892.670000076294
,,,,,3892.6749999523163
,,,,,3892.6800000667567
,,,,,3892.6849999427795
,,,,,3892.690000057221
,,,,,3892.694999933243
,,,,,3892.7000000476837
,,,,,3892.704999923706
,,,,,3892.710000038147
,,,,,3892.714999914169
,,,,,3892.72000002861
,,,,,3892.724999904633
,,,,,3892.730000019074
,,,,,3892.734999895096
,,,,,3892.7400000095367
,,,,,3892.744999885559
,,,,,3892.75
,,,,,3892.755000114441
,,,,,3892.7599999904633
,,,,,3892.765000104904
,,,,,3892.7699999809265
,,,,,3892.7750000953683
,,,,,3892.7799999713898
,,,,,3892.7850000858307
,,,,,3892.789999961853
,,,,,3892.795000076294
,,,,,3892.7999999523163
,,,,,3892.8050000667567
,,,,,3892.8099999427795
,,,,,3892.815000057221
,,,,,3892.819999933243
,,,,,3892.8250000476837
,,,,,3892.829999923706
,,,,,3892.835000038147
,,,,,3892.839999914169
,,,,,3892.84500002861
,,,,,3892.849999904633
,,,,,3892.855000019074
,,,,,3892.859999895096
,,,,,3892.8650000095367
,,,,,3892.869999885559
,,,,,3892.875
,,,,,3892.880000114441
,,,,,3892.8849999904633
,,,,,3892.890000104904
,,,,,3892.8949999809265
,,,,,3892.9000000953683
,,,,,3892.9049999713898
,,,,,3892.9100000858307
,,,,,3892.914999961853
,,,,,3892.920000076294
,,,,,3892.9249999523163
,,,,,3892.9300000667567
,,,,,3892.9349999427795
,,,,,3892.940000057221
,,,,,3892.944999933243
,,,,,3892.9500000476837
,,,,,3892.954999923706
,,,,,3892.960000038147
,,,,,3892.964999914169
,,,,,3892.97000002861
,,,,,3892.974999904633
,,,,,3892.980000019074
,,,,,3892.984999895096
,,,,,3892.9900000095367
,,,,,3892.994999885559
,,,,,3893.0
,,,,,3893.005000114441
,,,,,3893.0099999904633
,,,,,3893.015000104904
,,,,,3893.0199999809265
,,,,,3893.0250000953683
,,,,,3893.0299999713898
,,,,,3893.0350000858307
,,,,,3893.039999961853
,,,,,3893.045000076294
,,,,,3893.0499999523163
,,,,,3893.0550000667567
,,,,,3893.0599999427795
,,,,,3893.065000057221
,,,,,3893.069999933243
,,,,,3893.0750000476837
,,,,,3893.079999923706
,,,,,3893.085000038147
,,,,,3893.089999914169
,,,,,3893.09500002861
,,,,,3893.099999904633
,,,,,3893.105000019074
,,,,,3893.109999895096
,,,,,3893.1150000095367
,,,,,3893.119999885559
,,,,,3893.125
,,,,,3893.130000114441
,,,,,3893.1349999904633
,,,,,3893.140000104904
,,,,,3893.1449999809265
,,,,,3893.1500000953683
,,,,,3893.1549999713898
,,,,,3893.1600000858307
,,,,,3893.164999961853
,,,,,3893.170000076294
,,,,,3893.1749999523163
,,,,,3893.1800000667567
,,,,,3893.1849999427795
,,,,,3893.190000057221
,,,,,3893.194999933243
,,,,,3893.2000000476837
,,,,,3893.204999923706
,,,,,3893.210000038147
,,,,,3893.214999914169
,,,,,3893.22000002861
,,,,,3893.224999904633
,,,,,3893.230000019074
,,,,,3893.234999895096
,,,,,3893.2400000095367
,,,,,3893.244999885559
,,,,,3893.25
,,,,,3893.255000114441
,,,,,3893.2599999904633
,,,,,3893.265000104904
,,,,,3893.2699999809265
,,,,,3893.2750000953683
,,,,,3893.2799999713898
,,,,,3893.2850000858307
,,,,,3893.289999961853
,,,,,3893.295000076294
,,,,,3893.2999999523163
,,,,,3893.3050000667567
,,,,,3893.3099999427795
,,,,,3893.315000057221
,,,,,3893.319999933243
,,,,,3893.3250000476837
,,,,,3893.329999923706
,,,,,3893.335000038147
,,,,,3893.339999914169
,,,,,3893.34500002861
,,,,,3893.349999904633
,,,,,3893.355000019074
,,,,,3893.359999895096
,,,,,3893.3650000095367
,,,,,3893.369999885559
,,,,,3893.375
,,,,,3893.380000114441
,,,,,3893.3849999904633
,,,,,3893.390000104904
,,,,,3893.3949999809265
,,,,,3893.4000000953683
,,,,,3893.4049999713898
,,,,,3893.4100000858307
,,,,,3893.414999961853
,,,,,3893.420000076294
,,,,,3893.4249999523163
,,,,,3893.4300000667567
,,,,,3893.4349999427795
,,,,,3893.440000057221
,,,,,3893.444999933243
,,,,,3893.4500000476837
,,,,,3893.454999923706
,,,,,3893.460000038147
,,,,,3893.464999914169
,,,,,3893.47000002861
,,,,,3893.474999904633
,,,,,3893.480000019074
,,,,,3893.484999895096
,,,,,3893.4900000095367
,,,,,3893.494999885559
,,,,,3893.5
,,,,,3893.505000114441
,,,,,3893.5099999904633
,,,,,3893.515000104904
,,,,,3893.5199999809265
,,,,,3893.5250000953683
,,,,,3893.5299999713898
,,,,,3893.5350000858307
,,,,,3893.539999961853
,,,,,3893.545000076294
,,,,,3893.5499999523163
,,,,,3893.5550000667567
,,,,,3893.5599999427795
,,,,,3893.565000057221
,,,,,3893.569999933243
,,,,,3893.5750000476837
,,,,,3893.579999923706
,,,,,3893.585000038147
,,,,,3893.589999914169
,,,,,3893.59500002861
,,,,,3893.599999904633
,,,,,3893.605000019074
,,,,,3893.609999895096
,,,,,3893.6150000095367
,,,,,3893.619999885559
,,,,,3893.625
,,,,,3893.630000114441
,,,,,3893.6349999904633
,,,,,3893.640000104904
,,,,,3893.6449999809265
,,,,,3893.6500000953683
,,,,,3893.6549999713898
,,,,,3893.6600000858307
,,,,,3893.664999961853
,,,,,3893.670000076294
,,,,,3893.6749999523163
,,,,,3893.6800000667567
,,,,,3893.6849999427795
,,,,,3893.690000057221
,,,,,3893.694999933243
,,,,,3893.7000000476837
,,,,,3893.704999923706
,,,,,3893.710000038147
,,,,,3893.714999914169
,,,,,3893.72000002861
,,,,,3893.724999904633
,,,,,3893.730000019074
,,,,,3893.734999895096
,,,,,3893.7400000095367
,,,,,3893.744999885559
,,,,,3893.75
,,,,,3893.755000114441
,,,,,3893.7599999904633
,,,,,3893.765000104904
,,,,,3893.7699999809265
,,,,,3893.7750000953683
,,,,,3893.7799999713898
,,,,,3893.7850000858307
,,,,,3893.789999961853
,,,,,3893.795000076294
,,,,,3893.7999999523163
,,,,,3893.8050000667567
,,,,,3893.8099999427795
,,,,,3893.815000057221
,,,,,3893.819999933243
,,,,,3893.8250000476837
,,,,,3893.829999923706
,,,,,3893.835000038147
,,,,,3893.839999914169
,,,,,3893.84500002861
,,,,,3893.849999904633
,,,,,3893.855000019074
,,,,,3893.859999895096
,,,,,3893.8650000095367
,,,,,3893.869999885559
,,,,,3893.875
,,,,,3893.880000114441
,,,,,3893.8849999904633
,,,,,3893.890000104904
,,,,,3893.8949999809265
,,,,,3893.9000000953683
,,,,,3893.9049999713898
,,,,,3893.9100000858307
,,,,,3893.914999961853
,,,,,3893.920000076294
,,,,,3893.9249999523163
,,,,,3893.9300000667567
,,,,,3893.9349999427795
,,,,,3893.940000057221
,,,,,3893.944999933243
,,,,,3893.9500000476837
,,,,,3893.954999923706
,,,,,3893.960000038147
,,,,,3893.964999914169
,,,,,3893.97000002861
,,,,,3893.974999904633
,,,,,3893.980000019074
,,,,,3893.984999895096
,,,,,3893.9900000095367
,,,,,3893.994999885559
,,,,,3894.0
,,,,,3894.005000114441
,,,,,3894.0099999904633
,,,,,3894.015000104904
,,,,,3894.0199999809265
,,,,,3894.0250000953683
,,,,,3894.0299999713898
,,,,,3894.0350000858307
,,,,,3894.039999961853
,,,,,3894.045000076294
,,,,,3894.0499999523163
,,,,,3894.0550000667567
,,,,,3894.0599999427795
,,,,,3894.065000057221
,,,,,3894.069999933243
,,,,,3894.0750000476837
,,,,,3894.079999923706
,,,,,3894.085000038147
,,,,,3894.089999914169
,,,,,3894.09500002861
,,,,,3894.099999904633
,,,,,3894.105000019074
,,,,,3894.109999895096
,,,,,3894.1150000095367
,,,,,3894.119999885559
,,,,,3894.125
,,,,,3894.130000114441
,,,,,3894.1349999904633
,,,,,3894.140000104904
,,,,,3894.1449999809265
,,,,,3894.1500000953683
,,,,,3894.1549999713898
,,,,,3894.1600000858307
,,,,,3894.164999961853
,,,,,3894.170000076294
,,,,,3894.1749999523163
,,,,,3894.1800000667567
,,,,,3894.1849999427795
,,,,,3894.190000057221
,,,,,3894.194999933243
,,,,,3894.2000000476837
,,,,,3894.204999923706
,,,,,3894.210000038147
,,,,,3894.214999914169
,,,,,3894.22000002861
,,,,,3894.224999904633
,,,,,3894.230000019074
,,,,,3894.234999895096
,,,,,3894.2400000095367
,,,,,3894.244999885559
,,,,,3894.25
,,,,,3894.255000114441
,,,,,3894.2599999904633
,,,,,3894.265000104904
,,,,,3894.2699999809265
,,,,,3894.2750000953683
,,,,,3894.2799999713898
,,,,,3894.2850000858307
,,,,,3894.289999961853
,,,,,3894.295000076294
,,,,,3894.2999999523163
,,,,,3894.3050000667567
,,,,,3894.3099999427795
,,,,,3894.315000057221
,,,,,3894.319999933243
,,,,,3894.3250000476837
,,,,,3894.329999923706
,,,,,3894.335000038147
,,,,,3894.339999914169
,,,,,3894.34500002861
,,,,,3894.349999904633
,,,,,3894.355000019074
,,,,,3894.359999895096
,,,,,3894.3650000095367
,,,,,3894.369999885559
,,,,,3894.375
,,,,,3894.380000114441
,,,,,3894.3849999904633
,,,,,3894.390000104904
,,,,,3894.3949999809265
,,,,,3894.4000000953683
,,,,,3894.4049999713898
,,,,,3894.4100000858307
,,,,,3894.414999961853
,,,,,3894.420000076294
,,,,,3894.4249999523163
,,,,,3894.4300000667567
,,,,,3894.4349999427795
,,,,,3894.440000057221
,,,,,3894.444999933243
,,,,,3894.4500000476837
,,,,,3894.454999923706
,,,,,3894.460000038147
,,,,,3894.464999914169
,,,,,3894.47000002861
,,,,,3894.474999904633
,,,,,3894.480000019074
,,,,,3894.484999895096
,,,,,3894.4900000095367
,,,,,3894.494999885559
,,,,,3894.5
,,,,,3894.505000114441
,,,,,3894.5099999904633
,,,,,3894.515000104904
,,,,,3894.5199999809265
,,,,,3894.5250000953683
,,,,,3894.5299999713898
,,,,,3894.5350000858307
,,,,,3894.539999961853
,,,,,3894.545000076294
,,,,,3894.5499999523163
,,,,,3894.5550000667567
,,,,,3894.5599999427795
,,,,,3894.565000057221
,,,,,3894.569999933243
,,,,,3894.5750000476837
,,,,,3894.579999923706
,,,,,3894.585000038147
,,,,,3894.589999914169
,,,,,3894.59500002861
,,,,,3894.599999904633
,,,,,3894.605000019074
,,,,,3894.609999895096
,,,,,3894.6150000095367
,,,,,3894.619999885559
,,,,,3894.625
,,,,,3894.630000114441
,,,,,3894.6349999904633
,,,,,3894.640000104904
,,,,,3894.6449999809265
,,,,,3894.6500000953683
,,,,,3894.6549999713898
,,,,,3894.6600000858307
,,,,,3894.664999961853
,,,,,3894.670000076294
,,,,,3894.6749999523163
,,,,,3894.6800000667567
,,,,,3894.6849999427795
,,,,,3894.690000057221
,,,,,3894.694999933243
,,,,,3894.7000000476837
,,,,,3894.704999923706
,,,,,3894.710000038147
,,,,,3894.714999914169
,,,,,3894.72000002861
,,,,,3894.724999904633
,,,,,3894.730000019074
,,,,,3894.734999895096
,,,,,3894.7400000095367
,,,,,3894.744999885559
,,,,,3894.75
,,,,,3894.755000114441
,,,,,3894.7599999904633
,,,,,3894.765000104904
,,,,,3894.7699999809265
,,,,,3894.7750000953683
,,,,,3894.7799999713898
,,,,,3894.7850000858307
,,,,,3894.789999961853
,,,,,3894.795000076294
,,,,,3894.7999999523163
,,,,,3894.8050000667567
,,,,,3894.8099999427795
,,,,,3894.815000057221
,,,,,3894.819999933243
,,,,,3894.8250000476837
,,,,,3894.829999923706
,,,,,3894.835000038147
,,,,,3894.839999914169
,,,,,3894.84500002861
,,,,,3894.849999904633
,,,,,3894.855000019074
,,,,,3894.859999895096
,,,,,3894.8650000095367
,,,,,3894.869999885559
,,,,,3894.875
,,,,,3894.880000114441
,,,,,3894.8849999904633
,,,,,3894.890000104904
,,,,,3894.8949999809265
,,,,,3894.9000000953683
,,,,,3894.9049999713898
,,,,,3894.9100000858307
,,,,,3894.914999961853
,,,,,3894.920000076294
,,,,,3894.9249999523163
,,,,,3894.9300000667567
,,,,,3894.9349999427795
,,,,,3894.940000057221
,,,,,3894.944999933243
,,,,,3894.9500000476837
,,,,,3894.954999923706
,,,,,3894.960000038147
,,,,,3894.964999914169
,,,,,3894.97000002861
,,,,,3894.974999904633
,,,,,3894.980000019074
,,,,,3894.984999895096
,,,,,3894.9900000095367
,,,,,3894.994999885559
,,,,,3895.0
,,,,,3895.005000114441
,,,,,3895.0099999904633
,,,,,3895.015000104904
,,,,,3895.0199999809265
,,,,,3895.0250000953683
,,,,,3895.0299999713898
,,,,,3895.0350000858307
,,,,,3895.039999961853
,,,,,3895.045000076294
,,,,,3895.0499999523163
,,,,,3895.0550000667567
,,,,,3895.0599999427795
,,,,,3895.065000057221
,,,,,3895.069999933243
,,,,,3895.0750000476837
,,,,,3895.079999923706
,,,,,3895.085000038147
,,,,,3895.089999914169
,,,,,3895.09500002861
,,,,,3895.099999904633
,,,,,3895.105000019074
,,,,,3895.109999895096
,,,,,3895.1150000095367
,,,,,3895.119999885559
,,,,,3895.125
,,,,,3895.130000114441
,,,,,3895.1349999904633
,,,,,3895.140000104904
,,,,,3895.1449999809265
,,,,,3895.1500000953683
,,,,,3895.1549999713898
,,,,,3895.1600000858307
,,,,,3895.164999961853
,,,,,3895.170000076294
,,,,,3895.1749999523163
,,,,,3895.1800000667567
,,,,,3895.1849999427795
,,,,,3895.190000057221
,,,,,3895.194999933243
,,,,,3895.2000000476837
,,,,,3895.204999923706
,,,,,3895.210000038147
,,,,,3895.214999914169
,,,,,3895.22000002861
,,,,,3895.224999904633
,,,,,3895.230000019074
,,,,,3895.234999895096
,,,,,3895.2400000095367
,,,,,3895.244999885559
,,,,,3895.25
,,,,,3895.255000114441
,,,,,3895.2599999904633
,,,,,3895.265000104904
,,,,,3895.2699999809265
,,,,,3895.2750000953683
,,,,,3895.2799999713898
,,,,,3895.2850000858307
,,,,,3895.289999961853
,,,,,3895.295000076294
,,,,,3895.2999999523163
,,,,,3895.3050000667567
,,,,,3895.3099999427795
,,,,,3895.315000057221
,,,,,3895.319999933243
,,,,,3895.3250000476837
,,,,,3895.329999923706
,,,,,3895.335000038147
,,,,,3895.339999914169
,,,,,3895.34500002861
,,,,,3895.349999904633
,,,,,3895.355000019074
,,,,,3895.359999895096
,,,,,3895.3650000095367
,,,,,3895.369999885559
,,,,,3895.375
,,,,,3895.380000114441
,,,,,3895.3849999904633
,,,,,3895.390000104904
,,,,,3895.3949999809265
,,,,,3895.4000000953683
,,,,,3895.4049999713898
,,,,,3895.4100000858307
,,,,,3895.414999961853
,,,,,3895.420000076294
,,,,,3895.4249999523163
,,,,,3895.4300000667567
,,,,,3895.4349999427795
,,,,,3895.440000057221
,,,,,3895.444999933243
,,,,,3895.4500000476837
,,,,,3895.454999923706
,,,,,3895.460000038147
,,,,,3895.464999914169
,,,,,3895.47000002861
,,,,,3895.474999904633
,,,,,3895.480000019074
,,,,,3895.484999895096
,,,,,3895.4900000095367
,,,,,3895.494999885559
,,,,,3895.5
,,,,,3895.505000114441
,,,,,3895.5099999904633
,,,,,3895.515000104904
,,,,,3895.5199999809265
,,,,,3895.5250000953683
,,,,,3895.5299999713898
,,,,,3895.5350000858307
,,,,,3895.539999961853
,,,,,3895.545000076294
,,,,,3895.5499999523163
,,,,,3895.5550000667567
,,,,,3895.5599999427795
,,,,,3895.565000057221
,,,,,3895.569999933243
,,,,,3895.5750000476837
,,,,,3895.579999923706
,,,,,3895.585000038147
,,,,,3895.589999914169
,,,,,3895.59500002861
,,,,,3895.599999904633
,,,,,3895.605000019074
,,,,,3895.609999895096
,,,,,3895.6150000095367
,,,,,3895.619999885559
,,,,,3895.625
,,,,,3895.630000114441
,,,,,3895.6349999904633
,,,,,3895.640000104904
,,,,,3895.6449999809265
,,,,,3895.6500000953683
,,,,,3895.6549999713898
,,,,,3895.6600000858307
,,,,,3895.664999961853
,,,,,3895.670000076294
,,,,,3895.6749999523163
,,,,,3895.6800000667567
,,,,,3895.6849999427795
,,,,,3895.690000057221
,,,,,3895.694999933243
,,,,,3895.7000000476837
,,,,,3895.704999923706
,,,,,3895.710000038147
,,,,,3895.714999914169
,,,,,3895.72000002861
,,,,,3895.724999904633
,,,,,3895.730000019074
,,,,,3895.734999895096
,,,,,3895.7400000095367
,,,,,3895.744999885559
,,,,,3895.75
,,,,,3895.755000114441
,,,,,3895.7599999904633
,,,,,3895.765000104904
,,,,,3895.7699999809265
,,,,,3895.7750000953683
,,,,,3895.7799999713898
,,,,,3895.7850000858307
,,,,,3895.789999961853
,,,,,3895.795000076294
,,,,,3895.7999999523163
,,,,,3895.8050000667567
,,,,,3895.8099999427795
,,,,,3895.815000057221
,,,,,3895.819999933243
,,,,,3895.8250000476837
,,,,,3895.829999923706
,,,,,3895.835000038147
,,,,,3895.839999914169
,,,,,3895.84500002861
,,,,,3895.849999904633
,,,,,3895.855000019074
,,,,,3895.859999895096
,,,,,3895.8650000095367
,,,,,3895.869999885559
,,,,,3895.875
,,,,,3895.880000114441
,,,,,3895.8849999904633
,,,,,3895.890000104904
,,,,,3895.8949999809265
,,,,,3895.9000000953683
,,,,,3895.9049999713898
,,,,,3895.9100000858307
,,,,,3895.914999961853
,,,,,3895.920000076294
,,,,,3895.9249999523163
,,,,,3895.9300000667567
,,,,,3895.9349999427795
,,,,,3895.940000057221
,,,,,3895.944999933243
,,,,,3895.9500000476837
,,,,,3895.954999923706
,,,,,3895.960000038147
,,,,,3895.964999914169
,,,,,3895.97000002861
,,,,,3895.974999904633
,,,,,3895.980000019074
,,,,,3895.984999895096
,,,,,3895.9900000095367
,,,,,3895.994999885559
,,,,,3896.0
,,,,,3896.005000114441
,,,,,3896.0099999904633
,,,,,3896.015000104904
,,,,,3896.0199999809265
,,,,,3896.0250000953683
,,,,,3896.0299999713898
,,,,,3896.0350000858307
,,,,,3896.039999961853
,,,,,3896.045000076294
,,,,,3896.0499999523163
,,,,,3896.0550000667567
,,,,,3896.0599999427795
,,,,,3896.065000057221
,,,,,3896.069999933243
,,,,,3896.0750000476837
,,,,,3896.079999923706
,,,,,3896.085000038147
,,,,,3896.089999914169
,,,,,3896.09500002861
,,,,,3896.099999904633
,,,,,3896.105000019074
,,,,,3896.109999895096
,,,,,3896.1150000095367
,,,,,3896.119999885559
,,,,,3896.125
,,,,,3896.130000114441
,,,,,3896.1349999904633
,,,,,3896.140000104904
,,,,,3896.1449999809265
,,,,,3896.1500000953683
,,,,,3896.1549999713898
,,,,,3896.1600000858307
,,,,,3896.164999961853
,,,,,3896.170000076294
,,,,,3896.1749999523163
,,,,,3896.1800000667567
,,,,,3896.1849999427795
,,,,,3896.190000057221
,,,,,3896.194999933243
,,,,,3896.2000000476837
,,,,,3896.204999923706
,,,,,3896.210000038147
,,,,,3896.214999914169
,,,,,3896.22000002861
,,,,,3896.224999904633
,,,,,3896.230000019074
,,,,,3896.234999895096
,,,,,3896.2400000095367
,,,,,3896.244999885559
,,,,,3896.25
,,,,,3896.255000114441
,,,,,3896.2599999904633
,,,,,3896.265000104904
,,,,,3896.2699999809265
,,,,,3896.2750000953683
,,,,,3896.2799999713898
,,,,,3896.2850000858307
,,,,,3896.289999961853
,,,,,3896.295000076294
,,,,,3896.2999999523163
,,,,,3896.3050000667567
,,,,,3896.3099999427795
,,,,,3896.315000057221
,,,,,3896.319999933243
,,,,,3896.3250000476837
,,,,,3896.329999923706
,,,,,3896.335000038147
,,,,,3896.339999914169
,,,,,3896.34500002861
,,,,,3896.349999904633
,,,,,3896.355000019074
,,,,,3896.359999895096
,,,,,3896.3650000095367
,,,,,3896.369999885559
,,,,,3896.375
,,,,,3896.380000114441
,,,,,3896.3849999904633
,,,,,3896.390000104904
,,,,,3896.3949999809265
,,,,,3896.4000000953683
,,,,,3896.4049999713898
,,,,,3896.4100000858307
,,,,,3896.414999961853
,,,,,3896.420000076294
,,,,,3896.4249999523163
,,,,,3896.4300000667567
,,,,,3896.4349999427795
,,,,,3896.440000057221
,,,,,3896.444999933243
,,,,,3896.4500000476837
,,,,,3896.454999923706
,,,,,3896.460000038147
,,,,,3896.464999914169
,,,,,3896.47000002861
,,,,,3896.474999904633
,,,,,3896.480000019074
,,,,,3896.484999895096
,,,,,3896.4900000095367
,,,,,3896.494999885559
,,,,,3896.5
,,,,,3896.505000114441
,,,,,3896.5099999904633
,,,,,3896.515000104904
,,,,,3896.5199999809265
,,,,,3896.5250000953683
,,,,,3896.5299999713898
,,,,,3896.5350000858307
,,,,,3896.539999961853
,,,,,3896.545000076294
,,,,,3896.5499999523163
,,,,,3896.5550000667567
,,,,,3896.5599999427795
,,,,,3896.565000057221
,,,,,3896.569999933243
,,,,,3896.5750000476837
,,,,,3896.579999923706
,,,,,3896.585000038147
,,,,,3896.589999914169
,,,,,3896.59500002861
,,,,,3896.599999904633
,,,,,3896.605000019074
,,,,,3896.609999895096
,,,,,3896.6150000095367
,,,,,3896.619999885559
,,,,,3896.625
,,,,,3896.630000114441
,,,,,3896.6349999904633
,,,,,3896.640000104904
,,,,,3896.6449999809265
,,,,,3896.6500000953683
,,,,,3896.6549999713898
,,,,,3896.6600000858307
,,,,,3896.664999961853
,,,,,3896.670000076294
,,,,,3896.6749999523163
,,,,,3896.6800000667567
,,,,,3896.6849999427795
,,,,,3896.690000057221
,,,,,3896.694999933243
,,,,,3896.7000000476837
,,,,,3896.704999923706
,,,,,3896.710000038147
,,,,,3896.714999914169
,,,,,3896.72000002861
,,,,,3896.724999904633
,,,,,3896.730000019074
,,,,,3896.734999895096
,,,,,3896.7400000095367
,,,,,3896.744999885559
,,,,,3896.75
,,,,,3896.755000114441
,,,,,3896.7599999904633
,,,,,3896.765000104904
,,,,,3896.7699999809265
,,,,,3896.7750000953683
,,,,,3896.7799999713898
,,,,,3896.7850000858307
,,,,,3896.789999961853
,,,,,3896.795000076294
,,,,,3896.7999999523163
,,,,,3896.8050000667567
,,,,,3896.8099999427795
,,,,,3896.815000057221
,,,,,3896.819999933243
,,,,,3896.8250000476837
,,,,,3896.829999923706
,,,,,3896.835000038147
,,,,,3896.839999914169
,,,,,3896.84500002861
,,,,,3896.849999904633
,,,,,3896.855000019074
,,,,,3896.859999895096
,,,,,3896.8650000095367
,,,,,3896.869999885559
,,,,,3896.875
,,,,,3896.880000114441
,,,,,3896.8849999904633
,,,,,3896.890000104904
,,,,,3896.8949999809265
,,,,,3896.9000000953683
,,,,,3896.9049999713898
,,,,,3896.9100000858307
,,,,,3896.914999961853
,,,,,3896.920000076294
,,,,,3896.9249999523163
,,,,,3896.9300000667567
,,,,,3896.9349999427795
,,,,,3896.940000057221
,,,,,3896.944999933243
,,,,,3896.9500000476837
,,,,,3896.954999923706
,,,,,3896.960000038147
,,,,,3896.964999914169
,,,,,3896.97000002861
,,,,,3896.974999904633
,,,,,3896.980000019074
,,,,,3896.984999895096
,,,,,3896.9900000095367
,,,,,3896.994999885559
,,,,,3897.0
,,,,,3897.005000114441
,,,,,3897.0099999904633
,,,,,3897.015000104904
,,,,,3897.0199999809265
,,,,,3897.0250000953683
,,,,,3897.0299999713898
,,,,,3897.0350000858307
,,,,,3897.039999961853
,,,,,3897.045000076294
,,,,,3897.0499999523163
,,,,,3897.0550000667567
,,,,,3897.0599999427795
,,,,,3897.065000057221
,,,,,3897.069999933243
,,,,,3897.0750000476837
,,,,,3897.079999923706
,,,,,3897.085000038147
,,,,,3897.089999914169
,,,,,3897.09500002861
,,,,,3897.099999904633
,,,,,3897.105000019074
,,,,,3897.109999895096
,,,,,3897.1150000095367
,,,,,3897.119999885559
,,,,,3897.125
,,,,,3897.130000114441
,,,,,3897.1349999904633
,,,,,3897.140000104904
,,,,,3897.1449999809265
,,,,,3897.1500000953683
,,,,,3897.1549999713898
,,,,,3897.1600000858307
,,,,,3897.164999961853
,,,,,3897.170000076294
,,,,,3897.1749999523163
,,,,,3897.1800000667567
,,,,,3897.1849999427795
,,,,,3897.190000057221
,,,,,3897.194999933243
,,,,,3897.2000000476837
,,,,,3897.204999923706
,,,,,3897.210000038147
,,,,,3897.214999914169
,,,,,3897.22000002861
,,,,,3897.224999904633
,,,,,3897.230000019074
,,,,,3897.234999895096
,,,,,3897.2400000095367
,,,,,3897.244999885559
,,,,,3897.25
,,,,,3897.255000114441
,,,,,3897.2599999904633
,,,,,3897.265000104904
,,,,,3897.2699999809265
,,,,,3897.2750000953683
,,,,,3897.2799999713898
,,,,,3897.2850000858307
,,,,,3897.289999961853
,,,,,3897.295000076294
,,,,,3897.2999999523163
,,,,,3897.3050000667567
,,,,,3897.3099999427795
,,,,,3897.315000057221
,,,,,3897.319999933243
,,,,,3897.3250000476837
,,,,,3897.329999923706
,,,,,3897.335000038147
,,,,,3897.339999914169
,,,,,3897.34500002861
,,,,,3897.349999904633
,,,,,3897.355000019074
,,,,,3897.359999895096
,,,,,3897.3650000095367
,,,,,3897.369999885559
,,,,,3897.375
,,,,,3897.380000114441
,,,,,3897.3849999904633
,,,,,3897.390000104904
,,,,,3897.3949999809265
,,,,,3897.4000000953683
,,,,,3897.4049999713898
,,,,,3897.4100000858307
,,,,,3897.414999961853
,,,,,3897.420000076294
,,,,,3897.4249999523163
,,,,,3897.4300000667567
,,,,,3897.4349999427795
,,,,,3897.440000057221
,,,,,3897.444999933243
,,,,,3897.4500000476837
,,,,,3897.454999923706
,,,,,3897.460000038147
,,,,,3897.464999914169
,,,,,3897.47000002861
,,,,,3897.474999904633
,,,,,3897.480000019074
,,,,,3897.484999895096
,,,,,3897.4900000095367
,,,,,3897.494999885559
,,,,,3897.5
,,,,,3897.505000114441
,,,,,3897.5099999904633
,,,,,3897.515000104904
,,,,,3897.5199999809265
,,,,,3897.5250000953683
,,,,,3897.5299999713898
,,,,,3897.5350000858307
,,,,,3897.539999961853
,,,,,3897.545000076294
,,,,,3897.5499999523163
,,,,,3897.5550000667567
,,,,,3897.5599999427795
,,,,,3897.565000057221
,,,,,3897.569999933243
,,,,,3897.5750000476837
,,,,,3897.579999923706
,,,,,3897.585000038147
,,,,,3897.589999914169
,,,,,3897.59500002861
,,,,,3897.599999904633
,,,,,3897.605000019074
,,,,,3897.609999895096
,,,,,3897.6150000095367
,,,,,3897.619999885559
,,,,,3897.625
,,,,,3897.630000114441
,,,,,3897.6349999904633
,,,,,3897.640000104904
,,,,,3897.6449999809265
,,,,,3897.6500000953683
,,,,,3897.6549999713898
,,,,,3897.6600000858307
,,,,,3897.664999961853
,,,,,3897.670000076294
,,,,,3897.6749999523163
,,,,,3897.6800000667567
,,,,,3897.6849999427795
,,,,,3897.690000057221
,,,,,3897.694999933243
,,,,,3897.7000000476837
,,,,,3897.704999923706
,,,,,3897.710000038147
,,,,,3897.714999914169
,,,,,3897.72000002861
,,,,,3897.724999904633
,,,,,3897.730000019074
,,,,,3897.734999895096
,,,,,3897.7400000095367
,,,,,3897.744999885559
,,,,,3897.75
,,,,,3897.755000114441
,,,,,3897.7599999904633
,,,,,3897.765000104904
,,,,,3897.7699999809265
,,,,,3897.7750000953683
,,,,,3897.7799999713898
,,,,,3897.7850000858307
,,,,,3897.789999961853
,,,,,3897.795000076294
,,,,,3897.7999999523163
,,,,,3897.8050000667567
,,,,,3897.8099999427795
,,,,,3897.815000057221
,,,,,3897.819999933243
,,,,,3897.8250000476837
,,,,,3897.829999923706
,,,,,3897.835000038147
,,,,,3897.839999914169
,,,,,3897.84500002861
,,,,,3897.849999904633
,,,,,3897.855000019074
,,,,,3897.859999895096
,,,,,3897.8650000095367
,,,,,3897.869999885559
,,,,,3897.875
,,,,,3897.880000114441
,,,,,3897.8849999904633
,,,,,3897.890000104904
,,,,,3897.8949999809265
,,,,,3897.9000000953683
,,,,,3897.9049999713898
,,,,,3897.9100000858307
,,,,,3897.914999961853
,,,,,3897.920000076294
,,,,,3897.9249999523163
,,,,,3897.9300000667567
,,,,,3897.9349999427795
,,,,,3897.940000057221
,,,,,3897.944999933243
,,,,,3897.9500000476837
,,,,,3897.954999923706
,,,,,3897.960000038147
,,,,,3897.964999914169
,,,,,3897.97000002861
,,,,,3897.974999904633
,,,,,3897.980000019074
,,,,,3897.984999895096
,,,,,3897.9900000095367
,,,,,3897.994999885559
,,,,,3898.0
,,,,,3898.005000114441
,,,,,3898.0099999904633
,,,,,3898.015000104904
,,,,,3898.0199999809265
,,,,,3898.0250000953683
,,,,,3898.0299999713898
,,,,,3898.0350000858307
,,,,,3898.039999961853
,,,,,3898.045000076294
,,,,,3898.0499999523163
,,,,,3898.0550000667567
,,,,,3898.0599999427795
,,,,,3898.065000057221
,,,,,3898.069999933243
,,,,,3898.0750000476837
,,,,,3898.079999923706
,,,,,3898.085000038147
,,,,,3898.089999914169
,,,,,3898.09500002861
,,,,,3898.099999904633
,,,,,3898.105000019074
,,,,,3898.109999895096
,,,,,3898.1150000095367
,,,,,3898.119999885559
,,,,,3898.125
,,,,,3898.130000114441
,,,,,3898.1349999904633
,,,,,3898.140000104904
,,,,,3898.1449999809265
,,,,,3898.1500000953683
,,,,,3898.1549999713898
,,,,,3898.1600000858307
,,,,,3898.164999961853
,,,,,3898.170000076294
,,,,,3898.1749999523163
,,,,,3898.1800000667567
,,,,,3898.1849999427795
,,,,,3898.190000057221
,,,,,3898.194999933243
,,,,,3898.2000000476837
,,,,,3898.204999923706
,,,,,3898.210000038147
,,,,,3898.214999914169
,,,,,3898.22000002861
,,,,,3898.224999904633
,,,,,3898.230000019074
,,,,,3898.234999895096
,,,,,3898.2400000095367
,,,,,3898.244999885559
,,,,,3898.25
,,,,,3898.255000114441
,,,,,3898.2599999904633
,,,,,3898.265000104904
,,,,,3898.2699999809265
,,,,,3898.2750000953683
,,,,,3898.2799999713898
,,,,,3898.2850000858307
,,,,,3898.289999961853
,,,,,3898.295000076294
,,,,,3898.2999999523163
,,,,,3898.3050000667567
,,,,,3898.3099999427795
,,,,,3898.315000057221
,,,,,3898.319999933243
,,,,,3898.3250000476837
,,,,,3898.329999923706
,,,,,3898.335000038147
,,,,,3898.339999914169
,,,,,3898.34500002861
,,,,,3898.349999904633
,,,,,3898.355000019074
,,,,,3898.359999895096
,,,,,3898.3650000095367
,,,,,3898.369999885559
,,,,,3898.375
,,,,,3898.380000114441
,,,,,3898.3849999904633
,,,,,3898.390000104904
,,,,,3898.3949999809265
,,,,,3898.4000000953683
,,,,,3898.4049999713898
,,,,,3898.4100000858307
,,,,,3898.414999961853
,,,,,3898.420000076294
,,,,,3898.4249999523163
,,,,,3898.4300000667567
,,,,,3898.4349999427795
,,,,,3898.440000057221
,,,,,3898.444999933243
,,,,,3898.4500000476837
,,,,,3898.454999923706
,,,,,3898.460000038147
,,,,,3898.464999914169
,,,,,3898.47000002861
,,,,,3898.474999904633
,,,,,3898.480000019074
,,,,,3898.484999895096
,,,,,3898.4900000095367
,,,,,3898.494999885559
,,,,,3898.5
,,,,,3898.505000114441
,,,,,3898.5099999904633
,,,,,3898.515000104904
,,,,,3898.5199999809265
,,,,,3898.5250000953683
,,,,,3898.5299999713898
,,,,,3898.5350000858307
,,,,,3898.539999961853
,,,,,3898.545000076294
,,,,,3898.5499999523163
,,,,,3898.5550000667567
,,,,,3898.5599999427795
,,,,,3898.565000057221
,,,,,3898.569999933243
,,,,,3898.5750000476837
,,,,,3898.579999923706
,,,,,3898.585000038147
,,,,,3898.589999914169
,,,,,3898.59500002861
,,,,,3898.599999904633
,,,,,3898.605000019074
,,,,,3898.609999895096
,,,,,3898.6150000095367
,,,,,3898.619999885559
,,,,,3898.625
,,,,,3898.630000114441
,,,,,3898.6349999904633
,,,,,3898.640000104904
,,,,,3898.6449999809265
,,,,,3898.6500000953683
,,,,,3898.6549999713898
,,,,,3898.6600000858307
,,,,,3898.664999961853
,,,,,3898.670000076294
,,,,,3898.6749999523163
,,,,,3898.6800000667567
,,,,,3898.6849999427795
,,,,,3898.690000057221
,,,,,3898.694999933243
,,,,,3898.7000000476837
,,,,,3898.704999923706
,,,,,3898.710000038147
,,,,,3898.714999914169
,,,,,3898.72000002861
,,,,,3898.724999904633
,,,,,3898.730000019074
,,,,,3898.734999895096
,,,,,3898.7400000095367
,,,,,3898.744999885559
,,,,,3898.75
,,,,,3898.755000114441
,,,,,3898.7599999904633
,,,,,3898.765000104904
,,,,,3898.7699999809265
,,,,,3898.7750000953683
,,,,,3898.7799999713898
,,,,,3898.7850000858307
,,,,,3898.789999961853
,,,,,3898.795000076294
,,,,,3898.7999999523163
,,,,,3898.8050000667567
,,,,,3898.8099999427795
,,,,,3898.815000057221
,,,,,3898.819999933243
,,,,,3898.8250000476837
,,,,,3898.829999923706
,,,,,3898.835000038147
,,,,,3898.839999914169
,,,,,3898.84500002861
,,,,,3898.849999904633
,,,,,3898.855000019074
,,,,,3898.859999895096
,,,,,3898.8650000095367
,,,,,3898.869999885559
,,,,,3898.875
,,,,,3898.880000114441
,,,,,3898.8849999904633
,,,,,3898.890000104904
,,,,,3898.8949999809265
,,,,,3898.9000000953683
,,,,,3898.9049999713898
,,,,,3898.9100000858307
,,,,,3898.914999961853
,,,,,3898.920000076294
,,,,,3898.9249999523163
,,,,,3898.9300000667567
,,,,,3898.9349999427795
,,,,,3898.940000057221
,,,,,3898.944999933243
,,,,,3898.9500000476837
,,,,,3898.954999923706
,,,,,3898.960000038147
,,,,,3898.964999914169
,,,,,3898.97000002861
,,,,,3898.974999904633
,,,,,3898.980000019074
,,,,,3898.984999895096
,,,,,3898.9900000095367
,,,,,3898.994999885559
,,,,,3899.0
,,,,,3899.005000114441
,,,,,3899.0099999904633
,,,,,3899.015000104904
,,,,,3899.0199999809265
,,,,,3899.0250000953683
,,,,,3899.0299999713898
,,,,,3899.0350000858307
,,,,,3899.039999961853
,,,,,3899.045000076294
,,,,,3899.0499999523163
,,,,,3899.0550000667567
,,,,,3899.0599999427795
,,,,,3899.065000057221
,,,,,3899.069999933243
,,,,,3899.0750000476837
,,,,,3899.079999923706
,,,,,3899.085000038147
,,,,,3899.089999914169
,,,,,3899.09500002861
,,,,,3899.099999904633
,,,,,3899.105000019074
,,,,,3899.109999895096
,,,,,3899.1150000095367
,,,,,3899.119999885559
,,,,,3899.125
,,,,,3899.130000114441
,,,,,3899.1349999904633
,,,,,3899.140000104904
,,,,,3899.1449999809265
,,,,,3899.1500000953683
,,,,,3899.1549999713898
,,,,,3899.1600000858307
,,,,,3899.164999961853
,,,,,3899.170000076294
,,,,,3899.1749999523163
,,,,,3899.1800000667567
,,,,,3899.1849999427795
,,,,,3899.190000057221
,,,,,3899.194999933243
,,,,,3899.2000000476837
,,,,,3899.204999923706
,,,,,3899.210000038147
,,,,,3899.214999914169
,,,,,3899.22000002861
,,,,,3899.224999904633
,,,,,3899.230000019074
,,,,,3899.234999895096
,,,,,3899.2400000095367
,,,,,3899.244999885559
,,,,,3899.25
,,,,,3899.255000114441
,,,,,3899.2599999904633
,,,,,3899.265000104904
,,,,,3899.2699999809265
,,,,,3899.2750000953683
,,,,,3899.2799999713898
,,,,,3899.2850000858307
,,,,,3899.289999961853
,,,,,3899.295000076294
,,,,,3899.2999999523163
,,,,,3899.3050000667567
,,,,,3899.3099999427795
,,,,,3899.315000057221
,,,,,3899.319999933243
,,,,,3899.3250000476837
,,,,,3899.329999923706
,,,,,3899.335000038147
,,,,,3899.339999914169
,,,,,3899.34500002861
,,,,,3899.349999904633
,,,,,3899.355000019074
,,,,,3899.359999895096
,,,,,3899.3650000095367
,,,,,3899.369999885559
,,,,,3899.375
,,,,,3899.380000114441
,,,,,3899.3849999904633
,,,,,3899.390000104904
,,,,,3899.3949999809265
,,,,,3899.4000000953683
,,,,,3899.4049999713898
,,,,,3899.4100000858307
,,,,,3899.414999961853
,,,,,3899.420000076294
,,,,,3899.4249999523163
,,,,,3899.4300000667567
,,,,,3899.4349999427795
,,,,,3899.440000057221
,,,,,3899.444999933243
,,,,,3899.4500000476837
,,,,,3899.454999923706
,,,,,3899.460000038147
,,,,,3899.464999914169
,,,,,3899.47000002861
,,,,,3899.474999904633
,,,,,3899.480000019074
,,,,,3899.484999895096
,,,,,3899.4900000095367
,,,,,3899.494999885559
,,,,,3899.5
,,,,,3899.505000114441
,,,,,3899.5099999904633
,,,,,3899.515000104904
,,,,,3899.5199999809265
,,,,,3899.5250000953683
,,,,,3899.5299999713898
,,,,,3899.5350000858307
,,,,,3899.539999961853
,,,,,3899.545000076294
,,,,,3899.5499999523163
,,,,,3899.5550000667567
,,,,,3899.5599999427795
,,,,,3899.565000057221
,,,,,3899.569999933243
,,,,,3899.5750000476837
,,,,,3899.579999923706
,,,,,3899.585000038147
,,,,,3899.589999914169
,,,,,3899.59500002861
,,,,,3899.599999904633
,,,,,3899.605000019074
,,,,,3899.609999895096
,,,,,3899.6150000095367
,,,,,3899.619999885559
,,,,,3899.625
,,,,,3899.630000114441
,,,,,3899.6349999904633
,,,,,3899.640000104904
,,,,,3899.6449999809265
,,,,,3899.6500000953683
,,,,,3899.6549999713898
,,,,,3899.6600000858307
,,,,,3899.664999961853
,,,,,3899.670000076294
,,,,,3899.6749999523163
,,,,,3899.6800000667567
,,,,,3899.6849999427795
,,,,,3899.690000057221
,,,,,3899.694999933243
,,,,,3899.7000000476837
,,,,,3899.704999923706
,,,,,3899.710000038147
,,,,,3899.714999914169
,,,,,3899.72000002861
,,,,,3899.724999904633
,,,,,3899.730000019074
,,,,,3899.734999895096
,,,,,3899.7400000095367
,,,,,3899.744999885559
,,,,,3899.75
,,,,,3899.755000114441
,,,,,3899.7599999904633
,,,,,3899.765000104904
,,,,,3899.7699999809265
,,,,,3899.7750000953683
,,,,,3899.7799999713898
,,,,,3899.7850000858307
,,,,,3899.789999961853
,,,,,3899.795000076294
,,,,,3899.7999999523163
,,,,,3899.8050000667567
,,,,,3899.8099999427795
,,,,,3899.815000057221
,,,,,3899.819999933243
,,,,,3899.8250000476837
,,,,,3899.829999923706
,,,,,3899.835000038147
,,,,,3899.839999914169
,,,,,3899.84500002861
,,,,,3899.849999904633
,,,,,3899.855000019074
,,,,,3899.859999895096
,,,,,3899.8650000095367
,,,,,3899.869999885559
,,,,,3899.875
,,,,,3899.880000114441
,,,,,3899.8849999904633
,,,,,3899.890000104904
,,,,,3899.8949999809265
,,,,,3899.9000000953683
,,,,,3899.9049999713898
,,,,,3899.9100000858307
,,,,,3899.914999961853
,,,,,3899.920000076294
,,,,,3899.9249999523163
,,,,,3899.9300000667567
,,,,,3899.9349999427795
,,,,,3899.940000057221
,,,,,3899.944999933243
,,,,,3899.9500000476837
,,,,,3899.954999923706
,,,,,3899.960000038147
,,,,,3899.964999914169
,,,,,3899.97000002861
,,,,,3899.974999904633
,,,,,3899.980000019074
,,,,,3899.984999895096
,,,,,3899.9900000095367
,,,,,3899.994999885559
,,,,,3900.0
,,,,,3900.005000114441
,,,,,3900.0099999904633
,,,,,3900.015000104904
,,,,,3900.0199999809265
,,,,,3900.0250000953683
,,,,,3900.0299999713898
,,,,,3900.0350000858307
,,,,,3900.039999961853
,,,,,3900.045000076294
,,,,,3900.0499999523163
,,,,,3900.0550000667567
,,,,,3900.0599999427795
,,,,,3900.065000057221
,,,,,3900.069999933243
,,,,,3900.0750000476837
,,,,,3900.079999923706
,,,,,3900.085000038147
,,,,,3900.089999914169
,,,,,3900.09500002861
,,,,,3900.099999904633
,,,,,3900.105000019074
,,,,,3900.109999895096
,,,,,3900.1150000095367
,,,,,3900.119999885559
,,,,,3900.125
,,,,,3900.130000114441
,,,,,3900.1349999904633
,,,,,3900.140000104904
,,,,,3900.1449999809265
,,,,,3900.1500000953683
,,,,,3900.1549999713898
,,,,,3900.1600000858307
,,,,,3900.164999961853
,,,,,3900.170000076294
,,,,,3900.1749999523163
,,,,,3900.1800000667567
,,,,,3900.1849999427795
,,,,,3900.190000057221
,,,,,3900.194999933243
,,,,,3900.2000000476837
,,,,,3900.204999923706
,,,,,3900.210000038147
,,,,,3900.214999914169
,,,,,3900.22000002861
,,,,,3900.224999904633
,,,,,3900.230000019074
,,,,,3900.234999895096
,,,,,3900.2400000095367
,,,,,3900.244999885559
,,,,,3900.25
,,,,,3900.255000114441
,,,,,3900.2599999904633
,,,,,3900.265000104904
,,,,,3900.2699999809265
,,,,,3900.2750000953683
,,,,,3900.2799999713898
,,,,,3900.2850000858307
,,,,,3900.289999961853
,,,,,3900.295000076294
,,,,,3900.2999999523163
,,,,,3900.3050000667567
,,,,,3900.3099999427795
,,,,,3900.315000057221
,,,,,3900.319999933243
,,,,,3900.3250000476837
,,,,,3900.329999923706
,,,,,3900.335000038147
,,,,,3900.339999914169
,,,,,3900.34500002861
,,,,,3900.349999904633
,,,,,3900.355000019074
,,,,,3900.359999895096
,,,,,3900.3650000095367
,,,,,3900.369999885559
,,,,,3900.375
,,,,,3900.380000114441
,,,,,3900.3849999904633
,,,,,3900.390000104904
,,,,,3900.3949999809265
,,,,,3900.4000000953683
,,,,,3900.4049999713898
,,,,,3900.4100000858307
,,,,,3900.414999961853
,,,,,3900.420000076294
,,,,,3900.4249999523163
,,,,,3900.4300000667567
,,,,,3900.4349999427795
,,,,,3900.440000057221
,,,,,3900.444999933243
,,,,,3900.4500000476837
,,,,,3900.454999923706
,,,,,3900.460000038147
,,,,,3900.464999914169
,,,,,3900.47000002861
,,,,,3900.474999904633
,,,,,3900.480000019074
,,,,,3900.484999895096
,,,,,3900.4900000095367
,,,,,3900.494999885559
,,,,,3900.5
,,,,,3900.505000114441
,,,,,3900.5099999904633
,,,,,3900.515000104904
,,,,,3900.5199999809265
,,,,,3900.5250000953683
,,,,,3900.5299999713898
,,,,,3900.5350000858307
,,,,,3900.539999961853
,,,,,3900.545000076294
,,,,,3900.5499999523163
,,,,,3900.5550000667567
,,,,,3900.5599999427795
,,,,,3900.565000057221
,,,,,3900.569999933243
,,,,,3900.5750000476837
,,,,,3900.579999923706
,,,,,3900.585000038147
,,,,,3900.589999914169
,,,,,3900.59500002861
,,,,,3900.599999904633
,,,,,3900.605000019074
,,,,,3900.609999895096
,,,,,3900.6150000095367
,,,,,3900.619999885559
,,,,,3900.625
,,,,,3900.630000114441
,,,,,3900.6349999904633
,,,,,3900.640000104904
,,,,,3900.6449999809265
,,,,,3900.6500000953683
,,,,,3900.6549999713898
,,,,,3900.6600000858307
,,,,,3900.664999961853
,,,,,3900.670000076294
,,,,,3900.6749999523163
,,,,,3900.6800000667567
,,,,,3900.6849999427795
,,,,,3900.690000057221
,,,,,3900.694999933243
,,,,,3900.7000000476837
,,,,,3900.704999923706
,,,,,3900.710000038147
,,,,,3900.714999914169
,,,,,3900.72000002861
,,,,,3900.724999904633
,,,,,3900.730000019074
,,,,,3900.734999895096
,,,,,3900.7400000095367
,,,,,3900.744999885559
,,,,,3900.75
,,,,,3900.755000114441
,,,,,3900.7599999904633
,,,,,3900.765000104904
,,,,,3900.7699999809265
,,,,,3900.7750000953683
,,,,,3900.7799999713898
,,,,,3900.7850000858307
,,,,,3900.789999961853
,,,,,3900.795000076294
,,,,,3900.7999999523163
,,,,,3900.8050000667567
,,,,,3900.8099999427795
,,,,,3900.815000057221
,,,,,3900.819999933243
,,,,,3900.8250000476837
,,,,,3900.829999923706
,,,,,3900.835000038147
,,,,,3900.839999914169
,,,,,3900.84500002861
,,,,,3900.849999904633
,,,,,3900.855000019074
,,,,,3900.859999895096
,,,,,3900.8650000095367
,,,,,3900.869999885559
,,,,,3900.875
,,,,,3900.880000114441
,,,,,3900.8849999904633
,,,,,3900.890000104904
,,,,,3900.8949999809265
,,,,,3900.9000000953683
,,,,,3900.9049999713898
,,,,,3900.9100000858307
,,,,,3900.914999961853
,,,,,3900.920000076294
,,,,,3900.9249999523163
,,,,,3900.9300000667567
,,,,,3900.9349999427795
,,,,,3900.940000057221
,,,,,3900.944999933243
,,,,,3900.9500000476837
,,,,,3900.954999923706
,,,,,3900.960000038147
,,,,,3900.964999914169
,,,,,3900.97000002861
,,,,,3900.974999904633
,,,,,3900.980000019074
,,,,,3900.984999895096
,,,,,3900.9900000095367
,,,,,3900.994999885559
,,,,,3901.0
,,,,,3901.005000114441
,,,,,3901.0099999904633
,,,,,3901.015000104904
,,,,,3901.0199999809265
,,,,,3901.0250000953683
,,,,,3901.0299999713898
,,,,,3901.0350000858307
,,,,,3901.039999961853
,,,,,3901.045000076294
,,,,,3901.0499999523163
,,,,,3901.0550000667567
,,,,,3901.0599999427795
,,,,,3901.065000057221
,,,,,3901.069999933243
,,,,,3901.0750000476837
,,,,,3901.079999923706
,,,,,3901.085000038147
,,,,,3901.089999914169
,,,,,3901.09500002861
,,,,,3901.099999904633
,,,,,3901.105000019074
,,,,,3901.109999895096
,,,,,3901.1150000095367
,,,,,3901.119999885559
,,,,,3901.125
,,,,,3901.130000114441
,,,,,3901.1349999904633
,,,,,3901.140000104904
,,,,,3901.1449999809265
,,,,,3901.1500000953683
,,,,,3901.1549999713898
,,,,,3901.1600000858307
,,,,,3901.164999961853
,,,,,3901.170000076294
,,,,,3901.1749999523163
,,,,,3901.1800000667567
,,,,,3901.1849999427795
,,,,,3901.190000057221
,,,,,3901.194999933243
,,,,,3901.2000000476837
,,,,,3901.204999923706
,,,,,3901.210000038147
,,,,,3901.214999914169
,,,,,3901.22000002861
,,,,,3901.224999904633
,,,,,3901.230000019074
,,,,,3901.234999895096
,,,,,3901.2400000095367
,,,,,3901.244999885559
,,,,,3901.25
,,,,,3901.255000114441
,,,,,3901.2599999904633
,,,,,3901.265000104904
,,,,,3901.2699999809265
,,,,,3901.2750000953683
,,,,,3901.2799999713898
,,,,,3901.2850000858307
,,,,,3901.289999961853
,,,,,3901.295000076294
,,,,,3901.2999999523163
,,,,,3901.3050000667567
,,,,,3901.3099999427795
,,,,,3901.315000057221
,,,,,3901.319999933243
,,,,,3901.3250000476837
,,,,,3901.329999923706
,,,,,3901.335000038147
,,,,,3901.339999914169
,,,,,3901.34500002861
,,,,,3901.349999904633
,,,,,3901.355000019074
,,,,,3901.359999895096
,,,,,3901.3650000095367
,,,,,3901.369999885559
,,,,,3901.375
,,,,,3901.380000114441
,,,,,3901.3849999904633
,,,,,3901.390000104904
,,,,,3901.3949999809265
,,,,,3901.4000000953683
,,,,,3901.4049999713898
,,,,,3901.4100000858307
,,,,,3901.414999961853
,,,,,3901.420000076294
,,,,,3901.4249999523163
,,,,,3901.4300000667567
,,,,,3901.4349999427795
,,,,,3901.440000057221
,,,,,3901.444999933243
,,,,,3901.4500000476837
,,,,,3901.454999923706
,,,,,3901.460000038147
,,,,,3901.464999914169
,,,,,3901.47000002861
,,,,,3901.474999904633
,,,,,3901.480000019074
,,,,,3901.484999895096
,,,,,3901.4900000095367
,,,,,3901.494999885559
,,,,,3901.5
,,,,,3901.505000114441
,,,,,3901.5099999904633
,,,,,3901.515000104904
,,,,,3901.5199999809265
,,,,,3901.5250000953683
,,,,,3901.5299999713898
,,,,,3901.5350000858307
,,,,,3901.539999961853
,,,,,3901.545000076294
,,,,,3901.5499999523163
,,,,,3901.5550000667567
,,,,,3901.5599999427795
,,,,,3901.565000057221
,,,,,3901.569999933243
,,,,,3901.5750000476837
,,,,,3901.579999923706
,,,,,3901.585000038147
,,,,,3901.589999914169
,,,,,3901.59500002861
,,,,,3901.599999904633
,,,,,3901.605000019074
,,,,,3901.609999895096
,,,,,3901.6150000095367
,,,,,3901.619999885559
,,,,,3901.625
,,,,,3901.630000114441
,,,,,3901.6349999904633
,,,,,3901.640000104904
,,,,,3901.6449999809265
,,,,,3901.6500000953683
,,,,,3901.6549999713898
,,,,,3901.6600000858307
,,,,,3901.664999961853
,,,,,3901.670000076294
,,,,,3901.6749999523163
,,,,,3901.6800000667567
,,,,,3901.6849999427795
,,,,,3901.690000057221
,,,,,3901.694999933243
,,,,,3901.7000000476837
,,,,,3901.704999923706
,,,,,3901.710000038147
,,,,,3901.714999914169
,,,,,3901.72000002861
,,,,,3901.724999904633
,,,,,3901.730000019074
,,,,,3901.734999895096
,,,,,3901.7400000095367
,,,,,3901.744999885559
,,,,,3901.75
,,,,,3901.755000114441
,,,,,3901.7599999904633
,,,,,3901.765000104904
,,,,,3901.7699999809265
,,,,,3901.7750000953683
,,,,,3901.7799999713898
,,,,,3901.7850000858307
,,,,,3901.789999961853
,,,,,3901.795000076294
,,,,,3901.7999999523163
,,,,,3901.8050000667567
,,,,,3901.8099999427795
,,,,,3901.815000057221
,,,,,3901.819999933243
,,,,,3901.8250000476837
,,,,,3901.829999923706
,,,,,3901.835000038147
,,,,,3901.839999914169
,,,,,3901.84500002861
,,,,,3901.849999904633
,,,,,3901.855000019074
,,,,,3901.859999895096
,,,,,3901.8650000095367
,,,,,3901.869999885559
,,,,,3901.875
,,,,,3901.880000114441
,,,,,3901.8849999904633
,,,,,3901.890000104904
,,,,,3901.8949999809265
,,,,,3901.9000000953683
,,,,,3901.9049999713898
,,,,,3901.9100000858307
,,,,,3901.914999961853
,,,,,3901.920000076294
,,,,,3901.9249999523163
,,,,,3901.9300000667567
,,,,,3901.9349999427795
,,,,,3901.940000057221
,,,,,3901.944999933243
,,,,,3901.9500000476837
,,,,,3901.954999923706
,,,,,3901.960000038147
,,,,,3901.964999914169
,,,,,3901.97000002861
,,,,,3901.974999904633
,,,,,3901.980000019074
,,,,,3901.984999895096
,,,,,3901.9900000095367
,,,,,3901.994999885559
,,,,,3902.0
,,,,,3902.005000114441
,,,,,3902.0099999904633
,,,,,3902.015000104904
,,,,,3902.0199999809265
,,,,,3902.0250000953683
,,,,,3902.0299999713898
,,,,,3902.0350000858307
,,,,,3902.039999961853
,,,,,3902.045000076294
,,,,,3902.0499999523163
,,,,,3902.0550000667567
,,,,,3902.0599999427795
,,,,,3902.065000057221
,,,,,3902.069999933243
,,,,,3902.0750000476837
,,,,,3902.079999923706
,,,,,3902.085000038147
,,,,,3902.089999914169
,,,,,3902.09500002861
,,,,,3902.099999904633
,,,,,3902.105000019074
,,,,,3902.109999895096
,,,,,3902.1150000095367
,,,,,3902.119999885559
,,,,,3902.125
,,,,,3902.130000114441
,,,,,3902.1349999904633
,,,,,3902.140000104904
,,,,,3902.1449999809265
,,,,,3902.1500000953683
,,,,,3902.1549999713898
,,,,,3902.1600000858307
,,,,,3902.164999961853
,,,,,3902.170000076294
,,,,,3902.1749999523163
,,,,,3902.1800000667567
,,,,,3902.1849999427795
,,,,,3902.190000057221
,,,,,3902.194999933243
,,,,,3902.2000000476837
,,,,,3902.204999923706
,,,,,3902.210000038147
,,,,,3902.214999914169
,,,,,3902.22000002861
,,,,,3902.224999904633
,,,,,3902.230000019074
,,,,,3902.234999895096
,,,,,3902.2400000095367
,,,,,3902.244999885559
,,,,,3902.25
,,,,,3902.255000114441
,,,,,3902.2599999904633
,,,,,3902.265000104904
,,,,,3902.2699999809265
,,,,,3902.2750000953683
,,,,,3902.2799999713898
,,,,,3902.2850000858307
,,,,,3902.289999961853
,,,,,3902.295000076294
,,,,,3902.2999999523163
,,,,,3902.3050000667567
,,,,,3902.3099999427795
,,,,,3902.315000057221
,,,,,3902.319999933243
,,,,,3902.3250000476837
,,,,,3902.329999923706
,,,,,3902.335000038147
,,,,,3902.339999914169
,,,,,3902.34500002861
,,,,,3902.349999904633
,,,,,3902.355000019074
,,,,,3902.359999895096
,,,,,3902.3650000095367
,,,,,3902.369999885559
,,,,,3902.375
,,,,,3902.380000114441
,,,,,3902.3849999904633
,,,,,3902.390000104904
,,,,,3902.3949999809265
,,,,,3902.4000000953683
,,,,,3902.4049999713898
,,,,,3902.4100000858307
,,,,,3902.414999961853
,,,,,3902.420000076294
,,,,,3902.4249999523163
,,,,,3902.4300000667567
,,,,,3902.4349999427795
,,,,,3902.440000057221
,,,,,3902.444999933243
,,,,,3902.4500000476837
,,,,,3902.454999923706
,,,,,3902.460000038147
,,,,,3902.464999914169
,,,,,3902.47000002861
,,,,,3902.474999904633
,,,,,3902.480000019074
,,,,,3902.484999895096
,,,,,3902.4900000095367
,,,,,3902.494999885559
,,,,,3902.5
,,,,,3902.505000114441
,,,,,3902.5099999904633
,,,,,3902.515000104904
,,,,,3902.5199999809265
,,,,,3902.5250000953683
,,,,,3902.5299999713898
,,,,,3902.5350000858307
,,,,,3902.539999961853
,,,,,3902.545000076294
,,,,,3902.5499999523163
,,,,,3902.5550000667567
,,,,,3902.5599999427795
,,,,,3902.565000057221
,,,,,3902.569999933243
,,,,,3902.5750000476837
,,,,,3902.579999923706
,,,,,3902.585000038147
,,,,,3902.589999914169
,,,,,3902.59500002861
,,,,,3902.599999904633
,,,,,3902.605000019074
,,,,,3902.609999895096
,,,,,3902.6150000095367
,,,,,3902.619999885559
,,,,,3902.625
,,,,,3902.630000114441
,,,,,3902.6349999904633
,,,,,3902.640000104904
,,,,,3902.6449999809265
,,,,,3902.6500000953683
,,,,,3902.6549999713898
,,,,,3902.6600000858307
,,,,,3902.664999961853
,,,,,3902.670000076294
,,,,,3902.6749999523163
,,,,,3902.6800000667567
,,,,,3902.6849999427795
,,,,,3902.690000057221
,,,,,3902.694999933243
,,,,,3902.7000000476837
,,,,,3902.704999923706
,,,,,3902.710000038147
,,,,,3902.714999914169
,,,,,3902.72000002861
,,,,,3902.724999904633
,,,,,3902.730000019074
,,,,,3902.734999895096
,,,,,3902.7400000095367
,,,,,3902.744999885559
,,,,,3902.75
,,,,,3902.755000114441
,,,,,3902.7599999904633
,,,,,3902.765000104904
,,,,,3902.7699999809265
,,,,,3902.7750000953683
,,,,,3902.7799999713898
,,,,,3902.7850000858307
,,,,,3902.789999961853
,,,,,3902.795000076294
,,,,,3902.7999999523163
,,,,,3902.8050000667567
,,,,,3902.8099999427795
,,,,,3902.815000057221
,,,,,3902.819999933243
,,,,,3902.8250000476837
,,,,,3902.829999923706
,,,,,3902.835000038147
,,,,,3902.839999914169
,,,,,3902.84500002861
,,,,,3902.849999904633
,,,,,3902.855000019074
,,,,,3902.859999895096
,,,,,3902.8650000095367
,,,,,3902.869999885559
,,,,,3902.875
,,,,,3902.880000114441
,,,,,3902.8849999904633
,,,,,3902.890000104904
,,,,,3902.8949999809265
,,,,,3902.9000000953683
,,,,,3902.9049999713898
,,,,,3902.9100000858307
,,,,,3902.914999961853
,,,,,3902.920000076294
,,,,,3902.9249999523163
,,,,,3902.9300000667567
,,,,,3902.9349999427795
,,,,,3902.940000057221
,,,,,3902.944999933243
,,,,,3902.9500000476837
,,,,,3902.954999923706
,,,,,3902.960000038147
,,,,,3902.964999914169
,,,,,3902.97000002861
,,,,,3902.974999904633
,,,,,3902.980000019074
,,,,,3902.984999895096
,,,,,3902.9900000095367
,,,,,3902.994999885559
,,,,,3903.0
,,,,,3903.005000114441
,,,,,3903.0099999904633
,,,,,3903.015000104904
,,,,,3903.0199999809265
,,,,,3903.0250000953683
,,,,,3903.0299999713898
,,,,,3903.0350000858307
,,,,,3903.039999961853
,,,,,3903.045000076294
,,,,,3903.0499999523163
,,,,,3903.0550000667567
,,,,,3903.0599999427795
,,,,,3903.065000057221
,,,,,3903.069999933243
,,,,,3903.0750000476837
,,,,,3903.079999923706
,,,,,3903.085000038147
,,,,,3903.089999914169
,,,,,3903.09500002861
,,,,,3903.099999904633
,,,,,3903.105000019074
,,,,,3903.109999895096
,,,,,3903.1150000095367
,,,,,3903.119999885559
,,,,,3903.125
,,,,,3903.130000114441
,,,,,3903.1349999904633
,,,,,3903.140000104904
,,,,,3903.1449999809265
,,,,,3903.1500000953683
,,,,,3903.1549999713898
,,,,,3903.1600000858307
,,,,,3903.164999961853
,,,,,3903.170000076294
,,,,,3903.1749999523163
,,,,,3903.1800000667567
,,,,,3903.1849999427795
,,,,,3903.190000057221
,,,,,3903.194999933243
,,,,,3903.2000000476837
,,,,,3903.204999923706
,,,,,3903.210000038147
,,,,,3903.214999914169
,,,,,3903.22000002861
,,,,,3903.224999904633
,,,,,3903.230000019074
,,,,,3903.234999895096
,,,,,3903.2400000095367
,,,,,3903.244999885559
,,,,,3903.25
,,,,,3903.255000114441
,,,,,3903.2599999904633
,,,,,3903.265000104904
,,,,,3903.2699999809265
,,,,,3903.2750000953683
,,,,,3903.2799999713898
,,,,,3903.2850000858307
,,,,,3903.289999961853
,,,,,3903.295000076294
,,,,,3903.2999999523163
,,,,,3903.3050000667567
,,,,,3903.3099999427795
,,,,,3903.315000057221
,,,,,3903.319999933243
,,,,,3903.3250000476837
,,,,,3903.329999923706
,,,,,3903.335000038147
,,,,,3903.339999914169
,,,,,3903.34500002861
,,,,,3903.349999904633
,,,,,3903.355000019074
,,,,,3903.359999895096
,,,,,3903.3650000095367
,,,,,3903.369999885559
,,,,,3903.375
,,,,,3903.380000114441
,,,,,3903.3849999904633
,,,,,3903.390000104904
,,,,,3903.3949999809265
,,,,,3903.4000000953683
,,,,,3903.4049999713898
,,,,,3903.4100000858307
,,,,,3903.414999961853
,,,,,3903.420000076294
,,,,,3903.4249999523163
,,,,,3903.4300000667567
,,,,,3903.4349999427795
,,,,,3903.440000057221
,,,,,3903.444999933243
,,,,,3903.4500000476837
,,,,,3903.454999923706
,,,,,3903.460000038147
,,,,,3903.464999914169
,,,,,3903.47000002861
,,,,,3903.474999904633
,,,,,3903.480000019074
,,,,,3903.484999895096
,,,,,3903.4900000095367
,,,,,3903.494999885559
,,,,,3903.5
,,,,,3903.505000114441
,,,,,3903.5099999904633
,,,,,3903.515000104904
,,,,,3903.5199999809265
,,,,,3903.5250000953683
,,,,,3903.5299999713898
,,,,,3903.5350000858307
,,,,,3903.539999961853
,,,,,3903.545000076294
,,,,,3903.5499999523163
,,,,,3903.5550000667567
,,,,,3903.5599999427795
,,,,,3903.565000057221
,,,,,3903.569999933243
,,,,,3903.5750000476837
,,,,,3903.579999923706
,,,,,3903.585000038147
,,,,,3903.589999914169
,,,,,3903.59500002861
,,,,,3903.599999904633
,,,,,3903.605000019074
,,,,,3903.609999895096
,,,,,3903.6150000095367
,,,,,3903.619999885559
,,,,,3903.625
,,,,,3903.630000114441
,,,,,3903.6349999904633
,,,,,3903.640000104904
,,,,,3903.6449999809265
,,,,,3903.6500000953683
,,,,,3903.6549999713898
,,,,,3903.6600000858307
,,,,,3903.664999961853
,,,,,3903.670000076294
,,,,,3903.6749999523163
,,,,,3903.6800000667567
,,,,,3903.6849999427795
,,,,,3903.690000057221
,,,,,3903.694999933243
,,,,,3903.7000000476837
,,,,,3903.704999923706
,,,,,3903.710000038147
,,,,,3903.714999914169
,,,,,3903.72000002861
,,,,,3903.724999904633
,,,,,3903.730000019074
,,,,,3903.734999895096
,,,,,3903.7400000095367
,,,,,3903.744999885559
,,,,,3903.75
,,,,,3903.755000114441
,,,,,3903.7599999904633
,,,,,3903.765000104904
,,,,,3903.7699999809265
,,,,,3903.7750000953683
,,,,,3903.7799999713898
,,,,,3903.7850000858307
,,,,,3903.789999961853
,,,,,3903.795000076294
,,,,,3903.7999999523163
,,,,,3903.8050000667567
,,,,,3903.8099999427795
,,,,,3903.815000057221
,,,,,3903.819999933243
,,,,,3903.8250000476837
,,,,,3903.829999923706
,,,,,3903.835000038147
,,,,,3903.839999914169
,,,,,3903.84500002861
,,,,,3903.849999904633
,,,,,3903.855000019074
,,,,,3903.859999895096
,,,,,3903.8650000095367
,,,,,3903.869999885559
,,,,,3903.875
,,,,,3903.880000114441
,,,,,3903.8849999904633
,,,,,3903.890000104904
,,,,,3903.8949999809265
,,,,,3903.9000000953683
,,,,,3903.9049999713898
,,,,,3903.9100000858307
,,,,,3903.914999961853
,,,,,3903.920000076294
,,,,,3903.9249999523163
,,,,,3903.9300000667567
,,,,,3903.9349999427795
,,,,,3903.940000057221
,,,,,3903.944999933243
,,,,,3903.9500000476837
,,,,,3903.954999923706
,,,,,3903.960000038147
,,,,,3903.964999914169
,,,,,3903.97000002861
,,,,,3903.974999904633
,,,,,3903.980000019074
,,,,,3903.984999895096
,,,,,3903.9900000095367
,,,,,3903.994999885559
,,,,,3904.0
,,,,,3904.005000114441
,,,,,3904.0099999904633
,,,,,3904.015000104904
,,,,,3904.0199999809265
,,,,,3904.0250000953683
,,,,,3904.0299999713898
,,,,,3904.0350000858307
,,,,,3904.039999961853
,,,,,3904.045000076294
,,,,,3904.0499999523163
,,,,,3904.0550000667567
,,,,,3904.0599999427795
,,,,,3904.065000057221
,,,,,3904.069999933243
,,,,,3904.0750000476837
,,,,,3904.079999923706
,,,,,3904.085000038147
,,,,,3904.089999914169
,,,,,3904.09500002861
,,,,,3904.099999904633
,,,,,3904.105000019074
,,,,,3904.109999895096
,,,,,3904.1150000095367
,,,,,3904.119999885559
,,,,,3904.125
,,,,,3904.130000114441
,,,,,3904.1349999904633
,,,,,3904.140000104904
,,,,,3904.1449999809265
,,,,,3904.1500000953683
,,,,,3904.1549999713898
,,,,,3904.1600000858307
,,,,,3904.164999961853
,,,,,3904.170000076294
,,,,,3904.1749999523163
,,,,,3904.1800000667567
,,,,,3904.1849999427795
,,,,,3904.190000057221
,,,,,3904.194999933243
,,,,,3904.2000000476837
,,,,,3904.204999923706
,,,,,3904.210000038147
,,,,,3904.214999914169
,,,,,3904.22000002861
,,,,,3904.224999904633
,,,,,3904.230000019074
,,,,,3904.234999895096
,,,,,3904.2400000095367
,,,,,3904.244999885559
,,,,,3904.25
,,,,,3904.255000114441
,,,,,3904.2599999904633
,,,,,3904.265000104904
,,,,,3904.2699999809265
,,,,,3904.2750000953683
,,,,,3904.2799999713898
,,,,,3904.2850000858307
,,,,,3904.289999961853
,,,,,3904.295000076294
,,,,,3904.2999999523163
,,,,,3904.3050000667567
,,,,,3904.3099999427795
,,,,,3904.315000057221
,,,,,3904.319999933243
,,,,,3904.3250000476837
,,,,,3904.329999923706
,,,,,3904.335000038147
,,,,,3904.339999914169
,,,,,3904.34500002861
,,,,,3904.349999904633
,,,,,3904.355000019074
,,,,,3904.359999895096
,,,,,3904.3650000095367
,,,,,3904.369999885559
,,,,,3904.375
,,,,,3904.380000114441
,,,,,3904.3849999904633
,,,,,3904.390000104904
,,,,,3904.3949999809265
,,,,,3904.4000000953683
,,,,,3904.4049999713898
,,,,,3904.4100000858307
,,,,,3904.414999961853
,,,,,3904.420000076294
,,,,,3904.4249999523163
,,,,,3904.4300000667567
,,,,,3904.4349999427795
,,,,,3904.440000057221
,,,,,3904.444999933243
,,,,,3904.4500000476837
,,,,,3904.454999923706
,,,,,3904.460000038147
,,,,,3904.464999914169
,,,,,3904.47000002861
,,,,,3904.474999904633
,,,,,3904.480000019074
,,,,,3904.484999895096
,,,,,3904.4900000095367
,,,,,3904.494999885559
,,,,,3904.5
,,,,,3904.505000114441
,,,,,3904.5099999904633
,,,,,3904.515000104904
,,,,,3904.5199999809265
,,,,,3904.5250000953683
,,,,,3904.5299999713898
,,,,,3904.5350000858307
,,,,,3904.539999961853
,,,,,3904.545000076294
,,,,,3904.5499999523163
,,,,,3904.5550000667567
,,,,,3904.5599999427795
,,,,,3904.565000057221
,,,,,3904.569999933243
,,,,,3904.5750000476837
,,,,,3904.579999923706
,,,,,3904.585000038147
,,,,,3904.589999914169
,,,,,3904.59500002861
,,,,,3904.599999904633
,,,,,3904.605000019074
,,,,,3904.609999895096
,,,,,3904.6150000095367
,,,,,3904.619999885559
,,,,,3904.625
,,,,,3904.630000114441
,,,,,3904.6349999904633
,,,,,3904.640000104904
,,,,,3904.6449999809265
,,,,,3904.6500000953683
,,,,,3904.6549999713898
,,,,,3904.6600000858307
,,,,,3904.664999961853
,,,,,3904.670000076294
,,,,,3904.6749999523163
,,,,,3904.6800000667567
,,,,,3904.6849999427795
,,,,,3904.690000057221
,,,,,3904.694999933243
,,,,,3904.7000000476837
,,,,,3904.704999923706
,,,,,3904.710000038147
,,,,,3904.714999914169
,,,,,3904.72000002861
,,,,,3904.724999904633
,,,,,3904.730000019074
,,,,,3904.734999895096
,,,,,3904.7400000095367
,,,,,3904.744999885559
,,,,,3904.75
,,,,,3904.755000114441
,,,,,3904.7599999904633
,,,,,3904.765000104904
,,,,,3904.7699999809265
,,,,,3904.7750000953683
,,,,,3904.7799999713898
,,,,,3904.7850000858307
,,,,,3904.789999961853
,,,,,3904.795000076294
,,,,,3904.7999999523163
,,,,,3904.8050000667567
,,,,,3904.8099999427795
,,,,,3904.815000057221
,,,,,3904.819999933243
,,,,,3904.8250000476837
,,,,,3904.829999923706
,,,,,3904.835000038147
,,,,,3904.839999914169
,,,,,3904.84500002861
,,,,,3904.849999904633
,,,,,3904.855000019074
,,,,,3904.859999895096
,,,,,3904.8650000095367
,,,,,3904.869999885559
,,,,,3904.875
,,,,,3904.880000114441
,,,,,3904.8849999904633
,,,,,3904.890000104904
,,,,,3904.8949999809265
,,,,,3904.9000000953683
,,,,,3904.9049999713898
,,,,,3904.9100000858307
,,,,,3904.914999961853
,,,,,3904.920000076294
,,,,,3904.9249999523163
,,,,,3904.9300000667567
,,,,,3904.9349999427795
,,,,,3904.940000057221
,,,,,3904.944999933243
,,,,,3904.9500000476837
,,,,,3904.954999923706
,,,,,3904.960000038147
,,,,,3904.964999914169
,,,,,3904.97000002861
,,,,,3904.974999904633
,,,,,3904.980000019074
,,,,,3904.984999895096
,,,,,3904.9900000095367
,,,,,3904.994999885559
,,,,,3905.0
,,,,,3905.005000114441
,,,,,3905.0099999904633
,,,,,3905.015000104904
,,,,,3905.0199999809265
,,,,,3905.0250000953683
,,,,,3905.0299999713898
,,,,,3905.0350000858307
,,,,,3905.039999961853
,,,,,3905.045000076294
,,,,,3905.0499999523163
,,,,,3905.0550000667567
,,,,,3905.0599999427795
,,,,,3905.065000057221
,,,,,3905.069999933243
,,,,,3905.0750000476837
,,,,,3905.079999923706
,,,,,3905.085000038147
,,,,,3905.089999914169
,,,,,3905.09500002861
,,,,,3905.099999904633
,,,,,3905.105000019074
,,,,,3905.109999895096
,,,,,3905.1150000095367
,,,,,3905.119999885559
,,,,,3905.125
,,,,,3905.130000114441
,,,,,3905.1349999904633
,,,,,3905.140000104904
,,,,,3905.1449999809265
,,,,,3905.1500000953683
,,,,,3905.1549999713898
,,,,,3905.1600000858307
,,,,,3905.164999961853
,,,,,3905.170000076294
,,,,,3905.1749999523163
,,,,,3905.1800000667567
,,,,,3905.1849999427795
,,,,,3905.190000057221
,,,,,3905.194999933243
,,,,,3905.2000000476837
,,,,,3905.204999923706
,,,,,3905.210000038147
,,,,,3905.214999914169
,,,,,3905.22000002861
,,,,,3905.224999904633
,,,,,3905.230000019074
,,,,,3905.234999895096
,,,,,3905.2400000095367
,,,,,3905.244999885559
,,,,,3905.25
,,,,,3905.255000114441
,,,,,3905.2599999904633
,,,,,3905.265000104904
,,,,,3905.2699999809265
,,,,,3905.2750000953683
,,,,,3905.2799999713898
,,,,,3905.2850000858307
,,,,,3905.289999961853
,,,,,3905.295000076294
,,,,,3905.2999999523163
,,,,,3905.3050000667567
,,,,,3905.3099999427795
,,,,,3905.315000057221
,,,,,3905.319999933243
,,,,,3905.3250000476837
,,,,,3905.329999923706
,,,,,3905.335000038147
,,,,,3905.339999914169
,,,,,3905.34500002861
,,,,,3905.349999904633
,,,,,3905.355000019074
,,,,,3905.359999895096
,,,,,3905.3650000095367
,,,,,3905.369999885559
,,,,,3905.375
,,,,,3905.380000114441
,,,,,3905.3849999904633
,,,,,3905.390000104904
,,,,,3905.3949999809265
,,,,,3905.4000000953683
,,,,,3905.4049999713898
,,,,,3905.4100000858307
,,,,,3905.414999961853
,,,,,3905.420000076294
,,,,,3905.4249999523163
,,,,,3905.4300000667567
,,,,,3905.4349999427795
,,,,,3905.440000057221
,,,,,3905.444999933243
,,,,,3905.4500000476837
,,,,,3905.454999923706
,,,,,3905.460000038147
,,,,,3905.464999914169
,,,,,3905.47000002861
,,,,,3905.474999904633
,,,,,3905.480000019074
,,,,,3905.484999895096
,,,,,3905.4900000095367
,,,,,3905.494999885559
,,,,,3905.5
,,,,,3905.505000114441
,,,,,3905.5099999904633
,,,,,3905.515000104904
,,,,,3905.5199999809265
,,,,,3905.5250000953683
,,,,,3905.5299999713898
,,,,,3905.5350000858307
,,,,,3905.539999961853
,,,,,3905.545000076294
,,,,,3905.5499999523163
,,,,,3905.5550000667567
,,,,,3905.5599999427795
,,,,,3905.565000057221
,,,,,3905.569999933243
,,,,,3905.5750000476837
,,,,,3905.579999923706
,,,,,3905.585000038147
,,,,,3905.589999914169
,,,,,3905.59500002861
,,,,,3905.599999904633
,,,,,3905.605000019074
,,,,,3905.609999895096
,,,,,3905.6150000095367
,,,,,3905.619999885559
,,,,,3905.625
,,,,,3905.630000114441
,,,,,3905.6349999904633
,,,,,3905.640000104904
,,,,,3905.6449999809265
,,,,,3905.6500000953683
,,,,,3905.6549999713898
,,,,,3905.6600000858307
,,,,,3905.664999961853
,,,,,3905.670000076294
,,,,,3905.6749999523163
,,,,,3905.6800000667567
,,,,,3905.6849999427795
,,,,,3905.690000057221
,,,,,3905.694999933243
,,,,,3905.7000000476837
,,,,,3905.704999923706
,,,,,3905.710000038147
,,,,,3905.714999914169
,,,,,3905.72000002861
,,,,,3905.724999904633
,,,,,3905.730000019074
,,,,,3905.734999895096
,,,,,3905.7400000095367
,,,,,3905.744999885559
,,,,,3905.75
,,,,,3905.755000114441
,,,,,3905.7599999904633
,,,,,3905.765000104904
,,,,,3905.7699999809265
,,,,,3905.7750000953683
,,,,,3905.7799999713898
,,,,,3905.7850000858307
,,,,,3905.789999961853
,,,,,3905.795000076294
,,,,,3905.7999999523163
,,,,,3905.8050000667567
,,,,,3905.8099999427795
,,,,,3905.815000057221
,,,,,3905.819999933243
,,,,,3905.8250000476837
,,,,,3905.829999923706
,,,,,3905.835000038147
,,,,,3905.839999914169
,,,,,3905.84500002861
,,,,,3905.849999904633
,,,,,3905.855000019074
,,,,,3905.859999895096
,,,,,3905.8650000095367
,,,,,3905.869999885559
,,,,,3905.875
,,,,,3905.880000114441
,,,,,3905.8849999904633
,,,,,3905.890000104904
,,,,,3905.8949999809265
,,,,,3905.9000000953683
,,,,,3905.9049999713898
,,,,,3905.9100000858307
,,,,,3905.914999961853
,,,,,3905.920000076294
,,,,,3905.9249999523163
,,,,,3905.9300000667567
,,,,,3905.9349999427795
,,,,,3905.940000057221
,,,,,3905.944999933243
,,,,,3905.9500000476837
,,,,,3905.954999923706
,,,,,3905.960000038147
,,,,,3905.964999914169
,,,,,3905.97000002861
,,,,,3905.974999904633
,,,,,3905.980000019074
,,,,,3905.984999895096
,,,,,3905.9900000095367
,,,,,3905.994999885559
,,,,,3906.0
,,,,,3906.005000114441
,,,,,3906.0099999904633
,,,,,3906.015000104904
,,,,,3906.0199999809265
,,,,,3906.0250000953683
,,,,,3906.0299999713898
,,,,,3906.0350000858307
,,,,,3906.039999961853
,,,,,3906.045000076294
,,,,,3906.0499999523163
,,,,,3906.0550000667567
,,,,,3906.0599999427795
,,,,,3906.065000057221
,,,,,3906.069999933243
,,,,,3906.0750000476837
,,,,,3906.079999923706
,,,,,3906.085000038147
,,,,,3906.089999914169
,,,,,3906.09500002861
,,,,,3906.099999904633
,,,,,3906.105000019074
,,,,,3906.109999895096
,,,,,3906.1150000095367
,,,,,3906.119999885559
,,,,,3906.125
,,,,,3906.130000114441
,,,,,3906.1349999904633
,,,,,3906.140000104904
,,,,,3906.1449999809265
,,,,,3906.1500000953683
,,,,,3906.1549999713898
,,,,,3906.1600000858307
,,,,,3906.164999961853
,,,,,3906.170000076294
,,,,,3906.1749999523163
,,,,,3906.1800000667567
,,,,,3906.1849999427795
,,,,,3906.190000057221
,,,,,3906.194999933243
,,,,,3906.2000000476837
,,,,,3906.204999923706
,,,,,3906.210000038147
,,,,,3906.214999914169
,,,,,3906.22000002861
,,,,,3906.224999904633
,,,,,3906.230000019074
,,,,,3906.234999895096
,,,,,3906.2400000095367
,,,,,3906.244999885559
,,,,,3906.25
,,,,,3906.255000114441
,,,,,3906.2599999904633
,,,,,3906.265000104904
,,,,,3906.2699999809265
,,,,,3906.2750000953683
,,,,,3906.2799999713898
,,,,,3906.2850000858307
,,,,,3906.289999961853
,,,,,3906.295000076294
,,,,,3906.2999999523163
,,,,,3906.3050000667567
,,,,,3906.3099999427795
,,,,,3906.315000057221
,,,,,3906.319999933243
,,,,,3906.3250000476837
,,,,,3906.329999923706
,,,,,3906.335000038147
,,,,,3906.339999914169
,,,,,3906.34500002861
,,,,,3906.349999904633
,,,,,3906.355000019074
,,,,,3906.359999895096
,,,,,3906.3650000095367
,,,,,3906.369999885559
,,,,,3906.375
,,,,,3906.380000114441
,,,,,3906.3849999904633
,,,,,3906.390000104904
,,,,,3906.3949999809265
,,,,,3906.4000000953683
,,,,,3906.4049999713898
,,,,,3906.4100000858307
,,,,,3906.414999961853
,,,,,3906.420000076294
,,,,,3906.4249999523163
,,,,,3906.4300000667567
,,,,,3906.4349999427795
,,,,,3906.440000057221
,,,,,3906.444999933243
,,,,,3906.4500000476837
,,,,,3906.454999923706
,,,,,3906.460000038147
,,,,,3906.464999914169
,,,,,3906.47000002861
,,,,,3906.474999904633
,,,,,3906.480000019074
,,,,,3906.484999895096
,,,,,3906.4900000095367
,,,,,3906.494999885559
,,,,,3906.5
,,,,,3906.505000114441
,,,,,3906.5099999904633
,,,,,3906.515000104904
,,,,,3906.5199999809265
,,,,,3906.5250000953683
,,,,,3906.5299999713898
,,,,,3906.5350000858307
,,,,,3906.539999961853
,,,,,3906.545000076294
,,,,,3906.5499999523163
,,,,,3906.5550000667567
,,,,,3906.5599999427795
,,,,,3906.565000057221
,,,,,3906.569999933243
,,,,,3906.5750000476837
,,,,,3906.579999923706
,,,,,3906.585000038147
,,,,,3906.589999914169
,,,,,3906.59500002861
,,,,,3906.599999904633
,,,,,3906.605000019074
,,,,,3906.609999895096
,,,,,3906.6150000095367
,,,,,3906.619999885559
,,,,,3906.625
,,,,,3906.630000114441
,,,,,3906.6349999904633
,,,,,3906.640000104904
,,,,,3906.6449999809265
,,,,,3906.6500000953683
,,,,,3906.6549999713898
,,,,,3906.6600000858307
,,,,,3906.664999961853
,,,,,3906.670000076294
,,,,,3906.6749999523163
,,,,,3906.6800000667567
,,,,,3906.6849999427795
,,,,,3906.690000057221
,,,,,3906.694999933243
,,,,,3906.7000000476837
,,,,,3906.704999923706
,,,,,3906.710000038147
,,,,,3906.714999914169
,,,,,3906.72000002861
,,,,,3906.724999904633
,,,,,3906.730000019074
,,,,,3906.734999895096
,,,,,3906.7400000095367
,,,,,3906.744999885559
,,,,,3906.75
,,,,,3906.755000114441
,,,,,3906.7599999904633
,,,,,3906.765000104904
,,,,,3906.7699999809265
,,,,,3906.7750000953683
,,,,,3906.7799999713898
,,,,,3906.7850000858307
,,,,,3906.789999961853
,,,,,3906.795000076294
,,,,,3906.7999999523163
,,,,,3906.8050000667567
,,,,,3906.8099999427795
,,,,,3906.815000057221
,,,,,3906.819999933243
,,,,,3906.8250000476837
,,,,,3906.829999923706
,,,,,3906.835000038147
,,,,,3906.839999914169
,,,,,3906.84500002861
,,,,,3906.849999904633
,,,,,3906.855000019074
,,,,,3906.859999895096
,,,,,3906.8650000095367
,,,,,3906.869999885559
,,,,,3906.875
,,,,,3906.880000114441
,,,,,3906.8849999904633
,,,,,3906.890000104904
,,,,,3906.8949999809265
,,,,,3906.9000000953683
,,,,,3906.9049999713898
,,,,,3906.9100000858307
,,,,,3906.914999961853
,,,,,3906.920000076294
,,,,,3906.9249999523163
,,,,,3906.9300000667567
,,,,,3906.9349999427795
,,,,,3906.940000057221
,,,,,3906.944999933243
,,,,,3906.9500000476837
,,,,,3906.954999923706
,,,,,3906.960000038147
,,,,,3906.964999914169
,,,,,3906.97000002861
,,,,,3906.974999904633
,,,,,3906.980000019074
,,,,,3906.984999895096
,,,,,3906.9900000095367
,,,,,3906.994999885559
,,,,,3907.0
,,,,,3907.005000114441
,,,,,3907.0099999904633
,,,,,3907.015000104904
,,,,,3907.0199999809265
,,,,,3907.0250000953683
,,,,,3907.0299999713898
,,,,,3907.0350000858307
,,,,,3907.039999961853
,,,,,3907.045000076294
,,,,,3907.0499999523163
,,,,,3907.0550000667567
,,,,,3907.0599999427795
,,,,,3907.065000057221
,,,,,3907.069999933243
,,,,,3907.0750000476837
,,,,,3907.079999923706
,,,,,3907.085000038147
,,,,,3907.089999914169
,,,,,3907.09500002861
,,,,,3907.099999904633
,,,,,3907.105000019074
,,,,,3907.109999895096
,,,,,3907.1150000095367
,,,,,3907.119999885559
,,,,,3907.125
,,,,,3907.130000114441
,,,,,3907.1349999904633
,,,,,3907.140000104904
,,,,,3907.1449999809265
,,,,,3907.1500000953683
,,,,,3907.1549999713898
,,,,,3907.1600000858307
,,,,,3907.164999961853
,,,,,3907.170000076294
,,,,,3907.1749999523163
,,,,,3907.1800000667567
,,,,,3907.1849999427795
,,,,,3907.190000057221
,,,,,3907.194999933243
,,,,,3907.2000000476837
,,,,,3907.204999923706
,,,,,3907.210000038147
,,,,,3907.214999914169
,,,,,3907.22000002861
,,,,,3907.224999904633
,,,,,3907.230000019074
,,,,,3907.234999895096
,,,,,3907.2400000095367
,,,,,3907.244999885559
,,,,,3907.25
,,,,,3907.255000114441
,,,,,3907.2599999904633
,,,,,3907.265000104904
,,,,,3907.2699999809265
,,,,,3907.2750000953683
,,,,,3907.2799999713898
,,,,,3907.2850000858307
,,,,,3907.289999961853
,,,,,3907.295000076294
,,,,,3907.2999999523163
,,,,,3907.3050000667567
,,,,,3907.3099999427795
,,,,,3907.315000057221
,,,,,3907.319999933243
,,,,,3907.3250000476837
,,,,,3907.329999923706
,,,,,3907.335000038147
,,,,,3907.339999914169
,,,,,3907.34500002861
,,,,,3907.349999904633
,,,,,3907.355000019074
,,,,,3907.359999895096
,,,,,3907.3650000095367
,,,,,3907.369999885559
,,,,,3907.375
,,,,,3907.380000114441
,,,,,3907.3849999904633
,,,,,3907.390000104904
,,,,,3907.3949999809265
,,,,,3907.4000000953683
,,,,,3907.4049999713898
,,,,,3907.4100000858307
,,,,,3907.414999961853
,,,,,3907.420000076294
,,,,,3907.4249999523163
,,,,,3907.4300000667567
,,,,,3907.4349999427795
,,,,,3907.440000057221
,,,,,3907.444999933243
,,,,,3907.4500000476837
,,,,,3907.454999923706
,,,,,3907.460000038147
,,,,,3907.464999914169
,,,,,3907.47000002861
,,,,,3907.474999904633
,,,,,3907.480000019074
,,,,,3907.484999895096
,,,,,3907.4900000095367
,,,,,3907.494999885559
,,,,,3907.5
,,,,,3907.505000114441
,,,,,3907.5099999904633
,,,,,3907.515000104904
,,,,,3907.5199999809265
,,,,,3907.5250000953683
,,,,,3907.5299999713898
,,,,,3907.5350000858307
,,,,,3907.539999961853
,,,,,3907.545000076294
,,,,,3907.5499999523163
,,,,,3907.5550000667567
,,,,,3907.5599999427795
,,,,,3907.565000057221
,,,,,3907.569999933243
,,,,,3907.5750000476837
,,,,,3907.579999923706
,,,,,3907.585000038147
,,,,,3907.589999914169
,,,,,3907.59500002861
,,,,,3907.599999904633
,,,,,3907.605000019074
,,,,,3907.609999895096
,,,,,3907.6150000095367
,,,,,3907.619999885559
,,,,,3907.625
,,,,,3907.630000114441
,,,,,3907.6349999904633
,,,,,3907.640000104904
,,,,,3907.6449999809265
,,,,,3907.6500000953683
,,,,,3907.6549999713898
,,,,,3907.6600000858307
,,,,,3907.664999961853
,,,,,3907.670000076294
,,,,,3907.6749999523163
,,,,,3907.6800000667567
,,,,,3907.6849999427795
,,,,,3907.690000057221
,,,,,3907.694999933243
,,,,,3907.7000000476837
,,,,,3907.704999923706
,,,,,3907.710000038147
,,,,,3907.714999914169
,,,,,3907.72000002861
,,,,,3907.724999904633
,,,,,3907.730000019074
,,,,,3907.734999895096
,,,,,3907.7400000095367
,,,,,3907.744999885559
,,,,,3907.75
,,,,,3907.755000114441
,,,,,3907.7599999904633
,,,,,3907.765000104904
,,,,,3907.7699999809265
,,,,,3907.7750000953683
,,,,,3907.7799999713898
,,,,,3907.7850000858307
,,,,,3907.789999961853
,,,,,3907.795000076294
,,,,,3907.7999999523163
,,,,,3907.8050000667567
,,,,,3907.8099999427795
,,,,,3907.815000057221
,,,,,3907.819999933243
,,,,,3907.8250000476837
,,,,,3907.829999923706
,,,,,3907.835000038147
,,,,,3907.839999914169
,,,,,3907.84500002861
,,,,,3907.849999904633
,,,,,3907.855000019074
,,,,,3907.859999895096
,,,,,3907.8650000095367
,,,,,3907.869999885559
,,,,,3907.875
,,,,,3907.880000114441
,,,,,3907.8849999904633
,,,,,3907.890000104904
,,,,,3907.8949999809265
,,,,,3907.9000000953683
,,,,,3907.9049999713898
,,,,,3907.9100000858307
,,,,,3907.914999961853
,,,,,3907.920000076294
,,,,,3907.9249999523163
,,,,,3907.9300000667567
,,,,,3907.9349999427795
,,,,,3907.940000057221
,,,,,3907.944999933243
,,,,,3907.9500000476837
,,,,,3907.954999923706
,,,,,3907.960000038147
,,,,,3907.964999914169
,,,,,3907.97000002861
,,,,,3907.974999904633
,,,,,3907.980000019074
,,,,,3907.984999895096
,,,,,3907.9900000095367
,,,,,3907.994999885559
,,,,,3908.0
,,,,,3908.005000114441
,,,,,3908.0099999904633
,,,,,3908.015000104904
,,,,,3908.0199999809265
,,,,,3908.0250000953683
,,,,,3908.0299999713898
,,,,,3908.0350000858307
,,,,,3908.039999961853
,,,,,3908.045000076294
,,,,,3908.0499999523163
,,,,,3908.0550000667567
,,,,,3908.0599999427795
,,,,,3908.065000057221
,,,,,3908.069999933243
,,,,,3908.0750000476837
,,,,,3908.079999923706
,,,,,3908.085000038147
,,,,,3908.089999914169
,,,,,3908.09500002861
,,,,,3908.099999904633
,,,,,3908.105000019074
,,,,,3908.109999895096
,,,,,3908.1150000095367
,,,,,3908.119999885559
,,,,,3908.125
,,,,,3908.130000114441
,,,,,3908.1349999904633
,,,,,3908.140000104904
,,,,,3908.1449999809265
,,,,,3908.1500000953683
,,,,,3908.1549999713898
,,,,,3908.1600000858307
,,,,,3908.164999961853
,,,,,3908.170000076294
,,,,,3908.1749999523163
,,,,,3908.1800000667567
,,,,,3908.1849999427795
,,,,,3908.190000057221
,,,,,3908.194999933243
,,,,,3908.2000000476837
,,,,,3908.204999923706
,,,,,3908.210000038147
,,,,,3908.214999914169
,,,,,3908.22000002861
,,,,,3908.224999904633
,,,,,3908.230000019074
,,,,,3908.234999895096
,,,,,3908.2400000095367
,,,,,3908.244999885559
,,,,,3908.25
,,,,,3908.255000114441
,,,,,3908.2599999904633
,,,,,3908.265000104904
,,,,,3908.2699999809265
,,,,,3908.2750000953683
,,,,,3908.2799999713898
,,,,,3908.2850000858307
,,,,,3908.289999961853
,,,,,3908.295000076294
,,,,,3908.2999999523163
,,,,,3908.3050000667567
,,,,,3908.3099999427795
,,,,,3908.315000057221
,,,,,3908.319999933243
,,,,,3908.3250000476837
,,,,,3908.329999923706
,,,,,3908.335000038147
,,,,,3908.339999914169
,,,,,3908.34500002861
,,,,,3908.349999904633
,,,,,3908.355000019074
,,,,,3908.359999895096
,,,,,3908.3650000095367
,,,,,3908.369999885559
,,,,,3908.375
,,,,,3908.380000114441
,,,,,3908.3849999904633
,,,,,3908.390000104904
,,,,,3908.3949999809265
,,,,,3908.4000000953683
,,,,,3908.4049999713898
,,,,,3908.4100000858307
,,,,,3908.414999961853
,,,,,3908.420000076294
,,,,,3908.4249999523163
,,,,,3908.4300000667567
,,,,,3908.4349999427795
,,,,,3908.440000057221
,,,,,3908.444999933243
,,,,,3908.4500000476837
,,,,,3908.454999923706
,,,,,3908.460000038147
,,,,,3908.464999914169
,,,,,3908.47000002861
,,,,,3908.474999904633
,,,,,3908.480000019074
,,,,,3908.484999895096
,,,,,3908.4900000095367
,,,,,3908.494999885559
,,,,,3908.5
,,,,,3908.505000114441
,,,,,3908.5099999904633
,,,,,3908.515000104904
,,,,,3908.5199999809265
,,,,,3908.5250000953683
,,,,,3908.5299999713898
,,,,,3908.5350000858307
,,,,,3908.539999961853
,,,,,3908.545000076294
,,,,,3908.5499999523163
,,,,,3908.5550000667567
,,,,,3908.5599999427795
,,,,,3908.565000057221
,,,,,3908.569999933243
,,,,,3908.5750000476837
,,,,,3908.579999923706
,,,,,3908.585000038147
,,,,,3908.589999914169
,,,,,3908.59500002861
,,,,,3908.599999904633
,,,,,3908.605000019074
,,,,,3908.609999895096
,,,,,3908.6150000095367
,,,,,3908.619999885559
,,,,,3908.625
,,,,,3908.630000114441
,,,,,3908.6349999904633
,,,,,3908.640000104904
,,,,,3908.6449999809265
,,,,,3908.6500000953683
,,,,,3908.6549999713898
,,,,,3908.6600000858307
,,,,,3908.664999961853
,,,,,3908.670000076294
,,,,,3908.6749999523163
,,,,,3908.6800000667567
,,,,,3908.6849999427795
,,,,,3908.690000057221
,,,,,3908.694999933243
,,,,,3908.7000000476837
,,,,,3908.704999923706
,,,,,3908.710000038147
,,,,,3908.714999914169
,,,,,3908.72000002861
,,,,,3908.724999904633
,,,,,3908.730000019074
,,,,,3908.734999895096
,,,,,3908.7400000095367
,,,,,3908.744999885559
,,,,,3908.75
,,,,,3908.755000114441
,,,,,3908.7599999904633
,,,,,3908.765000104904
,,,,,3908.7699999809265
,,,,,3908.7750000953683
,,,,,3908.7799999713898
,,,,,3908.7850000858307
,,,,,3908.789999961853
,,,,,3908.795000076294
,,,,,3908.7999999523163
,,,,,3908.8050000667567
,,,,,3908.8099999427795
,,,,,3908.815000057221
,,,,,3908.819999933243
,,,,,3908.8250000476837
,,,,,3908.829999923706
,,,,,3908.835000038147
,,,,,3908.839999914169
,,,,,3908.84500002861
,,,,,3908.849999904633
,,,,,3908.855000019074
,,,,,3908.859999895096
,,,,,3908.8650000095367
,,,,,3908.869999885559
,,,,,3908.875
,,,,,3908.880000114441
,,,,,3908.8849999904633
,,,,,3908.890000104904
,,,,,3908.8949999809265
,,,,,3908.9000000953683
,,,,,3908.9049999713898
,,,,,3908.9100000858307
,,,,,3908.914999961853
,,,,,3908.920000076294
,,,,,3908.9249999523163
,,,,,3908.9300000667567
,,,,,3908.9349999427795
,,,,,3908.940000057221
,,,,,3908.944999933243
,,,,,3908.9500000476837
,,,,,3908.954999923706
,,,,,3908.960000038147
,,,,,3908.964999914169
,,,,,3908.97000002861
,,,,,3908.974999904633
,,,,,3908.980000019074
,,,,,3908.984999895096
,,,,,3908.9900000095367
,,,,,3908.994999885559
,,,,,3909.0
,,,,,3909.005000114441
,,,,,3909.0099999904633
,,,,,3909.015000104904
,,,,,3909.0199999809265
,,,,,3909.0250000953683
,,,,,3909.0299999713898
,,,,,3909.0350000858307
,,,,,3909.039999961853
,,,,,3909.045000076294
,,,,,3909.0499999523163
,,,,,3909.0550000667567
,,,,,3909.0599999427795
,,,,,3909.065000057221
,,,,,3909.069999933243
,,,,,3909.0750000476837
,,,,,3909.079999923706
,,,,,3909.085000038147
,,,,,3909.089999914169
,,,,,3909.09500002861
,,,,,3909.099999904633
,,,,,3909.105000019074
,,,,,3909.109999895096
,,,,,3909.1150000095367
,,,,,3909.119999885559
,,,,,3909.125
,,,,,3909.130000114441
,,,,,3909.1349999904633
,,,,,3909.140000104904
,,,,,3909.1449999809265
,,,,,3909.1500000953683
,,,,,3909.1549999713898
,,,,,3909.1600000858307
,,,,,3909.164999961853
,,,,,3909.170000076294
,,,,,3909.1749999523163
,,,,,3909.1800000667567
,,,,,3909.1849999427795
,,,,,3909.190000057221
,,,,,3909.194999933243
,,,,,3909.2000000476837
,,,,,3909.204999923706
,,,,,3909.210000038147
,,,,,3909.214999914169
,,,,,3909.22000002861
,,,,,3909.224999904633
,,,,,3909.230000019074
,,,,,3909.234999895096
,,,,,3909.2400000095367
,,,,,3909.244999885559
,,,,,3909.25
,,,,,3909.255000114441
,,,,,3909.2599999904633
,,,,,3909.265000104904
,,,,,3909.2699999809265
,,,,,3909.2750000953683
,,,,,3909.2799999713898
,,,,,3909.2850000858307
,,,,,3909.289999961853
,,,,,3909.295000076294
,,,,,3909.2999999523163
,,,,,3909.3050000667567
,,,,,3909.3099999427795
,,,,,3909.315000057221
,,,,,3909.319999933243
,,,,,3909.3250000476837
,,,,,3909.329999923706
,,,,,3909.335000038147
,,,,,3909.339999914169
,,,,,3909.34500002861
,,,,,3909.349999904633
,,,,,3909.355000019074
,,,,,3909.359999895096
,,,,,3909.3650000095367
,,,,,3909.369999885559
,,,,,3909.375
,,,,,3909.380000114441
,,,,,3909.3849999904633
,,,,,3909.390000104904
,,,,,3909.3949999809265
,,,,,3909.4000000953683
,,,,,3909.4049999713898
,,,,,3909.4100000858307
,,,,,3909.414999961853
,,,,,3909.420000076294
,,,,,3909.4249999523163
,,,,,3909.4300000667567
,,,,,3909.4349999427795
,,,,,3909.440000057221
,,,,,3909.444999933243
,,,,,3909.4500000476837
,,,,,3909.454999923706
,,,,,3909.460000038147
,,,,,3909.464999914169
,,,,,3909.47000002861
,,,,,3909.474999904633
,,,,,3909.480000019074
,,,,,3909.484999895096
,,,,,3909.4900000095367
,,,,,3909.494999885559
,,,,,3909.5
,,,,,3909.505000114441
,,,,,3909.5099999904633
,,,,,3909.515000104904
,,,,,3909.5199999809265
,,,,,3909.5250000953683
,,,,,3909.5299999713898
,,,,,3909.5350000858307
,,,,,3909.539999961853
,,,,,3909.545000076294
,,,,,3909.5499999523163
,,,,,3909.5550000667567
,,,,,3909.5599999427795
,,,,,3909.565000057221
,,,,,3909.569999933243
,,,,,3909.5750000476837
,,,,,3909.579999923706
,,,,,3909.585000038147
,,,,,3909.589999914169
,,,,,3909.59500002861
,,,,,3909.599999904633
,,,,,3909.605000019074
,,,,,3909.609999895096
,,,,,3909.6150000095367
,,,,,3909.619999885559
,,,,,3909.625
,,,,,3909.630000114441
,,,,,3909.6349999904633
,,,,,3909.640000104904
,,,,,3909.6449999809265
,,,,,3909.6500000953683
,,,,,3909.6549999713898
,,,,,3909.6600000858307
,,,,,3909.664999961853
,,,,,3909.670000076294
,,,,,3909.6749999523163
,,,,,3909.6800000667567
,,,,,3909.6849999427795
,,,,,3909.690000057221
,,,,,3909.694999933243
,,,,,3909.7000000476837
,,,,,3909.704999923706
,,,,,3909.710000038147
,,,,,3909.714999914169
,,,,,3909.72000002861
,,,,,3909.724999904633
,,,,,3909.730000019074
,,,,,3909.734999895096
,,,,,3909.7400000095367
,,,,,3909.744999885559
,,,,,3909.75
,,,,,3909.755000114441
,,,,,3909.7599999904633
,,,,,3909.765000104904
,,,,,3909.7699999809265
,,,,,3909.7750000953683
,,,,,3909.7799999713898
,,,,,3909.7850000858307
,,,,,3909.789999961853
,,,,,3909.795000076294
,,,,,3909.7999999523163
,,,,,3909.8050000667567
,,,,,3909.8099999427795
,,,,,3909.815000057221
,,,,,3909.819999933243
,,,,,3909.8250000476837
,,,,,3909.829999923706
,,,,,3909.835000038147
,,,,,3909.839999914169
,,,,,3909.84500002861
,,,,,3909.849999904633
,,,,,3909.855000019074
,,,,,3909.859999895096
,,,,,3909.8650000095367
,,,,,3909.869999885559
,,,,,3909.875
,,,,,3909.880000114441
,,,,,3909.8849999904633
,,,,,3909.890000104904
,,,,,3909.8949999809265
,,,,,3909.9000000953683
,,,,,3909.9049999713898
,,,,,3909.9100000858307
,,,,,3909.914999961853
,,,,,3909.920000076294
,,,,,3909.9249999523163
,,,,,3909.9300000667567
,,,,,3909.9349999427795
,,,,,3909.940000057221
,,,,,3909.944999933243
,,,,,3909.9500000476837
,,,,,3909.954999923706
,,,,,3909.960000038147
,,,,,3909.964999914169
,,,,,3909.97000002861
,,,,,3909.974999904633
,,,,,3909.980000019074
,,,,,3909.984999895096
,,,,,3909.9900000095367
,,,,,3909.994999885559
,,,,,3910.0
,,,,,3910.005000114441
,,,,,3910.0099999904633
,,,,,3910.015000104904
,,,,,3910.0199999809265
,,,,,3910.0250000953683
,,,,,3910.0299999713898
,,,,,3910.0350000858307
,,,,,3910.039999961853
,,,,,3910.045000076294
,,,,,3910.0499999523163
,,,,,3910.0550000667567
,,,,,3910.0599999427795
,,,,,3910.065000057221
,,,,,3910.069999933243
,,,,,3910.0750000476837
,,,,,3910.079999923706
,,,,,3910.085000038147
,,,,,3910.089999914169
,,,,,3910.09500002861
,,,,,3910.099999904633
,,,,,3910.105000019074
,,,,,3910.109999895096
,,,,,3910.1150000095367
,,,,,3910.119999885559
,,,,,3910.125
,,,,,3910.130000114441
,,,,,3910.1349999904633
,,,,,3910.140000104904
,,,,,3910.1449999809265
,,,,,3910.1500000953683
,,,,,3910.1549999713898
,,,,,3910.1600000858307
,,,,,3910.164999961853
,,,,,3910.170000076294
,,,,,3910.1749999523163
,,,,,3910.1800000667567
,,,,,3910.1849999427795
,,,,,3910.190000057221
,,,,,3910.194999933243
,,,,,3910.2000000476837
,,,,,3910.204999923706
,,,,,3910.210000038147
,,,,,3910.214999914169
,,,,,3910.22000002861
,,,,,3910.224999904633
,,,,,3910.230000019074
,,,,,3910.234999895096
,,,,,3910.2400000095367
,,,,,3910.244999885559
,,,,,3910.25
,,,,,3910.255000114441
,,,,,3910.2599999904633
,,,,,3910.265000104904
,,,,,3910.2699999809265
,,,,,3910.2750000953683
,,,,,3910.2799999713898
,,,,,3910.2850000858307
,,,,,3910.289999961853
,,,,,3910.295000076294
,,,,,3910.2999999523163
,,,,,3910.3050000667567
,,,,,3910.3099999427795
,,,,,3910.315000057221
,,,,,3910.319999933243
,,,,,3910.3250000476837
,,,,,3910.329999923706
,,,,,3910.335000038147
,,,,,3910.339999914169
,,,,,3910.34500002861
,,,,,3910.349999904633
,,,,,3910.355000019074
,,,,,3910.359999895096
,,,,,3910.3650000095367
,,,,,3910.369999885559
,,,,,3910.375
,,,,,3910.380000114441
,,,,,3910.3849999904633
,,,,,3910.390000104904
,,,,,3910.3949999809265
,,,,,3910.4000000953683
,,,,,3910.4049999713898
,,,,,3910.4100000858307
,,,,,3910.414999961853
,,,,,3910.420000076294
,,,,,3910.4249999523163
,,,,,3910.4300000667567
,,,,,3910.4349999427795
,,,,,3910.440000057221
,,,,,3910.444999933243
,,,,,3910.4500000476837
,,,,,3910.454999923706
,,,,,3910.460000038147
,,,,,3910.464999914169
,,,,,3910.47000002861
,,,,,3910.474999904633
,,,,,3910.480000019074
,,,,,3910.484999895096
,,,,,3910.4900000095367
,,,,,3910.494999885559
,,,,,3910.5
,,,,,3910.505000114441
,,,,,3910.5099999904633
,,,,,3910.515000104904
,,,,,3910.5199999809265
,,,,,3910.5250000953683
,,,,,3910.5299999713898
,,,,,3910.5350000858307
,,,,,3910.539999961853
,,,,,3910.545000076294
,,,,,3910.5499999523163
,,,,,3910.5550000667567
,,,,,3910.5599999427795
,,,,,3910.565000057221
,,,,,3910.569999933243
,,,,,3910.5750000476837
,,,,,3910.579999923706
,,,,,3910.585000038147
,,,,,3910.589999914169
,,,,,3910.59500002861
,,,,,3910.599999904633
,,,,,3910.605000019074
,,,,,3910.609999895096
,,,,,3910.6150000095367
,,,,,3910.619999885559
,,,,,3910.625
,,,,,3910.630000114441
,,,,,3910.6349999904633
,,,,,3910.640000104904
,,,,,3910.6449999809265
,,,,,3910.6500000953683
,,,,,3910.6549999713898
,,,,,3910.6600000858307
,,,,,3910.664999961853
,,,,,3910.670000076294
,,,,,3910.6749999523163
,,,,,3910.6800000667567
,,,,,3910.6849999427795
,,,,,3910.690000057221
,,,,,3910.694999933243
,,,,,3910.7000000476837
,,,,,3910.704999923706
,,,,,3910.710000038147
,,,,,3910.714999914169
,,,,,3910.72000002861
,,,,,3910.724999904633
,,,,,3910.730000019074
,,,,,3910.734999895096
,,,,,3910.7400000095367
,,,,,3910.744999885559
,,,,,3910.75
,,,,,3910.755000114441
,,,,,3910.7599999904633
,,,,,3910.765000104904
,,,,,3910.7699999809265
,,,,,3910.7750000953683
,,,,,3910.7799999713898
,,,,,3910.7850000858307
,,,,,3910.789999961853
,,,,,3910.795000076294
,,,,,3910.7999999523163
,,,,,3910.8050000667567
,,,,,3910.8099999427795
,,,,,3910.815000057221
,,,,,3910.819999933243
,,,,,3910.8250000476837
,,,,,3910.829999923706
,,,,,3910.835000038147
,,,,,3910.839999914169
,,,,,3910.84500002861
,,,,,3910.849999904633
,,,,,3910.855000019074
,,,,,3910.859999895096
,,,,,3910.8650000095367
,,,,,3910.869999885559
,,,,,3910.875
,,,,,3910.880000114441
,,,,,3910.8849999904633
,,,,,3910.890000104904
,,,,,3910.8949999809265
,,,,,3910.9000000953683
,,,,,3910.9049999713898
,,,,,3910.9100000858307
,,,,,3910.914999961853
,,,,,3910.920000076294
,,,,,3910.9249999523163
,,,,,3910.9300000667567
,,,,,3910.9349999427795
,,,,,3910.940000057221
,,,,,3910.944999933243
,,,,,3910.9500000476837
,,,,,3910.954999923706
,,,,,3910.960000038147
,,,,,3910.964999914169
,,,,,3910.97000002861
,,,,,3910.974999904633
,,,,,3910.980000019074
,,,,,3910.984999895096
,,,,,3910.9900000095367
,,,,,3910.994999885559
,,,,,3911.0
,,,,,3911.005000114441
,,,,,3911.0099999904633
,,,,,3911.015000104904
,,,,,3911.0199999809265
,,,,,3911.0250000953683
,,,,,3911.0299999713898
,,,,,3911.0350000858307
,,,,,3911.039999961853
,,,,,3911.045000076294
,,,,,3911.0499999523163
,,,,,3911.0550000667567
,,,,,3911.0599999427795
,,,,,3911.065000057221
,,,,,3911.069999933243
,,,,,3911.0750000476837
,,,,,3911.079999923706
,,,,,3911.085000038147
,,,,,3911.089999914169
,,,,,3911.09500002861
,,,,,3911.099999904633
,,,,,3911.105000019074
,,,,,3911.109999895096
,,,,,3911.1150000095367
,,,,,3911.119999885559
,,,,,3911.125
,,,,,3911.130000114441
,,,,,3911.1349999904633
,,,,,3911.140000104904
,,,,,3911.1449999809265
,,,,,3911.1500000953683
,,,,,3911.1549999713898
,,,,,3911.1600000858307
,,,,,3911.164999961853
,,,,,3911.170000076294
,,,,,3911.1749999523163
,,,,,3911.1800000667567
,,,,,3911.1849999427795
,,,,,3911.190000057221
,,,,,3911.194999933243
,,,,,3911.2000000476837
,,,,,3911.204999923706
,,,,,3911.210000038147
,,,,,3911.214999914169
,,,,,3911.22000002861
,,,,,3911.224999904633
,,,,,3911.230000019074
,,,,,3911.234999895096
,,,,,3911.2400000095367
,,,,,3911.244999885559
,,,,,3911.25
,,,,,3911.255000114441
,,,,,3911.2599999904633
,,,,,3911.265000104904
,,,,,3911.2699999809265
,,,,,3911.2750000953683
,,,,,3911.2799999713898
,,,,,3911.2850000858307
,,,,,3911.289999961853
,,,,,3911.295000076294
,,,,,3911.2999999523163
,,,,,3911.3050000667567
,,,,,3911.3099999427795
,,,,,3911.315000057221
,,,,,3911.319999933243
,,,,,3911.3250000476837
,,,,,3911.329999923706
,,,,,3911.335000038147
,,,,,3911.339999914169
,,,,,3911.34500002861
,,,,,3911.349999904633
,,,,,3911.355000019074
,,,,,3911.359999895096
,,,,,3911.3650000095367
,,,,,3911.369999885559
,,,,,3911.375
,,,,,3911.380000114441
,,,,,3911.3849999904633
,,,,,3911.390000104904
,,,,,3911.3949999809265
,,,,,3911.4000000953683
,,,,,3911.4049999713898
,,,,,3911.4100000858307
,,,,,3911.414999961853
,,,,,3911.420000076294
,,,,,3911.4249999523163
,,,,,3911.4300000667567
,,,,,3911.4349999427795
,,,,,3911.440000057221
,,,,,3911.444999933243
,,,,,3911.4500000476837
,,,,,3911.454999923706
,,,,,3911.460000038147
,,,,,3911.464999914169
,,,,,3911.47000002861
,,,,,3911.474999904633
,,,,,3911.480000019074
,,,,,3911.484999895096
,,,,,3911.4900000095367
,,,,,3911.494999885559
,,,,,3911.5
,,,,,3911.505000114441
,,,,,3911.5099999904633
,,,,,3911.515000104904
,,,,,3911.5199999809265
,,,,,3911.5250000953683
,,,,,3911.5299999713898
,,,,,3911.5350000858307
,,,,,3911.539999961853
,,,,,3911.545000076294
,,,,,3911.5499999523163
,,,,,3911.5550000667567
,,,,,3911.5599999427795
,,,,,3911.565000057221
,,,,,3911.569999933243
,,,,,3911.5750000476837
,,,,,3911.579999923706
,,,,,3911.585000038147
,,,,,3911.589999914169
,,,,,3911.59500002861
,,,,,3911.599999904633
,,,,,3911.605000019074
,,,,,3911.609999895096
,,,,,3911.6150000095367
,,,,,3911.619999885559
,,,,,3911.625
,,,,,3911.630000114441
,,,,,3911.6349999904633
,,,,,3911.640000104904
,,,,,3911.6449999809265
,,,,,3911.6500000953683
,,,,,3911.6549999713898
,,,,,3911.6600000858307
,,,,,3911.664999961853
,,,,,3911.670000076294
,,,,,3911.6749999523163
,,,,,3911.6800000667567
,,,,,3911.6849999427795
,,,,,3911.690000057221
,,,,,3911.694999933243
,,,,,3911.7000000476837
,,,,,3911.704999923706
,,,,,3911.710000038147
,,,,,3911.714999914169
,,,,,3911.72000002861
,,,,,3911.724999904633
,,,,,3911.730000019074
,,,,,3911.734999895096
,,,,,3911.7400000095367
,,,,,3911.744999885559
,,,,,3911.75
,,,,,3911.755000114441
,,,,,3911.7599999904633
,,,,,3911.765000104904
,,,,,3911.7699999809265
,,,,,3911.7750000953683
,,,,,3911.7799999713898
,,,,,3911.7850000858307
,,,,,3911.789999961853
,,,,,3911.795000076294
,,,,,3911.7999999523163
,,,,,3911.8050000667567
,,,,,3911.8099999427795
,,,,,3911.815000057221
,,,,,3911.819999933243
,,,,,3911.8250000476837
,,,,,3911.829999923706
,,,,,3911.835000038147
,,,,,3911.839999914169
,,,,,3911.84500002861
,,,,,3911.849999904633
,,,,,3911.855000019074
,,,,,3911.859999895096
,,,,,3911.8650000095367
,,,,,3911.869999885559
,,,,,3911.875
,,,,,3911.880000114441
,,,,,3911.8849999904633
,,,,,3911.890000104904
,,,,,3911.8949999809265
,,,,,3911.9000000953683
,,,,,3911.9049999713898
,,,,,3911.9100000858307
,,,,,3911.914999961853
,,,,,3911.920000076294
,,,,,3911.9249999523163
,,,,,3911.9300000667567
,,,,,3911.9349999427795
,,,,,3911.940000057221
,,,,,3911.944999933243
,,,,,3911.9500000476837
,,,,,3911.954999923706
,,,,,3911.960000038147
,,,,,3911.964999914169
,,,,,3911.97000002861
,,,,,3911.974999904633
,,,,,3911.980000019074
,,,,,3911.984999895096
,,,,,3911.9900000095367
,,,,,3911.994999885559
,,,,,3912.0
,,,,,3912.005000114441
,,,,,3912.0099999904633
,,,,,3912.015000104904
,,,,,3912.0199999809265
,,,,,3912.0250000953683
,,,,,3912.0299999713898
,,,,,3912.0350000858307
,,,,,3912.039999961853
,,,,,3912.045000076294
,,,,,3912.0499999523163
,,,,,3912.0550000667567
,,,,,3912.0599999427795
,,,,,3912.065000057221
,,,,,3912.069999933243
,,,,,3912.0750000476837
,,,,,3912.079999923706
,,,,,3912.085000038147
,,,,,3912.089999914169
,,,,,3912.09500002861
,,,,,3912.099999904633
,,,,,3912.105000019074
,,,,,3912.109999895096
,,,,,3912.1150000095367
,,,,,3912.119999885559
,,,,,3912.125
,,,,,3912.130000114441
,,,,,3912.1349999904633
,,,,,3912.140000104904
,,,,,3912.1449999809265
,,,,,3912.1500000953683
,,,,,3912.1549999713898
,,,,,3912.1600000858307
,,,,,3912.164999961853
,,,,,3912.170000076294
,,,,,3912.1749999523163
,,,,,3912.1800000667567
,,,,,3912.1849999427795
,,,,,3912.190000057221
,,,,,3912.194999933243
,,,,,3912.2000000476837
,,,,,3912.204999923706
,,,,,3912.210000038147
,,,,,3912.214999914169
,,,,,3912.22000002861
,,,,,3912.224999904633
,,,,,3912.230000019074
,,,,,3912.234999895096
,,,,,3912.2400000095367
,,,,,3912.244999885559
,,,,,3912.25
,,,,,3912.255000114441
,,,,,3912.2599999904633
,,,,,3912.265000104904
,,,,,3912.2699999809265
,,,,,3912.2750000953683
,,,,,3912.2799999713898
,,,,,3912.2850000858307
,,,,,3912.289999961853
,,,,,3912.295000076294
,,,,,3912.2999999523163
,,,,,3912.3050000667567
,,,,,3912.3099999427795
,,,,,3912.315000057221
,,,,,3912.319999933243
,,,,,3912.3250000476837
,,,,,3912.329999923706
,,,,,3912.335000038147
,,,,,3912.339999914169
,,,,,3912.34500002861
,,,,,3912.349999904633
,,,,,3912.355000019074
,,,,,3912.359999895096
,,,,,3912.3650000095367
,,,,,3912.369999885559
,,,,,3912.375
,,,,,3912.380000114441
,,,,,3912.3849999904633
,,,,,3912.390000104904
,,,,,3912.3949999809265
,,,,,3912.4000000953683
,,,,,3912.4049999713898
,,,,,3912.4100000858307
,,,,,3912.414999961853
,,,,,3912.420000076294
,,,,,3912.4249999523163
,,,,,3912.4300000667567
,,,,,3912.4349999427795
,,,,,3912.440000057221
,,,,,3912.444999933243
,,,,,3912.4500000476837
,,,,,3912.454999923706
,,,,,3912.460000038147
,,,,,3912.464999914169
,,,,,3912.47000002861
,,,,,3912.474999904633
,,,,,3912.480000019074
,,,,,3912.484999895096
,,,,,3912.4900000095367
,,,,,3912.494999885559
,,,,,3912.5
,,,,,3912.505000114441
,,,,,3912.5099999904633
,,,,,3912.515000104904
,,,,,3912.5199999809265
,,,,,3912.5250000953683
,,,,,3912.5299999713898
,,,,,3912.5350000858307
,,,,,3912.539999961853
,,,,,3912.545000076294
,,,,,3912.5499999523163
,,,,,3912.5550000667567
,,,,,3912.5599999427795
,,,,,3912.565000057221
,,,,,3912.569999933243
,,,,,3912.5750000476837
,,,,,3912.579999923706
,,,,,3912.585000038147
,,,,,3912.589999914169
,,,,,3912.59500002861
,,,,,3912.599999904633
,,,,,3912.605000019074
,,,,,3912.609999895096
,,,,,3912.6150000095367
,,,,,3912.619999885559
,,,,,3912.625
,,,,,3912.630000114441
,,,,,3912.6349999904633
,,,,,3912.640000104904
,,,,,3912.6449999809265
,,,,,3912.6500000953683
,,,,,3912.6549999713898
,,,,,3912.6600000858307
,,,,,3912.664999961853
,,,,,3912.670000076294
,,,,,3912.6749999523163
,,,,,3912.6800000667567
,,,,,3912.6849999427795
,,,,,3912.690000057221
,,,,,3912.694999933243
,,,,,3912.7000000476837
,,,,,3912.704999923706
,,,,,3912.710000038147
,,,,,3912.714999914169
,,,,,3912.72000002861
,,,,,3912.724999904633
,,,,,3912.730000019074
,,,,,3912.734999895096
,,,,,3912.7400000095367
,,,,,3912.744999885559
,,,,,3912.75
,,,,,3912.755000114441
,,,,,3912.7599999904633
,,,,,3912.765000104904
,,,,,3912.7699999809265
,,,,,3912.7750000953683
,,,,,3912.7799999713898
,,,,,3912.7850000858307
,,,,,3912.789999961853
,,,,,3912.795000076294
,,,,,3912.7999999523163
,,,,,3912.8050000667567
,,,,,3912.8099999427795
,,,,,3912.815000057221
,,,,,3912.819999933243
,,,,,3912.8250000476837
,,,,,3912.829999923706
,,,,,3912.835000038147
,,,,,3912.839999914169
,,,,,3912.84500002861
,,,,,3912.849999904633
,,,,,3912.855000019074
,,,,,3912.859999895096
,,,,,3912.8650000095367
,,,,,3912.869999885559
,,,,,3912.875
,,,,,3912.880000114441
,,,,,3912.8849999904633
,,,,,3912.890000104904
,,,,,3912.8949999809265
,,,,,3912.9000000953683
,,,,,3912.9049999713898
,,,,,3912.9100000858307
,,,,,3912.914999961853
,,,,,3912.920000076294
,,,,,3912.9249999523163
,,,,,3912.9300000667567
,,,,,3912.9349999427795
,,,,,3912.940000057221
,,,,,3912.944999933243
,,,,,3912.9500000476837
,,,,,3912.954999923706
,,,,,3912.960000038147
,,,,,3912.964999914169
,,,,,3912.97000002861
,,,,,3912.974999904633
,,,,,3912.980000019074
,,,,,3912.984999895096
,,,,,3912.9900000095367
,,,,,3912.994999885559
,,,,,3913.0
,,,,,3913.005000114441
,,,,,3913.0099999904633
,,,,,3913.015000104904
,,,,,3913.0199999809265
,,,,,3913.0250000953683
,,,,,3913.0299999713898
,,,,,3913.0350000858307
,,,,,3913.039999961853
,,,,,3913.045000076294
,,,,,3913.0499999523163
,,,,,3913.0550000667567
,,,,,3913.0599999427795
,,,,,3913.065000057221
,,,,,3913.069999933243
,,,,,3913.0750000476837
,,,,,3913.079999923706
,,,,,3913.085000038147
,,,,,3913.089999914169
,,,,,3913.09500002861
,,,,,3913.099999904633
,,,,,3913.105000019074
,,,,,3913.109999895096
,,,,,3913.1150000095367
,,,,,3913.119999885559
,,,,,3913.125
,,,,,3913.130000114441
,,,,,3913.1349999904633
,,,,,3913.140000104904
,,,,,3913.1449999809265
,,,,,3913.1500000953683
,,,,,3913.1549999713898
,,,,,3913.1600000858307
,,,,,3913.164999961853
,,,,,3913.170000076294
,,,,,3913.1749999523163
,,,,,3913.1800000667567
,,,,,3913.1849999427795
,,,,,3913.190000057221
,,,,,3913.194999933243
,,,,,3913.2000000476837
,,,,,3913.204999923706
,,,,,3913.210000038147
,,,,,3913.214999914169
,,,,,3913.22000002861
,,,,,3913.224999904633
,,,,,3913.230000019074
,,,,,3913.234999895096
,,,,,3913.2400000095367
,,,,,3913.244999885559
,,,,,3913.25
,,,,,3913.255000114441
,,,,,3913.2599999904633
,,,,,3913.265000104904
,,,,,3913.2699999809265
,,,,,3913.2750000953683
,,,,,3913.2799999713898
,,,,,3913.2850000858307
,,,,,3913.289999961853
,,,,,3913.295000076294
,,,,,3913.2999999523163
,,,,,3913.3050000667567
,,,,,3913.3099999427795
,,,,,3913.315000057221
,,,,,3913.319999933243
,,,,,3913.3250000476837
,,,,,3913.329999923706
,,,,,3913.335000038147
,,,,,3913.339999914169
,,,,,3913.34500002861
,,,,,3913.349999904633
,,,,,3913.355000019074
,,,,,3913.359999895096
,,,,,3913.3650000095367
,,,,,3913.369999885559
,,,,,3913.375
,,,,,3913.380000114441
,,,,,3913.3849999904633
,,,,,3913.390000104904
,,,,,3913.3949999809265
,,,,,3913.4000000953683
,,,,,3913.4049999713898
,,,,,3913.4100000858307
,,,,,3913.414999961853
,,,,,3913.420000076294
,,,,,3913.4249999523163
,,,,,3913.4300000667567
,,,,,3913.4349999427795
,,,,,3913.440000057221
,,,,,3913.444999933243
,,,,,3913.4500000476837
,,,,,3913.454999923706
,,,,,3913.460000038147
,,,,,3913.464999914169
,,,,,3913.47000002861
,,,,,3913.474999904633
,,,,,3913.480000019074
,,,,,3913.484999895096
,,,,,3913.4900000095367
,,,,,3913.494999885559
,,,,,3913.5
,,,,,3913.505000114441
,,,,,3913.5099999904633
,,,,,3913.515000104904
,,,,,3913.5199999809265
,,,,,3913.5250000953683
,,,,,3913.5299999713898
,,,,,3913.5350000858307
,,,,,3913.539999961853
,,,,,3913.545000076294
,,,,,3913.5499999523163
,,,,,3913.5550000667567
,,,,,3913.5599999427795
,,,,,3913.565000057221
,,,,,3913.569999933243
,,,,,3913.5750000476837
,,,,,3913.579999923706
,,,,,3913.585000038147
,,,,,3913.589999914169
,,,,,3913.59500002861
,,,,,3913.599999904633
,,,,,3913.605000019074
,,,,,3913.609999895096
,,,,,3913.6150000095367
,,,,,3913.619999885559
,,,,,3913.625
,,,,,3913.630000114441
,,,,,3913.6349999904633
,,,,,3913.640000104904
,,,,,3913.6449999809265
,,,,,3913.6500000953683
,,,,,3913.6549999713898
,,,,,3913.6600000858307
,,,,,3913.664999961853
,,,,,3913.670000076294
,,,,,3913.6749999523163
,,,,,3913.6800000667567
,,,,,3913.6849999427795
,,,,,3913.690000057221
,,,,,3913.694999933243
,,,,,3913.7000000476837
,,,,,3913.704999923706
,,,,,3913.710000038147
,,,,,3913.714999914169
,,,,,3913.72000002861
,,,,,3913.724999904633
,,,,,3913.730000019074
,,,,,3913.734999895096
,,,,,3913.7400000095367
,,,,,3913.744999885559
,,,,,3913.75
,,,,,3913.755000114441
,,,,,3913.7599999904633
,,,,,3913.765000104904
,,,,,3913.7699999809265
,,,,,3913.7750000953683
,,,,,3913.7799999713898
,,,,,3913.7850000858307
,,,,,3913.789999961853
,,,,,3913.795000076294
,,,,,3913.7999999523163
,,,,,3913.8050000667567
,,,,,3913.8099999427795
,,,,,3913.815000057221
,,,,,3913.819999933243
,,,,,3913.8250000476837
,,,,,3913.829999923706
,,,,,3913.835000038147
,,,,,3913.839999914169
,,,,,3913.84500002861
,,,,,3913.849999904633
,,,,,3913.855000019074
,,,,,3913.859999895096
,,,,,3913.8650000095367
,,,,,3913.869999885559
,,,,,3913.875
,,,,,3913.880000114441
,,,,,3913.8849999904633
,,,,,3913.890000104904
,,,,,3913.8949999809265
,,,,,3913.9000000953683
,,,,,3913.9049999713898
,,,,,3913.9100000858307
,,,,,3913.914999961853
,,,,,3913.920000076294
,,,,,3913.9249999523163
,,,,,3913.9300000667567
,,,,,3913.9349999427795
,,,,,3913.940000057221
,,,,,3913.944999933243
,,,,,3913.9500000476837
,,,,,3913.954999923706
,,,,,3913.960000038147
,,,,,3913.964999914169
,,,,,3913.97000002861
,,,,,3913.974999904633
,,,,,3913.980000019074
,,,,,3913.984999895096
,,,,,3913.9900000095367
,,,,,3913.994999885559
,,,,,3914.0
,,,,,3914.005000114441
,,,,,3914.0099999904633
,,,,,3914.015000104904
,,,,,3914.0199999809265
,,,,,3914.0250000953683
,,,,,3914.0299999713898
,,,,,3914.0350000858307
,,,,,3914.039999961853
,,,,,3914.045000076294
,,,,,3914.0499999523163
,,,,,3914.0550000667567
,,,,,3914.0599999427795
,,,,,3914.065000057221
,,,,,3914.069999933243
,,,,,3914.0750000476837
,,,,,3914.079999923706
,,,,,3914.085000038147
,,,,,3914.089999914169
,,,,,3914.09500002861
,,,,,3914.099999904633
,,,,,3914.105000019074
,,,,,3914.109999895096
,,,,,3914.1150000095367
,,,,,3914.119999885559
,,,,,3914.125
,,,,,3914.130000114441
,,,,,3914.1349999904633
,,,,,3914.140000104904
,,,,,3914.1449999809265
,,,,,3914.1500000953683
,,,,,3914.1549999713898
,,,,,3914.1600000858307
,,,,,3914.164999961853
,,,,,3914.170000076294
,,,,,3914.1749999523163
,,,,,3914.1800000667567
,,,,,3914.1849999427795
,,,,,3914.190000057221
,,,,,3914.194999933243
,,,,,3914.2000000476837
,,,,,3914.204999923706
,,,,,3914.210000038147
,,,,,3914.214999914169
,,,,,3914.22000002861
,,,,,3914.224999904633
,,,,,3914.230000019074
,,,,,3914.234999895096
,,,,,3914.2400000095367
,,,,,3914.244999885559
,,,,,3914.25
,,,,,3914.255000114441
,,,,,3914.2599999904633
,,,,,3914.265000104904
,,,,,3914.2699999809265
,,,,,3914.2750000953683
,,,,,3914.2799999713898
,,,,,3914.2850000858307
,,,,,3914.289999961853
,,,,,3914.295000076294
,,,,,3914.2999999523163
,,,,,3914.3050000667567
,,,,,3914.3099999427795
,,,,,3914.315000057221
,,,,,3914.319999933243
,,,,,3914.3250000476837
,,,,,3914.329999923706
,,,,,3914.335000038147
,,,,,3914.339999914169
,,,,,3914.34500002861
,,,,,3914.349999904633
,,,,,3914.355000019074
,,,,,3914.359999895096
,,,,,3914.3650000095367
,,,,,3914.369999885559
,,,,,3914.375
,,,,,3914.380000114441
,,,,,3914.3849999904633
,,,,,3914.390000104904
,,,,,3914.3949999809265
,,,,,3914.4000000953683
,,,,,3914.4049999713898
,,,,,3914.4100000858307
,,,,,3914.414999961853
,,,,,3914.420000076294
,,,,,3914.4249999523163
,,,,,3914.4300000667567
,,,,,3914.4349999427795
,,,,,3914.440000057221
,,,,,3914.444999933243
,,,,,3914.4500000476837
,,,,,3914.454999923706
,,,,,3914.460000038147
,,,,,3914.464999914169
,,,,,3914.47000002861
,,,,,3914.474999904633
,,,,,3914.480000019074
,,,,,3914.484999895096
,,,,,3914.4900000095367
,,,,,3914.494999885559
,,,,,3914.5
,,,,,3914.505000114441
,,,,,3914.5099999904633
,,,,,3914.515000104904
,,,,,3914.5199999809265
,,,,,3914.5250000953683
,,,,,3914.5299999713898
,,,,,3914.5350000858307
,,,,,3914.539999961853
,,,,,3914.545000076294
,,,,,3914.5499999523163
,,,,,3914.5550000667567
,,,,,3914.5599999427795
,,,,,3914.565000057221
,,,,,3914.569999933243
,,,,,3914.5750000476837
,,,,,3914.579999923706
,,,,,3914.585000038147
,,,,,3914.589999914169
,,,,,3914.59500002861
,,,,,3914.599999904633
,,,,,3914.605000019074
,,,,,3914.609999895096
,,,,,3914.6150000095367
,,,,,3914.619999885559
,,,,,3914.625
,,,,,3914.630000114441
,,,,,3914.6349999904633
,,,,,3914.640000104904
,,,,,3914.6449999809265
,,,,,3914.6500000953683
,,,,,3914.6549999713898
,,,,,3914.6600000858307
,,,,,3914.664999961853
,,,,,3914.670000076294
,,,,,3914.6749999523163
,,,,,3914.6800000667567
,,,,,3914.6849999427795
,,,,,3914.690000057221
,,,,,3914.694999933243
,,,,,3914.7000000476837
,,,,,3914.704999923706
,,,,,3914.710000038147
,,,,,3914.714999914169
,,,,,3914.72000002861
,,,,,3914.724999904633
,,,,,3914.730000019074
,,,,,3914.734999895096
,,,,,3914.7400000095367
,,,,,3914.744999885559
,,,,,3914.75
,,,,,3914.755000114441
,,,,,3914.7599999904633
,,,,,3914.765000104904
,,,,,3914.7699999809265
,,,,,3914.7750000953683
,,,,,3914.7799999713898
,,,,,3914.7850000858307
,,,,,3914.789999961853
,,,,,3914.795000076294
,,,,,3914.7999999523163
,,,,,3914.8050000667567
,,,,,3914.8099999427795
,,,,,3914.815000057221
,,,,,3914.819999933243
,,,,,3914.8250000476837
,,,,,3914.829999923706
,,,,,3914.835000038147
,,,,,3914.839999914169
,,,,,3914.84500002861
,,,,,3914.849999904633
,,,,,3914.855000019074
,,,,,3914.859999895096
,,,,,3914.8650000095367
,,,,,3914.869999885559
,,,,,3914.875
,,,,,3914.880000114441
,,,,,3914.8849999904633
,,,,,3914.890000104904
,,,,,3914.8949999809265
,,,,,3914.9000000953683
,,,,,3914.9049999713898
,,,,,3914.9100000858307
,,,,,3914.914999961853
,,,,,3914.920000076294
,,,,,3914.9249999523163
,,,,,3914.9300000667567
,,,,,3914.9349999427795
,,,,,3914.940000057221
,,,,,3914.944999933243
,,,,,3914.9500000476837
,,,,,3914.954999923706
,,,,,3914.960000038147
,,,,,3914.964999914169
,,,,,3914.97000002861
,,,,,3914.974999904633
,,,,,3914.980000019074
,,,,,3914.984999895096
,,,,,3914.9900000095367
,,,,,3914.994999885559
,,,,,3915.0
,,,,,3915.005000114441
,,,,,3915.0099999904633
,,,,,3915.015000104904
,,,,,3915.0199999809265
,,,,,3915.0250000953683
,,,,,3915.0299999713898
,,,,,3915.0350000858307
,,,,,3915.039999961853
,,,,,3915.045000076294
,,,,,3915.0499999523163
,,,,,3915.0550000667567
,,,,,3915.0599999427795
,,,,,3915.065000057221
,,,,,3915.069999933243
,,,,,3915.0750000476837
,,,,,3915.079999923706
,,,,,3915.085000038147
,,,,,3915.089999914169
,,,,,3915.09500002861
,,,,,3915.099999904633
,,,,,3915.105000019074
,,,,,3915.109999895096
,,,,,3915.1150000095367
,,,,,3915.119999885559
,,,,,3915.125
,,,,,3915.130000114441
,,,,,3915.1349999904633
,,,,,3915.140000104904
,,,,,3915.1449999809265
,,,,,3915.1500000953683
,,,,,3915.1549999713898
,,,,,3915.1600000858307
,,,,,3915.164999961853
,,,,,3915.170000076294
,,,,,3915.1749999523163
,,,,,3915.1800000667567
,,,,,3915.1849999427795
,,,,,3915.190000057221
,,,,,3915.194999933243
,,,,,3915.2000000476837
,,,,,3915.204999923706
,,,,,3915.210000038147
,,,,,3915.214999914169
,,,,,3915.22000002861
,,,,,3915.224999904633
,,,,,3915.230000019074
,,,,,3915.234999895096
,,,,,3915.2400000095367
,,,,,3915.244999885559
,,,,,3915.25
,,,,,3915.255000114441
,,,,,3915.2599999904633
,,,,,3915.265000104904
,,,,,3915.2699999809265
,,,,,3915.2750000953683
,,,,,3915.2799999713898
,,,,,3915.2850000858307
,,,,,3915.289999961853
,,,,,3915.295000076294
,,,,,3915.2999999523163
,,,,,3915.3050000667567
,,,,,3915.3099999427795
,,,,,3915.315000057221
,,,,,3915.319999933243
,,,,,3915.3250000476837
,,,,,3915.329999923706
,,,,,3915.335000038147
,,,,,3915.339999914169
,,,,,3915.34500002861
,,,,,3915.349999904633
,,,,,3915.355000019074
,,,,,3915.359999895096
,,,,,3915.3650000095367
,,,,,3915.369999885559
,,,,,3915.375
,,,,,3915.380000114441
,,,,,3915.3849999904633
,,,,,3915.390000104904
,,,,,3915.3949999809265
,,,,,3915.4000000953683
,,,,,3915.4049999713898
,,,,,3915.4100000858307
,,,,,3915.414999961853
,,,,,3915.420000076294
,,,,,3915.4249999523163
,,,,,3915.4300000667567
,,,,,3915.4349999427795
,,,,,3915.440000057221
,,,,,3915.444999933243
,,,,,3915.4500000476837
,,,,,3915.454999923706
,,,,,3915.460000038147
,,,,,3915.464999914169
,,,,,3915.47000002861
,,,,,3915.474999904633
,,,,,3915.480000019074
,,,,,3915.484999895096
,,,,,3915.4900000095367
,,,,,3915.494999885559
,,,,,3915.5
,,,,,3915.505000114441
,,,,,3915.5099999904633
,,,,,3915.515000104904
,,,,,3915.5199999809265
,,,,,3915.5250000953683
,,,,,3915.5299999713898
,,,,,3915.5350000858307
,,,,,3915.539999961853
,,,,,3915.545000076294
,,,,,3915.5499999523163
,,,,,3915.5550000667567
,,,,,3915.5599999427795
,,,,,3915.565000057221
,,,,,3915.569999933243
,,,,,3915.5750000476837
,,,,,3915.579999923706
,,,,,3915.585000038147
,,,,,3915.589999914169
,,,,,3915.59500002861
,,,,,3915.599999904633
,,,,,3915.605000019074
,,,,,3915.609999895096
,,,,,3915.6150000095367
,,,,,3915.619999885559
,,,,,3915.625
,,,,,3915.630000114441
,,,,,3915.6349999904633
,,,,,3915.640000104904
,,,,,3915.6449999809265
,,,,,3915.6500000953683
,,,,,3915.6549999713898
,,,,,3915.6600000858307
,,,,,3915.664999961853
,,,,,3915.670000076294
,,,,,3915.6749999523163
,,,,,3915.6800000667567
,,,,,3915.6849999427795
,,,,,3915.690000057221
,,,,,3915.694999933243
,,,,,3915.7000000476837
,,,,,3915.704999923706
,,,,,3915.710000038147
,,,,,3915.714999914169
,,,,,3915.72000002861
,,,,,3915.724999904633
,,,,,3915.730000019074
,,,,,3915.734999895096
,,,,,3915.7400000095367
,,,,,3915.744999885559
,,,,,3915.75
,,,,,3915.755000114441
,,,,,3915.7599999904633
,,,,,3915.765000104904
,,,,,3915.7699999809265
,,,,,3915.7750000953683
,,,,,3915.7799999713898
,,,,,3915.7850000858307
,,,,,3915.789999961853
,,,,,3915.795000076294
,,,,,3915.7999999523163
,,,,,3915.8050000667567
,,,,,3915.8099999427795
,,,,,3915.815000057221
,,,,,3915.819999933243
,,,,,3915.8250000476837
,,,,,3915.829999923706
,,,,,3915.835000038147
,,,,,3915.839999914169
,,,,,3915.84500002861
,,,,,3915.849999904633
,,,,,3915.855000019074
,,,,,3915.859999895096
,,,,,3915.8650000095367
,,,,,3915.869999885559
,,,,,3915.875
,,,,,3915.880000114441
,,,,,3915.8849999904633
,,,,,3915.890000104904
,,,,,3915.8949999809265
,,,,,3915.9000000953683
,,,,,3915.9049999713898
,,,,,3915.9100000858307
,,,,,3915.914999961853
,,,,,3915.920000076294
,,,,,3915.9249999523163
,,,,,3915.9300000667567
,,,,,3915.9349999427795
,,,,,3915.940000057221
,,,,,3915.944999933243
,,,,,3915.9500000476837
,,,,,3915.954999923706
,,,,,3915.960000038147
,,,,,3915.964999914169
,,,,,3915.97000002861
,,,,,3915.974999904633
,,,,,3915.980000019074
,,,,,3915.984999895096
,,,,,3915.9900000095367
,,,,,3915.994999885559
,,,,,3916.0
,,,,,3916.005000114441
,,,,,3916.0099999904633
,,,,,3916.015000104904
,,,,,3916.0199999809265
,,,,,3916.0250000953683
,,,,,3916.0299999713898
,,,,,3916.0350000858307
,,,,,3916.039999961853
,,,,,3916.045000076294
,,,,,3916.0499999523163
,,,,,3916.0550000667567
,,,,,3916.0599999427795
,,,,,3916.065000057221
,,,,,3916.069999933243
,,,,,3916.0750000476837
,,,,,3916.079999923706
,,,,,3916.085000038147
,,,,,3916.089999914169
,,,,,3916.09500002861
,,,,,3916.099999904633
,,,,,3916.105000019074
,,,,,3916.109999895096
,,,,,3916.1150000095367
,,,,,3916.119999885559
,,,,,3916.125
,,,,,3916.130000114441
,,,,,3916.1349999904633
,,,,,3916.140000104904
,,,,,3916.1449999809265
,,,,,3916.1500000953683
,,,,,3916.1549999713898
,,,,,3916.1600000858307
,,,,,3916.164999961853
,,,,,3916.170000076294
,,,,,3916.1749999523163
,,,,,3916.1800000667567
,,,,,3916.1849999427795
,,,,,3916.190000057221
,,,,,3916.194999933243
,,,,,3916.2000000476837
,,,,,3916.204999923706
,,,,,3916.210000038147
,,,,,3916.214999914169
,,,,,3916.22000002861
,,,,,3916.224999904633
,,,,,3916.230000019074
,,,,,3916.234999895096
,,,,,3916.2400000095367
,,,,,3916.244999885559
,,,,,3916.25
,,,,,3916.255000114441
,,,,,3916.2599999904633
,,,,,3916.265000104904
,,,,,3916.2699999809265
,,,,,3916.2750000953683
,,,,,3916.2799999713898
,,,,,3916.2850000858307
,,,,,3916.289999961853
,,,,,3916.295000076294
,,,,,3916.2999999523163
,,,,,3916.3050000667567
,,,,,3916.3099999427795
,,,,,3916.315000057221
,,,,,3916.319999933243
,,,,,3916.3250000476837
,,,,,3916.329999923706
,,,,,3916.335000038147
,,,,,3916.339999914169
,,,,,3916.34500002861
,,,,,3916.349999904633
,,,,,3916.355000019074
,,,,,3916.359999895096
,,,,,3916.3650000095367
,,,,,3916.369999885559
,,,,,3916.375
,,,,,3916.380000114441
,,,,,3916.3849999904633
,,,,,3916.390000104904
,,,,,3916.3949999809265
,,,,,3916.4000000953683
,,,,,3916.4049999713898
,,,,,3916.4100000858307
,,,,,3916.414999961853
,,,,,3916.420000076294
,,,,,3916.4249999523163
,,,,,3916.4300000667567
,,,,,3916.4349999427795
,,,,,3916.440000057221
,,,,,3916.444999933243
,,,,,3916.4500000476837
,,,,,3916.454999923706
,,,,,3916.460000038147
,,,,,3916.464999914169
,,,,,3916.47000002861
,,,,,3916.474999904633
,,,,,3916.480000019074
,,,,,3916.484999895096
,,,,,3916.4900000095367
,,,,,3916.494999885559
,,,,,3916.5
,,,,,3916.505000114441
,,,,,3916.5099999904633
,,,,,3916.515000104904
,,,,,3916.5199999809265
,,,,,3916.5250000953683
,,,,,3916.5299999713898
,,,,,3916.5350000858307
,,,,,3916.539999961853
,,,,,3916.545000076294
,,,,,3916.5499999523163
,,,,,3916.5550000667567
,,,,,3916.5599999427795
,,,,,3916.565000057221
,,,,,3916.569999933243
,,,,,3916.5750000476837
,,,,,3916.579999923706
,,,,,3916.585000038147
,,,,,3916.589999914169
,,,,,3916.59500002861
,,,,,3916.599999904633
,,,,,3916.605000019074
,,,,,3916.609999895096
,,,,,3916.6150000095367
,,,,,3916.619999885559
,,,,,3916.625
,,,,,3916.630000114441
,,,,,3916.6349999904633
,,,,,3916.640000104904
,,,,,3916.6449999809265
,,,,,3916.6500000953683
,,,,,3916.6549999713898
,,,,,3916.6600000858307
,,,,,3916.664999961853
,,,,,3916.670000076294
,,,,,3916.6749999523163
,,,,,3916.6800000667567
,,,,,3916.6849999427795
,,,,,3916.690000057221
,,,,,3916.694999933243
,,,,,3916.7000000476837
,,,,,3916.704999923706
,,,,,3916.710000038147
,,,,,3916.714999914169
,,,,,3916.72000002861
,,,,,3916.724999904633
,,,,,3916.730000019074
,,,,,3916.734999895096
,,,,,3916.7400000095367
,,,,,3916.744999885559
,,,,,3916.75
,,,,,3916.755000114441
,,,,,3916.7599999904633
,,,,,3916.765000104904
,,,,,3916.7699999809265
,,,,,3916.7750000953683
,,,,,3916.7799999713898
,,,,,3916.7850000858307
,,,,,3916.789999961853
,,,,,3916.795000076294
,,,,,3916.7999999523163
,,,,,3916.8050000667567
,,,,,3916.8099999427795
,,,,,3916.815000057221
,,,,,3916.819999933243
,,,,,3916.8250000476837
,,,,,3916.829999923706
,,,,,3916.835000038147
,,,,,3916.839999914169
,,,,,3916.84500002861
,,,,,3916.849999904633
,,,,,3916.855000019074
,,,,,3916.859999895096
,,,,,3916.8650000095367
,,,,,3916.869999885559
,,,,,3916.875
,,,,,3916.880000114441
,,,,,3916.8849999904633
,,,,,3916.890000104904
,,,,,3916.8949999809265
,,,,,3916.9000000953683
,,,,,3916.9049999713898
,,,,,3916.9100000858307
,,,,,3916.914999961853
,,,,,3916.920000076294
,,,,,3916.9249999523163
,,,,,3916.9300000667567
,,,,,3916.9349999427795
,,,,,3916.940000057221
,,,,,3916.944999933243
,,,,,3916.9500000476837
,,,,,3916.954999923706
,,,,,3916.960000038147
,,,,,3916.964999914169
,,,,,3916.97000002861
,,,,,3916.974999904633
,,,,,3916.980000019074
,,,,,3916.984999895096
,,,,,3916.9900000095367
,,,,,3916.994999885559
,,,,,3917.0
,,,,,3917.005000114441
,,,,,3917.0099999904633
,,,,,3917.015000104904
,,,,,3917.0199999809265
,,,,,3917.0250000953683
,,,,,3917.0299999713898
,,,,,3917.0350000858307
,,,,,3917.039999961853
,,,,,3917.045000076294
,,,,,3917.0499999523163
,,,,,3917.0550000667567
,,,,,3917.0599999427795
,,,,,3917.065000057221
,,,,,3917.069999933243
,,,,,3917.0750000476837
,,,,,3917.079999923706
,,,,,3917.085000038147
,,,,,3917.089999914169
,,,,,3917.09500002861
,,,,,3917.099999904633
,,,,,3917.105000019074
,,,,,3917.109999895096
,,,,,3917.1150000095367
,,,,,3917.119999885559
,,,,,3917.125
,,,,,3917.130000114441
,,,,,3917.1349999904633
,,,,,3917.140000104904
,,,,,3917.1449999809265
,,,,,3917.1500000953683
,,,,,3917.1549999713898
,,,,,3917.1600000858307
,,,,,3917.164999961853
,,,,,3917.170000076294
,,,,,3917.1749999523163
,,,,,3917.1800000667567
,,,,,3917.1849999427795
,,,,,3917.190000057221
,,,,,3917.194999933243
,,,,,3917.2000000476837
,,,,,3917.204999923706
,,,,,3917.210000038147
,,,,,3917.214999914169
,,,,,3917.22000002861
,,,,,3917.224999904633
,,,,,3917.230000019074
,,,,,3917.234999895096
,,,,,3917.2400000095367
,,,,,3917.244999885559
,,,,,3917.25
,,,,,3917.255000114441
,,,,,3917.2599999904633
,,,,,3917.265000104904
,,,,,3917.2699999809265
,,,,,3917.2750000953683
,,,,,3917.2799999713898
,,,,,3917.2850000858307
,,,,,3917.289999961853
,,,,,3917.295000076294
,,,,,3917.2999999523163
,,,,,3917.3050000667567
,,,,,3917.3099999427795
,,,,,3917.315000057221
,,,,,3917.319999933243
,,,,,3917.3250000476837
,,,,,3917.329999923706
,,,,,3917.335000038147
,,,,,3917.339999914169
,,,,,3917.34500002861
,,,,,3917.349999904633
,,,,,3917.355000019074
,,,,,3917.359999895096
,,,,,3917.3650000095367
,,,,,3917.369999885559
,,,,,3917.375
,,,,,3917.380000114441
,,,,,3917.3849999904633
,,,,,3917.390000104904
,,,,,3917.3949999809265
,,,,,3917.4000000953683
,,,,,3917.4049999713898
,,,,,3917.4100000858307
,,,,,3917.414999961853
,,,,,3917.420000076294
,,,,,3917.4249999523163
,,,,,3917.4300000667567
,,,,,3917.4349999427795
,,,,,3917.440000057221
,,,,,3917.444999933243
,,,,,3917.4500000476837
,,,,,3917.454999923706
,,,,,3917.460000038147
,,,,,3917.464999914169
,,,,,3917.47000002861
,,,,,3917.474999904633
,,,,,3917.480000019074
,,,,,3917.484999895096
,,,,,3917.4900000095367
,,,,,3917.494999885559
,,,,,3917.5
,,,,,3917.505000114441
,,,,,3917.5099999904633
,,,,,3917.515000104904
,,,,,3917.5199999809265
,,,,,3917.5250000953683
,,,,,3917.5299999713898
,,,,,3917.5350000858307
,,,,,3917.539999961853
,,,,,3917.545000076294
,,,,,3917.5499999523163
,,,,,3917.5550000667567
,,,,,3917.5599999427795
,,,,,3917.565000057221
,,,,,3917.569999933243
,,,,,3917.5750000476837
,,,,,3917.579999923706
,,,,,3917.585000038147
,,,,,3917.589999914169
,,,,,3917.59500002861
,,,,,3917.599999904633
,,,,,3917.605000019074
,,,,,3917.609999895096
,,,,,3917.6150000095367
,,,,,3917.619999885559
,,,,,3917.625
,,,,,3917.630000114441
,,,,,3917.6349999904633
,,,,,3917.640000104904
,,,,,3917.6449999809265
,,,,,3917.6500000953683
,,,,,3917.6549999713898
,,,,,3917.6600000858307
,,,,,3917.664999961853
,,,,,3917.670000076294
,,,,,3917.6749999523163
,,,,,3917.6800000667567
,,,,,3917.6849999427795
,,,,,3917.690000057221
,,,,,3917.694999933243
,,,,,3917.7000000476837
,,,,,3917.704999923706
,,,,,3917.710000038147
,,,,,3917.714999914169
,,,,,3917.72000002861
,,,,,3917.724999904633
,,,,,3917.730000019074
,,,,,3917.734999895096
,,,,,3917.7400000095367
,,,,,3917.744999885559
,,,,,3917.75
,,,,,3917.755000114441
,,,,,3917.7599999904633
,,,,,3917.765000104904
,,,,,3917.7699999809265
,,,,,3917.7750000953683
,,,,,3917.7799999713898
,,,,,3917.7850000858307
,,,,,3917.789999961853
,,,,,3917.795000076294
,,,,,3917.7999999523163
,,,,,3917.8050000667567
,,,,,3917.8099999427795
,,,,,3917.815000057221
,,,,,3917.819999933243
,,,,,3917.8250000476837
,,,,,3917.829999923706
,,,,,3917.835000038147
,,,,,3917.839999914169
,,,,,3917.84500002861
,,,,,3917.849999904633
,,,,,3917.855000019074
,,,,,3917.859999895096
,,,,,3917.8650000095367
,,,,,3917.869999885559
,,,,,3917.875
,,,,,3917.880000114441
,,,,,3917.8849999904633
,,,,,3917.890000104904
,,,,,3917.8949999809265
,,,,,3917.9000000953683
,,,,,3917.9049999713898
,,,,,3917.9100000858307
,,,,,3917.914999961853
,,,,,3917.920000076294
,,,,,3917.9249999523163
,,,,,3917.9300000667567
,,,,,3917.9349999427795
,,,,,3917.940000057221
,,,,,3917.944999933243
,,,,,3917.9500000476837
,,,,,3917.954999923706
,,,,,3917.960000038147
,,,,,3917.964999914169
,,,,,3917.97000002861
,,,,,3917.974999904633
,,,,,3917.980000019074
,,,,,3917.984999895096
,,,,,3917.9900000095367
,,,,,3917.994999885559
,,,,,3918.0
,,,,,3918.005000114441
,,,,,3918.0099999904633
,,,,,3918.015000104904
,,,,,3918.0199999809265
,,,,,3918.0250000953683
,,,,,3918.0299999713898
,,,,,3918.0350000858307
,,,,,3918.039999961853
,,,,,3918.045000076294
,,,,,3918.0499999523163
,,,,,3918.0550000667567
,,,,,3918.0599999427795
,,,,,3918.065000057221
,,,,,3918.069999933243
,,,,,3918.0750000476837
,,,,,3918.079999923706
,,,,,3918.085000038147
,,,,,3918.089999914169
,,,,,3918.09500002861
,,,,,3918.099999904633
,,,,,3918.105000019074
,,,,,3918.109999895096
,,,,,3918.1150000095367
,,,,,3918.119999885559
,,,,,3918.125
,,,,,3918.130000114441
,,,,,3918.1349999904633
,,,,,3918.140000104904
,,,,,3918.1449999809265
,,,,,3918.1500000953683
,,,,,3918.1549999713898
,,,,,3918.1600000858307
,,,,,3918.164999961853
,,,,,3918.170000076294
,,,,,3918.1749999523163
,,,,,3918.1800000667567
,,,,,3918.1849999427795
,,,,,3918.190000057221
,,,,,3918.194999933243
,,,,,3918.2000000476837
,,,,,3918.204999923706
,,,,,3918.210000038147
,,,,,3918.214999914169
,,,,,3918.22000002861
,,,,,3918.224999904633
,,,,,3918.230000019074
,,,,,3918.234999895096
,,,,,3918.2400000095367
,,,,,3918.244999885559
,,,,,3918.25
,,,,,3918.255000114441
,,,,,3918.2599999904633
,,,,,3918.265000104904
,,,,,3918.2699999809265
,,,,,3918.2750000953683
,,,,,3918.2799999713898
,,,,,3918.2850000858307
,,,,,3918.289999961853
,,,,,3918.295000076294
,,,,,3918.2999999523163
,,,,,3918.3050000667567
,,,,,3918.3099999427795
,,,,,3918.315000057221
,,,,,3918.319999933243
,,,,,3918.3250000476837
,,,,,3918.329999923706
,,,,,3918.335000038147
,,,,,3918.339999914169
,,,,,3918.34500002861
,,,,,3918.349999904633
,,,,,3918.355000019074
,,,,,3918.359999895096
,,,,,3918.3650000095367
,,,,,3918.369999885559
,,,,,3918.375
,,,,,3918.380000114441
,,,,,3918.3849999904633
,,,,,3918.390000104904
,,,,,3918.3949999809265
,,,,,3918.4000000953683
,,,,,3918.4049999713898
,,,,,3918.4100000858307
,,,,,3918.414999961853
,,,,,3918.420000076294
,,,,,3918.4249999523163
,,,,,3918.4300000667567
,,,,,3918.4349999427795
,,,,,3918.440000057221
,,,,,3918.444999933243
,,,,,3918.4500000476837
,,,,,3918.454999923706
,,,,,3918.460000038147
,,,,,3918.464999914169
,,,,,3918.47000002861
,,,,,3918.474999904633
,,,,,3918.480000019074
,,,,,3918.484999895096
,,,,,3918.4900000095367
,,,,,3918.494999885559
,,,,,3918.5
,,,,,3918.505000114441
,,,,,3918.5099999904633
,,,,,3918.515000104904
,,,,,3918.5199999809265
,,,,,3918.5250000953683
,,,,,3918.5299999713898
,,,,,3918.5350000858307
,,,,,3918.539999961853
,,,,,3918.545000076294
,,,,,3918.5499999523163
,,,,,3918.5550000667567
,,,,,3918.5599999427795
,,,,,3918.565000057221
,,,,,3918.569999933243
,,,,,3918.5750000476837
,,,,,3918.579999923706
,,,,,3918.585000038147
,,,,,3918.589999914169
,,,,,3918.59500002861
,,,,,3918.599999904633
,,,,,3918.605000019074
,,,,,3918.609999895096
,,,,,3918.6150000095367
,,,,,3918.619999885559
,,,,,3918.625
,,,,,3918.630000114441
,,,,,3918.6349999904633
,,,,,3918.640000104904
,,,,,3918.6449999809265
,,,,,3918.6500000953683
,,,,,3918.6549999713898
,,,,,3918.6600000858307
,,,,,3918.664999961853
,,,,,3918.670000076294
,,,,,3918.6749999523163
,,,,,3918.6800000667567
,,,,,3918.6849999427795
,,,,,3918.690000057221
,,,,,3918.694999933243
,,,,,3918.7000000476837
,,,,,3918.704999923706
,,,,,3918.710000038147
,,,,,3918.714999914169
,,,,,3918.72000002861
,,,,,3918.724999904633
,,,,,3918.730000019074
,,,,,3918.734999895096
,,,,,3918.7400000095367
,,,,,3918.744999885559
,,,,,3918.75
,,,,,3918.755000114441
,,,,,3918.7599999904633
,,,,,3918.765000104904
,,,,,3918.7699999809265
,,,,,3918.7750000953683
,,,,,3918.7799999713898
,,,,,3918.7850000858307
,,,,,3918.789999961853
,,,,,3918.795000076294
,,,,,3918.7999999523163
,,,,,3918.8050000667567
,,,,,3918.8099999427795
,,,,,3918.815000057221
,,,,,3918.819999933243
,,,,,3918.8250000476837
,,,,,3918.829999923706
,,,,,3918.835000038147
,,,,,3918.839999914169
,,,,,3918.84500002861
,,,,,3918.849999904633
,,,,,3918.855000019074
,,,,,3918.859999895096
,,,,,3918.8650000095367
,,,,,3918.869999885559
,,,,,3918.875
,,,,,3918.880000114441
,,,,,3918.8849999904633
,,,,,3918.890000104904
,,,,,3918.8949999809265
,,,,,3918.9000000953683
,,,,,3918.9049999713898
,,,,,3918.9100000858307
,,,,,3918.914999961853
,,,,,3918.920000076294
,,,,,3918.9249999523163
,,,,,3918.9300000667567
,,,,,3918.9349999427795
,,,,,3918.940000057221
,,,,,3918.944999933243
,,,,,3918.9500000476837
,,,,,3918.954999923706
,,,,,3918.960000038147
,,,,,3918.964999914169
,,,,,3918.97000002861
,,,,,3918.974999904633
,,,,,3918.980000019074
,,,,,3918.984999895096
,,,,,3918.9900000095367
,,,,,3918.994999885559
,,,,,3919.0
,,,,,3919.005000114441
,,,,,3919.0099999904633
,,,,,3919.015000104904
,,,,,3919.0199999809265
,,,,,3919.0250000953683
,,,,,3919.0299999713898
,,,,,3919.0350000858307
,,,,,3919.039999961853
,,,,,3919.045000076294
,,,,,3919.0499999523163
,,,,,3919.0550000667567
,,,,,3919.0599999427795
,,,,,3919.065000057221
,,,,,3919.069999933243
,,,,,3919.0750000476837
,,,,,3919.079999923706
,,,,,3919.085000038147
,,,,,3919.089999914169
,,,,,3919.09500002861
,,,,,3919.099999904633
,,,,,3919.105000019074
,,,,,3919.109999895096
,,,,,3919.1150000095367
,,,,,3919.119999885559
,,,,,3919.125
,,,,,3919.130000114441
,,,,,3919.1349999904633
,,,,,3919.140000104904
,,,,,3919.1449999809265
,,,,,3919.1500000953683
,,,,,3919.1549999713898
,,,,,3919.1600000858307
,,,,,3919.164999961853
,,,,,3919.170000076294
,,,,,3919.1749999523163
,,,,,3919.1800000667567
,,,,,3919.1849999427795
,,,,,3919.190000057221
,,,,,3919.194999933243
,,,,,3919.2000000476837
,,,,,3919.204999923706
,,,,,3919.210000038147
,,,,,3919.214999914169
,,,,,3919.22000002861
,,,,,3919.224999904633
,,,,,3919.230000019074
,,,,,3919.234999895096
,,,,,3919.2400000095367
,,,,,3919.244999885559
,,,,,3919.25
,,,,,3919.255000114441
,,,,,3919.2599999904633
,,,,,3919.265000104904
,,,,,3919.2699999809265
,,,,,3919.2750000953683
,,,,,3919.2799999713898
,,,,,3919.2850000858307
,,,,,3919.289999961853
,,,,,3919.295000076294
,,,,,3919.2999999523163
,,,,,3919.3050000667567
,,,,,3919.3099999427795
,,,,,3919.315000057221
,,,,,3919.319999933243
,,,,,3919.3250000476837
,,,,,3919.329999923706
,,,,,3919.335000038147
,,,,,3919.339999914169
,,,,,3919.34500002861
,,,,,3919.349999904633
,,,,,3919.355000019074
,,,,,3919.359999895096
,,,,,3919.3650000095367
,,,,,3919.369999885559
,,,,,3919.375
,,,,,3919.380000114441
,,,,,3919.3849999904633
,,,,,3919.390000104904
,,,,,3919.3949999809265
,,,,,3919.4000000953683
,,,,,3919.4049999713898
,,,,,3919.4100000858307
,,,,,3919.414999961853
,,,,,3919.420000076294
,,,,,3919.4249999523163
,,,,,3919.4300000667567
,,,,,3919.4349999427795
,,,,,3919.440000057221
,,,,,3919.444999933243
,,,,,3919.4500000476837
,,,,,3919.454999923706
,,,,,3919.460000038147
,,,,,3919.464999914169
,,,,,3919.47000002861
,,,,,3919.474999904633
,,,,,3919.480000019074
,,,,,3919.484999895096
,,,,,3919.4900000095367
,,,,,3919.494999885559
,,,,,3919.5
,,,,,3919.505000114441
,,,,,3919.5099999904633
,,,,,3919.515000104904
,,,,,3919.5199999809265
,,,,,3919.5250000953683
,,,,,3919.5299999713898
,,,,,3919.5350000858307
,,,,,3919.539999961853
,,,,,3919.545000076294
,,,,,3919.5499999523163
,,,,,3919.5550000667567
,,,,,3919.5599999427795
,,,,,3919.565000057221
,,,,,3919.569999933243
,,,,,3919.5750000476837
,,,,,3919.579999923706
,,,,,3919.585000038147
,,,,,3919.589999914169
,,,,,3919.59500002861
,,,,,3919.599999904633
,,,,,3919.605000019074
,,,,,3919.609999895096
,,,,,3919.6150000095367
,,,,,3919.619999885559
,,,,,3919.625
,,,,,3919.630000114441
,,,,,3919.6349999904633
,,,,,3919.640000104904
,,,,,3919.6449999809265
,,,,,3919.6500000953683
,,,,,3919.6549999713898
,,,,,3919.6600000858307
,,,,,3919.664999961853
,,,,,3919.670000076294
,,,,,3919.6749999523163
,,,,,3919.6800000667567
,,,,,3919.6849999427795
,,,,,3919.690000057221
,,,,,3919.694999933243
,,,,,3919.7000000476837
,,,,,3919.704999923706
,,,,,3919.710000038147
,,,,,3919.714999914169
,,,,,3919.72000002861
,,,,,3919.724999904633
,,,,,3919.730000019074
,,,,,3919.734999895096
,,,,,3919.7400000095367
,,,,,3919.744999885559
,,,,,3919.75
,,,,,3919.755000114441
,,,,,3919.7599999904633
,,,,,3919.765000104904
,,,,,3919.7699999809265
,,,,,3919.7750000953683
,,,,,3919.7799999713898
,,,,,3919.7850000858307
,,,,,3919.789999961853
,,,,,3919.795000076294
,,,,,3919.7999999523163
,,,,,3919.8050000667567
,,,,,3919.8099999427795
,,,,,3919.815000057221
,,,,,3919.819999933243
,,,,,3919.8250000476837
,,,,,3919.829999923706
,,,,,3919.835000038147
,,,,,3919.839999914169
,,,,,3919.84500002861
,,,,,3919.849999904633
,,,,,3919.855000019074
,,,,,3919.859999895096
,,,,,3919.8650000095367
,,,,,3919.869999885559
,,,,,3919.875
,,,,,3919.880000114441
,,,,,3919.8849999904633
,,,,,3919.890000104904
,,,,,3919.8949999809265
,,,,,3919.9000000953683
,,,,,3919.9049999713898
,,,,,3919.9100000858307
,,,,,3919.914999961853
,,,,,3919.920000076294
,,,,,3919.9249999523163
,,,,,3919.9300000667567
,,,,,3919.9349999427795
,,,,,3919.940000057221
,,,,,3919.944999933243
,,,,,3919.9500000476837
,,,,,3919.954999923706
,,,,,3919.960000038147
,,,,,3919.964999914169
,,,,,3919.97000002861
,,,,,3919.974999904633
,,,,,3919.980000019074
,,,,,3919.984999895096
,,,,,3919.9900000095367
,,,,,3919.994999885559
,,,,,3920.0
,,,,,3920.005000114441
,,,,,3920.0099999904633
,,,,,3920.015000104904
,,,,,3920.0199999809265
,,,,,3920.0250000953683
,,,,,3920.0299999713898
,,,,,3920.0350000858307
,,,,,3920.039999961853
,,,,,3920.045000076294
,,,,,3920.0499999523163
,,,,,3920.0550000667567
,,,,,3920.0599999427795
,,,,,3920.065000057221
,,,,,3920.069999933243
,,,,,3920.0750000476837
,,,,,3920.079999923706
,,,,,3920.085000038147
,,,,,3920.089999914169
,,,,,3920.09500002861
,,,,,3920.099999904633
,,,,,3920.105000019074
,,,,,3920.109999895096
,,,,,3920.1150000095367
,,,,,3920.119999885559
,,,,,3920.125
,,,,,3920.130000114441
,,,,,3920.1349999904633
,,,,,3920.140000104904
,,,,,3920.1449999809265
,,,,,3920.1500000953683
,,,,,3920.1549999713898
,,,,,3920.1600000858307
,,,,,3920.164999961853
,,,,,3920.170000076294
,,,,,3920.1749999523163
,,,,,3920.1800000667567
,,,,,3920.1849999427795
,,,,,3920.190000057221
,,,,,3920.194999933243
,,,,,3920.2000000476837
,,,,,3920.204999923706
,,,,,3920.210000038147
,,,,,3920.214999914169
,,,,,3920.22000002861
,,,,,3920.224999904633
,,,,,3920.230000019074
,,,,,3920.234999895096
,,,,,3920.2400000095367
,,,,,3920.244999885559
,,,,,3920.25
,,,,,3920.255000114441
,,,,,3920.2599999904633
,,,,,3920.265000104904
,,,,,3920.2699999809265
,,,,,3920.2750000953683
,,,,,3920.2799999713898
,,,,,3920.2850000858307
,,,,,3920.289999961853
,,,,,3920.295000076294
,,,,,3920.2999999523163
,,,,,3920.3050000667567
,,,,,3920.3099999427795
,,,,,3920.315000057221
,,,,,3920.319999933243
,,,,,3920.3250000476837
,,,,,3920.329999923706
,,,,,3920.335000038147
,,,,,3920.339999914169
,,,,,3920.34500002861
,,,,,3920.349999904633
,,,,,3920.355000019074
,,,,,3920.359999895096
,,,,,3920.3650000095367
,,,,,3920.369999885559
,,,,,3920.375
,,,,,3920.380000114441
,,,,,3920.3849999904633
,,,,,3920.390000104904
,,,,,3920.3949999809265
,,,,,3920.4000000953683
,,,,,3920.4049999713898
,,,,,3920.4100000858307
,,,,,3920.414999961853
,,,,,3920.420000076294
,,,,,3920.4249999523163
,,,,,3920.4300000667567
,,,,,3920.4349999427795
,,,,,3920.440000057221
,,,,,3920.444999933243
,,,,,3920.4500000476837
,,,,,3920.454999923706
,,,,,3920.460000038147
,,,,,3920.464999914169
,,,,,3920.47000002861
,,,,,3920.474999904633
,,,,,3920.480000019074
,,,,,3920.484999895096
,,,,,3920.4900000095367
,,,,,3920.494999885559
,,,,,3920.5
,,,,,3920.505000114441
,,,,,3920.5099999904633
,,,,,3920.515000104904
,,,,,3920.5199999809265
,,,,,3920.5250000953683
,,,,,3920.5299999713898
,,,,,3920.5350000858307
,,,,,3920.539999961853
,,,,,3920.545000076294
,,,,,3920.5499999523163
,,,,,3920.5550000667567
,,,,,3920.5599999427795
,,,,,3920.565000057221
,,,,,3920.569999933243
,,,,,3920.5750000476837
,,,,,3920.579999923706
,,,,,3920.585000038147
,,,,,3920.589999914169
,,,,,3920.59500002861
,,,,,3920.599999904633
,,,,,3920.605000019074
,,,,,3920.609999895096
,,,,,3920.6150000095367
,,,,,3920.619999885559
,,,,,3920.625
,,,,,3920.630000114441
,,,,,3920.6349999904633
,,,,,3920.640000104904
,,,,,3920.6449999809265
,,,,,3920.6500000953683
,,,,,3920.6549999713898
,,,,,3920.6600000858307
,,,,,3920.664999961853
,,,,,3920.670000076294
,,,,,3920.6749999523163
,,,,,3920.6800000667567
,,,,,3920.6849999427795
,,,,,3920.690000057221
,,,,,3920.694999933243
,,,,,3920.7000000476837
,,,,,3920.704999923706
,,,,,3920.710000038147
,,,,,3920.714999914169
,,,,,3920.72000002861
,,,,,3920.724999904633
,,,,,3920.730000019074
,,,,,3920.734999895096
,,,,,3920.7400000095367
,,,,,3920.744999885559
,,,,,3920.75
,,,,,3920.755000114441
,,,,,3920.7599999904633
,,,,,3920.765000104904
,,,,,3920.7699999809265
,,,,,3920.7750000953683
,,,,,3920.7799999713898
,,,,,3920.7850000858307
,,,,,3920.789999961853
,,,,,3920.795000076294
,,,,,3920.7999999523163
,,,,,3920.8050000667567
,,,,,3920.8099999427795
,,,,,3920.815000057221
,,,,,3920.819999933243
,,,,,3920.8250000476837
,,,,,3920.829999923706
,,,,,3920.835000038147
,,,,,3920.839999914169
,,,,,3920.84500002861
,,,,,3920.849999904633
,,,,,3920.855000019074
,,,,,3920.859999895096
,,,,,3920.8650000095367
,,,,,3920.869999885559
,,,,,3920.875
,,,,,3920.880000114441
,,,,,3920.8849999904633
,,,,,3920.890000104904
,,,,,3920.8949999809265
,,,,,3920.9000000953683
,,,,,3920.9049999713898
,,,,,3920.9100000858307
,,,,,3920.914999961853
,,,,,3920.920000076294
,,,,,3920.9249999523163
,,,,,3920.9300000667567
,,,,,3920.9349999427795
,,,,,3920.940000057221
,,,,,3920.944999933243
,,,,,3920.9500000476837
,,,,,3920.954999923706
,,,,,3920.960000038147
,,,,,3920.964999914169
,,,,,3920.97000002861
,,,,,3920.974999904633
,,,,,3920.980000019074
,,,,,3920.984999895096
,,,,,3920.9900000095367
,,,,,3920.994999885559
,,,,,3921.0
,,,,,3921.005000114441
,,,,,3921.0099999904633
,,,,,3921.015000104904
,,,,,3921.0199999809265
,,,,,3921.0250000953683
,,,,,3921.0299999713898
,,,,,3921.0350000858307
,,,,,3921.039999961853
,,,,,3921.045000076294
,,,,,3921.0499999523163
,,,,,3921.0550000667567
,,,,,3921.0599999427795
,,,,,3921.065000057221
,,,,,3921.069999933243
,,,,,3921.0750000476837
,,,,,3921.079999923706
,,,,,3921.085000038147
,,,,,3921.089999914169
,,,,,3921.09500002861
,,,,,3921.099999904633
,,,,,3921.105000019074
,,,,,3921.109999895096
,,,,,3921.1150000095367
,,,,,3921.119999885559
,,,,,3921.125
,,,,,3921.130000114441
,,,,,3921.1349999904633
,,,,,3921.140000104904
,,,,,3921.1449999809265
,,,,,3921.1500000953683
,,,,,3921.1549999713898
,,,,,3921.1600000858307
,,,,,3921.164999961853
,,,,,3921.170000076294
,,,,,3921.1749999523163
,,,,,3921.1800000667567
,,,,,3921.1849999427795
,,,,,3921.190000057221
,,,,,3921.194999933243
,,,,,3921.2000000476837
,,,,,3921.204999923706
,,,,,3921.210000038147
,,,,,3921.214999914169
,,,,,3921.22000002861
,,,,,3921.224999904633
,,,,,3921.230000019074
,,,,,3921.234999895096
,,,,,3921.2400000095367
,,,,,3921.244999885559
,,,,,3921.25
,,,,,3921.255000114441
,,,,,3921.2599999904633
,,,,,3921.265000104904
,,,,,3921.2699999809265
,,,,,3921.2750000953683
,,,,,3921.2799999713898
,,,,,3921.2850000858307
,,,,,3921.289999961853
,,,,,3921.295000076294
,,,,,3921.2999999523163
,,,,,3921.3050000667567
,,,,,3921.3099999427795
,,,,,3921.315000057221
,,,,,3921.319999933243
,,,,,3921.3250000476837
,,,,,3921.329999923706
,,,,,3921.335000038147
,,,,,3921.339999914169
,,,,,3921.34500002861
,,,,,3921.349999904633
,,,,,3921.355000019074
,,,,,3921.359999895096
,,,,,3921.3650000095367
,,,,,3921.369999885559
,,,,,3921.375
,,,,,3921.380000114441
,,,,,3921.3849999904633
,,,,,3921.390000104904
,,,,,3921.3949999809265
,,,,,3921.4000000953683
,,,,,3921.4049999713898
,,,,,3921.4100000858307
,,,,,3921.414999961853
,,,,,3921.420000076294
,,,,,3921.4249999523163
,,,,,3921.4300000667567
,,,,,3921.4349999427795
,,,,,3921.440000057221
,,,,,3921.444999933243
,,,,,3921.4500000476837
,,,,,3921.454999923706
,,,,,3921.460000038147
,,,,,3921.464999914169
,,,,,3921.47000002861
,,,,,3921.474999904633
,,,,,3921.480000019074
,,,,,3921.484999895096
,,,,,3921.4900000095367
,,,,,3921.494999885559
,,,,,3921.5
,,,,,3921.505000114441
,,,,,3921.5099999904633
,,,,,3921.515000104904
,,,,,3921.5199999809265
,,,,,3921.5250000953683
,,,,,3921.5299999713898
,,,,,3921.5350000858307
,,,,,3921.539999961853
,,,,,3921.545000076294
,,,,,3921.5499999523163
,,,,,3921.5550000667567
,,,,,3921.5599999427795
,,,,,3921.565000057221
,,,,,3921.569999933243
,,,,,3921.5750000476837
,,,,,3921.579999923706
,,,,,3921.585000038147
,,,,,3921.589999914169
,,,,,3921.59500002861
,,,,,3921.599999904633
,,,,,3921.605000019074
,,,,,3921.609999895096
,,,,,3921.6150000095367
,,,,,3921.619999885559
,,,,,3921.625
,,,,,3921.630000114441
,,,,,3921.6349999904633
,,,,,3921.640000104904
,,,,,3921.6449999809265
,,,,,3921.6500000953683
,,,,,3921.6549999713898
,,,,,3921.6600000858307
,,,,,3921.664999961853
,,,,,3921.670000076294
,,,,,3921.6749999523163
,,,,,3921.6800000667567
,,,,,3921.6849999427795
,,,,,3921.690000057221
,,,,,3921.694999933243
,,,,,3921.7000000476837
,,,,,3921.704999923706
,,,,,3921.710000038147
,,,,,3921.714999914169
,,,,,3921.72000002861
,,,,,3921.724999904633
,,,,,3921.730000019074
,,,,,3921.734999895096
,,,,,3921.7400000095367
,,,,,3921.744999885559
,,,,,3921.75
,,,,,3921.755000114441
,,,,,3921.7599999904633
,,,,,3921.765000104904
,,,,,3921.7699999809265
,,,,,3921.7750000953683
,,,,,3921.7799999713898
,,,,,3921.7850000858307
,,,,,3921.789999961853
,,,,,3921.795000076294
,,,,,3921.7999999523163
,,,,,3921.8050000667567
,,,,,3921.8099999427795
,,,,,3921.815000057221
,,,,,3921.819999933243
,,,,,3921.8250000476837
,,,,,3921.829999923706
,,,,,3921.835000038147
,,,,,3921.839999914169
,,,,,3921.84500002861
,,,,,3921.849999904633
,,,,,3921.855000019074
,,,,,3921.859999895096
,,,,,3921.8650000095367
,,,,,3921.869999885559
,,,,,3921.875
,,,,,3921.880000114441
,,,,,3921.8849999904633
,,,,,3921.890000104904
,,,,,3921.8949999809265
,,,,,3921.9000000953683
,,,,,3921.9049999713898
,,,,,3921.9100000858307
,,,,,3921.914999961853
,,,,,3921.920000076294
,,,,,3921.9249999523163
,,,,,3921.9300000667567
,,,,,3921.9349999427795
,,,,,3921.940000057221
,,,,,3921.944999933243
,,,,,3921.9500000476837
,,,,,3921.954999923706
,,,,,3921.960000038147
,,,,,3921.964999914169
,,,,,3921.97000002861
,,,,,3921.974999904633
,,,,,3921.980000019074
,,,,,3921.984999895096
,,,,,3921.9900000095367
,,,,,3921.994999885559
,,,,,3922.0
,,,,,3922.005000114441
,,,,,3922.0099999904633
,,,,,3922.015000104904
,,,,,3922.0199999809265
,,,,,3922.0250000953683
,,,,,3922.0299999713898
,,,,,3922.0350000858307
,,,,,3922.039999961853
,,,,,3922.045000076294
,,,,,3922.0499999523163
,,,,,3922.0550000667567
,,,,,3922.0599999427795
,,,,,3922.065000057221
,,,,,3922.069999933243
,,,,,3922.0750000476837
,,,,,3922.079999923706
,,,,,3922.085000038147
,,,,,3922.089999914169
,,,,,3922.09500002861
,,,,,3922.099999904633
,,,,,3922.105000019074
,,,,,3922.109999895096
,,,,,3922.1150000095367
,,,,,3922.119999885559
,,,,,3922.125
,,,,,3922.130000114441
,,,,,3922.1349999904633
,,,,,3922.140000104904
,,,,,3922.1449999809265
,,,,,3922.1500000953683
,,,,,3922.1549999713898
,,,,,3922.1600000858307
,,,,,3922.164999961853
,,,,,3922.170000076294
,,,,,3922.1749999523163
,,,,,3922.1800000667567
,,,,,3922.1849999427795
,,,,,3922.190000057221
,,,,,3922.194999933243
,,,,,3922.2000000476837
,,,,,3922.204999923706
,,,,,3922.210000038147
,,,,,3922.214999914169
,,,,,3922.22000002861
,,,,,3922.224999904633
,,,,,3922.230000019074
,,,,,3922.234999895096
,,,,,3922.2400000095367
,,,,,3922.244999885559
,,,,,3922.25
,,,,,3922.255000114441
,,,,,3922.2599999904633
,,,,,3922.265000104904
,,,,,3922.2699999809265
,,,,,3922.2750000953683
,,,,,3922.2799999713898
,,,,,3922.2850000858307
,,,,,3922.289999961853
,,,,,3922.295000076294
,,,,,3922.2999999523163
,,,,,3922.3050000667567
,,,,,3922.3099999427795
,,,,,3922.315000057221
,,,,,3922.319999933243
,,,,,3922.3250000476837
,,,,,3922.329999923706
,,,,,3922.335000038147
,,,,,3922.339999914169
,,,,,3922.34500002861
,,,,,3922.349999904633
,,,,,3922.355000019074
,,,,,3922.359999895096
,,,,,3922.3650000095367
,,,,,3922.369999885559
,,,,,3922.375
,,,,,3922.380000114441
,,,,,3922.3849999904633
,,,,,3922.390000104904
,,,,,3922.3949999809265
,,,,,3922.4000000953683
,,,,,3922.4049999713898
,,,,,3922.4100000858307
,,,,,3922.414999961853
,,,,,3922.420000076294
,,,,,3922.4249999523163
,,,,,3922.4300000667567
,,,,,3922.4349999427795
,,,,,3922.440000057221
,,,,,3922.444999933243
,,,,,3922.4500000476837
,,,,,3922.454999923706
,,,,,3922.460000038147
,,,,,3922.464999914169
,,,,,3922.47000002861
,,,,,3922.474999904633
,,,,,3922.480000019074
,,,,,3922.484999895096
,,,,,3922.4900000095367
,,,,,3922.494999885559
,,,,,3922.5
,,,,,3922.505000114441
,,,,,3922.5099999904633
,,,,,3922.515000104904
,,,,,3922.5199999809265
,,,,,3922.5250000953683
,,,,,3922.5299999713898
,,,,,3922.5350000858307
,,,,,3922.539999961853
,,,,,3922.545000076294
,,,,,3922.5499999523163
,,,,,3922.5550000667567
,,,,,3922.5599999427795
,,,,,3922.565000057221
,,,,,3922.569999933243
,,,,,3922.5750000476837
,,,,,3922.579999923706
,,,,,3922.585000038147
,,,,,3922.589999914169
,,,,,3922.59500002861
,,,,,3922.599999904633
,,,,,3922.605000019074
,,,,,3922.609999895096
,,,,,3922.6150000095367
,,,,,3922.619999885559
,,,,,3922.625
,,,,,3922.630000114441
,,,,,3922.6349999904633
,,,,,3922.640000104904
,,,,,3922.6449999809265
,,,,,3922.6500000953683
,,,,,3922.6549999713898
,,,,,3922.6600000858307
,,,,,3922.664999961853
,,,,,3922.670000076294
,,,,,3922.6749999523163
,,,,,3922.6800000667567
,,,,,3922.6849999427795
,,,,,3922.690000057221
,,,,,3922.694999933243
,,,,,3922.7000000476837
,,,,,3922.704999923706
,,,,,3922.710000038147
,,,,,3922.714999914169
,,,,,3922.72000002861
,,,,,3922.724999904633
,,,,,3922.730000019074
,,,,,3922.734999895096
,,,,,3922.7400000095367
,,,,,3922.744999885559
,,,,,3922.75
,,,,,3922.755000114441
,,,,,3922.7599999904633
,,,,,3922.765000104904
,,,,,3922.7699999809265
,,,,,3922.7750000953683
,,,,,3922.7799999713898
,,,,,3922.7850000858307
,,,,,3922.789999961853
,,,,,3922.795000076294
,,,,,3922.7999999523163
,,,,,3922.8050000667567
,,,,,3922.8099999427795
,,,,,3922.815000057221
,,,,,3922.819999933243
,,,,,3922.8250000476837
,,,,,3922.829999923706
,,,,,3922.835000038147
,,,,,3922.839999914169
,,,,,3922.84500002861
,,,,,3922.849999904633
,,,,,3922.855000019074
,,,,,3922.859999895096
,,,,,3922.8650000095367
,,,,,3922.869999885559
,,,,,3922.875
,,,,,3922.880000114441
,,,,,3922.8849999904633
,,,,,3922.890000104904
,,,,,3922.8949999809265
,,,,,3922.9000000953683
,,,,,3922.9049999713898
,,,,,3922.9100000858307
,,,,,3922.914999961853
,,,,,3922.920000076294
,,,,,3922.9249999523163
,,,,,3922.9300000667567
,,,,,3922.9349999427795
,,,,,3922.940000057221
,,,,,3922.944999933243
,,,,,3922.9500000476837
,,,,,3922.954999923706
,,,,,3922.960000038147
,,,,,3922.964999914169
,,,,,3922.97000002861
,,,,,3922.974999904633
,,,,,3922.980000019074
,,,,,3922.984999895096
,,,,,3922.9900000095367
,,,,,3922.994999885559
,,,,,3923.0
,,,,,3923.005000114441
,,,,,3923.0099999904633
,,,,,3923.015000104904
,,,,,3923.0199999809265
,,,,,3923.0250000953683
,,,,,3923.0299999713898
,,,,,3923.0350000858307
,,,,,3923.039999961853
,,,,,3923.045000076294
,,,,,3923.0499999523163
,,,,,3923.0550000667567
,,,,,3923.0599999427795
,,,,,3923.065000057221
,,,,,3923.069999933243
,,,,,3923.0750000476837
,,,,,3923.079999923706
,,,,,3923.085000038147
,,,,,3923.089999914169
,,,,,3923.09500002861
,,,,,3923.099999904633
,,,,,3923.105000019074
,,,,,3923.109999895096
,,,,,3923.1150000095367
,,,,,3923.119999885559
,,,,,3923.125
,,,,,3923.130000114441
,,,,,3923.1349999904633
,,,,,3923.140000104904
,,,,,3923.1449999809265
,,,,,3923.1500000953683
,,,,,3923.1549999713898
,,,,,3923.1600000858307
,,,,,3923.164999961853
,,,,,3923.170000076294
,,,,,3923.1749999523163
,,,,,3923.1800000667567
,,,,,3923.1849999427795
,,,,,3923.190000057221
,,,,,3923.194999933243
,,,,,3923.2000000476837
,,,,,3923.204999923706
,,,,,3923.210000038147
,,,,,3923.214999914169
,,,,,3923.22000002861
,,,,,3923.224999904633
,,,,,3923.230000019074
,,,,,3923.234999895096
,,,,,3923.2400000095367
,,,,,3923.244999885559
,,,,,3923.25
,,,,,3923.255000114441
,,,,,3923.2599999904633
,,,,,3923.265000104904
,,,,,3923.2699999809265
,,,,,3923.2750000953683
,,,,,3923.2799999713898
,,,,,3923.2850000858307
,,,,,3923.289999961853
,,,,,3923.295000076294
,,,,,3923.2999999523163
,,,,,3923.3050000667567
,,,,,3923.3099999427795
,,,,,3923.315000057221
,,,,,3923.319999933243
,,,,,3923.3250000476837
,,,,,3923.329999923706
,,,,,3923.335000038147
,,,,,3923.339999914169
,,,,,3923.34500002861
,,,,,3923.349999904633
,,,,,3923.355000019074
,,,,,3923.359999895096
,,,,,3923.3650000095367
,,,,,3923.369999885559
,,,,,3923.375
,,,,,3923.380000114441
,,,,,3923.3849999904633
,,,,,3923.390000104904
,,,,,3923.3949999809265
,,,,,3923.4000000953683
,,,,,3923.4049999713898
,,,,,3923.4100000858307
,,,,,3923.414999961853
,,,,,3923.420000076294
,,,,,3923.4249999523163
,,,,,3923.4300000667567
,,,,,3923.4349999427795
,,,,,3923.440000057221
,,,,,3923.444999933243
,,,,,3923.4500000476837
,,,,,3923.454999923706
,,,,,3923.460000038147
,,,,,3923.464999914169
,,,,,3923.47000002861
,,,,,3923.474999904633
,,,,,3923.480000019074
,,,,,3923.484999895096
,,,,,3923.4900000095367
,,,,,3923.494999885559
,,,,,3923.5
,,,,,3923.505000114441
,,,,,3923.5099999904633
,,,,,3923.515000104904
,,,,,3923.5199999809265
,,,,,3923.5250000953683
,,,,,3923.5299999713898
,,,,,3923.5350000858307
,,,,,3923.539999961853
,,,,,3923.545000076294
,,,,,3923.5499999523163
,,,,,3923.5550000667567
,,,,,3923.5599999427795
,,,,,3923.565000057221
,,,,,3923.569999933243
,,,,,3923.5750000476837
,,,,,3923.579999923706
,,,,,3923.585000038147
,,,,,3923.589999914169
,,,,,3923.59500002861
,,,,,3923.599999904633
,,,,,3923.605000019074
,,,,,3923.609999895096
,,,,,3923.6150000095367
,,,,,3923.619999885559
,,,,,3923.625
,,,,,3923.630000114441
,,,,,3923.6349999904633
,,,,,3923.640000104904
,,,,,3923.6449999809265
,,,,,3923.6500000953683
,,,,,3923.6549999713898
,,,,,3923.6600000858307
,,,,,3923.664999961853
,,,,,3923.670000076294
,,,,,3923.6749999523163
,,,,,3923.6800000667567
,,,,,3923.6849999427795
,,,,,3923.690000057221
,,,,,3923.694999933243
,,,,,3923.7000000476837
,,,,,3923.704999923706
,,,,,3923.710000038147
,,,,,3923.714999914169
,,,,,3923.72000002861
,,,,,3923.724999904633
,,,,,3923.730000019074
,,,,,3923.734999895096
,,,,,3923.7400000095367
,,,,,3923.744999885559
,,,,,3923.75
,,,,,3923.755000114441
,,,,,3923.7599999904633
,,,,,3923.765000104904
,,,,,3923.7699999809265
,,,,,3923.7750000953683
,,,,,3923.7799999713898
,,,,,3923.7850000858307
,,,,,3923.789999961853
,,,,,3923.795000076294
,,,,,3923.7999999523163
,,,,,3923.8050000667567
,,,,,3923.8099999427795
,,,,,3923.815000057221
,,,,,3923.819999933243
,,,,,3923.8250000476837
,,,,,3923.829999923706
,,,,,3923.835000038147
,,,,,3923.839999914169
,,,,,3923.84500002861
,,,,,3923.849999904633
,,,,,3923.855000019074
,,,,,3923.859999895096
,,,,,3923.8650000095367
,,,,,3923.869999885559
,,,,,3923.875
,,,,,3923.880000114441
,,,,,3923.8849999904633
,,,,,3923.890000104904
,,,,,3923.8949999809265
,,,,,3923.9000000953683
,,,,,3923.9049999713898
,,,,,3923.9100000858307
,,,,,3923.914999961853
,,,,,3923.920000076294
,,,,,3923.9249999523163
,,,,,3923.9300000667567
,,,,,3923.9349999427795
,,,,,3923.940000057221
,,,,,3923.944999933243
,,,,,3923.9500000476837
,,,,,3923.954999923706
,,,,,3923.960000038147
,,,,,3923.964999914169
,,,,,3923.97000002861
,,,,,3923.974999904633
,,,,,3923.980000019074
,,,,,3923.984999895096
,,,,,3923.9900000095367
,,,,,3923.994999885559
,,,,,3924.0
,,,,,3924.005000114441
,,,,,3924.0099999904633
,,,,,3924.015000104904
,,,,,3924.0199999809265
,,,,,3924.0250000953683
,,,,,3924.0299999713898
,,,,,3924.0350000858307
,,,,,3924.039999961853
,,,,,3924.045000076294
,,,,,3924.0499999523163
,,,,,3924.0550000667567
,,,,,3924.0599999427795
,,,,,3924.065000057221
,,,,,3924.069999933243
,,,,,3924.0750000476837
,,,,,3924.079999923706
,,,,,3924.085000038147
,,,,,3924.089999914169
,,,,,3924.09500002861
,,,,,3924.099999904633
,,,,,3924.105000019074
,,,,,3924.109999895096
,,,,,3924.1150000095367
,,,,,3924.119999885559
,,,,,3924.125
,,,,,3924.130000114441
,,,,,3924.1349999904633
,,,,,3924.140000104904
,,,,,3924.1449999809265
,,,,,3924.1500000953683
,,,,,3924.1549999713898
,,,,,3924.1600000858307
,,,,,3924.164999961853
,,,,,3924.170000076294
,,,,,3924.1749999523163
,,,,,3924.1800000667567
,,,,,3924.1849999427795
,,,,,3924.190000057221
,,,,,3924.194999933243
,,,,,3924.2000000476837
,,,,,3924.204999923706
,,,,,3924.210000038147
,,,,,3924.214999914169
,,,,,3924.22000002861
,,,,,3924.224999904633
,,,,,3924.230000019074
,,,,,3924.234999895096
,,,,,3924.2400000095367
,,,,,3924.244999885559
,,,,,3924.25
,,,,,3924.255000114441
,,,,,3924.2599999904633
,,,,,3924.265000104904
,,,,,3924.2699999809265
,,,,,3924.2750000953683
,,,,,3924.2799999713898
,,,,,3924.2850000858307
,,,,,3924.289999961853
,,,,,3924.295000076294
,,,,,3924.2999999523163
,,,,,3924.3050000667567
,,,,,3924.3099999427795
,,,,,3924.315000057221
,,,,,3924.319999933243
,,,,,3924.3250000476837
,,,,,3924.329999923706
,,,,,3924.335000038147
,,,,,3924.339999914169
,,,,,3924.34500002861
,,,,,3924.349999904633
,,,,,3924.355000019074
,,,,,3924.359999895096
,,,,,3924.3650000095367
,,,,,3924.369999885559
,,,,,3924.375
,,,,,3924.380000114441
,,,,,3924.3849999904633
,,,,,3924.390000104904
,,,,,3924.3949999809265
,,,,,3924.4000000953683
,,,,,3924.4049999713898
,,,,,3924.4100000858307
,,,,,3924.414999961853
,,,,,3924.420000076294
,,,,,3924.4249999523163
,,,,,3924.4300000667567
,,,,,3924.4349999427795
,,,,,3924.440000057221
,,,,,3924.444999933243
,,,,,3924.4500000476837
,,,,,3924.454999923706
,,,,,3924.460000038147
,,,,,3924.464999914169
,,,,,3924.47000002861
,,,,,3924.474999904633
,,,,,3924.480000019074
,,,,,3924.484999895096
,,,,,3924.4900000095367
,,,,,3924.494999885559
,,,,,3924.5
,,,,,3924.505000114441
,,,,,3924.5099999904633
,,,,,3924.515000104904
,,,,,3924.5199999809265
,,,,,3924.5250000953683
,,,,,3924.5299999713898
,,,,,3924.5350000858307
,,,,,3924.539999961853
,,,,,3924.545000076294
,,,,,3924.5499999523163
,,,,,3924.5550000667567
,,,,,3924.5599999427795
,,,,,3924.565000057221
,,,,,3924.569999933243
,,,,,3924.5750000476837
,,,,,3924.579999923706
,,,,,3924.585000038147
,,,,,3924.589999914169
,,,,,3924.59500002861
,,,,,3924.599999904633
,,,,,3924.605000019074
,,,,,3924.609999895096
,,,,,3924.6150000095367
,,,,,3924.619999885559
,,,,,3924.625
,,,,,3924.630000114441
,,,,,3924.6349999904633
,,,,,3924.640000104904
,,,,,3924.6449999809265
,,,,,3924.6500000953683
,,,,,3924.6549999713898
,,,,,3924.6600000858307
,,,,,3924.664999961853
,,,,,3924.670000076294
,,,,,3924.6749999523163
,,,,,3924.6800000667567
,,,,,3924.6849999427795
,,,,,3924.690000057221
,,,,,3924.694999933243
,,,,,3924.7000000476837
,,,,,3924.704999923706
,,,,,3924.710000038147
,,,,,3924.714999914169
,,,,,3924.72000002861
,,,,,3924.724999904633
,,,,,3924.730000019074
,,,,,3924.734999895096
,,,,,3924.7400000095367
,,,,,3924.744999885559
,,,,,3924.75
,,,,,3924.755000114441
,,,,,3924.7599999904633
,,,,,3924.765000104904
,,,,,3924.7699999809265
,,,,,3924.7750000953683
,,,,,3924.7799999713898
,,,,,3924.7850000858307
,,,,,3924.789999961853
,,,,,3924.795000076294
,,,,,3924.7999999523163
,,,,,3924.8050000667567
,,,,,3924.8099999427795
,,,,,3924.815000057221
,,,,,3924.819999933243
,,,,,3924.8250000476837
,,,,,3924.829999923706
,,,,,3924.835000038147
,,,,,3924.839999914169
,,,,,3924.84500002861
,,,,,3924.849999904633
,,,,,3924.855000019074
,,,,,3924.859999895096
,,,,,3924.8650000095367
,,,,,3924.869999885559
,,,,,3924.875
,,,,,3924.880000114441
,,,,,3924.8849999904633
,,,,,3924.890000104904
,,,,,3924.8949999809265
,,,,,3924.9000000953683
,,,,,3924.9049999713898
,,,,,3924.9100000858307
,,,,,3924.914999961853
,,,,,3924.920000076294
,,,,,3924.9249999523163
,,,,,3924.9300000667567
,,,,,3924.9349999427795
,,,,,3924.940000057221
,,,,,3924.944999933243
,,,,,3924.9500000476837
,,,,,3924.954999923706
,,,,,3924.960000038147
,,,,,3924.964999914169
,,,,,3924.97000002861
,,,,,3924.974999904633
,,,,,3924.980000019074
,,,,,3924.984999895096
,,,,,3924.9900000095367
,,,,,3924.994999885559
,,,,,3925.0
,,,,,3925.005000114441
,,,,,3925.0099999904633
,,,,,3925.015000104904
,,,,,3925.0199999809265
,,,,,3925.0250000953683
,,,,,3925.0299999713898
,,,,,3925.0350000858307
,,,,,3925.039999961853
,,,,,3925.045000076294
,,,,,3925.0499999523163
,,,,,3925.0550000667567
,,,,,3925.0599999427795
,,,,,3925.065000057221
,,,,,3925.069999933243
,,,,,3925.0750000476837
,,,,,3925.079999923706
,,,,,3925.085000038147
,,,,,3925.089999914169
,,,,,3925.09500002861
,,,,,3925.099999904633
,,,,,3925.105000019074
,,,,,3925.109999895096
,,,,,3925.1150000095367
,,,,,3925.119999885559
,,,,,3925.125
,,,,,3925.130000114441
,,,,,3925.1349999904633
,,,,,3925.140000104904
,,,,,3925.1449999809265
,,,,,3925.1500000953683
,,,,,3925.1549999713898
,,,,,3925.1600000858307
,,,,,3925.164999961853
,,,,,3925.170000076294
,,,,,3925.1749999523163
,,,,,3925.1800000667567
,,,,,3925.1849999427795
,,,,,3925.190000057221
,,,,,3925.194999933243
,,,,,3925.2000000476837
,,,,,3925.204999923706
,,,,,3925.210000038147
,,,,,3925.214999914169
,,,,,3925.22000002861
,,,,,3925.224999904633
,,,,,3925.230000019074
,,,,,3925.234999895096
,,,,,3925.2400000095367
,,,,,3925.244999885559
,,,,,3925.25
,,,,,3925.255000114441
,,,,,3925.2599999904633
,,,,,3925.265000104904
,,,,,3925.2699999809265
,,,,,3925.2750000953683
,,,,,3925.2799999713898
,,,,,3925.2850000858307
,,,,,3925.289999961853
,,,,,3925.295000076294
,,,,,3925.2999999523163
,,,,,3925.3050000667567
,,,,,3925.3099999427795
,,,,,3925.315000057221
,,,,,3925.319999933243
,,,,,3925.3250000476837
,,,,,3925.329999923706
,,,,,3925.335000038147
,,,,,3925.339999914169
,,,,,3925.34500002861
,,,,,3925.349999904633
,,,,,3925.355000019074
,,,,,3925.359999895096
,,,,,3925.3650000095367
,,,,,3925.369999885559
,,,,,3925.375
,,,,,3925.380000114441
,,,,,3925.3849999904633
,,,,,3925.390000104904
,,,,,3925.3949999809265
,,,,,3925.4000000953683
,,,,,3925.4049999713898
,,,,,3925.4100000858307
,,,,,3925.414999961853
,,,,,3925.420000076294
,,,,,3925.4249999523163
,,,,,3925.4300000667567
,,,,,3925.4349999427795
,,,,,3925.440000057221
,,,,,3925.444999933243
,,,,,3925.4500000476837
,,,,,3925.454999923706
,,,,,3925.460000038147
,,,,,3925.464999914169
,,,,,3925.47000002861
,,,,,3925.474999904633
,,,,,3925.480000019074
,,,,,3925.484999895096
,,,,,3925.4900000095367
,,,,,3925.494999885559
,,,,,3925.5
,,,,,3925.505000114441
,,,,,3925.5099999904633
,,,,,3925.515000104904
,,,,,3925.5199999809265
,,,,,3925.5250000953683
,,,,,3925.5299999713898
,,,,,3925.5350000858307
,,,,,3925.539999961853
,,,,,3925.545000076294
,,,,,3925.5499999523163
,,,,,3925.5550000667567
,,,,,3925.5599999427795
,,,,,3925.565000057221
,,,,,3925.569999933243
,,,,,3925.5750000476837
,,,,,3925.579999923706
,,,,,3925.585000038147
,,,,,3925.589999914169
,,,,,3925.59500002861
,,,,,3925.599999904633
,,,,,3925.605000019074
,,,,,3925.609999895096
,,,,,3925.6150000095367
,,,,,3925.619999885559
,,,,,3925.625
,,,,,3925.630000114441
,,,,,3925.6349999904633
,,,,,3925.640000104904
,,,,,3925.6449999809265
,,,,,3925.6500000953683
,,,,,3925.6549999713898
,,,,,3925.6600000858307
,,,,,3925.664999961853
,,,,,3925.670000076294
,,,,,3925.6749999523163
,,,,,3925.6800000667567
,,,,,3925.6849999427795
,,,,,3925.690000057221
,,,,,3925.694999933243
,,,,,3925.7000000476837
,,,,,3925.704999923706
,,,,,3925.710000038147
,,,,,3925.714999914169
,,,,,3925.72000002861
,,,,,3925.724999904633
,,,,,3925.730000019074
,,,,,3925.734999895096
,,,,,3925.7400000095367
,,,,,3925.744999885559
,,,,,3925.75
,,,,,3925.755000114441
,,,,,3925.7599999904633
,,,,,3925.765000104904
,,,,,3925.7699999809265
,,,,,3925.7750000953683
,,,,,3925.7799999713898
,,,,,3925.7850000858307
,,,,,3925.789999961853
,,,,,3925.795000076294
,,,,,3925.7999999523163
,,,,,3925.8050000667567
,,,,,3925.8099999427795
,,,,,3925.815000057221
,,,,,3925.819999933243
,,,,,3925.8250000476837
,,,,,3925.829999923706
,,,,,3925.835000038147
,,,,,3925.839999914169
,,,,,3925.84500002861
,,,,,3925.849999904633
,,,,,3925.855000019074
,,,,,3925.859999895096
,,,,,3925.8650000095367
,,,,,3925.869999885559
,,,,,3925.875
,,,,,3925.880000114441
,,,,,3925.8849999904633
,,,,,3925.890000104904
,,,,,3925.8949999809265
,,,,,3925.9000000953683
,,,,,3925.9049999713898
,,,,,3925.9100000858307
,,,,,3925.914999961853
,,,,,3925.920000076294
,,,,,3925.9249999523163
,,,,,3925.9300000667567
,,,,,3925.9349999427795
,,,,,3925.940000057221
,,,,,3925.944999933243
,,,,,3925.9500000476837
,,,,,3925.954999923706
,,,,,3925.960000038147
,,,,,3925.964999914169
,,,,,3925.97000002861
,,,,,3925.974999904633
,,,,,3925.980000019074
,,,,,3925.984999895096
,,,,,3925.9900000095367
,,,,,3925.994999885559
,,,,,3926.0
,,,,,3926.005000114441
,,,,,3926.0099999904633
,,,,,3926.015000104904
,,,,,3926.0199999809265
,,,,,3926.0250000953683
,,,,,3926.0299999713898
,,,,,3926.0350000858307
,,,,,3926.039999961853
,,,,,3926.045000076294
,,,,,3926.0499999523163
,,,,,3926.0550000667567
,,,,,3926.0599999427795
,,,,,3926.065000057221
,,,,,3926.069999933243
,,,,,3926.0750000476837
,,,,,3926.079999923706
,,,,,3926.085000038147
,,,,,3926.089999914169
,,,,,3926.09500002861
,,,,,3926.099999904633
,,,,,3926.105000019074
,,,,,3926.109999895096
,,,,,3926.1150000095367
,,,,,3926.119999885559
,,,,,3926.125
,,,,,3926.130000114441
,,,,,3926.1349999904633
,,,,,3926.140000104904
,,,,,3926.1449999809265
,,,,,3926.1500000953683
,,,,,3926.1549999713898
,,,,,3926.1600000858307
,,,,,3926.164999961853
,,,,,3926.170000076294
,,,,,3926.1749999523163
,,,,,3926.1800000667567
,,,,,3926.1849999427795
,,,,,3926.190000057221
,,,,,3926.194999933243
,,,,,3926.2000000476837
,,,,,3926.204999923706
,,,,,3926.210000038147
,,,,,3926.214999914169
,,,,,3926.22000002861
,,,,,3926.224999904633
,,,,,3926.230000019074
,,,,,3926.234999895096
,,,,,3926.2400000095367
,,,,,3926.244999885559
,,,,,3926.25
,,,,,3926.255000114441
,,,,,3926.2599999904633
,,,,,3926.265000104904
,,,,,3926.2699999809265
,,,,,3926.2750000953683
,,,,,3926.2799999713898
,,,,,3926.2850000858307
,,,,,3926.289999961853
,,,,,3926.295000076294
,,,,,3926.2999999523163
,,,,,3926.3050000667567
,,,,,3926.3099999427795
,,,,,3926.315000057221
,,,,,3926.319999933243
,,,,,3926.3250000476837
,,,,,3926.329999923706
,,,,,3926.335000038147
,,,,,3926.339999914169
,,,,,3926.34500002861
,,,,,3926.349999904633
,,,,,3926.355000019074
,,,,,3926.359999895096
,,,,,3926.3650000095367
,,,,,3926.369999885559
,,,,,3926.375
,,,,,3926.380000114441
,,,,,3926.3849999904633
,,,,,3926.390000104904
,,,,,3926.3949999809265
,,,,,3926.4000000953683
,,,,,3926.4049999713898
,,,,,3926.4100000858307
,,,,,3926.414999961853
,,,,,3926.420000076294
,,,,,3926.4249999523163
,,,,,3926.4300000667567
,,,,,3926.4349999427795
,,,,,3926.440000057221
,,,,,3926.444999933243
,,,,,3926.4500000476837
,,,,,3926.454999923706
,,,,,3926.460000038147
,,,,,3926.464999914169
,,,,,3926.47000002861
,,,,,3926.474999904633
,,,,,3926.480000019074
,,,,,3926.484999895096
,,,,,3926.4900000095367
,,,,,3926.494999885559
,,,,,3926.5
,,,,,3926.505000114441
,,,,,3926.5099999904633
,,,,,3926.515000104904
,,,,,3926.5199999809265
,,,,,3926.5250000953683
,,,,,3926.5299999713898
,,,,,3926.5350000858307
,,,,,3926.539999961853
,,,,,3926.545000076294
,,,,,3926.5499999523163
,,,,,3926.5550000667567
,,,,,3926.5599999427795
,,,,,3926.565000057221
,,,,,3926.569999933243
,,,,,3926.5750000476837
,,,,,3926.579999923706
,,,,,3926.585000038147
,,,,,3926.589999914169
,,,,,3926.59500002861
,,,,,3926.599999904633
,,,,,3926.605000019074
,,,,,3926.609999895096
,,,,,3926.6150000095367
,,,,,3926.619999885559
,,,,,3926.625
,,,,,3926.630000114441
,,,,,3926.6349999904633
,,,,,3926.640000104904
,,,,,3926.6449999809265
,,,,,3926.6500000953683
,,,,,3926.6549999713898
,,,,,3926.6600000858307
,,,,,3926.664999961853
,,,,,3926.670000076294
,,,,,3926.6749999523163
,,,,,3926.6800000667567
,,,,,3926.6849999427795
,,,,,3926.690000057221
,,,,,3926.694999933243
,,,,,3926.7000000476837
,,,,,3926.704999923706
,,,,,3926.710000038147
,,,,,3926.714999914169
,,,,,3926.72000002861
,,,,,3926.724999904633
,,,,,3926.730000019074
,,,,,3926.734999895096
,,,,,3926.7400000095367
,,,,,3926.744999885559
,,,,,3926.75
,,,,,3926.755000114441
,,,,,3926.7599999904633
,,,,,3926.765000104904
,,,,,3926.7699999809265
,,,,,3926.7750000953683
,,,,,3926.7799999713898
,,,,,3926.7850000858307
,,,,,3926.789999961853
,,,,,3926.795000076294
,,,,,3926.7999999523163
,,,,,3926.8050000667567
,,,,,3926.8099999427795
,,,,,3926.815000057221
,,,,,3926.819999933243
,,,,,3926.8250000476837
,,,,,3926.829999923706
,,,,,3926.835000038147
,,,,,3926.839999914169
,,,,,3926.84500002861
,,,,,3926.849999904633
,,,,,3926.855000019074
,,,,,3926.859999895096
,,,,,3926.8650000095367
,,,,,3926.869999885559
,,,,,3926.875
,,,,,3926.880000114441
,,,,,3926.8849999904633
,,,,,3926.890000104904
,,,,,3926.8949999809265
,,,,,3926.9000000953683
,,,,,3926.9049999713898
,,,,,3926.9100000858307
,,,,,3926.914999961853
,,,,,3926.920000076294
,,,,,3926.9249999523163
,,,,,3926.9300000667567
,,,,,3926.9349999427795
,,,,,3926.940000057221
,,,,,3926.944999933243
,,,,,3926.9500000476837
,,,,,3926.954999923706
,,,,,3926.960000038147
,,,,,3926.964999914169
,,,,,3926.97000002861
,,,,,3926.974999904633
,,,,,3926.980000019074
,,,,,3926.984999895096
,,,,,3926.9900000095367
,,,,,3926.994999885559
,,,,,3927.0
,,,,,3927.005000114441
,,,,,3927.0099999904633
,,,,,3927.015000104904
,,,,,3927.0199999809265
,,,,,3927.0250000953683
,,,,,3927.0299999713898
,,,,,3927.0350000858307
,,,,,3927.039999961853
,,,,,3927.045000076294
,,,,,3927.0499999523163
,,,,,3927.0550000667567
,,,,,3927.0599999427795
,,,,,3927.065000057221
,,,,,3927.069999933243
,,,,,3927.0750000476837
,,,,,3927.079999923706
,,,,,3927.085000038147
,,,,,3927.089999914169
,,,,,3927.09500002861
,,,,,3927.099999904633
,,,,,3927.105000019074
,,,,,3927.109999895096
,,,,,3927.1150000095367
,,,,,3927.119999885559
,,,,,3927.125
,,,,,3927.130000114441
,,,,,3927.1349999904633
,,,,,3927.140000104904
,,,,,3927.1449999809265
,,,,,3927.1500000953683
,,,,,3927.1549999713898
,,,,,3927.1600000858307
,,,,,3927.164999961853
,,,,,3927.170000076294
,,,,,3927.1749999523163
,,,,,3927.1800000667567
,,,,,3927.1849999427795
,,,,,3927.190000057221
,,,,,3927.194999933243
,,,,,3927.2000000476837
,,,,,3927.204999923706
,,,,,3927.210000038147
,,,,,3927.214999914169
,,,,,3927.22000002861
,,,,,3927.224999904633
,,,,,3927.230000019074
,,,,,3927.234999895096
,,,,,3927.2400000095367
,,,,,3927.244999885559
,,,,,3927.25
,,,,,3927.255000114441
,,,,,3927.2599999904633
,,,,,3927.265000104904
,,,,,3927.2699999809265
,,,,,3927.2750000953683
,,,,,3927.2799999713898
,,,,,3927.2850000858307
,,,,,3927.289999961853
,,,,,3927.295000076294
,,,,,3927.2999999523163
,,,,,3927.3050000667567
,,,,,3927.3099999427795
,,,,,3927.315000057221
,,,,,3927.319999933243
,,,,,3927.3250000476837
,,,,,3927.329999923706
,,,,,3927.335000038147
,,,,,3927.339999914169
,,,,,3927.34500002861
,,,,,3927.349999904633
,,,,,3927.355000019074
,,,,,3927.359999895096
,,,,,3927.3650000095367
,,,,,3927.369999885559
,,,,,3927.375
,,,,,3927.380000114441
,,,,,3927.3849999904633
,,,,,3927.390000104904
,,,,,3927.3949999809265
,,,,,3927.4000000953683
,,,,,3927.4049999713898
,,,,,3927.4100000858307
,,,,,3927.414999961853
,,,,,3927.420000076294
,,,,,3927.4249999523163
,,,,,3927.4300000667567
,,,,,3927.4349999427795
,,,,,3927.440000057221
,,,,,3927.444999933243
,,,,,3927.4500000476837
,,,,,3927.454999923706
,,,,,3927.460000038147
,,,,,3927.464999914169
,,,,,3927.47000002861
,,,,,3927.474999904633
,,,,,3927.480000019074
,,,,,3927.484999895096
,,,,,3927.4900000095367
,,,,,3927.494999885559
,,,,,3927.5
,,,,,3927.505000114441
,,,,,3927.5099999904633
,,,,,3927.515000104904
,,,,,3927.5199999809265
,,,,,3927.5250000953683
,,,,,3927.5299999713898
,,,,,3927.5350000858307
,,,,,3927.539999961853
,,,,,3927.545000076294
,,,,,3927.5499999523163
,,,,,3927.5550000667567
,,,,,3927.5599999427795
,,,,,3927.565000057221
,,,,,3927.569999933243
,,,,,3927.5750000476837
,,,,,3927.579999923706
,,,,,3927.585000038147
,,,,,3927.589999914169
,,,,,3927.59500002861
,,,,,3927.599999904633
,,,,,3927.605000019074
,,,,,3927.609999895096
,,,,,3927.6150000095367
,,,,,3927.619999885559
,,,,,3927.625
,,,,,3927.630000114441
,,,,,3927.6349999904633
,,,,,3927.640000104904
,,,,,3927.6449999809265
,,,,,3927.6500000953683
,,,,,3927.6549999713898
,,,,,3927.6600000858307
,,,,,3927.664999961853
,,,,,3927.670000076294
,,,,,3927.6749999523163
,,,,,3927.6800000667567
,,,,,3927.6849999427795
,,,,,3927.690000057221
,,,,,3927.694999933243
,,,,,3927.7000000476837
,,,,,3927.704999923706
,,,,,3927.710000038147
,,,,,3927.714999914169
,,,,,3927.72000002861
,,,,,3927.724999904633
,,,,,3927.730000019074
,,,,,3927.734999895096
,,,,,3927.7400000095367
,,,,,3927.744999885559
,,,,,3927.75
,,,,,3927.755000114441
,,,,,3927.7599999904633
,,,,,3927.765000104904
,,,,,3927.7699999809265
,,,,,3927.7750000953683
,,,,,3927.7799999713898
,,,,,3927.7850000858307
,,,,,3927.789999961853
,,,,,3927.795000076294
,,,,,3927.7999999523163
,,,,,3927.8050000667567
,,,,,3927.8099999427795
,,,,,3927.815000057221
,,,,,3927.819999933243
,,,,,3927.8250000476837
,,,,,3927.829999923706
,,,,,3927.835000038147
,,,,,3927.839999914169
,,,,,3927.84500002861
,,,,,3927.849999904633
,,,,,3927.855000019074
,,,,,3927.859999895096
,,,,,3927.8650000095367
,,,,,3927.869999885559
,,,,,3927.875
,,,,,3927.880000114441
,,,,,3927.8849999904633
,,,,,3927.890000104904
,,,,,3927.8949999809265
,,,,,3927.9000000953683
,,,,,3927.9049999713898
,,,,,3927.9100000858307
,,,,,3927.914999961853
,,,,,3927.920000076294
,,,,,3927.9249999523163
,,,,,3927.9300000667567
,,,,,3927.9349999427795
,,,,,3927.940000057221
,,,,,3927.944999933243
,,,,,3927.9500000476837
,,,,,3927.954999923706
,,,,,3927.960000038147
,,,,,3927.964999914169
,,,,,3927.97000002861
,,,,,3927.974999904633
,,,,,3927.980000019074
,,,,,3927.984999895096
,,,,,3927.9900000095367
,,,,,3927.994999885559
,,,,,3928.0
,,,,,3928.005000114441
,,,,,3928.0099999904633
,,,,,3928.015000104904
,,,,,3928.0199999809265
,,,,,3928.0250000953683
,,,,,3928.0299999713898
,,,,,3928.0350000858307
,,,,,3928.039999961853
,,,,,3928.045000076294
,,,,,3928.0499999523163
,,,,,3928.0550000667567
,,,,,3928.0599999427795
,,,,,3928.065000057221
,,,,,3928.069999933243
,,,,,3928.0750000476837
,,,,,3928.079999923706
,,,,,3928.085000038147
,,,,,3928.089999914169
,,,,,3928.09500002861
,,,,,3928.099999904633
,,,,,3928.105000019074
,,,,,3928.109999895096
,,,,,3928.1150000095367
,,,,,3928.119999885559
,,,,,3928.125
,,,,,3928.130000114441
,,,,,3928.1349999904633
,,,,,3928.140000104904
,,,,,3928.1449999809265
,,,,,3928.1500000953683
,,,,,3928.1549999713898
,,,,,3928.1600000858307
,,,,,3928.164999961853
,,,,,3928.170000076294
,,,,,3928.1749999523163
,,,,,3928.1800000667567
,,,,,3928.1849999427795
,,,,,3928.190000057221
,,,,,3928.194999933243
,,,,,3928.2000000476837
,,,,,3928.204999923706
,,,,,3928.210000038147
,,,,,3928.214999914169
,,,,,3928.22000002861
,,,,,3928.224999904633
,,,,,3928.230000019074
,,,,,3928.234999895096
,,,,,3928.2400000095367
,,,,,3928.244999885559
,,,,,3928.25
,,,,,3928.255000114441
,,,,,3928.2599999904633
,,,,,3928.265000104904
,,,,,3928.2699999809265
,,,,,3928.2750000953683
,,,,,3928.2799999713898
,,,,,3928.2850000858307
,,,,,3928.289999961853
,,,,,3928.295000076294
,,,,,3928.2999999523163
,,,,,3928.3050000667567
,,,,,3928.3099999427795
,,,,,3928.315000057221
,,,,,3928.319999933243
,,,,,3928.3250000476837
,,,,,3928.329999923706
,,,,,3928.335000038147
,,,,,3928.339999914169
,,,,,3928.34500002861
,,,,,3928.349999904633
,,,,,3928.355000019074
,,,,,3928.359999895096
,,,,,3928.3650000095367
,,,,,3928.369999885559
,,,,,3928.375
,,,,,3928.380000114441
,,,,,3928.3849999904633
,,,,,3928.390000104904
,,,,,3928.3949999809265
,,,,,3928.4000000953683
,,,,,3928.4049999713898
,,,,,3928.4100000858307
,,,,,3928.414999961853
,,,,,3928.420000076294
,,,,,3928.4249999523163
,,,,,3928.4300000667567
,,,,,3928.4349999427795
,,,,,3928.440000057221
,,,,,3928.444999933243
,,,,,3928.4500000476837
,,,,,3928.454999923706
,,,,,3928.460000038147
,,,,,3928.464999914169
,,,,,3928.47000002861
,,,,,3928.474999904633
,,,,,3928.480000019074
,,,,,3928.484999895096
,,,,,3928.4900000095367
,,,,,3928.494999885559
,,,,,3928.5
,,,,,3928.505000114441
,,,,,3928.5099999904633
,,,,,3928.515000104904
,,,,,3928.5199999809265
,,,,,3928.5250000953683
,,,,,3928.5299999713898
,,,,,3928.5350000858307
,,,,,3928.539999961853
,,,,,3928.545000076294
,,,,,3928.5499999523163
,,,,,3928.5550000667567
,,,,,3928.5599999427795
,,,,,3928.565000057221
,,,,,3928.569999933243
,,,,,3928.5750000476837
,,,,,3928.579999923706
,,,,,3928.585000038147
,,,,,3928.589999914169
,,,,,3928.59500002861
,,,,,3928.599999904633
,,,,,3928.605000019074
,,,,,3928.609999895096
,,,,,3928.6150000095367
,,,,,3928.619999885559
,,,,,3928.625
,,,,,3928.630000114441
,,,,,3928.6349999904633
,,,,,3928.640000104904
,,,,,3928.6449999809265
,,,,,3928.6500000953683
,,,,,3928.6549999713898
,,,,,3928.6600000858307
,,,,,3928.664999961853
,,,,,3928.670000076294
,,,,,3928.6749999523163
,,,,,3928.6800000667567
,,,,,3928.6849999427795
,,,,,3928.690000057221
,,,,,3928.694999933243
,,,,,3928.7000000476837
,,,,,3928.704999923706
,,,,,3928.710000038147
,,,,,3928.714999914169
,,,,,3928.72000002861
,,,,,3928.724999904633
,,,,,3928.730000019074
,,,,,3928.734999895096
,,,,,3928.7400000095367
,,,,,3928.744999885559
,,,,,3928.75
,,,,,3928.755000114441
,,,,,3928.7599999904633
,,,,,3928.765000104904
,,,,,3928.7699999809265
,,,,,3928.7750000953683
,,,,,3928.7799999713898
,,,,,3928.7850000858307
,,,,,3928.789999961853
,,,,,3928.795000076294
,,,,,3928.7999999523163
,,,,,3928.8050000667567
,,,,,3928.8099999427795
,,,,,3928.815000057221
,,,,,3928.819999933243
,,,,,3928.8250000476837
,,,,,3928.829999923706
,,,,,3928.835000038147
,,,,,3928.839999914169
,,,,,3928.84500002861
,,,,,3928.849999904633
,,,,,3928.855000019074
,,,,,3928.859999895096
,,,,,3928.8650000095367
,,,,,3928.869999885559
,,,,,3928.875
,,,,,3928.880000114441
,,,,,3928.8849999904633
,,,,,3928.890000104904
,,,,,3928.8949999809265
,,,,,3928.9000000953683
,,,,,3928.9049999713898
,,,,,3928.9100000858307
,,,,,3928.914999961853
,,,,,3928.920000076294
,,,,,3928.9249999523163
,,,,,3928.9300000667567
,,,,,3928.9349999427795
,,,,,3928.940000057221
,,,,,3928.944999933243
,,,,,3928.9500000476837
,,,,,3928.954999923706
,,,,,3928.960000038147
,,,,,3928.964999914169
,,,,,3928.97000002861
,,,,,3928.974999904633
,,,,,3928.980000019074
,,,,,3928.984999895096
,,,,,3928.9900000095367
,,,,,3928.994999885559
,,,,,3929.0
,,,,,3929.005000114441
,,,,,3929.0099999904633
,,,,,3929.015000104904
,,,,,3929.0199999809265
,,,,,3929.0250000953683
,,,,,3929.0299999713898
,,,,,3929.0350000858307
,,,,,3929.039999961853
,,,,,3929.045000076294
,,,,,3929.0499999523163
,,,,,3929.0550000667567
,,,,,3929.0599999427795
,,,,,3929.065000057221
,,,,,3929.069999933243
,,,,,3929.0750000476837
,,,,,3929.079999923706
,,,,,3929.085000038147
,,,,,3929.089999914169
,,,,,3929.09500002861
,,,,,3929.099999904633
,,,,,3929.105000019074
,,,,,3929.109999895096
,,,,,3929.1150000095367
,,,,,3929.119999885559
,,,,,3929.125
,,,,,3929.130000114441
,,,,,3929.1349999904633
,,,,,3929.140000104904
,,,,,3929.1449999809265
,,,,,3929.1500000953683
,,,,,3929.1549999713898
,,,,,3929.1600000858307
,,,,,3929.164999961853
,,,,,3929.170000076294
,,,,,3929.1749999523163
,,,,,3929.1800000667567
,,,,,3929.1849999427795
,,,,,3929.190000057221
,,,,,3929.194999933243
,,,,,3929.2000000476837
,,,,,3929.204999923706
,,,,,3929.210000038147
,,,,,3929.214999914169
,,,,,3929.22000002861
,,,,,3929.224999904633
,,,,,3929.230000019074
,,,,,3929.234999895096
,,,,,3929.2400000095367
,,,,,3929.244999885559
,,,,,3929.25
,,,,,3929.255000114441
,,,,,3929.2599999904633
,,,,,3929.265000104904
,,,,,3929.2699999809265
,,,,,3929.2750000953683
,,,,,3929.2799999713898
,,,,,3929.2850000858307
,,,,,3929.289999961853
,,,,,3929.295000076294
,,,,,3929.2999999523163
,,,,,3929.3050000667567
,,,,,3929.3099999427795
,,,,,3929.315000057221
,,,,,3929.319999933243
,,,,,3929.3250000476837
,,,,,3929.329999923706
,,,,,3929.335000038147
,,,,,3929.339999914169
,,,,,3929.34500002861
,,,,,3929.349999904633
,,,,,3929.355000019074
,,,,,3929.359999895096
,,,,,3929.3650000095367
,,,,,3929.369999885559
,,,,,3929.375
,,,,,3929.380000114441
,,,,,3929.3849999904633
,,,,,3929.390000104904
,,,,,3929.3949999809265
,,,,,3929.4000000953683
,,,,,3929.4049999713898
,,,,,3929.4100000858307
,,,,,3929.414999961853
,,,,,3929.420000076294
,,,,,3929.4249999523163
,,,,,3929.4300000667567
,,,,,3929.4349999427795
,,,,,3929.440000057221
,,,,,3929.444999933243
,,,,,3929.4500000476837
,,,,,3929.454999923706
,,,,,3929.460000038147
,,,,,3929.464999914169
,,,,,3929.47000002861
,,,,,3929.474999904633
,,,,,3929.480000019074
,,,,,3929.484999895096
,,,,,3929.4900000095367
,,,,,3929.494999885559
,,,,,3929.5
,,,,,3929.505000114441
,,,,,3929.5099999904633
,,,,,3929.515000104904
,,,,,3929.5199999809265
,,,,,3929.5250000953683
,,,,,3929.5299999713898
,,,,,3929.5350000858307
,,,,,3929.539999961853
,,,,,3929.545000076294
,,,,,3929.5499999523163
,,,,,3929.5550000667567
,,,,,3929.5599999427795
,,,,,3929.565000057221
,,,,,3929.569999933243
,,,,,3929.5750000476837
,,,,,3929.579999923706
,,,,,3929.585000038147
,,,,,3929.589999914169
,,,,,3929.59500002861
,,,,,3929.599999904633
,,,,,3929.605000019074
,,,,,3929.609999895096
,,,,,3929.6150000095367
,,,,,3929.619999885559
,,,,,3929.625
,,,,,3929.630000114441
,,,,,3929.6349999904633
,,,,,3929.640000104904
,,,,,3929.6449999809265
,,,,,3929.6500000953683
,,,,,3929.6549999713898
,,,,,3929.6600000858307
,,,,,3929.664999961853
,,,,,3929.670000076294
,,,,,3929.6749999523163
,,,,,3929.6800000667567
,,,,,3929.6849999427795
,,,,,3929.690000057221
,,,,,3929.694999933243
,,,,,3929.7000000476837
,,,,,3929.704999923706
,,,,,3929.710000038147
,,,,,3929.714999914169
,,,,,3929.72000002861
,,,,,3929.724999904633
,,,,,3929.730000019074
,,,,,3929.734999895096
,,,,,3929.7400000095367
,,,,,3929.744999885559
,,,,,3929.75
,,,,,3929.755000114441
,,,,,3929.7599999904633
,,,,,3929.765000104904
,,,,,3929.7699999809265
,,,,,3929.7750000953683
,,,,,3929.7799999713898
,,,,,3929.7850000858307
,,,,,3929.789999961853
,,,,,3929.795000076294
,,,,,3929.7999999523163
,,,,,3929.8050000667567
,,,,,3929.8099999427795
,,,,,3929.815000057221
,,,,,3929.819999933243
,,,,,3929.8250000476837
,,,,,3929.829999923706
,,,,,3929.835000038147
,,,,,3929.839999914169
,,,,,3929.84500002861
,,,,,3929.849999904633
,,,,,3929.855000019074
,,,,,3929.859999895096
,,,,,3929.8650000095367
,,,,,3929.869999885559
,,,,,3929.875
,,,,,3929.880000114441
,,,,,3929.8849999904633
,,,,,3929.890000104904
,,,,,3929.8949999809265
,,,,,3929.9000000953683
,,,,,3929.9049999713898
,,,,,3929.9100000858307
,,,,,3929.914999961853
,,,,,3929.920000076294
,,,,,3929.9249999523163
,,,,,3929.9300000667567
,,,,,3929.9349999427795
,,,,,3929.940000057221
,,,,,3929.944999933243
,,,,,3929.9500000476837
,,,,,3929.954999923706
,,,,,3929.960000038147
,,,,,3929.964999914169
,,,,,3929.97000002861
,,,,,3929.974999904633
,,,,,3929.980000019074
,,,,,3929.984999895096
,,,,,3929.9900000095367
,,,,,3929.994999885559
,,,,,3930.0
,,,,,3930.005000114441
,,,,,3930.0099999904633
,,,,,3930.015000104904
,,,,,3930.0199999809265
,,,,,3930.0250000953683
,,,,,3930.0299999713898
,,,,,3930.0350000858307
,,,,,3930.039999961853
,,,,,3930.045000076294
,,,,,3930.0499999523163
,,,,,3930.0550000667567
,,,,,3930.0599999427795
,,,,,3930.065000057221
,,,,,3930.069999933243
,,,,,3930.0750000476837
,,,,,3930.079999923706
,,,,,3930.085000038147
,,,,,3930.089999914169
,,,,,3930.09500002861
,,,,,3930.099999904633
,,,,,3930.105000019074
,,,,,3930.109999895096
,,,,,3930.1150000095367
,,,,,3930.119999885559
,,,,,3930.125
,,,,,3930.130000114441
,,,,,3930.1349999904633
,,,,,3930.140000104904
,,,,,3930.1449999809265
,,,,,3930.1500000953683
,,,,,3930.1549999713898
,,,,,3930.1600000858307
,,,,,3930.164999961853
,,,,,3930.170000076294
,,,,,3930.1749999523163
,,,,,3930.1800000667567
,,,,,3930.1849999427795
,,,,,3930.190000057221
,,,,,3930.194999933243
,,,,,3930.2000000476837
,,,,,3930.204999923706
,,,,,3930.210000038147
,,,,,3930.214999914169
,,,,,3930.22000002861
,,,,,3930.224999904633
,,,,,3930.230000019074
,,,,,3930.234999895096
,,,,,3930.2400000095367
,,,,,3930.244999885559
,,,,,3930.25
,,,,,3930.255000114441
,,,,,3930.2599999904633
,,,,,3930.265000104904
,,,,,3930.2699999809265
,,,,,3930.2750000953683
,,,,,3930.2799999713898
,,,,,3930.2850000858307
,,,,,3930.289999961853
,,,,,3930.295000076294
,,,,,3930.2999999523163
,,,,,3930.3050000667567
,,,,,3930.3099999427795
,,,,,3930.315000057221
,,,,,3930.319999933243
,,,,,3930.3250000476837
,,,,,3930.329999923706
,,,,,3930.335000038147
,,,,,3930.339999914169
,,,,,3930.34500002861
,,,,,3930.349999904633
,,,,,3930.355000019074
,,,,,3930.359999895096
,,,,,3930.3650000095367
,,,,,3930.369999885559
,,,,,3930.375
,,,,,3930.380000114441
,,,,,3930.3849999904633
,,,,,3930.390000104904
,,,,,3930.3949999809265
,,,,,3930.4000000953683
,,,,,3930.4049999713898
,,,,,3930.4100000858307
,,,,,3930.414999961853
,,,,,3930.420000076294
,,,,,3930.4249999523163
,,,,,3930.4300000667567
,,,,,3930.4349999427795
,,,,,3930.440000057221
,,,,,3930.444999933243
,,,,,3930.4500000476837
,,,,,3930.454999923706
,,,,,3930.460000038147
,,,,,3930.464999914169
,,,,,3930.47000002861
,,,,,3930.474999904633
,,,,,3930.480000019074
,,,,,3930.484999895096
,,,,,3930.4900000095367
,,,,,3930.494999885559
,,,,,3930.5
,,,,,3930.505000114441
,,,,,3930.5099999904633
,,,,,3930.515000104904
,,,,,3930.5199999809265
,,,,,3930.5250000953683
,,,,,3930.5299999713898
,,,,,3930.5350000858307
,,,,,3930.539999961853
,,,,,3930.545000076294
,,,,,3930.5499999523163
,,,,,3930.5550000667567
,,,,,3930.5599999427795
,,,,,3930.565000057221
,,,,,3930.569999933243
,,,,,3930.5750000476837
,,,,,3930.579999923706
,,,,,3930.585000038147
,,,,,3930.589999914169
,,,,,3930.59500002861
,,,,,3930.599999904633
,,,,,3930.605000019074
,,,,,3930.609999895096
,,,,,3930.6150000095367
,,,,,3930.619999885559
,,,,,3930.625
,,,,,3930.630000114441
,,,,,3930.6349999904633
,,,,,3930.640000104904
,,,,,3930.6449999809265
,,,,,3930.6500000953683
,,,,,3930.6549999713898
,,,,,3930.6600000858307
,,,,,3930.664999961853
,,,,,3930.670000076294
,,,,,3930.6749999523163
,,,,,3930.6800000667567
,,,,,3930.6849999427795
,,,,,3930.690000057221
,,,,,3930.694999933243
,,,,,3930.7000000476837
,,,,,3930.704999923706
,,,,,3930.710000038147
,,,,,3930.714999914169
,,,,,3930.72000002861
,,,,,3930.724999904633
,,,,,3930.730000019074
,,,,,3930.734999895096
,,,,,3930.7400000095367
,,,,,3930.744999885559
,,,,,3930.75
,,,,,3930.755000114441
,,,,,3930.7599999904633
,,,,,3930.765000104904
,,,,,3930.7699999809265
,,,,,3930.7750000953683
,,,,,3930.7799999713898
,,,,,3930.7850000858307
,,,,,3930.789999961853
,,,,,3930.795000076294
,,,,,3930.7999999523163
,,,,,3930.8050000667567
,,,,,3930.8099999427795
,,,,,3930.815000057221
,,,,,3930.819999933243
,,,,,3930.8250000476837
,,,,,3930.829999923706
,,,,,3930.835000038147
,,,,,3930.839999914169
,,,,,3930.84500002861
,,,,,3930.849999904633
,,,,,3930.855000019074
,,,,,3930.859999895096
,,,,,3930.8650000095367
,,,,,3930.869999885559
,,,,,3930.875
,,,,,3930.880000114441
,,,,,3930.8849999904633
,,,,,3930.890000104904
,,,,,3930.8949999809265
,,,,,3930.9000000953683
,,,,,3930.9049999713898
,,,,,3930.9100000858307
,,,,,3930.914999961853
,,,,,3930.920000076294
,,,,,3930.9249999523163
,,,,,3930.9300000667567
,,,,,3930.9349999427795
,,,,,3930.940000057221
,,,,,3930.944999933243
,,,,,3930.9500000476837
,,,,,3930.954999923706
,,,,,3930.960000038147
,,,,,3930.964999914169
,,,,,3930.97000002861
,,,,,3930.974999904633
,,,,,3930.980000019074
,,,,,3930.984999895096
,,,,,3930.9900000095367
,,,,,3930.994999885559
,,,,,3931.0
,,,,,3931.005000114441
,,,,,3931.0099999904633
,,,,,3931.015000104904
,,,,,3931.0199999809265
,,,,,3931.0250000953683
,,,,,3931.0299999713898
,,,,,3931.0350000858307
,,,,,3931.039999961853
,,,,,3931.045000076294
,,,,,3931.0499999523163
,,,,,3931.0550000667567
,,,,,3931.0599999427795
,,,,,3931.065000057221
,,,,,3931.069999933243
,,,,,3931.0750000476837
,,,,,3931.079999923706
,,,,,3931.085000038147
,,,,,3931.089999914169
,,,,,3931.09500002861
,,,,,3931.099999904633
,,,,,3931.105000019074
,,,,,3931.109999895096
,,,,,3931.1150000095367
,,,,,3931.119999885559
,,,,,3931.125
,,,,,3931.130000114441
,,,,,3931.1349999904633
,,,,,3931.140000104904
,,,,,3931.1449999809265
,,,,,3931.1500000953683
,,,,,3931.1549999713898
,,,,,3931.1600000858307
,,,,,3931.164999961853
,,,,,3931.170000076294
,,,,,3931.1749999523163
,,,,,3931.1800000667567
,,,,,3931.1849999427795
,,,,,3931.190000057221
,,,,,3931.194999933243
,,,,,3931.2000000476837
,,,,,3931.204999923706
,,,,,3931.210000038147
,,,,,3931.214999914169
,,,,,3931.22000002861
,,,,,3931.224999904633
,,,,,3931.230000019074
,,,,,3931.234999895096
,,,,,3931.2400000095367
,,,,,3931.244999885559
,,,,,3931.25
,,,,,3931.255000114441
,,,,,3931.2599999904633
,,,,,3931.265000104904
,,,,,3931.2699999809265
,,,,,3931.2750000953683
,,,,,3931.2799999713898
,,,,,3931.2850000858307
,,,,,3931.289999961853
,,,,,3931.295000076294
,,,,,3931.2999999523163
,,,,,3931.3050000667567
,,,,,3931.3099999427795
,,,,,3931.315000057221
,,,,,3931.319999933243
,,,,,3931.3250000476837
,,,,,3931.329999923706
,,,,,3931.335000038147
,,,,,3931.339999914169
,,,,,3931.34500002861
,,,,,3931.349999904633
,,,,,3931.355000019074
,,,,,3931.359999895096
,,,,,3931.3650000095367
,,,,,3931.369999885559
,,,,,3931.375
,,,,,3931.380000114441
,,,,,3931.3849999904633
,,,,,3931.390000104904
,,,,,3931.3949999809265
,,,,,3931.4000000953683
,,,,,3931.4049999713898
,,,,,3931.4100000858307
,,,,,3931.414999961853
,,,,,3931.420000076294
,,,,,3931.4249999523163
,,,,,3931.4300000667567
,,,,,3931.4349999427795
,,,,,3931.440000057221
,,,,,3931.444999933243
,,,,,3931.4500000476837
,,,,,3931.454999923706
,,,,,3931.460000038147
,,,,,3931.464999914169
,,,,,3931.47000002861
,,,,,3931.474999904633
,,,,,3931.480000019074
,,,,,3931.484999895096
,,,,,3931.4900000095367
,,,,,3931.494999885559
,,,,,3931.5
,,,,,3931.505000114441
,,,,,3931.5099999904633
,,,,,3931.515000104904
,,,,,3931.5199999809265
,,,,,3931.5250000953683
,,,,,3931.5299999713898
,,,,,3931.5350000858307
,,,,,3931.539999961853
,,,,,3931.545000076294
,,,,,3931.5499999523163
,,,,,3931.5550000667567
,,,,,3931.5599999427795
,,,,,3931.565000057221
,,,,,3931.569999933243
,,,,,3931.5750000476837
,,,,,3931.579999923706
,,,,,3931.585000038147
,,,,,3931.589999914169
,,,,,3931.59500002861
,,,,,3931.599999904633
,,,,,3931.605000019074
,,,,,3931.609999895096
,,,,,3931.6150000095367
,,,,,3931.619999885559
,,,,,3931.625
,,,,,3931.630000114441
,,,,,3931.6349999904633
,,,,,3931.640000104904
,,,,,3931.6449999809265
,,,,,3931.6500000953683
,,,,,3931.6549999713898
,,,,,3931.6600000858307
,,,,,3931.664999961853
,,,,,3931.670000076294
,,,,,3931.6749999523163
,,,,,3931.6800000667567
,,,,,3931.6849999427795
,,,,,3931.690000057221
,,,,,3931.694999933243
,,,,,3931.7000000476837
,,,,,3931.704999923706
,,,,,3931.710000038147
,,,,,3931.714999914169
,,,,,3931.72000002861
,,,,,3931.724999904633
,,,,,3931.730000019074
,,,,,3931.734999895096
,,,,,3931.7400000095367
,,,,,3931.744999885559
,,,,,3931.75
,,,,,3931.755000114441
,,,,,3931.7599999904633
,,,,,3931.765000104904
,,,,,3931.7699999809265
,,,,,3931.7750000953683
,,,,,3931.7799999713898
,,,,,3931.7850000858307
,,,,,3931.789999961853
,,,,,3931.795000076294
,,,,,3931.7999999523163
,,,,,3931.8050000667567
,,,,,3931.8099999427795
,,,,,3931.815000057221
,,,,,3931.819999933243
,,,,,3931.8250000476837
,,,,,3931.829999923706
,,,,,3931.835000038147
,,,,,3931.839999914169
,,,,,3931.84500002861
,,,,,3931.849999904633
,,,,,3931.855000019074
,,,,,3931.859999895096
,,,,,3931.8650000095367
,,,,,3931.869999885559
,,,,,3931.875
,,,,,3931.880000114441
,,,,,3931.8849999904633
,,,,,3931.890000104904
,,,,,3931.8949999809265
,,,,,3931.9000000953683
,,,,,3931.9049999713898
,,,,,3931.9100000858307
,,,,,3931.914999961853
,,,,,3931.920000076294
,,,,,3931.9249999523163
,,,,,3931.9300000667567
,,,,,3931.9349999427795
,,,,,3931.940000057221
,,,,,3931.944999933243
,,,,,3931.9500000476837
,,,,,3931.954999923706
,,,,,3931.960000038147
,,,,,3931.964999914169
,,,,,3931.97000002861
,,,,,3931.974999904633
,,,,,3931.980000019074
,,,,,3931.984999895096
,,,,,3931.9900000095367
,,,,,3931.994999885559
,,,,,3932.0
,,,,,3932.005000114441
,,,,,3932.0099999904633
,,,,,3932.015000104904
,,,,,3932.0199999809265
,,,,,3932.0250000953683
,,,,,3932.0299999713898
,,,,,3932.0350000858307
,,,,,3932.039999961853
,,,,,3932.045000076294
,,,,,3932.0499999523163
,,,,,3932.0550000667567
,,,,,3932.0599999427795
,,,,,3932.065000057221
,,,,,3932.069999933243
,,,,,3932.0750000476837
,,,,,3932.079999923706
,,,,,3932.085000038147
,,,,,3932.089999914169
,,,,,3932.09500002861
,,,,,3932.099999904633
,,,,,3932.105000019074
,,,,,3932.109999895096
,,,,,3932.1150000095367
,,,,,3932.119999885559
,,,,,3932.125
,,,,,3932.130000114441
,,,,,3932.1349999904633
,,,,,3932.140000104904
,,,,,3932.1449999809265
,,,,,3932.1500000953683
,,,,,3932.1549999713898
,,,,,3932.1600000858307
,,,,,3932.164999961853
,,,,,3932.170000076294
,,,,,3932.1749999523163
,,,,,3932.1800000667567
,,,,,3932.1849999427795
,,,,,3932.190000057221
,,,,,3932.194999933243
,,,,,3932.2000000476837
,,,,,3932.204999923706
,,,,,3932.210000038147
,,,,,3932.214999914169
,,,,,3932.22000002861
,,,,,3932.224999904633
,,,,,3932.230000019074
,,,,,3932.234999895096
,,,,,3932.2400000095367
,,,,,3932.244999885559
,,,,,3932.25
,,,,,3932.255000114441
,,,,,3932.2599999904633
,,,,,3932.265000104904
,,,,,3932.2699999809265
,,,,,3932.2750000953683
,,,,,3932.2799999713898
,,,,,3932.2850000858307
,,,,,3932.289999961853
,,,,,3932.295000076294
,,,,,3932.2999999523163
,,,,,3932.3050000667567
,,,,,3932.3099999427795
,,,,,3932.315000057221
,,,,,3932.319999933243
,,,,,3932.3250000476837
,,,,,3932.329999923706
,,,,,3932.335000038147
,,,,,3932.339999914169
,,,,,3932.34500002861
,,,,,3932.349999904633
,,,,,3932.355000019074
,,,,,3932.359999895096
,,,,,3932.3650000095367
,,,,,3932.369999885559
,,,,,3932.375
,,,,,3932.380000114441
,,,,,3932.3849999904633
,,,,,3932.390000104904
,,,,,3932.3949999809265
,,,,,3932.4000000953683
,,,,,3932.4049999713898
,,,,,3932.4100000858307
,,,,,3932.414999961853
,,,,,3932.420000076294
,,,,,3932.4249999523163
,,,,,3932.4300000667567
,,,,,3932.4349999427795
,,,,,3932.440000057221
,,,,,3932.444999933243
,,,,,3932.4500000476837
,,,,,3932.454999923706
,,,,,3932.460000038147
,,,,,3932.464999914169
,,,,,3932.47000002861
,,,,,3932.474999904633
,,,,,3932.480000019074
,,,,,3932.484999895096
,,,,,3932.4900000095367
,,,,,3932.494999885559
,,,,,3932.5
,,,,,3932.505000114441
,,,,,3932.5099999904633
,,,,,3932.515000104904
,,,,,3932.5199999809265
,,,,,3932.5250000953683
,,,,,3932.5299999713898
,,,,,3932.5350000858307
,,,,,3932.539999961853
,,,,,3932.545000076294
,,,,,3932.5499999523163
,,,,,3932.5550000667567
,,,,,3932.5599999427795
,,,,,3932.565000057221
,,,,,3932.569999933243
,,,,,3932.5750000476837
,,,,,3932.579999923706
,,,,,3932.585000038147
,,,,,3932.589999914169
,,,,,3932.59500002861
,,,,,3932.599999904633
,,,,,3932.605000019074
,,,,,3932.609999895096
,,,,,3932.6150000095367
,,,,,3932.619999885559
,,,,,3932.625
,,,,,3932.630000114441
,,,,,3932.6349999904633
,,,,,3932.640000104904
,,,,,3932.6449999809265
,,,,,3932.6500000953683
,,,,,3932.6549999713898
,,,,,3932.6600000858307
,,,,,3932.664999961853
,,,,,3932.670000076294
,,,,,3932.6749999523163
,,,,,3932.6800000667567
,,,,,3932.6849999427795
,,,,,3932.690000057221
,,,,,3932.694999933243
,,,,,3932.7000000476837
,,,,,3932.704999923706
,,,,,3932.710000038147
,,,,,3932.714999914169
,,,,,3932.72000002861
,,,,,3932.724999904633
,,,,,3932.730000019074
,,,,,3932.734999895096
,,,,,3932.7400000095367
,,,,,3932.744999885559
,,,,,3932.75
,,,,,3932.755000114441
,,,,,3932.7599999904633
,,,,,3932.765000104904
,,,,,3932.7699999809265
,,,,,3932.7750000953683
,,,,,3932.7799999713898
,,,,,3932.7850000858307
,,,,,3932.789999961853
,,,,,3932.795000076294
,,,,,3932.7999999523163
,,,,,3932.8050000667567
,,,,,3932.8099999427795
,,,,,3932.815000057221
,,,,,3932.819999933243
,,,,,3932.8250000476837
,,,,,3932.829999923706
,,,,,3932.835000038147
,,,,,3932.839999914169
,,,,,3932.84500002861
,,,,,3932.849999904633
,,,,,3932.855000019074
,,,,,3932.859999895096
,,,,,3932.8650000095367
,,,,,3932.869999885559
,,,,,3932.875
,,,,,3932.880000114441
,,,,,3932.8849999904633
,,,,,3932.890000104904
,,,,,3932.8949999809265
,,,,,3932.9000000953683
,,,,,3932.9049999713898
,,,,,3932.9100000858307
,,,,,3932.914999961853
,,,,,3932.920000076294
,,,,,3932.9249999523163
,,,,,3932.9300000667567
,,,,,3932.9349999427795
,,,,,3932.940000057221
,,,,,3932.944999933243
,,,,,3932.9500000476837
,,,,,3932.954999923706
,,,,,3932.960000038147
,,,,,3932.964999914169
,,,,,3932.97000002861
,,,,,3932.974999904633
,,,,,3932.980000019074
,,,,,3932.984999895096
,,,,,3932.9900000095367
,,,,,3932.994999885559
,,,,,3933.0
,,,,,3933.005000114441
,,,,,3933.0099999904633
,,,,,3933.015000104904
,,,,,3933.0199999809265
,,,,,3933.0250000953683
,,,,,3933.0299999713898
,,,,,3933.0350000858307
,,,,,3933.039999961853
,,,,,3933.045000076294
,,,,,3933.0499999523163
,,,,,3933.0550000667567
,,,,,3933.0599999427795
,,,,,3933.065000057221
,,,,,3933.069999933243
,,,,,3933.0750000476837
,,,,,3933.079999923706
,,,,,3933.085000038147
,,,,,3933.089999914169
,,,,,3933.09500002861
,,,,,3933.099999904633
,,,,,3933.105000019074
,,,,,3933.109999895096
,,,,,3933.1150000095367
,,,,,3933.119999885559
,,,,,3933.125
,,,,,3933.130000114441
,,,,,3933.1349999904633
,,,,,3933.140000104904
,,,,,3933.1449999809265
,,,,,3933.1500000953683
,,,,,3933.1549999713898
,,,,,3933.1600000858307
,,,,,3933.164999961853
,,,,,3933.170000076294
,,,,,3933.1749999523163
,,,,,3933.1800000667567
,,,,,3933.1849999427795
,,,,,3933.190000057221
,,,,,3933.194999933243
,,,,,3933.2000000476837
,,,,,3933.204999923706
,,,,,3933.210000038147
,,,,,3933.214999914169
,,,,,3933.22000002861
,,,,,3933.224999904633
,,,,,3933.230000019074
,,,,,3933.234999895096
,,,,,3933.2400000095367
,,,,,3933.244999885559
,,,,,3933.25
,,,,,3933.255000114441
,,,,,3933.2599999904633
,,,,,3933.265000104904
,,,,,3933.2699999809265
,,,,,3933.2750000953683
,,,,,3933.2799999713898
,,,,,3933.2850000858307
,,,,,3933.289999961853
,,,,,3933.295000076294
,,,,,3933.2999999523163
,,,,,3933.3050000667567
,,,,,3933.3099999427795
,,,,,3933.315000057221
,,,,,3933.319999933243
,,,,,3933.3250000476837
,,,,,3933.329999923706
,,,,,3933.335000038147
,,,,,3933.339999914169
,,,,,3933.34500002861
,,,,,3933.349999904633
,,,,,3933.355000019074
,,,,,3933.359999895096
,,,,,3933.3650000095367
,,,,,3933.369999885559
,,,,,3933.375
,,,,,3933.380000114441
,,,,,3933.3849999904633
,,,,,3933.390000104904
,,,,,3933.3949999809265
,,,,,3933.4000000953683
,,,,,3933.4049999713898
,,,,,3933.4100000858307
,,,,,3933.414999961853
,,,,,3933.420000076294
,,,,,3933.4249999523163
,,,,,3933.4300000667567
,,,,,3933.4349999427795
,,,,,3933.440000057221
,,,,,3933.444999933243
,,,,,3933.4500000476837
,,,,,3933.454999923706
,,,,,3933.460000038147
,,,,,3933.464999914169
,,,,,3933.47000002861
,,,,,3933.474999904633
,,,,,3933.480000019074
,,,,,3933.484999895096
,,,,,3933.4900000095367
,,,,,3933.494999885559
,,,,,3933.5
,,,,,3933.505000114441
,,,,,3933.5099999904633
,,,,,3933.515000104904
,,,,,3933.5199999809265
,,,,,3933.5250000953683
,,,,,3933.5299999713898
,,,,,3933.5350000858307
,,,,,3933.539999961853
,,,,,3933.545000076294
,,,,,3933.5499999523163
,,,,,3933.5550000667567
,,,,,3933.5599999427795
,,,,,3933.565000057221
,,,,,3933.569999933243
,,,,,3933.5750000476837
,,,,,3933.579999923706
,,,,,3933.585000038147
,,,,,3933.589999914169
,,,,,3933.59500002861
,,,,,3933.599999904633
,,,,,3933.605000019074
,,,,,3933.609999895096
,,,,,3933.6150000095367
,,,,,3933.619999885559
,,,,,3933.625
,,,,,3933.630000114441
,,,,,3933.6349999904633
,,,,,3933.640000104904
,,,,,3933.6449999809265
,,,,,3933.6500000953683
,,,,,3933.6549999713898
,,,,,3933.6600000858307
,,,,,3933.664999961853
,,,,,3933.670000076294
,,,,,3933.6749999523163
,,,,,3933.6800000667567
,,,,,3933.6849999427795
,,,,,3933.690000057221
,,,,,3933.694999933243
,,,,,3933.7000000476837
,,,,,3933.704999923706
,,,,,3933.710000038147
,,,,,3933.714999914169
,,,,,3933.72000002861
,,,,,3933.724999904633
,,,,,3933.730000019074
,,,,,3933.734999895096
,,,,,3933.7400000095367
,,,,,3933.744999885559
,,,,,3933.75
,,,,,3933.755000114441
,,,,,3933.7599999904633
,,,,,3933.765000104904
,,,,,3933.7699999809265
,,,,,3933.7750000953683
,,,,,3933.7799999713898
,,,,,3933.7850000858307
,,,,,3933.789999961853
,,,,,3933.795000076294
,,,,,3933.7999999523163
,,,,,3933.8050000667567
,,,,,3933.8099999427795
,,,,,3933.815000057221
,,,,,3933.819999933243
,,,,,3933.8250000476837
,,,,,3933.829999923706
,,,,,3933.835000038147
,,,,,3933.839999914169
,,,,,3933.84500002861
,,,,,3933.849999904633
,,,,,3933.855000019074
,,,,,3933.859999895096
,,,,,3933.8650000095367
,,,,,3933.869999885559
,,,,,3933.875
,,,,,3933.880000114441
,,,,,3933.8849999904633
,,,,,3933.890000104904
,,,,,3933.8949999809265
,,,,,3933.9000000953683
,,,,,3933.9049999713898
,,,,,3933.9100000858307
,,,,,3933.914999961853
,,,,,3933.920000076294
,,,,,3933.9249999523163
,,,,,3933.9300000667567
,,,,,3933.9349999427795
,,,,,3933.940000057221
,,,,,3933.944999933243
,,,,,3933.9500000476837
,,,,,3933.954999923706
,,,,,3933.960000038147
,,,,,3933.964999914169
,,,,,3933.97000002861
,,,,,3933.974999904633
,,,,,3933.980000019074
,,,,,3933.984999895096
,,,,,3933.9900000095367
,,,,,3933.994999885559
,,,,,3934.0
,,,,,3934.005000114441
,,,,,3934.0099999904633
,,,,,3934.015000104904
,,,,,3934.0199999809265
,,,,,3934.0250000953683
,,,,,3934.0299999713898
,,,,,3934.0350000858307
,,,,,3934.039999961853
,,,,,3934.045000076294
,,,,,3934.0499999523163
,,,,,3934.0550000667567
,,,,,3934.0599999427795
,,,,,3934.065000057221
,,,,,3934.069999933243
,,,,,3934.0750000476837
,,,,,3934.079999923706
,,,,,3934.085000038147
,,,,,3934.089999914169
,,,,,3934.09500002861
,,,,,3934.099999904633
,,,,,3934.105000019074
,,,,,3934.109999895096
,,,,,3934.1150000095367
,,,,,3934.119999885559
,,,,,3934.125
,,,,,3934.130000114441
,,,,,3934.1349999904633
,,,,,3934.140000104904
,,,,,3934.1449999809265
,,,,,3934.1500000953683
,,,,,3934.1549999713898
,,,,,3934.1600000858307
,,,,,3934.164999961853
,,,,,3934.170000076294
,,,,,3934.1749999523163
,,,,,3934.1800000667567
,,,,,3934.1849999427795
,,,,,3934.190000057221
,,,,,3934.194999933243
,,,,,3934.2000000476837
,,,,,3934.204999923706
,,,,,3934.210000038147
,,,,,3934.214999914169
,,,,,3934.22000002861
,,,,,3934.224999904633
,,,,,3934.230000019074
,,,,,3934.234999895096
,,,,,3934.2400000095367
,,,,,3934.244999885559
,,,,,3934.25
,,,,,3934.255000114441
,,,,,3934.2599999904633
,,,,,3934.265000104904
,,,,,3934.2699999809265
,,,,,3934.2750000953683
,,,,,3934.2799999713898
,,,,,3934.2850000858307
,,,,,3934.289999961853
,,,,,3934.295000076294
,,,,,3934.2999999523163
,,,,,3934.3050000667567
,,,,,3934.3099999427795
,,,,,3934.315000057221
,,,,,3934.319999933243
,,,,,3934.3250000476837
,,,,,3934.329999923706
,,,,,3934.335000038147
,,,,,3934.339999914169
,,,,,3934.34500002861
,,,,,3934.349999904633
,,,,,3934.355000019074
,,,,,3934.359999895096
,,,,,3934.3650000095367
,,,,,3934.369999885559
,,,,,3934.375
,,,,,3934.380000114441
,,,,,3934.3849999904633
,,,,,3934.390000104904
,,,,,3934.3949999809265
,,,,,3934.4000000953683
,,,,,3934.4049999713898
,,,,,3934.4100000858307
,,,,,3934.414999961853
,,,,,3934.420000076294
,,,,,3934.4249999523163
,,,,,3934.4300000667567
,,,,,3934.4349999427795
,,,,,3934.440000057221
,,,,,3934.444999933243
,,,,,3934.4500000476837
,,,,,3934.454999923706
,,,,,3934.460000038147
,,,,,3934.464999914169
,,,,,3934.47000002861
,,,,,3934.474999904633
,,,,,3934.480000019074
,,,,,3934.484999895096
,,,,,3934.4900000095367
,,,,,3934.494999885559
,,,,,3934.5
,,,,,3934.505000114441
,,,,,3934.5099999904633
,,,,,3934.515000104904
,,,,,3934.5199999809265
,,,,,3934.5250000953683
,,,,,3934.5299999713898
,,,,,3934.5350000858307
,,,,,3934.539999961853
,,,,,3934.545000076294
,,,,,3934.5499999523163
,,,,,3934.5550000667567
,,,,,3934.5599999427795
,,,,,3934.565000057221
,,,,,3934.569999933243
,,,,,3934.5750000476837
,,,,,3934.579999923706
,,,,,3934.585000038147
,,,,,3934.589999914169
,,,,,3934.59500002861
,,,,,3934.599999904633
,,,,,3934.605000019074
,,,,,3934.609999895096
,,,,,3934.6150000095367
,,,,,3934.619999885559
,,,,,3934.625
,,,,,3934.630000114441
,,,,,3934.6349999904633
,,,,,3934.640000104904
,,,,,3934.6449999809265
,,,,,3934.6500000953683
,,,,,3934.6549999713898
,,,,,3934.6600000858307
,,,,,3934.664999961853
,,,,,3934.670000076294
,,,,,3934.6749999523163
,,,,,3934.6800000667567
,,,,,3934.6849999427795
,,,,,3934.690000057221
,,,,,3934.694999933243
,,,,,3934.7000000476837
,,,,,3934.704999923706
,,,,,3934.710000038147
,,,,,3934.714999914169
,,,,,3934.72000002861
,,,,,3934.724999904633
,,,,,3934.730000019074
,,,,,3934.734999895096
,,,,,3934.7400000095367
,,,,,3934.744999885559
,,,,,3934.75
,,,,,3934.755000114441
,,,,,3934.7599999904633
,,,,,3934.765000104904
,,,,,3934.7699999809265
,,,,,3934.7750000953683
,,,,,3934.7799999713898
,,,,,3934.7850000858307
,,,,,3934.789999961853
,,,,,3934.795000076294
,,,,,3934.7999999523163
,,,,,3934.8050000667567
,,,,,3934.8099999427795
,,,,,3934.815000057221
,,,,,3934.819999933243
,,,,,3934.8250000476837
,,,,,3934.829999923706
,,,,,3934.835000038147
,,,,,3934.839999914169
,,,,,3934.84500002861
,,,,,3934.849999904633
,,,,,3934.855000019074
,,,,,3934.859999895096
,,,,,3934.8650000095367
,,,,,3934.869999885559
,,,,,3934.875
,,,,,3934.880000114441
,,,,,3934.8849999904633
,,,,,3934.890000104904
,,,,,3934.8949999809265
,,,,,3934.9000000953683
,,,,,3934.9049999713898
,,,,,3934.9100000858307
,,,,,3934.914999961853
,,,,,3934.920000076294
,,,,,3934.9249999523163
,,,,,3934.9300000667567
,,,,,3934.9349999427795
,,,,,3934.940000057221
,,,,,3934.944999933243
,,,,,3934.9500000476837
,,,,,3934.954999923706
,,,,,3934.960000038147
,,,,,3934.964999914169
,,,,,3934.97000002861
,,,,,3934.974999904633
,,,,,3934.980000019074
,,,,,3934.984999895096
,,,,,3934.9900000095367
,,,,,3934.994999885559
,,,,,3935.0
,,,,,3935.005000114441
,,,,,3935.0099999904633
,,,,,3935.015000104904
,,,,,3935.0199999809265
,,,,,3935.0250000953683
,,,,,3935.0299999713898
,,,,,3935.0350000858307
,,,,,3935.039999961853
,,,,,3935.045000076294
,,,,,3935.0499999523163
,,,,,3935.0550000667567
,,,,,3935.0599999427795
,,,,,3935.065000057221
,,,,,3935.069999933243
,,,,,3935.0750000476837
,,,,,3935.079999923706
,,,,,3935.085000038147
,,,,,3935.089999914169
,,,,,3935.09500002861
,,,,,3935.099999904633
,,,,,3935.105000019074
,,,,,3935.109999895096
,,,,,3935.1150000095367
,,,,,3935.119999885559
,,,,,3935.125
,,,,,3935.130000114441
,,,,,3935.1349999904633
,,,,,3935.140000104904
,,,,,3935.1449999809265
,,,,,3935.1500000953683
,,,,,3935.1549999713898
,,,,,3935.1600000858307
,,,,,3935.164999961853
,,,,,3935.170000076294
,,,,,3935.1749999523163
,,,,,3935.1800000667567
,,,,,3935.1849999427795
,,,,,3935.190000057221
,,,,,3935.194999933243
,,,,,3935.2000000476837
,,,,,3935.204999923706
,,,,,3935.210000038147
,,,,,3935.214999914169
,,,,,3935.22000002861
,,,,,3935.224999904633
,,,,,3935.230000019074
,,,,,3935.234999895096
,,,,,3935.2400000095367
,,,,,3935.244999885559
,,,,,3935.25
,,,,,3935.255000114441
,,,,,3935.2599999904633
,,,,,3935.265000104904
,,,,,3935.2699999809265
,,,,,3935.2750000953683
,,,,,3935.2799999713898
,,,,,3935.2850000858307
,,,,,3935.289999961853
,,,,,3935.295000076294
,,,,,3935.2999999523163
,,,,,3935.3050000667567
,,,,,3935.3099999427795
,,,,,3935.315000057221
,,,,,3935.319999933243
,,,,,3935.3250000476837
,,,,,3935.329999923706
,,,,,3935.335000038147
,,,,,3935.339999914169
,,,,,3935.34500002861
,,,,,3935.349999904633
,,,,,3935.355000019074
,,,,,3935.359999895096
,,,,,3935.3650000095367
,,,,,3935.369999885559
,,,,,3935.375
,,,,,3935.380000114441
,,,,,3935.3849999904633
,,,,,3935.390000104904
,,,,,3935.3949999809265
,,,,,3935.4000000953683
,,,,,3935.4049999713898
,,,,,3935.4100000858307
,,,,,3935.414999961853
,,,,,3935.420000076294
,,,,,3935.4249999523163
,,,,,3935.4300000667567
,,,,,3935.4349999427795
,,,,,3935.440000057221
,,,,,3935.444999933243
,,,,,3935.4500000476837
,,,,,3935.454999923706
,,,,,3935.460000038147
,,,,,3935.464999914169
,,,,,3935.47000002861
,,,,,3935.474999904633
,,,,,3935.480000019074
,,,,,3935.484999895096
,,,,,3935.4900000095367
,,,,,3935.494999885559
,,,,,3935.5
,,,,,3935.505000114441
,,,,,3935.5099999904633
,,,,,3935.515000104904
,,,,,3935.5199999809265
,,,,,3935.5250000953683
,,,,,3935.5299999713898
,,,,,3935.5350000858307
,,,,,3935.539999961853
,,,,,3935.545000076294
,,,,,3935.5499999523163
,,,,,3935.5550000667567
,,,,,3935.5599999427795
,,,,,3935.565000057221
,,,,,3935.569999933243
,,,,,3935.5750000476837
,,,,,3935.579999923706
,,,,,3935.585000038147
,,,,,3935.589999914169
,,,,,3935.59500002861
,,,,,3935.599999904633
,,,,,3935.605000019074
,,,,,3935.609999895096
,,,,,3935.6150000095367
,,,,,3935.619999885559
,,,,,3935.625
,,,,,3935.630000114441
,,,,,3935.6349999904633
,,,,,3935.640000104904
,,,,,3935.6449999809265
,,,,,3935.6500000953683
,,,,,3935.6549999713898
,,,,,3935.6600000858307
,,,,,3935.664999961853
,,,,,3935.670000076294
,,,,,3935.6749999523163
,,,,,3935.6800000667567
,,,,,3935.6849999427795
,,,,,3935.690000057221
,,,,,3935.694999933243
,,,,,3935.7000000476837
,,,,,3935.704999923706
,,,,,3935.710000038147
,,,,,3935.714999914169
,,,,,3935.72000002861
,,,,,3935.724999904633
,,,,,3935.730000019074
,,,,,3935.734999895096
,,,,,3935.7400000095367
,,,,,3935.744999885559
,,,,,3935.75
,,,,,3935.755000114441
,,,,,3935.7599999904633
,,,,,3935.765000104904
,,,,,3935.7699999809265
,,,,,3935.7750000953683
,,,,,3935.7799999713898
,,,,,3935.7850000858307
,,,,,3935.789999961853
,,,,,3935.795000076294
,,,,,3935.7999999523163
,,,,,3935.8050000667567
,,,,,3935.8099999427795
,,,,,3935.815000057221
,,,,,3935.819999933243
,,,,,3935.8250000476837
,,,,,3935.829999923706
,,,,,3935.835000038147
,,,,,3935.839999914169
,,,,,3935.84500002861
,,,,,3935.849999904633
,,,,,3935.855000019074
,,,,,3935.859999895096
,,,,,3935.8650000095367
,,,,,3935.869999885559
,,,,,3935.875
,,,,,3935.880000114441
,,,,,3935.8849999904633
,,,,,3935.890000104904
,,,,,3935.8949999809265
,,,,,3935.9000000953683
,,,,,3935.9049999713898
,,,,,3935.9100000858307
,,,,,3935.914999961853
,,,,,3935.920000076294
,,,,,3935.9249999523163
,,,,,3935.9300000667567
,,,,,3935.9349999427795
,,,,,3935.940000057221
,,,,,3935.944999933243
,,,,,3935.9500000476837
,,,,,3935.954999923706
,,,,,3935.960000038147
,,,,,3935.964999914169
,,,,,3935.97000002861
,,,,,3935.974999904633
,,,,,3935.980000019074
,,,,,3935.984999895096
,,,,,3935.9900000095367
,,,,,3935.994999885559
,,,,,3936.0
,,,,,3936.005000114441
,,,,,3936.0099999904633
,,,,,3936.015000104904
,,,,,3936.0199999809265
,,,,,3936.0250000953683
,,,,,3936.0299999713898
,,,,,3936.0350000858307
,,,,,3936.039999961853
,,,,,3936.045000076294
,,,,,3936.0499999523163
,,,,,3936.0550000667567
,,,,,3936.0599999427795
,,,,,3936.065000057221
,,,,,3936.069999933243
,,,,,3936.0750000476837
,,,,,3936.079999923706
,,,,,3936.085000038147
,,,,,3936.089999914169
,,,,,3936.09500002861
,,,,,3936.099999904633
,,,,,3936.105000019074
,,,,,3936.109999895096
,,,,,3936.1150000095367
,,,,,3936.119999885559
,,,,,3936.125
,,,,,3936.130000114441
,,,,,3936.1349999904633
,,,,,3936.140000104904
,,,,,3936.1449999809265
,,,,,3936.1500000953683
,,,,,3936.1549999713898
,,,,,3936.1600000858307
,,,,,3936.164999961853
,,,,,3936.170000076294
,,,,,3936.1749999523163
,,,,,3936.1800000667567
,,,,,3936.1849999427795
,,,,,3936.190000057221
,,,,,3936.194999933243
,,,,,3936.2000000476837
,,,,,3936.204999923706
,,,,,3936.210000038147
,,,,,3936.214999914169
,,,,,3936.22000002861
,,,,,3936.224999904633
,,,,,3936.230000019074
,,,,,3936.234999895096
,,,,,3936.2400000095367
,,,,,3936.244999885559
,,,,,3936.25
,,,,,3936.255000114441
,,,,,3936.2599999904633
,,,,,3936.265000104904
,,,,,3936.2699999809265
,,,,,3936.2750000953683
,,,,,3936.2799999713898
,,,,,3936.2850000858307
,,,,,3936.289999961853
,,,,,3936.295000076294
,,,,,3936.2999999523163
,,,,,3936.3050000667567
,,,,,3936.3099999427795
,,,,,3936.315000057221
,,,,,3936.319999933243
,,,,,3936.3250000476837
,,,,,3936.329999923706
,,,,,3936.335000038147
,,,,,3936.339999914169
,,,,,3936.34500002861
,,,,,3936.349999904633
,,,,,3936.355000019074
,,,,,3936.359999895096
,,,,,3936.3650000095367
,,,,,3936.369999885559
,,,,,3936.375
,,,,,3936.380000114441
,,,,,3936.3849999904633
,,,,,3936.390000104904
,,,,,3936.3949999809265
,,,,,3936.4000000953683
,,,,,3936.4049999713898
,,,,,3936.4100000858307
,,,,,3936.414999961853
,,,,,3936.420000076294
,,,,,3936.4249999523163
,,,,,3936.4300000667567
,,,,,3936.4349999427795
,,,,,3936.440000057221
,,,,,3936.444999933243
,,,,,3936.4500000476837
,,,,,3936.454999923706
,,,,,3936.460000038147
,,,,,3936.464999914169
,,,,,3936.47000002861
,,,,,3936.474999904633
,,,,,3936.480000019074
,,,,,3936.484999895096
,,,,,3936.4900000095367
,,,,,3936.494999885559
,,,,,3936.5
,,,,,3936.505000114441
,,,,,3936.5099999904633
,,,,,3936.515000104904
,,,,,3936.5199999809265
,,,,,3936.5250000953683
,,,,,3936.5299999713898
,,,,,3936.5350000858307
,,,,,3936.539999961853
,,,,,3936.545000076294
,,,,,3936.5499999523163
,,,,,3936.5550000667567
,,,,,3936.5599999427795
,,,,,3936.565000057221
,,,,,3936.569999933243
,,,,,3936.5750000476837
,,,,,3936.579999923706
,,,,,3936.585000038147
,,,,,3936.589999914169
,,,,,3936.59500002861
,,,,,3936.599999904633
,,,,,3936.605000019074
,,,,,3936.609999895096
,,,,,3936.6150000095367
,,,,,3936.619999885559
,,,,,3936.625
,,,,,3936.630000114441
,,,,,3936.6349999904633
,,,,,3936.640000104904
,,,,,3936.6449999809265
,,,,,3936.6500000953683
,,,,,3936.6549999713898
,,,,,3936.6600000858307
,,,,,3936.664999961853
,,,,,3936.670000076294
,,,,,3936.6749999523163
,,,,,3936.6800000667567
,,,,,3936.6849999427795
,,,,,3936.690000057221
,,,,,3936.694999933243
,,,,,3936.7000000476837
,,,,,3936.704999923706
,,,,,3936.710000038147
,,,,,3936.714999914169
,,,,,3936.72000002861
,,,,,3936.724999904633
,,,,,3936.730000019074
,,,,,3936.734999895096
,,,,,3936.7400000095367
,,,,,3936.744999885559
,,,,,3936.75
,,,,,3936.755000114441
,,,,,3936.7599999904633
,,,,,3936.765000104904
,,,,,3936.7699999809265
,,,,,3936.7750000953683
,,,,,3936.7799999713898
,,,,,3936.7850000858307
,,,,,3936.789999961853
,,,,,3936.795000076294
,,,,,3936.7999999523163
,,,,,3936.8050000667567
,,,,,3936.8099999427795
,,,,,3936.815000057221
,,,,,3936.819999933243
,,,,,3936.8250000476837
,,,,,3936.829999923706
,,,,,3936.835000038147
,,,,,3936.839999914169
,,,,,3936.84500002861
,,,,,3936.849999904633
,,,,,3936.855000019074
,,,,,3936.859999895096
,,,,,3936.8650000095367
,,,,,3936.869999885559
,,,,,3936.875
,,,,,3936.880000114441
,,,,,3936.8849999904633
,,,,,3936.890000104904
,,,,,3936.8949999809265
,,,,,3936.9000000953683
,,,,,3936.9049999713898
,,,,,3936.9100000858307
,,,,,3936.914999961853
,,,,,3936.920000076294
,,,,,3936.9249999523163
,,,,,3936.9300000667567
,,,,,3936.9349999427795
,,,,,3936.940000057221
,,,,,3936.944999933243
,,,,,3936.9500000476837
,,,,,3936.954999923706
,,,,,3936.960000038147
,,,,,3936.964999914169
,,,,,3936.97000002861
,,,,,3936.974999904633
,,,,,3936.980000019074
,,,,,3936.984999895096
,,,,,3936.9900000095367
,,,,,3936.994999885559
,,,,,3937.0
,,,,,3937.005000114441
,,,,,3937.0099999904633
,,,,,3937.015000104904
,,,,,3937.0199999809265
,,,,,3937.0250000953683
,,,,,3937.0299999713898
,,,,,3937.0350000858307
,,,,,3937.039999961853
,,,,,3937.045000076294
,,,,,3937.0499999523163
,,,,,3937.0550000667567
,,,,,3937.0599999427795
,,,,,3937.065000057221
,,,,,3937.069999933243
,,,,,3937.0750000476837
,,,,,3937.079999923706
,,,,,3937.085000038147
,,,,,3937.089999914169
,,,,,3937.09500002861
,,,,,3937.099999904633
,,,,,3937.105000019074
,,,,,3937.109999895096
,,,,,3937.1150000095367
,,,,,3937.119999885559
,,,,,3937.125
,,,,,3937.130000114441
,,,,,3937.1349999904633
,,,,,3937.140000104904
,,,,,3937.1449999809265
,,,,,3937.1500000953683
,,,,,3937.1549999713898
,,,,,3937.1600000858307
,,,,,3937.164999961853
,,,,,3937.170000076294
,,,,,3937.1749999523163
,,,,,3937.1800000667567
,,,,,3937.1849999427795
,,,,,3937.190000057221
,,,,,3937.194999933243
,,,,,3937.2000000476837
,,,,,3937.204999923706
,,,,,3937.210000038147
,,,,,3937.214999914169
,,,,,3937.22000002861
,,,,,3937.224999904633
,,,,,3937.230000019074
,,,,,3937.234999895096
,,,,,3937.2400000095367
,,,,,3937.244999885559
,,,,,3937.25
,,,,,3937.255000114441
,,,,,3937.2599999904633
,,,,,3937.265000104904
,,,,,3937.2699999809265
,,,,,3937.2750000953683
,,,,,3937.2799999713898
,,,,,3937.2850000858307
,,,,,3937.289999961853
,,,,,3937.295000076294
,,,,,3937.2999999523163
,,,,,3937.3050000667567
,,,,,3937.3099999427795
,,,,,3937.315000057221
,,,,,3937.319999933243
,,,,,3937.3250000476837
,,,,,3937.329999923706
,,,,,3937.335000038147
,,,,,3937.339999914169
,,,,,3937.34500002861
,,,,,3937.349999904633
,,,,,3937.355000019074
,,,,,3937.359999895096
,,,,,3937.3650000095367
,,,,,3937.369999885559
,,,,,3937.375
,,,,,3937.380000114441
,,,,,3937.3849999904633
,,,,,3937.390000104904
,,,,,3937.3949999809265
,,,,,3937.4000000953683
,,,,,3937.4049999713898
,,,,,3937.4100000858307
,,,,,3937.414999961853
,,,,,3937.420000076294
,,,,,3937.4249999523163
,,,,,3937.4300000667567
,,,,,3937.4349999427795
,,,,,3937.440000057221
,,,,,3937.444999933243
,,,,,3937.4500000476837
,,,,,3937.454999923706
,,,,,3937.460000038147
,,,,,3937.464999914169
,,,,,3937.47000002861
,,,,,3937.474999904633
,,,,,3937.480000019074
,,,,,3937.484999895096
,,,,,3937.4900000095367
,,,,,3937.494999885559
,,,,,3937.5
,,,,,3937.505000114441
,,,,,3937.5099999904633
,,,,,3937.515000104904
,,,,,3937.5199999809265
,,,,,3937.5250000953683
,,,,,3937.5299999713898
,,,,,3937.5350000858307
,,,,,3937.539999961853
,,,,,3937.545000076294
,,,,,3937.5499999523163
,,,,,3937.5550000667567
,,,,,3937.5599999427795
,,,,,3937.565000057221
,,,,,3937.569999933243
,,,,,3937.5750000476837
,,,,,3937.579999923706
,,,,,3937.585000038147
,,,,,3937.589999914169
,,,,,3937.59500002861
,,,,,3937.599999904633
,,,,,3937.605000019074
,,,,,3937.609999895096
,,,,,3937.6150000095367
,,,,,3937.619999885559
,,,,,3937.625
,,,,,3937.630000114441
,,,,,3937.6349999904633
,,,,,3937.640000104904
,,,,,3937.6449999809265
,,,,,3937.6500000953683
,,,,,3937.6549999713898
,,,,,3937.6600000858307
,,,,,3937.664999961853
,,,,,3937.670000076294
,,,,,3937.6749999523163
,,,,,3937.6800000667567
,,,,,3937.6849999427795
,,,,,3937.690000057221
,,,,,3937.694999933243
,,,,,3937.7000000476837
,,,,,3937.704999923706
,,,,,3937.710000038147
,,,,,3937.714999914169
,,,,,3937.72000002861
,,,,,3937.724999904633
,,,,,3937.730000019074
,,,,,3937.734999895096
,,,,,3937.7400000095367
,,,,,3937.744999885559
,,,,,3937.75
,,,,,3937.755000114441
,,,,,3937.7599999904633
,,,,,3937.765000104904
,,,,,3937.7699999809265
,,,,,3937.7750000953683
,,,,,3937.7799999713898
,,,,,3937.7850000858307
,,,,,3937.789999961853
,,,,,3937.795000076294
,,,,,3937.7999999523163
,,,,,3937.8050000667567
,,,,,3937.8099999427795
,,,,,3937.815000057221
,,,,,3937.819999933243
,,,,,3937.8250000476837
,,,,,3937.829999923706
,,,,,3937.835000038147
,,,,,3937.839999914169
,,,,,3937.84500002861
,,,,,3937.849999904633
,,,,,3937.855000019074
,,,,,3937.859999895096
,,,,,3937.8650000095367
,,,,,3937.869999885559
,,,,,3937.875
,,,,,3937.880000114441
,,,,,3937.8849999904633
,,,,,3937.890000104904
,,,,,3937.8949999809265
,,,,,3937.9000000953683
,,,,,3937.9049999713898
,,,,,3937.9100000858307
,,,,,3937.914999961853
,,,,,3937.920000076294
,,,,,3937.9249999523163
,,,,,3937.9300000667567
,,,,,3937.9349999427795
,,,,,3937.940000057221
,,,,,3937.944999933243
,,,,,3937.9500000476837
,,,,,3937.954999923706
,,,,,3937.960000038147
,,,,,3937.964999914169
,,,,,3937.97000002861
,,,,,3937.974999904633
,,,,,3937.980000019074
,,,,,3937.984999895096
,,,,,3937.9900000095367
,,,,,3937.994999885559
,,,,,3938.0
,,,,,3938.005000114441
,,,,,3938.0099999904633
,,,,,3938.015000104904
,,,,,3938.0199999809265
,,,,,3938.0250000953683
,,,,,3938.0299999713898
,,,,,3938.0350000858307
,,,,,3938.039999961853
,,,,,3938.045000076294
,,,,,3938.0499999523163
,,,,,3938.0550000667567
,,,,,3938.0599999427795
,,,,,3938.065000057221
,,,,,3938.069999933243
,,,,,3938.0750000476837
,,,,,3938.079999923706
,,,,,3938.085000038147
,,,,,3938.089999914169
,,,,,3938.09500002861
,,,,,3938.099999904633
,,,,,3938.105000019074
,,,,,3938.109999895096
,,,,,3938.1150000095367
,,,,,3938.119999885559
,,,,,3938.125
,,,,,3938.130000114441
,,,,,3938.1349999904633
,,,,,3938.140000104904
,,,,,3938.1449999809265
,,,,,3938.1500000953683
,,,,,3938.1549999713898
,,,,,3938.1600000858307
,,,,,3938.164999961853
,,,,,3938.170000076294
,,,,,3938.1749999523163
,,,,,3938.1800000667567
,,,,,3938.1849999427795
,,,,,3938.190000057221
,,,,,3938.194999933243
,,,,,3938.2000000476837
,,,,,3938.204999923706
,,,,,3938.210000038147
,,,,,3938.214999914169
,,,,,3938.22000002861
,,,,,3938.224999904633
,,,,,3938.230000019074
,,,,,3938.234999895096
,,,,,3938.2400000095367
,,,,,3938.244999885559
,,,,,3938.25
,,,,,3938.255000114441
,,,,,3938.2599999904633
,,,,,3938.265000104904
,,,,,3938.2699999809265
,,,,,3938.2750000953683
,,,,,3938.2799999713898
,,,,,3938.2850000858307
,,,,,3938.289999961853
,,,,,3938.295000076294
,,,,,3938.2999999523163
,,,,,3938.3050000667567
,,,,,3938.3099999427795
,,,,,3938.315000057221
,,,,,3938.319999933243
,,,,,3938.3250000476837
,,,,,3938.329999923706
,,,,,3938.335000038147
,,,,,3938.339999914169
,,,,,3938.34500002861
,,,,,3938.349999904633
,,,,,3938.355000019074
,,,,,3938.359999895096
,,,,,3938.3650000095367
,,,,,3938.369999885559
,,,,,3938.375
,,,,,3938.380000114441
,,,,,3938.3849999904633
,,,,,3938.390000104904
,,,,,3938.3949999809265
,,,,,3938.4000000953683
,,,,,3938.4049999713898
,,,,,3938.4100000858307
,,,,,3938.414999961853
,,,,,3938.420000076294
,,,,,3938.4249999523163
,,,,,3938.4300000667567
,,,,,3938.4349999427795
,,,,,3938.440000057221
,,,,,3938.444999933243
,,,,,3938.4500000476837
,,,,,3938.454999923706
,,,,,3938.460000038147
,,,,,3938.464999914169
,,,,,3938.47000002861
,,,,,3938.474999904633
,,,,,3938.480000019074
,,,,,3938.484999895096
,,,,,3938.4900000095367
,,,,,3938.494999885559
,,,,,3938.5
,,,,,3938.505000114441
,,,,,3938.5099999904633
,,,,,3938.515000104904
,,,,,3938.5199999809265
,,,,,3938.5250000953683
,,,,,3938.5299999713898
,,,,,3938.5350000858307
,,,,,3938.539999961853
,,,,,3938.545000076294
,,,,,3938.5499999523163
,,,,,3938.5550000667567
,,,,,3938.5599999427795
,,,,,3938.565000057221
,,,,,3938.569999933243
,,,,,3938.5750000476837
,,,,,3938.579999923706
,,,,,3938.585000038147
,,,,,3938.589999914169
,,,,,3938.59500002861
,,,,,3938.599999904633
,,,,,3938.605000019074
,,,,,3938.609999895096
,,,,,3938.6150000095367
,,,,,3938.619999885559
,,,,,3938.625
,,,,,3938.630000114441
,,,,,3938.6349999904633
,,,,,3938.640000104904
,,,,,3938.6449999809265
,,,,,3938.6500000953683
,,,,,3938.6549999713898
,,,,,3938.6600000858307
,,,,,3938.664999961853
,,,,,3938.670000076294
,,,,,3938.6749999523163
,,,,,3938.6800000667567
,,,,,3938.6849999427795
,,,,,3938.690000057221
,,,,,3938.694999933243
,,,,,3938.7000000476837
,,,,,3938.704999923706
,,,,,3938.710000038147
,,,,,3938.714999914169
,,,,,3938.72000002861
,,,,,3938.724999904633
,,,,,3938.730000019074
,,,,,3938.734999895096
,,,,,3938.7400000095367
,,,,,3938.744999885559
,,,,,3938.75
,,,,,3938.755000114441
,,,,,3938.7599999904633
,,,,,3938.765000104904
,,,,,3938.7699999809265
,,,,,3938.7750000953683
,,,,,3938.7799999713898
,,,,,3938.7850000858307
,,,,,3938.789999961853
,,,,,3938.795000076294
,,,,,3938.7999999523163
,,,,,3938.8050000667567
,,,,,3938.8099999427795
,,,,,3938.815000057221
,,,,,3938.819999933243
,,,,,3938.8250000476837
,,,,,3938.829999923706
,,,,,3938.835000038147
,,,,,3938.839999914169
,,,,,3938.84500002861
,,,,,3938.849999904633
,,,,,3938.855000019074
,,,,,3938.859999895096
,,,,,3938.8650000095367
,,,,,3938.869999885559
,,,,,3938.875
,,,,,3938.880000114441
,,,,,3938.8849999904633
,,,,,3938.890000104904
,,,,,3938.8949999809265
,,,,,3938.9000000953683
,,,,,3938.9049999713898
,,,,,3938.9100000858307
,,,,,3938.914999961853
,,,,,3938.920000076294
,,,,,3938.9249999523163
,,,,,3938.9300000667567
,,,,,3938.9349999427795
,,,,,3938.940000057221
,,,,,3938.944999933243
,,,,,3938.9500000476837
,,,,,3938.954999923706
,,,,,3938.960000038147
,,,,,3938.964999914169
,,,,,3938.97000002861
,,,,,3938.974999904633
,,,,,3938.980000019074
,,,,,3938.984999895096
,,,,,3938.9900000095367
,,,,,3938.994999885559
,,,,,3939.0
,,,,,3939.005000114441
,,,,,3939.0099999904633
,,,,,3939.015000104904
,,,,,3939.0199999809265
,,,,,3939.0250000953683
,,,,,3939.0299999713898
,,,,,3939.0350000858307
,,,,,3939.039999961853
,,,,,3939.045000076294
,,,,,3939.0499999523163
,,,,,3939.0550000667567
,,,,,3939.0599999427795
,,,,,3939.065000057221
,,,,,3939.069999933243
,,,,,3939.0750000476837
,,,,,3939.079999923706
,,,,,3939.085000038147
,,,,,3939.089999914169
,,,,,3939.09500002861
,,,,,3939.099999904633
,,,,,3939.105000019074
,,,,,3939.109999895096
,,,,,3939.1150000095367
,,,,,3939.119999885559
,,,,,3939.125
,,,,,3939.130000114441
,,,,,3939.1349999904633
,,,,,3939.140000104904
,,,,,3939.1449999809265
,,,,,3939.1500000953683
,,,,,3939.1549999713898
,,,,,3939.1600000858307
,,,,,3939.164999961853
,,,,,3939.170000076294
,,,,,3939.1749999523163
,,,,,3939.1800000667567
,,,,,3939.1849999427795
,,,,,3939.190000057221
,,,,,3939.194999933243
,,,,,3939.2000000476837
,,,,,3939.204999923706
,,,,,3939.210000038147
,,,,,3939.214999914169
,,,,,3939.22000002861
,,,,,3939.224999904633
,,,,,3939.230000019074
,,,,,3939.234999895096
,,,,,3939.2400000095367
,,,,,3939.244999885559
,,,,,3939.25
,,,,,3939.255000114441
,,,,,3939.2599999904633
,,,,,3939.265000104904
,,,,,3939.2699999809265
,,,,,3939.2750000953683
,,,,,3939.2799999713898
,,,,,3939.2850000858307
,,,,,3939.289999961853
,,,,,3939.295000076294
,,,,,3939.2999999523163
,,,,,3939.3050000667567
,,,,,3939.3099999427795
,,,,,3939.315000057221
,,,,,3939.319999933243
,,,,,3939.3250000476837
,,,,,3939.329999923706
,,,,,3939.335000038147
,,,,,3939.339999914169
,,,,,3939.34500002861
,,,,,3939.349999904633
,,,,,3939.355000019074
,,,,,3939.359999895096
,,,,,3939.3650000095367
,,,,,3939.369999885559
,,,,,3939.375
,,,,,3939.380000114441
,,,,,3939.3849999904633
,,,,,3939.390000104904
,,,,,3939.3949999809265
,,,,,3939.4000000953683
,,,,,3939.4049999713898
,,,,,3939.4100000858307
,,,,,3939.414999961853
,,,,,3939.420000076294
,,,,,3939.4249999523163
,,,,,3939.4300000667567
,,,,,3939.4349999427795
,,,,,3939.440000057221
,,,,,3939.444999933243
,,,,,3939.4500000476837
,,,,,3939.454999923706
,,,,,3939.460000038147
,,,,,3939.464999914169
,,,,,3939.47000002861
,,,,,3939.474999904633
,,,,,3939.480000019074
,,,,,3939.484999895096
,,,,,3939.4900000095367
,,,,,3939.494999885559
,,,,,3939.5
,,,,,3939.505000114441
,,,,,3939.5099999904633
,,,,,3939.515000104904
,,,,,3939.5199999809265
,,,,,3939.5250000953683
,,,,,3939.5299999713898
,,,,,3939.5350000858307
,,,,,3939.539999961853
,,,,,3939.545000076294
,,,,,3939.5499999523163
,,,,,3939.5550000667567
,,,,,3939.5599999427795
,,,,,3939.565000057221
,,,,,3939.569999933243
,,,,,3939.5750000476837
,,,,,3939.579999923706
,,,,,3939.585000038147
,,,,,3939.589999914169
,,,,,3939.59500002861
,,,,,3939.599999904633
,,,,,3939.605000019074
,,,,,3939.609999895096
,,,,,3939.6150000095367
,,,,,3939.619999885559
,,,,,3939.625
,,,,,3939.630000114441
,,,,,3939.6349999904633
,,,,,3939.640000104904
,,,,,3939.6449999809265
,,,,,3939.6500000953683
,,,,,3939.6549999713898
,,,,,3939.6600000858307
,,,,,3939.664999961853
,,,,,3939.670000076294
,,,,,3939.6749999523163
,,,,,3939.6800000667567
,,,,,3939.6849999427795
,,,,,3939.690000057221
,,,,,3939.694999933243
,,,,,3939.7000000476837
,,,,,3939.704999923706
,,,,,3939.710000038147
,,,,,3939.714999914169
,,,,,3939.72000002861
,,,,,3939.724999904633
,,,,,3939.730000019074
,,,,,3939.734999895096
,,,,,3939.7400000095367
,,,,,3939.744999885559
,,,,,3939.75
,,,,,3939.755000114441
,,,,,3939.7599999904633
,,,,,3939.765000104904
,,,,,3939.7699999809265
,,,,,3939.7750000953683
,,,,,3939.7799999713898
,,,,,3939.7850000858307
,,,,,3939.789999961853
,,,,,3939.795000076294
,,,,,3939.7999999523163
,,,,,3939.8050000667567
,,,,,3939.8099999427795
,,,,,3939.815000057221
,,,,,3939.819999933243
,,,,,3939.8250000476837
,,,,,3939.829999923706
,,,,,3939.835000038147
,,,,,3939.839999914169
,,,,,3939.84500002861
,,,,,3939.849999904633
,,,,,3939.855000019074
,,,,,3939.859999895096
,,,,,3939.8650000095367
,,,,,3939.869999885559
,,,,,3939.875
,,,,,3939.880000114441
,,,,,3939.8849999904633
,,,,,3939.890000104904
,,,,,3939.8949999809265
,,,,,3939.9000000953683
,,,,,3939.9049999713898
,,,,,3939.9100000858307
,,,,,3939.914999961853
,,,,,3939.920000076294
,,,,,3939.9249999523163
,,,,,3939.9300000667567
,,,,,3939.9349999427795
,,,,,3939.940000057221
,,,,,3939.944999933243
,,,,,3939.9500000476837
,,,,,3939.954999923706
,,,,,3939.960000038147
,,,,,3939.964999914169
,,,,,3939.97000002861
,,,,,3939.974999904633
,,,,,3939.980000019074
,,,,,3939.984999895096
,,,,,3939.9900000095367
,,,,,3939.994999885559
,,,,,3940.0
,,,,,3940.005000114441
,,,,,3940.0099999904633
,,,,,3940.015000104904
,,,,,3940.0199999809265
,,,,,3940.0250000953683
,,,,,3940.0299999713898
,,,,,3940.0350000858307
,,,,,3940.039999961853
,,,,,3940.045000076294
,,,,,3940.0499999523163
,,,,,3940.0550000667567
,,,,,3940.0599999427795
,,,,,3940.065000057221
,,,,,3940.069999933243
,,,,,3940.0750000476837
,,,,,3940.079999923706
,,,,,3940.085000038147
,,,,,3940.089999914169
,,,,,3940.09500002861
,,,,,3940.099999904633
,,,,,3940.105000019074
,,,,,3940.109999895096
,,,,,3940.1150000095367
,,,,,3940.119999885559
,,,,,3940.125
,,,,,3940.130000114441
,,,,,3940.1349999904633
,,,,,3940.140000104904
,,,,,3940.1449999809265
,,,,,3940.1500000953683
,,,,,3940.1549999713898
,,,,,3940.1600000858307
,,,,,3940.164999961853
,,,,,3940.170000076294
,,,,,3940.1749999523163
,,,,,3940.1800000667567
,,,,,3940.1849999427795
,,,,,3940.190000057221
,,,,,3940.194999933243
,,,,,3940.2000000476837
,,,,,3940.204999923706
,,,,,3940.210000038147
,,,,,3940.214999914169
,,,,,3940.22000002861
,,,,,3940.224999904633
,,,,,3940.230000019074
,,,,,3940.234999895096
,,,,,3940.2400000095367
,,,,,3940.244999885559
,,,,,3940.25
,,,,,3940.255000114441
,,,,,3940.2599999904633
,,,,,3940.265000104904
,,,,,3940.2699999809265
,,,,,3940.2750000953683
,,,,,3940.2799999713898
,,,,,3940.2850000858307
,,,,,3940.289999961853
,,,,,3940.295000076294
,,,,,3940.2999999523163
,,,,,3940.3050000667567
,,,,,3940.3099999427795
,,,,,3940.315000057221
,,,,,3940.319999933243
,,,,,3940.3250000476837
,,,,,3940.329999923706
,,,,,3940.335000038147
,,,,,3940.339999914169
,,,,,3940.34500002861
,,,,,3940.349999904633
,,,,,3940.355000019074
,,,,,3940.359999895096
,,,,,3940.3650000095367
,,,,,3940.369999885559
,,,,,3940.375
,,,,,3940.380000114441
,,,,,3940.3849999904633
,,,,,3940.390000104904
,,,,,3940.3949999809265
,,,,,3940.4000000953683
,,,,,3940.4049999713898
,,,,,3940.4100000858307
,,,,,3940.414999961853
,,,,,3940.420000076294
,,,,,3940.4249999523163
,,,,,3940.4300000667567
,,,,,3940.4349999427795
,,,,,3940.440000057221
,,,,,3940.444999933243
,,,,,3940.4500000476837
,,,,,3940.454999923706
,,,,,3940.460000038147
,,,,,3940.464999914169
,,,,,3940.47000002861
,,,,,3940.474999904633
,,,,,3940.480000019074
,,,,,3940.484999895096
,,,,,3940.4900000095367
,,,,,3940.494999885559
,,,,,3940.5
,,,,,3940.505000114441
,,,,,3940.5099999904633
,,,,,3940.515000104904
,,,,,3940.5199999809265
,,,,,3940.5250000953683
,,,,,3940.5299999713898
,,,,,3940.5350000858307
,,,,,3940.539999961853
,,,,,3940.545000076294
,,,,,3940.5499999523163
,,,,,3940.5550000667567
,,,,,3940.5599999427795
,,,,,3940.565000057221
,,,,,3940.569999933243
,,,,,3940.5750000476837
,,,,,3940.579999923706
,,,,,3940.585000038147
,,,,,3940.589999914169
,,,,,3940.59500002861
,,,,,3940.599999904633
,,,,,3940.605000019074
,,,,,3940.609999895096
,,,,,3940.6150000095367
,,,,,3940.619999885559
,,,,,3940.625
,,,,,3940.630000114441
,,,,,3940.6349999904633
,,,,,3940.640000104904
,,,,,3940.6449999809265
,,,,,3940.6500000953683
,,,,,3940.6549999713898
,,,,,3940.6600000858307
,,,,,3940.664999961853
,,,,,3940.670000076294
,,,,,3940.6749999523163
,,,,,3940.6800000667567
,,,,,3940.6849999427795
,,,,,3940.690000057221
,,,,,3940.694999933243
,,,,,3940.7000000476837
,,,,,3940.704999923706
,,,,,3940.710000038147
,,,,,3940.714999914169
,,,,,3940.72000002861
,,,,,3940.724999904633
,,,,,3940.730000019074
,,,,,3940.734999895096
,,,,,3940.7400000095367
,,,,,3940.744999885559
,,,,,3940.75
,,,,,3940.755000114441
,,,,,3940.7599999904633
,,,,,3940.765000104904
,,,,,3940.7699999809265
,,,,,3940.7750000953683
,,,,,3940.7799999713898
,,,,,3940.7850000858307
,,,,,3940.789999961853
,,,,,3940.795000076294
,,,,,3940.7999999523163
,,,,,3940.8050000667567
,,,,,3940.8099999427795
,,,,,3940.815000057221
,,,,,3940.819999933243
,,,,,3940.8250000476837
,,,,,3940.829999923706
,,,,,3940.835000038147
,,,,,3940.839999914169
,,,,,3940.84500002861
,,,,,3940.849999904633
,,,,,3940.855000019074
,,,,,3940.859999895096
,,,,,3940.8650000095367
,,,,,3940.869999885559
,,,,,3940.875
,,,,,3940.880000114441
,,,,,3940.8849999904633
,,,,,3940.890000104904
,,,,,3940.8949999809265
,,,,,3940.9000000953683
,,,,,3940.9049999713898
,,,,,3940.9100000858307
,,,,,3940.914999961853
,,,,,3940.920000076294
,,,,,3940.9249999523163
,,,,,3940.9300000667567
,,,,,3940.9349999427795
,,,,,3940.940000057221
,,,,,3940.944999933243
,,,,,3940.9500000476837
,,,,,3940.954999923706
,,,,,3940.960000038147
,,,,,3940.964999914169
,,,,,3940.97000002861
,,,,,3940.974999904633
,,,,,3940.980000019074
,,,,,3940.984999895096
,,,,,3940.9900000095367
,,,,,3940.994999885559
,,,,,3941.0
,,,,,3941.005000114441
,,,,,3941.0099999904633
,,,,,3941.015000104904
,,,,,3941.0199999809265
,,,,,3941.0250000953683
,,,,,3941.0299999713898
,,,,,3941.0350000858307
,,,,,3941.039999961853
,,,,,3941.045000076294
,,,,,3941.0499999523163
,,,,,3941.0550000667567
,,,,,3941.0599999427795
,,,,,3941.065000057221
,,,,,3941.069999933243
,,,,,3941.0750000476837
,,,,,3941.079999923706
,,,,,3941.085000038147
,,,,,3941.089999914169
,,,,,3941.09500002861
,,,,,3941.099999904633
,,,,,3941.105000019074
,,,,,3941.109999895096
,,,,,3941.1150000095367
,,,,,3941.119999885559
,,,,,3941.125
,,,,,3941.130000114441
,,,,,3941.1349999904633
,,,,,3941.140000104904
,,,,,3941.1449999809265
,,,,,3941.1500000953683
,,,,,3941.1549999713898
,,,,,3941.1600000858307
,,,,,3941.164999961853
,,,,,3941.170000076294
,,,,,3941.1749999523163
,,,,,3941.1800000667567
,,,,,3941.1849999427795
,,,,,3941.190000057221
,,,,,3941.194999933243
,,,,,3941.2000000476837
,,,,,3941.204999923706
,,,,,3941.210000038147
,,,,,3941.214999914169
,,,,,3941.22000002861
,,,,,3941.224999904633
,,,,,3941.230000019074
,,,,,3941.234999895096
,,,,,3941.2400000095367
,,,,,3941.244999885559
,,,,,3941.25
,,,,,3941.255000114441
,,,,,3941.2599999904633
,,,,,3941.265000104904
,,,,,3941.2699999809265
,,,,,3941.2750000953683
,,,,,3941.2799999713898
,,,,,3941.2850000858307
,,,,,3941.289999961853
,,,,,3941.295000076294
,,,,,3941.2999999523163
,,,,,3941.3050000667567
,,,,,3941.3099999427795
,,,,,3941.315000057221
,,,,,3941.319999933243
,,,,,3941.3250000476837
,,,,,3941.329999923706
,,,,,3941.335000038147
,,,,,3941.339999914169
,,,,,3941.34500002861
,,,,,3941.349999904633
,,,,,3941.355000019074
,,,,,3941.359999895096
,,,,,3941.3650000095367
,,,,,3941.369999885559
,,,,,3941.375
,,,,,3941.380000114441
,,,,,3941.3849999904633
,,,,,3941.390000104904
,,,,,3941.3949999809265
,,,,,3941.4000000953683
,,,,,3941.4049999713898
,,,,,3941.4100000858307
,,,,,3941.414999961853
,,,,,3941.420000076294
,,,,,3941.4249999523163
,,,,,3941.4300000667567
,,,,,3941.4349999427795
,,,,,3941.440000057221
,,,,,3941.444999933243
,,,,,3941.4500000476837
,,,,,3941.454999923706
,,,,,3941.460000038147
,,,,,3941.464999914169
,,,,,3941.47000002861
,,,,,3941.474999904633
,,,,,3941.480000019074
,,,,,3941.484999895096
,,,,,3941.4900000095367
,,,,,3941.494999885559
,,,,,3941.5
,,,,,3941.505000114441
,,,,,3941.5099999904633
,,,,,3941.515000104904
,,,,,3941.5199999809265
,,,,,3941.5250000953683
,,,,,3941.5299999713898
,,,,,3941.5350000858307
,,,,,3941.539999961853
,,,,,3941.545000076294
,,,,,3941.5499999523163
,,,,,3941.5550000667567
,,,,,3941.5599999427795
,,,,,3941.565000057221
,,,,,3941.569999933243
,,,,,3941.5750000476837
,,,,,3941.579999923706
,,,,,3941.585000038147
,,,,,3941.589999914169
,,,,,3941.59500002861
,,,,,3941.599999904633
,,,,,3941.605000019074
,,,,,3941.609999895096
,,,,,3941.6150000095367
,,,,,3941.619999885559
,,,,,3941.625
,,,,,3941.630000114441
,,,,,3941.6349999904633
,,,,,3941.640000104904
,,,,,3941.6449999809265
,,,,,3941.6500000953683
,,,,,3941.6549999713898
,,,,,3941.6600000858307
,,,,,3941.664999961853
,,,,,3941.670000076294
,,,,,3941.6749999523163
,,,,,3941.6800000667567
,,,,,3941.6849999427795
,,,,,3941.690000057221
,,,,,3941.694999933243
,,,,,3941.7000000476837
,,,,,3941.704999923706
,,,,,3941.710000038147
,,,,,3941.714999914169
,,,,,3941.72000002861
,,,,,3941.724999904633
,,,,,3941.730000019074
,,,,,3941.734999895096
,,,,,3941.7400000095367
,,,,,3941.744999885559
,,,,,3941.75
,,,,,3941.755000114441
,,,,,3941.7599999904633
,,,,,3941.765000104904
,,,,,3941.7699999809265
,,,,,3941.7750000953683
,,,,,3941.7799999713898
,,,,,3941.7850000858307
,,,,,3941.789999961853
,,,,,3941.795000076294
,,,,,3941.7999999523163
,,,,,3941.8050000667567
,,,,,3941.8099999427795
,,,,,3941.815000057221
,,,,,3941.819999933243
,,,,,3941.8250000476837
,,,,,3941.829999923706
,,,,,3941.835000038147
,,,,,3941.839999914169
,,,,,3941.84500002861
,,,,,3941.849999904633
,,,,,3941.855000019074
,,,,,3941.859999895096
,,,,,3941.8650000095367
,,,,,3941.869999885559
,,,,,3941.875
,,,,,3941.880000114441
,,,,,3941.8849999904633
,,,,,3941.890000104904
,,,,,3941.8949999809265
,,,,,3941.9000000953683
,,,,,3941.9049999713898
,,,,,3941.9100000858307
,,,,,3941.914999961853
,,,,,3941.920000076294
,,,,,3941.9249999523163
,,,,,3941.9300000667567
,,,,,3941.9349999427795
,,,,,3941.940000057221
,,,,,3941.944999933243
,,,,,3941.9500000476837
,,,,,3941.954999923706
,,,,,3941.960000038147
,,,,,3941.964999914169
,,,,,3941.97000002861
,,,,,3941.974999904633
,,,,,3941.980000019074
,,,,,3941.984999895096
,,,,,3941.9900000095367
,,,,,3941.994999885559
,,,,,3942.0
,,,,,3942.005000114441
,,,,,3942.0099999904633
,,,,,3942.015000104904
,,,,,3942.0199999809265
,,,,,3942.0250000953683
,,,,,3942.0299999713898
,,,,,3942.0350000858307
,,,,,3942.039999961853
,,,,,3942.045000076294
,,,,,3942.0499999523163
,,,,,3942.0550000667567
,,,,,3942.0599999427795
,,,,,3942.065000057221
,,,,,3942.069999933243
,,,,,3942.0750000476837
,,,,,3942.079999923706
,,,,,3942.085000038147
,,,,,3942.089999914169
,,,,,3942.09500002861
,,,,,3942.099999904633
,,,,,3942.105000019074
,,,,,3942.109999895096
,,,,,3942.1150000095367
,,,,,3942.119999885559
,,,,,3942.125
,,,,,3942.130000114441
,,,,,3942.1349999904633
,,,,,3942.140000104904
,,,,,3942.1449999809265
,,,,,3942.1500000953683
,,,,,3942.1549999713898
,,,,,3942.1600000858307
,,,,,3942.164999961853
,,,,,3942.170000076294
,,,,,3942.1749999523163
,,,,,3942.1800000667567
,,,,,3942.1849999427795
,,,,,3942.190000057221
,,,,,3942.194999933243
,,,,,3942.2000000476837
,,,,,3942.204999923706
,,,,,3942.210000038147
,,,,,3942.214999914169
,,,,,3942.22000002861
,,,,,3942.224999904633
,,,,,3942.230000019074
,,,,,3942.234999895096
,,,,,3942.2400000095367
,,,,,3942.244999885559
,,,,,3942.25
,,,,,3942.255000114441
,,,,,3942.2599999904633
,,,,,3942.265000104904
,,,,,3942.2699999809265
,,,,,3942.2750000953683
,,,,,3942.2799999713898
,,,,,3942.2850000858307
,,,,,3942.289999961853
,,,,,3942.295000076294
,,,,,3942.2999999523163
,,,,,3942.3050000667567
,,,,,3942.3099999427795
,,,,,3942.315000057221
,,,,,3942.319999933243
,,,,,3942.3250000476837
,,,,,3942.329999923706
,,,,,3942.335000038147
,,,,,3942.339999914169
,,,,,3942.34500002861
,,,,,3942.349999904633
,,,,,3942.355000019074
,,,,,3942.359999895096
,,,,,3942.3650000095367
,,,,,3942.369999885559
,,,,,3942.375
,,,,,3942.380000114441
,,,,,3942.3849999904633
,,,,,3942.390000104904
,,,,,3942.3949999809265
,,,,,3942.4000000953683
,,,,,3942.4049999713898
,,,,,3942.4100000858307
,,,,,3942.414999961853
,,,,,3942.420000076294
,,,,,3942.4249999523163
,,,,,3942.4300000667567
,,,,,3942.4349999427795
,,,,,3942.440000057221
,,,,,3942.444999933243
,,,,,3942.4500000476837
,,,,,3942.454999923706
,,,,,3942.460000038147
,,,,,3942.464999914169
,,,,,3942.47000002861
,,,,,3942.474999904633
,,,,,3942.480000019074
,,,,,3942.484999895096
,,,,,3942.4900000095367
,,,,,3942.494999885559
,,,,,3942.5
,,,,,3942.505000114441
,,,,,3942.5099999904633
,,,,,3942.515000104904
,,,,,3942.5199999809265
,,,,,3942.5250000953683
,,,,,3942.5299999713898
,,,,,3942.5350000858307
,,,,,3942.539999961853
,,,,,3942.545000076294
,,,,,3942.5499999523163
,,,,,3942.5550000667567
,,,,,3942.5599999427795
,,,,,3942.565000057221
,,,,,3942.569999933243
,,,,,3942.5750000476837
,,,,,3942.579999923706
,,,,,3942.585000038147
,,,,,3942.589999914169
,,,,,3942.59500002861
,,,,,3942.599999904633
,,,,,3942.605000019074
,,,,,3942.609999895096
,,,,,3942.6150000095367
,,,,,3942.619999885559
,,,,,3942.625
,,,,,3942.630000114441
,,,,,3942.6349999904633
,,,,,3942.640000104904
,,,,,3942.6449999809265
,,,,,3942.6500000953683
,,,,,3942.6549999713898
,,,,,3942.6600000858307
,,,,,3942.664999961853
,,,,,3942.670000076294
,,,,,3942.6749999523163
,,,,,3942.6800000667567
,,,,,3942.6849999427795
,,,,,3942.690000057221
,,,,,3942.694999933243
,,,,,3942.7000000476837
,,,,,3942.704999923706
,,,,,3942.710000038147
,,,,,3942.714999914169
,,,,,3942.72000002861
,,,,,3942.724999904633
,,,,,3942.730000019074
,,,,,3942.734999895096
,,,,,3942.7400000095367
,,,,,3942.744999885559
,,,,,3942.75
,,,,,3942.755000114441
,,,,,3942.7599999904633
,,,,,3942.765000104904
,,,,,3942.7699999809265
,,,,,3942.7750000953683
,,,,,3942.7799999713898
,,,,,3942.7850000858307
,,,,,3942.789999961853
,,,,,3942.795000076294
,,,,,3942.7999999523163
,,,,,3942.8050000667567
,,,,,3942.8099999427795
,,,,,3942.815000057221
,,,,,3942.819999933243
,,,,,3942.8250000476837
,,,,,3942.829999923706
,,,,,3942.835000038147
,,,,,3942.839999914169
,,,,,3942.84500002861
,,,,,3942.849999904633
,,,,,3942.855000019074
,,,,,3942.859999895096
,,,,,3942.8650000095367
,,,,,3942.869999885559
,,,,,3942.875
,,,,,3942.880000114441
,,,,,3942.8849999904633
,,,,,3942.890000104904
,,,,,3942.8949999809265
,,,,,3942.9000000953683
,,,,,3942.9049999713898
,,,,,3942.9100000858307
,,,,,3942.914999961853
,,,,,3942.920000076294
,,,,,3942.9249999523163
,,,,,3942.9300000667567
,,,,,3942.9349999427795
,,,,,3942.940000057221
,,,,,3942.944999933243
,,,,,3942.9500000476837
,,,,,3942.954999923706
,,,,,3942.960000038147
,,,,,3942.964999914169
,,,,,3942.97000002861
,,,,,3942.974999904633
,,,,,3942.980000019074
,,,,,3942.984999895096
,,,,,3942.9900000095367
,,,,,3942.994999885559
,,,,,3943.0
,,,,,3943.005000114441
,,,,,3943.0099999904633
,,,,,3943.015000104904
,,,,,3943.0199999809265
,,,,,3943.0250000953683
,,,,,3943.0299999713898
,,,,,3943.0350000858307
,,,,,3943.039999961853
,,,,,3943.045000076294
,,,,,3943.0499999523163
,,,,,3943.0550000667567
,,,,,3943.0599999427795
,,,,,3943.065000057221
,,,,,3943.069999933243
,,,,,3943.0750000476837
,,,,,3943.079999923706
,,,,,3943.085000038147
,,,,,3943.089999914169
,,,,,3943.09500002861
,,,,,3943.099999904633
,,,,,3943.105000019074
,,,,,3943.109999895096
,,,,,3943.1150000095367
,,,,,3943.119999885559
,,,,,3943.125
,,,,,3943.130000114441
,,,,,3943.1349999904633
,,,,,3943.140000104904
,,,,,3943.1449999809265
,,,,,3943.1500000953683
,,,,,3943.1549999713898
,,,,,3943.1600000858307
,,,,,3943.164999961853
,,,,,3943.170000076294
,,,,,3943.1749999523163
,,,,,3943.1800000667567
,,,,,3943.1849999427795
,,,,,3943.190000057221
,,,,,3943.194999933243
,,,,,3943.2000000476837
,,,,,3943.204999923706
,,,,,3943.210000038147
,,,,,3943.214999914169
,,,,,3943.22000002861
,,,,,3943.224999904633
,,,,,3943.230000019074
,,,,,3943.234999895096
,,,,,3943.2400000095367
,,,,,3943.244999885559
,,,,,3943.25
,,,,,3943.255000114441
,,,,,3943.2599999904633
,,,,,3943.265000104904
,,,,,3943.2699999809265
,,,,,3943.2750000953683
,,,,,3943.2799999713898
,,,,,3943.2850000858307
,,,,,3943.289999961853
,,,,,3943.295000076294
,,,,,3943.2999999523163
,,,,,3943.3050000667567
,,,,,3943.3099999427795
,,,,,3943.315000057221
,,,,,3943.319999933243
,,,,,3943.3250000476837
,,,,,3943.329999923706
,,,,,3943.335000038147
,,,,,3943.339999914169
,,,,,3943.34500002861
,,,,,3943.349999904633
,,,,,3943.355000019074
,,,,,3943.359999895096
,,,,,3943.3650000095367
,,,,,3943.369999885559
,,,,,3943.375
,,,,,3943.380000114441
,,,,,3943.3849999904633
,,,,,3943.390000104904
,,,,,3943.3949999809265
,,,,,3943.4000000953683
,,,,,3943.4049999713898
,,,,,3943.4100000858307
,,,,,3943.414999961853
,,,,,3943.420000076294
,,,,,3943.4249999523163
,,,,,3943.4300000667567
,,,,,3943.4349999427795
,,,,,3943.440000057221
,,,,,3943.444999933243
,,,,,3943.4500000476837
,,,,,3943.454999923706
,,,,,3943.460000038147
,,,,,3943.464999914169
,,,,,3943.47000002861
,,,,,3943.474999904633
,,,,,3943.480000019074
,,,,,3943.484999895096
,,,,,3943.4900000095367
,,,,,3943.494999885559
,,,,,3943.5
,,,,,3943.505000114441
,,,,,3943.5099999904633
,,,,,3943.515000104904
,,,,,3943.5199999809265
,,,,,3943.5250000953683
,,,,,3943.5299999713898
,,,,,3943.5350000858307
,,,,,3943.539999961853
,,,,,3943.545000076294
,,,,,3943.5499999523163
,,,,,3943.5550000667567
,,,,,3943.5599999427795
,,,,,3943.565000057221
,,,,,3943.569999933243
,,,,,3943.5750000476837
,,,,,3943.579999923706
,,,,,3943.585000038147
,,,,,3943.589999914169
,,,,,3943.59500002861
,,,,,3943.599999904633
,,,,,3943.605000019074
,,,,,3943.609999895096
,,,,,3943.6150000095367
,,,,,3943.619999885559
,,,,,3943.625
,,,,,3943.630000114441
,,,,,3943.6349999904633
,,,,,3943.640000104904
,,,,,3943.6449999809265
,,,,,3943.6500000953683
,,,,,3943.6549999713898
,,,,,3943.6600000858307
,,,,,3943.664999961853
,,,,,3943.670000076294
,,,,,3943.6749999523163
,,,,,3943.6800000667567
,,,,,3943.6849999427795
,,,,,3943.690000057221
,,,,,3943.694999933243
,,,,,3943.7000000476837
,,,,,3943.704999923706
,,,,,3943.710000038147
,,,,,3943.714999914169
,,,,,3943.72000002861
,,,,,3943.724999904633
,,,,,3943.730000019074
,,,,,3943.734999895096
,,,,,3943.7400000095367
,,,,,3943.744999885559
,,,,,3943.75
,,,,,3943.755000114441
,,,,,3943.7599999904633
,,,,,3943.765000104904
,,,,,3943.7699999809265
,,,,,3943.7750000953683
,,,,,3943.7799999713898
,,,,,3943.7850000858307
,,,,,3943.789999961853
,,,,,3943.795000076294
,,,,,3943.7999999523163
,,,,,3943.8050000667567
,,,,,3943.8099999427795
,,,,,3943.815000057221
,,,,,3943.819999933243
,,,,,3943.8250000476837
,,,,,3943.829999923706
,,,,,3943.835000038147
,,,,,3943.839999914169
,,,,,3943.84500002861
,,,,,3943.849999904633
,,,,,3943.855000019074
,,,,,3943.859999895096
,,,,,3943.8650000095367
,,,,,3943.869999885559
,,,,,3943.875
,,,,,3943.880000114441
,,,,,3943.8849999904633
,,,,,3943.890000104904
,,,,,3943.8949999809265
,,,,,3943.9000000953683
,,,,,3943.9049999713898
,,,,,3943.9100000858307
,,,,,3943.914999961853
,,,,,3943.920000076294
,,,,,3943.9249999523163
,,,,,3943.9300000667567
,,,,,3943.9349999427795
,,,,,3943.940000057221
,,,,,3943.944999933243
,,,,,3943.9500000476837
,,,,,3943.954999923706
,,,,,3943.960000038147
,,,,,3943.964999914169
,,,,,3943.97000002861
,,,,,3943.974999904633
,,,,,3943.980000019074
,,,,,3943.984999895096
,,,,,3943.9900000095367
,,,,,3943.994999885559
,,,,,3944.0
,,,,,3944.005000114441
,,,,,3944.0099999904633
,,,,,3944.015000104904
,,,,,3944.0199999809265
,,,,,3944.0250000953683
,,,,,3944.0299999713898
,,,,,3944.0350000858307
,,,,,3944.039999961853
,,,,,3944.045000076294
,,,,,3944.0499999523163
,,,,,3944.0550000667567
,,,,,3944.0599999427795
,,,,,3944.065000057221
,,,,,3944.069999933243
,,,,,3944.0750000476837
,,,,,3944.079999923706
,,,,,3944.085000038147
,,,,,3944.089999914169
,,,,,3944.09500002861
,,,,,3944.099999904633
,,,,,3944.105000019074
,,,,,3944.109999895096
,,,,,3944.1150000095367
,,,,,3944.119999885559
,,,,,3944.125
,,,,,3944.130000114441
,,,,,3944.1349999904633
,,,,,3944.140000104904
,,,,,3944.1449999809265
,,,,,3944.1500000953683
,,,,,3944.1549999713898
,,,,,3944.1600000858307
,,,,,3944.164999961853
,,,,,3944.170000076294
,,,,,3944.1749999523163
,,,,,3944.1800000667567
,,,,,3944.1849999427795
,,,,,3944.190000057221
,,,,,3944.194999933243
,,,,,3944.2000000476837
,,,,,3944.204999923706
,,,,,3944.210000038147
,,,,,3944.214999914169
,,,,,3944.22000002861
,,,,,3944.224999904633
,,,,,3944.230000019074
,,,,,3944.234999895096
,,,,,3944.2400000095367
,,,,,3944.244999885559
,,,,,3944.25
,,,,,3944.255000114441
,,,,,3944.2599999904633
,,,,,3944.265000104904
,,,,,3944.2699999809265
,,,,,3944.2750000953683
,,,,,3944.2799999713898
,,,,,3944.2850000858307
,,,,,3944.289999961853
,,,,,3944.295000076294
,,,,,3944.2999999523163
,,,,,3944.3050000667567
,,,,,3944.3099999427795
,,,,,3944.315000057221
,,,,,3944.319999933243
,,,,,3944.3250000476837
,,,,,3944.329999923706
,,,,,3944.335000038147
,,,,,3944.339999914169
,,,,,3944.34500002861
,,,,,3944.349999904633
,,,,,3944.355000019074
,,,,,3944.359999895096
,,,,,3944.3650000095367
,,,,,3944.369999885559
,,,,,3944.375
,,,,,3944.380000114441
,,,,,3944.3849999904633
,,,,,3944.390000104904
,,,,,3944.3949999809265
,,,,,3944.4000000953683
,,,,,3944.4049999713898
,,,,,3944.4100000858307
,,,,,3944.414999961853
,,,,,3944.420000076294
,,,,,3944.4249999523163
,,,,,3944.4300000667567
,,,,,3944.4349999427795
,,,,,3944.440000057221
,,,,,3944.444999933243
,,,,,3944.4500000476837
,,,,,3944.454999923706
,,,,,3944.460000038147
,,,,,3944.464999914169
,,,,,3944.47000002861
,,,,,3944.474999904633
,,,,,3944.480000019074
,,,,,3944.484999895096
,,,,,3944.4900000095367
,,,,,3944.494999885559
,,,,,3944.5
,,,,,3944.505000114441
,,,,,3944.5099999904633
,,,,,3944.515000104904
,,,,,3944.5199999809265
,,,,,3944.5250000953683
,,,,,3944.5299999713898
,,,,,3944.5350000858307
,,,,,3944.539999961853
,,,,,3944.545000076294
,,,,,3944.5499999523163
,,,,,3944.5550000667567
,,,,,3944.5599999427795
,,,,,3944.565000057221
,,,,,3944.569999933243
,,,,,3944.5750000476837
,,,,,3944.579999923706
,,,,,3944.585000038147
,,,,,3944.589999914169
,,,,,3944.59500002861
,,,,,3944.599999904633
,,,,,3944.605000019074
,,,,,3944.609999895096
,,,,,3944.6150000095367
,,,,,3944.619999885559
,,,,,3944.625
,,,,,3944.630000114441
,,,,,3944.6349999904633
,,,,,3944.640000104904
,,,,,3944.6449999809265
,,,,,3944.6500000953683
,,,,,3944.6549999713898
,,,,,3944.6600000858307
,,,,,3944.664999961853
,,,,,3944.670000076294
,,,,,3944.6749999523163
,,,,,3944.6800000667567
,,,,,3944.6849999427795
,,,,,3944.690000057221
,,,,,3944.694999933243
,,,,,3944.7000000476837
,,,,,3944.704999923706
,,,,,3944.710000038147
,,,,,3944.714999914169
,,,,,3944.72000002861
,,,,,3944.724999904633
,,,,,3944.730000019074
,,,,,3944.734999895096
,,,,,3944.7400000095367
,,,,,3944.744999885559
,,,,,3944.75
,,,,,3944.755000114441
,,,,,3944.7599999904633
,,,,,3944.765000104904
,,,,,3944.7699999809265
,,,,,3944.7750000953683
,,,,,3944.7799999713898
,,,,,3944.7850000858307
,,,,,3944.789999961853
,,,,,3944.795000076294
,,,,,3944.7999999523163
,,,,,3944.8050000667567
,,,,,3944.8099999427795
,,,,,3944.815000057221
,,,,,3944.819999933243
,,,,,3944.8250000476837
,,,,,3944.829999923706
,,,,,3944.835000038147
,,,,,3944.839999914169
,,,,,3944.84500002861
,,,,,3944.849999904633
,,,,,3944.855000019074
,,,,,3944.859999895096
,,,,,3944.8650000095367
,,,,,3944.869999885559
,,,,,3944.875
,,,,,3944.880000114441
,,,,,3944.8849999904633
,,,,,3944.890000104904
,,,,,3944.8949999809265
,,,,,3944.9000000953683
,,,,,3944.9049999713898
,,,,,3944.9100000858307
,,,,,3944.914999961853
,,,,,3944.920000076294
,,,,,3944.9249999523163
,,,,,3944.9300000667567
,,,,,3944.9349999427795
,,,,,3944.940000057221
,,,,,3944.944999933243
,,,,,3944.9500000476837
,,,,,3944.954999923706
,,,,,3944.960000038147
,,,,,3944.964999914169
,,,,,3944.97000002861
,,,,,3944.974999904633
,,,,,3944.980000019074
,,,,,3944.984999895096
,,,,,3944.9900000095367
,,,,,3944.994999885559
,,,,,3945.0
,,,,,3945.005000114441
,,,,,3945.0099999904633
,,,,,3945.015000104904
,,,,,3945.0199999809265
,,,,,3945.0250000953683
,,,,,3945.0299999713898
,,,,,3945.0350000858307
,,,,,3945.039999961853
,,,,,3945.045000076294
,,,,,3945.0499999523163
,,,,,3945.0550000667567
,,,,,3945.0599999427795
,,,,,3945.065000057221
,,,,,3945.069999933243
,,,,,3945.0750000476837
,,,,,3945.079999923706
,,,,,3945.085000038147
,,,,,3945.089999914169
,,,,,3945.09500002861
,,,,,3945.099999904633
,,,,,3945.105000019074
,,,,,3945.109999895096
,,,,,3945.1150000095367
,,,,,3945.119999885559
,,,,,3945.125
,,,,,3945.130000114441
,,,,,3945.1349999904633
,,,,,3945.140000104904
,,,,,3945.1449999809265
,,,,,3945.1500000953683
,,,,,3945.1549999713898
,,,,,3945.1600000858307
,,,,,3945.164999961853
,,,,,3945.170000076294
,,,,,3945.1749999523163
,,,,,3945.1800000667567
,,,,,3945.1849999427795
,,,,,3945.190000057221
,,,,,3945.194999933243
,,,,,3945.2000000476837
,,,,,3945.204999923706
,,,,,3945.210000038147
,,,,,3945.214999914169
,,,,,3945.22000002861
,,,,,3945.224999904633
,,,,,3945.230000019074
,,,,,3945.234999895096
,,,,,3945.2400000095367
,,,,,3945.244999885559
,,,,,3945.25
,,,,,3945.255000114441
,,,,,3945.2599999904633
,,,,,3945.265000104904
,,,,,3945.2699999809265
,,,,,3945.2750000953683
,,,,,3945.2799999713898
,,,,,3945.2850000858307
,,,,,3945.289999961853
,,,,,3945.295000076294
,,,,,3945.2999999523163
,,,,,3945.3050000667567
,,,,,3945.3099999427795
,,,,,3945.315000057221
,,,,,3945.319999933243
,,,,,3945.3250000476837
,,,,,3945.329999923706
,,,,,3945.335000038147
,,,,,3945.339999914169
,,,,,3945.34500002861
,,,,,3945.349999904633
,,,,,3945.355000019074
,,,,,3945.359999895096
,,,,,3945.3650000095367
,,,,,3945.369999885559
,,,,,3945.375
,,,,,3945.380000114441
,,,,,3945.3849999904633
,,,,,3945.390000104904
,,,,,3945.3949999809265
,,,,,3945.4000000953683
,,,,,3945.4049999713898
,,,,,3945.4100000858307
,,,,,3945.414999961853
,,,,,3945.420000076294
,,,,,3945.4249999523163
,,,,,3945.4300000667567
,,,,,3945.4349999427795
,,,,,3945.440000057221
,,,,,3945.444999933243
,,,,,3945.4500000476837
,,,,,3945.454999923706
,,,,,3945.460000038147
,,,,,3945.464999914169
,,,,,3945.47000002861
,,,,,3945.474999904633
,,,,,3945.480000019074
,,,,,3945.484999895096
,,,,,3945.4900000095367
,,,,,3945.494999885559
,,,,,3945.5
,,,,,3945.505000114441
,,,,,3945.5099999904633
,,,,,3945.515000104904
,,,,,3945.5199999809265
,,,,,3945.5250000953683
,,,,,3945.5299999713898
,,,,,3945.5350000858307
,,,,,3945.539999961853
,,,,,3945.545000076294
,,,,,3945.5499999523163
,,,,,3945.5550000667567
,,,,,3945.5599999427795
,,,,,3945.565000057221
,,,,,3945.569999933243
,,,,,3945.5750000476837
,,,,,3945.579999923706
,,,,,3945.585000038147
,,,,,3945.589999914169
,,,,,3945.59500002861
,,,,,3945.599999904633
,,,,,3945.605000019074
,,,,,3945.609999895096
,,,,,3945.6150000095367
,,,,,3945.619999885559
,,,,,3945.625
,,,,,3945.630000114441
,,,,,3945.6349999904633
,,,,,3945.640000104904
,,,,,3945.6449999809265
,,,,,3945.6500000953683
,,,,,3945.6549999713898
,,,,,3945.6600000858307
,,,,,3945.664999961853
,,,,,3945.670000076294
,,,,,3945.6749999523163
,,,,,3945.6800000667567
,,,,,3945.6849999427795
,,,,,3945.690000057221
,,,,,3945.694999933243
,,,,,3945.7000000476837
,,,,,3945.704999923706
,,,,,3945.710000038147
,,,,,3945.714999914169
,,,,,3945.72000002861
,,,,,3945.724999904633
,,,,,3945.730000019074
,,,,,3945.734999895096
,,,,,3945.7400000095367
,,,,,3945.744999885559
,,,,,3945.75
,,,,,3945.755000114441
,,,,,3945.7599999904633
,,,,,3945.765000104904
,,,,,3945.7699999809265
,,,,,3945.7750000953683
,,,,,3945.7799999713898
,,,,,3945.7850000858307
,,,,,3945.789999961853
,,,,,3945.795000076294
,,,,,3945.7999999523163
,,,,,3945.8050000667567
,,,,,3945.8099999427795
,,,,,3945.815000057221
,,,,,3945.819999933243
,,,,,3945.8250000476837
,,,,,3945.829999923706
,,,,,3945.835000038147
,,,,,3945.839999914169
,,,,,3945.84500002861
,,,,,3945.849999904633
,,,,,3945.855000019074
,,,,,3945.859999895096
,,,,,3945.8650000095367
,,,,,3945.869999885559
,,,,,3945.875
,,,,,3945.880000114441
,,,,,3945.8849999904633
,,,,,3945.890000104904
,,,,,3945.8949999809265
,,,,,3945.9000000953683
,,,,,3945.9049999713898
,,,,,3945.9100000858307
,,,,,3945.914999961853
,,,,,3945.920000076294
,,,,,3945.9249999523163
,,,,,3945.9300000667567
,,,,,3945.9349999427795
,,,,,3945.940000057221
,,,,,3945.944999933243
,,,,,3945.9500000476837
,,,,,3945.954999923706
,,,,,3945.960000038147
,,,,,3945.964999914169
,,,,,3945.97000002861
,,,,,3945.974999904633
,,,,,3945.980000019074
,,,,,3945.984999895096
,,,,,3945.9900000095367
,,,,,3945.994999885559
,,,,,3946.0
,,,,,3946.005000114441
,,,,,3946.0099999904633
,,,,,3946.015000104904
,,,,,3946.0199999809265
,,,,,3946.0250000953683
,,,,,3946.0299999713898
,,,,,3946.0350000858307
,,,,,3946.039999961853
,,,,,3946.045000076294
,,,,,3946.0499999523163
,,,,,3946.0550000667567
,,,,,3946.0599999427795
,,,,,3946.065000057221
,,,,,3946.069999933243
,,,,,3946.0750000476837
,,,,,3946.079999923706
,,,,,3946.085000038147
,,,,,3946.089999914169
,,,,,3946.09500002861
,,,,,3946.099999904633
,,,,,3946.105000019074
,,,,,3946.109999895096
,,,,,3946.1150000095367
,,,,,3946.119999885559
,,,,,3946.125
,,,,,3946.130000114441
,,,,,3946.1349999904633
,,,,,3946.140000104904
,,,,,3946.1449999809265
,,,,,3946.1500000953683
,,,,,3946.1549999713898
,,,,,3946.1600000858307
,,,,,3946.164999961853
,,,,,3946.170000076294
,,,,,3946.1749999523163
,,,,,3946.1800000667567
,,,,,3946.1849999427795
,,,,,3946.190000057221
,,,,,3946.194999933243
,,,,,3946.2000000476837
,,,,,3946.204999923706
,,,,,3946.210000038147
,,,,,3946.214999914169
,,,,,3946.22000002861
,,,,,3946.224999904633
,,,,,3946.230000019074
,,,,,3946.234999895096
,,,,,3946.2400000095367
,,,,,3946.244999885559
,,,,,3946.25
,,,,,3946.255000114441
,,,,,3946.2599999904633
,,,,,3946.265000104904
,,,,,3946.2699999809265
,,,,,3946.2750000953683
,,,,,3946.2799999713898
,,,,,3946.2850000858307
,,,,,3946.289999961853
,,,,,3946.295000076294
,,,,,3946.2999999523163
,,,,,3946.3050000667567
,,,,,3946.3099999427795
,,,,,3946.315000057221
,,,,,3946.319999933243
,,,,,3946.3250000476837
,,,,,3946.329999923706
,,,,,3946.335000038147
,,,,,3946.339999914169
,,,,,3946.34500002861
,,,,,3946.349999904633
,,,,,3946.355000019074
,,,,,3946.359999895096
,,,,,3946.3650000095367
,,,,,3946.369999885559
,,,,,3946.375
,,,,,3946.380000114441
,,,,,3946.3849999904633
,,,,,3946.390000104904
,,,,,3946.3949999809265
,,,,,3946.4000000953683
,,,,,3946.4049999713898
,,,,,3946.4100000858307
,,,,,3946.414999961853
,,,,,3946.420000076294
,,,,,3946.4249999523163
,,,,,3946.4300000667567
,,,,,3946.4349999427795
,,,,,3946.440000057221
,,,,,3946.444999933243
,,,,,3946.4500000476837
,,,,,3946.454999923706
,,,,,3946.460000038147
,,,,,3946.464999914169
,,,,,3946.47000002861
,,,,,3946.474999904633
,,,,,3946.480000019074
,,,,,3946.484999895096
,,,,,3946.4900000095367
,,,,,3946.494999885559
,,,,,3946.5
,,,,,3946.505000114441
,,,,,3946.5099999904633
,,,,,3946.515000104904
,,,,,3946.5199999809265
,,,,,3946.5250000953683
,,,,,3946.5299999713898
,,,,,3946.5350000858307
,,,,,3946.539999961853
,,,,,3946.545000076294
,,,,,3946.5499999523163
,,,,,3946.5550000667567
,,,,,3946.5599999427795
,,,,,3946.565000057221
,,,,,3946.569999933243
,,,,,3946.5750000476837
,,,,,3946.579999923706
,,,,,3946.585000038147
,,,,,3946.589999914169
,,,,,3946.59500002861
,,,,,3946.599999904633
,,,,,3946.605000019074
,,,,,3946.609999895096
,,,,,3946.6150000095367
,,,,,3946.619999885559
,,,,,3946.625
,,,,,3946.630000114441
,,,,,3946.6349999904633
,,,,,3946.640000104904
,,,,,3946.6449999809265
,,,,,3946.6500000953683
,,,,,3946.6549999713898
,,,,,3946.6600000858307
,,,,,3946.664999961853
,,,,,3946.670000076294
,,,,,3946.6749999523163
,,,,,3946.6800000667567
,,,,,3946.6849999427795
,,,,,3946.690000057221
,,,,,3946.694999933243
,,,,,3946.7000000476837
,,,,,3946.704999923706
,,,,,3946.710000038147
,,,,,3946.714999914169
,,,,,3946.72000002861
,,,,,3946.724999904633
,,,,,3946.730000019074
,,,,,3946.734999895096
,,,,,3946.7400000095367
,,,,,3946.744999885559
,,,,,3946.75
,,,,,3946.755000114441
,,,,,3946.7599999904633
,,,,,3946.765000104904
,,,,,3946.7699999809265
,,,,,3946.7750000953683
,,,,,3946.7799999713898
,,,,,3946.7850000858307
,,,,,3946.789999961853
,,,,,3946.795000076294
,,,,,3946.7999999523163
,,,,,3946.8050000667567
,,,,,3946.8099999427795
,,,,,3946.815000057221
,,,,,3946.819999933243
,,,,,3946.8250000476837
,,,,,3946.829999923706
,,,,,3946.835000038147
,,,,,3946.839999914169
,,,,,3946.84500002861
,,,,,3946.849999904633
,,,,,3946.855000019074
,,,,,3946.859999895096
,,,,,3946.8650000095367
,,,,,3946.869999885559
,,,,,3946.875
,,,,,3946.880000114441
,,,,,3946.8849999904633
,,,,,3946.890000104904
,,,,,3946.8949999809265
,,,,,3946.9000000953683
,,,,,3946.9049999713898
,,,,,3946.9100000858307
,,,,,3946.914999961853
,,,,,3946.920000076294
,,,,,3946.9249999523163
,,,,,3946.9300000667567
,,,,,3946.9349999427795
,,,,,3946.940000057221
,,,,,3946.944999933243
,,,,,3946.9500000476837
,,,,,3946.954999923706
,,,,,3946.960000038147
,,,,,3946.964999914169
,,,,,3946.97000002861
,,,,,3946.974999904633
,,,,,3946.980000019074
,,,,,3946.984999895096
,,,,,3946.9900000095367
,,,,,3946.994999885559
,,,,,3947.0
,,,,,3947.005000114441
,,,,,3947.0099999904633
,,,,,3947.015000104904
,,,,,3947.0199999809265
,,,,,3947.0250000953683
,,,,,3947.0299999713898
,,,,,3947.0350000858307
,,,,,3947.039999961853
,,,,,3947.045000076294
,,,,,3947.0499999523163
,,,,,3947.0550000667567
,,,,,3947.0599999427795
,,,,,3947.065000057221
,,,,,3947.069999933243
,,,,,3947.0750000476837
,,,,,3947.079999923706
,,,,,3947.085000038147
,,,,,3947.089999914169
,,,,,3947.09500002861
,,,,,3947.099999904633
,,,,,3947.105000019074
,,,,,3947.109999895096
,,,,,3947.1150000095367
,,,,,3947.119999885559
,,,,,3947.125
,,,,,3947.130000114441
,,,,,3947.1349999904633
,,,,,3947.140000104904
,,,,,3947.1449999809265
,,,,,3947.1500000953683
,,,,,3947.1549999713898
,,,,,3947.1600000858307
,,,,,3947.164999961853
,,,,,3947.170000076294
,,,,,3947.1749999523163
,,,,,3947.1800000667567
,,,,,3947.1849999427795
,,,,,3947.190000057221
,,,,,3947.194999933243
,,,,,3947.2000000476837
,,,,,3947.204999923706
,,,,,3947.210000038147
,,,,,3947.214999914169
,,,,,3947.22000002861
,,,,,3947.224999904633
,,,,,3947.230000019074
,,,,,3947.234999895096
,,,,,3947.2400000095367
,,,,,3947.244999885559
,,,,,3947.25
,,,,,3947.255000114441
,,,,,3947.2599999904633
,,,,,3947.265000104904
,,,,,3947.2699999809265
,,,,,3947.2750000953683
,,,,,3947.2799999713898
,,,,,3947.2850000858307
,,,,,3947.289999961853
,,,,,3947.295000076294
,,,,,3947.2999999523163
,,,,,3947.3050000667567
,,,,,3947.3099999427795
,,,,,3947.315000057221
,,,,,3947.319999933243
,,,,,3947.3250000476837
,,,,,3947.329999923706
,,,,,3947.335000038147
,,,,,3947.339999914169
,,,,,3947.34500002861
,,,,,3947.349999904633
,,,,,3947.355000019074
,,,,,3947.359999895096
,,,,,3947.3650000095367
,,,,,3947.369999885559
,,,,,3947.375
,,,,,3947.380000114441
,,,,,3947.3849999904633
,,,,,3947.390000104904
,,,,,3947.3949999809265
,,,,,3947.4000000953683
,,,,,3947.4049999713898
,,,,,3947.4100000858307
,,,,,3947.414999961853
,,,,,3947.420000076294
,,,,,3947.4249999523163
,,,,,3947.4300000667567
,,,,,3947.4349999427795
,,,,,3947.440000057221
,,,,,3947.444999933243
,,,,,3947.4500000476837
,,,,,3947.454999923706
,,,,,3947.460000038147
,,,,,3947.464999914169
,,,,,3947.47000002861
,,,,,3947.474999904633
,,,,,3947.480000019074
,,,,,3947.484999895096
,,,,,3947.4900000095367
,,,,,3947.494999885559
,,,,,3947.5
,,,,,3947.505000114441
,,,,,3947.5099999904633
,,,,,3947.515000104904
,,,,,3947.5199999809265
,,,,,3947.5250000953683
,,,,,3947.5299999713898
,,,,,3947.5350000858307
,,,,,3947.539999961853
,,,,,3947.545000076294
,,,,,3947.5499999523163
,,,,,3947.5550000667567
,,,,,3947.5599999427795
,,,,,3947.565000057221
,,,,,3947.569999933243
,,,,,3947.5750000476837
,,,,,3947.579999923706
,,,,,3947.585000038147
,,,,,3947.589999914169
,,,,,3947.59500002861
,,,,,3947.599999904633
,,,,,3947.605000019074
,,,,,3947.609999895096
,,,,,3947.6150000095367
,,,,,3947.619999885559
,,,,,3947.625
,,,,,3947.630000114441
,,,,,3947.6349999904633
,,,,,3947.640000104904
,,,,,3947.6449999809265
,,,,,3947.6500000953683
,,,,,3947.6549999713898
,,,,,3947.6600000858307
,,,,,3947.664999961853
,,,,,3947.670000076294
,,,,,3947.6749999523163
,,,,,3947.6800000667567
,,,,,3947.6849999427795
,,,,,3947.690000057221
,,,,,3947.694999933243
,,,,,3947.7000000476837
,,,,,3947.704999923706
,,,,,3947.710000038147
,,,,,3947.714999914169
,,,,,3947.72000002861
,,,,,3947.724999904633
,,,,,3947.730000019074
,,,,,3947.734999895096
,,,,,3947.7400000095367
,,,,,3947.744999885559
,,,,,3947.75
,,,,,3947.755000114441
,,,,,3947.7599999904633
,,,,,3947.765000104904
,,,,,3947.7699999809265
,,,,,3947.7750000953683
,,,,,3947.7799999713898
,,,,,3947.7850000858307
,,,,,3947.789999961853
,,,,,3947.795000076294
,,,,,3947.7999999523163
,,,,,3947.8050000667567
,,,,,3947.8099999427795
,,,,,3947.815000057221
,,,,,3947.819999933243
,,,,,3947.8250000476837
,,,,,3947.829999923706
,,,,,3947.835000038147
,,,,,3947.839999914169
,,,,,3947.84500002861
,,,,,3947.849999904633
,,,,,3947.855000019074
,,,,,3947.859999895096
,,,,,3947.8650000095367
,,,,,3947.869999885559
,,,,,3947.875
,,,,,3947.880000114441
,,,,,3947.8849999904633
,,,,,3947.890000104904
,,,,,3947.8949999809265
,,,,,3947.9000000953683
,,,,,3947.9049999713898
,,,,,3947.9100000858307
,,,,,3947.914999961853
,,,,,3947.920000076294
,,,,,3947.9249999523163
,,,,,3947.9300000667567
,,,,,3947.9349999427795
,,,,,3947.940000057221
,,,,,3947.944999933243
,,,,,3947.9500000476837
,,,,,3947.954999923706
,,,,,3947.960000038147
,,,,,3947.964999914169
,,,,,3947.97000002861
,,,,,3947.974999904633
,,,,,3947.980000019074
,,,,,3947.984999895096
,,,,,3947.9900000095367
,,,,,3947.994999885559
,,,,,3948.0
,,,,,3948.005000114441
,,,,,3948.0099999904633
,,,,,3948.015000104904
,,,,,3948.0199999809265
,,,,,3948.0250000953683
,,,,,3948.0299999713898
,,,,,3948.0350000858307
,,,,,3948.039999961853
,,,,,3948.045000076294
,,,,,3948.0499999523163
,,,,,3948.0550000667567
,,,,,3948.0599999427795
,,,,,3948.065000057221
,,,,,3948.069999933243
,,,,,3948.0750000476837
,,,,,3948.079999923706
,,,,,3948.085000038147
,,,,,3948.089999914169
,,,,,3948.09500002861
,,,,,3948.099999904633
,,,,,3948.105000019074
,,,,,3948.109999895096
,,,,,3948.1150000095367
,,,,,3948.119999885559
,,,,,3948.125
,,,,,3948.130000114441
,,,,,3948.1349999904633
,,,,,3948.140000104904
,,,,,3948.1449999809265
,,,,,3948.1500000953683
,,,,,3948.1549999713898
,,,,,3948.1600000858307
,,,,,3948.164999961853
,,,,,3948.170000076294
,,,,,3948.1749999523163
,,,,,3948.1800000667567
,,,,,3948.1849999427795
,,,,,3948.190000057221
,,,,,3948.194999933243
,,,,,3948.2000000476837
,,,,,3948.204999923706
,,,,,3948.210000038147
,,,,,3948.214999914169
,,,,,3948.22000002861
,,,,,3948.224999904633
,,,,,3948.230000019074
,,,,,3948.234999895096
,,,,,3948.2400000095367
,,,,,3948.244999885559
,,,,,3948.25
,,,,,3948.255000114441
,,,,,3948.2599999904633
,,,,,3948.265000104904
,,,,,3948.2699999809265
,,,,,3948.2750000953683
,,,,,3948.2799999713898
,,,,,3948.2850000858307
,,,,,3948.289999961853
,,,,,3948.295000076294
,,,,,3948.2999999523163
,,,,,3948.3050000667567
,,,,,3948.3099999427795
,,,,,3948.315000057221
,,,,,3948.319999933243
,,,,,3948.3250000476837
,,,,,3948.329999923706
,,,,,3948.335000038147
,,,,,3948.339999914169
,,,,,3948.34500002861
,,,,,3948.349999904633
,,,,,3948.355000019074
,,,,,3948.359999895096
,,,,,3948.3650000095367
,,,,,3948.369999885559
,,,,,3948.375
,,,,,3948.380000114441
,,,,,3948.3849999904633
,,,,,3948.390000104904
,,,,,3948.3949999809265
,,,,,3948.4000000953683
,,,,,3948.4049999713898
,,,,,3948.4100000858307
,,,,,3948.414999961853
,,,,,3948.420000076294
,,,,,3948.4249999523163
,,,,,3948.4300000667567
,,,,,3948.4349999427795
,,,,,3948.440000057221
,,,,,3948.444999933243
,,,,,3948.4500000476837
,,,,,3948.454999923706
,,,,,3948.460000038147
,,,,,3948.464999914169
,,,,,3948.47000002861
,,,,,3948.474999904633
,,,,,3948.480000019074
,,,,,3948.484999895096
,,,,,3948.4900000095367
,,,,,3948.494999885559
,,,,,3948.5
,,,,,3948.505000114441
,,,,,3948.5099999904633
,,,,,3948.515000104904
,,,,,3948.5199999809265
,,,,,3948.5250000953683
,,,,,3948.5299999713898
,,,,,3948.5350000858307
,,,,,3948.539999961853
,,,,,3948.545000076294
,,,,,3948.5499999523163
,,,,,3948.5550000667567
,,,,,3948.5599999427795
,,,,,3948.565000057221
,,,,,3948.569999933243
,,,,,3948.5750000476837
,,,,,3948.579999923706
,,,,,3948.585000038147
,,,,,3948.589999914169
,,,,,3948.59500002861
,,,,,3948.599999904633
,,,,,3948.605000019074
,,,,,3948.609999895096
,,,,,3948.6150000095367
,,,,,3948.619999885559
,,,,,3948.625
,,,,,3948.630000114441
,,,,,3948.6349999904633
,,,,,3948.640000104904
,,,,,3948.6449999809265
,,,,,3948.6500000953683
,,,,,3948.6549999713898
,,,,,3948.6600000858307
,,,,,3948.664999961853
,,,,,3948.670000076294
,,,,,3948.6749999523163
,,,,,3948.6800000667567
,,,,,3948.6849999427795
,,,,,3948.690000057221
,,,,,3948.694999933243
,,,,,3948.7000000476837
,,,,,3948.704999923706
,,,,,3948.710000038147
,,,,,3948.714999914169
,,,,,3948.72000002861
,,,,,3948.724999904633
,,,,,3948.730000019074
,,,,,3948.734999895096
,,,,,3948.7400000095367
,,,,,3948.744999885559
,,,,,3948.75
,,,,,3948.755000114441
,,,,,3948.7599999904633
,,,,,3948.765000104904
,,,,,3948.7699999809265
,,,,,3948.7750000953683
,,,,,3948.7799999713898
,,,,,3948.7850000858307
,,,,,3948.789999961853
,,,,,3948.795000076294
,,,,,3948.7999999523163
,,,,,3948.8050000667567
,,,,,3948.8099999427795
,,,,,3948.815000057221
,,,,,3948.819999933243
,,,,,3948.8250000476837
,,,,,3948.829999923706
,,,,,3948.835000038147
,,,,,3948.839999914169
,,,,,3948.84500002861
,,,,,3948.849999904633
,,,,,3948.855000019074
,,,,,3948.859999895096
,,,,,3948.8650000095367
,,,,,3948.869999885559
,,,,,3948.875
,,,,,3948.880000114441
,,,,,3948.8849999904633
,,,,,3948.890000104904
,,,,,3948.8949999809265
,,,,,3948.9000000953683
,,,,,3948.9049999713898
,,,,,3948.9100000858307
,,,,,3948.914999961853
,,,,,3948.920000076294
,,,,,3948.9249999523163
,,,,,3948.9300000667567
,,,,,3948.9349999427795
,,,,,3948.940000057221
,,,,,3948.944999933243
,,,,,3948.9500000476837
,,,,,3948.954999923706
,,,,,3948.960000038147
,,,,,3948.964999914169
,,,,,3948.97000002861
,,,,,3948.974999904633
,,,,,3948.980000019074
,,,,,3948.984999895096
,,,,,3948.9900000095367
,,,,,3948.994999885559
,,,,,3949.0
,,,,,3949.005000114441
,,,,,3949.0099999904633
,,,,,3949.015000104904
,,,,,3949.0199999809265
,,,,,3949.0250000953683
,,,,,3949.0299999713898
,,,,,3949.0350000858307
,,,,,3949.039999961853
,,,,,3949.045000076294
,,,,,3949.0499999523163
,,,,,3949.0550000667567
,,,,,3949.0599999427795
,,,,,3949.065000057221
,,,,,3949.069999933243
,,,,,3949.0750000476837
,,,,,3949.079999923706
,,,,,3949.085000038147
,,,,,3949.089999914169
,,,,,3949.09500002861
,,,,,3949.099999904633
,,,,,3949.105000019074
,,,,,3949.109999895096
,,,,,3949.1150000095367
,,,,,3949.119999885559
,,,,,3949.125
,,,,,3949.130000114441
,,,,,3949.1349999904633
,,,,,3949.140000104904
,,,,,3949.1449999809265
,,,,,3949.1500000953683
,,,,,3949.1549999713898
,,,,,3949.1600000858307
,,,,,3949.164999961853
,,,,,3949.170000076294
,,,,,3949.1749999523163
,,,,,3949.1800000667567
,,,,,3949.1849999427795
,,,,,3949.190000057221
,,,,,3949.194999933243
,,,,,3949.2000000476837
,,,,,3949.204999923706
,,,,,3949.210000038147
,,,,,3949.214999914169
,,,,,3949.22000002861
,,,,,3949.224999904633
,,,,,3949.230000019074
,,,,,3949.234999895096
,,,,,3949.2400000095367
,,,,,3949.244999885559
,,,,,3949.25
,,,,,3949.255000114441
,,,,,3949.2599999904633
,,,,,3949.265000104904
,,,,,3949.2699999809265
,,,,,3949.2750000953683
,,,,,3949.2799999713898
,,,,,3949.2850000858307
,,,,,3949.289999961853
,,,,,3949.295000076294
,,,,,3949.2999999523163
,,,,,3949.3050000667567
,,,,,3949.3099999427795
,,,,,3949.315000057221
,,,,,3949.319999933243
,,,,,3949.3250000476837
,,,,,3949.329999923706
,,,,,3949.335000038147
,,,,,3949.339999914169
,,,,,3949.34500002861
,,,,,3949.349999904633
,,,,,3949.355000019074
,,,,,3949.359999895096
,,,,,3949.3650000095367
,,,,,3949.369999885559
,,,,,3949.375
,,,,,3949.380000114441
,,,,,3949.3849999904633
,,,,,3949.390000104904
,,,,,3949.3949999809265
,,,,,3949.4000000953683
,,,,,3949.4049999713898
,,,,,3949.4100000858307
,,,,,3949.414999961853
,,,,,3949.420000076294
,,,,,3949.4249999523163
,,,,,3949.4300000667567
,,,,,3949.4349999427795
,,,,,3949.440000057221
,,,,,3949.444999933243
,,,,,3949.4500000476837
,,,,,3949.454999923706
,,,,,3949.460000038147
,,,,,3949.464999914169
,,,,,3949.47000002861
,,,,,3949.474999904633
,,,,,3949.480000019074
,,,,,3949.484999895096
,,,,,3949.4900000095367
,,,,,3949.494999885559
,,,,,3949.5
,,,,,3949.505000114441
,,,,,3949.5099999904633
,,,,,3949.515000104904
,,,,,3949.5199999809265
,,,,,3949.5250000953683
,,,,,3949.5299999713898
,,,,,3949.5350000858307
,,,,,3949.539999961853
,,,,,3949.545000076294
,,,,,3949.5499999523163
,,,,,3949.5550000667567
,,,,,3949.5599999427795
,,,,,3949.565000057221
,,,,,3949.569999933243
,,,,,3949.5750000476837
,,,,,3949.579999923706
,,,,,3949.585000038147
,,,,,3949.589999914169
,,,,,3949.59500002861
,,,,,3949.599999904633
,,,,,3949.605000019074
,,,,,3949.609999895096
,,,,,3949.6150000095367
,,,,,3949.619999885559
,,,,,3949.625
,,,,,3949.630000114441
,,,,,3949.6349999904633
,,,,,3949.640000104904
,,,,,3949.6449999809265
,,,,,3949.6500000953683
,,,,,3949.6549999713898
,,,,,3949.6600000858307
,,,,,3949.664999961853
,,,,,3949.670000076294
,,,,,3949.6749999523163
,,,,,3949.6800000667567
,,,,,3949.6849999427795
,,,,,3949.690000057221
,,,,,3949.694999933243
,,,,,3949.7000000476837
,,,,,3949.704999923706
,,,,,3949.710000038147
,,,,,3949.714999914169
,,,,,3949.72000002861
,,,,,3949.724999904633
,,,,,3949.730000019074
,,,,,3949.734999895096
,,,,,3949.7400000095367
,,,,,3949.744999885559
,,,,,3949.75
,,,,,3949.755000114441
,,,,,3949.7599999904633
,,,,,3949.765000104904
,,,,,3949.7699999809265
,,,,,3949.7750000953683
,,,,,3949.7799999713898
,,,,,3949.7850000858307
,,,,,3949.789999961853
,,,,,3949.795000076294
,,,,,3949.7999999523163
,,,,,3949.8050000667567
,,,,,3949.8099999427795
,,,,,3949.815000057221
,,,,,3949.819999933243
,,,,,3949.8250000476837
,,,,,3949.829999923706
,,,,,3949.835000038147
,,,,,3949.839999914169
,,,,,3949.84500002861
,,,,,3949.849999904633
,,,,,3949.855000019074
,,,,,3949.859999895096
,,,,,3949.8650000095367
,,,,,3949.869999885559
,,,,,3949.875
,,,,,3949.880000114441
,,,,,3949.8849999904633
,,,,,3949.890000104904
,,,,,3949.8949999809265
,,,,,3949.9000000953683
,,,,,3949.9049999713898
,,,,,3949.9100000858307
,,,,,3949.914999961853
,,,,,3949.920000076294
,,,,,3949.9249999523163
,,,,,3949.9300000667567
,,,,,3949.9349999427795
,,,,,3949.940000057221
,,,,,3949.944999933243
,,,,,3949.9500000476837
,,,,,3949.954999923706
,,,,,3949.960000038147
,,,,,3949.964999914169
,,,,,3949.97000002861
,,,,,3949.974999904633
,,,,,3949.980000019074
,,,,,3949.984999895096
,,,,,3949.9900000095367
,,,,,3949.994999885559
,,,,,3950.0
,,,,,3950.005000114441
,,,,,3950.0099999904633
,,,,,3950.015000104904
,,,,,3950.0199999809265
,,,,,3950.0250000953683
,,,,,3950.0299999713898
,,,,,3950.0350000858307
,,,,,3950.039999961853
,,,,,3950.045000076294
,,,,,3950.0499999523163
,,,,,3950.0550000667567
,,,,,3950.0599999427795
,,,,,3950.065000057221
,,,,,3950.069999933243
,,,,,3950.0750000476837
,,,,,3950.079999923706
,,,,,3950.085000038147
,,,,,3950.089999914169
,,,,,3950.09500002861
,,,,,3950.099999904633
,,,,,3950.105000019074
,,,,,3950.109999895096
,,,,,3950.1150000095367
,,,,,3950.119999885559
,,,,,3950.125
,,,,,3950.130000114441
,,,,,3950.1349999904633
,,,,,3950.140000104904
,,,,,3950.1449999809265
,,,,,3950.1500000953683
,,,,,3950.1549999713898
,,,,,3950.1600000858307
,,,,,3950.164999961853
,,,,,3950.170000076294
,,,,,3950.1749999523163
,,,,,3950.1800000667567
,,,,,3950.1849999427795
,,,,,3950.190000057221
,,,,,3950.194999933243
,,,,,3950.2000000476837
,,,,,3950.204999923706
,,,,,3950.210000038147
,,,,,3950.214999914169
,,,,,3950.22000002861
,,,,,3950.224999904633
,,,,,3950.230000019074
,,,,,3950.234999895096
,,,,,3950.2400000095367
,,,,,3950.244999885559
,,,,,3950.25
,,,,,3950.255000114441
,,,,,3950.2599999904633
,,,,,3950.265000104904
,,,,,3950.2699999809265
,,,,,3950.2750000953683
,,,,,3950.2799999713898
,,,,,3950.2850000858307
,,,,,3950.289999961853
,,,,,3950.295000076294
,,,,,3950.2999999523163
,,,,,3950.3050000667567
,,,,,3950.3099999427795
,,,,,3950.315000057221
,,,,,3950.319999933243
,,,,,3950.3250000476837
,,,,,3950.329999923706
,,,,,3950.335000038147
,,,,,3950.339999914169
,,,,,3950.34500002861
,,,,,3950.349999904633
,,,,,3950.355000019074
,,,,,3950.359999895096
,,,,,3950.3650000095367
,,,,,3950.369999885559
,,,,,3950.375
,,,,,3950.380000114441
,,,,,3950.3849999904633
,,,,,3950.390000104904
,,,,,3950.3949999809265
,,,,,3950.4000000953683
,,,,,3950.4049999713898
,,,,,3950.4100000858307
,,,,,3950.414999961853
,,,,,3950.420000076294
,,,,,3950.4249999523163
,,,,,3950.4300000667567
,,,,,3950.4349999427795
,,,,,3950.440000057221
,,,,,3950.444999933243
,,,,,3950.4500000476837
,,,,,3950.454999923706
,,,,,3950.460000038147
,,,,,3950.464999914169
,,,,,3950.47000002861
,,,,,3950.474999904633
,,,,,3950.480000019074
,,,,,3950.484999895096
,,,,,3950.4900000095367
,,,,,3950.494999885559
,,,,,3950.5
,,,,,3950.505000114441
,,,,,3950.5099999904633
,,,,,3950.515000104904
,,,,,3950.5199999809265
,,,,,3950.5250000953683
,,,,,3950.5299999713898
,,,,,3950.5350000858307
,,,,,3950.539999961853
,,,,,3950.545000076294
,,,,,3950.5499999523163
,,,,,3950.5550000667567
,,,,,3950.5599999427795
,,,,,3950.565000057221
,,,,,3950.569999933243
,,,,,3950.5750000476837
,,,,,3950.579999923706
,,,,,3950.585000038147
,,,,,3950.589999914169
,,,,,3950.59500002861
,,,,,3950.599999904633
,,,,,3950.605000019074
,,,,,3950.609999895096
,,,,,3950.6150000095367
,,,,,3950.619999885559
,,,,,3950.625
,,,,,3950.630000114441
,,,,,3950.6349999904633
,,,,,3950.640000104904
,,,,,3950.6449999809265
,,,,,3950.6500000953683
,,,,,3950.6549999713898
,,,,,3950.6600000858307
,,,,,3950.664999961853
,,,,,3950.670000076294
,,,,,3950.6749999523163
,,,,,3950.6800000667567
,,,,,3950.6849999427795
,,,,,3950.690000057221
,,,,,3950.694999933243
,,,,,3950.7000000476837
,,,,,3950.704999923706
,,,,,3950.710000038147
,,,,,3950.714999914169
,,,,,3950.72000002861
,,,,,3950.724999904633
,,,,,3950.730000019074
,,,,,3950.734999895096
,,,,,3950.7400000095367
,,,,,3950.744999885559
,,,,,3950.75
,,,,,3950.755000114441
,,,,,3950.7599999904633
,,,,,3950.765000104904
,,,,,3950.7699999809265
,,,,,3950.7750000953683
,,,,,3950.7799999713898
,,,,,3950.7850000858307
,,,,,3950.789999961853
,,,,,3950.795000076294
,,,,,3950.7999999523163
,,,,,3950.8050000667567
,,,,,3950.8099999427795
,,,,,3950.815000057221
,,,,,3950.819999933243
,,,,,3950.8250000476837
,,,,,3950.829999923706
,,,,,3950.835000038147
,,,,,3950.839999914169
,,,,,3950.84500002861
,,,,,3950.849999904633
,,,,,3950.855000019074
,,,,,3950.859999895096
,,,,,3950.8650000095367
,,,,,3950.869999885559
,,,,,3950.875
,,,,,3950.880000114441
,,,,,3950.8849999904633
,,,,,3950.890000104904
,,,,,3950.8949999809265
,,,,,3950.9000000953683
,,,,,3950.9049999713898
,,,,,3950.9100000858307
,,,,,3950.914999961853
,,,,,3950.920000076294
,,,,,3950.9249999523163
,,,,,3950.9300000667567
,,,,,3950.9349999427795
,,,,,3950.940000057221
,,,,,3950.944999933243
,,,,,3950.9500000476837
,,,,,3950.954999923706
,,,,,3950.960000038147
,,,,,3950.964999914169
,,,,,3950.97000002861
,,,,,3950.974999904633
,,,,,3950.980000019074
,,,,,3950.984999895096
,,,,,3950.9900000095367
,,,,,3950.994999885559
,,,,,3951.0
,,,,,3951.005000114441
,,,,,3951.0099999904633
,,,,,3951.015000104904
,,,,,3951.0199999809265
,,,,,3951.0250000953683
,,,,,3951.0299999713898
,,,,,3951.0350000858307
,,,,,3951.039999961853
,,,,,3951.045000076294
,,,,,3951.0499999523163
,,,,,3951.0550000667567
,,,,,3951.0599999427795
,,,,,3951.065000057221
,,,,,3951.069999933243
,,,,,3951.0750000476837
,,,,,3951.079999923706
,,,,,3951.085000038147
,,,,,3951.089999914169
,,,,,3951.09500002861
,,,,,3951.099999904633
,,,,,3951.105000019074
,,,,,3951.109999895096
,,,,,3951.1150000095367
,,,,,3951.119999885559
,,,,,3951.125
,,,,,3951.130000114441
,,,,,3951.1349999904633
,,,,,3951.140000104904
,,,,,3951.1449999809265
,,,,,3951.1500000953683
,,,,,3951.1549999713898
,,,,,3951.1600000858307
,,,,,3951.164999961853
,,,,,3951.170000076294
,,,,,3951.1749999523163
,,,,,3951.1800000667567
,,,,,3951.1849999427795
,,,,,3951.190000057221
,,,,,3951.194999933243
,,,,,3951.2000000476837
,,,,,3951.204999923706
,,,,,3951.210000038147
,,,,,3951.214999914169
,,,,,3951.22000002861
,,,,,3951.224999904633
,,,,,3951.230000019074
,,,,,3951.234999895096
,,,,,3951.2400000095367
,,,,,3951.244999885559
,,,,,3951.25
,,,,,3951.255000114441
,,,,,3951.2599999904633
,,,,,3951.265000104904
,,,,,3951.2699999809265
,,,,,3951.2750000953683
,,,,,3951.2799999713898
,,,,,3951.2850000858307
,,,,,3951.289999961853
,,,,,3951.295000076294
,,,,,3951.2999999523163
,,,,,3951.3050000667567
,,,,,3951.3099999427795
,,,,,3951.315000057221
,,,,,3951.319999933243
,,,,,3951.3250000476837
,,,,,3951.329999923706
,,,,,3951.335000038147
,,,,,3951.339999914169
,,,,,3951.34500002861
,,,,,3951.349999904633
,,,,,3951.355000019074
,,,,,3951.359999895096
,,,,,3951.3650000095367
,,,,,3951.369999885559
,,,,,3951.375
,,,,,3951.380000114441
,,,,,3951.3849999904633
,,,,,3951.390000104904
,,,,,3951.3949999809265
,,,,,3951.4000000953683
,,,,,3951.4049999713898
,,,,,3951.4100000858307
,,,,,3951.414999961853
,,,,,3951.420000076294
,,,,,3951.4249999523163
,,,,,3951.4300000667567
,,,,,3951.4349999427795
,,,,,3951.440000057221
,,,,,3951.444999933243
,,,,,3951.4500000476837
,,,,,3951.454999923706
,,,,,3951.460000038147
,,,,,3951.464999914169
,,,,,3951.47000002861
,,,,,3951.474999904633
,,,,,3951.480000019074
,,,,,3951.484999895096
,,,,,3951.4900000095367
,,,,,3951.494999885559
,,,,,3951.5
,,,,,3951.505000114441
,,,,,3951.5099999904633
,,,,,3951.515000104904
,,,,,3951.5199999809265
,,,,,3951.5250000953683
,,,,,3951.5299999713898
,,,,,3951.5350000858307
,,,,,3951.539999961853
,,,,,3951.545000076294
,,,,,3951.5499999523163
,,,,,3951.5550000667567
,,,,,3951.5599999427795
,,,,,3951.565000057221
,,,,,3951.569999933243
,,,,,3951.5750000476837
,,,,,3951.579999923706
,,,,,3951.585000038147
,,,,,3951.589999914169
,,,,,3951.59500002861
,,,,,3951.599999904633
,,,,,3951.605000019074
,,,,,3951.609999895096
,,,,,3951.6150000095367
,,,,,3951.619999885559
,,,,,3951.625
,,,,,3951.630000114441
,,,,,3951.6349999904633
,,,,,3951.640000104904
,,,,,3951.6449999809265
,,,,,3951.6500000953683
,,,,,3951.6549999713898
,,,,,3951.6600000858307
,,,,,3951.664999961853
,,,,,3951.670000076294
,,,,,3951.6749999523163
,,,,,3951.6800000667567
,,,,,3951.6849999427795
,,,,,3951.690000057221
,,,,,3951.694999933243
,,,,,3951.7000000476837
,,,,,3951.704999923706
,,,,,3951.710000038147
,,,,,3951.714999914169
,,,,,3951.72000002861
,,,,,3951.724999904633
,,,,,3951.730000019074
,,,,,3951.734999895096
,,,,,3951.7400000095367
,,,,,3951.744999885559
,,,,,3951.75
,,,,,3951.755000114441
,,,,,3951.7599999904633
,,,,,3951.765000104904
,,,,,3951.7699999809265
,,,,,3951.7750000953683
,,,,,3951.7799999713898
,,,,,3951.7850000858307
,,,,,3951.789999961853
,,,,,3951.795000076294
,,,,,3951.7999999523163
,,,,,3951.8050000667567
,,,,,3951.8099999427795
,,,,,3951.815000057221
,,,,,3951.819999933243
,,,,,3951.8250000476837
,,,,,3951.829999923706
,,,,,3951.835000038147
,,,,,3951.839999914169
,,,,,3951.84500002861
,,,,,3951.849999904633
,,,,,3951.855000019074
,,,,,3951.859999895096
,,,,,3951.8650000095367
,,,,,3951.869999885559
,,,,,3951.875
,,,,,3951.880000114441
,,,,,3951.8849999904633
,,,,,3951.890000104904
,,,,,3951.8949999809265
,,,,,3951.9000000953683
,,,,,3951.9049999713898
,,,,,3951.9100000858307
,,,,,3951.914999961853
,,,,,3951.920000076294
,,,,,3951.9249999523163
,,,,,3951.9300000667567
,,,,,3951.9349999427795
,,,,,3951.940000057221
,,,,,3951.944999933243
,,,,,3951.9500000476837
,,,,,3951.954999923706
,,,,,3951.960000038147
,,,,,3951.964999914169
,,,,,3951.97000002861
,,,,,3951.974999904633
,,,,,3951.980000019074
,,,,,3951.984999895096
,,,,,3951.9900000095367
,,,,,3951.994999885559
,,,,,3952.0
,,,,,3952.005000114441
,,,,,3952.0099999904633
,,,,,3952.015000104904
,,,,,3952.0199999809265
,,,,,3952.0250000953683
,,,,,3952.0299999713898
,,,,,3952.0350000858307
,,,,,3952.039999961853
,,,,,3952.045000076294
,,,,,3952.0499999523163
,,,,,3952.0550000667567
,,,,,3952.0599999427795
,,,,,3952.065000057221
,,,,,3952.069999933243
,,,,,3952.0750000476837
,,,,,3952.079999923706
,,,,,3952.085000038147
,,,,,3952.089999914169
,,,,,3952.09500002861
,,,,,3952.099999904633
,,,,,3952.105000019074
,,,,,3952.109999895096
,,,,,3952.1150000095367
,,,,,3952.119999885559
,,,,,3952.125
,,,,,3952.130000114441
,,,,,3952.1349999904633
,,,,,3952.140000104904
,,,,,3952.1449999809265
,,,,,3952.1500000953683
,,,,,3952.1549999713898
,,,,,3952.1600000858307
,,,,,3952.164999961853
,,,,,3952.170000076294
,,,,,3952.1749999523163
,,,,,3952.1800000667567
,,,,,3952.1849999427795
,,,,,3952.190000057221
,,,,,3952.194999933243
,,,,,3952.2000000476837
,,,,,3952.204999923706
,,,,,3952.210000038147
,,,,,3952.214999914169
,,,,,3952.22000002861
,,,,,3952.224999904633
,,,,,3952.230000019074
,,,,,3952.234999895096
,,,,,3952.2400000095367
,,,,,3952.244999885559
,,,,,3952.25
,,,,,3952.255000114441
,,,,,3952.2599999904633
,,,,,3952.265000104904
,,,,,3952.2699999809265
,,,,,3952.2750000953683
,,,,,3952.2799999713898
,,,,,3952.2850000858307
,,,,,3952.289999961853
,,,,,3952.295000076294
,,,,,3952.2999999523163
,,,,,3952.3050000667567
,,,,,3952.3099999427795
,,,,,3952.315000057221
,,,,,3952.319999933243
,,,,,3952.3250000476837
,,,,,3952.329999923706
,,,,,3952.335000038147
,,,,,3952.339999914169
,,,,,3952.34500002861
,,,,,3952.349999904633
,,,,,3952.355000019074
,,,,,3952.359999895096
,,,,,3952.3650000095367
,,,,,3952.369999885559
,,,,,3952.375
,,,,,3952.380000114441
,,,,,3952.3849999904633
,,,,,3952.390000104904
,,,,,3952.3949999809265
,,,,,3952.4000000953683
,,,,,3952.4049999713898
,,,,,3952.4100000858307
,,,,,3952.414999961853
,,,,,3952.420000076294
,,,,,3952.4249999523163
,,,,,3952.4300000667567
,,,,,3952.4349999427795
,,,,,3952.440000057221
,,,,,3952.444999933243
,,,,,3952.4500000476837
,,,,,3952.454999923706
,,,,,3952.460000038147
,,,,,3952.464999914169
,,,,,3952.47000002861
,,,,,3952.474999904633
,,,,,3952.480000019074
,,,,,3952.484999895096
,,,,,3952.4900000095367
,,,,,3952.494999885559
,,,,,3952.5
,,,,,3952.505000114441
,,,,,3952.5099999904633
,,,,,3952.515000104904
,,,,,3952.5199999809265
,,,,,3952.5250000953683
,,,,,3952.5299999713898
,,,,,3952.5350000858307
,,,,,3952.539999961853
,,,,,3952.545000076294
,,,,,3952.5499999523163
,,,,,3952.5550000667567
,,,,,3952.5599999427795
,,,,,3952.565000057221
,,,,,3952.569999933243
,,,,,3952.5750000476837
,,,,,3952.579999923706
,,,,,3952.585000038147
,,,,,3952.589999914169
,,,,,3952.59500002861
,,,,,3952.599999904633
,,,,,3952.605000019074
,,,,,3952.609999895096
,,,,,3952.6150000095367
,,,,,3952.619999885559
,,,,,3952.625
,,,,,3952.630000114441
,,,,,3952.6349999904633
,,,,,3952.640000104904
,,,,,3952.6449999809265
,,,,,3952.6500000953683
,,,,,3952.6549999713898
,,,,,3952.6600000858307
,,,,,3952.664999961853
,,,,,3952.670000076294
,,,,,3952.6749999523163
,,,,,3952.6800000667567
,,,,,3952.6849999427795
,,,,,3952.690000057221
,,,,,3952.694999933243
,,,,,3952.7000000476837
,,,,,3952.704999923706
,,,,,3952.710000038147
,,,,,3952.714999914169
,,,,,3952.72000002861
,,,,,3952.724999904633
,,,,,3952.730000019074
,,,,,3952.734999895096
,,,,,3952.7400000095367
,,,,,3952.744999885559
,,,,,3952.75
,,,,,3952.755000114441
,,,,,3952.7599999904633
,,,,,3952.765000104904
,,,,,3952.7699999809265
,,,,,3952.7750000953683
,,,,,3952.7799999713898
,,,,,3952.7850000858307
,,,,,3952.789999961853
,,,,,3952.795000076294
,,,,,3952.7999999523163
,,,,,3952.8050000667567
,,,,,3952.8099999427795
,,,,,3952.815000057221
,,,,,3952.819999933243
,,,,,3952.8250000476837
,,,,,3952.829999923706
,,,,,3952.835000038147
,,,,,3952.839999914169
,,,,,3952.84500002861
,,,,,3952.849999904633
,,,,,3952.855000019074
,,,,,3952.859999895096
,,,,,3952.8650000095367
,,,,,3952.869999885559
,,,,,3952.875
,,,,,3952.880000114441
,,,,,3952.8849999904633
,,,,,3952.890000104904
,,,,,3952.8949999809265
,,,,,3952.9000000953683
,,,,,3952.9049999713898
,,,,,3952.9100000858307
,,,,,3952.914999961853
,,,,,3952.920000076294
,,,,,3952.9249999523163
,,,,,3952.9300000667567
,,,,,3952.9349999427795
,,,,,3952.940000057221
,,,,,3952.944999933243
,,,,,3952.9500000476837
,,,,,3952.954999923706
,,,,,3952.960000038147
,,,,,3952.964999914169
,,,,,3952.97000002861
,,,,,3952.974999904633
,,,,,3952.980000019074
,,,,,3952.984999895096
,,,,,3952.9900000095367
,,,,,3952.994999885559
,,,,,3953.0
,,,,,3953.005000114441
,,,,,3953.0099999904633
,,,,,3953.015000104904
,,,,,3953.0199999809265
,,,,,3953.0250000953683
,,,,,3953.0299999713898
,,,,,3953.0350000858307
,,,,,3953.039999961853
,,,,,3953.045000076294
,,,,,3953.0499999523163
,,,,,3953.0550000667567
,,,,,3953.0599999427795
,,,,,3953.065000057221
,,,,,3953.069999933243
,,,,,3953.0750000476837
,,,,,3953.079999923706
,,,,,3953.085000038147
,,,,,3953.089999914169
,,,,,3953.09500002861
,,,,,3953.099999904633
,,,,,3953.105000019074
,,,,,3953.109999895096
,,,,,3953.1150000095367
,,,,,3953.119999885559
,,,,,3953.125
,,,,,3953.130000114441
,,,,,3953.1349999904633
,,,,,3953.140000104904
,,,,,3953.1449999809265
,,,,,3953.1500000953683
,,,,,3953.1549999713898
,,,,,3953.1600000858307
,,,,,3953.164999961853
,,,,,3953.170000076294
,,,,,3953.1749999523163
,,,,,3953.1800000667567
,,,,,3953.1849999427795
,,,,,3953.190000057221
,,,,,3953.194999933243
,,,,,3953.2000000476837
,,,,,3953.204999923706
,,,,,3953.210000038147
,,,,,3953.214999914169
,,,,,3953.22000002861
,,,,,3953.224999904633
,,,,,3953.230000019074
,,,,,3953.234999895096
,,,,,3953.2400000095367
,,,,,3953.244999885559
,,,,,3953.25
,,,,,3953.255000114441
,,,,,3953.2599999904633
,,,,,3953.265000104904
,,,,,3953.2699999809265
,,,,,3953.2750000953683
,,,,,3953.2799999713898
,,,,,3953.2850000858307
,,,,,3953.289999961853
,,,,,3953.295000076294
,,,,,3953.2999999523163
,,,,,3953.3050000667567
,,,,,3953.3099999427795
,,,,,3953.315000057221
,,,,,3953.319999933243
,,,,,3953.3250000476837
,,,,,3953.329999923706
,,,,,3953.335000038147
,,,,,3953.339999914169
,,,,,3953.34500002861
,,,,,3953.349999904633
,,,,,3953.355000019074
,,,,,3953.359999895096
,,,,,3953.3650000095367
,,,,,3953.369999885559
,,,,,3953.375
,,,,,3953.380000114441
,,,,,3953.3849999904633
,,,,,3953.390000104904
,,,,,3953.3949999809265
,,,,,3953.4000000953683
,,,,,3953.4049999713898
,,,,,3953.4100000858307
,,,,,3953.414999961853
,,,,,3953.420000076294
,,,,,3953.4249999523163
,,,,,3953.4300000667567
,,,,,3953.4349999427795
,,,,,3953.440000057221
,,,,,3953.444999933243
,,,,,3953.4500000476837
,,,,,3953.454999923706
,,,,,3953.460000038147
,,,,,3953.464999914169
,,,,,3953.47000002861
,,,,,3953.474999904633
,,,,,3953.480000019074
,,,,,3953.484999895096
,,,,,3953.4900000095367
,,,,,3953.494999885559
,,,,,3953.5
,,,,,3953.505000114441
,,,,,3953.5099999904633
,,,,,3953.515000104904
,,,,,3953.5199999809265
,,,,,3953.5250000953683
,,,,,3953.5299999713898
,,,,,3953.5350000858307
,,,,,3953.539999961853
,,,,,3953.545000076294
,,,,,3953.5499999523163
,,,,,3953.5550000667567
,,,,,3953.5599999427795
,,,,,3953.565000057221
,,,,,3953.569999933243
,,,,,3953.5750000476837
,,,,,3953.579999923706
,,,,,3953.585000038147
,,,,,3953.589999914169
,,,,,3953.59500002861
,,,,,3953.599999904633
,,,,,3953.605000019074
,,,,,3953.609999895096
,,,,,3953.6150000095367
,,,,,3953.619999885559
,,,,,3953.625
,,,,,3953.630000114441
,,,,,3953.6349999904633
,,,,,3953.640000104904
,,,,,3953.6449999809265
,,,,,3953.6500000953683
,,,,,3953.6549999713898
,,,,,3953.6600000858307
,,,,,3953.664999961853
,,,,,3953.670000076294
,,,,,3953.6749999523163
,,,,,3953.6800000667567
,,,,,3953.6849999427795
,,,,,3953.690000057221
,,,,,3953.694999933243
,,,,,3953.7000000476837
,,,,,3953.704999923706
,,,,,3953.710000038147
,,,,,3953.714999914169
,,,,,3953.72000002861
,,,,,3953.724999904633
,,,,,3953.730000019074
,,,,,3953.734999895096
,,,,,3953.7400000095367
,,,,,3953.744999885559
,,,,,3953.75
,,,,,3953.755000114441
,,,,,3953.7599999904633
,,,,,3953.765000104904
,,,,,3953.7699999809265
,,,,,3953.7750000953683
,,,,,3953.7799999713898
,,,,,3953.7850000858307
,,,,,3953.789999961853
,,,,,3953.795000076294
,,,,,3953.7999999523163
,,,,,3953.8050000667567
,,,,,3953.8099999427795
,,,,,3953.815000057221
,,,,,3953.819999933243
,,,,,3953.8250000476837
,,,,,3953.829999923706
,,,,,3953.835000038147
,,,,,3953.839999914169
,,,,,3953.84500002861
,,,,,3953.849999904633
,,,,,3953.855000019074
,,,,,3953.859999895096
,,,,,3953.8650000095367
,,,,,3953.869999885559
,,,,,3953.875
,,,,,3953.880000114441
,,,,,3953.8849999904633
,,,,,3953.890000104904
,,,,,3953.8949999809265
,,,,,3953.9000000953683
,,,,,3953.9049999713898
,,,,,3953.9100000858307
,,,,,3953.914999961853
,,,,,3953.920000076294
,,,,,3953.9249999523163
,,,,,3953.9300000667567
,,,,,3953.9349999427795
,,,,,3953.940000057221
,,,,,3953.944999933243
,,,,,3953.9500000476837
,,,,,3953.954999923706
,,,,,3953.960000038147
,,,,,3953.964999914169
,,,,,3953.97000002861
,,,,,3953.974999904633
,,,,,3953.980000019074
,,,,,3953.984999895096
,,,,,3953.9900000095367
,,,,,3953.994999885559
,,,,,3954.0
,,,,,3954.005000114441
,,,,,3954.0099999904633
,,,,,3954.015000104904
,,,,,3954.0199999809265
,,,,,3954.0250000953683
,,,,,3954.0299999713898
,,,,,3954.0350000858307
,,,,,3954.039999961853
,,,,,3954.045000076294
,,,,,3954.0499999523163
,,,,,3954.0550000667567
,,,,,3954.0599999427795
,,,,,3954.065000057221
,,,,,3954.069999933243
,,,,,3954.0750000476837
,,,,,3954.079999923706
,,,,,3954.085000038147
,,,,,3954.089999914169
,,,,,3954.09500002861
,,,,,3954.099999904633
,,,,,3954.105000019074
,,,,,3954.109999895096
,,,,,3954.1150000095367
,,,,,3954.119999885559
,,,,,3954.125
,,,,,3954.130000114441
,,,,,3954.1349999904633
,,,,,3954.140000104904
,,,,,3954.1449999809265
,,,,,3954.1500000953683
,,,,,3954.1549999713898
,,,,,3954.1600000858307
,,,,,3954.164999961853
,,,,,3954.170000076294
,,,,,3954.1749999523163
,,,,,3954.1800000667567
,,,,,3954.1849999427795
,,,,,3954.190000057221
,,,,,3954.194999933243
,,,,,3954.2000000476837
,,,,,3954.204999923706
,,,,,3954.210000038147
,,,,,3954.214999914169
,,,,,3954.22000002861
,,,,,3954.224999904633
,,,,,3954.230000019074
,,,,,3954.234999895096
,,,,,3954.2400000095367
,,,,,3954.244999885559
,,,,,3954.25
,,,,,3954.255000114441
,,,,,3954.2599999904633
,,,,,3954.265000104904
,,,,,3954.2699999809265
,,,,,3954.2750000953683
,,,,,3954.2799999713898
,,,,,3954.2850000858307
,,,,,3954.289999961853
,,,,,3954.295000076294
,,,,,3954.2999999523163
,,,,,3954.3050000667567
,,,,,3954.3099999427795
,,,,,3954.315000057221
,,,,,3954.319999933243
,,,,,3954.3250000476837
,,,,,3954.329999923706
,,,,,3954.335000038147
,,,,,3954.339999914169
,,,,,3954.34500002861
,,,,,3954.349999904633
,,,,,3954.355000019074
,,,,,3954.359999895096
,,,,,3954.3650000095367
,,,,,3954.369999885559
,,,,,3954.375
,,,,,3954.380000114441
,,,,,3954.3849999904633
,,,,,3954.390000104904
,,,,,3954.3949999809265
,,,,,3954.4000000953683
,,,,,3954.4049999713898
,,,,,3954.4100000858307
,,,,,3954.414999961853
,,,,,3954.420000076294
,,,,,3954.4249999523163
,,,,,3954.4300000667567
,,,,,3954.4349999427795
,,,,,3954.440000057221
,,,,,3954.444999933243
,,,,,3954.4500000476837
,,,,,3954.454999923706
,,,,,3954.460000038147
,,,,,3954.464999914169
,,,,,3954.47000002861
,,,,,3954.474999904633
,,,,,3954.480000019074
,,,,,3954.484999895096
,,,,,3954.4900000095367
,,,,,3954.494999885559
,,,,,3954.5
,,,,,3954.505000114441
,,,,,3954.5099999904633
,,,,,3954.515000104904
,,,,,3954.5199999809265
,,,,,3954.5250000953683
,,,,,3954.5299999713898
,,,,,3954.5350000858307
,,,,,3954.539999961853
,,,,,3954.545000076294
,,,,,3954.5499999523163
,,,,,3954.5550000667567
,,,,,3954.5599999427795
,,,,,3954.565000057221
,,,,,3954.569999933243
,,,,,3954.5750000476837
,,,,,3954.579999923706
,,,,,3954.585000038147
,,,,,3954.589999914169
,,,,,3954.59500002861
,,,,,3954.599999904633
,,,,,3954.605000019074
,,,,,3954.609999895096
,,,,,3954.6150000095367
,,,,,3954.619999885559
,,,,,3954.625
,,,,,3954.630000114441
,,,,,3954.6349999904633
,,,,,3954.640000104904
,,,,,3954.6449999809265
,,,,,3954.6500000953683
,,,,,3954.6549999713898
,,,,,3954.6600000858307
,,,,,3954.664999961853
,,,,,3954.670000076294
,,,,,3954.6749999523163
,,,,,3954.6800000667567
,,,,,3954.6849999427795
,,,,,3954.690000057221
,,,,,3954.694999933243
,,,,,3954.7000000476837
,,,,,3954.704999923706
,,,,,3954.710000038147
,,,,,3954.714999914169
,,,,,3954.72000002861
,,,,,3954.724999904633
,,,,,3954.730000019074
,,,,,3954.734999895096
,,,,,3954.7400000095367
,,,,,3954.744999885559
,,,,,3954.75
,,,,,3954.755000114441
,,,,,3954.7599999904633
,,,,,3954.765000104904
,,,,,3954.7699999809265
,,,,,3954.7750000953683
,,,,,3954.7799999713898
,,,,,3954.7850000858307
,,,,,3954.789999961853
,,,,,3954.795000076294
,,,,,3954.7999999523163
,,,,,3954.8050000667567
,,,,,3954.8099999427795
,,,,,3954.815000057221
,,,,,3954.819999933243
,,,,,3954.8250000476837
,,,,,3954.829999923706
,,,,,3954.835000038147
,,,,,3954.839999914169
,,,,,3954.84500002861
,,,,,3954.849999904633
,,,,,3954.855000019074
,,,,,3954.859999895096
,,,,,3954.8650000095367
,,,,,3954.869999885559
,,,,,3954.875
,,,,,3954.880000114441
,,,,,3954.8849999904633
,,,,,3954.890000104904
,,,,,3954.8949999809265
,,,,,3954.9000000953683
,,,,,3954.9049999713898
,,,,,3954.9100000858307
,,,,,3954.914999961853
,,,,,3954.920000076294
,,,,,3954.9249999523163
,,,,,3954.9300000667567
,,,,,3954.9349999427795
,,,,,3954.940000057221
,,,,,3954.944999933243
,,,,,3954.9500000476837
,,,,,3954.954999923706
,,,,,3954.960000038147
,,,,,3954.964999914169
,,,,,3954.97000002861
,,,,,3954.974999904633
,,,,,3954.980000019074
,,,,,3954.984999895096
,,,,,3954.9900000095367
,,,,,3954.994999885559
,,,,,3955.0
,,,,,3955.005000114441
,,,,,3955.0099999904633
,,,,,3955.015000104904
,,,,,3955.0199999809265
,,,,,3955.0250000953683
,,,,,3955.0299999713898
,,,,,3955.0350000858307
,,,,,3955.039999961853
,,,,,3955.045000076294
,,,,,3955.0499999523163
,,,,,3955.0550000667567
,,,,,3955.0599999427795
,,,,,3955.065000057221
,,,,,3955.069999933243
,,,,,3955.0750000476837
,,,,,3955.079999923706
,,,,,3955.085000038147
,,,,,3955.089999914169
,,,,,3955.09500002861
,,,,,3955.099999904633
,,,,,3955.105000019074
,,,,,3955.109999895096
,,,,,3955.1150000095367
,,,,,3955.119999885559
,,,,,3955.125
,,,,,3955.130000114441
,,,,,3955.1349999904633
,,,,,3955.140000104904
,,,,,3955.1449999809265
,,,,,3955.1500000953683
,,,,,3955.1549999713898
,,,,,3955.1600000858307
,,,,,3955.164999961853
,,,,,3955.170000076294
,,,,,3955.1749999523163
,,,,,3955.1800000667567
,,,,,3955.1849999427795
,,,,,3955.190000057221
,,,,,3955.194999933243
,,,,,3955.2000000476837
,,,,,3955.204999923706
,,,,,3955.210000038147
,,,,,3955.214999914169
,,,,,3955.22000002861
,,,,,3955.224999904633
,,,,,3955.230000019074
,,,,,3955.234999895096
,,,,,3955.2400000095367
,,,,,3955.244999885559
,,,,,3955.25
,,,,,3955.255000114441
,,,,,3955.2599999904633
,,,,,3955.265000104904
,,,,,3955.2699999809265
,,,,,3955.2750000953683
,,,,,3955.2799999713898
,,,,,3955.2850000858307
,,,,,3955.289999961853
,,,,,3955.295000076294
,,,,,3955.2999999523163
,,,,,3955.3050000667567
,,,,,3955.3099999427795
,,,,,3955.315000057221
,,,,,3955.319999933243
,,,,,3955.3250000476837
,,,,,3955.329999923706
,,,,,3955.335000038147
,,,,,3955.339999914169
,,,,,3955.34500002861
,,,,,3955.349999904633
,,,,,3955.355000019074
,,,,,3955.359999895096
,,,,,3955.3650000095367
,,,,,3955.369999885559
,,,,,3955.375
,,,,,3955.380000114441
,,,,,3955.3849999904633
,,,,,3955.390000104904
,,,,,3955.3949999809265
,,,,,3955.4000000953683
,,,,,3955.4049999713898
,,,,,3955.4100000858307
,,,,,3955.414999961853
,,,,,3955.420000076294
,,,,,3955.4249999523163
,,,,,3955.4300000667567
,,,,,3955.4349999427795
,,,,,3955.440000057221
,,,,,3955.444999933243
,,,,,3955.4500000476837
,,,,,3955.454999923706
,,,,,3955.460000038147
,,,,,3955.464999914169
,,,,,3955.47000002861
,,,,,3955.474999904633
,,,,,3955.480000019074
,,,,,3955.484999895096
,,,,,3955.4900000095367
,,,,,3955.494999885559
,,,,,3955.5
,,,,,3955.505000114441
,,,,,3955.5099999904633
,,,,,3955.515000104904
,,,,,3955.5199999809265
,,,,,3955.5250000953683
,,,,,3955.5299999713898
,,,,,3955.5350000858307
,,,,,3955.539999961853
,,,,,3955.545000076294
,,,,,3955.5499999523163
,,,,,3955.5550000667567
,,,,,3955.5599999427795
,,,,,3955.565000057221
,,,,,3955.569999933243
,,,,,3955.5750000476837
,,,,,3955.579999923706
,,,,,3955.585000038147
,,,,,3955.589999914169
,,,,,3955.59500002861
,,,,,3955.599999904633
,,,,,3955.605000019074
,,,,,3955.609999895096
,,,,,3955.6150000095367
,,,,,3955.619999885559
,,,,,3955.625
,,,,,3955.630000114441
,,,,,3955.6349999904633
,,,,,3955.640000104904
,,,,,3955.6449999809265
,,,,,3955.6500000953683
,,,,,3955.6549999713898
,,,,,3955.6600000858307
,,,,,3955.664999961853
,,,,,3955.670000076294
,,,,,3955.6749999523163
,,,,,3955.6800000667567
,,,,,3955.6849999427795
,,,,,3955.690000057221
,,,,,3955.694999933243
,,,,,3955.7000000476837
,,,,,3955.704999923706
,,,,,3955.710000038147
,,,,,3955.714999914169
,,,,,3955.72000002861
,,,,,3955.724999904633
,,,,,3955.730000019074
,,,,,3955.734999895096
,,,,,3955.7400000095367
,,,,,3955.744999885559
,,,,,3955.75
,,,,,3955.755000114441
,,,,,3955.7599999904633
,,,,,3955.765000104904
,,,,,3955.7699999809265
,,,,,3955.7750000953683
,,,,,3955.7799999713898
,,,,,3955.7850000858307
,,,,,3955.789999961853
,,,,,3955.795000076294
,,,,,3955.7999999523163
,,,,,3955.8050000667567
,,,,,3955.8099999427795
,,,,,3955.815000057221
,,,,,3955.819999933243
,,,,,3955.8250000476837
,,,,,3955.829999923706
,,,,,3955.835000038147
,,,,,3955.839999914169
,,,,,3955.84500002861
,,,,,3955.849999904633
,,,,,3955.855000019074
,,,,,3955.859999895096
,,,,,3955.8650000095367
,,,,,3955.869999885559
,,,,,3955.875
,,,,,3955.880000114441
,,,,,3955.8849999904633
,,,,,3955.890000104904
,,,,,3955.8949999809265
,,,,,3955.9000000953683
,,,,,3955.9049999713898
,,,,,3955.9100000858307
,,,,,3955.914999961853
,,,,,3955.920000076294
,,,,,3955.9249999523163
,,,,,3955.9300000667567
,,,,,3955.9349999427795
,,,,,3955.940000057221
,,,,,3955.944999933243
,,,,,3955.9500000476837
,,,,,3955.954999923706
,,,,,3955.960000038147
,,,,,3955.964999914169
,,,,,3955.97000002861
,,,,,3955.974999904633
,,,,,3955.980000019074
,,,,,3955.984999895096
,,,,,3955.9900000095367
,,,,,3955.994999885559
,,,,,3956.0
,,,,,3956.005000114441
,,,,,3956.0099999904633
,,,,,3956.015000104904
,,,,,3956.0199999809265
,,,,,3956.0250000953683
,,,,,3956.0299999713898
,,,,,3956.0350000858307
,,,,,3956.039999961853
,,,,,3956.045000076294
,,,,,3956.0499999523163
,,,,,3956.0550000667567
,,,,,3956.0599999427795
,,,,,3956.065000057221
,,,,,3956.069999933243
,,,,,3956.0750000476837
,,,,,3956.079999923706
,,,,,3956.085000038147
,,,,,3956.089999914169
,,,,,3956.09500002861
,,,,,3956.099999904633
,,,,,3956.105000019074
,,,,,3956.109999895096
,,,,,3956.1150000095367
,,,,,3956.119999885559
,,,,,3956.125
,,,,,3956.130000114441
,,,,,3956.1349999904633
,,,,,3956.140000104904
,,,,,3956.1449999809265
,,,,,3956.1500000953683
,,,,,3956.1549999713898
,,,,,3956.1600000858307
,,,,,3956.164999961853
,,,,,3956.170000076294
,,,,,3956.1749999523163
,,,,,3956.1800000667567
,,,,,3956.1849999427795
,,,,,3956.190000057221
,,,,,3956.194999933243
,,,,,3956.2000000476837
,,,,,3956.204999923706
,,,,,3956.210000038147
,,,,,3956.214999914169
,,,,,3956.22000002861
,,,,,3956.224999904633
,,,,,3956.230000019074
,,,,,3956.234999895096
,,,,,3956.2400000095367
,,,,,3956.244999885559
,,,,,3956.25
,,,,,3956.255000114441
,,,,,3956.2599999904633
,,,,,3956.265000104904
,,,,,3956.2699999809265
,,,,,3956.2750000953683
,,,,,3956.2799999713898
,,,,,3956.2850000858307
,,,,,3956.289999961853
,,,,,3956.295000076294
,,,,,3956.2999999523163
,,,,,3956.3050000667567
,,,,,3956.3099999427795
,,,,,3956.315000057221
,,,,,3956.319999933243
,,,,,3956.3250000476837
,,,,,3956.329999923706
,,,,,3956.335000038147
,,,,,3956.339999914169
,,,,,3956.34500002861
,,,,,3956.349999904633
,,,,,3956.355000019074
,,,,,3956.359999895096
,,,,,3956.3650000095367
,,,,,3956.369999885559
,,,,,3956.375
,,,,,3956.380000114441
,,,,,3956.3849999904633
,,,,,3956.390000104904
,,,,,3956.3949999809265
,,,,,3956.4000000953683
,,,,,3956.4049999713898
,,,,,3956.4100000858307
,,,,,3956.414999961853
,,,,,3956.420000076294
,,,,,3956.4249999523163
,,,,,3956.4300000667567
,,,,,3956.4349999427795
,,,,,3956.440000057221
,,,,,3956.444999933243
,,,,,3956.4500000476837
,,,,,3956.454999923706
,,,,,3956.460000038147
,,,,,3956.464999914169
,,,,,3956.47000002861
,,,,,3956.474999904633
,,,,,3956.480000019074
,,,,,3956.484999895096
,,,,,3956.4900000095367
,,,,,3956.494999885559
,,,,,3956.5
,,,,,3956.505000114441
,,,,,3956.5099999904633
,,,,,3956.515000104904
,,,,,3956.5199999809265
,,,,,3956.5250000953683
,,,,,3956.5299999713898
,,,,,3956.5350000858307
,,,,,3956.539999961853
,,,,,3956.545000076294
,,,,,3956.5499999523163
,,,,,3956.5550000667567
,,,,,3956.5599999427795
,,,,,3956.565000057221
,,,,,3956.569999933243
,,,,,3956.5750000476837
,,,,,3956.579999923706
,,,,,3956.585000038147
,,,,,3956.589999914169
,,,,,3956.59500002861
,,,,,3956.599999904633
,,,,,3956.605000019074
,,,,,3956.609999895096
,,,,,3956.6150000095367
,,,,,3956.619999885559
,,,,,3956.625
,,,,,3956.630000114441
,,,,,3956.6349999904633
,,,,,3956.640000104904
,,,,,3956.6449999809265
,,,,,3956.6500000953683
,,,,,3956.6549999713898
,,,,,3956.6600000858307
,,,,,3956.664999961853
,,,,,3956.670000076294
,,,,,3956.6749999523163
,,,,,3956.6800000667567
,,,,,3956.6849999427795
,,,,,3956.690000057221
,,,,,3956.694999933243
,,,,,3956.7000000476837
,,,,,3956.704999923706
,,,,,3956.710000038147
,,,,,3956.714999914169
,,,,,3956.72000002861
,,,,,3956.724999904633
,,,,,3956.730000019074
,,,,,3956.734999895096
,,,,,3956.7400000095367
,,,,,3956.744999885559
,,,,,3956.75
,,,,,3956.755000114441
,,,,,3956.7599999904633
,,,,,3956.765000104904
,,,,,3956.7699999809265
,,,,,3956.7750000953683
,,,,,3956.7799999713898
,,,,,3956.7850000858307
,,,,,3956.789999961853
,,,,,3956.795000076294
,,,,,3956.7999999523163
,,,,,3956.8050000667567
,,,,,3956.8099999427795
,,,,,3956.815000057221
,,,,,3956.819999933243
,,,,,3956.8250000476837
,,,,,3956.829999923706
,,,,,3956.835000038147
,,,,,3956.839999914169
,,,,,3956.84500002861
,,,,,3956.849999904633
,,,,,3956.855000019074
,,,,,3956.859999895096
,,,,,3956.8650000095367
,,,,,3956.869999885559
,,,,,3956.875
,,,,,3956.880000114441
,,,,,3956.8849999904633
,,,,,3956.890000104904
,,,,,3956.8949999809265
,,,,,3956.9000000953683
,,,,,3956.9049999713898
,,,,,3956.9100000858307
,,,,,3956.914999961853
,,,,,3956.920000076294
,,,,,3956.9249999523163
,,,,,3956.9300000667567
,,,,,3956.9349999427795
,,,,,3956.940000057221
,,,,,3956.944999933243
,,,,,3956.9500000476837
,,,,,3956.954999923706
,,,,,3956.960000038147
,,,,,3956.964999914169
,,,,,3956.97000002861
,,,,,3956.974999904633
,,,,,3956.980000019074
,,,,,3956.984999895096
,,,,,3956.9900000095367
,,,,,3956.994999885559
,,,,,3957.0
,,,,,3957.005000114441
,,,,,3957.0099999904633
,,,,,3957.015000104904
,,,,,3957.0199999809265
,,,,,3957.0250000953683
,,,,,3957.0299999713898
,,,,,3957.0350000858307
,,,,,3957.039999961853
,,,,,3957.045000076294
,,,,,3957.0499999523163
,,,,,3957.0550000667567
,,,,,3957.0599999427795
,,,,,3957.065000057221
,,,,,3957.069999933243
,,,,,3957.0750000476837
,,,,,3957.079999923706
,,,,,3957.085000038147
,,,,,3957.089999914169
,,,,,3957.09500002861
,,,,,3957.099999904633
,,,,,3957.105000019074
,,,,,3957.109999895096
,,,,,3957.1150000095367
,,,,,3957.119999885559
,,,,,3957.125
,,,,,3957.130000114441
,,,,,3957.1349999904633
,,,,,3957.140000104904
,,,,,3957.1449999809265
,,,,,3957.1500000953683
,,,,,3957.1549999713898
,,,,,3957.1600000858307
,,,,,3957.164999961853
,,,,,3957.170000076294
,,,,,3957.1749999523163
,,,,,3957.1800000667567
,,,,,3957.1849999427795
,,,,,3957.190000057221
,,,,,3957.194999933243
,,,,,3957.2000000476837
,,,,,3957.204999923706
,,,,,3957.210000038147
,,,,,3957.214999914169
,,,,,3957.22000002861
,,,,,3957.224999904633
,,,,,3957.230000019074
,,,,,3957.234999895096
,,,,,3957.2400000095367
,,,,,3957.244999885559
,,,,,3957.25
,,,,,3957.255000114441
,,,,,3957.2599999904633
,,,,,3957.265000104904
,,,,,3957.2699999809265
,,,,,3957.2750000953683
,,,,,3957.2799999713898
,,,,,3957.2850000858307
,,,,,3957.289999961853
,,,,,3957.295000076294
,,,,,3957.2999999523163
,,,,,3957.3050000667567
,,,,,3957.3099999427795
,,,,,3957.315000057221
,,,,,3957.319999933243
,,,,,3957.3250000476837
,,,,,3957.329999923706
,,,,,3957.335000038147
,,,,,3957.339999914169
,,,,,3957.34500002861
,,,,,3957.349999904633
,,,,,3957.355000019074
,,,,,3957.359999895096
,,,,,3957.3650000095367
,,,,,3957.369999885559
,,,,,3957.375
,,,,,3957.380000114441
,,,,,3957.3849999904633
,,,,,3957.390000104904
,,,,,3957.3949999809265
,,,,,3957.4000000953683
,,,,,3957.4049999713898
,,,,,3957.4100000858307
,,,,,3957.414999961853
,,,,,3957.420000076294
,,,,,3957.4249999523163
,,,,,3957.4300000667567
,,,,,3957.4349999427795
,,,,,3957.440000057221
,,,,,3957.444999933243
,,,,,3957.4500000476837
,,,,,3957.454999923706
,,,,,3957.460000038147
,,,,,3957.464999914169
,,,,,3957.47000002861
,,,,,3957.474999904633
,,,,,3957.480000019074
,,,,,3957.484999895096
,,,,,3957.4900000095367
,,,,,3957.494999885559
,,,,,3957.5
,,,,,3957.505000114441
,,,,,3957.5099999904633
,,,,,3957.515000104904
,,,,,3957.5199999809265
,,,,,3957.5250000953683
,,,,,3957.5299999713898
,,,,,3957.5350000858307
,,,,,3957.539999961853
,,,,,3957.545000076294
,,,,,3957.5499999523163
,,,,,3957.5550000667567
,,,,,3957.5599999427795
,,,,,3957.565000057221
,,,,,3957.569999933243
,,,,,3957.5750000476837
,,,,,3957.579999923706
,,,,,3957.585000038147
,,,,,3957.589999914169
,,,,,3957.59500002861
,,,,,3957.599999904633
,,,,,3957.605000019074
,,,,,3957.609999895096
,,,,,3957.6150000095367
,,,,,3957.619999885559
,,,,,3957.625
,,,,,3957.630000114441
,,,,,3957.6349999904633
,,,,,3957.640000104904
,,,,,3957.6449999809265
,,,,,3957.6500000953683
,,,,,3957.6549999713898
,,,,,3957.6600000858307
,,,,,3957.664999961853
,,,,,3957.670000076294
,,,,,3957.6749999523163
,,,,,3957.6800000667567
,,,,,3957.6849999427795
,,,,,3957.690000057221
,,,,,3957.694999933243
,,,,,3957.7000000476837
,,,,,3957.704999923706
,,,,,3957.710000038147
,,,,,3957.714999914169
,,,,,3957.72000002861
,,,,,3957.724999904633
,,,,,3957.730000019074
,,,,,3957.734999895096
,,,,,3957.7400000095367
,,,,,3957.744999885559
,,,,,3957.75
,,,,,3957.755000114441
,,,,,3957.7599999904633
,,,,,3957.765000104904
,,,,,3957.7699999809265
,,,,,3957.7750000953683
,,,,,3957.7799999713898
,,,,,3957.7850000858307
,,,,,3957.789999961853
,,,,,3957.795000076294
,,,,,3957.7999999523163
,,,,,3957.8050000667567
,,,,,3957.8099999427795
,,,,,3957.815000057221
,,,,,3957.819999933243
,,,,,3957.8250000476837
,,,,,3957.829999923706
,,,,,3957.835000038147
,,,,,3957.839999914169
,,,,,3957.84500002861
,,,,,3957.849999904633
,,,,,3957.855000019074
,,,,,3957.859999895096
,,,,,3957.8650000095367
,,,,,3957.869999885559
,,,,,3957.875
,,,,,3957.880000114441
,,,,,3957.8849999904633
,,,,,3957.890000104904
,,,,,3957.8949999809265
,,,,,3957.9000000953683
,,,,,3957.9049999713898
,,,,,3957.9100000858307
,,,,,3957.914999961853
,,,,,3957.920000076294
,,,,,3957.9249999523163
,,,,,3957.9300000667567
,,,,,3957.9349999427795
,,,,,3957.940000057221
,,,,,3957.944999933243
,,,,,3957.9500000476837
,,,,,3957.954999923706
,,,,,3957.960000038147
,,,,,3957.964999914169
,,,,,3957.97000002861
,,,,,3957.974999904633
,,,,,3957.980000019074
,,,,,3957.984999895096
,,,,,3957.9900000095367
,,,,,3957.994999885559
,,,,,3958.0
,,,,,3958.005000114441
,,,,,3958.0099999904633
,,,,,3958.015000104904
,,,,,3958.0199999809265
,,,,,3958.0250000953683
,,,,,3958.0299999713898
,,,,,3958.0350000858307
,,,,,3958.039999961853
,,,,,3958.045000076294
,,,,,3958.0499999523163
,,,,,3958.0550000667567
,,,,,3958.0599999427795
,,,,,3958.065000057221
,,,,,3958.069999933243
,,,,,3958.0750000476837
,,,,,3958.079999923706
,,,,,3958.085000038147
,,,,,3958.089999914169
,,,,,3958.09500002861
,,,,,3958.099999904633
,,,,,3958.105000019074
,,,,,3958.109999895096
,,,,,3958.1150000095367
,,,,,3958.119999885559
,,,,,3958.125
,,,,,3958.130000114441
,,,,,3958.1349999904633
,,,,,3958.140000104904
,,,,,3958.1449999809265
,,,,,3958.1500000953683
,,,,,3958.1549999713898
,,,,,3958.1600000858307
,,,,,3958.164999961853
,,,,,3958.170000076294
,,,,,3958.1749999523163
,,,,,3958.1800000667567
,,,,,3958.1849999427795
,,,,,3958.190000057221
,,,,,3958.194999933243
,,,,,3958.2000000476837
,,,,,3958.204999923706
,,,,,3958.210000038147
,,,,,3958.214999914169
,,,,,3958.22000002861
,,,,,3958.224999904633
,,,,,3958.230000019074
,,,,,3958.234999895096
,,,,,3958.2400000095367
,,,,,3958.244999885559
,,,,,3958.25
,,,,,3958.255000114441
,,,,,3958.2599999904633
,,,,,3958.265000104904
,,,,,3958.2699999809265
,,,,,3958.2750000953683
,,,,,3958.2799999713898
,,,,,3958.2850000858307
,,,,,3958.289999961853
,,,,,3958.295000076294
,,,,,3958.2999999523163
,,,,,3958.3050000667567
,,,,,3958.3099999427795
,,,,,3958.315000057221
,,,,,3958.319999933243
,,,,,3958.3250000476837
,,,,,3958.329999923706
,,,,,3958.335000038147
,,,,,3958.339999914169
,,,,,3958.34500002861
,,,,,3958.349999904633
,,,,,3958.355000019074
,,,,,3958.359999895096
,,,,,3958.3650000095367
,,,,,3958.369999885559
,,,,,3958.375
,,,,,3958.380000114441
,,,,,3958.3849999904633
,,,,,3958.390000104904
,,,,,3958.3949999809265
,,,,,3958.4000000953683
,,,,,3958.4049999713898
,,,,,3958.4100000858307
,,,,,3958.414999961853
,,,,,3958.420000076294
,,,,,3958.4249999523163
,,,,,3958.4300000667567
,,,,,3958.4349999427795
,,,,,3958.440000057221
,,,,,3958.444999933243
,,,,,3958.4500000476837
,,,,,3958.454999923706
,,,,,3958.460000038147
,,,,,3958.464999914169
,,,,,3958.47000002861
,,,,,3958.474999904633
,,,,,3958.480000019074
,,,,,3958.484999895096
,,,,,3958.4900000095367
,,,,,3958.494999885559
,,,,,3958.5
,,,,,3958.505000114441
,,,,,3958.5099999904633
,,,,,3958.515000104904
,,,,,3958.5199999809265
,,,,,3958.5250000953683
,,,,,3958.5299999713898
,,,,,3958.5350000858307
,,,,,3958.539999961853
,,,,,3958.545000076294
,,,,,3958.5499999523163
,,,,,3958.5550000667567
,,,,,3958.5599999427795
,,,,,3958.565000057221
,,,,,3958.569999933243
,,,,,3958.5750000476837
,,,,,3958.579999923706
,,,,,3958.585000038147
,,,,,3958.589999914169
,,,,,3958.59500002861
,,,,,3958.599999904633
,,,,,3958.605000019074
,,,,,3958.609999895096
,,,,,3958.6150000095367
,,,,,3958.619999885559
,,,,,3958.625
,,,,,3958.630000114441
,,,,,3958.6349999904633
,,,,,3958.640000104904
,,,,,3958.6449999809265
,,,,,3958.6500000953683
,,,,,3958.6549999713898
,,,,,3958.6600000858307
,,,,,3958.664999961853
,,,,,3958.670000076294
,,,,,3958.6749999523163
,,,,,3958.6800000667567
,,,,,3958.6849999427795
,,,,,3958.690000057221
,,,,,3958.694999933243
,,,,,3958.7000000476837
,,,,,3958.704999923706
,,,,,3958.710000038147
,,,,,3958.714999914169
,,,,,3958.72000002861
,,,,,3958.724999904633
,,,,,3958.730000019074
,,,,,3958.734999895096
,,,,,3958.7400000095367
,,,,,3958.744999885559
,,,,,3958.75
,,,,,3958.755000114441
,,,,,3958.7599999904633
,,,,,3958.765000104904
,,,,,3958.7699999809265
,,,,,3958.7750000953683
,,,,,3958.7799999713898
,,,,,3958.7850000858307
,,,,,3958.789999961853
,,,,,3958.795000076294
,,,,,3958.7999999523163
,,,,,3958.8050000667567
,,,,,3958.8099999427795
,,,,,3958.815000057221
,,,,,3958.819999933243
,,,,,3958.8250000476837
,,,,,3958.829999923706
,,,,,3958.835000038147
,,,,,3958.839999914169
,,,,,3958.84500002861
,,,,,3958.849999904633
,,,,,3958.855000019074
,,,,,3958.859999895096
,,,,,3958.8650000095367
,,,,,3958.869999885559
,,,,,3958.875
,,,,,3958.880000114441
,,,,,3958.8849999904633
,,,,,3958.890000104904
,,,,,3958.8949999809265
,,,,,3958.9000000953683
,,,,,3958.9049999713898
,,,,,3958.9100000858307
,,,,,3958.914999961853
,,,,,3958.920000076294
,,,,,3958.9249999523163
,,,,,3958.9300000667567
,,,,,3958.9349999427795
,,,,,3958.940000057221
,,,,,3958.944999933243
,,,,,3958.9500000476837
,,,,,3958.954999923706
,,,,,3958.960000038147
,,,,,3958.964999914169
,,,,,3958.97000002861
,,,,,3958.974999904633
,,,,,3958.980000019074
,,,,,3958.984999895096
,,,,,3958.9900000095367
,,,,,3958.994999885559
,,,,,3959.0
,,,,,3959.005000114441
,,,,,3959.0099999904633
,,,,,3959.015000104904
,,,,,3959.0199999809265
,,,,,3959.0250000953683
,,,,,3959.0299999713898
,,,,,3959.0350000858307
,,,,,3959.039999961853
,,,,,3959.045000076294
,,,,,3959.0499999523163
,,,,,3959.0550000667567
,,,,,3959.0599999427795
,,,,,3959.065000057221
,,,,,3959.069999933243
,,,,,3959.0750000476837
,,,,,3959.079999923706
,,,,,3959.085000038147
,,,,,3959.089999914169
,,,,,3959.09500002861
,,,,,3959.099999904633
,,,,,3959.105000019074
,,,,,3959.109999895096
,,,,,3959.1150000095367
,,,,,3959.119999885559
,,,,,3959.125
,,,,,3959.130000114441
,,,,,3959.1349999904633
,,,,,3959.140000104904
,,,,,3959.1449999809265
,,,,,3959.1500000953683
,,,,,3959.1549999713898
,,,,,3959.1600000858307
,,,,,3959.164999961853
,,,,,3959.170000076294
,,,,,3959.1749999523163
,,,,,3959.1800000667567
,,,,,3959.1849999427795
,,,,,3959.190000057221
,,,,,3959.194999933243
,,,,,3959.2000000476837
,,,,,3959.204999923706
,,,,,3959.210000038147
,,,,,3959.214999914169
,,,,,3959.22000002861
,,,,,3959.224999904633
,,,,,3959.230000019074
,,,,,3959.234999895096
,,,,,3959.2400000095367
,,,,,3959.244999885559
,,,,,3959.25
,,,,,3959.255000114441
,,,,,3959.2599999904633
,,,,,3959.265000104904
,,,,,3959.2699999809265
,,,,,3959.2750000953683
,,,,,3959.2799999713898
,,,,,3959.2850000858307
,,,,,3959.289999961853
,,,,,3959.295000076294
,,,,,3959.2999999523163
,,,,,3959.3050000667567
,,,,,3959.3099999427795
,,,,,3959.315000057221
,,,,,3959.319999933243
,,,,,3959.3250000476837
,,,,,3959.329999923706
,,,,,3959.335000038147
,,,,,3959.339999914169
,,,,,3959.34500002861
,,,,,3959.349999904633
,,,,,3959.355000019074
,,,,,3959.359999895096
,,,,,3959.3650000095367
,,,,,3959.369999885559
,,,,,3959.375
,,,,,3959.380000114441
,,,,,3959.3849999904633
,,,,,3959.390000104904
,,,,,3959.3949999809265
,,,,,3959.4000000953683
,,,,,3959.4049999713898
,,,,,3959.4100000858307
,,,,,3959.414999961853
,,,,,3959.420000076294
,,,,,3959.4249999523163
,,,,,3959.4300000667567
,,,,,3959.4349999427795
,,,,,3959.440000057221
,,,,,3959.444999933243
,,,,,3959.4500000476837
,,,,,3959.454999923706
,,,,,3959.460000038147
,,,,,3959.464999914169
,,,,,3959.47000002861
,,,,,3959.474999904633
,,,,,3959.480000019074
,,,,,3959.484999895096
,,,,,3959.4900000095367
,,,,,3959.494999885559
,,,,,3959.5
,,,,,3959.505000114441
,,,,,3959.5099999904633
,,,,,3959.515000104904
,,,,,3959.5199999809265
,,,,,3959.5250000953683
,,,,,3959.5299999713898
,,,,,3959.5350000858307
,,,,,3959.539999961853
,,,,,3959.545000076294
,,,,,3959.5499999523163
,,,,,3959.5550000667567
,,,,,3959.5599999427795
,,,,,3959.565000057221
,,,,,3959.569999933243
,,,,,3959.5750000476837
,,,,,3959.579999923706
,,,,,3959.585000038147
,,,,,3959.589999914169
,,,,,3959.59500002861
,,,,,3959.599999904633
,,,,,3959.605000019074
,,,,,3959.609999895096
,,,,,3959.6150000095367
,,,,,3959.619999885559
,,,,,3959.625
,,,,,3959.630000114441
,,,,,3959.6349999904633
,,,,,3959.640000104904
,,,,,3959.6449999809265
,,,,,3959.6500000953683
,,,,,3959.6549999713898
,,,,,3959.6600000858307
,,,,,3959.664999961853
,,,,,3959.670000076294
,,,,,3959.6749999523163
,,,,,3959.6800000667567
,,,,,3959.6849999427795
,,,,,3959.690000057221
,,,,,3959.694999933243
,,,,,3959.7000000476837
,,,,,3959.704999923706
,,,,,3959.710000038147
,,,,,3959.714999914169
,,,,,3959.72000002861
,,,,,3959.724999904633
,,,,,3959.730000019074
,,,,,3959.734999895096
,,,,,3959.7400000095367
,,,,,3959.744999885559
,,,,,3959.75
,,,,,3959.755000114441
,,,,,3959.7599999904633
,,,,,3959.765000104904
,,,,,3959.7699999809265
,,,,,3959.7750000953683
,,,,,3959.7799999713898
,,,,,3959.7850000858307
,,,,,3959.789999961853
,,,,,3959.795000076294
,,,,,3959.7999999523163
,,,,,3959.8050000667567
,,,,,3959.8099999427795
,,,,,3959.815000057221
,,,,,3959.819999933243
,,,,,3959.8250000476837
,,,,,3959.829999923706
,,,,,3959.835000038147
,,,,,3959.839999914169
,,,,,3959.84500002861
,,,,,3959.849999904633
,,,,,3959.855000019074
,,,,,3959.859999895096
,,,,,3959.8650000095367
,,,,,3959.869999885559
,,,,,3959.875
,,,,,3959.880000114441
,,,,,3959.8849999904633
,,,,,3959.890000104904
,,,,,3959.8949999809265
,,,,,3959.9000000953683
,,,,,3959.9049999713898
,,,,,3959.9100000858307
,,,,,3959.914999961853
,,,,,3959.920000076294
,,,,,3959.9249999523163
,,,,,3959.9300000667567
,,,,,3959.9349999427795
,,,,,3959.940000057221
,,,,,3959.944999933243
,,,,,3959.9500000476837
,,,,,3959.954999923706
,,,,,3959.960000038147
,,,,,3959.964999914169
,,,,,3959.97000002861
,,,,,3959.974999904633
,,,,,3959.980000019074
,,,,,3959.984999895096
,,,,,3959.9900000095367
,,,,,3959.994999885559
,,,,,3960.0
,,,,,3960.005000114441
,,,,,3960.0099999904633
,,,,,3960.015000104904
,,,,,3960.0199999809265
,,,,,3960.0250000953683
,,,,,3960.0299999713898
,,,,,3960.0350000858307
,,,,,3960.039999961853
,,,,,3960.045000076294
,,,,,3960.0499999523163
,,,,,3960.0550000667567
,,,,,3960.0599999427795
,,,,,3960.065000057221
,,,,,3960.069999933243
,,,,,3960.0750000476837
,,,,,3960.079999923706
,,,,,3960.085000038147
,,,,,3960.089999914169
,,,,,3960.09500002861
,,,,,3960.099999904633
,,,,,3960.105000019074
,,,,,3960.109999895096
,,,,,3960.1150000095367
,,,,,3960.119999885559
,,,,,3960.125
,,,,,3960.130000114441
,,,,,3960.1349999904633
,,,,,3960.140000104904
,,,,,3960.1449999809265
,,,,,3960.1500000953683
,,,,,3960.1549999713898
,,,,,3960.1600000858307
,,,,,3960.164999961853
,,,,,3960.170000076294
,,,,,3960.1749999523163
,,,,,3960.1800000667567
,,,,,3960.1849999427795
,,,,,3960.190000057221
,,,,,3960.194999933243
,,,,,3960.2000000476837
,,,,,3960.204999923706
,,,,,3960.210000038147
,,,,,3960.214999914169
,,,,,3960.22000002861
,,,,,3960.224999904633
,,,,,3960.230000019074
,,,,,3960.234999895096
,,,,,3960.2400000095367
,,,,,3960.244999885559
,,,,,3960.25
,,,,,3960.255000114441
,,,,,3960.2599999904633
,,,,,3960.265000104904
,,,,,3960.2699999809265
,,,,,3960.2750000953683
,,,,,3960.2799999713898
,,,,,3960.2850000858307
,,,,,3960.289999961853
,,,,,3960.295000076294
,,,,,3960.2999999523163
,,,,,3960.3050000667567
,,,,,3960.3099999427795
,,,,,3960.315000057221
,,,,,3960.319999933243
,,,,,3960.3250000476837
,,,,,3960.329999923706
,,,,,3960.335000038147
,,,,,3960.339999914169
,,,,,3960.34500002861
,,,,,3960.349999904633
,,,,,3960.355000019074
,,,,,3960.359999895096
,,,,,3960.3650000095367
,,,,,3960.369999885559
,,,,,3960.375
,,,,,3960.380000114441
,,,,,3960.3849999904633
,,,,,3960.390000104904
,,,,,3960.3949999809265
,,,,,3960.4000000953683
,,,,,3960.4049999713898
,,,,,3960.4100000858307
,,,,,3960.414999961853
,,,,,3960.420000076294
,,,,,3960.4249999523163
,,,,,3960.4300000667567
,,,,,3960.4349999427795
,,,,,3960.440000057221
,,,,,3960.444999933243
,,,,,3960.4500000476837
,,,,,3960.454999923706
,,,,,3960.460000038147
,,,,,3960.464999914169
,,,,,3960.47000002861
,,,,,3960.474999904633
,,,,,3960.480000019074
,,,,,3960.484999895096
,,,,,3960.4900000095367
,,,,,3960.494999885559
,,,,,3960.5
,,,,,3960.505000114441
,,,,,3960.5099999904633
,,,,,3960.515000104904
,,,,,3960.5199999809265
,,,,,3960.5250000953683
,,,,,3960.5299999713898
,,,,,3960.5350000858307
,,,,,3960.539999961853
,,,,,3960.545000076294
,,,,,3960.5499999523163
,,,,,3960.5550000667567
,,,,,3960.5599999427795
,,,,,3960.565000057221
,,,,,3960.569999933243
,,,,,3960.5750000476837
,,,,,3960.579999923706
,,,,,3960.585000038147
,,,,,3960.589999914169
,,,,,3960.59500002861
,,,,,3960.599999904633
,,,,,3960.605000019074
,,,,,3960.609999895096
,,,,,3960.6150000095367
,,,,,3960.619999885559
,,,,,3960.625
,,,,,3960.630000114441
,,,,,3960.6349999904633
,,,,,3960.640000104904
,,,,,3960.6449999809265
,,,,,3960.6500000953683
,,,,,3960.6549999713898
,,,,,3960.6600000858307
,,,,,3960.664999961853
,,,,,3960.670000076294
,,,,,3960.6749999523163
,,,,,3960.6800000667567
,,,,,3960.6849999427795
,,,,,3960.690000057221
,,,,,3960.694999933243
,,,,,3960.7000000476837
,,,,,3960.704999923706
,,,,,3960.710000038147
,,,,,3960.714999914169
,,,,,3960.72000002861
,,,,,3960.724999904633
,,,,,3960.730000019074
,,,,,3960.734999895096
,,,,,3960.7400000095367
,,,,,3960.744999885559
,,,,,3960.75
,,,,,3960.755000114441
,,,,,3960.7599999904633
,,,,,3960.765000104904
,,,,,3960.7699999809265
,,,,,3960.7750000953683
,,,,,3960.7799999713898
,,,,,3960.7850000858307
,,,,,3960.789999961853
,,,,,3960.795000076294
,,,,,3960.7999999523163
,,,,,3960.8050000667567
,,,,,3960.8099999427795
,,,,,3960.815000057221
,,,,,3960.819999933243
,,,,,3960.8250000476837
,,,,,3960.829999923706
,,,,,3960.835000038147
,,,,,3960.839999914169
,,,,,3960.84500002861
,,,,,3960.849999904633
,,,,,3960.855000019074
,,,,,3960.859999895096
,,,,,3960.8650000095367
,,,,,3960.869999885559
,,,,,3960.875
,,,,,3960.880000114441
,,,,,3960.8849999904633
,,,,,3960.890000104904
,,,,,3960.8949999809265
,,,,,3960.9000000953683
,,,,,3960.9049999713898
,,,,,3960.9100000858307
,,,,,3960.914999961853
,,,,,3960.920000076294
,,,,,3960.9249999523163
,,,,,3960.9300000667567
,,,,,3960.9349999427795
,,,,,3960.940000057221
,,,,,3960.944999933243
,,,,,3960.9500000476837
,,,,,3960.954999923706
,,,,,3960.960000038147
,,,,,3960.964999914169
,,,,,3960.97000002861
,,,,,3960.974999904633
,,,,,3960.980000019074
,,,,,3960.984999895096
,,,,,3960.9900000095367
,,,,,3960.994999885559
,,,,,3961.0
,,,,,3961.005000114441
,,,,,3961.0099999904633
,,,,,3961.015000104904
,,,,,3961.0199999809265
,,,,,3961.0250000953683
,,,,,3961.0299999713898
,,,,,3961.0350000858307
,,,,,3961.039999961853
,,,,,3961.045000076294
,,,,,3961.0499999523163
,,,,,3961.0550000667567
,,,,,3961.0599999427795
,,,,,3961.065000057221
,,,,,3961.069999933243
,,,,,3961.0750000476837
,,,,,3961.079999923706
,,,,,3961.085000038147
,,,,,3961.089999914169
,,,,,3961.09500002861
,,,,,3961.099999904633
,,,,,3961.105000019074
,,,,,3961.109999895096
,,,,,3961.1150000095367
,,,,,3961.119999885559
,,,,,3961.125
,,,,,3961.130000114441
,,,,,3961.1349999904633
,,,,,3961.140000104904
,,,,,3961.1449999809265
,,,,,3961.1500000953683
,,,,,3961.1549999713898
,,,,,3961.1600000858307
,,,,,3961.164999961853
,,,,,3961.170000076294
,,,,,3961.1749999523163
,,,,,3961.1800000667567
,,,,,3961.1849999427795
,,,,,3961.190000057221
,,,,,3961.194999933243
,,,,,3961.2000000476837
,,,,,3961.204999923706
,,,,,3961.210000038147
,,,,,3961.214999914169
,,,,,3961.22000002861
,,,,,3961.224999904633
,,,,,3961.230000019074
,,,,,3961.234999895096
,,,,,3961.2400000095367
,,,,,3961.244999885559
,,,,,3961.25
,,,,,3961.255000114441
,,,,,3961.2599999904633
,,,,,3961.265000104904
,,,,,3961.2699999809265
,,,,,3961.2750000953683
,,,,,3961.2799999713898
,,,,,3961.2850000858307
,,,,,3961.289999961853
,,,,,3961.295000076294
,,,,,3961.2999999523163
,,,,,3961.3050000667567
,,,,,3961.3099999427795
,,,,,3961.315000057221
,,,,,3961.319999933243
,,,,,3961.3250000476837
,,,,,3961.329999923706
,,,,,3961.335000038147
,,,,,3961.339999914169
,,,,,3961.34500002861
,,,,,3961.349999904633
,,,,,3961.355000019074
,,,,,3961.359999895096
,,,,,3961.3650000095367
,,,,,3961.369999885559
,,,,,3961.375
,,,,,3961.380000114441
,,,,,3961.3849999904633
,,,,,3961.390000104904
,,,,,3961.3949999809265
,,,,,3961.4000000953683
,,,,,3961.4049999713898
,,,,,3961.4100000858307
,,,,,3961.414999961853
,,,,,3961.420000076294
,,,,,3961.4249999523163
,,,,,3961.4300000667567
,,,,,3961.4349999427795
,,,,,3961.440000057221
,,,,,3961.444999933243
,,,,,3961.4500000476837
,,,,,3961.454999923706
,,,,,3961.460000038147
,,,,,3961.464999914169
,,,,,3961.47000002861
,,,,,3961.474999904633
,,,,,3961.480000019074
,,,,,3961.484999895096
,,,,,3961.4900000095367
,,,,,3961.494999885559
,,,,,3961.5
,,,,,3961.505000114441
,,,,,3961.5099999904633
,,,,,3961.515000104904
,,,,,3961.5199999809265
,,,,,3961.5250000953683
,,,,,3961.5299999713898
,,,,,3961.5350000858307
,,,,,3961.539999961853
,,,,,3961.545000076294
,,,,,3961.5499999523163
,,,,,3961.5550000667567
,,,,,3961.5599999427795
,,,,,3961.565000057221
,,,,,3961.569999933243
,,,,,3961.5750000476837
,,,,,3961.579999923706
,,,,,3961.585000038147
,,,,,3961.589999914169
,,,,,3961.59500002861
,,,,,3961.599999904633
,,,,,3961.605000019074
,,,,,3961.609999895096
,,,,,3961.6150000095367
,,,,,3961.619999885559
,,,,,3961.625
,,,,,3961.630000114441
,,,,,3961.6349999904633
,,,,,3961.640000104904
,,,,,3961.6449999809265
,,,,,3961.6500000953683
,,,,,3961.6549999713898
,,,,,3961.6600000858307
,,,,,3961.664999961853
,,,,,3961.670000076294
,,,,,3961.6749999523163
,,,,,3961.6800000667567
,,,,,3961.6849999427795
,,,,,3961.690000057221
,,,,,3961.694999933243
,,,,,3961.7000000476837
,,,,,3961.704999923706
,,,,,3961.710000038147
,,,,,3961.714999914169
,,,,,3961.72000002861
,,,,,3961.724999904633
,,,,,3961.730000019074
,,,,,3961.734999895096
,,,,,3961.7400000095367
,,,,,3961.744999885559
,,,,,3961.75
,,,,,3961.755000114441
,,,,,3961.7599999904633
,,,,,3961.765000104904
,,,,,3961.7699999809265
,,,,,3961.7750000953683
,,,,,3961.7799999713898
,,,,,3961.7850000858307
,,,,,3961.789999961853
,,,,,3961.795000076294
,,,,,3961.7999999523163
,,,,,3961.8050000667567
,,,,,3961.8099999427795
,,,,,3961.815000057221
,,,,,3961.819999933243
,,,,,3961.8250000476837
,,,,,3961.829999923706
,,,,,3961.835000038147
,,,,,3961.839999914169
,,,,,3961.84500002861
,,,,,3961.849999904633
,,,,,3961.855000019074
,,,,,3961.859999895096
,,,,,3961.8650000095367
,,,,,3961.869999885559
,,,,,3961.875
,,,,,3961.880000114441
,,,,,3961.8849999904633
,,,,,3961.890000104904
,,,,,3961.8949999809265
,,,,,3961.9000000953683
,,,,,3961.9049999713898
,,,,,3961.9100000858307
,,,,,3961.914999961853
,,,,,3961.920000076294
,,,,,3961.9249999523163
,,,,,3961.9300000667567
,,,,,3961.9349999427795
,,,,,3961.940000057221
,,,,,3961.944999933243
,,,,,3961.9500000476837
,,,,,3961.954999923706
,,,,,3961.960000038147
,,,,,3961.964999914169
,,,,,3961.97000002861
,,,,,3961.974999904633
,,,,,3961.980000019074
,,,,,3961.984999895096
,,,,,3961.9900000095367
,,,,,3961.994999885559
,,,,,3962.0
,,,,,3962.005000114441
,,,,,3962.0099999904633
,,,,,3962.015000104904
,,,,,3962.0199999809265
,,,,,3962.0250000953683
,,,,,3962.0299999713898
,,,,,3962.0350000858307
,,,,,3962.039999961853
,,,,,3962.045000076294
,,,,,3962.0499999523163
,,,,,3962.0550000667567
,,,,,3962.0599999427795
,,,,,3962.065000057221
,,,,,3962.069999933243
,,,,,3962.0750000476837
,,,,,3962.079999923706
,,,,,3962.085000038147
,,,,,3962.089999914169
,,,,,3962.09500002861
,,,,,3962.099999904633
,,,,,3962.105000019074
,,,,,3962.109999895096
,,,,,3962.1150000095367
,,,,,3962.119999885559
,,,,,3962.125
,,,,,3962.130000114441
,,,,,3962.1349999904633
,,,,,3962.140000104904
,,,,,3962.1449999809265
,,,,,3962.1500000953683
,,,,,3962.1549999713898
,,,,,3962.1600000858307
,,,,,3962.164999961853
,,,,,3962.170000076294
,,,,,3962.1749999523163
,,,,,3962.1800000667567
,,,,,3962.1849999427795
,,,,,3962.190000057221
,,,,,3962.194999933243
,,,,,3962.2000000476837
,,,,,3962.204999923706
,,,,,3962.210000038147
,,,,,3962.214999914169
,,,,,3962.22000002861
,,,,,3962.224999904633
,,,,,3962.230000019074
,,,,,3962.234999895096
,,,,,3962.2400000095367
,,,,,3962.244999885559
,,,,,3962.25
,,,,,3962.255000114441
,,,,,3962.2599999904633
,,,,,3962.265000104904
,,,,,3962.2699999809265
,,,,,3962.2750000953683
,,,,,3962.2799999713898
,,,,,3962.2850000858307
,,,,,3962.289999961853
,,,,,3962.295000076294
,,,,,3962.2999999523163
,,,,,3962.3050000667567
,,,,,3962.3099999427795
,,,,,3962.315000057221
,,,,,3962.319999933243
,,,,,3962.3250000476837
,,,,,3962.329999923706
,,,,,3962.335000038147
,,,,,3962.339999914169
,,,,,3962.34500002861
,,,,,3962.349999904633
,,,,,3962.355000019074
,,,,,3962.359999895096
,,,,,3962.3650000095367
,,,,,3962.369999885559
,,,,,3962.375
,,,,,3962.380000114441
,,,,,3962.3849999904633
,,,,,3962.390000104904
,,,,,3962.3949999809265
,,,,,3962.4000000953683
,,,,,3962.4049999713898
,,,,,3962.4100000858307
,,,,,3962.414999961853
,,,,,3962.420000076294
,,,,,3962.4249999523163
,,,,,3962.4300000667567
,,,,,3962.4349999427795
,,,,,3962.440000057221
,,,,,3962.444999933243
,,,,,3962.4500000476837
,,,,,3962.454999923706
,,,,,3962.460000038147
,,,,,3962.464999914169
,,,,,3962.47000002861
,,,,,3962.474999904633
,,,,,3962.480000019074
,,,,,3962.484999895096
,,,,,3962.4900000095367
,,,,,3962.494999885559
,,,,,3962.5
,,,,,3962.505000114441
,,,,,3962.5099999904633
,,,,,3962.515000104904
,,,,,3962.5199999809265
,,,,,3962.5250000953683
,,,,,3962.5299999713898
,,,,,3962.5350000858307
,,,,,3962.539999961853
,,,,,3962.545000076294
,,,,,3962.5499999523163
,,,,,3962.5550000667567
,,,,,3962.5599999427795
,,,,,3962.565000057221
,,,,,3962.569999933243
,,,,,3962.5750000476837
,,,,,3962.579999923706
,,,,,3962.585000038147
,,,,,3962.589999914169
,,,,,3962.59500002861
,,,,,3962.599999904633
,,,,,3962.605000019074
,,,,,3962.609999895096
,,,,,3962.6150000095367
,,,,,3962.619999885559
,,,,,3962.625
,,,,,3962.630000114441
,,,,,3962.6349999904633
,,,,,3962.640000104904
,,,,,3962.6449999809265
,,,,,3962.6500000953683
,,,,,3962.6549999713898
,,,,,3962.6600000858307
,,,,,3962.664999961853
,,,,,3962.670000076294
,,,,,3962.6749999523163
,,,,,3962.6800000667567
,,,,,3962.6849999427795
,,,,,3962.690000057221
,,,,,3962.694999933243
,,,,,3962.7000000476837
,,,,,3962.704999923706
,,,,,3962.710000038147
,,,,,3962.714999914169
,,,,,3962.72000002861
,,,,,3962.724999904633
,,,,,3962.730000019074
,,,,,3962.734999895096
,,,,,3962.7400000095367
,,,,,3962.744999885559
,,,,,3962.75
,,,,,3962.755000114441
,,,,,3962.7599999904633
,,,,,3962.765000104904
,,,,,3962.7699999809265
,,,,,3962.7750000953683
,,,,,3962.7799999713898
,,,,,3962.7850000858307
,,,,,3962.789999961853
,,,,,3962.795000076294
,,,,,3962.7999999523163
,,,,,3962.8050000667567
,,,,,3962.8099999427795
,,,,,3962.815000057221
,,,,,3962.819999933243
,,,,,3962.8250000476837
,,,,,3962.829999923706
,,,,,3962.835000038147
,,,,,3962.839999914169
,,,,,3962.84500002861
,,,,,3962.849999904633
,,,,,3962.855000019074
,,,,,3962.859999895096
,,,,,3962.8650000095367
,,,,,3962.869999885559
,,,,,3962.875
,,,,,3962.880000114441
,,,,,3962.8849999904633
,,,,,3962.890000104904
,,,,,3962.8949999809265
,,,,,3962.9000000953683
,,,,,3962.9049999713898
,,,,,3962.9100000858307
,,,,,3962.914999961853
,,,,,3962.920000076294
,,,,,3962.9249999523163
,,,,,3962.9300000667567
,,,,,3962.9349999427795
,,,,,3962.940000057221
,,,,,3962.944999933243
,,,,,3962.9500000476837
,,,,,3962.954999923706
,,,,,3962.960000038147
,,,,,3962.964999914169
,,,,,3962.97000002861
,,,,,3962.974999904633
,,,,,3962.980000019074
,,,,,3962.984999895096
,,,,,3962.9900000095367
,,,,,3962.994999885559
,,,,,3963.0
,,,,,3963.005000114441
,,,,,3963.0099999904633
,,,,,3963.015000104904
,,,,,3963.0199999809265
,,,,,3963.0250000953683
,,,,,3963.0299999713898
,,,,,3963.0350000858307
,,,,,3963.039999961853
,,,,,3963.045000076294
,,,,,3963.0499999523163
,,,,,3963.0550000667567
,,,,,3963.0599999427795
,,,,,3963.065000057221
,,,,,3963.069999933243
,,,,,3963.0750000476837
,,,,,3963.079999923706
,,,,,3963.085000038147
,,,,,3963.089999914169
,,,,,3963.09500002861
,,,,,3963.099999904633
,,,,,3963.105000019074
,,,,,3963.109999895096
,,,,,3963.1150000095367
,,,,,3963.119999885559
,,,,,3963.125
,,,,,3963.130000114441
,,,,,3963.1349999904633
,,,,,3963.140000104904
,,,,,3963.1449999809265
,,,,,3963.1500000953683
,,,,,3963.1549999713898
,,,,,3963.1600000858307
,,,,,3963.164999961853
,,,,,3963.170000076294
,,,,,3963.1749999523163
,,,,,3963.1800000667567
,,,,,3963.1849999427795
,,,,,3963.190000057221
,,,,,3963.194999933243
,,,,,3963.2000000476837
,,,,,3963.204999923706
,,,,,3963.210000038147
,,,,,3963.214999914169
,,,,,3963.22000002861
,,,,,3963.224999904633
,,,,,3963.230000019074
,,,,,3963.234999895096
,,,,,3963.2400000095367
,,,,,3963.244999885559
,,,,,3963.25
,,,,,3963.255000114441
,,,,,3963.2599999904633
,,,,,3963.265000104904
,,,,,3963.2699999809265
,,,,,3963.2750000953683
,,,,,3963.2799999713898
,,,,,3963.2850000858307
,,,,,3963.289999961853
,,,,,3963.295000076294
,,,,,3963.2999999523163
,,,,,3963.3050000667567
,,,,,3963.3099999427795
,,,,,3963.315000057221
,,,,,3963.319999933243
,,,,,3963.3250000476837
,,,,,3963.329999923706
,,,,,3963.335000038147
,,,,,3963.339999914169
,,,,,3963.34500002861
,,,,,3963.349999904633
,,,,,3963.355000019074
,,,,,3963.359999895096
,,,,,3963.3650000095367
,,,,,3963.369999885559
,,,,,3963.375
,,,,,3963.380000114441
,,,,,3963.3849999904633
,,,,,3963.390000104904
,,,,,3963.3949999809265
,,,,,3963.4000000953683
,,,,,3963.4049999713898
,,,,,3963.4100000858307
,,,,,3963.414999961853
,,,,,3963.420000076294
,,,,,3963.4249999523163
,,,,,3963.4300000667567
,,,,,3963.4349999427795
,,,,,3963.440000057221
,,,,,3963.444999933243
,,,,,3963.4500000476837
,,,,,3963.454999923706
,,,,,3963.460000038147
,,,,,3963.464999914169
,,,,,3963.47000002861
,,,,,3963.474999904633
,,,,,3963.480000019074
,,,,,3963.484999895096
,,,,,3963.4900000095367
,,,,,3963.494999885559
,,,,,3963.5
,,,,,3963.505000114441
,,,,,3963.5099999904633
,,,,,3963.515000104904
,,,,,3963.5199999809265
,,,,,3963.5250000953683
,,,,,3963.5299999713898
,,,,,3963.5350000858307
,,,,,3963.539999961853
,,,,,3963.545000076294
,,,,,3963.5499999523163
,,,,,3963.5550000667567
,,,,,3963.5599999427795
,,,,,3963.565000057221
,,,,,3963.569999933243
,,,,,3963.5750000476837
,,,,,3963.579999923706
,,,,,3963.585000038147
,,,,,3963.589999914169
,,,,,3963.59500002861
,,,,,3963.599999904633
,,,,,3963.605000019074
,,,,,3963.609999895096
,,,,,3963.6150000095367
,,,,,3963.619999885559
,,,,,3963.625
,,,,,3963.630000114441
,,,,,3963.6349999904633
,,,,,3963.640000104904
,,,,,3963.6449999809265
,,,,,3963.6500000953683
,,,,,3963.6549999713898
,,,,,3963.6600000858307
,,,,,3963.664999961853
,,,,,3963.670000076294
,,,,,3963.6749999523163
,,,,,3963.6800000667567
,,,,,3963.6849999427795
,,,,,3963.690000057221
,,,,,3963.694999933243
,,,,,3963.7000000476837
,,,,,3963.704999923706
,,,,,3963.710000038147
,,,,,3963.714999914169
,,,,,3963.72000002861
,,,,,3963.724999904633
,,,,,3963.730000019074
,,,,,3963.734999895096
,,,,,3963.7400000095367
,,,,,3963.744999885559
,,,,,3963.75
,,,,,3963.755000114441
,,,,,3963.7599999904633
,,,,,3963.765000104904
,,,,,3963.7699999809265
,,,,,3963.7750000953683
,,,,,3963.7799999713898
,,,,,3963.7850000858307
,,,,,3963.789999961853
,,,,,3963.795000076294
,,,,,3963.7999999523163
,,,,,3963.8050000667567
,,,,,3963.8099999427795
,,,,,3963.815000057221
,,,,,3963.819999933243
,,,,,3963.8250000476837
,,,,,3963.829999923706
,,,,,3963.835000038147
,,,,,3963.839999914169
,,,,,3963.84500002861
,,,,,3963.849999904633
,,,,,3963.855000019074
,,,,,3963.859999895096
,,,,,3963.8650000095367
,,,,,3963.869999885559
,,,,,3963.875
,,,,,3963.880000114441
,,,,,3963.8849999904633
,,,,,3963.890000104904
,,,,,3963.8949999809265
,,,,,3963.9000000953683
,,,,,3963.9049999713898
,,,,,3963.9100000858307
,,,,,3963.914999961853
,,,,,3963.920000076294
,,,,,3963.9249999523163
,,,,,3963.9300000667567
,,,,,3963.9349999427795
,,,,,3963.940000057221
,,,,,3963.944999933243
,,,,,3963.9500000476837
,,,,,3963.954999923706
,,,,,3963.960000038147
,,,,,3963.964999914169
,,,,,3963.97000002861
,,,,,3963.974999904633
,,,,,3963.980000019074
,,,,,3963.984999895096
,,,,,3963.9900000095367
,,,,,3963.994999885559
,,,,,3964.0
,,,,,3964.005000114441
,,,,,3964.0099999904633
,,,,,3964.015000104904
,,,,,3964.0199999809265
,,,,,3964.0250000953683
,,,,,3964.0299999713898
,,,,,3964.0350000858307
,,,,,3964.039999961853
,,,,,3964.045000076294
,,,,,3964.0499999523163
,,,,,3964.0550000667567
,,,,,3964.0599999427795
,,,,,3964.065000057221
,,,,,3964.069999933243
,,,,,3964.0750000476837
,,,,,3964.079999923706
,,,,,3964.085000038147
,,,,,3964.089999914169
,,,,,3964.09500002861
,,,,,3964.099999904633
,,,,,3964.105000019074
,,,,,3964.109999895096
,,,,,3964.1150000095367
,,,,,3964.119999885559
,,,,,3964.125
,,,,,3964.130000114441
,,,,,3964.1349999904633
,,,,,3964.140000104904
,,,,,3964.1449999809265
,,,,,3964.1500000953683
,,,,,3964.1549999713898
,,,,,3964.1600000858307
,,,,,3964.164999961853
,,,,,3964.170000076294
,,,,,3964.1749999523163
,,,,,3964.1800000667567
,,,,,3964.1849999427795
,,,,,3964.190000057221
,,,,,3964.194999933243
,,,,,3964.2000000476837
,,,,,3964.204999923706
,,,,,3964.210000038147
,,,,,3964.214999914169
,,,,,3964.22000002861
,,,,,3964.224999904633
,,,,,3964.230000019074
,,,,,3964.234999895096
,,,,,3964.2400000095367
,,,,,3964.244999885559
,,,,,3964.25
,,,,,3964.255000114441
,,,,,3964.2599999904633
,,,,,3964.265000104904
,,,,,3964.2699999809265
,,,,,3964.2750000953683
,,,,,3964.2799999713898
,,,,,3964.2850000858307
,,,,,3964.289999961853
,,,,,3964.295000076294
,,,,,3964.2999999523163
,,,,,3964.3050000667567
,,,,,3964.3099999427795
,,,,,3964.315000057221
,,,,,3964.319999933243
,,,,,3964.3250000476837
,,,,,3964.329999923706
,,,,,3964.335000038147
,,,,,3964.339999914169
,,,,,3964.34500002861
,,,,,3964.349999904633
,,,,,3964.355000019074
,,,,,3964.359999895096
,,,,,3964.3650000095367
,,,,,3964.369999885559
,,,,,3964.375
,,,,,3964.380000114441
,,,,,3964.3849999904633
,,,,,3964.390000104904
,,,,,3964.3949999809265
,,,,,3964.4000000953683
,,,,,3964.4049999713898
,,,,,3964.4100000858307
,,,,,3964.414999961853
,,,,,3964.420000076294
,,,,,3964.4249999523163
,,,,,3964.4300000667567
,,,,,3964.4349999427795
,,,,,3964.440000057221
,,,,,3964.444999933243
,,,,,3964.4500000476837
,,,,,3964.454999923706
,,,,,3964.460000038147
,,,,,3964.464999914169
,,,,,3964.47000002861
,,,,,3964.474999904633
,,,,,3964.480000019074
,,,,,3964.484999895096
,,,,,3964.4900000095367
,,,,,3964.494999885559
,,,,,3964.5
,,,,,3964.505000114441
,,,,,3964.5099999904633
,,,,,3964.515000104904
,,,,,3964.5199999809265
,,,,,3964.5250000953683
,,,,,3964.5299999713898
,,,,,3964.5350000858307
,,,,,3964.539999961853
,,,,,3964.545000076294
,,,,,3964.5499999523163
,,,,,3964.5550000667567
,,,,,3964.5599999427795
,,,,,3964.565000057221
,,,,,3964.569999933243
,,,,,3964.5750000476837
,,,,,3964.579999923706
,,,,,3964.585000038147
,,,,,3964.589999914169
,,,,,3964.59500002861
,,,,,3964.599999904633
,,,,,3964.605000019074
,,,,,3964.609999895096
,,,,,3964.6150000095367
,,,,,3964.619999885559
,,,,,3964.625
,,,,,3964.630000114441
,,,,,3964.6349999904633
,,,,,3964.640000104904
,,,,,3964.6449999809265
,,,,,3964.6500000953683
,,,,,3964.6549999713898
,,,,,3964.6600000858307
,,,,,3964.664999961853
,,,,,3964.670000076294
,,,,,3964.6749999523163
,,,,,3964.6800000667567
,,,,,3964.6849999427795
,,,,,3964.690000057221
,,,,,3964.694999933243
,,,,,3964.7000000476837
,,,,,3964.704999923706
,,,,,3964.710000038147
,,,,,3964.714999914169
,,,,,3964.72000002861
,,,,,3964.724999904633
,,,,,3964.730000019074
,,,,,3964.734999895096
,,,,,3964.7400000095367
,,,,,3964.744999885559
,,,,,3964.75
,,,,,3964.755000114441
,,,,,3964.7599999904633
,,,,,3964.765000104904
,,,,,3964.7699999809265
,,,,,3964.7750000953683
,,,,,3964.7799999713898
,,,,,3964.7850000858307
,,,,,3964.789999961853
,,,,,3964.795000076294
,,,,,3964.7999999523163
,,,,,3964.8050000667567
,,,,,3964.8099999427795
,,,,,3964.815000057221
,,,,,3964.819999933243
,,,,,3964.8250000476837
,,,,,3964.829999923706
,,,,,3964.835000038147
,,,,,3964.839999914169
,,,,,3964.84500002861
,,,,,3964.849999904633
,,,,,3964.855000019074
,,,,,3964.859999895096
,,,,,3964.8650000095367
,,,,,3964.869999885559
,,,,,3964.875
,,,,,3964.880000114441
,,,,,3964.8849999904633
,,,,,3964.890000104904
,,,,,3964.8949999809265
,,,,,3964.9000000953683
,,,,,3964.9049999713898
,,,,,3964.9100000858307
,,,,,3964.914999961853
,,,,,3964.920000076294
,,,,,3964.9249999523163
,,,,,3964.9300000667567
,,,,,3964.9349999427795
,,,,,3964.940000057221
,,,,,3964.944999933243
,,,,,3964.9500000476837
,,,,,3964.954999923706
,,,,,3964.960000038147
,,,,,3964.964999914169
,,,,,3964.97000002861
,,,,,3964.974999904633
,,,,,3964.980000019074
,,,,,3964.984999895096
,,,,,3964.9900000095367
,,,,,3964.994999885559
,,,,,3965.0
,,,,,3965.005000114441
,,,,,3965.0099999904633
,,,,,3965.015000104904
,,,,,3965.0199999809265
,,,,,3965.0250000953683
,,,,,3965.0299999713898
,,,,,3965.0350000858307
,,,,,3965.039999961853
,,,,,3965.045000076294
,,,,,3965.0499999523163
,,,,,3965.0550000667567
,,,,,3965.0599999427795
,,,,,3965.065000057221
,,,,,3965.069999933243
,,,,,3965.0750000476837
,,,,,3965.079999923706
,,,,,3965.085000038147
,,,,,3965.089999914169
,,,,,3965.09500002861
,,,,,3965.099999904633
,,,,,3965.105000019074
,,,,,3965.109999895096
,,,,,3965.1150000095367
,,,,,3965.119999885559
,,,,,3965.125
,,,,,3965.130000114441
,,,,,3965.1349999904633
,,,,,3965.140000104904
,,,,,3965.1449999809265
,,,,,3965.1500000953683
,,,,,3965.1549999713898
,,,,,3965.1600000858307
,,,,,3965.164999961853
,,,,,3965.170000076294
,,,,,3965.1749999523163
,,,,,3965.1800000667567
,,,,,3965.1849999427795
,,,,,3965.190000057221
,,,,,3965.194999933243
,,,,,3965.2000000476837
,,,,,3965.204999923706
,,,,,3965.210000038147
,,,,,3965.214999914169
,,,,,3965.22000002861
,,,,,3965.224999904633
,,,,,3965.230000019074
,,,,,3965.234999895096
,,,,,3965.2400000095367
,,,,,3965.244999885559
,,,,,3965.25
,,,,,3965.255000114441
,,,,,3965.2599999904633
,,,,,3965.265000104904
,,,,,3965.2699999809265
,,,,,3965.2750000953683
,,,,,3965.2799999713898
,,,,,3965.2850000858307
,,,,,3965.289999961853
,,,,,3965.295000076294
,,,,,3965.2999999523163
,,,,,3965.3050000667567
,,,,,3965.3099999427795
,,,,,3965.315000057221
,,,,,3965.319999933243
,,,,,3965.3250000476837
,,,,,3965.329999923706
,,,,,3965.335000038147
,,,,,3965.339999914169
,,,,,3965.34500002861
,,,,,3965.349999904633
,,,,,3965.355000019074
,,,,,3965.359999895096
,,,,,3965.3650000095367
,,,,,3965.369999885559
,,,,,3965.375
,,,,,3965.380000114441
,,,,,3965.3849999904633
,,,,,3965.390000104904
,,,,,3965.3949999809265
,,,,,3965.4000000953683
,,,,,3965.4049999713898
,,,,,3965.4100000858307
,,,,,3965.414999961853
,,,,,3965.420000076294
,,,,,3965.4249999523163
,,,,,3965.4300000667567
,,,,,3965.4349999427795
,,,,,3965.440000057221
,,,,,3965.444999933243
,,,,,3965.4500000476837
,,,,,3965.454999923706
,,,,,3965.460000038147
,,,,,3965.464999914169
,,,,,3965.47000002861
,,,,,3965.474999904633
,,,,,3965.480000019074
,,,,,3965.484999895096
,,,,,3965.4900000095367
,,,,,3965.494999885559
,,,,,3965.5
,,,,,3965.505000114441
,,,,,3965.5099999904633
,,,,,3965.515000104904
,,,,,3965.5199999809265
,,,,,3965.5250000953683
,,,,,3965.5299999713898
,,,,,3965.5350000858307
,,,,,3965.539999961853
,,,,,3965.545000076294
,,,,,3965.5499999523163
,,,,,3965.5550000667567
,,,,,3965.5599999427795
,,,,,3965.565000057221
,,,,,3965.569999933243
,,,,,3965.5750000476837
,,,,,3965.579999923706
,,,,,3965.585000038147
,,,,,3965.589999914169
,,,,,3965.59500002861
,,,,,3965.599999904633
,,,,,3965.605000019074
,,,,,3965.609999895096
,,,,,3965.6150000095367
,,,,,3965.619999885559
,,,,,3965.625
,,,,,3965.630000114441
,,,,,3965.6349999904633
,,,,,3965.640000104904
,,,,,3965.6449999809265
,,,,,3965.6500000953683
,,,,,3965.6549999713898
,,,,,3965.6600000858307
,,,,,3965.664999961853
,,,,,3965.670000076294
,,,,,3965.6749999523163
,,,,,3965.6800000667567
,,,,,3965.6849999427795
,,,,,3965.690000057221
,,,,,3965.694999933243
,,,,,3965.7000000476837
,,,,,3965.704999923706
,,,,,3965.710000038147
,,,,,3965.714999914169
,,,,,3965.72000002861
,,,,,3965.724999904633
,,,,,3965.730000019074
,,,,,3965.734999895096
,,,,,3965.7400000095367
,,,,,3965.744999885559
,,,,,3965.75
,,,,,3965.755000114441
,,,,,3965.7599999904633
,,,,,3965.765000104904
,,,,,3965.7699999809265
,,,,,3965.7750000953683
,,,,,3965.7799999713898
,,,,,3965.7850000858307
,,,,,3965.789999961853
,,,,,3965.795000076294
,,,,,3965.7999999523163
,,,,,3965.8050000667567
,,,,,3965.8099999427795
,,,,,3965.815000057221
,,,,,3965.819999933243
,,,,,3965.8250000476837
,,,,,3965.829999923706
,,,,,3965.835000038147
,,,,,3965.839999914169
,,,,,3965.84500002861
,,,,,3965.849999904633
,,,,,3965.855000019074
,,,,,3965.859999895096
,,,,,3965.8650000095367
,,,,,3965.869999885559
,,,,,3965.875
,,,,,3965.880000114441
,,,,,3965.8849999904633
,,,,,3965.890000104904
,,,,,3965.8949999809265
,,,,,3965.9000000953683
,,,,,3965.9049999713898
,,,,,3965.9100000858307
,,,,,3965.914999961853
,,,,,3965.920000076294
,,,,,3965.9249999523163
,,,,,3965.9300000667567
,,,,,3965.9349999427795
,,,,,3965.940000057221
,,,,,3965.944999933243
,,,,,3965.9500000476837
,,,,,3965.954999923706
,,,,,3965.960000038147
,,,,,3965.964999914169
,,,,,3965.97000002861
,,,,,3965.974999904633
,,,,,3965.980000019074
,,,,,3965.984999895096
,,,,,3965.9900000095367
,,,,,3965.994999885559
,,,,,3966.0
,,,,,3966.005000114441
,,,,,3966.0099999904633
,,,,,3966.015000104904
,,,,,3966.0199999809265
,,,,,3966.0250000953683
,,,,,3966.0299999713898
,,,,,3966.0350000858307
,,,,,3966.039999961853
,,,,,3966.045000076294
,,,,,3966.0499999523163
,,,,,3966.0550000667567
,,,,,3966.0599999427795
,,,,,3966.065000057221
,,,,,3966.069999933243
,,,,,3966.0750000476837
,,,,,3966.079999923706
,,,,,3966.085000038147
,,,,,3966.089999914169
,,,,,3966.09500002861
,,,,,3966.099999904633
,,,,,3966.105000019074
,,,,,3966.109999895096
,,,,,3966.1150000095367
,,,,,3966.119999885559
,,,,,3966.125
,,,,,3966.130000114441
,,,,,3966.1349999904633
,,,,,3966.140000104904
,,,,,3966.1449999809265
,,,,,3966.1500000953683
,,,,,3966.1549999713898
,,,,,3966.1600000858307
,,,,,3966.164999961853
,,,,,3966.170000076294
,,,,,3966.1749999523163
,,,,,3966.1800000667567
,,,,,3966.1849999427795
,,,,,3966.190000057221
,,,,,3966.194999933243
,,,,,3966.2000000476837
,,,,,3966.204999923706
,,,,,3966.210000038147
,,,,,3966.214999914169
,,,,,3966.22000002861
,,,,,3966.224999904633
,,,,,3966.230000019074
,,,,,3966.234999895096
,,,,,3966.2400000095367
,,,,,3966.244999885559
,,,,,3966.25
,,,,,3966.255000114441
,,,,,3966.2599999904633
,,,,,3966.265000104904
,,,,,3966.2699999809265
,,,,,3966.2750000953683
,,,,,3966.2799999713898
,,,,,3966.2850000858307
,,,,,3966.289999961853
,,,,,3966.295000076294
,,,,,3966.2999999523163
,,,,,3966.3050000667567
,,,,,3966.3099999427795
,,,,,3966.315000057221
,,,,,3966.319999933243
,,,,,3966.3250000476837
,,,,,3966.329999923706
,,,,,3966.335000038147
,,,,,3966.339999914169
,,,,,3966.34500002861
,,,,,3966.349999904633
,,,,,3966.355000019074
,,,,,3966.359999895096
,,,,,3966.3650000095367
,,,,,3966.369999885559
,,,,,3966.375
,,,,,3966.380000114441
,,,,,3966.3849999904633
,,,,,3966.390000104904
,,,,,3966.3949999809265
,,,,,3966.4000000953683
,,,,,3966.4049999713898
,,,,,3966.4100000858307
,,,,,3966.414999961853
,,,,,3966.420000076294
,,,,,3966.4249999523163
,,,,,3966.4300000667567
,,,,,3966.4349999427795
,,,,,3966.440000057221
,,,,,3966.444999933243
,,,,,3966.4500000476837
,,,,,3966.454999923706
,,,,,3966.460000038147
,,,,,3966.464999914169
,,,,,3966.47000002861
,,,,,3966.474999904633
,,,,,3966.480000019074
,,,,,3966.484999895096
,,,,,3966.4900000095367
,,,,,3966.494999885559
,,,,,3966.5
,,,,,3966.505000114441
,,,,,3966.5099999904633
,,,,,3966.515000104904
,,,,,3966.5199999809265
,,,,,3966.5250000953683
,,,,,3966.5299999713898
,,,,,3966.5350000858307
,,,,,3966.539999961853
,,,,,3966.545000076294
,,,,,3966.5499999523163
,,,,,3966.5550000667567
,,,,,3966.5599999427795
,,,,,3966.565000057221
,,,,,3966.569999933243
,,,,,3966.5750000476837
,,,,,3966.579999923706
,,,,,3966.585000038147
,,,,,3966.589999914169
,,,,,3966.59500002861
,,,,,3966.599999904633
,,,,,3966.605000019074
,,,,,3966.609999895096
,,,,,3966.6150000095367
,,,,,3966.619999885559
,,,,,3966.625
,,,,,3966.630000114441
,,,,,3966.6349999904633
,,,,,3966.640000104904
,,,,,3966.6449999809265
,,,,,3966.6500000953683
,,,,,3966.6549999713898
,,,,,3966.6600000858307
,,,,,3966.664999961853
,,,,,3966.670000076294
,,,,,3966.6749999523163
,,,,,3966.6800000667567
,,,,,3966.6849999427795
,,,,,3966.690000057221
,,,,,3966.694999933243
,,,,,3966.7000000476837
,,,,,3966.704999923706
,,,,,3966.710000038147
,,,,,3966.714999914169
,,,,,3966.72000002861
,,,,,3966.724999904633
,,,,,3966.730000019074
,,,,,3966.734999895096
,,,,,3966.7400000095367
,,,,,3966.744999885559
,,,,,3966.75
,,,,,3966.755000114441
,,,,,3966.7599999904633
,,,,,3966.765000104904
,,,,,3966.7699999809265
,,,,,3966.7750000953683
,,,,,3966.7799999713898
,,,,,3966.7850000858307
,,,,,3966.789999961853
,,,,,3966.795000076294
,,,,,3966.7999999523163
,,,,,3966.8050000667567
,,,,,3966.8099999427795
,,,,,3966.815000057221
,,,,,3966.819999933243
,,,,,3966.8250000476837
,,,,,3966.829999923706
,,,,,3966.835000038147
,,,,,3966.839999914169
,,,,,3966.84500002861
,,,,,3966.849999904633
,,,,,3966.855000019074
,,,,,3966.859999895096
,,,,,3966.8650000095367
,,,,,3966.869999885559
,,,,,3966.875
,,,,,3966.880000114441
,,,,,3966.8849999904633
,,,,,3966.890000104904
,,,,,3966.8949999809265
,,,,,3966.9000000953683
,,,,,3966.9049999713898
,,,,,3966.9100000858307
,,,,,3966.914999961853
,,,,,3966.920000076294
,,,,,3966.9249999523163
,,,,,3966.9300000667567
,,,,,3966.9349999427795
,,,,,3966.940000057221
,,,,,3966.944999933243
,,,,,3966.9500000476837
,,,,,3966.954999923706
,,,,,3966.960000038147
,,,,,3966.964999914169
,,,,,3966.97000002861
,,,,,3966.974999904633
,,,,,3966.980000019074
,,,,,3966.984999895096
,,,,,3966.9900000095367
,,,,,3966.994999885559
,,,,,3967.0
,,,,,3967.005000114441
,,,,,3967.0099999904633
,,,,,3967.015000104904
,,,,,3967.0199999809265
,,,,,3967.0250000953683
,,,,,3967.0299999713898
,,,,,3967.0350000858307
,,,,,3967.039999961853
,,,,,3967.045000076294
,,,,,3967.0499999523163
,,,,,3967.0550000667567
,,,,,3967.0599999427795
,,,,,3967.065000057221
,,,,,3967.069999933243
,,,,,3967.0750000476837
,,,,,3967.079999923706
,,,,,3967.085000038147
,,,,,3967.089999914169
,,,,,3967.09500002861
,,,,,3967.099999904633
,,,,,3967.105000019074
,,,,,3967.109999895096
,,,,,3967.1150000095367
,,,,,3967.119999885559
,,,,,3967.125
,,,,,3967.130000114441
,,,,,3967.1349999904633
,,,,,3967.140000104904
,,,,,3967.1449999809265
,,,,,3967.1500000953683
,,,,,3967.1549999713898
,,,,,3967.1600000858307
,,,,,3967.164999961853
,,,,,3967.170000076294
,,,,,3967.1749999523163
,,,,,3967.1800000667567
,,,,,3967.1849999427795
,,,,,3967.190000057221
,,,,,3967.194999933243
,,,,,3967.2000000476837
,,,,,3967.204999923706
,,,,,3967.210000038147
,,,,,3967.214999914169
,,,,,3967.22000002861
,,,,,3967.224999904633
,,,,,3967.230000019074
,,,,,3967.234999895096
,,,,,3967.2400000095367
,,,,,3967.244999885559
,,,,,3967.25
,,,,,3967.255000114441
,,,,,3967.2599999904633
,,,,,3967.265000104904
,,,,,3967.2699999809265
,,,,,3967.2750000953683
,,,,,3967.2799999713898
,,,,,3967.2850000858307
,,,,,3967.289999961853
,,,,,3967.295000076294
,,,,,3967.2999999523163
,,,,,3967.3050000667567
,,,,,3967.3099999427795
,,,,,3967.315000057221
,,,,,3967.319999933243
,,,,,3967.3250000476837
,,,,,3967.329999923706
,,,,,3967.335000038147
,,,,,3967.339999914169
,,,,,3967.34500002861
,,,,,3967.349999904633
,,,,,3967.355000019074
,,,,,3967.359999895096
,,,,,3967.3650000095367
,,,,,3967.369999885559
,,,,,3967.375
,,,,,3967.380000114441
,,,,,3967.3849999904633
,,,,,3967.390000104904
,,,,,3967.3949999809265
,,,,,3967.4000000953683
,,,,,3967.4049999713898
,,,,,3967.4100000858307
,,,,,3967.414999961853
,,,,,3967.420000076294
,,,,,3967.4249999523163
,,,,,3967.4300000667567
,,,,,3967.4349999427795
,,,,,3967.440000057221
,,,,,3967.444999933243
,,,,,3967.4500000476837
,,,,,3967.454999923706
,,,,,3967.460000038147
,,,,,3967.464999914169
,,,,,3967.47000002861
,,,,,3967.474999904633
,,,,,3967.480000019074
,,,,,3967.484999895096
,,,,,3967.4900000095367
,,,,,3967.494999885559
,,,,,3967.5
,,,,,3967.505000114441
,,,,,3967.5099999904633
,,,,,3967.515000104904
,,,,,3967.5199999809265
,,,,,3967.5250000953683
,,,,,3967.5299999713898
,,,,,3967.5350000858307
,,,,,3967.539999961853
,,,,,3967.545000076294
,,,,,3967.5499999523163
,,,,,3967.5550000667567
,,,,,3967.5599999427795
,,,,,3967.565000057221
,,,,,3967.569999933243
,,,,,3967.5750000476837
,,,,,3967.579999923706
,,,,,3967.585000038147
,,,,,3967.589999914169
,,,,,3967.59500002861
,,,,,3967.599999904633
,,,,,3967.605000019074
,,,,,3967.609999895096
,,,,,3967.6150000095367
,,,,,3967.619999885559
,,,,,3967.625
,,,,,3967.630000114441
,,,,,3967.6349999904633
,,,,,3967.640000104904
,,,,,3967.6449999809265
,,,,,3967.6500000953683
,,,,,3967.6549999713898
,,,,,3967.6600000858307
,,,,,3967.664999961853
,,,,,3967.670000076294
,,,,,3967.6749999523163
,,,,,3967.6800000667567
,,,,,3967.6849999427795
,,,,,3967.690000057221
,,,,,3967.694999933243
,,,,,3967.7000000476837
,,,,,3967.704999923706
,,,,,3967.710000038147
,,,,,3967.714999914169
,,,,,3967.72000002861
,,,,,3967.724999904633
,,,,,3967.730000019074
,,,,,3967.734999895096
,,,,,3967.7400000095367
,,,,,3967.744999885559
,,,,,3967.75
,,,,,3967.755000114441
,,,,,3967.7599999904633
,,,,,3967.765000104904
,,,,,3967.7699999809265
,,,,,3967.7750000953683
,,,,,3967.7799999713898
,,,,,3967.7850000858307
,,,,,3967.789999961853
,,,,,3967.795000076294
,,,,,3967.7999999523163
,,,,,3967.8050000667567
,,,,,3967.8099999427795
,,,,,3967.815000057221
,,,,,3967.819999933243
,,,,,3967.8250000476837
,,,,,3967.829999923706
,,,,,3967.835000038147
,,,,,3967.839999914169
,,,,,3967.84500002861
,,,,,3967.849999904633
,,,,,3967.855000019074
,,,,,3967.859999895096
,,,,,3967.8650000095367
,,,,,3967.869999885559
,,,,,3967.875
,,,,,3967.880000114441
,,,,,3967.8849999904633
,,,,,3967.890000104904
,,,,,3967.8949999809265
,,,,,3967.9000000953683
,,,,,3967.9049999713898
,,,,,3967.9100000858307
,,,,,3967.914999961853
,,,,,3967.920000076294
,,,,,3967.9249999523163
,,,,,3967.9300000667567
,,,,,3967.9349999427795
,,,,,3967.940000057221
,,,,,3967.944999933243
,,,,,3967.9500000476837
,,,,,3967.954999923706
,,,,,3967.960000038147
,,,,,3967.964999914169
,,,,,3967.97000002861
,,,,,3967.974999904633
,,,,,3967.980000019074
,,,,,3967.984999895096
,,,,,3967.9900000095367
,,,,,3967.994999885559
,,,,,3968.0
,,,,,3968.005000114441
,,,,,3968.0099999904633
,,,,,3968.015000104904
,,,,,3968.0199999809265
,,,,,3968.0250000953683
,,,,,3968.0299999713898
,,,,,3968.0350000858307
,,,,,3968.039999961853
,,,,,3968.045000076294
,,,,,3968.0499999523163
,,,,,3968.0550000667567
,,,,,3968.0599999427795
,,,,,3968.065000057221
,,,,,3968.069999933243
,,,,,3968.0750000476837
,,,,,3968.079999923706
,,,,,3968.085000038147
,,,,,3968.089999914169
,,,,,3968.09500002861
,,,,,3968.099999904633
,,,,,3968.105000019074
,,,,,3968.109999895096
,,,,,3968.1150000095367
,,,,,3968.119999885559
,,,,,3968.125
,,,,,3968.130000114441
,,,,,3968.1349999904633
,,,,,3968.140000104904
,,,,,3968.1449999809265
,,,,,3968.1500000953683
,,,,,3968.1549999713898
,,,,,3968.1600000858307
,,,,,3968.164999961853
,,,,,3968.170000076294
,,,,,3968.1749999523163
,,,,,3968.1800000667567
,,,,,3968.1849999427795
,,,,,3968.190000057221
,,,,,3968.194999933243
,,,,,3968.2000000476837
,,,,,3968.204999923706
,,,,,3968.210000038147
,,,,,3968.214999914169
,,,,,3968.22000002861
,,,,,3968.224999904633
,,,,,3968.230000019074
,,,,,3968.234999895096
,,,,,3968.2400000095367
,,,,,3968.244999885559
,,,,,3968.25
,,,,,3968.255000114441
,,,,,3968.2599999904633
,,,,,3968.265000104904
,,,,,3968.2699999809265
,,,,,3968.2750000953683
,,,,,3968.2799999713898
,,,,,3968.2850000858307
,,,,,3968.289999961853
,,,,,3968.295000076294
,,,,,3968.2999999523163
,,,,,3968.3050000667567
,,,,,3968.3099999427795
,,,,,3968.315000057221
,,,,,3968.319999933243
,,,,,3968.3250000476837
,,,,,3968.329999923706
,,,,,3968.335000038147
,,,,,3968.339999914169
,,,,,3968.34500002861
,,,,,3968.349999904633
,,,,,3968.355000019074
,,,,,3968.359999895096
,,,,,3968.3650000095367
,,,,,3968.369999885559
,,,,,3968.375
,,,,,3968.380000114441
,,,,,3968.3849999904633
,,,,,3968.390000104904
,,,,,3968.3949999809265
,,,,,3968.4000000953683
,,,,,3968.4049999713898
,,,,,3968.4100000858307
,,,,,3968.414999961853
,,,,,3968.420000076294
,,,,,3968.4249999523163
,,,,,3968.4300000667567
,,,,,3968.4349999427795
,,,,,3968.440000057221
,,,,,3968.444999933243
,,,,,3968.4500000476837
,,,,,3968.454999923706
,,,,,3968.460000038147
,,,,,3968.464999914169
,,,,,3968.47000002861
,,,,,3968.474999904633
,,,,,3968.480000019074
,,,,,3968.484999895096
,,,,,3968.4900000095367
,,,,,3968.494999885559
,,,,,3968.5
,,,,,3968.505000114441
,,,,,3968.5099999904633
,,,,,3968.515000104904
,,,,,3968.5199999809265
,,,,,3968.5250000953683
,,,,,3968.5299999713898
,,,,,3968.5350000858307
,,,,,3968.539999961853
,,,,,3968.545000076294
,,,,,3968.5499999523163
,,,,,3968.5550000667567
,,,,,3968.5599999427795
,,,,,3968.565000057221
,,,,,3968.569999933243
,,,,,3968.5750000476837
,,,,,3968.579999923706
,,,,,3968.585000038147
,,,,,3968.589999914169
,,,,,3968.59500002861
,,,,,3968.599999904633
,,,,,3968.605000019074
,,,,,3968.609999895096
,,,,,3968.6150000095367
,,,,,3968.619999885559
,,,,,3968.625
,,,,,3968.630000114441
,,,,,3968.6349999904633
,,,,,3968.640000104904
,,,,,3968.6449999809265
,,,,,3968.6500000953683
,,,,,3968.6549999713898
,,,,,3968.6600000858307
,,,,,3968.664999961853
,,,,,3968.670000076294
,,,,,3968.6749999523163
,,,,,3968.6800000667567
,,,,,3968.6849999427795
,,,,,3968.690000057221
,,,,,3968.694999933243
,,,,,3968.7000000476837
,,,,,3968.704999923706
,,,,,3968.710000038147
,,,,,3968.714999914169
,,,,,3968.72000002861
,,,,,3968.724999904633
,,,,,3968.730000019074
,,,,,3968.734999895096
,,,,,3968.7400000095367
,,,,,3968.744999885559
,,,,,3968.75
,,,,,3968.755000114441
,,,,,3968.7599999904633
,,,,,3968.765000104904
,,,,,3968.7699999809265
,,,,,3968.7750000953683
,,,,,3968.7799999713898
,,,,,3968.7850000858307
,,,,,3968.789999961853
,,,,,3968.795000076294
,,,,,3968.7999999523163
,,,,,3968.8050000667567
,,,,,3968.8099999427795
,,,,,3968.815000057221
,,,,,3968.819999933243
,,,,,3968.8250000476837
,,,,,3968.829999923706
,,,,,3968.835000038147
,,,,,3968.839999914169
,,,,,3968.84500002861
,,,,,3968.849999904633
,,,,,3968.855000019074
,,,,,3968.859999895096
,,,,,3968.8650000095367
,,,,,3968.869999885559
,,,,,3968.875
,,,,,3968.880000114441
,,,,,3968.8849999904633
,,,,,3968.890000104904
,,,,,3968.8949999809265
,,,,,3968.9000000953683
,,,,,3968.9049999713898
,,,,,3968.9100000858307
,,,,,3968.914999961853
,,,,,3968.920000076294
,,,,,3968.9249999523163
,,,,,3968.9300000667567
,,,,,3968.9349999427795
,,,,,3968.940000057221
,,,,,3968.944999933243
,,,,,3968.9500000476837
,,,,,3968.954999923706
,,,,,3968.960000038147
,,,,,3968.964999914169
,,,,,3968.97000002861
,,,,,3968.974999904633
,,,,,3968.980000019074
,,,,,3968.984999895096
,,,,,3968.9900000095367
,,,,,3968.994999885559
,,,,,3969.0
,,,,,3969.005000114441
,,,,,3969.0099999904633
,,,,,3969.015000104904
,,,,,3969.0199999809265
,,,,,3969.0250000953683
,,,,,3969.0299999713898
,,,,,3969.0350000858307
,,,,,3969.039999961853
,,,,,3969.045000076294
,,,,,3969.0499999523163
,,,,,3969.0550000667567
,,,,,3969.0599999427795
,,,,,3969.065000057221
,,,,,3969.069999933243
,,,,,3969.0750000476837
,,,,,3969.079999923706
,,,,,3969.085000038147
,,,,,3969.089999914169
,,,,,3969.09500002861
,,,,,3969.099999904633
,,,,,3969.105000019074
,,,,,3969.109999895096
,,,,,3969.1150000095367
,,,,,3969.119999885559
,,,,,3969.125
,,,,,3969.130000114441
,,,,,3969.1349999904633
,,,,,3969.140000104904
,,,,,3969.1449999809265
,,,,,3969.1500000953683
,,,,,3969.1549999713898
,,,,,3969.1600000858307
,,,,,3969.164999961853
,,,,,3969.170000076294
,,,,,3969.1749999523163
,,,,,3969.1800000667567
,,,,,3969.1849999427795
,,,,,3969.190000057221
,,,,,3969.194999933243
,,,,,3969.2000000476837
,,,,,3969.204999923706
,,,,,3969.210000038147
,,,,,3969.214999914169
,,,,,3969.22000002861
,,,,,3969.224999904633
,,,,,3969.230000019074
,,,,,3969.234999895096
,,,,,3969.2400000095367
,,,,,3969.244999885559
,,,,,3969.25
,,,,,3969.255000114441
,,,,,3969.2599999904633
,,,,,3969.265000104904
,,,,,3969.2699999809265
,,,,,3969.2750000953683
,,,,,3969.2799999713898
,,,,,3969.2850000858307
,,,,,3969.289999961853
,,,,,3969.295000076294
,,,,,3969.2999999523163
,,,,,3969.3050000667567
,,,,,3969.3099999427795
,,,,,3969.315000057221
,,,,,3969.319999933243
,,,,,3969.3250000476837
,,,,,3969.329999923706
,,,,,3969.335000038147
,,,,,3969.339999914169
,,,,,3969.34500002861
,,,,,3969.349999904633
,,,,,3969.355000019074
,,,,,3969.359999895096
,,,,,3969.3650000095367
,,,,,3969.369999885559
,,,,,3969.375
,,,,,3969.380000114441
,,,,,3969.3849999904633
,,,,,3969.390000104904
,,,,,3969.3949999809265
,,,,,3969.4000000953683
,,,,,3969.4049999713898
,,,,,3969.4100000858307
,,,,,3969.414999961853
,,,,,3969.420000076294
,,,,,3969.4249999523163
,,,,,3969.4300000667567
,,,,,3969.4349999427795
,,,,,3969.440000057221
,,,,,3969.444999933243
,,,,,3969.4500000476837
,,,,,3969.454999923706
,,,,,3969.460000038147
,,,,,3969.464999914169
,,,,,3969.47000002861
,,,,,3969.474999904633
,,,,,3969.480000019074
,,,,,3969.484999895096
,,,,,3969.4900000095367
,,,,,3969.494999885559
,,,,,3969.5
,,,,,3969.505000114441
,,,,,3969.5099999904633
,,,,,3969.515000104904
,,,,,3969.5199999809265
,,,,,3969.5250000953683
,,,,,3969.5299999713898
,,,,,3969.5350000858307
,,,,,3969.539999961853
,,,,,3969.545000076294
,,,,,3969.5499999523163
,,,,,3969.5550000667567
,,,,,3969.5599999427795
,,,,,3969.565000057221
,,,,,3969.569999933243
,,,,,3969.5750000476837
,,,,,3969.579999923706
,,,,,3969.585000038147
,,,,,3969.589999914169
,,,,,3969.59500002861
,,,,,3969.599999904633
,,,,,3969.605000019074
,,,,,3969.609999895096
,,,,,3969.6150000095367
,,,,,3969.619999885559
,,,,,3969.625
,,,,,3969.630000114441
,,,,,3969.6349999904633
,,,,,3969.640000104904
,,,,,3969.6449999809265
,,,,,3969.6500000953683
,,,,,3969.6549999713898
,,,,,3969.6600000858307
,,,,,3969.664999961853
,,,,,3969.670000076294
,,,,,3969.6749999523163
,,,,,3969.6800000667567
,,,,,3969.6849999427795
,,,,,3969.690000057221
,,,,,3969.694999933243
,,,,,3969.7000000476837
,,,,,3969.704999923706
,,,,,3969.710000038147
,,,,,3969.714999914169
,,,,,3969.72000002861
,,,,,3969.724999904633
,,,,,3969.730000019074
,,,,,3969.734999895096
,,,,,3969.7400000095367
,,,,,3969.744999885559
,,,,,3969.75
,,,,,3969.755000114441
,,,,,3969.7599999904633
,,,,,3969.765000104904
,,,,,3969.7699999809265
,,,,,3969.7750000953683
,,,,,3969.7799999713898
,,,,,3969.7850000858307
,,,,,3969.789999961853
,,,,,3969.795000076294
,,,,,3969.7999999523163
,,,,,3969.8050000667567
,,,,,3969.8099999427795
,,,,,3969.815000057221
,,,,,3969.819999933243
,,,,,3969.8250000476837
,,,,,3969.829999923706
,,,,,3969.835000038147
,,,,,3969.839999914169
,,,,,3969.84500002861
,,,,,3969.849999904633
,,,,,3969.855000019074
,,,,,3969.859999895096
,,,,,3969.8650000095367
,,,,,3969.869999885559
,,,,,3969.875
,,,,,3969.880000114441
,,,,,3969.8849999904633
,,,,,3969.890000104904
,,,,,3969.8949999809265
,,,,,3969.9000000953683
,,,,,3969.9049999713898
,,,,,3969.9100000858307
,,,,,3969.914999961853
,,,,,3969.920000076294
,,,,,3969.9249999523163
,,,,,3969.9300000667567
,,,,,3969.9349999427795
,,,,,3969.940000057221
,,,,,3969.944999933243
,,,,,3969.9500000476837
,,,,,3969.954999923706
,,,,,3969.960000038147
,,,,,3969.964999914169
,,,,,3969.97000002861
,,,,,3969.974999904633
,,,,,3969.980000019074
,,,,,3969.984999895096
,,,,,3969.9900000095367
,,,,,3969.994999885559
,,,,,3970.0
,,,,,3970.005000114441
,,,,,3970.0099999904633
,,,,,3970.015000104904
,,,,,3970.0199999809265
,,,,,3970.0250000953683
,,,,,3970.0299999713898
,,,,,3970.0350000858307
,,,,,3970.039999961853
,,,,,3970.045000076294
,,,,,3970.0499999523163
,,,,,3970.0550000667567
,,,,,3970.0599999427795
,,,,,3970.065000057221
,,,,,3970.069999933243
,,,,,3970.0750000476837
,,,,,3970.079999923706
,,,,,3970.085000038147
,,,,,3970.089999914169
,,,,,3970.09500002861
,,,,,3970.099999904633
,,,,,3970.105000019074
,,,,,3970.109999895096
,,,,,3970.1150000095367
,,,,,3970.119999885559
,,,,,3970.125
,,,,,3970.130000114441
,,,,,3970.1349999904633
,,,,,3970.140000104904
,,,,,3970.1449999809265
,,,,,3970.1500000953683
,,,,,3970.1549999713898
,,,,,3970.1600000858307
,,,,,3970.164999961853
,,,,,3970.170000076294
,,,,,3970.1749999523163
,,,,,3970.1800000667567
,,,,,3970.1849999427795
,,,,,3970.190000057221
,,,,,3970.194999933243
,,,,,3970.2000000476837
,,,,,3970.204999923706
,,,,,3970.210000038147
,,,,,3970.214999914169
,,,,,3970.22000002861
,,,,,3970.224999904633
,,,,,3970.230000019074
,,,,,3970.234999895096
,,,,,3970.2400000095367
,,,,,3970.244999885559
,,,,,3970.25
,,,,,3970.255000114441
,,,,,3970.2599999904633
,,,,,3970.265000104904
,,,,,3970.2699999809265
,,,,,3970.2750000953683
,,,,,3970.2799999713898
,,,,,3970.2850000858307
,,,,,3970.289999961853
,,,,,3970.295000076294
,,,,,3970.2999999523163
,,,,,3970.3050000667567
,,,,,3970.3099999427795
,,,,,3970.315000057221
,,,,,3970.319999933243
,,,,,3970.3250000476837
,,,,,3970.329999923706
,,,,,3970.335000038147
,,,,,3970.339999914169
,,,,,3970.34500002861
,,,,,3970.349999904633
,,,,,3970.355000019074
,,,,,3970.359999895096
,,,,,3970.3650000095367
,,,,,3970.369999885559
,,,,,3970.375
,,,,,3970.380000114441
,,,,,3970.3849999904633
,,,,,3970.390000104904
,,,,,3970.3949999809265
,,,,,3970.4000000953683
,,,,,3970.4049999713898
,,,,,3970.4100000858307
,,,,,3970.414999961853
,,,,,3970.420000076294
,,,,,3970.4249999523163
,,,,,3970.4300000667567
,,,,,3970.4349999427795
,,,,,3970.440000057221
,,,,,3970.444999933243
,,,,,3970.4500000476837
,,,,,3970.454999923706
,,,,,3970.460000038147
,,,,,3970.464999914169
,,,,,3970.47000002861
,,,,,3970.474999904633
,,,,,3970.480000019074
,,,,,3970.484999895096
,,,,,3970.4900000095367
,,,,,3970.494999885559
,,,,,3970.5
,,,,,3970.505000114441
,,,,,3970.5099999904633
,,,,,3970.515000104904
,,,,,3970.5199999809265
,,,,,3970.5250000953683
,,,,,3970.5299999713898
,,,,,3970.5350000858307
,,,,,3970.539999961853
,,,,,3970.545000076294
,,,,,3970.5499999523163
,,,,,3970.5550000667567
,,,,,3970.5599999427795
,,,,,3970.565000057221
,,,,,3970.569999933243
,,,,,3970.5750000476837
,,,,,3970.579999923706
,,,,,3970.585000038147
,,,,,3970.589999914169
,,,,,3970.59500002861
,,,,,3970.599999904633
,,,,,3970.605000019074
,,,,,3970.609999895096
,,,,,3970.6150000095367
,,,,,3970.619999885559
,,,,,3970.625
,,,,,3970.630000114441
,,,,,3970.6349999904633
,,,,,3970.640000104904
,,,,,3970.6449999809265
,,,,,3970.6500000953683
,,,,,3970.6549999713898
,,,,,3970.6600000858307
,,,,,3970.664999961853
,,,,,3970.670000076294
,,,,,3970.6749999523163
,,,,,3970.6800000667567
,,,,,3970.6849999427795
,,,,,3970.690000057221
,,,,,3970.694999933243
,,,,,3970.7000000476837
,,,,,3970.704999923706
,,,,,3970.710000038147
,,,,,3970.714999914169
,,,,,3970.72000002861
,,,,,3970.724999904633
,,,,,3970.730000019074
,,,,,3970.734999895096
,,,,,3970.7400000095367
,,,,,3970.744999885559
,,,,,3970.75
,,,,,3970.755000114441
,,,,,3970.7599999904633
,,,,,3970.765000104904
,,,,,3970.7699999809265
,,,,,3970.7750000953683
,,,,,3970.7799999713898
,,,,,3970.7850000858307
,,,,,3970.789999961853
,,,,,3970.795000076294
,,,,,3970.7999999523163
,,,,,3970.8050000667567
,,,,,3970.8099999427795
,,,,,3970.815000057221
,,,,,3970.819999933243
,,,,,3970.8250000476837
,,,,,3970.829999923706
,,,,,3970.835000038147
,,,,,3970.839999914169
,,,,,3970.84500002861
,,,,,3970.849999904633
,,,,,3970.855000019074
,,,,,3970.859999895096
,,,,,3970.8650000095367
,,,,,3970.869999885559
,,,,,3970.875
,,,,,3970.880000114441
,,,,,3970.8849999904633
,,,,,3970.890000104904
,,,,,3970.8949999809265
,,,,,3970.9000000953683
,,,,,3970.9049999713898
,,,,,3970.9100000858307
,,,,,3970.914999961853
,,,,,3970.920000076294
,,,,,3970.9249999523163
,,,,,3970.9300000667567
,,,,,3970.9349999427795
,,,,,3970.940000057221
,,,,,3970.944999933243
,,,,,3970.9500000476837
,,,,,3970.954999923706
,,,,,3970.960000038147
,,,,,3970.964999914169
,,,,,3970.97000002861
,,,,,3970.974999904633
,,,,,3970.980000019074
,,,,,3970.984999895096
,,,,,3970.9900000095367
,,,,,3970.994999885559
,,,,,3971.0
,,,,,3971.005000114441
,,,,,3971.0099999904633
,,,,,3971.015000104904
,,,,,3971.0199999809265
,,,,,3971.0250000953683
,,,,,3971.0299999713898
,,,,,3971.0350000858307
,,,,,3971.039999961853
,,,,,3971.045000076294
,,,,,3971.0499999523163
,,,,,3971.0550000667567
,,,,,3971.0599999427795
,,,,,3971.065000057221
,,,,,3971.069999933243
,,,,,3971.0750000476837
,,,,,3971.079999923706
,,,,,3971.085000038147
,,,,,3971.089999914169
,,,,,3971.09500002861
,,,,,3971.099999904633
,,,,,3971.105000019074
,,,,,3971.109999895096
,,,,,3971.1150000095367
,,,,,3971.119999885559
,,,,,3971.125
,,,,,3971.130000114441
,,,,,3971.1349999904633
,,,,,3971.140000104904
,,,,,3971.1449999809265
,,,,,3971.1500000953683
,,,,,3971.1549999713898
,,,,,3971.1600000858307
,,,,,3971.164999961853
,,,,,3971.170000076294
,,,,,3971.1749999523163
,,,,,3971.1800000667567
,,,,,3971.1849999427795
,,,,,3971.190000057221
,,,,,3971.194999933243
,,,,,3971.2000000476837
,,,,,3971.204999923706
,,,,,3971.210000038147
,,,,,3971.214999914169
,,,,,3971.22000002861
,,,,,3971.224999904633
,,,,,3971.230000019074
,,,,,3971.234999895096
,,,,,3971.2400000095367
,,,,,3971.244999885559
,,,,,3971.25
,,,,,3971.255000114441
,,,,,3971.2599999904633
,,,,,3971.265000104904
,,,,,3971.2699999809265
,,,,,3971.2750000953683
,,,,,3971.2799999713898
,,,,,3971.2850000858307
,,,,,3971.289999961853
,,,,,3971.295000076294
,,,,,3971.2999999523163
,,,,,3971.3050000667567
,,,,,3971.3099999427795
,,,,,3971.315000057221
,,,,,3971.319999933243
,,,,,3971.3250000476837
,,,,,3971.329999923706
,,,,,3971.335000038147
,,,,,3971.339999914169
,,,,,3971.34500002861
,,,,,3971.349999904633
,,,,,3971.355000019074
,,,,,3971.359999895096
,,,,,3971.3650000095367
,,,,,3971.369999885559
,,,,,3971.375
,,,,,3971.380000114441
,,,,,3971.3849999904633
,,,,,3971.390000104904
,,,,,3971.3949999809265
,,,,,3971.4000000953683
,,,,,3971.4049999713898
,,,,,3971.4100000858307
,,,,,3971.414999961853
,,,,,3971.420000076294
,,,,,3971.4249999523163
,,,,,3971.4300000667567
,,,,,3971.4349999427795
,,,,,3971.440000057221
,,,,,3971.444999933243
,,,,,3971.4500000476837
,,,,,3971.454999923706
,,,,,3971.460000038147
,,,,,3971.464999914169
,,,,,3971.47000002861
,,,,,3971.474999904633
,,,,,3971.480000019074
,,,,,3971.484999895096
,,,,,3971.4900000095367
,,,,,3971.494999885559
,,,,,3971.5
,,,,,3971.505000114441
,,,,,3971.5099999904633
,,,,,3971.515000104904
,,,,,3971.5199999809265
,,,,,3971.5250000953683
,,,,,3971.5299999713898
,,,,,3971.5350000858307
,,,,,3971.539999961853
,,,,,3971.545000076294
,,,,,3971.5499999523163
,,,,,3971.5550000667567
,,,,,3971.5599999427795
,,,,,3971.565000057221
,,,,,3971.569999933243
,,,,,3971.5750000476837
,,,,,3971.579999923706
,,,,,3971.585000038147
,,,,,3971.589999914169
,,,,,3971.59500002861
,,,,,3971.599999904633
,,,,,3971.605000019074
,,,,,3971.609999895096
,,,,,3971.6150000095367
,,,,,3971.619999885559
,,,,,3971.625
,,,,,3971.630000114441
,,,,,3971.6349999904633
,,,,,3971.640000104904
,,,,,3971.6449999809265
,,,,,3971.6500000953683
,,,,,3971.6549999713898
,,,,,3971.6600000858307
,,,,,3971.664999961853
,,,,,3971.670000076294
,,,,,3971.6749999523163
,,,,,3971.6800000667567
,,,,,3971.6849999427795
,,,,,3971.690000057221
,,,,,3971.694999933243
,,,,,3971.7000000476837
,,,,,3971.704999923706
,,,,,3971.710000038147
,,,,,3971.714999914169
,,,,,3971.72000002861
,,,,,3971.724999904633
,,,,,3971.730000019074
,,,,,3971.734999895096
,,,,,3971.7400000095367
,,,,,3971.744999885559
,,,,,3971.75
,,,,,3971.755000114441
,,,,,3971.7599999904633
,,,,,3971.765000104904
,,,,,3971.7699999809265
,,,,,3971.7750000953683
,,,,,3971.7799999713898
,,,,,3971.7850000858307
,,,,,3971.789999961853
,,,,,3971.795000076294
,,,,,3971.7999999523163
,,,,,3971.8050000667567
,,,,,3971.8099999427795
,,,,,3971.815000057221
,,,,,3971.819999933243
,,,,,3971.8250000476837
,,,,,3971.829999923706
,,,,,3971.835000038147
,,,,,3971.839999914169
,,,,,3971.84500002861
,,,,,3971.849999904633
,,,,,3971.855000019074
,,,,,3971.859999895096
,,,,,3971.8650000095367
,,,,,3971.869999885559
,,,,,3971.875
,,,,,3971.880000114441
,,,,,3971.8849999904633
,,,,,3971.890000104904
,,,,,3971.8949999809265
,,,,,3971.9000000953683
,,,,,3971.9049999713898
,,,,,3971.9100000858307
,,,,,3971.914999961853
,,,,,3971.920000076294
,,,,,3971.9249999523163
,,,,,3971.9300000667567
,,,,,3971.9349999427795
,,,,,3971.940000057221
,,,,,3971.944999933243
,,,,,3971.9500000476837
,,,,,3971.954999923706
,,,,,3971.960000038147
,,,,,3971.964999914169
,,,,,3971.97000002861
,,,,,3971.974999904633
,,,,,3971.980000019074
,,,,,3971.984999895096
,,,,,3971.9900000095367
,,,,,3971.994999885559
,,,,,3972.0
,,,,,3972.005000114441
,,,,,3972.0099999904633
,,,,,3972.015000104904
,,,,,3972.0199999809265
,,,,,3972.0250000953683
,,,,,3972.0299999713898
,,,,,3972.0350000858307
,,,,,3972.039999961853
,,,,,3972.045000076294
,,,,,3972.0499999523163
,,,,,3972.0550000667567
,,,,,3972.0599999427795
,,,,,3972.065000057221
,,,,,3972.069999933243
,,,,,3972.0750000476837
,,,,,3972.079999923706
,,,,,3972.085000038147
,,,,,3972.089999914169
,,,,,3972.09500002861
,,,,,3972.099999904633
,,,,,3972.105000019074
,,,,,3972.109999895096
,,,,,3972.1150000095367
,,,,,3972.119999885559
,,,,,3972.125
,,,,,3972.130000114441
,,,,,3972.1349999904633
,,,,,3972.140000104904
,,,,,3972.1449999809265
,,,,,3972.1500000953683
,,,,,3972.1549999713898
,,,,,3972.1600000858307
,,,,,3972.164999961853
,,,,,3972.170000076294
,,,,,3972.1749999523163
,,,,,3972.1800000667567
,,,,,3972.1849999427795
,,,,,3972.190000057221
,,,,,3972.194999933243
,,,,,3972.2000000476837
,,,,,3972.204999923706
,,,,,3972.210000038147
,,,,,3972.214999914169
,,,,,3972.22000002861
,,,,,3972.224999904633
,,,,,3972.230000019074
,,,,,3972.234999895096
,,,,,3972.2400000095367
,,,,,3972.244999885559
,,,,,3972.25
,,,,,3972.255000114441
,,,,,3972.2599999904633
,,,,,3972.265000104904
,,,,,3972.2699999809265
,,,,,3972.2750000953683
,,,,,3972.2799999713898
,,,,,3972.2850000858307
,,,,,3972.289999961853
,,,,,3972.295000076294
,,,,,3972.2999999523163
,,,,,3972.3050000667567
,,,,,3972.3099999427795
,,,,,3972.315000057221
,,,,,3972.319999933243
,,,,,3972.3250000476837
,,,,,3972.329999923706
,,,,,3972.335000038147
,,,,,3972.339999914169
,,,,,3972.34500002861
,,,,,3972.349999904633
,,,,,3972.355000019074
,,,,,3972.359999895096
,,,,,3972.3650000095367
,,,,,3972.369999885559
,,,,,3972.375
,,,,,3972.380000114441
,,,,,3972.3849999904633
,,,,,3972.390000104904
,,,,,3972.3949999809265
,,,,,3972.4000000953683
,,,,,3972.4049999713898
,,,,,3972.4100000858307
,,,,,3972.414999961853
,,,,,3972.420000076294
,,,,,3972.4249999523163
,,,,,3972.4300000667567
,,,,,3972.4349999427795
,,,,,3972.440000057221
,,,,,3972.444999933243
,,,,,3972.4500000476837
,,,,,3972.454999923706
,,,,,3972.460000038147
,,,,,3972.464999914169
,,,,,3972.47000002861
,,,,,3972.474999904633
,,,,,3972.480000019074
,,,,,3972.484999895096
,,,,,3972.4900000095367
,,,,,3972.494999885559
,,,,,3972.5
,,,,,3972.505000114441
,,,,,3972.5099999904633
,,,,,3972.515000104904
,,,,,3972.5199999809265
,,,,,3972.5250000953683
,,,,,3972.5299999713898
,,,,,3972.5350000858307
,,,,,3972.539999961853
,,,,,3972.545000076294
,,,,,3972.5499999523163
,,,,,3972.5550000667567
,,,,,3972.5599999427795
,,,,,3972.565000057221
,,,,,3972.569999933243
,,,,,3972.5750000476837
,,,,,3972.579999923706
,,,,,3972.585000038147
,,,,,3972.589999914169
,,,,,3972.59500002861
,,,,,3972.599999904633
,,,,,3972.605000019074
,,,,,3972.609999895096
,,,,,3972.6150000095367
,,,,,3972.619999885559
,,,,,3972.625
,,,,,3972.630000114441
,,,,,3972.6349999904633
,,,,,3972.640000104904
,,,,,3972.6449999809265
,,,,,3972.6500000953683
,,,,,3972.6549999713898
,,,,,3972.6600000858307
,,,,,3972.664999961853
,,,,,3972.670000076294
,,,,,3972.6749999523163
,,,,,3972.6800000667567
,,,,,3972.6849999427795
,,,,,3972.690000057221
,,,,,3972.694999933243
,,,,,3972.7000000476837
,,,,,3972.704999923706
,,,,,3972.710000038147
,,,,,3972.714999914169
,,,,,3972.72000002861
,,,,,3972.724999904633
,,,,,3972.730000019074
,,,,,3972.734999895096
,,,,,3972.7400000095367
,,,,,3972.744999885559
,,,,,3972.75
,,,,,3972.755000114441
,,,,,3972.7599999904633
,,,,,3972.765000104904
,,,,,3972.7699999809265
,,,,,3972.7750000953683
,,,,,3972.7799999713898
,,,,,3972.7850000858307
,,,,,3972.789999961853
,,,,,3972.795000076294
,,,,,3972.7999999523163
,,,,,3972.8050000667567
,,,,,3972.8099999427795
,,,,,3972.815000057221
,,,,,3972.819999933243
,,,,,3972.8250000476837
,,,,,3972.829999923706
,,,,,3972.835000038147
,,,,,3972.839999914169
,,,,,3972.84500002861
,,,,,3972.849999904633
,,,,,3972.855000019074
,,,,,3972.859999895096
,,,,,3972.8650000095367
,,,,,3972.869999885559
,,,,,3972.875
,,,,,3972.880000114441
,,,,,3972.8849999904633
,,,,,3972.890000104904
,,,,,3972.8949999809265
,,,,,3972.9000000953683
,,,,,3972.9049999713898
,,,,,3972.9100000858307
,,,,,3972.914999961853
,,,,,3972.920000076294
,,,,,3972.9249999523163
,,,,,3972.9300000667567
,,,,,3972.9349999427795
,,,,,3972.940000057221
,,,,,3972.944999933243
,,,,,3972.9500000476837
,,,,,3972.954999923706
,,,,,3972.960000038147
,,,,,3972.964999914169
,,,,,3972.97000002861
,,,,,3972.974999904633
,,,,,3972.980000019074
,,,,,3972.984999895096
,,,,,3972.9900000095367
,,,,,3972.994999885559
,,,,,3973.0
,,,,,3973.005000114441
,,,,,3973.0099999904633
,,,,,3973.015000104904
,,,,,3973.0199999809265
,,,,,3973.0250000953683
,,,,,3973.0299999713898
,,,,,3973.0350000858307
,,,,,3973.039999961853
,,,,,3973.045000076294
,,,,,3973.0499999523163
,,,,,3973.0550000667567
,,,,,3973.0599999427795
,,,,,3973.065000057221
,,,,,3973.069999933243
,,,,,3973.0750000476837
,,,,,3973.079999923706
,,,,,3973.085000038147
,,,,,3973.089999914169
,,,,,3973.09500002861
,,,,,3973.099999904633
,,,,,3973.105000019074
,,,,,3973.109999895096
,,,,,3973.1150000095367
,,,,,3973.119999885559
,,,,,3973.125
,,,,,3973.130000114441
,,,,,3973.1349999904633
,,,,,3973.140000104904
,,,,,3973.1449999809265
,,,,,3973.1500000953683
,,,,,3973.1549999713898
,,,,,3973.1600000858307
,,,,,3973.164999961853
,,,,,3973.170000076294
,,,,,3973.1749999523163
,,,,,3973.1800000667567
,,,,,3973.1849999427795
,,,,,3973.190000057221
,,,,,3973.194999933243
,,,,,3973.2000000476837
,,,,,3973.204999923706
,,,,,3973.210000038147
,,,,,3973.214999914169
,,,,,3973.22000002861
,,,,,3973.224999904633
,,,,,3973.230000019074
,,,,,3973.234999895096
,,,,,3973.2400000095367
,,,,,3973.244999885559
,,,,,3973.25
,,,,,3973.255000114441
,,,,,3973.2599999904633
,,,,,3973.265000104904
,,,,,3973.2699999809265
,,,,,3973.2750000953683
,,,,,3973.2799999713898
,,,,,3973.2850000858307
,,,,,3973.289999961853
,,,,,3973.295000076294
,,,,,3973.2999999523163
,,,,,3973.3050000667567
,,,,,3973.3099999427795
,,,,,3973.315000057221
,,,,,3973.319999933243
,,,,,3973.3250000476837
,,,,,3973.329999923706
,,,,,3973.335000038147
,,,,,3973.339999914169
,,,,,3973.34500002861
,,,,,3973.349999904633
,,,,,3973.355000019074
,,,,,3973.359999895096
,,,,,3973.3650000095367
,,,,,3973.369999885559
,,,,,3973.375
,,,,,3973.380000114441
,,,,,3973.3849999904633
,,,,,3973.390000104904
,,,,,3973.3949999809265
,,,,,3973.4000000953683
,,,,,3973.4049999713898
,,,,,3973.4100000858307
,,,,,3973.414999961853
,,,,,3973.420000076294
,,,,,3973.4249999523163
,,,,,3973.4300000667567
,,,,,3973.4349999427795
,,,,,3973.440000057221
,,,,,3973.444999933243
,,,,,3973.4500000476837
,,,,,3973.454999923706
,,,,,3973.460000038147
,,,,,3973.464999914169
,,,,,3973.47000002861
,,,,,3973.474999904633
,,,,,3973.480000019074
,,,,,3973.484999895096
,,,,,3973.4900000095367
,,,,,3973.494999885559
,,,,,3973.5
,,,,,3973.505000114441
,,,,,3973.5099999904633
,,,,,3973.515000104904
,,,,,3973.5199999809265
,,,,,3973.5250000953683
,,,,,3973.5299999713898
,,,,,3973.5350000858307
,,,,,3973.539999961853
,,,,,3973.545000076294
,,,,,3973.5499999523163
,,,,,3973.5550000667567
,,,,,3973.5599999427795
,,,,,3973.565000057221
,,,,,3973.569999933243
,,,,,3973.5750000476837
,,,,,3973.579999923706
,,,,,3973.585000038147
,,,,,3973.589999914169
,,,,,3973.59500002861
,,,,,3973.599999904633
,,,,,3973.605000019074
,,,,,3973.609999895096
,,,,,3973.6150000095367
,,,,,3973.619999885559
,,,,,3973.625
,,,,,3973.630000114441
,,,,,3973.6349999904633
,,,,,3973.640000104904
,,,,,3973.6449999809265
,,,,,3973.6500000953683
,,,,,3973.6549999713898
,,,,,3973.6600000858307
,,,,,3973.664999961853
,,,,,3973.670000076294
,,,,,3973.6749999523163
,,,,,3973.6800000667567
,,,,,3973.6849999427795
,,,,,3973.690000057221
,,,,,3973.694999933243
,,,,,3973.7000000476837
,,,,,3973.704999923706
,,,,,3973.710000038147
,,,,,3973.714999914169
,,,,,3973.72000002861
,,,,,3973.724999904633
,,,,,3973.730000019074
,,,,,3973.734999895096
,,,,,3973.7400000095367
,,,,,3973.744999885559
,,,,,3973.75
,,,,,3973.755000114441
,,,,,3973.7599999904633
,,,,,3973.765000104904
,,,,,3973.7699999809265
,,,,,3973.7750000953683
,,,,,3973.7799999713898
,,,,,3973.7850000858307
,,,,,3973.789999961853
,,,,,3973.795000076294
,,,,,3973.7999999523163
,,,,,3973.8050000667567
,,,,,3973.8099999427795
,,,,,3973.815000057221
,,,,,3973.819999933243
,,,,,3973.8250000476837
,,,,,3973.829999923706
,,,,,3973.835000038147
,,,,,3973.839999914169
,,,,,3973.84500002861
,,,,,3973.849999904633
,,,,,3973.855000019074
,,,,,3973.859999895096
,,,,,3973.8650000095367
,,,,,3973.869999885559
,,,,,3973.875
,,,,,3973.880000114441
,,,,,3973.8849999904633
,,,,,3973.890000104904
,,,,,3973.8949999809265
,,,,,3973.9000000953683
,,,,,3973.9049999713898
,,,,,3973.9100000858307
,,,,,3973.914999961853
,,,,,3973.920000076294
,,,,,3973.9249999523163
,,,,,3973.9300000667567
,,,,,3973.9349999427795
,,,,,3973.940000057221
,,,,,3973.944999933243
,,,,,3973.9500000476837
,,,,,3973.954999923706
,,,,,3973.960000038147
,,,,,3973.964999914169
,,,,,3973.97000002861
,,,,,3973.974999904633
,,,,,3973.980000019074
,,,,,3973.984999895096
,,,,,3973.9900000095367
,,,,,3973.994999885559
,,,,,3974.0
,,,,,3974.005000114441
,,,,,3974.0099999904633
,,,,,3974.015000104904
,,,,,3974.0199999809265
,,,,,3974.0250000953683
,,,,,3974.0299999713898
,,,,,3974.0350000858307
,,,,,3974.039999961853
,,,,,3974.045000076294
,,,,,3974.0499999523163
,,,,,3974.0550000667567
,,,,,3974.0599999427795
,,,,,3974.065000057221
,,,,,3974.069999933243
,,,,,3974.0750000476837
,,,,,3974.079999923706
,,,,,3974.085000038147
,,,,,3974.089999914169
,,,,,3974.09500002861
,,,,,3974.099999904633
,,,,,3974.105000019074
,,,,,3974.109999895096
,,,,,3974.1150000095367
,,,,,3974.119999885559
,,,,,3974.125
,,,,,3974.130000114441
,,,,,3974.1349999904633
,,,,,3974.140000104904
,,,,,3974.1449999809265
,,,,,3974.1500000953683
,,,,,3974.1549999713898
,,,,,3974.1600000858307
,,,,,3974.164999961853
,,,,,3974.170000076294
,,,,,3974.1749999523163
,,,,,3974.1800000667567
,,,,,3974.1849999427795
,,,,,3974.190000057221
,,,,,3974.194999933243
,,,,,3974.2000000476837
,,,,,3974.204999923706
,,,,,3974.210000038147
,,,,,3974.214999914169
,,,,,3974.22000002861
,,,,,3974.224999904633
,,,,,3974.230000019074
,,,,,3974.234999895096
,,,,,3974.2400000095367
,,,,,3974.244999885559
,,,,,3974.25
,,,,,3974.255000114441
,,,,,3974.2599999904633
,,,,,3974.265000104904
,,,,,3974.2699999809265
,,,,,3974.2750000953683
,,,,,3974.2799999713898
,,,,,3974.2850000858307
,,,,,3974.289999961853
,,,,,3974.295000076294
,,,,,3974.2999999523163
,,,,,3974.3050000667567
,,,,,3974.3099999427795
,,,,,3974.315000057221
,,,,,3974.319999933243
,,,,,3974.3250000476837
,,,,,3974.329999923706
,,,,,3974.335000038147
,,,,,3974.339999914169
,,,,,3974.34500002861
,,,,,3974.349999904633
,,,,,3974.355000019074
,,,,,3974.359999895096
,,,,,3974.3650000095367
,,,,,3974.369999885559
,,,,,3974.375
,,,,,3974.380000114441
,,,,,3974.3849999904633
,,,,,3974.390000104904
,,,,,3974.3949999809265
,,,,,3974.4000000953683
,,,,,3974.4049999713898
,,,,,3974.4100000858307
,,,,,3974.414999961853
,,,,,3974.420000076294
,,,,,3974.4249999523163
,,,,,3974.4300000667567
,,,,,3974.4349999427795
,,,,,3974.440000057221
,,,,,3974.444999933243
,,,,,3974.4500000476837
,,,,,3974.454999923706
,,,,,3974.460000038147
,,,,,3974.464999914169
,,,,,3974.47000002861
,,,,,3974.474999904633
,,,,,3974.480000019074
,,,,,3974.484999895096
,,,,,3974.4900000095367
,,,,,3974.494999885559
,,,,,3974.5
,,,,,3974.505000114441
,,,,,3974.5099999904633
,,,,,3974.515000104904
,,,,,3974.5199999809265
,,,,,3974.5250000953683
,,,,,3974.5299999713898
,,,,,3974.5350000858307
,,,,,3974.539999961853
,,,,,3974.545000076294
,,,,,3974.5499999523163
,,,,,3974.5550000667567
,,,,,3974.5599999427795
,,,,,3974.565000057221
,,,,,3974.569999933243
,,,,,3974.5750000476837
,,,,,3974.579999923706
,,,,,3974.585000038147
,,,,,3974.589999914169
,,,,,3974.59500002861
,,,,,3974.599999904633
,,,,,3974.605000019074
,,,,,3974.609999895096
,,,,,3974.6150000095367
,,,,,3974.619999885559
,,,,,3974.625
,,,,,3974.630000114441
,,,,,3974.6349999904633
,,,,,3974.640000104904
,,,,,3974.6449999809265
,,,,,3974.6500000953683
,,,,,3974.6549999713898
,,,,,3974.6600000858307
,,,,,3974.664999961853
,,,,,3974.670000076294
,,,,,3974.6749999523163
,,,,,3974.6800000667567
,,,,,3974.6849999427795
,,,,,3974.690000057221
,,,,,3974.694999933243
,,,,,3974.7000000476837
,,,,,3974.704999923706
,,,,,3974.710000038147
,,,,,3974.714999914169
,,,,,3974.72000002861
,,,,,3974.724999904633
,,,,,3974.730000019074
,,,,,3974.734999895096
,,,,,3974.7400000095367
,,,,,3974.744999885559
,,,,,3974.75
,,,,,3974.755000114441
,,,,,3974.7599999904633
,,,,,3974.765000104904
,,,,,3974.7699999809265
,,,,,3974.7750000953683
,,,,,3974.7799999713898
,,,,,3974.7850000858307
,,,,,3974.789999961853
,,,,,3974.795000076294
,,,,,3974.7999999523163
,,,,,3974.8050000667567
,,,,,3974.8099999427795
,,,,,3974.815000057221
,,,,,3974.819999933243
,,,,,3974.8250000476837
,,,,,3974.829999923706
,,,,,3974.835000038147
,,,,,3974.839999914169
,,,,,3974.84500002861
,,,,,3974.849999904633
,,,,,3974.855000019074
,,,,,3974.859999895096
,,,,,3974.8650000095367
,,,,,3974.869999885559
,,,,,3974.875
,,,,,3974.880000114441
,,,,,3974.8849999904633
,,,,,3974.890000104904
,,,,,3974.8949999809265
,,,,,3974.9000000953683
,,,,,3974.9049999713898
,,,,,3974.9100000858307
,,,,,3974.914999961853
,,,,,3974.920000076294
,,,,,3974.9249999523163
,,,,,3974.9300000667567
,,,,,3974.9349999427795
,,,,,3974.940000057221
,,,,,3974.944999933243
,,,,,3974.9500000476837
,,,,,3974.954999923706
,,,,,3974.960000038147
,,,,,3974.964999914169
,,,,,3974.97000002861
,,,,,3974.974999904633
,,,,,3974.980000019074
,,,,,3974.984999895096
,,,,,3974.9900000095367
,,,,,3974.994999885559
,,,,,3975.0
,,,,,3975.005000114441
,,,,,3975.0099999904633
,,,,,3975.015000104904
,,,,,3975.0199999809265
,,,,,3975.0250000953683
,,,,,3975.0299999713898
,,,,,3975.0350000858307
,,,,,3975.039999961853
,,,,,3975.045000076294
,,,,,3975.0499999523163
,,,,,3975.0550000667567
,,,,,3975.0599999427795
,,,,,3975.065000057221
,,,,,3975.069999933243
,,,,,3975.0750000476837
,,,,,3975.079999923706
,,,,,3975.085000038147
,,,,,3975.089999914169
,,,,,3975.09500002861
,,,,,3975.099999904633
,,,,,3975.105000019074
,,,,,3975.109999895096
,,,,,3975.1150000095367
,,,,,3975.119999885559
,,,,,3975.125
,,,,,3975.130000114441
,,,,,3975.1349999904633
,,,,,3975.140000104904
,,,,,3975.1449999809265
,,,,,3975.1500000953683
,,,,,3975.1549999713898
,,,,,3975.1600000858307
,,,,,3975.164999961853
,,,,,3975.170000076294
,,,,,3975.1749999523163
,,,,,3975.1800000667567
,,,,,3975.1849999427795
,,,,,3975.190000057221
,,,,,3975.194999933243
,,,,,3975.2000000476837
,,,,,3975.204999923706
,,,,,3975.210000038147
,,,,,3975.214999914169
,,,,,3975.22000002861
,,,,,3975.224999904633
,,,,,3975.230000019074
,,,,,3975.234999895096
,,,,,3975.2400000095367
,,,,,3975.244999885559
,,,,,3975.25
,,,,,3975.255000114441
,,,,,3975.2599999904633
,,,,,3975.265000104904
,,,,,3975.2699999809265
,,,,,3975.2750000953683
,,,,,3975.2799999713898
,,,,,3975.2850000858307
,,,,,3975.289999961853
,,,,,3975.295000076294
,,,,,3975.2999999523163
,,,,,3975.3050000667567
,,,,,3975.3099999427795
,,,,,3975.315000057221
,,,,,3975.319999933243
,,,,,3975.3250000476837
,,,,,3975.329999923706
,,,,,3975.335000038147
,,,,,3975.339999914169
,,,,,3975.34500002861
,,,,,3975.349999904633
,,,,,3975.355000019074
,,,,,3975.359999895096
,,,,,3975.3650000095367
,,,,,3975.369999885559
,,,,,3975.375
,,,,,3975.380000114441
,,,,,3975.3849999904633
,,,,,3975.390000104904
,,,,,3975.3949999809265
,,,,,3975.4000000953683
,,,,,3975.4049999713898
,,,,,3975.4100000858307
,,,,,3975.414999961853
,,,,,3975.420000076294
,,,,,3975.4249999523163
,,,,,3975.4300000667567
,,,,,3975.4349999427795
,,,,,3975.440000057221
,,,,,3975.444999933243
,,,,,3975.4500000476837
,,,,,3975.454999923706
,,,,,3975.460000038147
,,,,,3975.464999914169
,,,,,3975.47000002861
,,,,,3975.474999904633
,,,,,3975.480000019074
,,,,,3975.484999895096
,,,,,3975.4900000095367
,,,,,3975.494999885559
,,,,,3975.5
,,,,,3975.505000114441
,,,,,3975.5099999904633
,,,,,3975.515000104904
,,,,,3975.5199999809265
,,,,,3975.5250000953683
,,,,,3975.5299999713898
,,,,,3975.5350000858307
,,,,,3975.539999961853
,,,,,3975.545000076294
,,,,,3975.5499999523163
,,,,,3975.5550000667567
,,,,,3975.5599999427795
,,,,,3975.565000057221
,,,,,3975.569999933243
,,,,,3975.5750000476837
,,,,,3975.579999923706
,,,,,3975.585000038147
,,,,,3975.589999914169
,,,,,3975.59500002861
,,,,,3975.599999904633
,,,,,3975.605000019074
,,,,,3975.609999895096
,,,,,3975.6150000095367
,,,,,3975.619999885559
,,,,,3975.625
,,,,,3975.630000114441
,,,,,3975.6349999904633
,,,,,3975.640000104904
,,,,,3975.6449999809265
,,,,,3975.6500000953683
,,,,,3975.6549999713898
,,,,,3975.6600000858307
,,,,,3975.664999961853
,,,,,3975.670000076294
,,,,,3975.6749999523163
,,,,,3975.6800000667567
,,,,,3975.6849999427795
,,,,,3975.690000057221
,,,,,3975.694999933243
,,,,,3975.7000000476837
,,,,,3975.704999923706
,,,,,3975.710000038147
,,,,,3975.714999914169
,,,,,3975.72000002861
,,,,,3975.724999904633
,,,,,3975.730000019074
,,,,,3975.734999895096
,,,,,3975.7400000095367
,,,,,3975.744999885559
,,,,,3975.75
,,,,,3975.755000114441
,,,,,3975.7599999904633
,,,,,3975.765000104904
,,,,,3975.7699999809265
,,,,,3975.7750000953683
,,,,,3975.7799999713898
,,,,,3975.7850000858307
,,,,,3975.789999961853
,,,,,3975.795000076294
,,,,,3975.7999999523163
,,,,,3975.8050000667567
,,,,,3975.8099999427795
,,,,,3975.815000057221
,,,,,3975.819999933243
,,,,,3975.8250000476837
,,,,,3975.829999923706
,,,,,3975.835000038147
,,,,,3975.839999914169
,,,,,3975.84500002861
,,,,,3975.849999904633
,,,,,3975.855000019074
,,,,,3975.859999895096
,,,,,3975.8650000095367
,,,,,3975.869999885559
,,,,,3975.875
,,,,,3975.880000114441
,,,,,3975.8849999904633
,,,,,3975.890000104904
,,,,,3975.8949999809265
,,,,,3975.9000000953683
,,,,,3975.9049999713898
,,,,,3975.9100000858307
,,,,,3975.914999961853
,,,,,3975.920000076294
,,,,,3975.9249999523163
,,,,,3975.9300000667567
,,,,,3975.9349999427795
,,,,,3975.940000057221
,,,,,3975.944999933243
,,,,,3975.9500000476837
,,,,,3975.954999923706
,,,,,3975.960000038147
,,,,,3975.964999914169
,,,,,3975.97000002861
,,,,,3975.974999904633
,,,,,3975.980000019074
,,,,,3975.984999895096
,,,,,3975.9900000095367
,,,,,3975.994999885559
,,,,,3976.0
,,,,,3976.005000114441
,,,,,3976.0099999904633
,,,,,3976.015000104904
,,,,,3976.0199999809265
,,,,,3976.0250000953683
,,,,,3976.0299999713898
,,,,,3976.0350000858307
,,,,,3976.039999961853
,,,,,3976.045000076294
,,,,,3976.0499999523163
,,,,,3976.0550000667567
,,,,,3976.0599999427795
,,,,,3976.065000057221
,,,,,3976.069999933243
,,,,,3976.0750000476837
,,,,,3976.079999923706
,,,,,3976.085000038147
,,,,,3976.089999914169
,,,,,3976.09500002861
,,,,,3976.099999904633
,,,,,3976.105000019074
,,,,,3976.109999895096
,,,,,3976.1150000095367
,,,,,3976.119999885559
,,,,,3976.125
,,,,,3976.130000114441
,,,,,3976.1349999904633
,,,,,3976.140000104904
,,,,,3976.1449999809265
,,,,,3976.1500000953683
,,,,,3976.1549999713898
,,,,,3976.1600000858307
,,,,,3976.164999961853
,,,,,3976.170000076294
,,,,,3976.1749999523163
,,,,,3976.1800000667567
,,,,,3976.1849999427795
,,,,,3976.190000057221
,,,,,3976.194999933243
,,,,,3976.2000000476837
,,,,,3976.204999923706
,,,,,3976.210000038147
,,,,,3976.214999914169
,,,,,3976.22000002861
,,,,,3976.224999904633
,,,,,3976.230000019074
,,,,,3976.234999895096
,,,,,3976.2400000095367
,,,,,3976.244999885559
,,,,,3976.25
,,,,,3976.255000114441
,,,,,3976.2599999904633
,,,,,3976.265000104904
,,,,,3976.2699999809265
,,,,,3976.2750000953683
,,,,,3976.2799999713898
,,,,,3976.2850000858307
,,,,,3976.289999961853
,,,,,3976.295000076294
,,,,,3976.2999999523163
,,,,,3976.3050000667567
,,,,,3976.3099999427795
,,,,,3976.315000057221
,,,,,3976.319999933243
,,,,,3976.3250000476837
,,,,,3976.329999923706
,,,,,3976.335000038147
,,,,,3976.339999914169
,,,,,3976.34500002861
,,,,,3976.349999904633
,,,,,3976.355000019074
,,,,,3976.359999895096
,,,,,3976.3650000095367
,,,,,3976.369999885559
,,,,,3976.375
,,,,,3976.380000114441
,,,,,3976.3849999904633
,,,,,3976.390000104904
,,,,,3976.3949999809265
,,,,,3976.4000000953683
,,,,,3976.4049999713898
,,,,,3976.4100000858307
,,,,,3976.414999961853
,,,,,3976.420000076294
,,,,,3976.4249999523163
,,,,,3976.4300000667567
,,,,,3976.4349999427795
,,,,,3976.440000057221
,,,,,3976.444999933243
,,,,,3976.4500000476837
,,,,,3976.454999923706
,,,,,3976.460000038147
,,,,,3976.464999914169
,,,,,3976.47000002861
,,,,,3976.474999904633
,,,,,3976.480000019074
,,,,,3976.484999895096
,,,,,3976.4900000095367
,,,,,3976.494999885559
,,,,,3976.5
,,,,,3976.505000114441
,,,,,3976.5099999904633
,,,,,3976.515000104904
,,,,,3976.5199999809265
,,,,,3976.5250000953683
,,,,,3976.5299999713898
,,,,,3976.5350000858307
,,,,,3976.539999961853
,,,,,3976.545000076294
,,,,,3976.5499999523163
,,,,,3976.5550000667567
,,,,,3976.5599999427795
,,,,,3976.565000057221
,,,,,3976.569999933243
,,,,,3976.5750000476837
,,,,,3976.579999923706
,,,,,3976.585000038147
,,,,,3976.589999914169
,,,,,3976.59500002861
,,,,,3976.599999904633
,,,,,3976.605000019074
,,,,,3976.609999895096
,,,,,3976.6150000095367
,,,,,3976.619999885559
,,,,,3976.625
,,,,,3976.630000114441
,,,,,3976.6349999904633
,,,,,3976.640000104904
,,,,,3976.6449999809265
,,,,,3976.6500000953683
,,,,,3976.6549999713898
,,,,,3976.6600000858307
,,,,,3976.664999961853
,,,,,3976.670000076294
,,,,,3976.6749999523163
,,,,,3976.6800000667567
,,,,,3976.6849999427795
,,,,,3976.690000057221
,,,,,3976.694999933243
,,,,,3976.7000000476837
,,,,,3976.704999923706
,,,,,3976.710000038147
,,,,,3976.714999914169
,,,,,3976.72000002861
,,,,,3976.724999904633
,,,,,3976.730000019074
,,,,,3976.734999895096
,,,,,3976.7400000095367
,,,,,3976.744999885559
,,,,,3976.75
,,,,,3976.755000114441
,,,,,3976.7599999904633
,,,,,3976.765000104904
,,,,,3976.7699999809265
,,,,,3976.7750000953683
,,,,,3976.7799999713898
,,,,,3976.7850000858307
,,,,,3976.789999961853
,,,,,3976.795000076294
,,,,,3976.7999999523163
,,,,,3976.8050000667567
,,,,,3976.8099999427795
,,,,,3976.815000057221
,,,,,3976.819999933243
,,,,,3976.8250000476837
,,,,,3976.829999923706
,,,,,3976.835000038147
,,,,,3976.839999914169
,,,,,3976.84500002861
,,,,,3976.849999904633
,,,,,3976.855000019074
,,,,,3976.859999895096
,,,,,3976.8650000095367
,,,,,3976.869999885559
,,,,,3976.875
,,,,,3976.880000114441
,,,,,3976.8849999904633
,,,,,3976.890000104904
,,,,,3976.8949999809265
,,,,,3976.9000000953683
,,,,,3976.9049999713898
,,,,,3976.9100000858307
,,,,,3976.914999961853
,,,,,3976.920000076294
,,,,,3976.9249999523163
,,,,,3976.9300000667567
,,,,,3976.9349999427795
,,,,,3976.940000057221
,,,,,3976.944999933243
,,,,,3976.9500000476837
,,,,,3976.954999923706
,,,,,3976.960000038147
,,,,,3976.964999914169
,,,,,3976.97000002861
,,,,,3976.974999904633
,,,,,3976.980000019074
,,,,,3976.984999895096
,,,,,3976.9900000095367
,,,,,3976.994999885559
,,,,,3977.0
,,,,,3977.005000114441
,,,,,3977.0099999904633
,,,,,3977.015000104904
,,,,,3977.0199999809265
,,,,,3977.0250000953683
,,,,,3977.0299999713898
,,,,,3977.0350000858307
,,,,,3977.039999961853
,,,,,3977.045000076294
,,,,,3977.0499999523163
,,,,,3977.0550000667567
,,,,,3977.0599999427795
,,,,,3977.065000057221
,,,,,3977.069999933243
,,,,,3977.0750000476837
,,,,,3977.079999923706
,,,,,3977.085000038147
,,,,,3977.089999914169
,,,,,3977.09500002861
,,,,,3977.099999904633
,,,,,3977.105000019074
,,,,,3977.109999895096
,,,,,3977.1150000095367
,,,,,3977.119999885559
,,,,,3977.125
,,,,,3977.130000114441
,,,,,3977.1349999904633
,,,,,3977.140000104904
,,,,,3977.1449999809265
,,,,,3977.1500000953683
,,,,,3977.1549999713898
,,,,,3977.1600000858307
,,,,,3977.164999961853
,,,,,3977.170000076294
,,,,,3977.1749999523163
,,,,,3977.1800000667567
,,,,,3977.1849999427795
,,,,,3977.190000057221
,,,,,3977.194999933243
,,,,,3977.2000000476837
,,,,,3977.204999923706
,,,,,3977.210000038147
,,,,,3977.214999914169
,,,,,3977.22000002861
,,,,,3977.224999904633
,,,,,3977.230000019074
,,,,,3977.234999895096
,,,,,3977.2400000095367
,,,,,3977.244999885559
,,,,,3977.25
,,,,,3977.255000114441
,,,,,3977.2599999904633
,,,,,3977.265000104904
,,,,,3977.2699999809265
,,,,,3977.2750000953683
,,,,,3977.2799999713898
,,,,,3977.2850000858307
,,,,,3977.289999961853
,,,,,3977.295000076294
,,,,,3977.2999999523163
,,,,,3977.3050000667567
,,,,,3977.3099999427795
,,,,,3977.315000057221
,,,,,3977.319999933243
,,,,,3977.3250000476837
,,,,,3977.329999923706
,,,,,3977.335000038147
,,,,,3977.339999914169
,,,,,3977.34500002861
,,,,,3977.349999904633
,,,,,3977.355000019074
,,,,,3977.359999895096
,,,,,3977.3650000095367
,,,,,3977.369999885559
,,,,,3977.375
,,,,,3977.380000114441
,,,,,3977.3849999904633
,,,,,3977.390000104904
,,,,,3977.3949999809265
,,,,,3977.4000000953683
,,,,,3977.4049999713898
,,,,,3977.4100000858307
,,,,,3977.414999961853
,,,,,3977.420000076294
,,,,,3977.4249999523163
,,,,,3977.4300000667567
,,,,,3977.4349999427795
,,,,,3977.440000057221
,,,,,3977.444999933243
,,,,,3977.4500000476837
,,,,,3977.454999923706
,,,,,3977.460000038147
,,,,,3977.464999914169
,,,,,3977.47000002861
,,,,,3977.474999904633
,,,,,3977.480000019074
,,,,,3977.484999895096
,,,,,3977.4900000095367
,,,,,3977.494999885559
,,,,,3977.5
,,,,,3977.505000114441
,,,,,3977.5099999904633
,,,,,3977.515000104904
,,,,,3977.5199999809265
,,,,,3977.5250000953683
,,,,,3977.5299999713898
,,,,,3977.5350000858307
,,,,,3977.539999961853
,,,,,3977.545000076294
,,,,,3977.5499999523163
,,,,,3977.5550000667567
,,,,,3977.5599999427795
,,,,,3977.565000057221
,,,,,3977.569999933243
,,,,,3977.5750000476837
,,,,,3977.579999923706
,,,,,3977.585000038147
,,,,,3977.589999914169
,,,,,3977.59500002861
,,,,,3977.599999904633
,,,,,3977.605000019074
,,,,,3977.609999895096
,,,,,3977.6150000095367
,,,,,3977.619999885559
,,,,,3977.625
,,,,,3977.630000114441
,,,,,3977.6349999904633
,,,,,3977.640000104904
,,,,,3977.6449999809265
,,,,,3977.6500000953683
,,,,,3977.6549999713898
,,,,,3977.6600000858307
,,,,,3977.664999961853
,,,,,3977.670000076294
,,,,,3977.6749999523163
,,,,,3977.6800000667567
,,,,,3977.6849999427795
,,,,,3977.690000057221
,,,,,3977.694999933243
,,,,,3977.7000000476837
,,,,,3977.704999923706
,,,,,3977.710000038147
,,,,,3977.714999914169
,,,,,3977.72000002861
,,,,,3977.724999904633
,,,,,3977.730000019074
,,,,,3977.734999895096
,,,,,3977.7400000095367
,,,,,3977.744999885559
,,,,,3977.75
,,,,,3977.755000114441
,,,,,3977.7599999904633
,,,,,3977.765000104904
,,,,,3977.7699999809265
,,,,,3977.7750000953683
,,,,,3977.7799999713898
,,,,,3977.7850000858307
,,,,,3977.789999961853
,,,,,3977.795000076294
,,,,,3977.7999999523163
,,,,,3977.8050000667567
,,,,,3977.8099999427795
,,,,,3977.815000057221
,,,,,3977.819999933243
,,,,,3977.8250000476837
,,,,,3977.829999923706
,,,,,3977.835000038147
,,,,,3977.839999914169
,,,,,3977.84500002861
,,,,,3977.849999904633
,,,,,3977.855000019074
,,,,,3977.859999895096
,,,,,3977.8650000095367
,,,,,3977.869999885559
,,,,,3977.875
,,,,,3977.880000114441
,,,,,3977.8849999904633
,,,,,3977.890000104904
,,,,,3977.8949999809265
,,,,,3977.9000000953683
,,,,,3977.9049999713898
,,,,,3977.9100000858307
,,,,,3977.914999961853
,,,,,3977.920000076294
,,,,,3977.9249999523163
,,,,,3977.9300000667567
,,,,,3977.9349999427795
,,,,,3977.940000057221
,,,,,3977.944999933243
,,,,,3977.9500000476837
,,,,,3977.954999923706
,,,,,3977.960000038147
,,,,,3977.964999914169
,,,,,3977.97000002861
,,,,,3977.974999904633
,,,,,3977.980000019074
,,,,,3977.984999895096
,,,,,3977.9900000095367
,,,,,3977.994999885559
,,,,,3978.0
,,,,,3978.005000114441
,,,,,3978.0099999904633
,,,,,3978.015000104904
,,,,,3978.0199999809265
,,,,,3978.0250000953683
,,,,,3978.0299999713898
,,,,,3978.0350000858307
,,,,,3978.039999961853
,,,,,3978.045000076294
,,,,,3978.0499999523163
,,,,,3978.0550000667567
,,,,,3978.0599999427795
,,,,,3978.065000057221
,,,,,3978.069999933243
,,,,,3978.0750000476837
,,,,,3978.079999923706
,,,,,3978.085000038147
,,,,,3978.089999914169
,,,,,3978.09500002861
,,,,,3978.099999904633
,,,,,3978.105000019074
,,,,,3978.109999895096
,,,,,3978.1150000095367
,,,,,3978.119999885559
,,,,,3978.125
,,,,,3978.130000114441
,,,,,3978.1349999904633
,,,,,3978.140000104904
,,,,,3978.1449999809265
,,,,,3978.1500000953683
,,,,,3978.1549999713898
,,,,,3978.1600000858307
,,,,,3978.164999961853
,,,,,3978.170000076294
,,,,,3978.1749999523163
,,,,,3978.1800000667567
,,,,,3978.1849999427795
,,,,,3978.190000057221
,,,,,3978.194999933243
,,,,,3978.2000000476837
,,,,,3978.204999923706
,,,,,3978.210000038147
,,,,,3978.214999914169
,,,,,3978.22000002861
,,,,,3978.224999904633
,,,,,3978.230000019074
,,,,,3978.234999895096
,,,,,3978.2400000095367
,,,,,3978.244999885559
,,,,,3978.25
,,,,,3978.255000114441
,,,,,3978.2599999904633
,,,,,3978.265000104904
,,,,,3978.2699999809265
,,,,,3978.2750000953683
,,,,,3978.2799999713898
,,,,,3978.2850000858307
,,,,,3978.289999961853
,,,,,3978.295000076294
,,,,,3978.2999999523163
,,,,,3978.3050000667567
,,,,,3978.3099999427795
,,,,,3978.315000057221
,,,,,3978.319999933243
,,,,,3978.3250000476837
,,,,,3978.329999923706
,,,,,3978.335000038147
,,,,,3978.339999914169
,,,,,3978.34500002861
,,,,,3978.349999904633
,,,,,3978.355000019074
,,,,,3978.359999895096
,,,,,3978.3650000095367
,,,,,3978.369999885559
,,,,,3978.375
,,,,,3978.380000114441
,,,,,3978.3849999904633
,,,,,3978.390000104904
,,,,,3978.3949999809265
,,,,,3978.4000000953683
,,,,,3978.4049999713898
,,,,,3978.4100000858307
,,,,,3978.414999961853
,,,,,3978.420000076294
,,,,,3978.4249999523163
,,,,,3978.4300000667567
,,,,,3978.4349999427795
,,,,,3978.440000057221
,,,,,3978.444999933243
,,,,,3978.4500000476837
,,,,,3978.454999923706
,,,,,3978.460000038147
,,,,,3978.464999914169
,,,,,3978.47000002861
,,,,,3978.474999904633
,,,,,3978.480000019074
,,,,,3978.484999895096
,,,,,3978.4900000095367
,,,,,3978.494999885559
,,,,,3978.5
,,,,,3978.505000114441
,,,,,3978.5099999904633
,,,,,3978.515000104904
,,,,,3978.5199999809265
,,,,,3978.5250000953683
,,,,,3978.5299999713898
,,,,,3978.5350000858307
,,,,,3978.539999961853
,,,,,3978.545000076294
,,,,,3978.5499999523163
,,,,,3978.5550000667567
,,,,,3978.5599999427795
,,,,,3978.565000057221
,,,,,3978.569999933243
,,,,,3978.5750000476837
,,,,,3978.579999923706
,,,,,3978.585000038147
,,,,,3978.589999914169
,,,,,3978.59500002861
,,,,,3978.599999904633
,,,,,3978.605000019074
,,,,,3978.609999895096
,,,,,3978.6150000095367
,,,,,3978.619999885559
,,,,,3978.625
,,,,,3978.630000114441
,,,,,3978.6349999904633
,,,,,3978.640000104904
,,,,,3978.6449999809265
,,,,,3978.6500000953683
,,,,,3978.6549999713898
,,,,,3978.6600000858307
,,,,,3978.664999961853
,,,,,3978.670000076294
,,,,,3978.6749999523163
,,,,,3978.6800000667567
,,,,,3978.6849999427795
,,,,,3978.690000057221
,,,,,3978.694999933243
,,,,,3978.7000000476837
,,,,,3978.704999923706
,,,,,3978.710000038147
,,,,,3978.714999914169
,,,,,3978.72000002861
,,,,,3978.724999904633
,,,,,3978.730000019074
,,,,,3978.734999895096
,,,,,3978.7400000095367
,,,,,3978.744999885559
,,,,,3978.75
,,,,,3978.755000114441
,,,,,3978.7599999904633
,,,,,3978.765000104904
,,,,,3978.7699999809265
,,,,,3978.7750000953683
,,,,,3978.7799999713898
,,,,,3978.7850000858307
,,,,,3978.789999961853
,,,,,3978.795000076294
,,,,,3978.7999999523163
,,,,,3978.8050000667567
,,,,,3978.8099999427795
,,,,,3978.815000057221
,,,,,3978.819999933243
,,,,,3978.8250000476837
,,,,,3978.829999923706
,,,,,3978.835000038147
,,,,,3978.839999914169
,,,,,3978.84500002861
,,,,,3978.849999904633
,,,,,3978.855000019074
,,,,,3978.859999895096
,,,,,3978.8650000095367
,,,,,3978.869999885559
,,,,,3978.875
,,,,,3978.880000114441
,,,,,3978.8849999904633
,,,,,3978.890000104904
,,,,,3978.8949999809265
,,,,,3978.9000000953683
,,,,,3978.9049999713898
,,,,,3978.9100000858307
,,,,,3978.914999961853
,,,,,3978.920000076294
,,,,,3978.9249999523163
,,,,,3978.9300000667567
,,,,,3978.9349999427795
,,,,,3978.940000057221
,,,,,3978.944999933243
,,,,,3978.9500000476837
,,,,,3978.954999923706
,,,,,3978.960000038147
,,,,,3978.964999914169
,,,,,3978.97000002861
,,,,,3978.974999904633
,,,,,3978.980000019074
,,,,,3978.984999895096
,,,,,3978.9900000095367
,,,,,3978.994999885559
,,,,,3979.0
,,,,,3979.005000114441
,,,,,3979.0099999904633
,,,,,3979.015000104904
,,,,,3979.0199999809265
,,,,,3979.0250000953683
,,,,,3979.0299999713898
,,,,,3979.0350000858307
,,,,,3979.039999961853
,,,,,3979.045000076294
,,,,,3979.0499999523163
,,,,,3979.0550000667567
,,,,,3979.0599999427795
,,,,,3979.065000057221
,,,,,3979.069999933243
,,,,,3979.0750000476837
,,,,,3979.079999923706
,,,,,3979.085000038147
,,,,,3979.089999914169
,,,,,3979.09500002861
,,,,,3979.099999904633
,,,,,3979.105000019074
,,,,,3979.109999895096
,,,,,3979.1150000095367
,,,,,3979.119999885559
,,,,,3979.125
,,,,,3979.130000114441
,,,,,3979.1349999904633
,,,,,3979.140000104904
,,,,,3979.1449999809265
,,,,,3979.1500000953683
,,,,,3979.1549999713898
,,,,,3979.1600000858307
,,,,,3979.164999961853
,,,,,3979.170000076294
,,,,,3979.1749999523163
,,,,,3979.1800000667567
,,,,,3979.1849999427795
,,,,,3979.190000057221
,,,,,3979.194999933243
,,,,,3979.2000000476837
,,,,,3979.204999923706
,,,,,3979.210000038147
,,,,,3979.214999914169
,,,,,3979.22000002861
,,,,,3979.224999904633
,,,,,3979.230000019074
,,,,,3979.234999895096
,,,,,3979.2400000095367
,,,,,3979.244999885559
,,,,,3979.25
,,,,,3979.255000114441
,,,,,3979.2599999904633
,,,,,3979.265000104904
,,,,,3979.2699999809265
,,,,,3979.2750000953683
,,,,,3979.2799999713898
,,,,,3979.2850000858307
,,,,,3979.289999961853
,,,,,3979.295000076294
,,,,,3979.2999999523163
,,,,,3979.3050000667567
,,,,,3979.3099999427795
,,,,,3979.315000057221
,,,,,3979.319999933243
,,,,,3979.3250000476837
,,,,,3979.329999923706
,,,,,3979.335000038147
,,,,,3979.339999914169
,,,,,3979.34500002861
,,,,,3979.349999904633
,,,,,3979.355000019074
,,,,,3979.359999895096
,,,,,3979.3650000095367
,,,,,3979.369999885559
,,,,,3979.375
,,,,,3979.380000114441
,,,,,3979.3849999904633
,,,,,3979.390000104904
,,,,,3979.3949999809265
,,,,,3979.4000000953683
,,,,,3979.4049999713898
,,,,,3979.4100000858307
,,,,,3979.414999961853
,,,,,3979.420000076294
,,,,,3979.4249999523163
,,,,,3979.4300000667567
,,,,,3979.4349999427795
,,,,,3979.440000057221
,,,,,3979.444999933243
,,,,,3979.4500000476837
,,,,,3979.454999923706
,,,,,3979.460000038147
,,,,,3979.464999914169
,,,,,3979.47000002861
,,,,,3979.474999904633
,,,,,3979.480000019074
,,,,,3979.484999895096
,,,,,3979.4900000095367
,,,,,3979.494999885559
,,,,,3979.5
,,,,,3979.505000114441
,,,,,3979.5099999904633
,,,,,3979.515000104904
,,,,,3979.5199999809265
,,,,,3979.5250000953683
,,,,,3979.5299999713898
,,,,,3979.5350000858307
,,,,,3979.539999961853
,,,,,3979.545000076294
,,,,,3979.5499999523163
,,,,,3979.5550000667567
,,,,,3979.5599999427795
,,,,,3979.565000057221
,,,,,3979.569999933243
,,,,,3979.5750000476837
,,,,,3979.579999923706
,,,,,3979.585000038147
,,,,,3979.589999914169
,,,,,3979.59500002861
,,,,,3979.599999904633
,,,,,3979.605000019074
,,,,,3979.609999895096
,,,,,3979.6150000095367
,,,,,3979.619999885559
,,,,,3979.625
,,,,,3979.630000114441
,,,,,3979.6349999904633
,,,,,3979.640000104904
,,,,,3979.6449999809265
,,,,,3979.6500000953683
,,,,,3979.6549999713898
,,,,,3979.6600000858307
,,,,,3979.664999961853
,,,,,3979.670000076294
,,,,,3979.6749999523163
,,,,,3979.6800000667567
,,,,,3979.6849999427795
,,,,,3979.690000057221
,,,,,3979.694999933243
,,,,,3979.7000000476837
,,,,,3979.704999923706
,,,,,3979.710000038147
,,,,,3979.714999914169
,,,,,3979.72000002861
,,,,,3979.724999904633
,,,,,3979.730000019074
,,,,,3979.734999895096
,,,,,3979.7400000095367
,,,,,3979.744999885559
,,,,,3979.75
,,,,,3979.755000114441
,,,,,3979.7599999904633
,,,,,3979.765000104904
,,,,,3979.7699999809265
,,,,,3979.7750000953683
,,,,,3979.7799999713898
,,,,,3979.7850000858307
,,,,,3979.789999961853
,,,,,3979.795000076294
,,,,,3979.7999999523163
,,,,,3979.8050000667567
,,,,,3979.8099999427795
,,,,,3979.815000057221
,,,,,3979.819999933243
,,,,,3979.8250000476837
,,,,,3979.829999923706
,,,,,3979.835000038147
,,,,,3979.839999914169
,,,,,3979.84500002861
,,,,,3979.849999904633
,,,,,3979.855000019074
,,,,,3979.859999895096
,,,,,3979.8650000095367
,,,,,3979.869999885559
,,,,,3979.875
,,,,,3979.880000114441
,,,,,3979.8849999904633
,,,,,3979.890000104904
,,,,,3979.8949999809265
,,,,,3979.9000000953683
,,,,,3979.9049999713898
,,,,,3979.9100000858307
,,,,,3979.914999961853
,,,,,3979.920000076294
,,,,,3979.9249999523163
,,,,,3979.9300000667567
,,,,,3979.9349999427795
,,,,,3979.940000057221
,,,,,3979.944999933243
,,,,,3979.9500000476837
,,,,,3979.954999923706
,,,,,3979.960000038147
,,,,,3979.964999914169
,,,,,3979.97000002861
,,,,,3979.974999904633
,,,,,3979.980000019074
,,,,,3979.984999895096
,,,,,3979.9900000095367
,,,,,3979.994999885559
,,,,,3980.0
,,,,,3980.005000114441
,,,,,3980.0099999904633
,,,,,3980.015000104904
,,,,,3980.0199999809265
,,,,,3980.0250000953683
,,,,,3980.0299999713898
,,,,,3980.0350000858307
,,,,,3980.039999961853
,,,,,3980.045000076294
,,,,,3980.0499999523163
,,,,,3980.0550000667567
,,,,,3980.0599999427795
,,,,,3980.065000057221
,,,,,3980.069999933243
,,,,,3980.0750000476837
,,,,,3980.079999923706
,,,,,3980.085000038147
,,,,,3980.089999914169
,,,,,3980.09500002861
,,,,,3980.099999904633
,,,,,3980.105000019074
,,,,,3980.109999895096
,,,,,3980.1150000095367
,,,,,3980.119999885559
,,,,,3980.125
,,,,,3980.130000114441
,,,,,3980.1349999904633
,,,,,3980.140000104904
,,,,,3980.1449999809265
,,,,,3980.1500000953683
,,,,,3980.1549999713898
,,,,,3980.1600000858307
,,,,,3980.164999961853
,,,,,3980.170000076294
,,,,,3980.1749999523163
,,,,,3980.1800000667567
,,,,,3980.1849999427795
,,,,,3980.190000057221
,,,,,3980.194999933243
,,,,,3980.2000000476837
,,,,,3980.204999923706
,,,,,3980.210000038147
,,,,,3980.214999914169
,,,,,3980.22000002861
,,,,,3980.224999904633
,,,,,3980.230000019074
,,,,,3980.234999895096
,,,,,3980.2400000095367
,,,,,3980.244999885559
,,,,,3980.25
,,,,,3980.255000114441
,,,,,3980.2599999904633
,,,,,3980.265000104904
,,,,,3980.2699999809265
,,,,,3980.2750000953683
,,,,,3980.2799999713898
,,,,,3980.2850000858307
,,,,,3980.289999961853
,,,,,3980.295000076294
,,,,,3980.2999999523163
,,,,,3980.3050000667567
,,,,,3980.3099999427795
,,,,,3980.315000057221
,,,,,3980.319999933243
,,,,,3980.3250000476837
,,,,,3980.329999923706
,,,,,3980.335000038147
,,,,,3980.339999914169
,,,,,3980.34500002861
,,,,,3980.349999904633
,,,,,3980.355000019074
,,,,,3980.359999895096
,,,,,3980.3650000095367
,,,,,3980.369999885559
,,,,,3980.375
,,,,,3980.380000114441
,,,,,3980.3849999904633
,,,,,3980.390000104904
,,,,,3980.3949999809265
,,,,,3980.4000000953683
,,,,,3980.4049999713898
,,,,,3980.4100000858307
,,,,,3980.414999961853
,,,,,3980.420000076294
,,,,,3980.4249999523163
,,,,,3980.4300000667567
,,,,,3980.4349999427795
,,,,,3980.440000057221
,,,,,3980.444999933243
,,,,,3980.4500000476837
,,,,,3980.454999923706
,,,,,3980.460000038147
,,,,,3980.464999914169
,,,,,3980.47000002861
,,,,,3980.474999904633
,,,,,3980.480000019074
,,,,,3980.484999895096
,,,,,3980.4900000095367
,,,,,3980.494999885559
,,,,,3980.5
,,,,,3980.505000114441
,,,,,3980.5099999904633
,,,,,3980.515000104904
,,,,,3980.5199999809265
,,,,,3980.5250000953683
,,,,,3980.5299999713898
,,,,,3980.5350000858307
,,,,,3980.539999961853
,,,,,3980.545000076294
,,,,,3980.5499999523163
,,,,,3980.5550000667567
,,,,,3980.5599999427795
,,,,,3980.565000057221
,,,,,3980.569999933243
,,,,,3980.5750000476837
,,,,,3980.579999923706
,,,,,3980.585000038147
,,,,,3980.589999914169
,,,,,3980.59500002861
,,,,,3980.599999904633
,,,,,3980.605000019074
,,,,,3980.609999895096
,,,,,3980.6150000095367
,,,,,3980.619999885559
,,,,,3980.625
,,,,,3980.630000114441
,,,,,3980.6349999904633
,,,,,3980.640000104904
,,,,,3980.6449999809265
,,,,,3980.6500000953683
,,,,,3980.6549999713898
,,,,,3980.6600000858307
,,,,,3980.664999961853
,,,,,3980.670000076294
,,,,,3980.6749999523163
,,,,,3980.6800000667567
,,,,,3980.6849999427795
,,,,,3980.690000057221
,,,,,3980.694999933243
,,,,,3980.7000000476837
,,,,,3980.704999923706
,,,,,3980.710000038147
,,,,,3980.714999914169
,,,,,3980.72000002861
,,,,,3980.724999904633
,,,,,3980.730000019074
,,,,,3980.734999895096
,,,,,3980.7400000095367
,,,,,3980.744999885559
,,,,,3980.75
,,,,,3980.755000114441
,,,,,3980.7599999904633
,,,,,3980.765000104904
,,,,,3980.7699999809265
,,,,,3980.7750000953683
,,,,,3980.7799999713898
,,,,,3980.7850000858307
,,,,,3980.789999961853
,,,,,3980.795000076294
,,,,,3980.7999999523163
,,,,,3980.8050000667567
,,,,,3980.8099999427795
,,,,,3980.815000057221
,,,,,3980.819999933243
,,,,,3980.8250000476837
,,,,,3980.829999923706
,,,,,3980.835000038147
,,,,,3980.839999914169
,,,,,3980.84500002861
,,,,,3980.849999904633
,,,,,3980.855000019074
,,,,,3980.859999895096
,,,,,3980.8650000095367
,,,,,3980.869999885559
,,,,,3980.875
,,,,,3980.880000114441
,,,,,3980.8849999904633
,,,,,3980.890000104904
,,,,,3980.8949999809265
,,,,,3980.9000000953683
,,,,,3980.9049999713898
,,,,,3980.9100000858307
,,,,,3980.914999961853
,,,,,3980.920000076294
,,,,,3980.9249999523163
,,,,,3980.9300000667567
,,,,,3980.9349999427795
,,,,,3980.940000057221
,,,,,3980.944999933243
,,,,,3980.9500000476837
,,,,,3980.954999923706
,,,,,3980.960000038147
,,,,,3980.964999914169
,,,,,3980.97000002861
,,,,,3980.974999904633
,,,,,3980.980000019074
,,,,,3980.984999895096
,,,,,3980.9900000095367
,,,,,3980.994999885559
,,,,,3981.0
,,,,,3981.005000114441
,,,,,3981.0099999904633
,,,,,3981.015000104904
,,,,,3981.0199999809265
,,,,,3981.0250000953683
,,,,,3981.0299999713898
,,,,,3981.0350000858307
,,,,,3981.039999961853
,,,,,3981.045000076294
,,,,,3981.0499999523163
,,,,,3981.0550000667567
,,,,,3981.0599999427795
,,,,,3981.065000057221
,,,,,3981.069999933243
,,,,,3981.0750000476837
,,,,,3981.079999923706
,,,,,3981.085000038147
,,,,,3981.089999914169
,,,,,3981.09500002861
,,,,,3981.099999904633
,,,,,3981.105000019074
,,,,,3981.109999895096
,,,,,3981.1150000095367
,,,,,3981.119999885559
,,,,,3981.125
,,,,,3981.130000114441
,,,,,3981.1349999904633
,,,,,3981.140000104904
,,,,,3981.1449999809265
,,,,,3981.1500000953683
,,,,,3981.1549999713898
,,,,,3981.1600000858307
,,,,,3981.164999961853
,,,,,3981.170000076294
,,,,,3981.1749999523163
,,,,,3981.1800000667567
,,,,,3981.1849999427795
,,,,,3981.190000057221
,,,,,3981.194999933243
,,,,,3981.2000000476837
,,,,,3981.204999923706
,,,,,3981.210000038147
,,,,,3981.214999914169
,,,,,3981.22000002861
,,,,,3981.224999904633
,,,,,3981.230000019074
,,,,,3981.234999895096
,,,,,3981.2400000095367
,,,,,3981.244999885559
,,,,,3981.25
,,,,,3981.255000114441
,,,,,3981.2599999904633
,,,,,3981.265000104904
,,,,,3981.2699999809265
,,,,,3981.2750000953683
,,,,,3981.2799999713898
,,,,,3981.2850000858307
,,,,,3981.289999961853
,,,,,3981.295000076294
,,,,,3981.2999999523163
,,,,,3981.3050000667567
,,,,,3981.3099999427795
,,,,,3981.315000057221
,,,,,3981.319999933243
,,,,,3981.3250000476837
,,,,,3981.329999923706
,,,,,3981.335000038147
,,,,,3981.339999914169
,,,,,3981.34500002861
,,,,,3981.349999904633
,,,,,3981.355000019074
,,,,,3981.359999895096
,,,,,3981.3650000095367
,,,,,3981.369999885559
,,,,,3981.375
,,,,,3981.380000114441
,,,,,3981.3849999904633
,,,,,3981.390000104904
,,,,,3981.3949999809265
,,,,,3981.4000000953683
,,,,,3981.4049999713898
,,,,,3981.4100000858307
,,,,,3981.414999961853
,,,,,3981.420000076294
,,,,,3981.4249999523163
,,,,,3981.4300000667567
,,,,,3981.4349999427795
,,,,,3981.440000057221
,,,,,3981.444999933243
,,,,,3981.4500000476837
,,,,,3981.454999923706
,,,,,3981.460000038147
,,,,,3981.464999914169
,,,,,3981.47000002861
,,,,,3981.474999904633
,,,,,3981.480000019074
,,,,,3981.484999895096
,,,,,3981.4900000095367
,,,,,3981.494999885559
,,,,,3981.5
,,,,,3981.505000114441
,,,,,3981.5099999904633
,,,,,3981.515000104904
,,,,,3981.5199999809265
,,,,,3981.5250000953683
,,,,,3981.5299999713898
,,,,,3981.5350000858307
,,,,,3981.539999961853
,,,,,3981.545000076294
,,,,,3981.5499999523163
,,,,,3981.5550000667567
,,,,,3981.5599999427795
,,,,,3981.565000057221
,,,,,3981.569999933243
,,,,,3981.5750000476837
,,,,,3981.579999923706
,,,,,3981.585000038147
,,,,,3981.589999914169
,,,,,3981.59500002861
,,,,,3981.599999904633
,,,,,3981.605000019074
,,,,,3981.609999895096
,,,,,3981.6150000095367
,,,,,3981.619999885559
,,,,,3981.625
,,,,,3981.630000114441
,,,,,3981.6349999904633
,,,,,3981.640000104904
,,,,,3981.6449999809265
,,,,,3981.6500000953683
,,,,,3981.6549999713898
,,,,,3981.6600000858307
,,,,,3981.664999961853
,,,,,3981.670000076294
,,,,,3981.6749999523163
,,,,,3981.6800000667567
,,,,,3981.6849999427795
,,,,,3981.690000057221
,,,,,3981.694999933243
,,,,,3981.7000000476837
,,,,,3981.704999923706
,,,,,3981.710000038147
,,,,,3981.714999914169
,,,,,3981.72000002861
,,,,,3981.724999904633
,,,,,3981.730000019074
,,,,,3981.734999895096
,,,,,3981.7400000095367
,,,,,3981.744999885559
,,,,,3981.75
,,,,,3981.755000114441
,,,,,3981.7599999904633
,,,,,3981.765000104904
,,,,,3981.7699999809265
,,,,,3981.7750000953683
,,,,,3981.7799999713898
,,,,,3981.7850000858307
,,,,,3981.789999961853
,,,,,3981.795000076294
,,,,,3981.7999999523163
,,,,,3981.8050000667567
,,,,,3981.8099999427795
,,,,,3981.815000057221
,,,,,3981.819999933243
,,,,,3981.8250000476837
,,,,,3981.829999923706
,,,,,3981.835000038147
,,,,,3981.839999914169
,,,,,3981.84500002861
,,,,,3981.849999904633
,,,,,3981.855000019074
,,,,,3981.859999895096
,,,,,3981.8650000095367
,,,,,3981.869999885559
,,,,,3981.875
,,,,,3981.880000114441
,,,,,3981.8849999904633
,,,,,3981.890000104904
,,,,,3981.8949999809265
,,,,,3981.9000000953683
,,,,,3981.9049999713898
,,,,,3981.9100000858307
,,,,,3981.914999961853
,,,,,3981.920000076294
,,,,,3981.9249999523163
,,,,,3981.9300000667567
,,,,,3981.9349999427795
,,,,,3981.940000057221
,,,,,3981.944999933243
,,,,,3981.9500000476837
,,,,,3981.954999923706
,,,,,3981.960000038147
,,,,,3981.964999914169
,,,,,3981.97000002861
,,,,,3981.974999904633
,,,,,3981.980000019074
,,,,,3981.984999895096
,,,,,3981.9900000095367
,,,,,3981.994999885559
,,,,,3982.0
,,,,,3982.005000114441
,,,,,3982.0099999904633
,,,,,3982.015000104904
,,,,,3982.0199999809265
,,,,,3982.0250000953683
,,,,,3982.0299999713898
,,,,,3982.0350000858307
,,,,,3982.039999961853
,,,,,3982.045000076294
,,,,,3982.0499999523163
,,,,,3982.0550000667567
,,,,,3982.0599999427795
,,,,,3982.065000057221
,,,,,3982.069999933243
,,,,,3982.0750000476837
,,,,,3982.079999923706
,,,,,3982.085000038147
,,,,,3982.089999914169
,,,,,3982.09500002861
,,,,,3982.099999904633
,,,,,3982.105000019074
,,,,,3982.109999895096
,,,,,3982.1150000095367
,,,,,3982.119999885559
,,,,,3982.125
,,,,,3982.130000114441
,,,,,3982.1349999904633
,,,,,3982.140000104904
,,,,,3982.1449999809265
,,,,,3982.1500000953683
,,,,,3982.1549999713898
,,,,,3982.1600000858307
,,,,,3982.164999961853
,,,,,3982.170000076294
,,,,,3982.1749999523163
,,,,,3982.1800000667567
,,,,,3982.1849999427795
,,,,,3982.190000057221
,,,,,3982.194999933243
,,,,,3982.2000000476837
,,,,,3982.204999923706
,,,,,3982.210000038147
,,,,,3982.214999914169
,,,,,3982.22000002861
,,,,,3982.224999904633
,,,,,3982.230000019074
,,,,,3982.234999895096
,,,,,3982.2400000095367
,,,,,3982.244999885559
,,,,,3982.25
,,,,,3982.255000114441
,,,,,3982.2599999904633
,,,,,3982.265000104904
,,,,,3982.2699999809265
,,,,,3982.2750000953683
,,,,,3982.2799999713898
,,,,,3982.2850000858307
,,,,,3982.289999961853
,,,,,3982.295000076294
,,,,,3982.2999999523163
,,,,,3982.3050000667567
,,,,,3982.3099999427795
,,,,,3982.315000057221
,,,,,3982.319999933243
,,,,,3982.3250000476837
,,,,,3982.329999923706
,,,,,3982.335000038147
,,,,,3982.339999914169
,,,,,3982.34500002861
,,,,,3982.349999904633
,,,,,3982.355000019074
,,,,,3982.359999895096
,,,,,3982.3650000095367
,,,,,3982.369999885559
,,,,,3982.375
,,,,,3982.380000114441
,,,,,3982.3849999904633
,,,,,3982.390000104904
,,,,,3982.3949999809265
,,,,,3982.4000000953683
,,,,,3982.4049999713898
,,,,,3982.4100000858307
,,,,,3982.414999961853
,,,,,3982.420000076294
,,,,,3982.4249999523163
,,,,,3982.4300000667567
,,,,,3982.4349999427795
,,,,,3982.440000057221
,,,,,3982.444999933243
,,,,,3982.4500000476837
,,,,,3982.454999923706
,,,,,3982.460000038147
,,,,,3982.464999914169
,,,,,3982.47000002861
,,,,,3982.474999904633
,,,,,3982.480000019074
,,,,,3982.484999895096
,,,,,3982.4900000095367
,,,,,3982.494999885559
,,,,,3982.5
,,,,,3982.505000114441
,,,,,3982.5099999904633
,,,,,3982.515000104904
,,,,,3982.5199999809265
,,,,,3982.5250000953683
,,,,,3982.5299999713898
,,,,,3982.5350000858307
,,,,,3982.539999961853
,,,,,3982.545000076294
,,,,,3982.5499999523163
,,,,,3982.5550000667567
,,,,,3982.5599999427795
,,,,,3982.565000057221
,,,,,3982.569999933243
,,,,,3982.5750000476837
,,,,,3982.579999923706
,,,,,3982.585000038147
,,,,,3982.589999914169
,,,,,3982.59500002861
,,,,,3982.599999904633
,,,,,3982.605000019074
,,,,,3982.609999895096
,,,,,3982.6150000095367
,,,,,3982.619999885559
,,,,,3982.625
,,,,,3982.630000114441
,,,,,3982.6349999904633
,,,,,3982.640000104904
,,,,,3982.6449999809265
,,,,,3982.6500000953683
,,,,,3982.6549999713898
,,,,,3982.6600000858307
,,,,,3982.664999961853
,,,,,3982.670000076294
,,,,,3982.6749999523163
,,,,,3982.6800000667567
,,,,,3982.6849999427795
,,,,,3982.690000057221
,,,,,3982.694999933243
,,,,,3982.7000000476837
,,,,,3982.704999923706
,,,,,3982.710000038147
,,,,,3982.714999914169
,,,,,3982.72000002861
,,,,,3982.724999904633
,,,,,3982.730000019074
,,,,,3982.734999895096
,,,,,3982.7400000095367
,,,,,3982.744999885559
,,,,,3982.75
,,,,,3982.755000114441
,,,,,3982.7599999904633
,,,,,3982.765000104904
,,,,,3982.7699999809265
,,,,,3982.7750000953683
,,,,,3982.7799999713898
,,,,,3982.7850000858307
,,,,,3982.789999961853
,,,,,3982.795000076294
,,,,,3982.7999999523163
,,,,,3982.8050000667567
,,,,,3982.8099999427795
,,,,,3982.815000057221
,,,,,3982.819999933243
,,,,,3982.8250000476837
,,,,,3982.829999923706
,,,,,3982.835000038147
,,,,,3982.839999914169
,,,,,3982.84500002861
,,,,,3982.849999904633
,,,,,3982.855000019074
,,,,,3982.859999895096
,,,,,3982.8650000095367
,,,,,3982.869999885559
,,,,,3982.875
,,,,,3982.880000114441
,,,,,3982.8849999904633
,,,,,3982.890000104904
,,,,,3982.8949999809265
,,,,,3982.9000000953683
,,,,,3982.9049999713898
,,,,,3982.9100000858307
,,,,,3982.914999961853
,,,,,3982.920000076294
,,,,,3982.9249999523163
,,,,,3982.9300000667567
,,,,,3982.9349999427795
,,,,,3982.940000057221
,,,,,3982.944999933243
,,,,,3982.9500000476837
,,,,,3982.954999923706
,,,,,3982.960000038147
,,,,,3982.964999914169
,,,,,3982.97000002861
,,,,,3982.974999904633
,,,,,3982.980000019074
,,,,,3982.984999895096
,,,,,3982.9900000095367
,,,,,3982.994999885559
,,,,,3983.0
,,,,,3983.005000114441
,,,,,3983.0099999904633
,,,,,3983.015000104904
,,,,,3983.0199999809265
,,,,,3983.0250000953683
,,,,,3983.0299999713898
,,,,,3983.0350000858307
,,,,,3983.039999961853
,,,,,3983.045000076294
,,,,,3983.0499999523163
,,,,,3983.0550000667567
,,,,,3983.0599999427795
,,,,,3983.065000057221
,,,,,3983.069999933243
,,,,,3983.0750000476837
,,,,,3983.079999923706
,,,,,3983.085000038147
,,,,,3983.089999914169
,,,,,3983.09500002861
,,,,,3983.099999904633
,,,,,3983.105000019074
,,,,,3983.109999895096
,,,,,3983.1150000095367
,,,,,3983.119999885559
,,,,,3983.125
,,,,,3983.130000114441
,,,,,3983.1349999904633
,,,,,3983.140000104904
,,,,,3983.1449999809265
,,,,,3983.1500000953683
,,,,,3983.1549999713898
,,,,,3983.1600000858307
,,,,,3983.164999961853
,,,,,3983.170000076294
,,,,,3983.1749999523163
,,,,,3983.1800000667567
,,,,,3983.1849999427795
,,,,,3983.190000057221
,,,,,3983.194999933243
,,,,,3983.2000000476837
,,,,,3983.204999923706
,,,,,3983.210000038147
,,,,,3983.214999914169
,,,,,3983.22000002861
,,,,,3983.224999904633
,,,,,3983.230000019074
,,,,,3983.234999895096
,,,,,3983.2400000095367
,,,,,3983.244999885559
,,,,,3983.25
,,,,,3983.255000114441
,,,,,3983.2599999904633
,,,,,3983.265000104904
,,,,,3983.2699999809265
,,,,,3983.2750000953683
,,,,,3983.2799999713898
,,,,,3983.2850000858307
,,,,,3983.289999961853
,,,,,3983.295000076294
,,,,,3983.2999999523163
,,,,,3983.3050000667567
,,,,,3983.3099999427795
,,,,,3983.315000057221
,,,,,3983.319999933243
,,,,,3983.3250000476837
,,,,,3983.329999923706
,,,,,3983.335000038147
,,,,,3983.339999914169
,,,,,3983.34500002861
,,,,,3983.349999904633
,,,,,3983.355000019074
,,,,,3983.359999895096
,,,,,3983.3650000095367
,,,,,3983.369999885559
,,,,,3983.375
,,,,,3983.380000114441
,,,,,3983.3849999904633
,,,,,3983.390000104904
,,,,,3983.3949999809265
,,,,,3983.4000000953683
,,,,,3983.4049999713898
,,,,,3983.4100000858307
,,,,,3983.414999961853
,,,,,3983.420000076294
,,,,,3983.4249999523163
,,,,,3983.4300000667567
,,,,,3983.4349999427795
,,,,,3983.440000057221
,,,,,3983.444999933243
,,,,,3983.4500000476837
,,,,,3983.454999923706
,,,,,3983.460000038147
,,,,,3983.464999914169
,,,,,3983.47000002861
,,,,,3983.474999904633
,,,,,3983.480000019074
,,,,,3983.484999895096
,,,,,3983.4900000095367
,,,,,3983.494999885559
,,,,,3983.5
,,,,,3983.505000114441
,,,,,3983.5099999904633
,,,,,3983.515000104904
,,,,,3983.5199999809265
,,,,,3983.5250000953683
,,,,,3983.5299999713898
,,,,,3983.5350000858307
,,,,,3983.539999961853
,,,,,3983.545000076294
,,,,,3983.5499999523163
,,,,,3983.5550000667567
,,,,,3983.5599999427795
,,,,,3983.565000057221
,,,,,3983.569999933243
,,,,,3983.5750000476837
,,,,,3983.579999923706
,,,,,3983.585000038147
,,,,,3983.589999914169
,,,,,3983.59500002861
,,,,,3983.599999904633
,,,,,3983.605000019074
,,,,,3983.609999895096
,,,,,3983.6150000095367
,,,,,3983.619999885559
,,,,,3983.625
,,,,,3983.630000114441
,,,,,3983.6349999904633
,,,,,3983.640000104904
,,,,,3983.6449999809265
,,,,,3983.6500000953683
,,,,,3983.6549999713898
,,,,,3983.6600000858307
,,,,,3983.664999961853
,,,,,3983.670000076294
,,,,,3983.6749999523163
,,,,,3983.6800000667567
,,,,,3983.6849999427795
,,,,,3983.690000057221
,,,,,3983.694999933243
,,,,,3983.7000000476837
,,,,,3983.704999923706
,,,,,3983.710000038147
,,,,,3983.714999914169
,,,,,3983.72000002861
,,,,,3983.724999904633
,,,,,3983.730000019074
,,,,,3983.734999895096
,,,,,3983.7400000095367
,,,,,3983.744999885559
,,,,,3983.75
,,,,,3983.755000114441
,,,,,3983.7599999904633
,,,,,3983.765000104904
,,,,,3983.7699999809265
,,,,,3983.7750000953683
,,,,,3983.7799999713898
,,,,,3983.7850000858307
,,,,,3983.789999961853
,,,,,3983.795000076294
,,,,,3983.7999999523163
,,,,,3983.8050000667567
,,,,,3983.8099999427795
,,,,,3983.815000057221
,,,,,3983.819999933243
,,,,,3983.8250000476837
,,,,,3983.829999923706
,,,,,3983.835000038147
,,,,,3983.839999914169
,,,,,3983.84500002861
,,,,,3983.849999904633
,,,,,3983.855000019074
,,,,,3983.859999895096
,,,,,3983.8650000095367
,,,,,3983.869999885559
,,,,,3983.875
,,,,,3983.880000114441
,,,,,3983.8849999904633
,,,,,3983.890000104904
,,,,,3983.8949999809265
,,,,,3983.9000000953683
,,,,,3983.9049999713898
,,,,,3983.9100000858307
,,,,,3983.914999961853
,,,,,3983.920000076294
,,,,,3983.9249999523163
,,,,,3983.9300000667567
,,,,,3983.9349999427795
,,,,,3983.940000057221
,,,,,3983.944999933243
,,,,,3983.9500000476837
,,,,,3983.954999923706
,,,,,3983.960000038147
,,,,,3983.964999914169
,,,,,3983.97000002861
,,,,,3983.974999904633
,,,,,3983.980000019074
,,,,,3983.984999895096
,,,,,3983.9900000095367
,,,,,3983.994999885559
,,,,,3984.0
,,,,,3984.005000114441
,,,,,3984.0099999904633
,,,,,3984.015000104904
,,,,,3984.0199999809265
,,,,,3984.0250000953683
,,,,,3984.0299999713898
,,,,,3984.0350000858307
,,,,,3984.039999961853
,,,,,3984.045000076294
,,,,,3984.0499999523163
,,,,,3984.0550000667567
,,,,,3984.0599999427795
,,,,,3984.065000057221
,,,,,3984.069999933243
,,,,,3984.0750000476837
,,,,,3984.079999923706
,,,,,3984.085000038147
,,,,,3984.089999914169
,,,,,3984.09500002861
,,,,,3984.099999904633
,,,,,3984.105000019074
,,,,,3984.109999895096
,,,,,3984.1150000095367
,,,,,3984.119999885559
,,,,,3984.125
,,,,,3984.130000114441
,,,,,3984.1349999904633
,,,,,3984.140000104904
,,,,,3984.1449999809265
,,,,,3984.1500000953683
,,,,,3984.1549999713898
,,,,,3984.1600000858307
,,,,,3984.164999961853
,,,,,3984.170000076294
,,,,,3984.1749999523163
,,,,,3984.1800000667567
,,,,,3984.1849999427795
,,,,,3984.190000057221
,,,,,3984.194999933243
,,,,,3984.2000000476837
,,,,,3984.204999923706
,,,,,3984.210000038147
,,,,,3984.214999914169
,,,,,3984.22000002861
,,,,,3984.224999904633
,,,,,3984.230000019074
,,,,,3984.234999895096
,,,,,3984.2400000095367
,,,,,3984.244999885559
,,,,,3984.25
,,,,,3984.255000114441
,,,,,3984.2599999904633
,,,,,3984.265000104904
,,,,,3984.2699999809265
,,,,,3984.2750000953683
,,,,,3984.2799999713898
,,,,,3984.2850000858307
,,,,,3984.289999961853
,,,,,3984.295000076294
,,,,,3984.2999999523163
,,,,,3984.3050000667567
,,,,,3984.3099999427795
,,,,,3984.315000057221
,,,,,3984.319999933243
,,,,,3984.3250000476837
,,,,,3984.329999923706
,,,,,3984.335000038147
,,,,,3984.339999914169
,,,,,3984.34500002861
,,,,,3984.349999904633
,,,,,3984.355000019074
,,,,,3984.359999895096
,,,,,3984.3650000095367
,,,,,3984.369999885559
,,,,,3984.375
,,,,,3984.380000114441
,,,,,3984.3849999904633
,,,,,3984.390000104904
,,,,,3984.3949999809265
,,,,,3984.4000000953683
,,,,,3984.4049999713898
,,,,,3984.4100000858307
,,,,,3984.414999961853
,,,,,3984.420000076294
,,,,,3984.4249999523163
,,,,,3984.4300000667567
,,,,,3984.4349999427795
,,,,,3984.440000057221
,,,,,3984.444999933243
,,,,,3984.4500000476837
,,,,,3984.454999923706
,,,,,3984.460000038147
,,,,,3984.464999914169
,,,,,3984.47000002861
,,,,,3984.474999904633
,,,,,3984.480000019074
,,,,,3984.484999895096
,,,,,3984.4900000095367
,,,,,3984.494999885559
,,,,,3984.5
,,,,,3984.505000114441
,,,,,3984.5099999904633
,,,,,3984.515000104904
,,,,,3984.5199999809265
,,,,,3984.5250000953683
,,,,,3984.5299999713898
,,,,,3984.5350000858307
,,,,,3984.539999961853
,,,,,3984.545000076294
,,,,,3984.5499999523163
,,,,,3984.5550000667567
,,,,,3984.5599999427795
,,,,,3984.565000057221
,,,,,3984.569999933243
,,,,,3984.5750000476837
,,,,,3984.579999923706
,,,,,3984.585000038147
,,,,,3984.589999914169
,,,,,3984.59500002861
,,,,,3984.599999904633
,,,,,3984.605000019074
,,,,,3984.609999895096
,,,,,3984.6150000095367
,,,,,3984.619999885559
,,,,,3984.625
,,,,,3984.630000114441
,,,,,3984.6349999904633
,,,,,3984.640000104904
,,,,,3984.6449999809265
,,,,,3984.6500000953683
,,,,,3984.6549999713898
,,,,,3984.6600000858307
,,,,,3984.664999961853
,,,,,3984.670000076294
,,,,,3984.6749999523163
,,,,,3984.6800000667567
,,,,,3984.6849999427795
,,,,,3984.690000057221
,,,,,3984.694999933243
,,,,,3984.7000000476837
,,,,,3984.704999923706
,,,,,3984.710000038147
,,,,,3984.714999914169
,,,,,3984.72000002861
,,,,,3984.724999904633
,,,,,3984.730000019074
,,,,,3984.734999895096
,,,,,3984.7400000095367
,,,,,3984.744999885559
,,,,,3984.75
,,,,,3984.755000114441
,,,,,3984.7599999904633
,,,,,3984.765000104904
,,,,,3984.7699999809265
,,,,,3984.7750000953683
,,,,,3984.7799999713898
,,,,,3984.7850000858307
,,,,,3984.789999961853
,,,,,3984.795000076294
,,,,,3984.7999999523163
,,,,,3984.8050000667567
,,,,,3984.8099999427795
,,,,,3984.815000057221
,,,,,3984.819999933243
,,,,,3984.8250000476837
,,,,,3984.829999923706
,,,,,3984.835000038147
,,,,,3984.839999914169
,,,,,3984.84500002861
,,,,,3984.849999904633
,,,,,3984.855000019074
,,,,,3984.859999895096
,,,,,3984.8650000095367
,,,,,3984.869999885559
,,,,,3984.875
,,,,,3984.880000114441
,,,,,3984.8849999904633
,,,,,3984.890000104904
,,,,,3984.8949999809265
,,,,,3984.9000000953683
,,,,,3984.9049999713898
,,,,,3984.9100000858307
,,,,,3984.914999961853
,,,,,3984.920000076294
,,,,,3984.9249999523163
,,,,,3984.9300000667567
,,,,,3984.9349999427795
,,,,,3984.940000057221
,,,,,3984.944999933243
,,,,,3984.9500000476837
,,,,,3984.954999923706
,,,,,3984.960000038147
,,,,,3984.964999914169
,,,,,3984.97000002861
,,,,,3984.974999904633
,,,,,3984.980000019074
,,,,,3984.984999895096
,,,,,3984.9900000095367
,,,,,3984.994999885559
,,,,,3985.0
,,,,,3985.005000114441
,,,,,3985.0099999904633
,,,,,3985.015000104904
,,,,,3985.0199999809265
,,,,,3985.0250000953683
,,,,,3985.0299999713898
,,,,,3985.0350000858307
,,,,,3985.039999961853
,,,,,3985.045000076294
,,,,,3985.0499999523163
,,,,,3985.0550000667567
,,,,,3985.0599999427795
,,,,,3985.065000057221
,,,,,3985.069999933243
,,,,,3985.0750000476837
,,,,,3985.079999923706
,,,,,3985.085000038147
,,,,,3985.089999914169
,,,,,3985.09500002861
,,,,,3985.099999904633
,,,,,3985.105000019074
,,,,,3985.109999895096
,,,,,3985.1150000095367
,,,,,3985.119999885559
,,,,,3985.125
,,,,,3985.130000114441
,,,,,3985.1349999904633
,,,,,3985.140000104904
,,,,,3985.1449999809265
,,,,,3985.1500000953683
,,,,,3985.1549999713898
,,,,,3985.1600000858307
,,,,,3985.164999961853
,,,,,3985.170000076294
,,,,,3985.1749999523163
,,,,,3985.1800000667567
,,,,,3985.1849999427795
,,,,,3985.190000057221
,,,,,3985.194999933243
,,,,,3985.2000000476837
,,,,,3985.204999923706
,,,,,3985.210000038147
,,,,,3985.214999914169
,,,,,3985.22000002861
,,,,,3985.224999904633
,,,,,3985.230000019074
,,,,,3985.234999895096
,,,,,3985.2400000095367
,,,,,3985.244999885559
,,,,,3985.25
,,,,,3985.255000114441
,,,,,3985.2599999904633
,,,,,3985.265000104904
,,,,,3985.2699999809265
,,,,,3985.2750000953683
,,,,,3985.2799999713898
,,,,,3985.2850000858307
,,,,,3985.289999961853
,,,,,3985.295000076294
,,,,,3985.2999999523163
,,,,,3985.3050000667567
,,,,,3985.3099999427795
,,,,,3985.315000057221
,,,,,3985.319999933243
,,,,,3985.3250000476837
,,,,,3985.329999923706
,,,,,3985.335000038147
,,,,,3985.339999914169
,,,,,3985.34500002861
,,,,,3985.349999904633
,,,,,3985.355000019074
,,,,,3985.359999895096
,,,,,3985.3650000095367
,,,,,3985.369999885559
,,,,,3985.375
,,,,,3985.380000114441
,,,,,3985.3849999904633
,,,,,3985.390000104904
,,,,,3985.3949999809265
,,,,,3985.4000000953683
,,,,,3985.4049999713898
,,,,,3985.4100000858307
,,,,,3985.414999961853
,,,,,3985.420000076294
,,,,,3985.4249999523163
,,,,,3985.4300000667567
,,,,,3985.4349999427795
,,,,,3985.440000057221
,,,,,3985.444999933243
,,,,,3985.4500000476837
,,,,,3985.454999923706
,,,,,3985.460000038147
,,,,,3985.464999914169
,,,,,3985.47000002861
,,,,,3985.474999904633
,,,,,3985.480000019074
,,,,,3985.484999895096
,,,,,3985.4900000095367
,,,,,3985.494999885559
,,,,,3985.5
,,,,,3985.505000114441
,,,,,3985.5099999904633
,,,,,3985.515000104904
,,,,,3985.5199999809265
,,,,,3985.5250000953683
,,,,,3985.5299999713898
,,,,,3985.5350000858307
,,,,,3985.539999961853
,,,,,3985.545000076294
,,,,,3985.5499999523163
,,,,,3985.5550000667567
,,,,,3985.5599999427795
,,,,,3985.565000057221
,,,,,3985.569999933243
,,,,,3985.5750000476837
,,,,,3985.579999923706
,,,,,3985.585000038147
,,,,,3985.589999914169
,,,,,3985.59500002861
,,,,,3985.599999904633
,,,,,3985.605000019074
,,,,,3985.609999895096
,,,,,3985.6150000095367
,,,,,3985.619999885559
,,,,,3985.625
,,,,,3985.630000114441
,,,,,3985.6349999904633
,,,,,3985.640000104904
,,,,,3985.6449999809265
,,,,,3985.6500000953683
,,,,,3985.6549999713898
,,,,,3985.6600000858307
,,,,,3985.664999961853
,,,,,3985.670000076294
,,,,,3985.6749999523163
,,,,,3985.6800000667567
,,,,,3985.6849999427795
,,,,,3985.690000057221
,,,,,3985.694999933243
,,,,,3985.7000000476837
,,,,,3985.704999923706
,,,,,3985.710000038147
,,,,,3985.714999914169
,,,,,3985.72000002861
,,,,,3985.724999904633
,,,,,3985.730000019074
,,,,,3985.734999895096
,,,,,3985.7400000095367
,,,,,3985.744999885559
,,,,,3985.75
,,,,,3985.755000114441
,,,,,3985.7599999904633
,,,,,3985.765000104904
,,,,,3985.7699999809265
,,,,,3985.7750000953683
,,,,,3985.7799999713898
,,,,,3985.7850000858307
,,,,,3985.789999961853
,,,,,3985.795000076294
,,,,,3985.7999999523163
,,,,,3985.8050000667567
,,,,,3985.8099999427795
,,,,,3985.815000057221
,,,,,3985.819999933243
,,,,,3985.8250000476837
,,,,,3985.829999923706
,,,,,3985.835000038147
,,,,,3985.839999914169
,,,,,3985.84500002861
,,,,,3985.849999904633
,,,,,3985.855000019074
,,,,,3985.859999895096
,,,,,3985.8650000095367
,,,,,3985.869999885559
,,,,,3985.875
,,,,,3985.880000114441
,,,,,3985.8849999904633
,,,,,3985.890000104904
,,,,,3985.8949999809265
,,,,,3985.9000000953683
,,,,,3985.9049999713898
,,,,,3985.9100000858307
,,,,,3985.914999961853
,,,,,3985.920000076294
,,,,,3985.9249999523163
,,,,,3985.9300000667567
,,,,,3985.9349999427795
,,,,,3985.940000057221
,,,,,3985.944999933243
,,,,,3985.9500000476837
,,,,,3985.954999923706
,,,,,3985.960000038147
,,,,,3985.964999914169
,,,,,3985.97000002861
,,,,,3985.974999904633
,,,,,3985.980000019074
,,,,,3985.984999895096
,,,,,3985.9900000095367
,,,,,3985.994999885559
,,,,,3986.0
,,,,,3986.005000114441
,,,,,3986.0099999904633
,,,,,3986.015000104904
,,,,,3986.0199999809265
,,,,,3986.0250000953683
,,,,,3986.0299999713898
,,,,,3986.0350000858307
,,,,,3986.039999961853
,,,,,3986.045000076294
,,,,,3986.0499999523163
,,,,,3986.0550000667567
,,,,,3986.0599999427795
,,,,,3986.065000057221
,,,,,3986.069999933243
,,,,,3986.0750000476837
,,,,,3986.079999923706
,,,,,3986.085000038147
,,,,,3986.089999914169
,,,,,3986.09500002861
,,,,,3986.099999904633
,,,,,3986.105000019074
,,,,,3986.109999895096
,,,,,3986.1150000095367
,,,,,3986.119999885559
,,,,,3986.125
,,,,,3986.130000114441
,,,,,3986.1349999904633
,,,,,3986.140000104904
,,,,,3986.1449999809265
,,,,,3986.1500000953683
,,,,,3986.1549999713898
,,,,,3986.1600000858307
,,,,,3986.164999961853
,,,,,3986.170000076294
,,,,,3986.1749999523163
,,,,,3986.1800000667567
,,,,,3986.1849999427795
,,,,,3986.190000057221
,,,,,3986.194999933243
,,,,,3986.2000000476837
,,,,,3986.204999923706
,,,,,3986.210000038147
,,,,,3986.214999914169
,,,,,3986.22000002861
,,,,,3986.224999904633
,,,,,3986.230000019074
,,,,,3986.234999895096
,,,,,3986.2400000095367
,,,,,3986.244999885559
,,,,,3986.25
,,,,,3986.255000114441
,,,,,3986.2599999904633
,,,,,3986.265000104904
,,,,,3986.2699999809265
,,,,,3986.2750000953683
,,,,,3986.2799999713898
,,,,,3986.2850000858307
,,,,,3986.289999961853
,,,,,3986.295000076294
,,,,,3986.2999999523163
,,,,,3986.3050000667567
,,,,,3986.3099999427795
,,,,,3986.315000057221
,,,,,3986.319999933243
,,,,,3986.3250000476837
,,,,,3986.329999923706
,,,,,3986.335000038147
,,,,,3986.339999914169
,,,,,3986.34500002861
,,,,,3986.349999904633
,,,,,3986.355000019074
,,,,,3986.359999895096
,,,,,3986.3650000095367
,,,,,3986.369999885559
,,,,,3986.375
,,,,,3986.380000114441
,,,,,3986.3849999904633
,,,,,3986.390000104904
,,,,,3986.3949999809265
,,,,,3986.4000000953683
,,,,,3986.4049999713898
,,,,,3986.4100000858307
,,,,,3986.414999961853
,,,,,3986.420000076294
,,,,,3986.4249999523163
,,,,,3986.4300000667567
,,,,,3986.4349999427795
,,,,,3986.440000057221
,,,,,3986.444999933243
,,,,,3986.4500000476837
,,,,,3986.454999923706
,,,,,3986.460000038147
,,,,,3986.464999914169
,,,,,3986.47000002861
,,,,,3986.474999904633
,,,,,3986.480000019074
,,,,,3986.484999895096
,,,,,3986.4900000095367
,,,,,3986.494999885559
,,,,,3986.5
,,,,,3986.505000114441
,,,,,3986.5099999904633
,,,,,3986.515000104904
,,,,,3986.5199999809265
,,,,,3986.5250000953683
,,,,,3986.5299999713898
,,,,,3986.5350000858307
,,,,,3986.539999961853
,,,,,3986.545000076294
,,,,,3986.5499999523163
,,,,,3986.5550000667567
,,,,,3986.5599999427795
,,,,,3986.565000057221
,,,,,3986.569999933243
,,,,,3986.5750000476837
,,,,,3986.579999923706
,,,,,3986.585000038147
,,,,,3986.589999914169
,,,,,3986.59500002861
,,,,,3986.599999904633
,,,,,3986.605000019074
,,,,,3986.609999895096
,,,,,3986.6150000095367
,,,,,3986.619999885559
,,,,,3986.625
,,,,,3986.630000114441
,,,,,3986.6349999904633
,,,,,3986.640000104904
,,,,,3986.6449999809265
,,,,,3986.6500000953683
,,,,,3986.6549999713898
,,,,,3986.6600000858307
,,,,,3986.664999961853
,,,,,3986.670000076294
,,,,,3986.6749999523163
,,,,,3986.6800000667567
,,,,,3986.6849999427795
,,,,,3986.690000057221
,,,,,3986.694999933243
,,,,,3986.7000000476837
,,,,,3986.704999923706
,,,,,3986.710000038147
,,,,,3986.714999914169
,,,,,3986.72000002861
,,,,,3986.724999904633
,,,,,3986.730000019074
,,,,,3986.734999895096
,,,,,3986.7400000095367
,,,,,3986.744999885559
,,,,,3986.75
,,,,,3986.755000114441
,,,,,3986.7599999904633
,,,,,3986.765000104904
,,,,,3986.7699999809265
,,,,,3986.7750000953683
,,,,,3986.7799999713898
,,,,,3986.7850000858307
,,,,,3986.789999961853
,,,,,3986.795000076294
,,,,,3986.7999999523163
,,,,,3986.8050000667567
,,,,,3986.8099999427795
,,,,,3986.815000057221
,,,,,3986.819999933243
,,,,,3986.8250000476837
,,,,,3986.829999923706
,,,,,3986.835000038147
,,,,,3986.839999914169
,,,,,3986.84500002861
,,,,,3986.849999904633
,,,,,3986.855000019074
,,,,,3986.859999895096
,,,,,3986.8650000095367
,,,,,3986.869999885559
,,,,,3986.875
,,,,,3986.880000114441
,,,,,3986.8849999904633
,,,,,3986.890000104904
,,,,,3986.8949999809265
,,,,,3986.9000000953683
,,,,,3986.9049999713898
,,,,,3986.9100000858307
,,,,,3986.914999961853
,,,,,3986.920000076294
,,,,,3986.9249999523163
,,,,,3986.9300000667567
,,,,,3986.9349999427795
,,,,,3986.940000057221
,,,,,3986.944999933243
,,,,,3986.9500000476837
,,,,,3986.954999923706
,,,,,3986.960000038147
,,,,,3986.964999914169
,,,,,3986.97000002861
,,,,,3986.974999904633
,,,,,3986.980000019074
,,,,,3986.984999895096
,,,,,3986.9900000095367
,,,,,3986.994999885559
,,,,,3987.0
,,,,,3987.005000114441
,,,,,3987.0099999904633
,,,,,3987.015000104904
,,,,,3987.0199999809265
,,,,,3987.0250000953683
,,,,,3987.0299999713898
,,,,,3987.0350000858307
,,,,,3987.039999961853
,,,,,3987.045000076294
,,,,,3987.0499999523163
,,,,,3987.0550000667567
,,,,,3987.0599999427795
,,,,,3987.065000057221
,,,,,3987.069999933243
,,,,,3987.0750000476837
,,,,,3987.079999923706
,,,,,3987.085000038147
,,,,,3987.089999914169
,,,,,3987.09500002861
,,,,,3987.099999904633
,,,,,3987.105000019074
,,,,,3987.109999895096
,,,,,3987.1150000095367
,,,,,3987.119999885559
,,,,,3987.125
,,,,,3987.130000114441
,,,,,3987.1349999904633
,,,,,3987.140000104904
,,,,,3987.1449999809265
,,,,,3987.1500000953683
,,,,,3987.1549999713898
,,,,,3987.1600000858307
,,,,,3987.164999961853
,,,,,3987.170000076294
,,,,,3987.1749999523163
,,,,,3987.1800000667567
,,,,,3987.1849999427795
,,,,,3987.190000057221
,,,,,3987.194999933243
,,,,,3987.2000000476837
,,,,,3987.204999923706
,,,,,3987.210000038147
,,,,,3987.214999914169
,,,,,3987.22000002861
,,,,,3987.224999904633
,,,,,3987.230000019074
,,,,,3987.234999895096
,,,,,3987.2400000095367
,,,,,3987.244999885559
,,,,,3987.25
,,,,,3987.255000114441
,,,,,3987.2599999904633
,,,,,3987.265000104904
,,,,,3987.2699999809265
,,,,,3987.2750000953683
,,,,,3987.2799999713898
,,,,,3987.2850000858307
,,,,,3987.289999961853
,,,,,3987.295000076294
,,,,,3987.2999999523163
,,,,,3987.3050000667567
,,,,,3987.3099999427795
,,,,,3987.315000057221
,,,,,3987.319999933243
,,,,,3987.3250000476837
,,,,,3987.329999923706
,,,,,3987.335000038147
,,,,,3987.339999914169
,,,,,3987.34500002861
,,,,,3987.349999904633
,,,,,3987.355000019074
,,,,,3987.359999895096
,,,,,3987.3650000095367
,,,,,3987.369999885559
,,,,,3987.375
,,,,,3987.380000114441
,,,,,3987.3849999904633
,,,,,3987.390000104904
,,,,,3987.3949999809265
,,,,,3987.4000000953683
,,,,,3987.4049999713898
,,,,,3987.4100000858307
,,,,,3987.414999961853
,,,,,3987.420000076294
,,,,,3987.4249999523163
,,,,,3987.4300000667567
,,,,,3987.4349999427795
,,,,,3987.440000057221
,,,,,3987.444999933243
,,,,,3987.4500000476837
,,,,,3987.454999923706
,,,,,3987.460000038147
,,,,,3987.464999914169
,,,,,3987.47000002861
,,,,,3987.474999904633
,,,,,3987.480000019074
,,,,,3987.484999895096
,,,,,3987.4900000095367
,,,,,3987.494999885559
,,,,,3987.5
,,,,,3987.505000114441
,,,,,3987.5099999904633
,,,,,3987.515000104904
,,,,,3987.5199999809265
,,,,,3987.5250000953683
,,,,,3987.5299999713898
,,,,,3987.5350000858307
,,,,,3987.539999961853
,,,,,3987.545000076294
,,,,,3987.5499999523163
,,,,,3987.5550000667567
,,,,,3987.5599999427795
,,,,,3987.565000057221
,,,,,3987.569999933243
,,,,,3987.5750000476837
,,,,,3987.579999923706
,,,,,3987.585000038147
,,,,,3987.589999914169
,,,,,3987.59500002861
,,,,,3987.599999904633
,,,,,3987.605000019074
,,,,,3987.609999895096
,,,,,3987.6150000095367
,,,,,3987.619999885559
,,,,,3987.625
,,,,,3987.630000114441
,,,,,3987.6349999904633
,,,,,3987.640000104904
,,,,,3987.6449999809265
,,,,,3987.6500000953683
,,,,,3987.6549999713898
,,,,,3987.6600000858307
,,,,,3987.664999961853
,,,,,3987.670000076294
,,,,,3987.6749999523163
,,,,,3987.6800000667567
,,,,,3987.6849999427795
,,,,,3987.690000057221
,,,,,3987.694999933243
,,,,,3987.7000000476837
,,,,,3987.704999923706
,,,,,3987.710000038147
,,,,,3987.714999914169
,,,,,3987.72000002861
,,,,,3987.724999904633
,,,,,3987.730000019074
,,,,,3987.734999895096
,,,,,3987.7400000095367
,,,,,3987.744999885559
,,,,,3987.75
,,,,,3987.755000114441
,,,,,3987.7599999904633
,,,,,3987.765000104904
,,,,,3987.7699999809265
,,,,,3987.7750000953683
,,,,,3987.7799999713898
,,,,,3987.7850000858307
,,,,,3987.789999961853
,,,,,3987.795000076294
,,,,,3987.7999999523163
,,,,,3987.8050000667567
,,,,,3987.8099999427795
,,,,,3987.815000057221
,,,,,3987.819999933243
,,,,,3987.8250000476837
,,,,,3987.829999923706
,,,,,3987.835000038147
,,,,,3987.839999914169
,,,,,3987.84500002861
,,,,,3987.849999904633
,,,,,3987.855000019074
,,,,,3987.859999895096
,,,,,3987.8650000095367
,,,,,3987.869999885559
,,,,,3987.875
,,,,,3987.880000114441
,,,,,3987.8849999904633
,,,,,3987.890000104904
,,,,,3987.8949999809265
,,,,,3987.9000000953683
,,,,,3987.9049999713898
,,,,,3987.9100000858307
,,,,,3987.914999961853
,,,,,3987.920000076294
,,,,,3987.9249999523163
,,,,,3987.9300000667567
,,,,,3987.9349999427795
,,,,,3987.940000057221
,,,,,3987.944999933243
,,,,,3987.9500000476837
,,,,,3987.954999923706
,,,,,3987.960000038147
,,,,,3987.964999914169
,,,,,3987.97000002861
,,,,,3987.974999904633
,,,,,3987.980000019074
,,,,,3987.984999895096
,,,,,3987.9900000095367
,,,,,3987.994999885559
,,,,,3988.0
,,,,,3988.005000114441
,,,,,3988.0099999904633
,,,,,3988.015000104904
,,,,,3988.0199999809265
,,,,,3988.0250000953683
,,,,,3988.0299999713898
,,,,,3988.0350000858307
,,,,,3988.039999961853
,,,,,3988.045000076294
,,,,,3988.0499999523163
,,,,,3988.0550000667567
,,,,,3988.0599999427795
,,,,,3988.065000057221
,,,,,3988.069999933243
,,,,,3988.0750000476837
,,,,,3988.079999923706
,,,,,3988.085000038147
,,,,,3988.089999914169
,,,,,3988.09500002861
,,,,,3988.099999904633
,,,,,3988.105000019074
,,,,,3988.109999895096
,,,,,3988.1150000095367
,,,,,3988.119999885559
,,,,,3988.125
,,,,,3988.130000114441
,,,,,3988.1349999904633
,,,,,3988.140000104904
,,,,,3988.1449999809265
,,,,,3988.1500000953683
,,,,,3988.1549999713898
,,,,,3988.1600000858307
,,,,,3988.164999961853
,,,,,3988.170000076294
,,,,,3988.1749999523163
,,,,,3988.1800000667567
,,,,,3988.1849999427795
,,,,,3988.190000057221
,,,,,3988.194999933243
,,,,,3988.2000000476837
,,,,,3988.204999923706
,,,,,3988.210000038147
,,,,,3988.214999914169
,,,,,3988.22000002861
,,,,,3988.224999904633
,,,,,3988.230000019074
,,,,,3988.234999895096
,,,,,3988.2400000095367
,,,,,3988.244999885559
,,,,,3988.25
,,,,,3988.255000114441
,,,,,3988.2599999904633
,,,,,3988.265000104904
,,,,,3988.2699999809265
,,,,,3988.2750000953683
,,,,,3988.2799999713898
,,,,,3988.2850000858307
,,,,,3988.289999961853
,,,,,3988.295000076294
,,,,,3988.2999999523163
,,,,,3988.3050000667567
,,,,,3988.3099999427795
,,,,,3988.315000057221
,,,,,3988.319999933243
,,,,,3988.3250000476837
,,,,,3988.329999923706
,,,,,3988.335000038147
,,,,,3988.339999914169
,,,,,3988.34500002861
,,,,,3988.349999904633
,,,,,3988.355000019074
,,,,,3988.359999895096
,,,,,3988.3650000095367
,,,,,3988.369999885559
,,,,,3988.375
,,,,,3988.380000114441
,,,,,3988.3849999904633
,,,,,3988.390000104904
,,,,,3988.3949999809265
,,,,,3988.4000000953683
,,,,,3988.4049999713898
,,,,,3988.4100000858307
,,,,,3988.414999961853
,,,,,3988.420000076294
,,,,,3988.4249999523163
,,,,,3988.4300000667567
,,,,,3988.4349999427795
,,,,,3988.440000057221
,,,,,3988.444999933243
,,,,,3988.4500000476837
,,,,,3988.454999923706
,,,,,3988.460000038147
,,,,,3988.464999914169
,,,,,3988.47000002861
,,,,,3988.474999904633
,,,,,3988.480000019074
,,,,,3988.484999895096
,,,,,3988.4900000095367
,,,,,3988.494999885559
,,,,,3988.5
,,,,,3988.505000114441
,,,,,3988.5099999904633
,,,,,3988.515000104904
,,,,,3988.5199999809265
,,,,,3988.5250000953683
,,,,,3988.5299999713898
,,,,,3988.5350000858307
,,,,,3988.539999961853
,,,,,3988.545000076294
,,,,,3988.5499999523163
,,,,,3988.5550000667567
,,,,,3988.5599999427795
,,,,,3988.565000057221
,,,,,3988.569999933243
,,,,,3988.5750000476837
,,,,,3988.579999923706
,,,,,3988.585000038147
,,,,,3988.589999914169
,,,,,3988.59500002861
,,,,,3988.599999904633
,,,,,3988.605000019074
,,,,,3988.609999895096
,,,,,3988.6150000095367
,,,,,3988.619999885559
,,,,,3988.625
,,,,,3988.630000114441
,,,,,3988.6349999904633
,,,,,3988.640000104904
,,,,,3988.6449999809265
,,,,,3988.6500000953683
,,,,,3988.6549999713898
,,,,,3988.6600000858307
,,,,,3988.664999961853
,,,,,3988.670000076294
,,,,,3988.6749999523163
,,,,,3988.6800000667567
,,,,,3988.6849999427795
,,,,,3988.690000057221
,,,,,3988.694999933243
,,,,,3988.7000000476837
,,,,,3988.704999923706
,,,,,3988.710000038147
,,,,,3988.714999914169
,,,,,3988.72000002861
,,,,,3988.724999904633
,,,,,3988.730000019074
,,,,,3988.734999895096
,,,,,3988.7400000095367
,,,,,3988.744999885559
,,,,,3988.75
,,,,,3988.755000114441
,,,,,3988.7599999904633
,,,,,3988.765000104904
,,,,,3988.7699999809265
,,,,,3988.7750000953683
,,,,,3988.7799999713898
,,,,,3988.7850000858307
,,,,,3988.789999961853
,,,,,3988.795000076294
,,,,,3988.7999999523163
,,,,,3988.8050000667567
,,,,,3988.8099999427795
,,,,,3988.815000057221
,,,,,3988.819999933243
,,,,,3988.8250000476837
,,,,,3988.829999923706
,,,,,3988.835000038147
,,,,,3988.839999914169
,,,,,3988.84500002861
,,,,,3988.849999904633
,,,,,3988.855000019074
,,,,,3988.859999895096
,,,,,3988.8650000095367
,,,,,3988.869999885559
,,,,,3988.875
,,,,,3988.880000114441
,,,,,3988.8849999904633
,,,,,3988.890000104904
,,,,,3988.8949999809265
,,,,,3988.9000000953683
,,,,,3988.9049999713898
,,,,,3988.9100000858307
,,,,,3988.914999961853
,,,,,3988.920000076294
,,,,,3988.9249999523163
,,,,,3988.9300000667567
,,,,,3988.9349999427795
,,,,,3988.940000057221
,,,,,3988.944999933243
,,,,,3988.9500000476837
,,,,,3988.954999923706
,,,,,3988.960000038147
,,,,,3988.964999914169
,,,,,3988.97000002861
,,,,,3988.974999904633
,,,,,3988.980000019074
,,,,,3988.984999895096
,,,,,3988.9900000095367
,,,,,3988.994999885559
,,,,,3989.0
,,,,,3989.005000114441
,,,,,3989.0099999904633
,,,,,3989.015000104904
,,,,,3989.0199999809265
,,,,,3989.0250000953683
,,,,,3989.0299999713898
,,,,,3989.0350000858307
,,,,,3989.039999961853
,,,,,3989.045000076294
,,,,,3989.0499999523163
,,,,,3989.0550000667567
,,,,,3989.0599999427795
,,,,,3989.065000057221
,,,,,3989.069999933243
,,,,,3989.0750000476837
,,,,,3989.079999923706
,,,,,3989.085000038147
,,,,,3989.089999914169
,,,,,3989.09500002861
,,,,,3989.099999904633
,,,,,3989.105000019074
,,,,,3989.109999895096
,,,,,3989.1150000095367
,,,,,3989.119999885559
,,,,,3989.125
,,,,,3989.130000114441
,,,,,3989.1349999904633
,,,,,3989.140000104904
,,,,,3989.1449999809265
,,,,,3989.1500000953683
,,,,,3989.1549999713898
,,,,,3989.1600000858307
,,,,,3989.164999961853
,,,,,3989.170000076294
,,,,,3989.1749999523163
,,,,,3989.1800000667567
,,,,,3989.1849999427795
,,,,,3989.190000057221
,,,,,3989.194999933243
,,,,,3989.2000000476837
,,,,,3989.204999923706
,,,,,3989.210000038147
,,,,,3989.214999914169
,,,,,3989.22000002861
,,,,,3989.224999904633
,,,,,3989.230000019074
,,,,,3989.234999895096
,,,,,3989.2400000095367
,,,,,3989.244999885559
,,,,,3989.25
,,,,,3989.255000114441
,,,,,3989.2599999904633
,,,,,3989.265000104904
,,,,,3989.2699999809265
,,,,,3989.2750000953683
,,,,,3989.2799999713898
,,,,,3989.2850000858307
,,,,,3989.289999961853
,,,,,3989.295000076294
,,,,,3989.2999999523163
,,,,,3989.3050000667567
,,,,,3989.3099999427795
,,,,,3989.315000057221
,,,,,3989.319999933243
,,,,,3989.3250000476837
,,,,,3989.329999923706
,,,,,3989.335000038147
,,,,,3989.339999914169
,,,,,3989.34500002861
,,,,,3989.349999904633
,,,,,3989.355000019074
,,,,,3989.359999895096
,,,,,3989.3650000095367
,,,,,3989.369999885559
,,,,,3989.375
,,,,,3989.380000114441
,,,,,3989.3849999904633
,,,,,3989.390000104904
,,,,,3989.3949999809265
,,,,,3989.4000000953683
,,,,,3989.4049999713898
,,,,,3989.4100000858307
,,,,,3989.414999961853
,,,,,3989.420000076294
,,,,,3989.4249999523163
,,,,,3989.4300000667567
,,,,,3989.4349999427795
,,,,,3989.440000057221
,,,,,3989.444999933243
,,,,,3989.4500000476837
,,,,,3989.454999923706
,,,,,3989.460000038147
,,,,,3989.464999914169
,,,,,3989.47000002861
,,,,,3989.474999904633
,,,,,3989.480000019074
,,,,,3989.484999895096
,,,,,3989.4900000095367
,,,,,3989.494999885559
,,,,,3989.5
,,,,,3989.505000114441
,,,,,3989.5099999904633
,,,,,3989.515000104904
,,,,,3989.5199999809265
,,,,,3989.5250000953683
,,,,,3989.5299999713898
,,,,,3989.5350000858307
,,,,,3989.539999961853
,,,,,3989.545000076294
,,,,,3989.5499999523163
,,,,,3989.5550000667567
,,,,,3989.5599999427795
,,,,,3989.565000057221
,,,,,3989.569999933243
,,,,,3989.5750000476837
,,,,,3989.579999923706
,,,,,3989.585000038147
,,,,,3989.589999914169
,,,,,3989.59500002861
,,,,,3989.599999904633
,,,,,3989.605000019074
,,,,,3989.609999895096
,,,,,3989.6150000095367
,,,,,3989.619999885559
,,,,,3989.625
,,,,,3989.630000114441
,,,,,3989.6349999904633
,,,,,3989.640000104904
,,,,,3989.6449999809265
,,,,,3989.6500000953683
,,,,,3989.6549999713898
,,,,,3989.6600000858307
,,,,,3989.664999961853
,,,,,3989.670000076294
,,,,,3989.6749999523163
,,,,,3989.6800000667567
,,,,,3989.6849999427795
,,,,,3989.690000057221
,,,,,3989.694999933243
,,,,,3989.7000000476837
,,,,,3989.704999923706
,,,,,3989.710000038147
,,,,,3989.714999914169
,,,,,3989.72000002861
,,,,,3989.724999904633
,,,,,3989.730000019074
,,,,,3989.734999895096
,,,,,3989.7400000095367
,,,,,3989.744999885559
,,,,,3989.75
,,,,,3989.755000114441
,,,,,3989.7599999904633
,,,,,3989.765000104904
,,,,,3989.7699999809265
,,,,,3989.7750000953683
,,,,,3989.7799999713898
,,,,,3989.7850000858307
,,,,,3989.789999961853
,,,,,3989.795000076294
,,,,,3989.7999999523163
,,,,,3989.8050000667567
,,,,,3989.8099999427795
,,,,,3989.815000057221
,,,,,3989.819999933243
,,,,,3989.8250000476837
,,,,,3989.829999923706
,,,,,3989.835000038147
,,,,,3989.839999914169
,,,,,3989.84500002861
,,,,,3989.849999904633
,,,,,3989.855000019074
,,,,,3989.859999895096
,,,,,3989.8650000095367
,,,,,3989.869999885559
,,,,,3989.875
,,,,,3989.880000114441
,,,,,3989.8849999904633
,,,,,3989.890000104904
,,,,,3989.8949999809265
,,,,,3989.9000000953683
,,,,,3989.9049999713898
,,,,,3989.9100000858307
,,,,,3989.914999961853
,,,,,3989.920000076294
,,,,,3989.9249999523163
,,,,,3989.9300000667567
,,,,,3989.9349999427795
,,,,,3989.940000057221
,,,,,3989.944999933243
,,,,,3989.9500000476837
,,,,,3989.954999923706
,,,,,3989.960000038147
,,,,,3989.964999914169
,,,,,3989.97000002861
,,,,,3989.974999904633
,,,,,3989.980000019074
,,,,,3989.984999895096
,,,,,3989.9900000095367
,,,,,3989.994999885559
,,,,,3990.0
,,,,,3990.005000114441
,,,,,3990.0099999904633
,,,,,3990.015000104904
,,,,,3990.0199999809265
,,,,,3990.0250000953683
,,,,,3990.0299999713898
,,,,,3990.0350000858307
,,,,,3990.039999961853
,,,,,3990.045000076294
,,,,,3990.0499999523163
,,,,,3990.0550000667567
,,,,,3990.0599999427795
,,,,,3990.065000057221
,,,,,3990.069999933243
,,,,,3990.0750000476837
,,,,,3990.079999923706
,,,,,3990.085000038147
,,,,,3990.089999914169
,,,,,3990.09500002861
,,,,,3990.099999904633
,,,,,3990.105000019074
,,,,,3990.109999895096
,,,,,3990.1150000095367
,,,,,3990.119999885559
,,,,,3990.125
,,,,,3990.130000114441
,,,,,3990.1349999904633
,,,,,3990.140000104904
,,,,,3990.1449999809265
,,,,,3990.1500000953683
,,,,,3990.1549999713898
,,,,,3990.1600000858307
,,,,,3990.164999961853
,,,,,3990.170000076294
,,,,,3990.1749999523163
,,,,,3990.1800000667567
,,,,,3990.1849999427795
,,,,,3990.190000057221
,,,,,3990.194999933243
,,,,,3990.2000000476837
,,,,,3990.204999923706
,,,,,3990.210000038147
,,,,,3990.214999914169
,,,,,3990.22000002861
,,,,,3990.224999904633
,,,,,3990.230000019074
,,,,,3990.234999895096
,,,,,3990.2400000095367
,,,,,3990.244999885559
,,,,,3990.25
,,,,,3990.255000114441
,,,,,3990.2599999904633
,,,,,3990.265000104904
,,,,,3990.2699999809265
,,,,,3990.2750000953683
,,,,,3990.2799999713898
,,,,,3990.2850000858307
,,,,,3990.289999961853
,,,,,3990.295000076294
,,,,,3990.2999999523163
,,,,,3990.3050000667567
,,,,,3990.3099999427795
,,,,,3990.315000057221
,,,,,3990.319999933243
,,,,,3990.3250000476837
,,,,,3990.329999923706
,,,,,3990.335000038147
,,,,,3990.339999914169
,,,,,3990.34500002861
,,,,,3990.349999904633
,,,,,3990.355000019074
,,,,,3990.359999895096
,,,,,3990.3650000095367
,,,,,3990.369999885559
,,,,,3990.375
,,,,,3990.380000114441
,,,,,3990.3849999904633
,,,,,3990.390000104904
,,,,,3990.3949999809265
,,,,,3990.4000000953683
,,,,,3990.4049999713898
,,,,,3990.4100000858307
,,,,,3990.414999961853
,,,,,3990.420000076294
,,,,,3990.4249999523163
,,,,,3990.4300000667567
,,,,,3990.4349999427795
,,,,,3990.440000057221
,,,,,3990.444999933243
,,,,,3990.4500000476837
,,,,,3990.454999923706
,,,,,3990.460000038147
,,,,,3990.464999914169
,,,,,3990.47000002861
,,,,,3990.474999904633
,,,,,3990.480000019074
,,,,,3990.484999895096
,,,,,3990.4900000095367
,,,,,3990.494999885559
,,,,,3990.5
,,,,,3990.505000114441
,,,,,3990.5099999904633
,,,,,3990.515000104904
,,,,,3990.5199999809265
,,,,,3990.5250000953683
,,,,,3990.5299999713898
,,,,,3990.5350000858307
,,,,,3990.539999961853
,,,,,3990.545000076294
,,,,,3990.5499999523163
,,,,,3990.5550000667567
,,,,,3990.5599999427795
,,,,,3990.565000057221
,,,,,3990.569999933243
,,,,,3990.5750000476837
,,,,,3990.579999923706
,,,,,3990.585000038147
,,,,,3990.589999914169
,,,,,3990.59500002861
,,,,,3990.599999904633
,,,,,3990.605000019074
,,,,,3990.609999895096
,,,,,3990.6150000095367
,,,,,3990.619999885559
,,,,,3990.625
,,,,,3990.630000114441
,,,,,3990.6349999904633
,,,,,3990.640000104904
,,,,,3990.6449999809265
,,,,,3990.6500000953683
,,,,,3990.6549999713898
,,,,,3990.6600000858307
,,,,,3990.664999961853
,,,,,3990.670000076294
,,,,,3990.6749999523163
,,,,,3990.6800000667567
,,,,,3990.6849999427795
,,,,,3990.690000057221
,,,,,3990.694999933243
,,,,,3990.7000000476837
,,,,,3990.704999923706
,,,,,3990.710000038147
,,,,,3990.714999914169
,,,,,3990.72000002861
,,,,,3990.724999904633
,,,,,3990.730000019074
,,,,,3990.734999895096
,,,,,3990.7400000095367
,,,,,3990.744999885559
,,,,,3990.75
,,,,,3990.755000114441
,,,,,3990.7599999904633
,,,,,3990.765000104904
,,,,,3990.7699999809265
,,,,,3990.7750000953683
,,,,,3990.7799999713898
,,,,,3990.7850000858307
,,,,,3990.789999961853
,,,,,3990.795000076294
,,,,,3990.7999999523163
,,,,,3990.8050000667567
,,,,,3990.8099999427795
,,,,,3990.815000057221
,,,,,3990.819999933243
,,,,,3990.8250000476837
,,,,,3990.829999923706
,,,,,3990.835000038147
,,,,,3990.839999914169
,,,,,3990.84500002861
,,,,,3990.849999904633
,,,,,3990.855000019074
,,,,,3990.859999895096
,,,,,3990.8650000095367
,,,,,3990.869999885559
,,,,,3990.875
,,,,,3990.880000114441
,,,,,3990.8849999904633
,,,,,3990.890000104904
,,,,,3990.8949999809265
,,,,,3990.9000000953683
,,,,,3990.9049999713898
,,,,,3990.9100000858307
,,,,,3990.914999961853
,,,,,3990.920000076294
,,,,,3990.9249999523163
,,,,,3990.9300000667567
,,,,,3990.9349999427795
,,,,,3990.940000057221
,,,,,3990.944999933243
,,,,,3990.9500000476837
,,,,,3990.954999923706
,,,,,3990.960000038147
,,,,,3990.964999914169
,,,,,3990.97000002861
,,,,,3990.974999904633
,,,,,3990.980000019074
,,,,,3990.984999895096
,,,,,3990.9900000095367
,,,,,3990.994999885559
,,,,,3991.0
,,,,,3991.005000114441
,,,,,3991.0099999904633
,,,,,3991.015000104904
,,,,,3991.0199999809265
,,,,,3991.0250000953683
,,,,,3991.0299999713898
,,,,,3991.0350000858307
,,,,,3991.039999961853
,,,,,3991.045000076294
,,,,,3991.0499999523163
,,,,,3991.0550000667567
,,,,,3991.0599999427795
,,,,,3991.065000057221
,,,,,3991.069999933243
,,,,,3991.0750000476837
,,,,,3991.079999923706
,,,,,3991.085000038147
,,,,,3991.089999914169
,,,,,3991.09500002861
,,,,,3991.099999904633
,,,,,3991.105000019074
,,,,,3991.109999895096
,,,,,3991.1150000095367
,,,,,3991.119999885559
,,,,,3991.125
,,,,,3991.130000114441
,,,,,3991.1349999904633
,,,,,3991.140000104904
,,,,,3991.1449999809265
,,,,,3991.1500000953683
,,,,,3991.1549999713898
,,,,,3991.1600000858307
,,,,,3991.164999961853
,,,,,3991.170000076294
,,,,,3991.1749999523163
,,,,,3991.1800000667567
,,,,,3991.1849999427795
,,,,,3991.190000057221
,,,,,3991.194999933243
,,,,,3991.2000000476837
,,,,,3991.204999923706
,,,,,3991.210000038147
,,,,,3991.214999914169
,,,,,3991.22000002861
,,,,,3991.224999904633
,,,,,3991.230000019074
,,,,,3991.234999895096
,,,,,3991.2400000095367
,,,,,3991.244999885559
,,,,,3991.25
,,,,,3991.255000114441
,,,,,3991.2599999904633
,,,,,3991.265000104904
,,,,,3991.2699999809265
,,,,,3991.2750000953683
,,,,,3991.2799999713898
,,,,,3991.2850000858307
,,,,,3991.289999961853
,,,,,3991.295000076294
,,,,,3991.2999999523163
,,,,,3991.3050000667567
,,,,,3991.3099999427795
,,,,,3991.315000057221
,,,,,3991.319999933243
,,,,,3991.3250000476837
,,,,,3991.329999923706
,,,,,3991.335000038147
,,,,,3991.339999914169
,,,,,3991.34500002861
,,,,,3991.349999904633
,,,,,3991.355000019074
,,,,,3991.359999895096
,,,,,3991.3650000095367
,,,,,3991.369999885559
,,,,,3991.375
,,,,,3991.380000114441
,,,,,3991.3849999904633
,,,,,3991.390000104904
,,,,,3991.3949999809265
,,,,,3991.4000000953683
,,,,,3991.4049999713898
,,,,,3991.4100000858307
,,,,,3991.414999961853
,,,,,3991.420000076294
,,,,,3991.4249999523163
,,,,,3991.4300000667567
,,,,,3991.4349999427795
,,,,,3991.440000057221
,,,,,3991.444999933243
,,,,,3991.4500000476837
,,,,,3991.454999923706
,,,,,3991.460000038147
,,,,,3991.464999914169
,,,,,3991.47000002861
,,,,,3991.474999904633
,,,,,3991.480000019074
,,,,,3991.484999895096
,,,,,3991.4900000095367
,,,,,3991.494999885559
,,,,,3991.5
,,,,,3991.505000114441
,,,,,3991.5099999904633
,,,,,3991.515000104904
,,,,,3991.5199999809265
,,,,,3991.5250000953683
,,,,,3991.5299999713898
,,,,,3991.5350000858307
,,,,,3991.539999961853
,,,,,3991.545000076294
,,,,,3991.5499999523163
,,,,,3991.5550000667567
,,,,,3991.5599999427795
,,,,,3991.565000057221
,,,,,3991.569999933243
,,,,,3991.5750000476837
,,,,,3991.579999923706
,,,,,3991.585000038147
,,,,,3991.589999914169
,,,,,3991.59500002861
,,,,,3991.599999904633
,,,,,3991.605000019074
,,,,,3991.609999895096
,,,,,3991.6150000095367
,,,,,3991.619999885559
,,,,,3991.625
,,,,,3991.630000114441
,,,,,3991.6349999904633
,,,,,3991.640000104904
,,,,,3991.6449999809265
,,,,,3991.6500000953683
,,,,,3991.6549999713898
,,,,,3991.6600000858307
,,,,,3991.664999961853
,,,,,3991.670000076294
,,,,,3991.6749999523163
,,,,,3991.6800000667567
,,,,,3991.6849999427795
,,,,,3991.690000057221
,,,,,3991.694999933243
,,,,,3991.7000000476837
,,,,,3991.704999923706
,,,,,3991.710000038147
,,,,,3991.714999914169
,,,,,3991.72000002861
,,,,,3991.724999904633
,,,,,3991.730000019074
,,,,,3991.734999895096
,,,,,3991.7400000095367
,,,,,3991.744999885559
,,,,,3991.75
,,,,,3991.755000114441
,,,,,3991.7599999904633
,,,,,3991.765000104904
,,,,,3991.7699999809265
,,,,,3991.7750000953683
,,,,,3991.7799999713898
,,,,,3991.7850000858307
,,,,,3991.789999961853
,,,,,3991.795000076294
,,,,,3991.7999999523163
,,,,,3991.8050000667567
,,,,,3991.8099999427795
,,,,,3991.815000057221
,,,,,3991.819999933243
,,,,,3991.8250000476837
,,,,,3991.829999923706
,,,,,3991.835000038147
,,,,,3991.839999914169
,,,,,3991.84500002861
,,,,,3991.849999904633
,,,,,3991.855000019074
,,,,,3991.859999895096
,,,,,3991.8650000095367
,,,,,3991.869999885559
,,,,,3991.875
,,,,,3991.880000114441
,,,,,3991.8849999904633
,,,,,3991.890000104904
,,,,,3991.8949999809265
,,,,,3991.9000000953683
,,,,,3991.9049999713898
,,,,,3991.9100000858307
,,,,,3991.914999961853
,,,,,3991.920000076294
,,,,,3991.9249999523163
,,,,,3991.9300000667567
,,,,,3991.9349999427795
,,,,,3991.940000057221
,,,,,3991.944999933243
,,,,,3991.9500000476837
,,,,,3991.954999923706
,,,,,3991.960000038147
,,,,,3991.964999914169
,,,,,3991.97000002861
,,,,,3991.974999904633
,,,,,3991.980000019074
,,,,,3991.984999895096
,,,,,3991.9900000095367
,,,,,3991.994999885559
,,,,,3992.0
,,,,,3992.005000114441
,,,,,3992.0099999904633
,,,,,3992.015000104904
,,,,,3992.0199999809265
,,,,,3992.0250000953683
,,,,,3992.0299999713898
,,,,,3992.0350000858307
,,,,,3992.039999961853
,,,,,3992.045000076294
,,,,,3992.0499999523163
,,,,,3992.0550000667567
,,,,,3992.0599999427795
,,,,,3992.065000057221
,,,,,3992.069999933243
,,,,,3992.0750000476837
,,,,,3992.079999923706
,,,,,3992.085000038147
,,,,,3992.089999914169
,,,,,3992.09500002861
,,,,,3992.099999904633
,,,,,3992.105000019074
,,,,,3992.109999895096
,,,,,3992.1150000095367
,,,,,3992.119999885559
,,,,,3992.125
,,,,,3992.130000114441
,,,,,3992.1349999904633
,,,,,3992.140000104904
,,,,,3992.1449999809265
,,,,,3992.1500000953683
,,,,,3992.1549999713898
,,,,,3992.1600000858307
,,,,,3992.164999961853
,,,,,3992.170000076294
,,,,,3992.1749999523163
,,,,,3992.1800000667567
,,,,,3992.1849999427795
,,,,,3992.190000057221
,,,,,3992.194999933243
,,,,,3992.2000000476837
,,,,,3992.204999923706
,,,,,3992.210000038147
,,,,,3992.214999914169
,,,,,3992.22000002861
,,,,,3992.224999904633
,,,,,3992.230000019074
,,,,,3992.234999895096
,,,,,3992.2400000095367
,,,,,3992.244999885559
,,,,,3992.25
,,,,,3992.255000114441
,,,,,3992.2599999904633
,,,,,3992.265000104904
,,,,,3992.2699999809265
,,,,,3992.2750000953683
,,,,,3992.2799999713898
,,,,,3992.2850000858307
,,,,,3992.289999961853
,,,,,3992.295000076294
,,,,,3992.2999999523163
,,,,,3992.3050000667567
,,,,,3992.3099999427795
,,,,,3992.315000057221
,,,,,3992.319999933243
,,,,,3992.3250000476837
,,,,,3992.329999923706
,,,,,3992.335000038147
,,,,,3992.339999914169
,,,,,3992.34500002861
,,,,,3992.349999904633
,,,,,3992.355000019074
,,,,,3992.359999895096
,,,,,3992.3650000095367
,,,,,3992.369999885559
,,,,,3992.375
,,,,,3992.380000114441
,,,,,3992.3849999904633
,,,,,3992.390000104904
,,,,,3992.3949999809265
,,,,,3992.4000000953683
,,,,,3992.4049999713898
,,,,,3992.4100000858307
,,,,,3992.414999961853
,,,,,3992.420000076294
,,,,,3992.4249999523163
,,,,,3992.4300000667567
,,,,,3992.4349999427795
,,,,,3992.440000057221
,,,,,3992.444999933243
,,,,,3992.4500000476837
,,,,,3992.454999923706
,,,,,3992.460000038147
,,,,,3992.464999914169
,,,,,3992.47000002861
,,,,,3992.474999904633
,,,,,3992.480000019074
,,,,,3992.484999895096
,,,,,3992.4900000095367
,,,,,3992.494999885559
,,,,,3992.5
,,,,,3992.505000114441
,,,,,3992.5099999904633
,,,,,3992.515000104904
,,,,,3992.5199999809265
,,,,,3992.5250000953683
,,,,,3992.5299999713898
,,,,,3992.5350000858307
,,,,,3992.539999961853
,,,,,3992.545000076294
,,,,,3992.5499999523163
,,,,,3992.5550000667567
,,,,,3992.5599999427795
,,,,,3992.565000057221
,,,,,3992.569999933243
,,,,,3992.5750000476837
,,,,,3992.579999923706
,,,,,3992.585000038147
,,,,,3992.589999914169
,,,,,3992.59500002861
,,,,,3992.599999904633
,,,,,3992.605000019074
,,,,,3992.609999895096
,,,,,3992.6150000095367
,,,,,3992.619999885559
,,,,,3992.625
,,,,,3992.630000114441
,,,,,3992.6349999904633
,,,,,3992.640000104904
,,,,,3992.6449999809265
,,,,,3992.6500000953683
,,,,,3992.6549999713898
,,,,,3992.6600000858307
,,,,,3992.664999961853
,,,,,3992.670000076294
,,,,,3992.6749999523163
,,,,,3992.6800000667567
,,,,,3992.6849999427795
,,,,,3992.690000057221
,,,,,3992.694999933243
,,,,,3992.7000000476837
,,,,,3992.704999923706
,,,,,3992.710000038147
,,,,,3992.714999914169
,,,,,3992.72000002861
,,,,,3992.724999904633
,,,,,3992.730000019074
,,,,,3992.734999895096
,,,,,3992.7400000095367
,,,,,3992.744999885559
,,,,,3992.75
,,,,,3992.755000114441
,,,,,3992.7599999904633
,,,,,3992.765000104904
,,,,,3992.7699999809265
,,,,,3992.7750000953683
,,,,,3992.7799999713898
,,,,,3992.7850000858307
,,,,,3992.789999961853
,,,,,3992.795000076294
,,,,,3992.7999999523163
,,,,,3992.8050000667567
,,,,,3992.8099999427795
,,,,,3992.815000057221
,,,,,3992.819999933243
,,,,,3992.8250000476837
,,,,,3992.829999923706
,,,,,3992.835000038147
,,,,,3992.839999914169
,,,,,3992.84500002861
,,,,,3992.849999904633
,,,,,3992.855000019074
,,,,,3992.859999895096
,,,,,3992.8650000095367
,,,,,3992.869999885559
,,,,,3992.875
,,,,,3992.880000114441
,,,,,3992.8849999904633
,,,,,3992.890000104904
,,,,,3992.8949999809265
,,,,,3992.9000000953683
,,,,,3992.9049999713898
,,,,,3992.9100000858307
,,,,,3992.914999961853
,,,,,3992.920000076294
,,,,,3992.9249999523163
,,,,,3992.9300000667567
,,,,,3992.9349999427795
,,,,,3992.940000057221
,,,,,3992.944999933243
,,,,,3992.9500000476837
,,,,,3992.954999923706
,,,,,3992.960000038147
,,,,,3992.964999914169
,,,,,3992.97000002861
,,,,,3992.974999904633
,,,,,3992.980000019074
,,,,,3992.984999895096
,,,,,3992.9900000095367
,,,,,3992.994999885559
,,,,,3993.0
,,,,,3993.005000114441
,,,,,3993.0099999904633
,,,,,3993.015000104904
,,,,,3993.0199999809265
,,,,,3993.0250000953683
,,,,,3993.0299999713898
,,,,,3993.0350000858307
,,,,,3993.039999961853
,,,,,3993.045000076294
,,,,,3993.0499999523163
,,,,,3993.0550000667567
,,,,,3993.0599999427795
,,,,,3993.065000057221
,,,,,3993.069999933243
,,,,,3993.0750000476837
,,,,,3993.079999923706
,,,,,3993.085000038147
,,,,,3993.089999914169
,,,,,3993.09500002861
,,,,,3993.099999904633
,,,,,3993.105000019074
,,,,,3993.109999895096
,,,,,3993.1150000095367
,,,,,3993.119999885559
,,,,,3993.125
,,,,,3993.130000114441
,,,,,3993.1349999904633
,,,,,3993.140000104904
,,,,,3993.1449999809265
,,,,,3993.1500000953683
,,,,,3993.1549999713898
,,,,,3993.1600000858307
,,,,,3993.164999961853
,,,,,3993.170000076294
,,,,,3993.1749999523163
,,,,,3993.1800000667567
,,,,,3993.1849999427795
,,,,,3993.190000057221
,,,,,3993.194999933243
,,,,,3993.2000000476837
,,,,,3993.204999923706
,,,,,3993.210000038147
,,,,,3993.214999914169
,,,,,3993.22000002861
,,,,,3993.224999904633
,,,,,3993.230000019074
,,,,,3993.234999895096
,,,,,3993.2400000095367
,,,,,3993.244999885559
,,,,,3993.25
,,,,,3993.255000114441
,,,,,3993.2599999904633
,,,,,3993.265000104904
,,,,,3993.2699999809265
,,,,,3993.2750000953683
,,,,,3993.2799999713898
,,,,,3993.2850000858307
,,,,,3993.289999961853
,,,,,3993.295000076294
,,,,,3993.2999999523163
,,,,,3993.3050000667567
,,,,,3993.3099999427795
,,,,,3993.315000057221
,,,,,3993.319999933243
,,,,,3993.3250000476837
,,,,,3993.329999923706
,,,,,3993.335000038147
,,,,,3993.339999914169
,,,,,3993.34500002861
,,,,,3993.349999904633
,,,,,3993.355000019074
,,,,,3993.359999895096
,,,,,3993.3650000095367
,,,,,3993.369999885559
,,,,,3993.375
,,,,,3993.380000114441
,,,,,3993.3849999904633
,,,,,3993.390000104904
,,,,,3993.3949999809265
,,,,,3993.4000000953683
,,,,,3993.4049999713898
,,,,,3993.4100000858307
,,,,,3993.414999961853
,,,,,3993.420000076294
,,,,,3993.4249999523163
,,,,,3993.4300000667567
,,,,,3993.4349999427795
,,,,,3993.440000057221
,,,,,3993.444999933243
,,,,,3993.4500000476837
,,,,,3993.454999923706
,,,,,3993.460000038147
,,,,,3993.464999914169
,,,,,3993.47000002861
,,,,,3993.474999904633
,,,,,3993.480000019074
,,,,,3993.484999895096
,,,,,3993.4900000095367
,,,,,3993.494999885559
,,,,,3993.5
,,,,,3993.505000114441
,,,,,3993.5099999904633
,,,,,3993.515000104904
,,,,,3993.5199999809265
,,,,,3993.5250000953683
,,,,,3993.5299999713898
,,,,,3993.5350000858307
,,,,,3993.539999961853
,,,,,3993.545000076294
,,,,,3993.5499999523163
,,,,,3993.5550000667567
,,,,,3993.5599999427795
,,,,,3993.565000057221
,,,,,3993.569999933243
,,,,,3993.5750000476837
,,,,,3993.579999923706
,,,,,3993.585000038147
,,,,,3993.589999914169
,,,,,3993.59500002861
,,,,,3993.599999904633
,,,,,3993.605000019074
,,,,,3993.609999895096
,,,,,3993.6150000095367
,,,,,3993.619999885559
,,,,,3993.625
,,,,,3993.630000114441
,,,,,3993.6349999904633
,,,,,3993.640000104904
,,,,,3993.6449999809265
,,,,,3993.6500000953683
,,,,,3993.6549999713898
,,,,,3993.6600000858307
,,,,,3993.664999961853
,,,,,3993.670000076294
,,,,,3993.6749999523163
,,,,,3993.6800000667567
,,,,,3993.6849999427795
,,,,,3993.690000057221
,,,,,3993.694999933243
,,,,,3993.7000000476837
,,,,,3993.704999923706
,,,,,3993.710000038147
,,,,,3993.714999914169
,,,,,3993.72000002861
,,,,,3993.724999904633
,,,,,3993.730000019074
,,,,,3993.734999895096
,,,,,3993.7400000095367
,,,,,3993.744999885559
,,,,,3993.75
,,,,,3993.755000114441
,,,,,3993.7599999904633
,,,,,3993.765000104904
,,,,,3993.7699999809265
,,,,,3993.7750000953683
,,,,,3993.7799999713898
,,,,,3993.7850000858307
,,,,,3993.789999961853
,,,,,3993.795000076294
,,,,,3993.7999999523163
,,,,,3993.8050000667567
,,,,,3993.8099999427795
,,,,,3993.815000057221
,,,,,3993.819999933243
,,,,,3993.8250000476837
,,,,,3993.829999923706
,,,,,3993.835000038147
,,,,,3993.839999914169
,,,,,3993.84500002861
,,,,,3993.849999904633
,,,,,3993.855000019074
,,,,,3993.859999895096
,,,,,3993.8650000095367
,,,,,3993.869999885559
,,,,,3993.875
,,,,,3993.880000114441
,,,,,3993.8849999904633
,,,,,3993.890000104904
,,,,,3993.8949999809265
,,,,,3993.9000000953683
,,,,,3993.9049999713898
,,,,,3993.9100000858307
,,,,,3993.914999961853
,,,,,3993.920000076294
,,,,,3993.9249999523163
,,,,,3993.9300000667567
,,,,,3993.9349999427795
,,,,,3993.940000057221
,,,,,3993.944999933243
,,,,,3993.9500000476837
,,,,,3993.954999923706
,,,,,3993.960000038147
,,,,,3993.964999914169
,,,,,3993.97000002861
,,,,,3993.974999904633
,,,,,3993.980000019074
,,,,,3993.984999895096
,,,,,3993.9900000095367
,,,,,3993.994999885559
,,,,,3994.0
,,,,,3994.005000114441
,,,,,3994.0099999904633
,,,,,3994.015000104904
,,,,,3994.0199999809265
,,,,,3994.0250000953683
,,,,,3994.0299999713898
,,,,,3994.0350000858307
,,,,,3994.039999961853
,,,,,3994.045000076294
,,,,,3994.0499999523163
,,,,,3994.0550000667567
,,,,,3994.0599999427795
,,,,,3994.065000057221
,,,,,3994.069999933243
,,,,,3994.0750000476837
,,,,,3994.079999923706
,,,,,3994.085000038147
,,,,,3994.089999914169
,,,,,3994.09500002861
,,,,,3994.099999904633
,,,,,3994.105000019074
,,,,,3994.109999895096
,,,,,3994.1150000095367
,,,,,3994.119999885559
,,,,,3994.125
,,,,,3994.130000114441
,,,,,3994.1349999904633
,,,,,3994.140000104904
,,,,,3994.1449999809265
,,,,,3994.1500000953683
,,,,,3994.1549999713898
,,,,,3994.1600000858307
,,,,,3994.164999961853
,,,,,3994.170000076294
,,,,,3994.1749999523163
,,,,,3994.1800000667567
,,,,,3994.1849999427795
,,,,,3994.190000057221
,,,,,3994.194999933243
,,,,,3994.2000000476837
,,,,,3994.204999923706
,,,,,3994.210000038147
,,,,,3994.214999914169
,,,,,3994.22000002861
,,,,,3994.224999904633
,,,,,3994.230000019074
,,,,,3994.234999895096
,,,,,3994.2400000095367
,,,,,3994.244999885559
,,,,,3994.25
,,,,,3994.255000114441
,,,,,3994.2599999904633
,,,,,3994.265000104904
,,,,,3994.2699999809265
,,,,,3994.2750000953683
,,,,,3994.2799999713898
,,,,,3994.2850000858307
,,,,,3994.289999961853
,,,,,3994.295000076294
,,,,,3994.2999999523163
,,,,,3994.3050000667567
,,,,,3994.3099999427795
,,,,,3994.315000057221
,,,,,3994.319999933243
,,,,,3994.3250000476837
,,,,,3994.329999923706
,,,,,3994.335000038147
,,,,,3994.339999914169
,,,,,3994.34500002861
,,,,,3994.349999904633
,,,,,3994.355000019074
,,,,,3994.359999895096
,,,,,3994.3650000095367
,,,,,3994.369999885559
,,,,,3994.375
,,,,,3994.380000114441
,,,,,3994.3849999904633
,,,,,3994.390000104904
,,,,,3994.3949999809265
,,,,,3994.4000000953683
,,,,,3994.4049999713898
,,,,,3994.4100000858307
,,,,,3994.414999961853
,,,,,3994.420000076294
,,,,,3994.4249999523163
,,,,,3994.4300000667567
,,,,,3994.4349999427795
,,,,,3994.440000057221
,,,,,3994.444999933243
,,,,,3994.4500000476837
,,,,,3994.454999923706
,,,,,3994.460000038147
,,,,,3994.464999914169
,,,,,3994.47000002861
,,,,,3994.474999904633
,,,,,3994.480000019074
,,,,,3994.484999895096
,,,,,3994.4900000095367
,,,,,3994.494999885559
,,,,,3994.5
,,,,,3994.505000114441
,,,,,3994.5099999904633
,,,,,3994.515000104904
,,,,,3994.5199999809265
,,,,,3994.5250000953683
,,,,,3994.5299999713898
,,,,,3994.5350000858307
,,,,,3994.539999961853
,,,,,3994.545000076294
,,,,,3994.5499999523163
,,,,,3994.5550000667567
,,,,,3994.5599999427795
,,,,,3994.565000057221
,,,,,3994.569999933243
,,,,,3994.5750000476837
,,,,,3994.579999923706
,,,,,3994.585000038147
,,,,,3994.589999914169
,,,,,3994.59500002861
,,,,,3994.599999904633
,,,,,3994.605000019074
,,,,,3994.609999895096
,,,,,3994.6150000095367
,,,,,3994.619999885559
,,,,,3994.625
,,,,,3994.630000114441
,,,,,3994.6349999904633
,,,,,3994.640000104904
,,,,,3994.6449999809265
,,,,,3994.6500000953683
,,,,,3994.6549999713898
,,,,,3994.6600000858307
,,,,,3994.664999961853
,,,,,3994.670000076294
,,,,,3994.6749999523163
,,,,,3994.6800000667567
,,,,,3994.6849999427795
,,,,,3994.690000057221
,,,,,3994.694999933243
,,,,,3994.7000000476837
,,,,,3994.704999923706
,,,,,3994.710000038147
,,,,,3994.714999914169
,,,,,3994.72000002861
,,,,,3994.724999904633
,,,,,3994.730000019074
,,,,,3994.734999895096
,,,,,3994.7400000095367
,,,,,3994.744999885559
,,,,,3994.75
,,,,,3994.755000114441
,,,,,3994.7599999904633
,,,,,3994.765000104904
,,,,,3994.7699999809265
,,,,,3994.7750000953683
,,,,,3994.7799999713898
,,,,,3994.7850000858307
,,,,,3994.789999961853
,,,,,3994.795000076294
,,,,,3994.7999999523163
,,,,,3994.8050000667567
,,,,,3994.8099999427795
,,,,,3994.815000057221
,,,,,3994.819999933243
,,,,,3994.8250000476837
,,,,,3994.829999923706
,,,,,3994.835000038147
,,,,,3994.839999914169
,,,,,3994.84500002861
,,,,,3994.849999904633
,,,,,3994.855000019074
,,,,,3994.859999895096
,,,,,3994.8650000095367
,,,,,3994.869999885559
,,,,,3994.875
,,,,,3994.880000114441
,,,,,3994.8849999904633
,,,,,3994.890000104904
,,,,,3994.8949999809265
,,,,,3994.9000000953683
,,,,,3994.9049999713898
,,,,,3994.9100000858307
,,,,,3994.914999961853
,,,,,3994.920000076294
,,,,,3994.9249999523163
,,,,,3994.9300000667567
,,,,,3994.9349999427795
,,,,,3994.940000057221
,,,,,3994.944999933243
,,,,,3994.9500000476837
,,,,,3994.954999923706
,,,,,3994.960000038147
,,,,,3994.964999914169
,,,,,3994.97000002861
,,,,,3994.974999904633
,,,,,3994.980000019074
,,,,,3994.984999895096
,,,,,3994.9900000095367
,,,,,3994.994999885559
,,,,,3995.0
,,,,,3995.005000114441
,,,,,3995.0099999904633
,,,,,3995.015000104904
,,,,,3995.0199999809265
,,,,,3995.0250000953683
,,,,,3995.0299999713898
,,,,,3995.0350000858307
,,,,,3995.039999961853
,,,,,3995.045000076294
,,,,,3995.0499999523163
,,,,,3995.0550000667567
,,,,,3995.0599999427795
,,,,,3995.065000057221
,,,,,3995.069999933243
,,,,,3995.0750000476837
,,,,,3995.079999923706
,,,,,3995.085000038147
,,,,,3995.089999914169
,,,,,3995.09500002861
,,,,,3995.099999904633
,,,,,3995.105000019074
,,,,,3995.109999895096
,,,,,3995.1150000095367
,,,,,3995.119999885559
,,,,,3995.125
,,,,,3995.130000114441
,,,,,3995.1349999904633
,,,,,3995.140000104904
,,,,,3995.1449999809265
,,,,,3995.1500000953683
,,,,,3995.1549999713898
,,,,,3995.1600000858307
,,,,,3995.164999961853
,,,,,3995.170000076294
,,,,,3995.1749999523163
,,,,,3995.1800000667567
,,,,,3995.1849999427795
,,,,,3995.190000057221
,,,,,3995.194999933243
,,,,,3995.2000000476837
,,,,,3995.204999923706
,,,,,3995.210000038147
,,,,,3995.214999914169
,,,,,3995.22000002861
,,,,,3995.224999904633
,,,,,3995.230000019074
,,,,,3995.234999895096
,,,,,3995.2400000095367
,,,,,3995.244999885559
,,,,,3995.25
,,,,,3995.255000114441
,,,,,3995.2599999904633
,,,,,3995.265000104904
,,,,,3995.2699999809265
,,,,,3995.2750000953683
,,,,,3995.2799999713898
,,,,,3995.2850000858307
,,,,,3995.289999961853
,,,,,3995.295000076294
,,,,,3995.2999999523163
,,,,,3995.3050000667567
,,,,,3995.3099999427795
,,,,,3995.315000057221
,,,,,3995.319999933243
,,,,,3995.3250000476837
,,,,,3995.329999923706
,,,,,3995.335000038147
,,,,,3995.339999914169
,,,,,3995.34500002861
,,,,,3995.349999904633
,,,,,3995.355000019074
,,,,,3995.359999895096
,,,,,3995.3650000095367
,,,,,3995.369999885559
,,,,,3995.375
,,,,,3995.380000114441
,,,,,3995.3849999904633
,,,,,3995.390000104904
,,,,,3995.3949999809265
,,,,,3995.4000000953683
,,,,,3995.4049999713898
,,,,,3995.4100000858307
,,,,,3995.414999961853
,,,,,3995.420000076294
,,,,,3995.4249999523163
,,,,,3995.4300000667567
,,,,,3995.4349999427795
,,,,,3995.440000057221
,,,,,3995.444999933243
,,,,,3995.4500000476837
,,,,,3995.454999923706
,,,,,3995.460000038147
,,,,,3995.464999914169
,,,,,3995.47000002861
,,,,,3995.474999904633
,,,,,3995.480000019074
,,,,,3995.484999895096
,,,,,3995.4900000095367
,,,,,3995.494999885559
,,,,,3995.5
,,,,,3995.505000114441
,,,,,3995.5099999904633
,,,,,3995.515000104904
,,,,,3995.5199999809265
,,,,,3995.5250000953683
,,,,,3995.5299999713898
,,,,,3995.5350000858307
,,,,,3995.539999961853
,,,,,3995.545000076294
,,,,,3995.5499999523163
,,,,,3995.5550000667567
,,,,,3995.5599999427795
,,,,,3995.565000057221
,,,,,3995.569999933243
,,,,,3995.5750000476837
,,,,,3995.579999923706
,,,,,3995.585000038147
,,,,,3995.589999914169
,,,,,3995.59500002861
,,,,,3995.599999904633
,,,,,3995.605000019074
,,,,,3995.609999895096
,,,,,3995.6150000095367
,,,,,3995.619999885559
,,,,,3995.625
,,,,,3995.630000114441
,,,,,3995.6349999904633
,,,,,3995.640000104904
,,,,,3995.6449999809265
,,,,,3995.6500000953683
,,,,,3995.6549999713898
,,,,,3995.6600000858307
,,,,,3995.664999961853
,,,,,3995.670000076294
,,,,,3995.6749999523163
,,,,,3995.6800000667567
,,,,,3995.6849999427795
,,,,,3995.690000057221
,,,,,3995.694999933243
,,,,,3995.7000000476837
,,,,,3995.704999923706
,,,,,3995.710000038147
,,,,,3995.714999914169
,,,,,3995.72000002861
,,,,,3995.724999904633
,,,,,3995.730000019074
,,,,,3995.734999895096
,,,,,3995.7400000095367
,,,,,3995.744999885559
,,,,,3995.75
,,,,,3995.755000114441
,,,,,3995.7599999904633
,,,,,3995.765000104904
,,,,,3995.7699999809265
,,,,,3995.7750000953683
,,,,,3995.7799999713898
,,,,,3995.7850000858307
,,,,,3995.789999961853
,,,,,3995.795000076294
,,,,,3995.7999999523163
,,,,,3995.8050000667567
,,,,,3995.8099999427795
,,,,,3995.815000057221
,,,,,3995.819999933243
,,,,,3995.8250000476837
,,,,,3995.829999923706
,,,,,3995.835000038147
,,,,,3995.839999914169
,,,,,3995.84500002861
,,,,,3995.849999904633
,,,,,3995.855000019074
,,,,,3995.859999895096
,,,,,3995.8650000095367
,,,,,3995.869999885559
,,,,,3995.875
,,,,,3995.880000114441
,,,,,3995.8849999904633
,,,,,3995.890000104904
,,,,,3995.8949999809265
,,,,,3995.9000000953683
,,,,,3995.9049999713898
,,,,,3995.9100000858307
,,,,,3995.914999961853
,,,,,3995.920000076294
,,,,,3995.9249999523163
,,,,,3995.9300000667567
,,,,,3995.9349999427795
,,,,,3995.940000057221
,,,,,3995.944999933243
,,,,,3995.9500000476837
,,,,,3995.954999923706
,,,,,3995.960000038147
,,,,,3995.964999914169
,,,,,3995.97000002861
,,,,,3995.974999904633
,,,,,3995.980000019074
,,,,,3995.984999895096
,,,,,3995.9900000095367
,,,,,3995.994999885559
,,,,,3996.0
,,,,,3996.005000114441
,,,,,3996.0099999904633
,,,,,3996.015000104904
,,,,,3996.0199999809265
,,,,,3996.0250000953683
,,,,,3996.0299999713898
,,,,,3996.0350000858307
,,,,,3996.039999961853
,,,,,3996.045000076294
,,,,,3996.0499999523163
,,,,,3996.0550000667567
,,,,,3996.0599999427795
,,,,,3996.065000057221
,,,,,3996.069999933243
,,,,,3996.0750000476837
,,,,,3996.079999923706
,,,,,3996.085000038147
,,,,,3996.089999914169
,,,,,3996.09500002861
,,,,,3996.099999904633
,,,,,3996.105000019074
,,,,,3996.109999895096
,,,,,3996.1150000095367
,,,,,3996.119999885559
,,,,,3996.125
,,,,,3996.130000114441
,,,,,3996.1349999904633
,,,,,3996.140000104904
,,,,,3996.1449999809265
,,,,,3996.1500000953683
,,,,,3996.1549999713898
,,,,,3996.1600000858307
,,,,,3996.164999961853
,,,,,3996.170000076294
,,,,,3996.1749999523163
,,,,,3996.1800000667567
,,,,,3996.1849999427795
,,,,,3996.190000057221
,,,,,3996.194999933243
,,,,,3996.2000000476837
,,,,,3996.204999923706
,,,,,3996.210000038147
,,,,,3996.214999914169
,,,,,3996.22000002861
,,,,,3996.224999904633
,,,,,3996.230000019074
,,,,,3996.234999895096
,,,,,3996.2400000095367
,,,,,3996.244999885559
,,,,,3996.25
,,,,,3996.255000114441
,,,,,3996.2599999904633
,,,,,3996.265000104904
,,,,,3996.2699999809265
,,,,,3996.2750000953683
,,,,,3996.2799999713898
,,,,,3996.2850000858307
,,,,,3996.289999961853
,,,,,3996.295000076294
,,,,,3996.2999999523163
,,,,,3996.3050000667567
,,,,,3996.3099999427795
,,,,,3996.315000057221
,,,,,3996.319999933243
,,,,,3996.3250000476837
,,,,,3996.329999923706
,,,,,3996.335000038147
,,,,,3996.339999914169
,,,,,3996.34500002861
,,,,,3996.349999904633
,,,,,3996.355000019074
,,,,,3996.359999895096
,,,,,3996.3650000095367
,,,,,3996.369999885559
,,,,,3996.375
,,,,,3996.380000114441
,,,,,3996.3849999904633
,,,,,3996.390000104904
,,,,,3996.3949999809265
,,,,,3996.4000000953683
,,,,,3996.4049999713898
,,,,,3996.4100000858307
,,,,,3996.414999961853
,,,,,3996.420000076294
,,,,,3996.4249999523163
,,,,,3996.4300000667567
,,,,,3996.4349999427795
,,,,,3996.440000057221
,,,,,3996.444999933243
,,,,,3996.4500000476837
,,,,,3996.454999923706
,,,,,3996.460000038147
,,,,,3996.464999914169
,,,,,3996.47000002861
,,,,,3996.474999904633
,,,,,3996.480000019074
,,,,,3996.484999895096
,,,,,3996.4900000095367
,,,,,3996.494999885559
,,,,,3996.5
,,,,,3996.505000114441
,,,,,3996.5099999904633
,,,,,3996.515000104904
,,,,,3996.5199999809265
,,,,,3996.5250000953683
,,,,,3996.5299999713898
,,,,,3996.5350000858307
,,,,,3996.539999961853
,,,,,3996.545000076294
,,,,,3996.5499999523163
,,,,,3996.5550000667567
,,,,,3996.5599999427795
,,,,,3996.565000057221
,,,,,3996.569999933243
,,,,,3996.5750000476837
,,,,,3996.579999923706
,,,,,3996.585000038147
,,,,,3996.589999914169
,,,,,3996.59500002861
,,,,,3996.599999904633
,,,,,3996.605000019074
,,,,,3996.609999895096
,,,,,3996.6150000095367
,,,,,3996.619999885559
,,,,,3996.625
,,,,,3996.630000114441
,,,,,3996.6349999904633
,,,,,3996.640000104904
,,,,,3996.6449999809265
,,,,,3996.6500000953683
,,,,,3996.6549999713898
,,,,,3996.6600000858307
,,,,,3996.664999961853
,,,,,3996.670000076294
,,,,,3996.6749999523163
,,,,,3996.6800000667567
,,,,,3996.6849999427795
,,,,,3996.690000057221
,,,,,3996.694999933243
,,,,,3996.7000000476837
,,,,,3996.704999923706
,,,,,3996.710000038147
,,,,,3996.714999914169
,,,,,3996.72000002861
,,,,,3996.724999904633
,,,,,3996.730000019074
,,,,,3996.734999895096
,,,,,3996.7400000095367
,,,,,3996.744999885559
,,,,,3996.75
,,,,,3996.755000114441
,,,,,3996.7599999904633
,,,,,3996.765000104904
,,,,,3996.7699999809265
,,,,,3996.7750000953683
,,,,,3996.7799999713898
,,,,,3996.7850000858307
,,,,,3996.789999961853
,,,,,3996.795000076294
,,,,,3996.7999999523163
,,,,,3996.8050000667567
,,,,,3996.8099999427795
,,,,,3996.815000057221
,,,,,3996.819999933243
,,,,,3996.8250000476837
,,,,,3996.829999923706
,,,,,3996.835000038147
,,,,,3996.839999914169
,,,,,3996.84500002861
,,,,,3996.849999904633
,,,,,3996.855000019074
,,,,,3996.859999895096
,,,,,3996.8650000095367
,,,,,3996.869999885559
,,,,,3996.875
,,,,,3996.880000114441
,,,,,3996.8849999904633
,,,,,3996.890000104904
,,,,,3996.8949999809265
,,,,,3996.9000000953683
,,,,,3996.9049999713898
,,,,,3996.9100000858307
,,,,,3996.914999961853
,,,,,3996.920000076294
,,,,,3996.9249999523163
,,,,,3996.9300000667567
,,,,,3996.9349999427795
,,,,,3996.940000057221
,,,,,3996.944999933243
,,,,,3996.9500000476837
,,,,,3996.954999923706
,,,,,3996.960000038147
,,,,,3996.964999914169
,,,,,3996.97000002861
,,,,,3996.974999904633
,,,,,3996.980000019074
,,,,,3996.984999895096
,,,,,3996.9900000095367
,,,,,3996.994999885559
,,,,,3997.0
,,,,,3997.005000114441
,,,,,3997.0099999904633
,,,,,3997.015000104904
,,,,,3997.0199999809265
,,,,,3997.0250000953683
,,,,,3997.0299999713898
,,,,,3997.0350000858307
,,,,,3997.039999961853
,,,,,3997.045000076294
,,,,,3997.0499999523163
,,,,,3997.0550000667567
,,,,,3997.0599999427795
,,,,,3997.065000057221
,,,,,3997.069999933243
,,,,,3997.0750000476837
,,,,,3997.079999923706
,,,,,3997.085000038147
,,,,,3997.089999914169
,,,,,3997.09500002861
,,,,,3997.099999904633
,,,,,3997.105000019074
,,,,,3997.109999895096
,,,,,3997.1150000095367
,,,,,3997.119999885559
,,,,,3997.125
,,,,,3997.130000114441
,,,,,3997.1349999904633
,,,,,3997.140000104904
,,,,,3997.1449999809265
,,,,,3997.1500000953683
,,,,,3997.1549999713898
,,,,,3997.1600000858307
,,,,,3997.164999961853
,,,,,3997.170000076294
,,,,,3997.1749999523163
,,,,,3997.1800000667567
,,,,,3997.1849999427795
,,,,,3997.190000057221
,,,,,3997.194999933243
,,,,,3997.2000000476837
,,,,,3997.204999923706
,,,,,3997.210000038147
,,,,,3997.214999914169
,,,,,3997.22000002861
,,,,,3997.224999904633
,,,,,3997.230000019074
,,,,,3997.234999895096
,,,,,3997.2400000095367
,,,,,3997.244999885559
,,,,,3997.25
,,,,,3997.255000114441
,,,,,3997.2599999904633
,,,,,3997.265000104904
,,,,,3997.2699999809265
,,,,,3997.2750000953683
,,,,,3997.2799999713898
,,,,,3997.2850000858307
,,,,,3997.289999961853
,,,,,3997.295000076294
,,,,,3997.2999999523163
,,,,,3997.3050000667567
,,,,,3997.3099999427795
,,,,,3997.315000057221
,,,,,3997.319999933243
,,,,,3997.3250000476837
,,,,,3997.329999923706
,,,,,3997.335000038147
,,,,,3997.339999914169
,,,,,3997.34500002861
,,,,,3997.349999904633
,,,,,3997.355000019074
,,,,,3997.359999895096
,,,,,3997.3650000095367
,,,,,3997.369999885559
,,,,,3997.375
,,,,,3997.380000114441
,,,,,3997.3849999904633
,,,,,3997.390000104904
,,,,,3997.3949999809265
,,,,,3997.4000000953683
,,,,,3997.4049999713898
,,,,,3997.4100000858307
,,,,,3997.414999961853
,,,,,3997.420000076294
,,,,,3997.4249999523163
,,,,,3997.4300000667567
,,,,,3997.4349999427795
,,,,,3997.440000057221
,,,,,3997.444999933243
,,,,,3997.4500000476837
,,,,,3997.454999923706
,,,,,3997.460000038147
,,,,,3997.464999914169
,,,,,3997.47000002861
,,,,,3997.474999904633
,,,,,3997.480000019074
,,,,,3997.484999895096
,,,,,3997.4900000095367
,,,,,3997.494999885559
,,,,,3997.5
,,,,,3997.505000114441
,,,,,3997.5099999904633
,,,,,3997.515000104904
,,,,,3997.5199999809265
,,,,,3997.5250000953683
,,,,,3997.5299999713898
,,,,,3997.5350000858307
,,,,,3997.539999961853
,,,,,3997.545000076294
,,,,,3997.5499999523163
,,,,,3997.5550000667567
,,,,,3997.5599999427795
,,,,,3997.565000057221
,,,,,3997.569999933243
,,,,,3997.5750000476837
,,,,,3997.579999923706
,,,,,3997.585000038147
,,,,,3997.589999914169
,,,,,3997.59500002861
,,,,,3997.599999904633
,,,,,3997.605000019074
,,,,,3997.609999895096
,,,,,3997.6150000095367
,,,,,3997.619999885559
,,,,,3997.625
,,,,,3997.630000114441
,,,,,3997.6349999904633
,,,,,3997.640000104904
,,,,,3997.6449999809265
,,,,,3997.6500000953683
,,,,,3997.6549999713898
,,,,,3997.6600000858307
,,,,,3997.664999961853
,,,,,3997.670000076294
,,,,,3997.6749999523163
,,,,,3997.6800000667567
,,,,,3997.6849999427795
,,,,,3997.690000057221
,,,,,3997.694999933243
,,,,,3997.7000000476837
,,,,,3997.704999923706
,,,,,3997.710000038147
,,,,,3997.714999914169
,,,,,3997.72000002861
,,,,,3997.724999904633
,,,,,3997.730000019074
,,,,,3997.734999895096
,,,,,3997.7400000095367
,,,,,3997.744999885559
,,,,,3997.75
,,,,,3997.755000114441
,,,,,3997.7599999904633
,,,,,3997.765000104904
,,,,,3997.7699999809265
,,,,,3997.7750000953683
,,,,,3997.7799999713898
,,,,,3997.7850000858307
,,,,,3997.789999961853
,,,,,3997.795000076294
,,,,,3997.7999999523163
,,,,,3997.8050000667567
,,,,,3997.8099999427795
,,,,,3997.815000057221
,,,,,3997.819999933243
,,,,,3997.8250000476837
,,,,,3997.829999923706
,,,,,3997.835000038147
,,,,,3997.839999914169
,,,,,3997.84500002861
,,,,,3997.849999904633
,,,,,3997.855000019074
,,,,,3997.859999895096
,,,,,3997.8650000095367
,,,,,3997.869999885559
,,,,,3997.875
,,,,,3997.880000114441
,,,,,3997.8849999904633
,,,,,3997.890000104904
,,,,,3997.8949999809265
,,,,,3997.9000000953683
,,,,,3997.9049999713898
,,,,,3997.9100000858307
,,,,,3997.914999961853
,,,,,3997.920000076294
,,,,,3997.9249999523163
,,,,,3997.9300000667567
,,,,,3997.9349999427795
,,,,,3997.940000057221
,,,,,3997.944999933243
,,,,,3997.9500000476837
,,,,,3997.954999923706
,,,,,3997.960000038147
,,,,,3997.964999914169
,,,,,3997.97000002861
,,,,,3997.974999904633
,,,,,3997.980000019074
,,,,,3997.984999895096
,,,,,3997.9900000095367
,,,,,3997.994999885559
,,,,,3998.0
,,,,,3998.005000114441
,,,,,3998.0099999904633
,,,,,3998.015000104904
,,,,,3998.0199999809265
,,,,,3998.0250000953683
,,,,,3998.0299999713898
,,,,,3998.0350000858307
,,,,,3998.039999961853
,,,,,3998.045000076294
,,,,,3998.0499999523163
,,,,,3998.0550000667567
,,,,,3998.0599999427795
,,,,,3998.065000057221
,,,,,3998.069999933243
,,,,,3998.0750000476837
,,,,,3998.079999923706
,,,,,3998.085000038147
,,,,,3998.089999914169
,,,,,3998.09500002861
,,,,,3998.099999904633
,,,,,3998.105000019074
,,,,,3998.109999895096
,,,,,3998.1150000095367
,,,,,3998.119999885559
,,,,,3998.125
,,,,,3998.130000114441
,,,,,3998.1349999904633
,,,,,3998.140000104904
,,,,,3998.1449999809265
,,,,,3998.1500000953683
,,,,,3998.1549999713898
,,,,,3998.1600000858307
,,,,,3998.164999961853
,,,,,3998.170000076294
,,,,,3998.1749999523163
,,,,,3998.1800000667567
,,,,,3998.1849999427795
,,,,,3998.190000057221
,,,,,3998.194999933243
,,,,,3998.2000000476837
,,,,,3998.204999923706
,,,,,3998.210000038147
,,,,,3998.214999914169
,,,,,3998.22000002861
,,,,,3998.224999904633
,,,,,3998.230000019074
,,,,,3998.234999895096
,,,,,3998.2400000095367
,,,,,3998.244999885559
,,,,,3998.25
,,,,,3998.255000114441
,,,,,3998.2599999904633
,,,,,3998.265000104904
,,,,,3998.2699999809265
,,,,,3998.2750000953683
,,,,,3998.2799999713898
,,,,,3998.2850000858307
,,,,,3998.289999961853
,,,,,3998.295000076294
,,,,,3998.2999999523163
,,,,,3998.3050000667567
,,,,,3998.3099999427795
,,,,,3998.315000057221
,,,,,3998.319999933243
,,,,,3998.3250000476837
,,,,,3998.329999923706
,,,,,3998.335000038147
,,,,,3998.339999914169
,,,,,3998.34500002861
,,,,,3998.349999904633
,,,,,3998.355000019074
,,,,,3998.359999895096
,,,,,3998.3650000095367
,,,,,3998.369999885559
,,,,,3998.375
,,,,,3998.380000114441
,,,,,3998.3849999904633
,,,,,3998.390000104904
,,,,,3998.3949999809265
,,,,,3998.4000000953683
,,,,,3998.4049999713898
,,,,,3998.4100000858307
,,,,,3998.414999961853
,,,,,3998.420000076294
,,,,,3998.4249999523163
,,,,,3998.4300000667567
,,,,,3998.4349999427795
,,,,,3998.440000057221
,,,,,3998.444999933243
,,,,,3998.4500000476837
,,,,,3998.454999923706
,,,,,3998.460000038147
,,,,,3998.464999914169
,,,,,3998.47000002861
,,,,,3998.474999904633
,,,,,3998.480000019074
,,,,,3998.484999895096
,,,,,3998.4900000095367
,,,,,3998.494999885559
,,,,,3998.5
,,,,,3998.505000114441
,,,,,3998.5099999904633
,,,,,3998.515000104904
,,,,,3998.5199999809265
,,,,,3998.5250000953683
,,,,,3998.5299999713898
,,,,,3998.5350000858307
,,,,,3998.539999961853
,,,,,3998.545000076294
,,,,,3998.5499999523163
,,,,,3998.5550000667567
,,,,,3998.5599999427795
,,,,,3998.565000057221
,,,,,3998.569999933243
,,,,,3998.5750000476837
,,,,,3998.579999923706
,,,,,3998.585000038147
,,,,,3998.589999914169
,,,,,3998.59500002861
,,,,,3998.599999904633
,,,,,3998.605000019074
,,,,,3998.609999895096
,,,,,3998.6150000095367
,,,,,3998.619999885559
,,,,,3998.625
,,,,,3998.630000114441
,,,,,3998.6349999904633
,,,,,3998.640000104904
,,,,,3998.6449999809265
,,,,,3998.6500000953683
,,,,,3998.6549999713898
,,,,,3998.6600000858307
,,,,,3998.664999961853
,,,,,3998.670000076294
,,,,,3998.6749999523163
,,,,,3998.6800000667567
,,,,,3998.6849999427795
,,,,,3998.690000057221
,,,,,3998.694999933243
,,,,,3998.7000000476837
,,,,,3998.704999923706
,,,,,3998.710000038147
,,,,,3998.714999914169
,,,,,3998.72000002861
,,,,,3998.724999904633
,,,,,3998.730000019074
,,,,,3998.734999895096
,,,,,3998.7400000095367
,,,,,3998.744999885559
,,,,,3998.75
,,,,,3998.755000114441
,,,,,3998.7599999904633
,,,,,3998.765000104904
,,,,,3998.7699999809265
,,,,,3998.7750000953683
,,,,,3998.7799999713898
,,,,,3998.7850000858307
,,,,,3998.789999961853
,,,,,3998.795000076294
,,,,,3998.7999999523163
,,,,,3998.8050000667567
,,,,,3998.8099999427795
,,,,,3998.815000057221
,,,,,3998.819999933243
,,,,,3998.8250000476837
,,,,,3998.829999923706
,,,,,3998.835000038147
,,,,,3998.839999914169
,,,,,3998.84500002861
,,,,,3998.849999904633
,,,,,3998.855000019074
,,,,,3998.859999895096
,,,,,3998.8650000095367
,,,,,3998.869999885559
,,,,,3998.875
,,,,,3998.880000114441
,,,,,3998.8849999904633
,,,,,3998.890000104904
,,,,,3998.8949999809265
,,,,,3998.9000000953683
,,,,,3998.9049999713898
,,,,,3998.9100000858307
,,,,,3998.914999961853
,,,,,3998.920000076294
,,,,,3998.9249999523163
,,,,,3998.9300000667567
,,,,,3998.9349999427795
,,,,,3998.940000057221
,,,,,3998.944999933243
,,,,,3998.9500000476837
,,,,,3998.954999923706
,,,,,3998.960000038147
,,,,,3998.964999914169
,,,,,3998.97000002861
,,,,,3998.974999904633
,,,,,3998.980000019074
,,,,,3998.984999895096
,,,,,3998.9900000095367
,,,,,3998.994999885559
,,,,,3999.0
,,,,,3999.005000114441
,,,,,3999.0099999904633
,,,,,3999.015000104904
,,,,,3999.0199999809265
,,,,,3999.0250000953683
,,,,,3999.0299999713898
,,,,,3999.0350000858307
,,,,,3999.039999961853
,,,,,3999.045000076294
,,,,,3999.0499999523163
,,,,,3999.0550000667567
,,,,,3999.0599999427795
,,,,,3999.065000057221
,,,,,3999.069999933243
,,,,,3999.0750000476837
,,,,,3999.079999923706
,,,,,3999.085000038147
,,,,,3999.089999914169
,,,,,3999.09500002861
,,,,,3999.099999904633
,,,,,3999.105000019074
,,,,,3999.109999895096
,,,,,3999.1150000095367
,,,,,3999.119999885559
,,,,,3999.125
,,,,,3999.130000114441
,,,,,3999.1349999904633
,,,,,3999.140000104904
,,,,,3999.1449999809265
,,,,,3999.1500000953683
,,,,,3999.1549999713898
,,,,,3999.1600000858307
,,,,,3999.164999961853
,,,,,3999.170000076294
,,,,,3999.1749999523163
,,,,,3999.1800000667567
,,,,,3999.1849999427795
,,,,,3999.190000057221
,,,,,3999.194999933243
,,,,,3999.2000000476837
,,,,,3999.204999923706
,,,,,3999.210000038147
,,,,,3999.214999914169
,,,,,3999.22000002861
,,,,,3999.224999904633
,,,,,3999.230000019074
,,,,,3999.234999895096
,,,,,3999.2400000095367
,,,,,3999.244999885559
,,,,,3999.25
,,,,,3999.255000114441
,,,,,3999.2599999904633
,,,,,3999.265000104904
,,,,,3999.2699999809265
,,,,,3999.2750000953683
,,,,,3999.2799999713898
,,,,,3999.2850000858307
,,,,,3999.289999961853
,,,,,3999.295000076294
,,,,,3999.2999999523163
,,,,,3999.3050000667567
,,,,,3999.3099999427795
,,,,,3999.315000057221
,,,,,3999.319999933243
,,,,,3999.3250000476837
,,,,,3999.329999923706
,,,,,3999.335000038147
,,,,,3999.339999914169
,,,,,3999.34500002861
,,,,,3999.349999904633
,,,,,3999.355000019074
,,,,,3999.359999895096
,,,,,3999.3650000095367
,,,,,3999.369999885559
,,,,,3999.375
,,,,,3999.380000114441
,,,,,3999.3849999904633
,,,,,3999.390000104904
,,,,,3999.3949999809265
,,,,,3999.4000000953683
,,,,,3999.4049999713898
,,,,,3999.4100000858307
,,,,,3999.414999961853
,,,,,3999.420000076294
,,,,,3999.4249999523163
,,,,,3999.4300000667567
,,,,,3999.4349999427795
,,,,,3999.440000057221
,,,,,3999.444999933243
,,,,,3999.4500000476837
,,,,,3999.454999923706
,,,,,3999.460000038147
,,,,,3999.464999914169
,,,,,3999.47000002861
,,,,,3999.474999904633
,,,,,3999.480000019074
,,,,,3999.484999895096
,,,,,3999.4900000095367
,,,,,3999.494999885559
,,,,,3999.5
,,,,,3999.505000114441
,,,,,3999.5099999904633
,,,,,3999.515000104904
,,,,,3999.5199999809265
,,,,,3999.5250000953683
,,,,,3999.5299999713898
,,,,,3999.5350000858307
,,,,,3999.539999961853
,,,,,3999.545000076294
,,,,,3999.5499999523163
,,,,,3999.5550000667567
,,,,,3999.5599999427795
,,,,,3999.565000057221
,,,,,3999.569999933243
,,,,,3999.5750000476837
,,,,,3999.579999923706
,,,,,3999.585000038147
,,,,,3999.589999914169
,,,,,3999.59500002861
,,,,,3999.599999904633
,,,,,3999.605000019074
,,,,,3999.609999895096
,,,,,3999.6150000095367
,,,,,3999.619999885559
,,,,,3999.625
,,,,,3999.630000114441
,,,,,3999.6349999904633
,,,,,3999.640000104904
,,,,,3999.6449999809265
,,,,,3999.6500000953683
,,,,,3999.6549999713898
,,,,,3999.6600000858307
,,,,,3999.664999961853
,,,,,3999.670000076294
,,,,,3999.6749999523163
,,,,,3999.6800000667567
,,,,,3999.6849999427795
,,,,,3999.690000057221
,,,,,3999.694999933243
,,,,,3999.7000000476837
,,,,,3999.704999923706
,,,,,3999.710000038147
,,,,,3999.714999914169
,,,,,3999.72000002861
,,,,,3999.724999904633
,,,,,3999.730000019074
,,,,,3999.734999895096
,,,,,3999.7400000095367
,,,,,3999.744999885559
,,,,,3999.75
,,,,,3999.755000114441
,,,,,3999.7599999904633
,,,,,3999.765000104904
,,,,,3999.7699999809265
,,,,,3999.7750000953683
,,,,,3999.7799999713898
,,,,,3999.7850000858307
,,,,,3999.789999961853
,,,,,3999.795000076294
,,,,,3999.7999999523163
,,,,,3999.8050000667567
,,,,,3999.8099999427795
,,,,,3999.815000057221
,,,,,3999.819999933243
,,,,,3999.8250000476837
,,,,,3999.829999923706
,,,,,3999.835000038147
,,,,,3999.839999914169
,,,,,3999.84500002861
,,,,,3999.849999904633
,,,,,3999.855000019074
,,,,,3999.859999895096
,,,,,3999.8650000095367
,,,,,3999.869999885559
,,,,,3999.875
,,,,,3999.880000114441
,,,,,3999.8849999904633
,,,,,3999.890000104904
,,,,,3999.8949999809265
,,,,,3999.9000000953683
,,,,,3999.9049999713898
,,,,,3999.9100000858307
,,,,,3999.914999961853
,,,,,3999.920000076294
,,,,,3999.9249999523163
,,,,,3999.9300000667567
,,,,,3999.9349999427795
,,,,,3999.940000057221
,,,,,3999.944999933243
,,,,,3999.9500000476837
,,,,,3999.954999923706
,,,,,3999.960000038147
,,,,,3999.964999914169
,,,,,3999.97000002861
,,,,,3999.974999904633
,,,,,3999.980000019074
,,,,,3999.984999895096
,,,,,3999.9900000095367
,,,,,3999.994999885559
,,,,,4000.0
,,,,,4000.005000114441
,,,,,4000.0099999904633
,,,,,4000.015000104904
,,,,,4000.0199999809265
,,,,,4000.0250000953683
,,,,,4000.0299999713898
,,,,,4000.0350000858307
,,,,,4000.039999961853
,,,,,4000.045000076294
,,,,,4000.0499999523163
,,,,,4000.0550000667567
,,,,,4000.0599999427795
,,,,,4000.065000057221
,,,,,4000.069999933243
,,,,,4000.0750000476837
,,,,,4000.079999923706
,,,,,4000.085000038147
,,,,,4000.089999914169
,,,,,4000.09500002861
,,,,,4000.099999904633
,,,,,4000.105000019074
,,,,,4000.109999895096
,,,,,4000.1150000095367
,,,,,4000.119999885559
,,,,,4000.125
,,,,,4000.130000114441
,,,,,4000.1349999904633
,,,,,4000.140000104904
,,,,,4000.1449999809265
,,,,,4000.1500000953683
,,,,,4000.1549999713898
,,,,,4000.1600000858307
,,,,,4000.164999961853
,,,,,4000.170000076294
,,,,,4000.1749999523163
,,,,,4000.1800000667567
,,,,,4000.1849999427795
,,,,,4000.190000057221
,,,,,4000.194999933243
,,,,,4000.2000000476837
,,,,,4000.204999923706
,,,,,4000.210000038147
,,,,,4000.214999914169
,,,,,4000.22000002861
,,,,,4000.224999904633
,,,,,4000.230000019074
,,,,,4000.234999895096
,,,,,4000.2400000095367
,,,,,4000.244999885559
,,,,,4000.25
,,,,,4000.255000114441
,,,,,4000.2599999904633
,,,,,4000.265000104904
,,,,,4000.2699999809265
,,,,,4000.2750000953683
,,,,,4000.2799999713898
,,,,,4000.2850000858307
,,,,,4000.289999961853
,,,,,4000.295000076294
,,,,,4000.2999999523163
,,,,,4000.3050000667567
,,,,,4000.3099999427795
,,,,,4000.315000057221
,,,,,4000.319999933243
,,,,,4000.3250000476837
,,,,,4000.329999923706
,,,,,4000.335000038147
,,,,,4000.339999914169
,,,,,4000.34500002861
,,,,,4000.349999904633
,,,,,4000.355000019074
,,,,,4000.359999895096
,,,,,4000.3650000095367
,,,,,4000.369999885559
,,,,,4000.375
,,,,,4000.380000114441
,,,,,4000.3849999904633
,,,,,4000.390000104904
,,,,,4000.3949999809265
,,,,,4000.4000000953683
,,,,,4000.4049999713898
,,,,,4000.4100000858307
,,,,,4000.414999961853
,,,,,4000.420000076294
,,,,,4000.4249999523163
,,,,,4000.4300000667567
,,,,,4000.4349999427795
,,,,,4000.440000057221
,,,,,4000.444999933243
,,,,,4000.4500000476837
,,,,,4000.454999923706
,,,,,4000.460000038147
,,,,,4000.464999914169
,,,,,4000.47000002861
,,,,,4000.474999904633
,,,,,4000.480000019074
,,,,,4000.484999895096
,,,,,4000.4900000095367
,,,,,4000.494999885559
,,,,,4000.5
,,,,,4000.505000114441
,,,,,4000.5099999904633
,,,,,4000.515000104904
,,,,,4000.5199999809265
,,,,,4000.5250000953683
,,,,,4000.5299999713898
,,,,,4000.5350000858307
,,,,,4000.539999961853
,,,,,4000.545000076294
,,,,,4000.5499999523163
,,,,,4000.5550000667567
,,,,,4000.5599999427795
,,,,,4000.565000057221
,,,,,4000.569999933243
,,,,,4000.5750000476837
,,,,,4000.579999923706
,,,,,4000.585000038147
,,,,,4000.589999914169
,,,,,4000.59500002861
,,,,,4000.599999904633
,,,,,4000.605000019074
,,,,,4000.609999895096
,,,,,4000.6150000095367
,,,,,4000.619999885559
,,,,,4000.625
,,,,,4000.630000114441
,,,,,4000.6349999904633
,,,,,4000.640000104904
,,,,,4000.6449999809265
,,,,,4000.6500000953683
,,,,,4000.6549999713898
,,,,,4000.6600000858307
,,,,,4000.664999961853
,,,,,4000.670000076294
,,,,,4000.6749999523163
,,,,,4000.6800000667567
,,,,,4000.6849999427795
,,,,,4000.690000057221
,,,,,4000.694999933243
,,,,,4000.7000000476837
,,,,,4000.704999923706
,,,,,4000.710000038147
,,,,,4000.714999914169
,,,,,4000.72000002861
,,,,,4000.724999904633
,,,,,4000.730000019074
,,,,,4000.734999895096
,,,,,4000.7400000095367
,,,,,4000.744999885559
,,,,,4000.75
,,,,,4000.755000114441
,,,,,4000.7599999904633
,,,,,4000.765000104904
,,,,,4000.7699999809265
,,,,,4000.7750000953683
,,,,,4000.7799999713898
,,,,,4000.7850000858307
,,,,,4000.789999961853
,,,,,4000.795000076294
,,,,,4000.7999999523163
,,,,,4000.8050000667567
,,,,,4000.8099999427795
,,,,,4000.815000057221
,,,,,4000.819999933243
,,,,,4000.8250000476837
,,,,,4000.829999923706
,,,,,4000.835000038147
,,,,,4000.839999914169
,,,,,4000.84500002861
,,,,,4000.849999904633
,,,,,4000.855000019074
,,,,,4000.859999895096
,,,,,4000.8650000095367
,,,,,4000.869999885559
,,,,,4000.875
,,,,,4000.880000114441
,,,,,4000.8849999904633
,,,,,4000.890000104904
,,,,,4000.8949999809265
,,,,,4000.9000000953683
,,,,,4000.9049999713898
,,,,,4000.9100000858307
,,,,,4000.914999961853
,,,,,4000.920000076294
,,,,,4000.9249999523163
,,,,,4000.9300000667567
,,,,,4000.9349999427795
,,,,,4000.940000057221
,,,,,4000.944999933243
,,,,,4000.9500000476837
,,,,,4000.954999923706
,,,,,4000.960000038147
,,,,,4000.964999914169
,,,,,4000.97000002861
,,,,,4000.974999904633
,,,,,4000.980000019074
,,,,,4000.984999895096
,,,,,4000.9900000095367
,,,,,4000.994999885559
,,,,,4001.0
,,,,,4001.005000114441
,,,,,4001.0099999904633
,,,,,4001.015000104904
,,,,,4001.0199999809265
,,,,,4001.0250000953683
,,,,,4001.0299999713898
,,,,,4001.0350000858307
,,,,,4001.039999961853
,,,,,4001.045000076294
,,,,,4001.0499999523163
,,,,,4001.0550000667567
,,,,,4001.0599999427795
,,,,,4001.065000057221
,,,,,4001.069999933243
,,,,,4001.0750000476837
,,,,,4001.079999923706
,,,,,4001.085000038147
,,,,,4001.089999914169
,,,,,4001.09500002861
,,,,,4001.099999904633
,,,,,4001.105000019074
,,,,,4001.109999895096
,,,,,4001.1150000095367
,,,,,4001.119999885559
,,,,,4001.125
,,,,,4001.130000114441
,,,,,4001.1349999904633
,,,,,4001.140000104904
,,,,,4001.1449999809265
,,,,,4001.1500000953683
,,,,,4001.1549999713898
,,,,,4001.1600000858307
,,,,,4001.164999961853
,,,,,4001.170000076294
,,,,,4001.1749999523163
,,,,,4001.1800000667567
,,,,,4001.1849999427795
,,,,,4001.190000057221
,,,,,4001.194999933243
,,,,,4001.2000000476837
,,,,,4001.204999923706
,,,,,4001.210000038147
,,,,,4001.214999914169
,,,,,4001.22000002861
,,,,,4001.224999904633
,,,,,4001.230000019074
,,,,,4001.234999895096
,,,,,4001.2400000095367
,,,,,4001.244999885559
,,,,,4001.25
,,,,,4001.255000114441
,,,,,4001.2599999904633
,,,,,4001.265000104904
,,,,,4001.2699999809265
,,,,,4001.2750000953683
,,,,,4001.2799999713898
,,,,,4001.2850000858307
,,,,,4001.289999961853
,,,,,4001.295000076294
,,,,,4001.2999999523163
,,,,,4001.3050000667567
,,,,,4001.3099999427795
,,,,,4001.315000057221
,,,,,4001.319999933243
,,,,,4001.3250000476837
,,,,,4001.329999923706
,,,,,4001.335000038147
,,,,,4001.339999914169
,,,,,4001.34500002861
,,,,,4001.349999904633
,,,,,4001.355000019074
,,,,,4001.359999895096
,,,,,4001.3650000095367
,,,,,4001.369999885559
,,,,,4001.375
,,,,,4001.380000114441
,,,,,4001.3849999904633
,,,,,4001.390000104904
,,,,,4001.3949999809265
,,,,,4001.4000000953683
,,,,,4001.4049999713898
,,,,,4001.4100000858307
,,,,,4001.414999961853
,,,,,4001.420000076294
,,,,,4001.4249999523163
,,,,,4001.4300000667567
,,,,,4001.4349999427795
,,,,,4001.440000057221
,,,,,4001.444999933243
,,,,,4001.4500000476837
,,,,,4001.454999923706
,,,,,4001.460000038147
,,,,,4001.464999914169
,,,,,4001.47000002861
,,,,,4001.474999904633
,,,,,4001.480000019074
,,,,,4001.484999895096
,,,,,4001.4900000095367
,,,,,4001.494999885559
,,,,,4001.5
,,,,,4001.505000114441
,,,,,4001.5099999904633
,,,,,4001.515000104904
,,,,,4001.5199999809265
,,,,,4001.5250000953683
,,,,,4001.5299999713898
,,,,,4001.5350000858307
,,,,,4001.539999961853
,,,,,4001.545000076294
,,,,,4001.5499999523163
,,,,,4001.5550000667567
,,,,,4001.5599999427795
,,,,,4001.565000057221
,,,,,4001.569999933243
,,,,,4001.5750000476837
,,,,,4001.579999923706
,,,,,4001.585000038147
,,,,,4001.589999914169
,,,,,4001.59500002861
,,,,,4001.599999904633
,,,,,4001.605000019074
,,,,,4001.609999895096
,,,,,4001.6150000095367
,,,,,4001.619999885559
,,,,,4001.625
,,,,,4001.630000114441
,,,,,4001.6349999904633
,,,,,4001.640000104904
,,,,,4001.6449999809265
,,,,,4001.6500000953683
,,,,,4001.6549999713898
,,,,,4001.6600000858307
,,,,,4001.664999961853
,,,,,4001.670000076294
,,,,,4001.6749999523163
,,,,,4001.6800000667567
,,,,,4001.6849999427795
,,,,,4001.690000057221
,,,,,4001.694999933243
,,,,,4001.7000000476837
,,,,,4001.704999923706
,,,,,4001.710000038147
,,,,,4001.714999914169
,,,,,4001.72000002861
,,,,,4001.724999904633
,,,,,4001.730000019074
,,,,,4001.734999895096
,,,,,4001.7400000095367
,,,,,4001.744999885559
,,,,,4001.75
,,,,,4001.755000114441
,,,,,4001.7599999904633
,,,,,4001.765000104904
,,,,,4001.7699999809265
,,,,,4001.7750000953683
,,,,,4001.7799999713898
,,,,,4001.7850000858307
,,,,,4001.789999961853
,,,,,4001.795000076294
,,,,,4001.7999999523163
,,,,,4001.8050000667567
,,,,,4001.8099999427795
,,,,,4001.815000057221
,,,,,4001.819999933243
,,,,,4001.8250000476837
,,,,,4001.829999923706
,,,,,4001.835000038147
,,,,,4001.839999914169
,,,,,4001.84500002861
,,,,,4001.849999904633
,,,,,4001.855000019074
,,,,,4001.859999895096
,,,,,4001.8650000095367
,,,,,4001.869999885559
,,,,,4001.875
,,,,,4001.880000114441
,,,,,4001.8849999904633
,,,,,4001.890000104904
,,,,,4001.8949999809265
,,,,,4001.9000000953683
,,,,,4001.9049999713898
,,,,,4001.9100000858307
,,,,,4001.914999961853
,,,,,4001.920000076294
,,,,,4001.9249999523163
,,,,,4001.9300000667567
,,,,,4001.9349999427795
,,,,,4001.940000057221
,,,,,4001.944999933243
,,,,,4001.9500000476837
,,,,,4001.954999923706
,,,,,4001.960000038147
,,,,,4001.964999914169
,,,,,4001.97000002861
,,,,,4001.974999904633
,,,,,4001.980000019074
,,,,,4001.984999895096
,,,,,4001.9900000095367
,,,,,4001.994999885559
,,,,,4002.0
,,,,,4002.005000114441
,,,,,4002.0099999904633
,,,,,4002.015000104904
,,,,,4002.0199999809265
,,,,,4002.0250000953683
,,,,,4002.0299999713898
,,,,,4002.0350000858307
,,,,,4002.039999961853
,,,,,4002.045000076294
,,,,,4002.0499999523163
,,,,,4002.0550000667567
,,,,,4002.0599999427795
,,,,,4002.065000057221
,,,,,4002.069999933243
,,,,,4002.0750000476837
,,,,,4002.079999923706
,,,,,4002.085000038147
,,,,,4002.089999914169
,,,,,4002.09500002861
,,,,,4002.099999904633
,,,,,4002.105000019074
,,,,,4002.109999895096
,,,,,4002.1150000095367
,,,,,4002.119999885559
,,,,,4002.125
,,,,,4002.130000114441
,,,,,4002.1349999904633
,,,,,4002.140000104904
,,,,,4002.1449999809265
,,,,,4002.1500000953683
,,,,,4002.1549999713898
,,,,,4002.1600000858307
,,,,,4002.164999961853
,,,,,4002.170000076294
,,,,,4002.1749999523163
,,,,,4002.1800000667567
,,,,,4002.1849999427795
,,,,,4002.190000057221
,,,,,4002.194999933243
,,,,,4002.2000000476837
,,,,,4002.204999923706
,,,,,4002.210000038147
,,,,,4002.214999914169
,,,,,4002.22000002861
,,,,,4002.224999904633
,,,,,4002.230000019074
,,,,,4002.234999895096
,,,,,4002.2400000095367
,,,,,4002.244999885559
,,,,,4002.25
,,,,,4002.255000114441
,,,,,4002.2599999904633
,,,,,4002.265000104904
,,,,,4002.2699999809265
,,,,,4002.2750000953683
,,,,,4002.2799999713898
,,,,,4002.2850000858307
,,,,,4002.289999961853
,,,,,4002.295000076294
,,,,,4002.2999999523163
,,,,,4002.3050000667567
,,,,,4002.3099999427795
,,,,,4002.315000057221
,,,,,4002.319999933243
,,,,,4002.3250000476837
,,,,,4002.329999923706
,,,,,4002.335000038147
,,,,,4002.339999914169
,,,,,4002.34500002861
,,,,,4002.349999904633
,,,,,4002.355000019074
,,,,,4002.359999895096
,,,,,4002.3650000095367
,,,,,4002.369999885559
,,,,,4002.375
,,,,,4002.380000114441
,,,,,4002.3849999904633
,,,,,4002.390000104904
,,,,,4002.3949999809265
,,,,,4002.4000000953683
,,,,,4002.4049999713898
,,,,,4002.4100000858307
,,,,,4002.414999961853
,,,,,4002.420000076294
,,,,,4002.4249999523163
,,,,,4002.4300000667567
,,,,,4002.4349999427795
,,,,,4002.440000057221
,,,,,4002.444999933243
,,,,,4002.4500000476837
,,,,,4002.454999923706
,,,,,4002.460000038147
,,,,,4002.464999914169
,,,,,4002.47000002861
,,,,,4002.474999904633
,,,,,4002.480000019074
,,,,,4002.484999895096
,,,,,4002.4900000095367
,,,,,4002.494999885559
,,,,,4002.5
,,,,,4002.505000114441
,,,,,4002.5099999904633
,,,,,4002.515000104904
,,,,,4002.5199999809265
,,,,,4002.5250000953683
,,,,,4002.5299999713898
,,,,,4002.5350000858307
,,,,,4002.539999961853
,,,,,4002.545000076294
,,,,,4002.5499999523163
,,,,,4002.5550000667567
,,,,,4002.5599999427795
,,,,,4002.565000057221
,,,,,4002.569999933243
,,,,,4002.5750000476837
,,,,,4002.579999923706
,,,,,4002.585000038147
,,,,,4002.589999914169
,,,,,4002.59500002861
,,,,,4002.599999904633
,,,,,4002.605000019074
,,,,,4002.609999895096
,,,,,4002.6150000095367
,,,,,4002.619999885559
,,,,,4002.625
,,,,,4002.630000114441
,,,,,4002.6349999904633
,,,,,4002.640000104904
,,,,,4002.6449999809265
,,,,,4002.6500000953683
,,,,,4002.6549999713898
,,,,,4002.6600000858307
,,,,,4002.664999961853
,,,,,4002.670000076294
,,,,,4002.6749999523163
,,,,,4002.6800000667567
,,,,,4002.6849999427795
,,,,,4002.690000057221
,,,,,4002.694999933243
,,,,,4002.7000000476837
,,,,,4002.704999923706
,,,,,4002.710000038147
,,,,,4002.714999914169
,,,,,4002.72000002861
,,,,,4002.724999904633
,,,,,4002.730000019074
,,,,,4002.734999895096
,,,,,4002.7400000095367
,,,,,4002.744999885559
,,,,,4002.75
,,,,,4002.755000114441
,,,,,4002.7599999904633
,,,,,4002.765000104904
,,,,,4002.7699999809265
,,,,,4002.7750000953683
,,,,,4002.7799999713898
,,,,,4002.7850000858307
,,,,,4002.789999961853
,,,,,4002.795000076294
,,,,,4002.7999999523163
,,,,,4002.8050000667567
,,,,,4002.8099999427795
,,,,,4002.815000057221
,,,,,4002.819999933243
,,,,,4002.8250000476837
,,,,,4002.829999923706
,,,,,4002.835000038147
,,,,,4002.839999914169
,,,,,4002.84500002861
,,,,,4002.849999904633
,,,,,4002.855000019074
,,,,,4002.859999895096
,,,,,4002.8650000095367
,,,,,4002.869999885559
,,,,,4002.875
,,,,,4002.880000114441
,,,,,4002.8849999904633
,,,,,4002.890000104904
,,,,,4002.8949999809265
,,,,,4002.9000000953683
,,,,,4002.9049999713898
,,,,,4002.9100000858307
,,,,,4002.914999961853
,,,,,4002.920000076294
,,,,,4002.9249999523163
,,,,,4002.9300000667567
,,,,,4002.9349999427795
,,,,,4002.940000057221
,,,,,4002.944999933243
,,,,,4002.9500000476837
,,,,,4002.954999923706
,,,,,4002.960000038147
,,,,,4002.964999914169
,,,,,4002.97000002861
,,,,,4002.974999904633
,,,,,4002.980000019074
,,,,,4002.984999895096
,,,,,4002.9900000095367
,,,,,4002.994999885559
,,,,,4003.0
,,,,,4003.005000114441
,,,,,4003.0099999904633
,,,,,4003.015000104904
,,,,,4003.0199999809265
,,,,,4003.0250000953683
,,,,,4003.0299999713898
,,,,,4003.0350000858307
,,,,,4003.039999961853
,,,,,4003.045000076294
,,,,,4003.0499999523163
,,,,,4003.0550000667567
,,,,,4003.0599999427795
,,,,,4003.065000057221
,,,,,4003.069999933243
,,,,,4003.0750000476837
,,,,,4003.079999923706
,,,,,4003.085000038147
,,,,,4003.089999914169
,,,,,4003.09500002861
,,,,,4003.099999904633
,,,,,4003.105000019074
,,,,,4003.109999895096
,,,,,4003.1150000095367
,,,,,4003.119999885559
,,,,,4003.125
,,,,,4003.130000114441
,,,,,4003.1349999904633
,,,,,4003.140000104904
,,,,,4003.1449999809265
,,,,,4003.1500000953683
,,,,,4003.1549999713898
,,,,,4003.1600000858307
,,,,,4003.164999961853
,,,,,4003.170000076294
,,,,,4003.1749999523163
,,,,,4003.1800000667567
,,,,,4003.1849999427795
,,,,,4003.190000057221
,,,,,4003.194999933243
,,,,,4003.2000000476837
,,,,,4003.204999923706
,,,,,4003.210000038147
,,,,,4003.214999914169
,,,,,4003.22000002861
,,,,,4003.224999904633
,,,,,4003.230000019074
,,,,,4003.234999895096
,,,,,4003.2400000095367
,,,,,4003.244999885559
,,,,,4003.25
,,,,,4003.255000114441
,,,,,4003.2599999904633
,,,,,4003.265000104904
,,,,,4003.2699999809265
,,,,,4003.2750000953683
,,,,,4003.2799999713898
,,,,,4003.2850000858307
,,,,,4003.289999961853
,,,,,4003.295000076294
,,,,,4003.2999999523163
,,,,,4003.3050000667567
,,,,,4003.3099999427795
,,,,,4003.315000057221
,,,,,4003.319999933243
,,,,,4003.3250000476837
,,,,,4003.329999923706
,,,,,4003.335000038147
,,,,,4003.339999914169
,,,,,4003.34500002861
,,,,,4003.349999904633
,,,,,4003.355000019074
,,,,,4003.359999895096
,,,,,4003.3650000095367
,,,,,4003.369999885559
,,,,,4003.375
,,,,,4003.380000114441
,,,,,4003.3849999904633
,,,,,4003.390000104904
,,,,,4003.3949999809265
,,,,,4003.4000000953683
,,,,,4003.4049999713898
,,,,,4003.4100000858307
,,,,,4003.414999961853
,,,,,4003.420000076294
,,,,,4003.4249999523163
,,,,,4003.4300000667567
,,,,,4003.4349999427795
,,,,,4003.440000057221
,,,,,4003.444999933243
,,,,,4003.4500000476837
,,,,,4003.454999923706
,,,,,4003.460000038147
,,,,,4003.464999914169
,,,,,4003.47000002861
,,,,,4003.474999904633
,,,,,4003.480000019074
,,,,,4003.484999895096
,,,,,4003.4900000095367
,,,,,4003.494999885559
,,,,,4003.5
,,,,,4003.505000114441
,,,,,4003.5099999904633
,,,,,4003.515000104904
,,,,,4003.5199999809265
,,,,,4003.5250000953683
,,,,,4003.5299999713898
,,,,,4003.5350000858307
,,,,,4003.539999961853
,,,,,4003.545000076294
,,,,,4003.5499999523163
,,,,,4003.5550000667567
,,,,,4003.5599999427795
,,,,,4003.565000057221
,,,,,4003.569999933243
,,,,,4003.5750000476837
,,,,,4003.579999923706
,,,,,4003.585000038147
,,,,,4003.589999914169
,,,,,4003.59500002861
,,,,,4003.599999904633
,,,,,4003.605000019074
,,,,,4003.609999895096
,,,,,4003.6150000095367
,,,,,4003.619999885559
,,,,,4003.625
,,,,,4003.630000114441
,,,,,4003.6349999904633
,,,,,4003.640000104904
,,,,,4003.6449999809265
,,,,,4003.6500000953683
,,,,,4003.6549999713898
,,,,,4003.6600000858307
,,,,,4003.664999961853
,,,,,4003.670000076294
,,,,,4003.6749999523163
,,,,,4003.6800000667567
,,,,,4003.6849999427795
,,,,,4003.690000057221
,,,,,4003.694999933243
,,,,,4003.7000000476837
,,,,,4003.704999923706
,,,,,4003.710000038147
,,,,,4003.714999914169
,,,,,4003.72000002861
,,,,,4003.724999904633
,,,,,4003.730000019074
,,,,,4003.734999895096
,,,,,4003.7400000095367
,,,,,4003.744999885559
,,,,,4003.75
,,,,,4003.755000114441
,,,,,4003.7599999904633
,,,,,4003.765000104904
,,,,,4003.7699999809265
,,,,,4003.7750000953683
,,,,,4003.7799999713898
,,,,,4003.7850000858307
,,,,,4003.789999961853
,,,,,4003.795000076294
,,,,,4003.7999999523163
,,,,,4003.8050000667567
,,,,,4003.8099999427795
,,,,,4003.815000057221
,,,,,4003.819999933243
,,,,,4003.8250000476837
,,,,,4003.829999923706
,,,,,4003.835000038147
,,,,,4003.839999914169
,,,,,4003.84500002861
,,,,,4003.849999904633
,,,,,4003.855000019074
,,,,,4003.859999895096
,,,,,4003.8650000095367
,,,,,4003.869999885559
,,,,,4003.875
,,,,,4003.880000114441
,,,,,4003.8849999904633
,,,,,4003.890000104904
,,,,,4003.8949999809265
,,,,,4003.9000000953683
,,,,,4003.9049999713898
,,,,,4003.9100000858307
,,,,,4003.914999961853
,,,,,4003.920000076294
,,,,,4003.9249999523163
,,,,,4003.9300000667567
,,,,,4003.9349999427795
,,,,,4003.940000057221
,,,,,4003.944999933243
,,,,,4003.9500000476837
,,,,,4003.954999923706
,,,,,4003.960000038147
,,,,,4003.964999914169
,,,,,4003.97000002861
,,,,,4003.974999904633
,,,,,4003.980000019074
,,,,,4003.984999895096
,,,,,4003.9900000095367
,,,,,4003.994999885559
,,,,,4004.0
,,,,,4004.005000114441
,,,,,4004.0099999904633
,,,,,4004.015000104904
,,,,,4004.0199999809265
,,,,,4004.0250000953683
,,,,,4004.0299999713898
,,,,,4004.0350000858307
,,,,,4004.039999961853
,,,,,4004.045000076294
,,,,,4004.0499999523163
,,,,,4004.0550000667567
,,,,,4004.0599999427795
,,,,,4004.065000057221
,,,,,4004.069999933243
,,,,,4004.0750000476837
,,,,,4004.079999923706
,,,,,4004.085000038147
,,,,,4004.089999914169
,,,,,4004.09500002861
,,,,,4004.099999904633
,,,,,4004.105000019074
,,,,,4004.109999895096
,,,,,4004.1150000095367
,,,,,4004.119999885559
,,,,,4004.125
,,,,,4004.130000114441
,,,,,4004.1349999904633
,,,,,4004.140000104904
,,,,,4004.1449999809265
,,,,,4004.1500000953683
,,,,,4004.1549999713898
,,,,,4004.1600000858307
,,,,,4004.164999961853
,,,,,4004.170000076294
,,,,,4004.1749999523163
,,,,,4004.1800000667567
,,,,,4004.1849999427795
,,,,,4004.190000057221
,,,,,4004.194999933243
,,,,,4004.2000000476837
,,,,,4004.204999923706
,,,,,4004.210000038147
,,,,,4004.214999914169
,,,,,4004.22000002861
,,,,,4004.224999904633
,,,,,4004.230000019074
,,,,,4004.234999895096
,,,,,4004.2400000095367
,,,,,4004.244999885559
,,,,,4004.25
,,,,,4004.255000114441
,,,,,4004.2599999904633
,,,,,4004.265000104904
,,,,,4004.2699999809265
,,,,,4004.2750000953683
,,,,,4004.2799999713898
,,,,,4004.2850000858307
,,,,,4004.289999961853
,,,,,4004.295000076294
,,,,,4004.2999999523163
,,,,,4004.3050000667567
,,,,,4004.3099999427795
,,,,,4004.315000057221
,,,,,4004.319999933243
,,,,,4004.3250000476837
,,,,,4004.329999923706
,,,,,4004.335000038147
,,,,,4004.339999914169
,,,,,4004.34500002861
,,,,,4004.349999904633
,,,,,4004.355000019074
,,,,,4004.359999895096
,,,,,4004.3650000095367
,,,,,4004.369999885559
,,,,,4004.375
,,,,,4004.380000114441
,,,,,4004.3849999904633
,,,,,4004.390000104904
,,,,,4004.3949999809265
,,,,,4004.4000000953683
,,,,,4004.4049999713898
,,,,,4004.4100000858307
,,,,,4004.414999961853
,,,,,4004.420000076294
,,,,,4004.4249999523163
,,,,,4004.4300000667567
,,,,,4004.4349999427795
,,,,,4004.440000057221
,,,,,4004.444999933243
,,,,,4004.4500000476837
,,,,,4004.454999923706
,,,,,4004.460000038147
,,,,,4004.464999914169
,,,,,4004.47000002861
,,,,,4004.474999904633
,,,,,4004.480000019074
,,,,,4004.484999895096
,,,,,4004.4900000095367
,,,,,4004.494999885559
,,,,,4004.5
,,,,,4004.505000114441
,,,,,4004.5099999904633
,,,,,4004.515000104904
,,,,,4004.5199999809265
,,,,,4004.5250000953683
,,,,,4004.5299999713898
,,,,,4004.5350000858307
,,,,,4004.539999961853
,,,,,4004.545000076294
,,,,,4004.5499999523163
,,,,,4004.5550000667567
,,,,,4004.5599999427795
,,,,,4004.565000057221
,,,,,4004.569999933243
,,,,,4004.5750000476837
,,,,,4004.579999923706
,,,,,4004.585000038147
,,,,,4004.589999914169
,,,,,4004.59500002861
,,,,,4004.599999904633
,,,,,4004.605000019074
,,,,,4004.609999895096
,,,,,4004.6150000095367
,,,,,4004.619999885559
,,,,,4004.625
,,,,,4004.630000114441
,,,,,4004.6349999904633
,,,,,4004.640000104904
,,,,,4004.6449999809265
,,,,,4004.6500000953683
,,,,,4004.6549999713898
,,,,,4004.6600000858307
,,,,,4004.664999961853
,,,,,4004.670000076294
,,,,,4004.6749999523163
,,,,,4004.6800000667567
,,,,,4004.6849999427795
,,,,,4004.690000057221
,,,,,4004.694999933243
,,,,,4004.7000000476837
,,,,,4004.704999923706
,,,,,4004.710000038147
,,,,,4004.714999914169
,,,,,4004.72000002861
,,,,,4004.724999904633
,,,,,4004.730000019074
,,,,,4004.734999895096
,,,,,4004.7400000095367
,,,,,4004.744999885559
,,,,,4004.75
,,,,,4004.755000114441
,,,,,4004.7599999904633
,,,,,4004.765000104904
,,,,,4004.7699999809265
,,,,,4004.7750000953683
,,,,,4004.7799999713898
,,,,,4004.7850000858307
,,,,,4004.789999961853
,,,,,4004.795000076294
,,,,,4004.7999999523163
,,,,,4004.8050000667567
,,,,,4004.8099999427795
,,,,,4004.815000057221
,,,,,4004.819999933243
,,,,,4004.8250000476837
,,,,,4004.829999923706
,,,,,4004.835000038147
,,,,,4004.839999914169
,,,,,4004.84500002861
,,,,,4004.849999904633
,,,,,4004.855000019074
,,,,,4004.859999895096
,,,,,4004.8650000095367
,,,,,4004.869999885559
,,,,,4004.875
,,,,,4004.880000114441
,,,,,4004.8849999904633
,,,,,4004.890000104904
,,,,,4004.8949999809265
,,,,,4004.9000000953683
,,,,,4004.9049999713898
,,,,,4004.9100000858307
,,,,,4004.914999961853
,,,,,4004.920000076294
,,,,,4004.9249999523163
,,,,,4004.9300000667567
,,,,,4004.9349999427795
,,,,,4004.940000057221
,,,,,4004.944999933243
,,,,,4004.9500000476837
,,,,,4004.954999923706
,,,,,4004.960000038147
,,,,,4004.964999914169
,,,,,4004.97000002861
,,,,,4004.974999904633
,,,,,4004.980000019074
,,,,,4004.984999895096
,,,,,4004.9900000095367
,,,,,4004.994999885559
,,,,,4005.0
,,,,,4005.005000114441
,,,,,4005.0099999904633
,,,,,4005.015000104904
,,,,,4005.0199999809265
,,,,,4005.0250000953683
,,,,,4005.0299999713898
,,,,,4005.0350000858307
,,,,,4005.039999961853
,,,,,4005.045000076294
,,,,,4005.0499999523163
,,,,,4005.0550000667567
,,,,,4005.0599999427795
,,,,,4005.065000057221
,,,,,4005.069999933243
,,,,,4005.0750000476837
,,,,,4005.079999923706
,,,,,4005.085000038147
,,,,,4005.089999914169
,,,,,4005.09500002861
,,,,,4005.099999904633
,,,,,4005.105000019074
,,,,,4005.109999895096
,,,,,4005.1150000095367
,,,,,4005.119999885559
,,,,,4005.125
,,,,,4005.130000114441
,,,,,4005.1349999904633
,,,,,4005.140000104904
,,,,,4005.1449999809265
,,,,,4005.1500000953683
,,,,,4005.1549999713898
,,,,,4005.1600000858307
,,,,,4005.164999961853
,,,,,4005.170000076294
,,,,,4005.1749999523163
,,,,,4005.1800000667567
,,,,,4005.1849999427795
,,,,,4005.190000057221
,,,,,4005.194999933243
,,,,,4005.2000000476837
,,,,,4005.204999923706
,,,,,4005.210000038147
,,,,,4005.214999914169
,,,,,4005.22000002861
,,,,,4005.224999904633
,,,,,4005.230000019074
,,,,,4005.234999895096
,,,,,4005.2400000095367
,,,,,4005.244999885559
,,,,,4005.25
,,,,,4005.255000114441
,,,,,4005.2599999904633
,,,,,4005.265000104904
,,,,,4005.2699999809265
,,,,,4005.2750000953683
,,,,,4005.2799999713898
,,,,,4005.2850000858307
,,,,,4005.289999961853
,,,,,4005.295000076294
,,,,,4005.2999999523163
,,,,,4005.3050000667567
,,,,,4005.3099999427795
,,,,,4005.315000057221
,,,,,4005.319999933243
,,,,,4005.3250000476837
,,,,,4005.329999923706
,,,,,4005.335000038147
,,,,,4005.339999914169
,,,,,4005.34500002861
,,,,,4005.349999904633
,,,,,4005.355000019074
,,,,,4005.359999895096
,,,,,4005.3650000095367
,,,,,4005.369999885559
,,,,,4005.375
,,,,,4005.380000114441
,,,,,4005.3849999904633
,,,,,4005.390000104904
,,,,,4005.3949999809265
,,,,,4005.4000000953683
,,,,,4005.4049999713898
,,,,,4005.4100000858307
,,,,,4005.414999961853
,,,,,4005.420000076294
,,,,,4005.4249999523163
,,,,,4005.4300000667567
,,,,,4005.4349999427795
,,,,,4005.440000057221
,,,,,4005.444999933243
,,,,,4005.4500000476837
,,,,,4005.454999923706
,,,,,4005.460000038147
,,,,,4005.464999914169
,,,,,4005.47000002861
,,,,,4005.474999904633
,,,,,4005.480000019074
,,,,,4005.484999895096
,,,,,4005.4900000095367
,,,,,4005.494999885559
,,,,,4005.5
,,,,,4005.505000114441
,,,,,4005.5099999904633
,,,,,4005.515000104904
,,,,,4005.5199999809265
,,,,,4005.5250000953683
,,,,,4005.5299999713898
,,,,,4005.5350000858307
,,,,,4005.539999961853
,,,,,4005.545000076294
,,,,,4005.5499999523163
,,,,,4005.5550000667567
,,,,,4005.5599999427795
,,,,,4005.565000057221
,,,,,4005.569999933243
,,,,,4005.5750000476837
,,,,,4005.579999923706
,,,,,4005.585000038147
,,,,,4005.589999914169
,,,,,4005.59500002861
,,,,,4005.599999904633
,,,,,4005.605000019074
,,,,,4005.609999895096
,,,,,4005.6150000095367
,,,,,4005.619999885559
,,,,,4005.625
,,,,,4005.630000114441
,,,,,4005.6349999904633
,,,,,4005.640000104904
,,,,,4005.6449999809265
,,,,,4005.6500000953683
,,,,,4005.6549999713898
,,,,,4005.6600000858307
,,,,,4005.664999961853
,,,,,4005.670000076294
,,,,,4005.6749999523163
,,,,,4005.6800000667567
,,,,,4005.6849999427795
,,,,,4005.690000057221
,,,,,4005.694999933243
,,,,,4005.7000000476837
,,,,,4005.704999923706
,,,,,4005.710000038147
,,,,,4005.714999914169
,,,,,4005.72000002861
,,,,,4005.724999904633
,,,,,4005.730000019074
,,,,,4005.734999895096
,,,,,4005.7400000095367
,,,,,4005.744999885559
,,,,,4005.75
,,,,,4005.755000114441
,,,,,4005.7599999904633
,,,,,4005.765000104904
,,,,,4005.7699999809265
,,,,,4005.7750000953683
,,,,,4005.7799999713898
,,,,,4005.7850000858307
,,,,,4005.789999961853
,,,,,4005.795000076294
,,,,,4005.7999999523163
,,,,,4005.8050000667567
,,,,,4005.8099999427795
,,,,,4005.815000057221
,,,,,4005.819999933243
,,,,,4005.8250000476837
,,,,,4005.829999923706
,,,,,4005.835000038147
,,,,,4005.839999914169
,,,,,4005.84500002861
,,,,,4005.849999904633
,,,,,4005.855000019074
,,,,,4005.859999895096
,,,,,4005.8650000095367
,,,,,4005.869999885559
,,,,,4005.875
,,,,,4005.880000114441
,,,,,4005.8849999904633
,,,,,4005.890000104904
,,,,,4005.8949999809265
,,,,,4005.9000000953683
,,,,,4005.9049999713898
,,,,,4005.9100000858307
,,,,,4005.914999961853
,,,,,4005.920000076294
,,,,,4005.9249999523163
,,,,,4005.9300000667567
,,,,,4005.9349999427795
,,,,,4005.940000057221
,,,,,4005.944999933243
,,,,,4005.9500000476837
,,,,,4005.954999923706
,,,,,4005.960000038147
,,,,,4005.964999914169
,,,,,4005.97000002861
,,,,,4005.974999904633
,,,,,4005.980000019074
,,,,,4005.984999895096
,,,,,4005.9900000095367
,,,,,4005.994999885559
,,,,,4006.0
,,,,,4006.005000114441
,,,,,4006.0099999904633
,,,,,4006.015000104904
,,,,,4006.0199999809265
,,,,,4006.0250000953683
,,,,,4006.0299999713898
,,,,,4006.0350000858307
,,,,,4006.039999961853
,,,,,4006.045000076294
,,,,,4006.0499999523163
,,,,,4006.0550000667567
,,,,,4006.0599999427795
,,,,,4006.065000057221
,,,,,4006.069999933243
,,,,,4006.0750000476837
,,,,,4006.079999923706
,,,,,4006.085000038147
,,,,,4006.089999914169
,,,,,4006.09500002861
,,,,,4006.099999904633
,,,,,4006.105000019074
,,,,,4006.109999895096
,,,,,4006.1150000095367
,,,,,4006.119999885559
,,,,,4006.125
,,,,,4006.130000114441
,,,,,4006.1349999904633
,,,,,4006.140000104904
,,,,,4006.1449999809265
,,,,,4006.1500000953683
,,,,,4006.1549999713898
,,,,,4006.1600000858307
,,,,,4006.164999961853
,,,,,4006.170000076294
,,,,,4006.1749999523163
,,,,,4006.1800000667567
,,,,,4006.1849999427795
,,,,,4006.190000057221
,,,,,4006.194999933243
,,,,,4006.2000000476837
,,,,,4006.204999923706
,,,,,4006.210000038147
,,,,,4006.214999914169
,,,,,4006.22000002861
,,,,,4006.224999904633
,,,,,4006.230000019074
,,,,,4006.234999895096
,,,,,4006.2400000095367
,,,,,4006.244999885559
,,,,,4006.25
,,,,,4006.255000114441
,,,,,4006.2599999904633
,,,,,4006.265000104904
,,,,,4006.2699999809265
,,,,,4006.2750000953683
,,,,,4006.2799999713898
,,,,,4006.2850000858307
,,,,,4006.289999961853
,,,,,4006.295000076294
,,,,,4006.2999999523163
,,,,,4006.3050000667567
,,,,,4006.3099999427795
,,,,,4006.315000057221
,,,,,4006.319999933243
,,,,,4006.3250000476837
,,,,,4006.329999923706
,,,,,4006.335000038147
,,,,,4006.339999914169
,,,,,4006.34500002861
,,,,,4006.349999904633
,,,,,4006.355000019074
,,,,,4006.359999895096
,,,,,4006.3650000095367
,,,,,4006.369999885559
,,,,,4006.375
,,,,,4006.380000114441
,,,,,4006.3849999904633
,,,,,4006.390000104904
,,,,,4006.3949999809265
,,,,,4006.4000000953683
,,,,,4006.4049999713898
,,,,,4006.4100000858307
,,,,,4006.414999961853
,,,,,4006.420000076294
,,,,,4006.4249999523163
,,,,,4006.4300000667567
,,,,,4006.4349999427795
,,,,,4006.440000057221
,,,,,4006.444999933243
,,,,,4006.4500000476837
,,,,,4006.454999923706
,,,,,4006.460000038147
,,,,,4006.464999914169
,,,,,4006.47000002861
,,,,,4006.474999904633
,,,,,4006.480000019074
,,,,,4006.484999895096
,,,,,4006.4900000095367
,,,,,4006.494999885559
,,,,,4006.5
,,,,,4006.505000114441
,,,,,4006.5099999904633
,,,,,4006.515000104904
,,,,,4006.5199999809265
,,,,,4006.5250000953683
,,,,,4006.5299999713898
,,,,,4006.5350000858307
,,,,,4006.539999961853
,,,,,4006.545000076294
,,,,,4006.5499999523163
,,,,,4006.5550000667567
,,,,,4006.5599999427795
,,,,,4006.565000057221
,,,,,4006.569999933243
,,,,,4006.5750000476837
,,,,,4006.579999923706
,,,,,4006.585000038147
,,,,,4006.589999914169
,,,,,4006.59500002861
,,,,,4006.599999904633
,,,,,4006.605000019074
,,,,,4006.609999895096
,,,,,4006.6150000095367
,,,,,4006.619999885559
,,,,,4006.625
,,,,,4006.630000114441
,,,,,4006.6349999904633
,,,,,4006.640000104904
,,,,,4006.6449999809265
,,,,,4006.6500000953683
,,,,,4006.6549999713898
,,,,,4006.6600000858307
,,,,,4006.664999961853
,,,,,4006.670000076294
,,,,,4006.6749999523163
,,,,,4006.6800000667567
,,,,,4006.6849999427795
,,,,,4006.690000057221
,,,,,4006.694999933243
,,,,,4006.7000000476837
,,,,,4006.704999923706
,,,,,4006.710000038147
,,,,,4006.714999914169
,,,,,4006.72000002861
,,,,,4006.724999904633
,,,,,4006.730000019074
,,,,,4006.734999895096
,,,,,4006.7400000095367
,,,,,4006.744999885559
,,,,,4006.75
,,,,,4006.755000114441
,,,,,4006.7599999904633
,,,,,4006.765000104904
,,,,,4006.7699999809265
,,,,,4006.7750000953683
,,,,,4006.7799999713898
,,,,,4006.7850000858307
,,,,,4006.789999961853
,,,,,4006.795000076294
,,,,,4006.7999999523163
,,,,,4006.8050000667567
,,,,,4006.8099999427795
,,,,,4006.815000057221
,,,,,4006.819999933243
,,,,,4006.8250000476837
,,,,,4006.829999923706
,,,,,4006.835000038147
,,,,,4006.839999914169
,,,,,4006.84500002861
,,,,,4006.849999904633
,,,,,4006.855000019074
,,,,,4006.859999895096
,,,,,4006.8650000095367
,,,,,4006.869999885559
,,,,,4006.875
,,,,,4006.880000114441
,,,,,4006.8849999904633
,,,,,4006.890000104904
,,,,,4006.8949999809265
,,,,,4006.9000000953683
,,,,,4006.9049999713898
,,,,,4006.9100000858307
,,,,,4006.914999961853
,,,,,4006.920000076294
,,,,,4006.9249999523163
,,,,,4006.9300000667567
,,,,,4006.9349999427795
,,,,,4006.940000057221
,,,,,4006.944999933243
,,,,,4006.9500000476837
,,,,,4006.954999923706
,,,,,4006.960000038147
,,,,,4006.964999914169
,,,,,4006.97000002861
,,,,,4006.974999904633
,,,,,4006.980000019074
,,,,,4006.984999895096
,,,,,4006.9900000095367
,,,,,4006.994999885559
