t,x,y,z,time_from_sync
1671.914999961853,2142,-7533,-6327,1638.0016667842865
1671.9199998378754,2143,-7534,-6328,1638.0066666603088
1671.9249999523165,2144,-7536,-6331,1638.01166677475
1671.9299998283386,2145,-7537,-6332,1638.016666650772
1671.9349999427795,2150,-7538,-6333,1638.021666765213
1671.939999818802,2154,-7537,-6333,1638.0266666412356
1671.9449999332428,2159,-7537,-6333,1638.0316667556763
1671.9499998092651,2163,-7535,-6335,1638.0366666316986
1671.954999923706,2173,-7534,-6339,1638.0416667461395
1671.9599997997284,2185,-7533,-6343,1638.0466666221619
1671.9649999141693,2199,-7529,-6344,1638.0516667366028
1671.9699997901917,2211,-7526,-6346,1638.0566666126251
1671.9749999046326,2218,-7522,-6345,1638.061666727066
1671.979999780655,2227,-7517,-6346,1638.0666666030884
1671.9849998950958,2235,-7511,-6347,1638.0716667175293
1671.9899997711182,2242,-7505,-6351,1638.0766665935516
1671.994999885559,2251,-7498,-6350,1638.0816667079926
1672.0,2268,-7491,-6353,1638.0866668224335
1672.0049998760223,2285,-7484,-6355,1638.0916666984558
1672.0099999904633,2300,-7476,-6356,1638.0966668128967
1672.0149998664856,2310,-7468,-6355,1638.101666688919
1672.0199999809265,2320,-7460,-6354,1638.10666680336
1672.0249998569489,2335,-7450,-6353,1638.1116666793823
1672.0299999713898,2351,-7440,-6350,1638.1166667938232
1672.034999847412,2364,-7432,-6348,1638.1216666698456
1672.039999961853,2377,-7421,-6344,1638.1266667842865
1672.0449998378754,2387,-7412,-6340,1638.1316666603088
1672.0499999523165,2400,-7401,-6333,1638.13666677475
1672.0549998283386,2415,-7392,-6329,1638.141666650772
1672.0599999427795,2430,-7386,-6328,1638.146666765213
1672.064999818802,2445,-7380,-6327,1638.1516666412356
1672.0699999332428,2456,-7377,-6329,1638.1566667556763
1672.0749998092651,2463,-7374,-6333,1638.1616666316986
1672.079999923706,2472,-7371,-6335,1638.1666667461395
1672.0849997997284,2481,-7367,-6338,1638.1716666221619
1672.0899999141693,2491,-7364,-6341,1638.1766667366028
1672.0949997901917,2502,-7361,-6343,1638.1816666126251
1672.0999999046326,2510,-7360,-6346,1638.186666727066
1672.104999780655,2514,-7358,-6345,1638.1916666030884
1672.1099998950958,2515,-7356,-6341,1638.1966667175293
1672.1149997711182,2512,-7356,-6337,1638.2016665935516
1672.119999885559,2509,-7354,-6334,1638.2066667079926
1672.125,2506,-7353,-6331,1638.2116668224335
1672.1299998760223,2507,-7351,-6329,1638.2166666984558
1672.1349999904633,2511,-7350,-6329,1638.2216668128967
1672.1399998664856,2517,-7351,-6330,1638.226666688919
1672.1449999809265,2522,-7350,-6335,1638.23166680336
1672.1499998569489,2524,-7352,-6338,1638.2366666793823
1672.1549999713898,2525,-7353,-6338,1638.2416667938232
1672.159999847412,2526,-7352,-6337,1638.2466666698456
1672.164999961853,2528,-7351,-6335,1638.2516667842865
1672.1699998378754,2531,-7349,-6337,1638.2566666603088
1672.1749999523165,2535,-7346,-6339,1638.26166677475
1672.1799998283386,2538,-7343,-6342,1638.266666650772
1672.1849999427795,2541,-7341,-6343,1638.271666765213
1672.189999818802,2546,-7339,-6344,1638.2766666412356
1672.1949999332428,2550,-7337,-6347,1638.2816667556763
1672.1999998092651,2555,-7336,-6350,1638.2866666316986
1672.204999923706,2562,-7336,-6356,1638.2916667461395
1672.2099997997284,2566,-7337,-6358,1638.2966666221619
1672.2149999141693,2569,-7337,-6358,1638.3016667366028
1672.2199997901917,2570,-7336,-6358,1638.3066666126251
1672.2249999046326,2570,-7332,-6355,1638.311666727066
1672.229999780655,2573,-7328,-6351,1638.3166666030884
1672.2349998950958,2578,-7325,-6347,1638.3216667175293
1672.2399997711182,2586,-7324,-6343,1638.3266665935516
1672.244999885559,2595,-7324,-6343,1638.3316667079926
1672.25,2603,-7325,-6344,1638.3366668224335
1672.2549998760223,2612,-7326,-6348,1638.3416666984558
1672.2599999904633,2618,-7328,-6354,1638.3466668128967
1672.2649998664856,2621,-7330,-6359,1638.351666688919
1672.2699999809265,2622,-7332,-6361,1638.35666680336
1672.2749998569489,2623,-7333,-6360,1638.3616666793823
1672.2799999713898,2625,-7332,-6360,1638.3666667938232
1672.284999847412,2626,-7331,-6360,1638.3716666698456
1672.289999961853,2628,-7328,-6362,1638.3766667842865
1672.2949998378754,2630,-7325,-6363,1638.3816666603088
1672.2999999523165,2634,-7321,-6364,1638.38666677475
1672.3049998283386,2638,-7317,-6364,1638.391666650772
1672.3099999427795,2644,-7315,-6357,1638.396666765213
1672.314999818802,2650,-7313,-6354,1638.4016666412356
1672.3199999332428,2657,-7313,-6349,1638.4066667556763
1672.3249998092651,2666,-7313,-6347,1638.4116666316986
1672.329999923706,2675,-7314,-6345,1638.4166667461395
1672.3349997997284,2683,-7314,-6341,1638.4216666221619
1672.3399999141693,2690,-7314,-6338,1638.4266667366028
1672.3449997901917,2697,-7314,-6336,1638.4316666126251
1672.3499999046326,2702,-7312,-6335,1638.436666727066
1672.354999780655,2703,-7309,-6334,1638.4416666030884
1672.3599998950958,2703,-7305,-6332,1638.4466667175293
1672.3649997711182,2702,-7304,-6329,1638.4516665935516
1672.369999885559,2702,-7301,-6328,1638.4566667079926
1672.375,2704,-7300,-6327,1638.4616668224335
1672.3799998760223,2708,-7300,-6327,1638.4666666984558
1672.3849999904633,2711,-7300,-6329,1638.4716668128967
1672.3899998664856,2712,-7300,-6331,1638.476666688919
1672.3949999809265,2714,-7301,-6330,1638.48166680336
1672.3999998569489,2717,-7303,-6328,1638.4866666793823
1672.4049999713898,2720,-7305,-6324,1638.4916667938232
1672.409999847412,2723,-7306,-6321,1638.4966666698456
1672.414999961853,2723,-7305,-6319,1638.5016667842865
1672.4199998378754,2721,-7304,-6319,1638.5066666603088
1672.4249999523165,2718,-7302,-6317,1638.51166677475
1672.4299998283386,2714,-7300,-6317,1638.516666650772
1672.4349999427795,2710,-7298,-6315,1638.521666765213
1672.439999818802,2705,-7296,-6315,1638.5266666412356
1672.4449999332428,2702,-7294,-6314,1638.5316667556763
1672.4499998092651,2700,-7294,-6312,1638.5366666316986
1672.454999923706,2697,-7294,-6314,1638.5416667461395
1672.4599997997284,2696,-7297,-6315,1638.5466666221619
1672.4649999141693,2694,-7299,-6317,1638.5516667366028
1672.4699997901917,2692,-7302,-6322,1638.5566666126251
1672.4749999046326,2693,-7302,-6322,1638.561666727066
1672.479999780655,2694,-7302,-6326,1638.5666666030884
1672.4849998950958,2695,-7302,-6329,1638.5716667175293
1672.4899997711182,2697,-7301,-6332,1638.5766665935516
1672.494999885559,2698,-7301,-6333,1638.5816667079926
1672.5,2698,-7299,-6333,1638.5866668224335
1672.5049998760223,2699,-7298,-6330,1638.5916666984558
1672.5099999904633,2698,-7296,-6328,1638.5966668128967
1672.5149998664856,2699,-7295,-6327,1638.601666688919
1672.5199999809265,2698,-7295,-6331,1638.60666680336
1672.5249998569489,2696,-7294,-6334,1638.6116666793823
1672.5299999713898,2693,-7293,-6336,1638.6166667938232
1672.534999847412,2690,-7291,-6337,1638.6216666698456
1672.539999961853,2689,-7291,-6332,1638.6266667842865
1672.5449998378754,2689,-7293,-6327,1638.6316666603088
1672.5499999523165,2687,-7294,-6324,1638.63666677475
1672.5549998283386,2683,-7295,-6328,1638.641666650772
1672.5599999427795,2675,-7295,-6336,1638.646666765213
1672.564999818802,2667,-7294,-6343,1638.6516666412356
1672.5699999332428,2661,-7294,-6351,1638.6566667556763
1672.5749998092651,2657,-7293,-6356,1638.6616666316986
1672.579999923706,2654,-7294,-6359,1638.6666667461395
1672.5849997997284,2650,-7296,-6363,1638.6716666221619
1672.5899999141693,2648,-7299,-6364,1638.6766667366028
1672.5949997901917,2645,-7302,-6363,1638.6816666126251
1672.5999999046326,2645,-7305,-6361,1638.686666727066
1672.604999780655,2648,-7305,-6357,1638.6916666030884
1672.6099998950958,2651,-7304,-6357,1638.6966667175293
1672.6149997711182,2652,-7305,-6357,1638.7016665935516
1672.619999885559,2654,-7304,-6359,1638.7066667079926
1672.625,2655,-7302,-6361,1638.7116668224335
1672.6299998760223,2658,-7302,-6362,1638.7166666984558
1672.6349999904633,2662,-7303,-6366,1638.7216668128967
1672.6399998664856,2665,-7306,-6367,1638.726666688919
1672.6449999809265,2670,-7308,-6371,1638.73166680336
1672.6499998569489,2673,-7309,-6371,1638.7366666793823
1672.6549999713898,2674,-7309,-6373,1638.7416667938232
1672.659999847412,2676,-7309,-6373,1638.7466666698456
1672.664999961853,2676,-7310,-6370,1638.7516667842865
1672.6699998378754,2678,-7311,-6369,1638.7566666603088
1672.6749999523165,2681,-7310,-6371,1638.76166677475
1672.6799998283386,2683,-7311,-6369,1638.766666650772
1672.6849999427795,2687,-7308,-6371,1638.771666765213
1672.689999818802,2691,-7307,-6372,1638.7766666412356
1672.6949999332428,2697,-7305,-6370,1638.7816667556763
1672.6999998092651,2701,-7301,-6370,1638.7866666316986
1672.704999923706,2703,-7298,-6367,1638.7916667461395
1672.7099997997284,2705,-7293,-6361,1638.7966666221619
1672.7149999141693,2711,-7286,-6358,1638.8016667366028
1672.7199997901917,2717,-7280,-6354,1638.8066666126251
1672.7249999046326,2725,-7273,-6349,1638.811666727066
1672.729999780655,2734,-7266,-6348,1638.8166666030884
1672.7349998950958,2744,-7260,-6351,1638.8216667175293
1672.7399997711182,2752,-7254,-6355,1638.8266665935516
1672.744999885559,2759,-7250,-6359,1638.8316667079926
1672.75,2767,-7247,-6364,1638.8366668224335
1672.7549998760223,2773,-7244,-6366,1638.8416666984558
1672.7599999904633,2779,-7242,-6369,1638.8466668128967
1672.7649998664856,2785,-7238,-6371,1638.851666688919
1672.7699999809265,2789,-7235,-6374,1638.85666680336
1672.7749998569489,2797,-7232,-6376,1638.8616666793823
1672.7799999713898,2802,-7229,-6374,1638.8666667938232
1672.784999847412,2807,-7226,-6375,1638.8716666698456
1672.789999961853,2809,-7224,-6375,1638.8766667842865
1672.7949998378754,2808,-7221,-6374,1638.8816666603088
1672.7999999523165,2805,-7219,-6373,1638.88666677475
1672.8049998283386,2800,-7218,-6371,1638.891666650772
1672.8099999427795,2794,-7218,-6368,1638.896666765213
1672.814999818802,2787,-7218,-6367,1638.9016666412356
1672.8199999332428,2779,-7218,-6366,1638.9066667556763
1672.8249998092651,2770,-7219,-6367,1638.9116666316986
1672.829999923706,2757,-7221,-6367,1638.9166667461395
1672.8349997997284,2742,-7224,-6365,1638.9216666221619
1672.8399999141693,2726,-7228,-6360,1638.9266667366028
1672.8449997901917,2712,-7232,-6356,1638.9316666126251
1672.8499999046326,2701,-7238,-6354,1638.936666727066
1672.854999780655,2693,-7243,-6353,1638.9416666030884
1672.8599998950958,2685,-7248,-6356,1638.9466667175293
1672.8649997711182,2675,-7253,-6356,1638.9516665935516
1672.869999885559,2664,-7258,-6356,1638.9566667079926
1672.875,2650,-7261,-6353,1638.9616668224335
1672.8799998760223,2638,-7266,-6350,1638.9666666984558
1672.8849999904633,2628,-7272,-6349,1638.9716668128967
1672.8899998664856,2621,-7275,-6352,1638.976666688919
1672.8949999809265,2614,-7278,-6356,1638.98166680336
1672.8999998569489,2608,-7278,-6354,1638.9866666793823
1672.9049999713898,2602,-7278,-6354,1638.9916667938232
1672.909999847412,2595,-7278,-6353,1638.9966666698456
1672.914999961853,2587,-7279,-6356,1639.0016667842865
1672.9199998378754,2581,-7280,-6359,1639.0066666603088
1672.9249999523165,2575,-7281,-6359,1639.01166677475
1672.9299998283386,2573,-7281,-6355,1639.016666650772
1672.9349999427795,2573,-7284,-6349,1639.021666765213
1672.939999818802,2572,-7285,-6348,1639.0266666412356
1672.9449999332428,2574,-7286,-6349,1639.0316667556763
1672.9499998092651,2575,-7288,-6354,1639.0366666316986
1672.954999923706,2576,-7290,-6364,1639.0416667461395
1672.9599997997284,2576,-7290,-6371,1639.0466666221619
1672.9649999141693,2577,-7290,-6378,1639.0516667366028
1672.9699997901917,2578,-7289,-6382,1639.0566666126251
1672.9749999046326,2581,-7288,-6384,1639.061666727066
1672.979999780655,2585,-7288,-6387,1639.0666666030884
1672.9849998950958,2590,-7288,-6386,1639.0716667175293
1672.9899997711182,2594,-7288,-6383,1639.0766665935516
1672.994999885559,2596,-7288,-6378,1639.0816667079926
1673.0,2598,-7288,-6372,1639.0866668224335
1673.0049998760223,2600,-7286,-6373,1639.0916666984558
1673.0099999904633,2602,-7284,-6368,1639.0966668128967
1673.0149998664856,2608,-7280,-6367,1639.101666688919
1673.0199999809265,2614,-7276,-6365,1639.10666680336
1673.0249998569489,2620,-7270,-6362,1639.1116666793823
1673.0299999713898,2627,-7264,-6359,1639.1166667938232
1673.034999847412,2635,-7257,-6356,1639.1216666698456
1673.039999961853,2645,-7251,-6351,1639.1266667842865
1673.0449998378754,2657,-7244,-6350,1639.1316666603088
1673.0499999523165,2667,-7237,-6355,1639.13666677475
1673.0549998283386,2680,-7229,-6361,1639.141666650772
1673.0599999427795,2694,-7221,-6365,1639.146666765213
1673.064999818802,2709,-7211,-6368,1639.1516666412356
1673.0699999332428,2729,-7200,-6371,1639.1566667556763
1673.0749998092651,2748,-7188,-6372,1639.1616666316986
1673.079999923706,2767,-7175,-6376,1639.1666667461395
1673.0849997997284,2785,-7162,-6378,1639.1716666221619
1673.0899999141693,2805,-7149,-6382,1639.1766667366028
1673.0949997901917,2826,-7133,-6384,1639.1816666126251
1673.0999999046326,2847,-7115,-6388,1639.186666727066
1673.104999780655,2867,-7099,-6393,1639.1916666030884
1673.1099998950958,2885,-7082,-6395,1639.1966667175293
1673.1149997711182,2903,-7068,-6398,1639.2016665935516
1673.119999885559,2923,-7055,-6401,1639.2066667079926
1673.125,2940,-7040,-6400,1639.2116668224335
1673.1299998760223,2956,-7024,-6400,1639.2166666984558
1673.1349999904633,2967,-7010,-6405,1639.2216668128967
1673.1399998664856,2980,-6997,-6412,1639.226666688919
1673.1449999809265,2990,-6986,-6419,1639.23166680336
1673.1499998569489,3001,-6975,-6426,1639.2366666793823
1673.1549999713898,3013,-6968,-6430,1639.2416667938232
1673.159999847412,3024,-6960,-6431,1639.2466666698456
1673.164999961853,3034,-6952,-6431,1639.2516667842865
1673.1699998378754,3041,-6947,-6433,1639.2566666603088
1673.1749999523165,3045,-6940,-6436,1639.26166677475
1673.1799998283386,3048,-6936,-6443,1639.266666650772
1673.1849999427795,3051,-6934,-6448,1639.271666765213
1673.189999818802,3052,-6934,-6453,1639.2766666412356
1673.1949999332428,3050,-6935,-6455,1639.2816667556763
1673.1999998092651,3043,-6937,-6456,1639.2866666316986
1673.204999923706,3034,-6938,-6458,1639.2916667461395
1673.2099997997284,3027,-6940,-6458,1639.2966666221619
1673.2149999141693,3020,-6943,-6457,1639.3016667366028
1673.2199997901917,3014,-6945,-6456,1639.3066666126251
1673.2249999046326,3009,-6949,-6455,1639.311666727066
1673.229999780655,3003,-6954,-6455,1639.3166666030884
1673.2349998950958,2993,-6957,-6448,1639.3216667175293
1673.2399997711182,2985,-6960,-6443,1639.3266665935516
1673.244999885559,2978,-6963,-6439,1639.3316667079926
1673.25,2970,-6968,-6436,1639.3366668224335
1673.2549998760223,2965,-6974,-6439,1639.3416666984558
1673.2599999904633,2957,-6983,-6446,1639.3466668128967
1673.2649998664856,2950,-6990,-6450,1639.351666688919
1673.2699999809265,2941,-6998,-6451,1639.35666680336
1673.2749998569489,2932,-7008,-6449,1639.3616666793823
1673.2799999713898,2923,-7017,-6443,1639.3666667938232
1673.284999847412,2915,-7026,-6438,1639.3716666698456
1673.289999961853,2909,-7033,-6431,1639.3766667842865
1673.2949998378754,2901,-7038,-6425,1639.3816666603088
1673.2999999523165,2896,-7041,-6422,1639.38666677475
1673.3049998283386,2888,-7044,-6418,1639.391666650772
1673.3099999427795,2881,-7048,-6415,1639.396666765213
1673.314999818802,2876,-7051,-6413,1639.4016666412356
1673.3199999332428,2872,-7055,-6413,1639.4066667556763
1673.3249998092651,2871,-7059,-6413,1639.4116666316986
1673.329999923706,2872,-7062,-6418,1639.4166667461395
1673.3349997997284,2873,-7067,-6427,1639.4216666221619
1673.3399999141693,2874,-7071,-6435,1639.4266667366028
1673.3449997901917,2873,-7074,-6446,1639.4316666126251
1673.3499999046326,2869,-7075,-6451,1639.436666727066
1673.354999780655,2866,-7076,-6454,1639.4416666030884
1673.3599998950958,2860,-7076,-6455,1639.4466667175293
1673.3649997711182,2855,-7076,-6452,1639.4516665935516
1673.369999885559,2851,-7076,-6449,1639.4566667079926
1673.375,2849,-7078,-6447,1639.4616668224335
1673.3799998760223,2850,-7077,-6447,1639.4666666984558
1673.3849999904633,2851,-7079,-6445,1639.4716668128967
1673.3899998664856,2851,-7081,-6444,1639.476666688919
1673.3949999809265,2850,-7082,-6440,1639.48166680336
1673.3999998569489,2847,-7084,-6439,1639.4866666793823
1673.4049999713898,2841,-7086,-6439,1639.4916667938232
1673.409999847412,2833,-7087,-6440,1639.4966666698456
1673.414999961853,2826,-7089,-6437,1639.5016667842865
1673.4199998378754,2819,-7093,-6433,1639.5066666603088
1673.4249999523165,2815,-7096,-6431,1639.51166677475
1673.4299998283386,2814,-7100,-6429,1639.516666650772
1673.4349999427795,2814,-7102,-6425,1639.521666765213
1673.439999818802,2814,-7103,-6422,1639.5266666412356
1673.4449999332428,2813,-7103,-6417,1639.5316667556763
1673.4499998092651,2814,-7102,-6414,1639.5366666316986
1673.454999923706,2813,-7101,-6413,1639.5416667461395
1673.4599997997284,2815,-7102,-6412,1639.5466666221619
1673.4649999141693,2814,-7103,-6415,1639.5516667366028
1673.4699997901917,2814,-7106,-6417,1639.5566666126251
1673.4749999046326,2813,-7109,-6419,1639.561666727066
1673.479999780655,2812,-7111,-6422,1639.5666666030884
1673.4849998950958,2813,-7111,-6423,1639.5716667175293
1673.4899997711182,2814,-7111,-6425,1639.5766665935516
1673.494999885559,2816,-7109,-6427,1639.5816667079926
1673.5,2819,-7109,-6426,1639.5866668224335
1673.5049998760223,2820,-7109,-6428,1639.5916666984558
1673.5099999904633,2821,-7107,-6429,1639.5966668128967
1673.5149998664856,2822,-7106,-6429,1639.601666688919
1673.5199999809265,2821,-7106,-6430,1639.60666680336
1673.5249998569489,2821,-7106,-6427,1639.6116666793823
1673.5299999713898,2819,-7107,-6423,1639.6166667938232
1673.534999847412,2816,-7107,-6417,1639.6216666698456
1673.539999961853,2813,-7108,-6412,1639.6266667842865
1673.5449998378754,2812,-7108,-6410,1639.6316666603088
1673.5499999523165,2813,-7106,-6407,1639.63666677475
1673.5549998283386,2815,-7103,-6405,1639.641666650772
1673.5599999427795,2816,-7101,-6401,1639.646666765213
1673.564999818802,2814,-7099,-6399,1639.6516666412356
1673.5699999332428,2814,-7100,-6398,1639.6566667556763
1673.5749998092651,2814,-7100,-6398,1639.6616666316986
1673.579999923706,2812,-7101,-6399,1639.6666667461395
1673.5849997997284,2814,-7100,-6398,1639.6716666221619
1673.5899999141693,2816,-7099,-6397,1639.6766667366028
1673.5949997901917,2819,-7098,-6397,1639.6816666126251
1673.5999999046326,2822,-7099,-6396,1639.686666727066
1673.604999780655,2825,-7101,-6397,1639.6916666030884
1673.6099998950958,2825,-7103,-6401,1639.6966667175293
1673.6149997711182,2826,-7108,-6402,1639.7016665935516
1673.619999885559,2827,-7110,-6403,1639.7066667079926
1673.625,2828,-7113,-6403,1639.7116668224335
1673.6299998760223,2830,-7116,-6400,1639.7166666984558
1673.6349999904633,2831,-7117,-6401,1639.7216668128967
1673.6399998664856,2833,-7119,-6403,1639.726666688919
1673.6449999809265,2835,-7121,-6408,1639.73166680336
1673.6499998569489,2834,-7123,-6410,1639.7366666793823
1673.6549999713898,2832,-7128,-6412,1639.7416667938232
1673.659999847412,2829,-7132,-6412,1639.7466666698456
1673.664999961853,2829,-7136,-6411,1639.7516667842865
1673.6699998378754,2830,-7140,-6413,1639.7566666603088
1673.6749999523165,2832,-7141,-6412,1639.76166677475
1673.6799998283386,2833,-7142,-6410,1639.766666650772
1673.6849999427795,2834,-7141,-6404,1639.771666765213
1673.689999818802,2837,-7139,-6401,1639.7766666412356
1673.6949999332428,2841,-7136,-6398,1639.7816667556763
1673.6999998092651,2848,-7134,-6399,1639.7866666316986
1673.704999923706,2855,-7133,-6402,1639.7916667461395
1673.7099997997284,2858,-7131,-6404,1639.7966666221619
1673.7149999141693,2857,-7128,-6405,1639.8016667366028
1673.7199997901917,2854,-7126,-6403,1639.8066666126251
1673.7249999046326,2851,-7125,-6403,1639.811666727066
1673.729999780655,2849,-7124,-6404,1639.8166666030884
1673.7349998950958,2849,-7124,-6403,1639.8216667175293
1673.7399997711182,2849,-7126,-6403,1639.8266665935516
1673.744999885559,2846,-7127,-6401,1639.8316667079926
1673.75,2844,-7128,-6398,1639.8366668224335
1673.7549998760223,2844,-7130,-6394,1639.8416666984558
1673.7599999904633,2846,-7132,-6390,1639.8466668128967
1673.7649998664856,2848,-7132,-6391,1639.851666688919
1673.7699999809265,2851,-7132,-6388,1639.85666680336
1673.7749998569489,2853,-7132,-6384,1639.8616666793823
1673.7799999713898,2852,-7131,-6381,1639.8666667938232
1673.784999847412,2849,-7130,-6382,1639.8716666698456
1673.789999961853,2848,-7129,-6386,1639.8766667842865
1673.7949998378754,2848,-7129,-6390,1639.8816666603088
1673.7999999523165,2849,-7128,-6397,1639.88666677475
1673.8049998283386,2851,-7128,-6402,1639.891666650772
1673.8099999427795,2853,-7128,-6408,1639.896666765213
1673.814999818802,2854,-7129,-6411,1639.9016666412356
1673.8199999332428,2856,-7132,-6410,1639.9066667556763
1673.8249998092651,2858,-7135,-6405,1639.9116666316986
1673.829999923706,2859,-7138,-6397,1639.9166667461395
1673.8349997997284,2860,-7141,-6390,1639.9216666221619
1673.8399999141693,2859,-7143,-6388,1639.9266667366028
1673.8449997901917,2857,-7143,-6388,1639.9316666126251
1673.8499999046326,2856,-7144,-6388,1639.936666727066
1673.854999780655,2858,-7145,-6392,1639.9416666030884
1673.8599998950958,2862,-7144,-6393,1639.9466667175293
1673.8649997711182,2866,-7145,-6394,1639.9516665935516
1673.869999885559,2869,-7144,-6395,1639.9566667079926
1673.875,2870,-7142,-6395,1639.9616668224335
1673.8799998760223,2867,-7139,-6398,1639.9666666984558
1673.8849999904633,2866,-7136,-6399,1639.9716668128967
1673.8899998664856,2867,-7132,-6402,1639.976666688919
1673.8949999809265,2868,-7129,-6404,1639.98166680336
1673.8999998569489,2873,-7126,-6401,1639.9866666793823
1673.9049999713898,2879,-7126,-6400,1639.9916667938232
1673.909999847412,2882,-7127,-6398,1639.9966666698456
1673.914999961853,2886,-7128,-6397,1640.0016667842865
1673.9199998378754,2891,-7129,-6397,1640.0066666603088
1673.9249999523165,2896,-7130,-6399,1640.01166677475
1673.9299998283386,2901,-7131,-6399,1640.016666650772
1673.9349999427795,2909,-7132,-6396,1640.021666765213
1673.939999818802,2915,-7132,-6395,1640.0266666412356
1673.9449999332428,2920,-7132,-6394,1640.0316667556763
1673.9499998092651,2928,-7130,-6392,1640.0366666316986
1673.954999923706,2937,-7127,-6390,1640.0416667461395
1673.9599997997284,2946,-7124,-6389,1640.0466666221619
1673.9649999141693,2958,-7119,-6389,1640.0516667366028
1673.9699997901917,2968,-7112,-6389,1640.0566666126251
1673.9749999046326,2979,-7104,-6389,1640.061666727066
1673.979999780655,2989,-7096,-6385,1640.0666666030884
1673.9849998950958,2999,-7090,-6381,1640.0716667175293
1673.9899997711182,3012,-7084,-6376,1640.0766665935516
1673.994999885559,3026,-7076,-6372,1640.0816667079926
1674.0,3051,-7060,-6375,1640.0866668224335
1674.0049998760223,3072,-7044,-6379,1640.0916666984558
1674.0099999904633,3093,-7028,-6384,1640.0966668128967
1674.0149998664856,3114,-7013,-6388,1640.101666688919
1674.0199999809265,3133,-7000,-6390,1640.10666680336
1674.0249998569489,3154,-6983,-6387,1640.1116666793823
1674.0299999713898,3177,-6966,-6385,1640.1166667938232
1674.034999847412,3199,-6948,-6384,1640.1216666698456
1674.039999961853,3220,-6931,-6385,1640.1266667842865
1674.0449998378754,3239,-6915,-6386,1640.1316666603088
1674.0499999523165,3257,-6897,-6385,1640.13666677475
1674.0549998283386,3273,-6877,-6383,1640.141666650772
1674.0599999427795,3289,-6859,-6382,1640.146666765213
1674.064999818802,3304,-6841,-6383,1640.1516666412356
1674.0699999332428,3316,-6823,-6392,1640.1566667556763
1674.0749998092651,3327,-6807,-6400,1640.1616666316986
1674.079999923706,3335,-6794,-6406,1640.1666667461395
1674.0849997997284,3343,-6783,-6406,1640.1716666221619
1674.0899999141693,3350,-6774,-6403,1640.1766667366028
1674.0949997901917,3356,-6768,-6400,1640.1816666126251
1674.0999999046326,3364,-6764,-6399,1640.186666727066
1674.104999780655,3371,-6762,-6401,1640.1916666030884
1674.1099998950958,3378,-6759,-6401,1640.1966667175293
1674.1149997711182,3382,-6757,-6398,1640.2016665935516
1674.119999885559,3385,-6757,-6393,1640.2066667079926
1674.125,3387,-6757,-6390,1640.2116668224335
1674.1299998760223,3387,-6759,-6389,1640.2166666984558
1674.1349999904633,3386,-6760,-6388,1640.2216668128967
1674.1399998664856,3384,-6762,-6388,1640.226666688919
1674.1449999809265,3380,-6764,-6386,1640.23166680336
1674.1499998569489,3377,-6768,-6383,1640.2366666793823
1674.1549999713898,3376,-6774,-6380,1640.2416667938232
1674.159999847412,3375,-6779,-6380,1640.2466666698456
1674.164999961853,3376,-6785,-6378,1640.2516667842865
1674.1699998378754,3378,-6790,-6371,1640.2566666603088
1674.1749999523165,3376,-6796,-6363,1640.26166677475
1674.1799998283386,3376,-6802,-6356,1640.266666650772
1674.1849999427795,3378,-6808,-6353,1640.271666765213
1674.189999818802,3378,-6814,-6350,1640.2766666412356
1674.1949999332428,3379,-6819,-6345,1640.2816667556763
1674.1999998092651,3380,-6823,-6341,1640.2866666316986
1674.204999923706,3378,-6829,-6338,1640.2916667461395
1674.2099997997284,3375,-6833,-6334,1640.2966666221619
1674.2149999141693,3373,-6835,-6333,1640.3016667366028
1674.2199997901917,3371,-6837,-6334,1640.3066666126251
1674.2249999046326,3371,-6838,-6336,1640.311666727066
1674.229999780655,3373,-6839,-6337,1640.3166666030884
1674.2349998950958,3375,-6842,-6340,1640.3216667175293
1674.2399997711182,3378,-6843,-6342,1640.3266665935516
1674.244999885559,3381,-6843,-6343,1640.3316667079926
1674.25,3387,-6838,-6346,1640.3366668224335
1674.2549998760223,3393,-6832,-6347,1640.3416666984558
1674.2599999904633,3399,-6824,-6346,1640.3466668128967
1674.2649998664856,3405,-6816,-6345,1640.351666688919
1674.2699999809265,3411,-6805,-6343,1640.35666680336
1674.2749998569489,3420,-6794,-6341,1640.3616666793823
1674.2799999713898,3430,-6785,-6339,1640.3666667938232
1674.284999847412,3440,-6775,-6336,1640.3716666698456
1674.289999961853,3449,-6767,-6330,1640.3766667842865
1674.2949998378754,3457,-6761,-6329,1640.3816666603088
1674.2999999523165,3464,-6755,-6326,1640.38666677475
1674.3049998283386,3471,-6750,-6324,1640.391666650772
1674.3099999427795,3475,-6744,-6321,1640.396666765213
1674.314999818802,3479,-6737,-6319,1640.4016666412356
1674.3199999332428,3481,-6732,-6318,1640.4066667556763
1674.3249998092651,3482,-6731,-6316,1640.4116666316986
1674.329999923706,3484,-6732,-6320,1640.4166667461395
1674.3349997997284,3483,-6735,-6324,1640.4216666221619
1674.3399999141693,3482,-6738,-6326,1640.4266667366028
1674.3449997901917,3480,-6741,-6332,1640.4316666126251
1674.3499999046326,3478,-6744,-6336,1640.436666727066
1674.354999780655,3475,-6746,-6340,1640.4416666030884
1674.3599998950958,3471,-6747,-6345,1640.4466667175293
1674.3649997711182,3466,-6750,-6349,1640.4516665935516
1674.369999885559,3461,-6754,-6351,1640.4566667079926
1674.375,3451,-6762,-6348,1640.4616668224335
1674.3799998760223,3442,-6774,-6343,1640.4666666984558
1674.3849999904633,3434,-6786,-6337,1640.4716668128967
1674.3899998664856,3426,-6797,-6330,1640.476666688919
1674.3949999809265,3419,-6807,-6321,1640.48166680336
1674.3999998569489,3412,-6816,-6316,1640.4866666793823
1674.4049999713898,3405,-6825,-6310,1640.4916667938232
1674.409999847412,3396,-6834,-6305,1640.4966666698456
1674.414999961853,3390,-6842,-6300,1640.5016667842865
1674.4199998378754,3386,-6849,-6297,1640.5066666603088
1674.4249999523165,3382,-6854,-6295,1640.51166677475
1674.4299998283386,3379,-6859,-6294,1640.516666650772
1674.4349999427795,3375,-6865,-6295,1640.521666765213
1674.439999818802,3370,-6871,-6296,1640.5266666412356
1674.4449999332428,3366,-6877,-6295,1640.5316667556763
1674.4499998092651,3363,-6882,-6296,1640.5366666316986
1674.454999923706,3362,-6886,-6299,1640.5416667461395
1674.4599997997284,3362,-6889,-6302,1640.5466666221619
1674.4649999141693,3361,-6892,-6304,1640.5516667366028
1674.4699997901917,3359,-6895,-6303,1640.5566666126251
1674.4749999046326,3359,-6898,-6299,1640.561666727066
1674.479999780655,3357,-6900,-6296,1640.5666666030884
1674.4849998950958,3359,-6901,-6295,1640.5716667175293
1674.4899997711182,3362,-6900,-6294,1640.5766665935516
1674.494999885559,3365,-6900,-6297,1640.5816667079926
1674.5,3369,-6897,-6299,1640.5866668224335
1674.5049998760223,3372,-6895,-6302,1640.5916666984558
1674.5099999904633,3375,-6891,-6302,1640.5966668128967
1674.5149998664856,3379,-6887,-6301,1640.601666688919
1674.5199999809265,3385,-6885,-6300,1640.60666680336
1674.5249998569489,3392,-6882,-6297,1640.6116666793823
1674.5299999713898,3396,-6880,-6291,1640.6166667938232
1674.534999847412,3397,-6876,-6286,1640.6216666698456
1674.539999961853,3395,-6872,-6281,1640.6266667842865
1674.5449998378754,3394,-6869,-6279,1640.6316666603088
1674.5499999523165,3394,-6867,-6282,1640.63666677475
1674.5549998283386,3396,-6866,-6284,1640.641666650772
1674.5599999427795,3398,-6865,-6288,1640.646666765213
1674.564999818802,3400,-6867,-6286,1640.6516666412356
1674.5699999332428,3402,-6867,-6289,1640.6566667556763
1674.5749998092651,3404,-6866,-6291,1640.6616666316986
1674.579999923706,3407,-6866,-6296,1640.6666667461395
1674.5849997997284,3411,-6866,-6303,1640.6716666221619
1674.5899999141693,3416,-6867,-6308,1640.6766667366028
1674.5949997901917,3420,-6870,-6316,1640.6816666126251
1674.5999999046326,3421,-6871,-6321,1640.686666727066
1674.604999780655,3420,-6870,-6324,1640.6916666030884
1674.6099998950958,3418,-6868,-6327,1640.6966667175293
1674.6149997711182,3417,-6865,-6328,1640.7016665935516
1674.619999885559,3418,-6862,-6327,1640.7066667079926
1674.625,3420,-6858,-6326,1640.7116668224335
1674.6299998760223,3423,-6858,-6326,1640.7166666984558
1674.6349999904633,3426,-6859,-6324,1640.7216668128967
1674.6399998664856,3428,-6860,-6324,1640.726666688919
1674.6449999809265,3429,-6863,-6324,1640.73166680336
1674.6499998569489,3428,-6865,-6322,1640.7366666793823
1674.6549999713898,3427,-6868,-6319,1640.7416667938232
1674.659999847412,3426,-6870,-6317,1640.7466666698456
1674.664999961853,3426,-6872,-6315,1640.7516667842865
1674.6699998378754,3425,-6872,-6313,1640.7566666603088
1674.6749999523165,3424,-6875,-6310,1640.76166677475
1674.6799998283386,3426,-6877,-6305,1640.766666650772
1674.6849999427795,3429,-6879,-6300,1640.771666765213
1674.689999818802,3431,-6882,-6294,1640.7766666412356
1674.6949999332428,3436,-6881,-6291,1640.7816667556763
1674.6999998092651,3439,-6880,-6289,1640.7866666316986
1674.704999923706,3441,-6879,-6290,1640.7916667461395
1674.7099997997284,3443,-6879,-6293,1640.7966666221619
1674.7149999141693,3444,-6879,-6293,1640.8016667366028
1674.7199997901917,3446,-6879,-6294,1640.8066666126251
1674.7249999046326,3449,-6878,-6294,1640.811666727066
1674.729999780655,3452,-6876,-6293,1640.8166666030884
1674.7349998950958,3453,-6872,-6292,1640.8216667175293
1674.7399997711182,3453,-6868,-6290,1640.8266665935516
1674.744999885559,3453,-6863,-6287,1640.8316667079926
1674.75,3453,-6859,-6286,1640.8366668224335
1674.7549998760223,3453,-6856,-6286,1640.8416666984558
1674.7599999904633,3454,-6852,-6288,1640.8466668128967
1674.7649998664856,3455,-6848,-6293,1640.851666688919
1674.7699999809265,3456,-6842,-6300,1640.85666680336
1674.7749998569489,3458,-6837,-6306,1640.8616666793823
1674.7799999713898,3458,-6833,-6310,1640.8666667938232
1674.784999847412,3456,-6829,-6309,1640.8716666698456
1674.789999961853,3454,-6827,-6306,1640.8766667842865
1674.7949998378754,3454,-6824,-6298,1640.8816666603088
1674.7999999523165,3456,-6822,-6291,1640.88666677475
1674.8049998283386,3459,-6819,-6283,1640.891666650772
1674.8099999427795,3462,-6816,-6278,1640.896666765213
1674.814999818802,3462,-6814,-6277,1640.9016666412356
1674.8199999332428,3462,-6811,-6280,1640.9066667556763
1674.8249998092651,3461,-6810,-6285,1640.9116666316986
1674.829999923706,3461,-6809,-6292,1640.9166667461395
1674.8349997997284,3460,-6809,-6295,1640.9216666221619
1674.8399999141693,3460,-6809,-6296,1640.9266667366028
1674.8449997901917,3461,-6809,-6297,1640.9316666126251
1674.8499999046326,3464,-6809,-6296,1640.936666727066
1674.854999780655,3471,-6808,-6294,1640.9416666030884
1674.8599998950958,3479,-6808,-6292,1640.9466667175293
1674.8649997711182,3484,-6808,-6285,1640.9516665935516
1674.869999885559,3489,-6809,-6279,1640.9566667079926
1674.875,3488,-6810,-6279,1640.9616668224335
1674.8799998760223,3487,-6810,-6283,1640.9666666984558
1674.8849999904633,3488,-6808,-6287,1640.9716668128967
1674.8899998664856,3488,-6804,-6292,1640.976666688919
1674.8949999809265,3491,-6800,-6293,1640.98166680336
1674.8999998569489,3492,-6796,-6294,1640.9866666793823
1674.9049999713898,3495,-6791,-6294,1640.9916667938232
1674.909999847412,3498,-6786,-6295,1640.9966666698456
1674.914999961853,3501,-6782,-6297,1641.0016667842865
1674.9199998378754,3507,-6777,-6302,1641.0066666603088
1674.9249999523165,3512,-6772,-6305,1641.01166677475
1674.9299998283386,3521,-6768,-6309,1641.016666650772
1674.9349999427795,3529,-6764,-6313,1641.021666765213
1674.939999818802,3536,-6760,-6318,1641.0266666412356
1674.9449999332428,3542,-6754,-6319,1641.0316667556763
1674.9499998092651,3547,-6747,-6317,1641.0366666316986
1674.954999923706,3553,-6738,-6312,1641.0416667461395
1674.9599997997284,3562,-6728,-6305,1641.0466666221619
1674.9649999141693,3571,-6717,-6298,1641.0516667366028
1674.9699997901917,3580,-6706,-6295,1641.0566666126251
1674.9749999046326,3589,-6695,-6292,1641.061666727066
1674.979999780655,3595,-6686,-6291,1641.0666666030884
1674.9849998950958,3602,-6675,-6291,1641.0716667175293
1674.9899997711182,3609,-6664,-6293,1641.0766665935516
1674.994999885559,3619,-6653,-6296,1641.0816667079926
1675.0,3627,-6642,-6303,1641.0866668224335
1675.0049998760223,3636,-6632,-6309,1641.0916666984558
1675.0099999904633,3645,-6623,-6315,1641.0966668128967
1675.0149998664856,3652,-6614,-6320,1641.101666688919
1675.0199999809265,3659,-6604,-6323,1641.10666680336
1675.0249998569489,3666,-6594,-6323,1641.1116666793823
1675.0299999713898,3674,-6585,-6323,1641.1166667938232
1675.034999847412,3681,-6580,-6323,1641.1216666698456
1675.039999961853,3689,-6575,-6322,1641.1266667842865
1675.0449998378754,3696,-6573,-6325,1641.1316666603088
1675.0499999523165,3702,-6573,-6332,1641.13666677475
1675.0549998283386,3706,-6572,-6339,1641.141666650772
1675.0599999427795,3706,-6571,-6343,1641.146666765213
1675.064999818802,3707,-6571,-6346,1641.1516666412356
1675.0699999332428,3706,-6572,-6344,1641.1566667556763
1675.0749998092651,3704,-6573,-6338,1641.1616666316986
1675.079999923706,3703,-6577,-6335,1641.1666667461395
1675.0849997997284,3701,-6581,-6331,1641.1716666221619
1675.0899999141693,3697,-6586,-6331,1641.1766667366028
1675.0949997901917,3692,-6592,-6334,1641.1816666126251
1675.0999999046326,3686,-6598,-6333,1641.186666727066
1675.104999780655,3677,-6602,-6332,1641.1916666030884
1675.1099998950958,3670,-6607,-6330,1641.1966667175293
1675.1149997711182,3661,-6615,-6327,1641.2016665935516
1675.119999885559,3654,-6623,-6326,1641.2066667079926
1675.125,3646,-6633,-6328,1641.2116668224335
1675.1299998760223,3639,-6642,-6335,1641.2166666984558
1675.1349999904633,3632,-6651,-6340,1641.2216668128967
1675.1399998664856,3623,-6660,-6344,1641.226666688919
1675.1449999809265,3615,-6669,-6346,1641.23166680336
1675.1499998569489,3606,-6680,-6343,1641.2366666793823
1675.1549999713898,3597,-6690,-6343,1641.2416667938232
1675.159999847412,3589,-6701,-6340,1641.2466666698456
1675.164999961853,3583,-6712,-6341,1641.2516667842865
1675.1699998378754,3575,-6722,-6342,1641.2566666603088
1675.1749999523165,3567,-6733,-6340,1641.26166677475
1675.1799998283386,3558,-6745,-6341,1641.266666650772
1675.1849999427795,3546,-6755,-6339,1641.271666765213
1675.189999818802,3534,-6764,-6338,1641.2766666412356
1675.1949999332428,3521,-6772,-6339,1641.2816667556763
1675.1999998092651,3508,-6778,-6337,1641.2866666316986
1675.204999923706,3495,-6786,-6337,1641.2916667461395
1675.2099997997284,3484,-6793,-6335,1641.2966666221619
1675.2149999141693,3473,-6802,-6330,1641.3016667366028
1675.2199997901917,3463,-6812,-6325,1641.3066666126251
1675.2249999046326,3454,-6824,-6317,1641.311666727066
1675.229999780655,3446,-6835,-6310,1641.3166666030884
1675.2349998950958,3439,-6846,-6305,1641.3216667175293
1675.2399997711182,3435,-6856,-6299,1641.3266665935516
1675.244999885559,3429,-6866,-6293,1641.3316667079926
1675.25,3418,-6879,-6290,1641.3366668224335
1675.2549998760223,3407,-6891,-6284,1641.3416666984558
1675.2599999904633,3395,-6900,-6280,1641.3466668128967
1675.2649998664856,3382,-6906,-6278,1641.351666688919
1675.2699999809265,3373,-6912,-6280,1641.35666680336
1675.2749998569489,3365,-6918,-6282,1641.3616666793823
1675.2799999713898,3359,-6923,-6288,1641.3666667938232
1675.284999847412,3351,-6932,-6292,1641.3716666698456
1675.289999961853,3344,-6941,-6292,1641.3766667842865
1675.2949998378754,3336,-6953,-6291,1641.3816666603088
1675.2999999523165,3326,-6964,-6288,1641.38666677475
1675.3049998283386,3317,-6975,-6285,1641.391666650772
1675.3099999427795,3307,-6986,-6282,1641.396666765213
1675.314999818802,3298,-6994,-6275,1641.4016666412356
1675.3199999332428,3292,-7004,-6269,1641.4066667556763
1675.3249998092651,3283,-7012,-6263,1641.4116666316986
1675.329999923706,3275,-7019,-6255,1641.4166667461395
1675.3349997997284,3267,-7027,-6251,1641.4216666221619
1675.3399999141693,3257,-7034,-6248,1641.4266667366028
1675.3449997901917,3248,-7041,-6244,1641.4316666126251
1675.3499999046326,3238,-7049,-6245,1641.436666727066
1675.354999780655,3228,-7056,-6247,1641.4416666030884
1675.3599998950958,3218,-7064,-6249,1641.4466667175293
1675.3649997711182,3208,-7073,-6250,1641.4516665935516
1675.369999885559,3202,-7081,-6249,1641.4566667079926
1675.375,3193,-7092,-6248,1641.4616668224335
1675.3799998760223,3184,-7104,-6246,1641.4666666984558
1675.3849999904633,3175,-7114,-6242,1641.4716668128967
1675.3899998664856,3161,-7125,-6242,1641.476666688919
1675.3949999809265,3150,-7133,-6240,1641.48166680336
1675.3999998569489,3141,-7142,-6238,1641.4866666793823
1675.4049999713898,3132,-7151,-6237,1641.4916667938232
1675.409999847412,3124,-7159,-6238,1641.4966666698456
1675.414999961853,3116,-7167,-6237,1641.5016667842865
1675.4199998378754,3105,-7177,-6238,1641.5066666603088
1675.4249999523165,3093,-7186,-6233,1641.51166677475
1675.4299998283386,3083,-7195,-6229,1641.516666650772
1675.4349999427795,3075,-7204,-6226,1641.521666765213
1675.439999818802,3067,-7211,-6224,1641.5266666412356
1675.4449999332428,3058,-7216,-6225,1641.5316667556763
1675.4499998092651,3048,-7222,-6226,1641.5366666316986
1675.454999923706,3039,-7228,-6227,1641.5416667461395
1675.4599997997284,3032,-7233,-6228,1641.5466666221619
1675.4649999141693,3026,-7238,-6226,1641.5516667366028
1675.4699997901917,3021,-7244,-6226,1641.5566666126251
1675.4749999046326,3018,-7250,-6228,1641.561666727066
1675.479999780655,3015,-7255,-6228,1641.5666666030884
1675.4849998950958,3013,-7261,-6229,1641.5716667175293
1675.4899997711182,3010,-7264,-6230,1641.5766665935516
1675.494999885559,3005,-7267,-6232,1641.5816667079926
1675.5,3000,-7269,-6234,1641.5866668224335
1675.5049998760223,2996,-7269,-6234,1641.5916666984558
1675.5099999904633,2992,-7270,-6234,1641.5966668128967
1675.5149998664856,2992,-7270,-6230,1641.601666688919
1675.5199999809265,2992,-7272,-6226,1641.60666680336
1675.5249998569489,2992,-7273,-6224,1641.6116666793823
1675.5299999713898,2992,-7274,-6225,1641.6166667938232
1675.534999847412,2992,-7276,-6229,1641.6216666698456
1675.539999961853,2992,-7276,-6230,1641.6266667842865
1675.5449998378754,2991,-7275,-6228,1641.6316666603088
1675.5499999523165,2993,-7277,-6225,1641.63666677475
1675.5549998283386,2995,-7277,-6220,1641.641666650772
1675.5599999427795,2997,-7279,-6217,1641.646666765213
1675.564999818802,3000,-7281,-6217,1641.6516666412356
1675.5699999332428,3003,-7281,-6216,1641.6566667556763
1675.5749998092651,3007,-7280,-6218,1641.6616666316986
1675.579999923706,3010,-7279,-6218,1641.6666667461395
1675.5849997997284,3012,-7278,-6213,1641.6716666221619
1675.5899999141693,3011,-7278,-6213,1641.6766667366028
1675.5949997901917,3011,-7278,-6211,1641.6816666126251
1675.5999999046326,3008,-7280,-6211,1641.686666727066
1675.604999780655,3006,-7281,-6210,1641.6916666030884
1675.6099998950958,3005,-7282,-6208,1641.6966667175293
1675.6149997711182,3004,-7283,-6204,1641.7016665935516
1675.619999885559,3004,-7282,-6204,1641.7066667079926
1675.625,3004,-7281,-6203,1641.7116668224335
1675.6299998760223,3004,-7279,-6204,1641.7166666984558
1675.6349999904633,3005,-7276,-6208,1641.7216668128967
1675.6399998664856,3006,-7274,-6208,1641.726666688919
1675.6449999809265,3005,-7273,-6204,1641.73166680336
1675.6499998569489,3002,-7271,-6199,1641.7366666793823
1675.6549999713898,3001,-7270,-6201,1641.7416667938232
1675.659999847412,3000,-7268,-6204,1641.7466666698456
1675.664999961853,3001,-7267,-6208,1641.7516667842865
1675.6699998378754,3003,-7264,-6209,1641.7566666603088
1675.6749999523165,3004,-7262,-6210,1641.76166677475
1675.6799998283386,3005,-7259,-6209,1641.766666650772
1675.6849999427795,3004,-7256,-6209,1641.771666765213
1675.689999818802,3002,-7254,-6213,1641.7766666412356
1675.6949999332428,2998,-7252,-6216,1641.7816667556763
1675.6999998092651,2996,-7251,-6215,1641.7866666316986
1675.704999923706,2997,-7252,-6214,1641.7916667461395
1675.7099997997284,2999,-7254,-6212,1641.7966666221619
1675.7149999141693,3004,-7256,-6212,1641.8016667366028
1675.7199997901917,3011,-7257,-6212,1641.8066666126251
1675.7249999046326,3014,-7258,-6206,1641.811666727066
1675.729999780655,3017,-7259,-6205,1641.8166666030884
1675.7349998950958,3020,-7259,-6199,1641.8216667175293
1675.7399997711182,3022,-7260,-6199,1641.8266665935516
1675.744999885559,3025,-7260,-6203,1641.8316667079926
1675.75,3028,-7260,-6205,1641.8366668224335
1675.7549998760223,3030,-7260,-6205,1641.8416666984558
1675.7599999904633,3035,-7260,-6208,1641.8466668128967
1675.7649998664856,3037,-7260,-6210,1641.851666688919
1675.7699999809265,3038,-7261,-6209,1641.85666680336
1675.7749998569489,3036,-7260,-6207,1641.8616666793823
1675.7799999713898,3033,-7259,-6204,1641.8666667938232
1675.784999847412,3031,-7259,-6200,1641.8716666698456
1675.789999961853,3028,-7257,-6196,1641.8766667842865
1675.7949998378754,3026,-7254,-6192,1641.8816666603088
1675.7999999523165,3026,-7251,-6186,1641.88666677475
1675.8049998283386,3027,-7249,-6182,1641.891666650772
1675.8099999427795,3027,-7250,-6179,1641.896666765213
1675.814999818802,3026,-7250,-6180,1641.9016666412356
1675.8199999332428,3026,-7251,-6179,1641.9066667556763
1675.8249998092651,3025,-7253,-6183,1641.9116666316986
1675.829999923706,3021,-7255,-6188,1641.9166667461395
1675.8349997997284,3018,-7255,-6193,1641.9216666221619
1675.8399999141693,3014,-7255,-6199,1641.9266667366028
1675.8449997901917,3009,-7255,-6201,1641.9316666126251
1675.8499999046326,3003,-7255,-6204,1641.936666727066
1675.854999780655,3000,-7255,-6206,1641.9416666030884
1675.8599998950958,2995,-7255,-6208,1641.9466667175293
1675.8649997711182,2992,-7256,-6208,1641.9516665935516
1675.869999885559,2989,-7257,-6207,1641.9566667079926
1675.875,2983,-7259,-6203,1641.9616668224335
1675.8799998760223,2979,-7260,-6202,1641.9666666984558
1675.8849999904633,2975,-7263,-6199,1641.9716668128967
1675.8899998664856,2974,-7265,-6196,1641.976666688919
1675.8949999809265,2973,-7267,-6197,1641.98166680336
1675.8999998569489,2970,-7269,-6197,1641.9866666793823
1675.9049999713898,2968,-7267,-6198,1641.9916667938232
1675.909999847412,2965,-7266,-6197,1641.9966666698456
1675.914999961853,2963,-7267,-6197,1642.0016667842865
1675.9199998378754,2963,-7267,-6197,1642.0066666603088
1675.9249999523165,2962,-7269,-6197,1642.01166677475
1675.9299998283386,2959,-7271,-6196,1642.016666650772
1675.9349999427795,2956,-7272,-6197,1642.021666765213
1675.939999818802,2954,-7272,-6197,1642.0266666412356
1675.9449999332428,2952,-7272,-6195,1642.0316667556763
1675.9499998092651,2953,-7271,-6196,1642.0366666316986
1675.954999923706,2953,-7270,-6198,1642.0416667461395
1675.9599997997284,2952,-7270,-6200,1642.0466666221619
1675.9649999141693,2953,-7271,-6204,1642.0516667366028
1675.9699997901917,2953,-7270,-6208,1642.0566666126251
1675.9749999046326,2954,-7270,-6211,1642.061666727066
1675.979999780655,2955,-7270,-6211,1642.0666666030884
1675.9849998950958,2959,-7269,-6213,1642.0716667175293
1675.9899997711182,2962,-7269,-6211,1642.0766665935516
1675.994999885559,2964,-7267,-6213,1642.0816667079926
1676.0,2969,-7269,-6212,1642.0866668224335
1676.0049998760223,2974,-7268,-6211,1642.0916666984558
1676.0099999904633,2978,-7269,-6210,1642.0966668128967
1676.0149998664856,2979,-7268,-6214,1642.101666688919
1676.0199999809265,2980,-7267,-6217,1642.10666680336
1676.0249998569489,2980,-7267,-6222,1642.1116666793823
1676.0299999713898,2983,-7267,-6226,1642.1166667938232
1676.034999847412,2985,-7267,-6230,1642.1216666698456
1676.039999961853,2987,-7269,-6235,1642.1266667842865
1676.0449998378754,2988,-7270,-6240,1642.1316666603088
1676.0499999523165,2989,-7271,-6245,1642.13666677475
1676.0549998283386,2990,-7270,-6249,1642.141666650772
1676.0599999427795,2991,-7269,-6253,1642.146666765213
1676.064999818802,2992,-7267,-6253,1642.1516666412356
1676.0699999332428,2992,-7266,-6254,1642.1566667556763
1676.0749998092651,2990,-7266,-6257,1642.1616666316986
1676.079999923706,2986,-7267,-6259,1642.1666667461395
1676.0849997997284,2979,-7269,-6259,1642.1716666221619
1676.0899999141693,2973,-7271,-6260,1642.1766667366028
1676.0949997901917,2969,-7272,-6260,1642.1816666126251
1676.0999999046326,2966,-7273,-6260,1642.186666727066
1676.104999780655,2961,-7276,-6258,1642.1916666030884
1676.1099998950958,2956,-7277,-6256,1642.1966667175293
1676.1149997711182,2947,-7280,-6254,1642.2016665935516
1676.119999885559,2935,-7283,-6251,1642.2066667079926
1676.125,2927,-7287,-6253,1642.2116668224335
1676.1299998760223,2922,-7292,-6257,1642.2166666984558
1676.1349999904633,2919,-7296,-6256,1642.2216668128967
1676.1399998664856,2914,-7299,-6258,1642.226666688919
1676.1449999809265,2904,-7301,-6259,1642.23166680336
1676.1499998569489,2890,-7306,-6259,1642.2366666793823
1676.1549999713898,2874,-7312,-6261,1642.2416667938232
1676.159999847412,2861,-7318,-6261,1642.2466666698456
1676.164999961853,2851,-7324,-6263,1642.2516667842865
1676.1699998378754,2841,-7329,-6262,1642.2566666603088
1676.1749999523165,2833,-7334,-6256,1642.26166677475
1676.1799998283386,2822,-7339,-6248,1642.266666650772
1676.1849999427795,2809,-7346,-6238,1642.271666765213
1676.189999818802,2796,-7354,-6229,1642.2766666412356
1676.1949999332428,2784,-7361,-6224,1642.2816667556763
1676.1999998092651,2777,-7370,-6217,1642.2866666316986
1676.204999923706,2770,-7376,-6213,1642.2916667461395
1676.2099997997284,2762,-7382,-6212,1642.2966666221619
1676.2149999141693,2752,-7387,-6208,1642.3016667366028
1676.2199997901917,2741,-7391,-6206,1642.3066666126251
1676.2249999046326,2733,-7398,-6203,1642.311666727066
1676.229999780655,2726,-7406,-6200,1642.3166666030884
1676.2349998950958,2721,-7413,-6198,1642.3216667175293
1676.2399997711182,2718,-7420,-6196,1642.3266665935516
1676.244999885559,2715,-7424,-6195,1642.3316667079926
1676.25,2715,-7424,-6197,1642.3366668224335
1676.2549998760223,2717,-7423,-6200,1642.3416666984558
1676.2599999904633,2719,-7422,-6204,1642.3466668128967
1676.2649998664856,2723,-7419,-6208,1642.351666688919
1676.2699999809265,2728,-7416,-6210,1642.35666680336
1676.2749998569489,2732,-7413,-6215,1642.3616666793823
1676.2799999713898,2736,-7410,-6217,1642.3666667938232
1676.284999847412,2742,-7409,-6219,1642.3716666698456
1676.289999961853,2748,-7407,-6221,1642.3766667842865
1676.2949998378754,2755,-7406,-6220,1642.3816666603088
1676.2999999523165,2767,-7404,-6218,1642.38666677475
1676.3049998283386,2777,-7401,-6218,1642.391666650772
1676.3099999427795,2788,-7396,-6216,1642.396666765213
1676.314999818802,2797,-7390,-6213,1642.4016666412356
1676.3199999332428,2806,-7384,-6212,1642.4066667556763
1676.3249998092651,2815,-7376,-6208,1642.4116666316986
1676.329999923706,2825,-7367,-6205,1642.4166667461395
1676.3349997997284,2835,-7357,-6206,1642.4216666221619
1676.3399999141693,2846,-7349,-6208,1642.4266667366028
1676.3449997901917,2856,-7340,-6210,1642.4316666126251
1676.3499999046326,2865,-7332,-6214,1642.436666727066
1676.354999780655,2873,-7324,-6217,1642.4416666030884
1676.3599998950958,2879,-7317,-6221,1642.4466667175293
1676.3649997711182,2883,-7309,-6225,1642.4516665935516
1676.369999885559,2885,-7303,-6224,1642.4566667079926
1676.375,2884,-7297,-6224,1642.4616668224335
1676.3799998760223,2883,-7294,-6224,1642.4666666984558
1676.3849999904633,2882,-7291,-6226,1642.4716668128967
1676.3899998664856,2881,-7290,-6231,1642.476666688919
1676.3949999809265,2879,-7289,-6238,1642.48166680336
1676.3999998569489,2880,-7289,-6240,1642.4866666793823
1676.4049999713898,2879,-7290,-6239,1642.4916667938232
1676.409999847412,2879,-7290,-6239,1642.4966666698456
1676.414999961853,2878,-7291,-6240,1642.5016667842865
1676.4199998378754,2876,-7292,-6245,1642.5066666603088
1676.4249999523165,2873,-7291,-6248,1642.51166677475
1676.4299998283386,2871,-7292,-6250,1642.516666650772
1676.4349999427795,2868,-7292,-6247,1642.521666765213
1676.439999818802,2867,-7293,-6245,1642.5266666412356
1676.4449999332428,2869,-7294,-6245,1642.5316667556763
1676.4499998092651,2870,-7293,-6244,1642.5366666316986
1676.454999923706,2873,-7294,-6251,1642.5416667461395
1676.4599997997284,2876,-7294,-6256,1642.5466666221619
1676.4649999141693,2879,-7293,-6261,1642.5516667366028
1676.4699997901917,2882,-7292,-6262,1642.5566666126251
1676.4749999046326,2884,-7290,-6262,1642.561666727066
1676.479999780655,2887,-7289,-6258,1642.5666666030884
1676.4849998950958,2890,-7289,-6253,1642.5716667175293
1676.4899997711182,2893,-7289,-6252,1642.5766665935516
1676.494999885559,2896,-7289,-6252,1642.5816667079926
1676.5,2900,-7288,-6256,1642.5866668224335
1676.5049998760223,2908,-7285,-6258,1642.5916666984558
1676.5099999904633,2917,-7282,-6261,1642.5966668128967
1676.5149998664856,2927,-7278,-6262,1642.601666688919
1676.5199999809265,2936,-7273,-6260,1642.60666680336
1676.5249998569489,2944,-7266,-6257,1642.6116666793823
1676.5299999713898,2951,-7259,-6254,1642.6166667938232
1676.534999847412,2958,-7252,-6253,1642.6216666698456
1676.539999961853,2968,-7246,-6254,1642.6266667842865
1676.5449998378754,2978,-7241,-6256,1642.6316666603088
1676.5499999523165,2988,-7233,-6258,1642.63666677475
1676.5549998283386,2996,-7226,-6262,1642.641666650772
1676.5599999427795,3005,-7219,-6269,1642.646666765213
1676.564999818802,3013,-7212,-6273,1642.6516666412356
1676.5699999332428,3021,-7205,-6276,1642.6566667556763
1676.5749998092651,3029,-7201,-6279,1642.6616666316986
1676.579999923706,3036,-7197,-6279,1642.6666667461395
1676.5849997997284,3043,-7194,-6280,1642.6716666221619
1676.5899999141693,3049,-7190,-6279,1642.6766667366028
1676.5949997901917,3054,-7186,-6275,1642.6816666126251
1676.5999999046326,3059,-7183,-6267,1642.686666727066
1676.604999780655,3062,-7180,-6261,1642.6916666030884
1676.6099998950958,3063,-7178,-6258,1642.6966667175293
1676.6149997711182,3062,-7175,-6258,1642.7016665935516
1676.619999885559,3057,-7172,-6262,1642.7066667079926
1676.625,3055,-7170,-6265,1642.7116668224335
1676.6299998760223,3052,-7170,-6267,1642.7166666984558
1676.6349999904633,3050,-7169,-6266,1642.7216668128967
1676.6399998664856,3048,-7170,-6263,1642.726666688919
1676.6449999809265,3046,-7169,-6259,1642.73166680336
1676.6499998569489,3042,-7169,-6258,1642.7366666793823
1676.6549999713898,3036,-7170,-6257,1642.7416667938232
1676.659999847412,3032,-7172,-6256,1642.7466666698456
1676.664999961853,3028,-7175,-6258,1642.7516667842865
1676.6699998378754,3024,-7178,-6256,1642.7566666603088
1676.6749999523165,3019,-7180,-6255,1642.76166677475
1676.6799998283386,3016,-7182,-6254,1642.766666650772
1676.6849999427795,3014,-7185,-6251,1642.771666765213
1676.689999818802,3011,-7185,-6253,1642.7766666412356
1676.6949999332428,3008,-7187,-6256,1642.7816667556763
1676.6999998092651,3006,-7187,-6259,1642.7866666316986
1676.704999923706,3005,-7187,-6260,1642.7916667461395
1676.7099997997284,3008,-7187,-6259,1642.7966666221619
1676.7149999141693,3012,-7188,-6258,1642.8016667366028
1676.7199997901917,3015,-7187,-6258,1642.8066666126251
1676.7249999046326,3016,-7188,-6259,1642.811666727066
1676.729999780655,3017,-7187,-6261,1642.8166666030884
1676.7349998950958,3019,-7186,-6263,1642.8216667175293
1676.7399997711182,3022,-7186,-6265,1642.8266665935516
1676.744999885559,3026,-7185,-6266,1642.8316667079926
1676.75,3031,-7185,-6271,1642.8366668224335
1676.7549998760223,3036,-7182,-6273,1642.8416666984558
1676.7599999904633,3038,-7179,-6276,1642.8466668128967
1676.7649998664856,3040,-7175,-6280,1642.851666688919
1676.7699999809265,3040,-7170,-6283,1642.85666680336
1676.7749998569489,3039,-7168,-6284,1642.8616666793823
1676.7799999713898,3042,-7165,-6284,1642.8666667938232
1676.784999847412,3043,-7164,-6280,1642.8716666698456
1676.789999961853,3045,-7161,-6281,1642.8766667842865
1676.7949998378754,3046,-7157,-6285,1642.8816666603088
1676.7999999523165,3046,-7153,-6292,1642.88666677475
1676.8049998283386,3045,-7149,-6298,1642.891666650772
1676.8099999427795,3045,-7145,-6302,1642.896666765213
1676.814999818802,3044,-7142,-6304,1642.9016666412356
1676.8199999332428,3043,-7141,-6304,1642.9066667556763
1676.8249998092651,3042,-7140,-6304,1642.9116666316986
1676.829999923706,3042,-7140,-6306,1642.9166667461395
1676.8349997997284,3044,-7140,-6308,1642.9216666221619
1676.8399999141693,3045,-7140,-6311,1642.9266667366028
1676.8449997901917,3044,-7139,-6314,1642.9316666126251
1676.8499999046326,3046,-7138,-6317,1642.936666727066
1676.854999780655,3048,-7137,-6319,1642.9416666030884
1676.8599998950958,3051,-7137,-6314,1642.9466667175293
1676.8649997711182,3055,-7137,-6309,1642.9516665935516
1676.869999885559,3057,-7137,-6306,1642.9566667079926
1676.875,3056,-7137,-6301,1642.9616668224335
1676.8799998760223,3053,-7136,-6299,1642.9666666984558
1676.8849999904633,3049,-7135,-6298,1642.9716668128967
1676.8899998664856,3044,-7135,-6298,1642.976666688919
1676.8949999809265,3041,-7136,-6299,1642.98166680336
1676.8999998569489,3041,-7137,-6296,1642.9866666793823
1676.9049999713898,3043,-7138,-6293,1642.9916667938232
1676.909999847412,3046,-7138,-6286,1642.9966666698456
1676.914999961853,3046,-7138,-6278,1643.0016667842865
1676.9199998378754,3044,-7137,-6275,1643.0066666603088
1676.9249999523165,3042,-7137,-6277,1643.01166677475
1676.9299998283386,3039,-7137,-6280,1643.016666650772
1676.9349999427795,3039,-7135,-6285,1643.021666765213
1676.939999818802,3041,-7135,-6289,1643.0266666412356
1676.9449999332428,3043,-7132,-6289,1643.0316667556763
1676.9499998092651,3046,-7129,-6294,1643.0366666316986
1676.954999923706,3050,-7127,-6298,1643.0416667461395
1676.9599997997284,3051,-7124,-6305,1643.0466666221619
1676.9649999141693,3053,-7122,-6314,1643.0516667366028
1676.9699997901917,3057,-7123,-6324,1643.0566666126251
1676.9749999046326,3062,-7121,-6329,1643.061666727066
1676.979999780655,3066,-7119,-6330,1643.0666666030884
1676.9849998950958,3070,-7115,-6327,1643.0716667175293
1676.9899997711182,3074,-7110,-6320,1643.0766665935516
1676.994999885559,3078,-7105,-6313,1643.0816667079926
1677.0,3089,-7100,-6308,1643.0866668224335
1677.0049998760223,3100,-7095,-6306,1643.0916666984558
1677.0099999904633,3110,-7092,-6303,1643.0966668128967
1677.0149998664856,3117,-7088,-6301,1643.101666688919
1677.0199999809265,3122,-7085,-6302,1643.10666680336
1677.0249998569489,3127,-7082,-6302,1643.1116666793823
1677.0299999713898,3131,-7078,-6304,1643.1166667938232
1677.034999847412,3136,-7074,-6309,1643.1216666698456
1677.039999961853,3141,-7069,-6314,1643.1266667842865
1677.0449998378754,3148,-7062,-6318,1643.1316666603088
1677.0499999523165,3156,-7056,-6325,1643.13666677475
1677.0549998283386,3163,-7051,-6331,1643.141666650772
1677.0599999427795,3170,-7045,-6337,1643.146666765213
1677.064999818802,3175,-7039,-6340,1643.1516666412356
1677.0699999332428,3179,-7034,-6341,1643.1566667556763
1677.0749998092651,3184,-7029,-6340,1643.1616666316986
1677.079999923706,3187,-7024,-6334,1643.1666667461395
1677.0849997997284,3190,-7021,-6329,1643.1716666221619
1677.0899999141693,3191,-7018,-6325,1643.1766667366028
1677.0949997901917,3191,-7015,-6320,1643.1816666126251
1677.0999999046326,3191,-7014,-6318,1643.186666727066
1677.104999780655,3189,-7013,-6319,1643.1916666030884
1677.1099998950958,3185,-7011,-6318,1643.1966667175293
1677.1149997711182,3180,-7010,-6322,1643.2016665935516
1677.119999885559,3175,-7009,-6323,1643.2066667079926
1677.125,3170,-7010,-6323,1643.2116668224335
1677.1299998760223,3164,-7013,-6324,1643.2166666984558
1677.1349999904633,3157,-7016,-6325,1643.2216668128967
1677.1399998664856,3149,-7020,-6325,1643.226666688919
1677.1449999809265,3143,-7025,-6327,1643.23166680336
1677.1499998569489,3138,-7028,-6322,1643.2366666793823
1677.1549999713898,3135,-7032,-6318,1643.2416667938232
1677.159999847412,3131,-7036,-6315,1643.2466666698456
1677.164999961853,3124,-7040,-6310,1643.2516667842865
1677.1699998378754,3117,-7043,-6306,1643.2566666603088
1677.1749999523165,3109,-7049,-6306,1643.26166677475
1677.1799998283386,3104,-7054,-6306,1643.266666650772
1677.1849999427795,3102,-7057,-6311,1643.271666765213
1677.189999818802,3099,-7061,-6315,1643.2766666412356
1677.1949999332428,3096,-7064,-6318,1643.2816667556763
1677.1999998092651,3093,-7064,-6322,1643.2866666316986
1677.204999923706,3088,-7063,-6324,1643.2916667461395
1677.2099997997284,3084,-7062,-6324,1643.2966666221619
1677.2149999141693,3082,-7060,-6327,1643.3016667366028
1677.2199997901917,3081,-7058,-6329,1643.3066666126251
1677.2249999046326,3082,-7057,-6328,1643.311666727066
1677.229999780655,3083,-7055,-6326,1643.3166666030884
1677.2349998950958,3083,-7054,-6325,1643.3216667175293
1677.2399997711182,3082,-7053,-6324,1643.3266665935516
1677.244999885559,3080,-7054,-6324,1643.3316667079926
1677.25,3082,-7058,-6327,1643.3366668224335
1677.2549998760223,3084,-7059,-6330,1643.3416666984558
1677.2599999904633,3090,-7060,-6335,1643.3466668128967
1677.2649998664856,3096,-7059,-6339,1643.351666688919
1677.2699999809265,3101,-7057,-6341,1643.35666680336
1677.2749998569489,3102,-7054,-6339,1643.3616666793823
1677.2799999713898,3104,-7051,-6333,1643.3666667938232
1677.284999847412,3105,-7049,-6328,1643.3716666698456
1677.289999961853,3109,-7047,-6323,1643.3766667842865
1677.2949998378754,3114,-7045,-6318,1643.3816666603088
1677.2999999523165,3119,-7045,-6314,1643.38666677475
1677.3049998283386,3122,-7046,-6315,1643.391666650772
1677.3099999427795,3121,-7045,-6319,1643.396666765213
1677.314999818802,3120,-7045,-6324,1643.4016666412356
1677.3199999332428,3119,-7045,-6328,1643.4066667556763
1677.3249998092651,3120,-7044,-6329,1643.4116666316986
1677.329999923706,3122,-7043,-6328,1643.4166667461395
1677.3349997997284,3124,-7043,-6328,1643.4216666221619
1677.3399999141693,3126,-7044,-6333,1643.4266667366028
1677.3449997901917,3127,-7044,-6338,1643.4316666126251
1677.3499999046326,3129,-7042,-6340,1643.436666727066
1677.354999780655,3130,-7040,-6341,1643.4416666030884
1677.3599998950958,3130,-7039,-6341,1643.4466667175293
1677.3649997711182,3129,-7041,-6340,1643.4516665935516
1677.369999885559,3128,-7043,-6341,1643.4566667079926
1677.375,3126,-7044,-6342,1643.4616668224335
1677.3799998760223,3126,-7046,-6345,1643.4666666984558
1677.3849999904633,3125,-7048,-6344,1643.4716668128967
1677.3899998664856,3124,-7048,-6343,1643.476666688919
1677.3949999809265,3124,-7049,-6343,1643.48166680336
1677.3999998569489,3123,-7049,-6343,1643.4866666793823
1677.4049999713898,3122,-7048,-6341,1643.4916667938232
1677.409999847412,3122,-7049,-6340,1643.4966666698456
1677.414999961853,3120,-7049,-6338,1643.5016667842865
1677.4199998378754,3119,-7047,-6339,1643.5066666603088
1677.4249999523165,3119,-7048,-6339,1643.51166677475
1677.4299998283386,3118,-7049,-6342,1643.516666650772
1677.4349999427795,3119,-7049,-6348,1643.521666765213
1677.439999818802,3119,-7049,-6353,1643.5266666412356
1677.4449999332428,3118,-7050,-6359,1643.5316667556763
1677.4499998092651,3117,-7050,-6363,1643.5366666316986
1677.454999923706,3115,-7050,-6366,1643.5416667461395
1677.4599997997284,3114,-7052,-6369,1643.5466666221619
1677.4649999141693,3111,-7051,-6368,1643.5516667366028
1677.4699997901917,3109,-7050,-6365,1643.5566666126251
1677.4749999046326,3107,-7049,-6361,1643.561666727066
1677.479999780655,3105,-7049,-6355,1643.5666666030884
1677.4849998950958,3105,-7050,-6352,1643.5716667175293
1677.4899997711182,3104,-7052,-6350,1643.5766665935516
1677.494999885559,3103,-7053,-6351,1643.5816667079926
1677.5,3103,-7055,-6354,1643.5866668224335
1677.5049998760223,3105,-7057,-6360,1643.5916666984558
1677.5099999904633,3107,-7059,-6364,1643.5966668128967
1677.5149998664856,3109,-7061,-6367,1643.601666688919
1677.5199999809265,3109,-7064,-6366,1643.60666680336
1677.5249998569489,3109,-7067,-6364,1643.6116666793823
1677.5299999713898,3111,-7068,-6364,1643.6166667938232
1677.534999847412,3114,-7069,-6363,1643.6216666698456
1677.539999961853,3117,-7070,-6361,1643.6266667842865
1677.5449998378754,3120,-7070,-6359,1643.6316666603088
1677.5499999523165,3119,-7068,-6353,1643.63666677475
1677.5549998283386,3117,-7067,-6348,1643.641666650772
1677.5599999427795,3117,-7065,-6344,1643.646666765213
1677.564999818802,3118,-7065,-6340,1643.6516666412356
1677.5699999332428,3120,-7063,-6334,1643.6566667556763
1677.5749998092651,3124,-7060,-6328,1643.6616666316986
1677.579999923706,3126,-7056,-6322,1643.6666667461395
1677.5849997997284,3127,-7052,-6318,1643.6716666221619
1677.5899999141693,3129,-7046,-6311,1643.6766667366028
1677.5949997901917,3131,-7042,-6304,1643.6816666126251
1677.5999999046326,3135,-7039,-6301,1643.686666727066
1677.604999780655,3140,-7038,-6298,1643.6916666030884
1677.6099998950958,3147,-7038,-6303,1643.6966667175293
1677.6149997711182,3151,-7037,-6310,1643.7016665935516
1677.619999885559,3153,-7034,-6312,1643.7066667079926
1677.625,3154,-7030,-6313,1643.7116668224335
1677.6299998760223,3154,-7027,-6312,1643.7166666984558
1677.6349999904633,3154,-7024,-6312,1643.7216668128967
1677.6399998664856,3155,-7022,-6317,1643.726666688919
1677.6449999809265,3155,-7018,-6322,1643.73166680336
1677.6499998569489,3156,-7017,-6327,1643.7366666793823
1677.6549999713898,3158,-7013,-6327,1643.7416667938232
1677.659999847412,3160,-7010,-6328,1643.7466666698456
1677.664999961853,3162,-7007,-6326,1643.7516667842865
1677.6699998378754,3165,-7004,-6329,1643.7566666603088
1677.6749999523165,3168,-7001,-6335,1643.76166677475
1677.6799998283386,3170,-6998,-6337,1643.766666650772
1677.6849999427795,3174,-6995,-6338,1643.771666765213
1677.689999818802,3179,-6991,-6338,1643.7766666412356
1677.6949999332428,3184,-6987,-6341,1643.7816667556763
1677.6999998092651,3190,-6985,-6345,1643.7866666316986
1677.704999923706,3194,-6983,-6350,1643.7916667461395
1677.7099997997284,3194,-6981,-6357,1643.7966666221619
1677.7149999141693,3193,-6980,-6363,1643.8016667366028
1677.7199997901917,3191,-6979,-6365,1643.8066666126251
1677.7249999046326,3190,-6977,-6365,1643.811666727066
1677.729999780655,3189,-6976,-6365,1643.8166666030884
1677.7349998950958,3188,-6975,-6365,1643.8216667175293
1677.7399997711182,3190,-6972,-6365,1643.8266665935516
1677.744999885559,3191,-6970,-6367,1643.8316667079926
1677.75,3193,-6968,-6369,1643.8366668224335
1677.7549998760223,3192,-6965,-6372,1643.8416666984558
1677.7599999904633,3191,-6963,-6372,1643.8466668128967
1677.7649998664856,3190,-6963,-6370,1643.851666688919
1677.7699999809265,3189,-6964,-6365,1643.85666680336
1677.7749998569489,3189,-6968,-6360,1643.8616666793823
1677.7799999713898,3189,-6969,-6359,1643.8666667938232
1677.784999847412,3188,-6971,-6358,1643.8716666698456
1677.789999961853,3187,-6972,-6355,1643.8766667842865
1677.7949998378754,3184,-6971,-6350,1643.8816666603088
1677.7999999523165,3181,-6971,-6343,1643.88666677475
1677.8049998283386,3181,-6971,-6341,1643.891666650772
1677.8099999427795,3180,-6972,-6342,1643.896666765213
1677.814999818802,3182,-6973,-6344,1643.9016666412356
1677.8199999332428,3183,-6973,-6351,1643.9066667556763
1677.8249998092651,3185,-6972,-6352,1643.9116666316986
1677.829999923706,3187,-6972,-6354,1643.9166667461395
1677.8349997997284,3191,-6972,-6357,1643.9216666221619
1677.8399999141693,3196,-6970,-6357,1643.9266667366028
1677.8449997901917,3200,-6969,-6358,1643.9316666126251
1677.8499999046326,3202,-6966,-6356,1643.936666727066
1677.854999780655,3204,-6965,-6356,1643.9416666030884
1677.8599998950958,3208,-6965,-6359,1643.9466667175293
1677.8649997711182,3213,-6964,-6358,1643.9516665935516
1677.869999885559,3221,-6963,-6357,1643.9566667079926
1677.875,3229,-6961,-6356,1643.9616668224335
1677.8799998760223,3234,-6958,-6359,1643.9666666984558
1677.8849999904633,3238,-6955,-6361,1643.9716668128967
1677.8899998664856,3242,-6951,-6366,1643.976666688919
1677.8949999809265,3248,-6946,-6366,1643.98166680336
1677.8999998569489,3259,-6940,-6366,1643.9866666793823
1677.9049999713898,3271,-6931,-6366,1643.9916667938232
1677.909999847412,3284,-6920,-6362,1643.9966666698456
1677.914999961853,3296,-6908,-6362,1644.0016667842865
1677.9199998378754,3310,-6892,-6359,1644.0066666603088
1677.9249999523165,3326,-6877,-6356,1644.01166677475
1677.9299998283386,3341,-6862,-6357,1644.016666650772
1677.9349999427795,3358,-6847,-6353,1644.021666765213
1677.939999818802,3375,-6834,-6351,1644.0266666412356
1677.9449999332428,3389,-6821,-6351,1644.0316667556763
1677.9499998092651,3403,-6807,-6351,1644.0366666316986
1677.954999923706,3416,-6793,-6355,1644.0416667461395
1677.9599997997284,3428,-6778,-6361,1644.0466666221619
1677.9649999141693,3440,-6764,-6366,1644.0516667366028
1677.9699997901917,3451,-6749,-6367,1644.0566666126251
1677.9749999046326,3459,-6736,-6368,1644.061666727066
1677.979999780655,3464,-6725,-6370,1644.0666666030884
1677.9849998950958,3471,-6713,-6372,1644.0716667175293
1677.9899997711182,3477,-6705,-6375,1644.0766665935516
1677.994999885559,3484,-6697,-6378,1644.0816667079926
1678.0,3489,-6690,-6384,1644.0866668224335
1678.0049998760223,3491,-6684,-6390,1644.0916666984558
1678.0099999904633,3493,-6678,-6394,1644.0966668128967
1678.0149998664856,3495,-6673,-6399,1644.101666688919
1678.0199999809265,3497,-6668,-6403,1644.10666680336
1678.0249998569489,3498,-6666,-6404,1644.1116666793823
1678.0299999713898,3496,-6667,-6405,1644.1166667938232
1678.034999847412,3493,-6671,-6403,1644.1216666698456
1678.039999961853,3489,-6677,-6402,1644.1266667842865
1678.0449998378754,3484,-6681,-6403,1644.1316666603088
1678.0499999523165,3478,-6685,-6404,1644.13666677475
1678.0549998283386,3476,-6686,-6404,1644.141666650772
1678.0599999427795,3473,-6688,-6399,1644.146666765213
1678.064999818802,3470,-6692,-6398,1644.1516666412356
1678.0699999332428,3466,-6698,-6393,1644.1566667556763
1678.0749998092651,3461,-6705,-6388,1644.1616666316986
1678.079999923706,3456,-6713,-6388,1644.1666667461395
1678.0849997997284,3451,-6722,-6386,1644.1716666221619
1678.0899999141693,3445,-6732,-6382,1644.1766667366028
1678.0949997901917,3441,-6742,-6383,1644.1816666126251
1678.0999999046326,3437,-6752,-6376,1644.186666727066
1678.104999780655,3431,-6762,-6375,1644.1916666030884
1678.1099998950958,3428,-6771,-6374,1644.1966667175293
1678.1149997711182,3425,-6778,-6371,1644.2016665935516
1678.119999885559,3421,-6785,-6372,1644.2066667079926
1678.125,3420,-6791,-6374,1644.2116668224335
1678.1299998760223,3417,-6797,-6376,1644.2166666984558
1678.1349999904633,3415,-6801,-6378,1644.2216668128967
1678.1399998664856,3412,-6805,-6376,1644.226666688919
1678.1449999809265,3408,-6808,-6372,1644.23166680336
1678.1499998569489,3405,-6810,-6371,1644.2366666793823
1678.1549999713898,3403,-6810,-6368,1644.2416667938232
1678.159999847412,3401,-6811,-6362,1644.2466666698456
1678.164999961853,3401,-6812,-6362,1644.2516667842865
1678.1699998378754,3401,-6813,-6357,1644.2566666603088
1678.1749999523165,3402,-6817,-6356,1644.26166677475
1678.1799998283386,3403,-6820,-6357,1644.266666650772
1678.1849999427795,3404,-6823,-6353,1644.271666765213
1678.189999818802,3404,-6823,-6354,1644.2766666412356
1678.1949999332428,3404,-6823,-6353,1644.2816667556763
1678.1999998092651,3404,-6825,-6354,1644.2866666316986
1678.204999923706,3404,-6828,-6355,1644.2916667461395
1678.2099997997284,3407,-6830,-6357,1644.2966666221619
1678.2149999141693,3410,-6831,-6362,1644.3016667366028
1678.2199997901917,3413,-6830,-6366,1644.3066666126251
1678.2249999046326,3414,-6830,-6371,1644.311666727066
1678.229999780655,3416,-6830,-6373,1644.3166666030884
1678.2349998950958,3419,-6830,-6372,1644.3216667175293
1678.2399997711182,3421,-6832,-6370,1644.3266665935516
1678.244999885559,3425,-6832,-6368,1644.3316667079926
1678.25,3424,-6832,-6366,1644.3366668224335
1678.2549998760223,3423,-6833,-6365,1644.3416666984558
1678.2599999904633,3425,-6830,-6365,1644.3466668128967
1678.2649998664856,3425,-6829,-6364,1644.351666688919
1678.2699999809265,3429,-6827,-6365,1644.35666680336
1678.2749998569489,3430,-6826,-6359,1644.3616666793823
1678.2799999713898,3429,-6823,-6356,1644.3666667938232
1678.284999847412,3428,-6822,-6354,1644.3716666698456
1678.289999961853,3429,-6822,-6347,1644.3766667842865
1678.2949998378754,3432,-6823,-6344,1644.3816666603088
1678.2999999523165,3434,-6824,-6344,1644.38666677475
1678.3049998283386,3435,-6824,-6340,1644.391666650772
1678.3099999427795,3436,-6824,-6338,1644.396666765213
1678.314999818802,3436,-6824,-6338,1644.4016666412356
1678.3199999332428,3438,-6824,-6337,1644.4066667556763
1678.3249998092651,3439,-6821,-6335,1644.4116666316986
1678.329999923706,3441,-6818,-6337,1644.4166667461395
1678.3349997997284,3441,-6817,-6336,1644.4216666221619
1678.3399999141693,3440,-6817,-6334,1644.4266667366028
1678.3449997901917,3441,-6819,-6335,1644.4316666126251
1678.3499999046326,3441,-6821,-6335,1644.436666727066
1678.354999780655,3440,-6823,-6333,1644.4416666030884
1678.3599998950958,3438,-6823,-6330,1644.4466667175293
1678.3649997711182,3436,-6823,-6331,1644.4516665935516
1678.369999885559,3436,-6824,-6331,1644.4566667079926
1678.375,3439,-6824,-6335,1644.4616668224335
1678.3799998760223,3440,-6825,-6340,1644.4666666984558
1678.3849999904633,3441,-6824,-6341,1644.4716668128967
1678.3899998664856,3442,-6821,-6343,1644.476666688919
1678.3949999809265,3441,-6818,-6342,1644.48166680336
1678.3999998569489,3442,-6817,-6340,1644.4866666793823
1678.4049999713898,3443,-6816,-6339,1644.4916667938232
1678.409999847412,3444,-6817,-6337,1644.4966666698456
1678.414999961853,3442,-6818,-6335,1644.5016667842865
1678.4199998378754,3441,-6817,-6333,1644.5066666603088
1678.4249999523165,3440,-6817,-6334,1644.51166677475
1678.4299998283386,3438,-6818,-6335,1644.516666650772
1678.4349999427795,3439,-6818,-6337,1644.521666765213
1678.439999818802,3438,-6820,-6339,1644.5266666412356
1678.4449999332428,3434,-6822,-6339,1644.5316667556763
1678.4499998092651,3429,-6824,-6338,1644.5366666316986
1678.454999923706,3423,-6827,-6338,1644.5416667461395
1678.4599997997284,3420,-6827,-6340,1644.5466666221619
1678.4649999141693,3417,-6829,-6340,1644.5516667366028
1678.4699997901917,3415,-6829,-6340,1644.5566666126251
1678.4749999046326,3413,-6832,-6336,1644.561666727066
1678.479999780655,3410,-6837,-6334,1644.5666666030884
1678.4849998950958,3405,-6840,-6334,1644.5716667175293
1678.4899997711182,3400,-6845,-6334,1644.5766665935516
1678.494999885559,3395,-6849,-6332,1644.5816667079926
1678.5,3389,-6855,-6329,1644.5866668224335
1678.5049998760223,3384,-6862,-6321,1644.5916666984558
1678.5099999904633,3379,-6870,-6316,1644.5966668128967
1678.5149998664856,3374,-6878,-6312,1644.601666688919
1678.5199999809265,3370,-6887,-6307,1644.60666680336
1678.5249998569489,3365,-6895,-6307,1644.6116666793823
1678.5299999713898,3360,-6904,-6305,1644.6166667938232
1678.534999847412,3355,-6912,-6303,1644.6216666698456
1678.539999961853,3351,-6917,-6304,1644.6266667842865
1678.5449998378754,3347,-6921,-6302,1644.6316666603088
1678.5499999523165,3345,-6922,-6298,1644.63666677475
1678.5549998283386,3344,-6922,-6295,1644.641666650772
1678.5599999427795,3344,-6921,-6297,1644.646666765213
1678.564999818802,3344,-6921,-6298,1644.6516666412356
1678.5699999332428,3343,-6921,-6302,1644.6566667556763
1678.5749998092651,3342,-6921,-6307,1644.6616666316986
1678.579999923706,3339,-6920,-6310,1644.6666667461395
1678.5849997997284,3336,-6918,-6312,1644.6716666221619
1678.5899999141693,3336,-6919,-6314,1644.6766667366028
1678.5949997901917,3336,-6918,-6315,1644.6816666126251
1678.5999999046326,3338,-6918,-6314,1644.686666727066
1678.604999780655,3339,-6916,-6315,1644.6916666030884
1678.6099998950958,3340,-6915,-6314,1644.6966667175293
1678.6149997711182,3341,-6914,-6311,1644.7016665935516
1678.619999885559,3342,-6914,-6311,1644.7066667079926
1678.625,3343,-6916,-6312,1644.7116668224335
1678.6299998760223,3342,-6917,-6316,1644.7166666984558
1678.6349999904633,3341,-6916,-6322,1644.7216668128967
1678.6399998664856,3343,-6915,-6325,1644.726666688919
1678.6449999809265,3345,-6912,-6327,1644.73166680336
1678.6499998569489,3349,-6910,-6326,1644.7366666793823
1678.6549999713898,3352,-6908,-6324,1644.7416667938232
1678.659999847412,3356,-6906,-6324,1644.7466666698456
1678.664999961853,3360,-6907,-6323,1644.7516667842865
1678.6699998378754,3366,-6906,-6323,1644.7566666603088
1678.6749999523165,3374,-6907,-6322,1644.76166677475
1678.6799998283386,3380,-6907,-6316,1644.766666650772
1678.6849999427795,3385,-6907,-6311,1644.771666765213
1678.689999818802,3389,-6907,-6311,1644.7766666412356
1678.6949999332428,3392,-6907,-6314,1644.7816667556763
1678.6999998092651,3395,-6908,-6320,1644.7866666316986
1678.704999923706,3398,-6909,-6324,1644.7916667461395
1678.7099997997284,3403,-6910,-6324,1644.7966666221619
1678.7149999141693,3407,-6911,-6323,1644.8016667366028
1678.7199997901917,3409,-6913,-6320,1644.8066666126251
1678.7249999046326,3409,-6913,-6313,1644.811666727066
1678.729999780655,3409,-6914,-6306,1644.8166666030884
1678.7349998950958,3408,-6915,-6298,1644.8216667175293
1678.7399997711182,3408,-6917,-6294,1644.8266665935516
1678.744999885559,3406,-6921,-6295,1644.8316667079926
1678.75,3403,-6925,-6299,1644.8366668224335
1678.7549998760223,3401,-6929,-6301,1644.8416666984558
1678.7599999904633,3400,-6932,-6297,1644.8466668128967
1678.7649998664856,3399,-6932,-6300,1644.851666688919
1678.7699999809265,3400,-6932,-6301,1644.85666680336
1678.7749998569489,3400,-6933,-6302,1644.8616666793823
1678.7799999713898,3400,-6932,-6302,1644.8666667938232
1678.784999847412,3400,-6934,-6300,1644.8716666698456
1678.789999961853,3398,-6936,-6296,1644.8766667842865
1678.7949998378754,3398,-6940,-6293,1644.8816666603088
1678.7999999523165,3397,-6943,-6293,1644.88666677475
1678.8049998283386,3395,-6944,-6291,1644.891666650772
1678.8099999427795,3395,-6943,-6292,1644.896666765213
1678.814999818802,3393,-6941,-6292,1644.9016666412356
1678.8199999332428,3391,-6939,-6294,1644.9066667556763
1678.8249998092651,3389,-6938,-6296,1644.9116666316986
1678.829999923706,3388,-6937,-6296,1644.9166667461395
1678.8349997997284,3388,-6935,-6295,1644.9216666221619
1678.8399999141693,3387,-6934,-6292,1644.9266667366028
1678.8449997901917,3385,-6933,-6290,1644.9316666126251
1678.8499999046326,3383,-6932,-6290,1644.936666727066
1678.854999780655,3379,-6931,-6293,1644.9416666030884
1678.8599998950958,3374,-6933,-6294,1644.9466667175293
1678.8649997711182,3369,-6934,-6293,1644.9516665935516
1678.869999885559,3366,-6935,-6288,1644.9566667079926
1678.875,3362,-6934,-6280,1644.9616668224335
1678.8799998760223,3358,-6933,-6272,1644.9666666984558
1678.8849999904633,3355,-6933,-6269,1644.9716668128967
1678.8899998664856,3351,-6936,-6266,1644.976666688919
1678.8949999809265,3348,-6939,-6263,1644.98166680336
1678.8999998569489,3344,-6944,-6259,1644.9866666793823
1678.9049999713898,3340,-6950,-6256,1644.9916667938232
1678.909999847412,3336,-6954,-6254,1644.9966666698456
1678.914999961853,3332,-6958,-6252,1645.0016667842865
1678.9199998378754,3328,-6962,-6252,1645.0066666603088
1678.9249999523165,3325,-6963,-6252,1645.01166677475
1678.9299998283386,3322,-6964,-6255,1645.016666650772
1678.9349999427795,3320,-6964,-6260,1645.021666765213
1678.939999818802,3318,-6965,-6263,1645.0266666412356
1678.9449999332428,3316,-6965,-6268,1645.0316667556763
1678.9499998092651,3315,-6966,-6270,1645.0366666316986
1678.954999923706,3315,-6968,-6268,1645.0416667461395
1678.9599997997284,3312,-6971,-6265,1645.0466666221619
1678.9649999141693,3310,-6973,-6262,1645.0516667366028
1678.9699997901917,3307,-6975,-6259,1645.0566666126251
1678.9749999046326,3305,-6978,-6257,1645.061666727066
1678.979999780655,3304,-6982,-6258,1645.0666666030884
1678.9849998950958,3303,-6987,-6258,1645.0716667175293
1678.9899997711182,3302,-6991,-6258,1645.0766665935516
1678.994999885559,3299,-6994,-6261,1645.0816667079926
1679.0,3297,-6996,-6260,1645.0866668224335
1679.0049998760223,3296,-6998,-6258,1645.0916666984558
1679.0099999904633,3296,-6998,-6253,1645.0966668128967
1679.0149998664856,3297,-6996,-6248,1645.101666688919
1679.0199999809265,3298,-6993,-6244,1645.10666680336
1679.0249998569489,3300,-6991,-6242,1645.1116666793823
1679.0299999713898,3303,-6988,-6243,1645.1166667938232
1679.034999847412,3306,-6985,-6242,1645.1216666698456
1679.039999961853,3311,-6983,-6242,1645.1266667842865
1679.0449998378754,3315,-6981,-6241,1645.1316666603088
1679.0499999523165,3319,-6979,-6243,1645.13666677475
1679.0549998283386,3325,-6977,-6248,1645.141666650772
1679.0599999427795,3330,-6973,-6249,1645.146666765213
1679.064999818802,3335,-6968,-6249,1645.1516666412356
1679.0699999332428,3340,-6963,-6248,1645.1566667556763
1679.0749998092651,3345,-6959,-6243,1645.1616666316986
1679.079999923706,3352,-6956,-6240,1645.1666667461395
1679.0849997997284,3357,-6951,-6238,1645.1716666221619
1679.0899999141693,3363,-6948,-6237,1645.1766667366028
1679.0949997901917,3369,-6944,-6239,1645.1816666126251
1679.0999999046326,3375,-6939,-6243,1645.186666727066
1679.104999780655,3381,-6935,-6247,1645.1916666030884
1679.1099998950958,3388,-6930,-6252,1645.1966667175293
1679.1149997711182,3396,-6927,-6253,1645.2016665935516
1679.119999885559,3403,-6924,-6255,1645.2066667079926
1679.125,3407,-6920,-6257,1645.2116668224335
1679.1299998760223,3410,-6915,-6259,1645.2166666984558
1679.1349999904633,3413,-6910,-6265,1645.2216668128967
1679.1399998664856,3414,-6906,-6271,1645.226666688919
1679.1449999809265,3417,-6905,-6275,1645.23166680336
1679.1499998569489,3418,-6904,-6275,1645.2366666793823
1679.1549999713898,3417,-6904,-6277,1645.2416667938232
1679.159999847412,3417,-6903,-6275,1645.2466666698456
1679.164999961853,3416,-6905,-6279,1645.2516667842865
1679.1699998378754,3415,-6907,-6284,1645.2566666603088
1679.1749999523165,3414,-6910,-6282,1645.26166677475
1679.1799998283386,3412,-6912,-6282,1645.266666650772
1679.1849999427795,3409,-6912,-6276,1645.271666765213
1679.189999818802,3408,-6913,-6271,1645.2766666412356
1679.1949999332428,3402,-6914,-6267,1645.2816667556763
1679.1999998092651,3394,-6914,-6263,1645.2866666316986
1679.204999923706,3387,-6915,-6259,1645.2916667461395
1679.2099997997284,3381,-6915,-6255,1645.2966666221619
1679.2149999141693,3375,-6915,-6251,1645.3016667366028
1679.2199997901917,3371,-6918,-6249,1645.3066666126251
1679.2249999046326,3365,-6923,-6250,1645.311666727066
1679.229999780655,3358,-6928,-6250,1645.3166666030884
1679.2349998950958,3353,-6932,-6253,1645.3216667175293
1679.2399997711182,3348,-6936,-6253,1645.3266665935516
1679.244999885559,3344,-6940,-6257,1645.3316667079926
1679.25,3342,-6944,-6260,1645.3366668224335
1679.2549998760223,3340,-6947,-6265,1645.3416666984558
1679.2599999904633,3337,-6951,-6271,1645.3466668128967
1679.2649998664856,3334,-6953,-6276,1645.351666688919
1679.2699999809265,3330,-6955,-6282,1645.35666680336
1679.2749998569489,3328,-6956,-6287,1645.3616666793823
1679.2799999713898,3328,-6957,-6287,1645.3666667938232
1679.284999847412,3328,-6959,-6288,1645.3716666698456
1679.289999961853,3328,-6962,-6289,1645.3766667842865
1679.2949998378754,3326,-6963,-6287,1645.3816666603088
1679.2999999523165,3321,-6965,-6287,1645.38666677475
1679.3049998283386,3317,-6965,-6284,1645.391666650772
1679.3099999427795,3314,-6965,-6283,1645.396666765213
1679.314999818802,3313,-6966,-6285,1645.4016666412356
1679.3199999332428,3312,-6965,-6286,1645.4066667556763
1679.3249998092651,3313,-6967,-6287,1645.4116666316986
1679.329999923706,3311,-6967,-6287,1645.4166667461395
1679.3349997997284,3310,-6965,-6285,1645.4216666221619
1679.3399999141693,3309,-6963,-6282,1645.4266667366028
1679.3449997901917,3307,-6960,-6281,1645.4316666126251
1679.3499999046326,3309,-6958,-6282,1645.436666727066
1679.354999780655,3311,-6957,-6283,1645.4416666030884
1679.3599998950958,3310,-6959,-6283,1645.4466667175293
1679.3649997711182,3309,-6961,-6283,1645.4516665935516
1679.369999885559,3307,-6961,-6282,1645.4566667079926
1679.375,3307,-6962,-6284,1645.4616668224335
1679.3799998760223,3309,-6961,-6289,1645.4666666984558
1679.3849999904633,3312,-6959,-6293,1645.4716668128967
1679.3899998664856,3315,-6958,-6298,1645.476666688919
1679.3949999809265,3317,-6958,-6307,1645.48166680336
1679.3999998569489,3317,-6957,-6312,1645.4866666793823
1679.4049999713898,3319,-6956,-6316,1645.4916667938232
1679.409999847412,3320,-6954,-6320,1645.4966666698456
1679.414999961853,3322,-6951,-6317,1645.5016667842865
1679.4199998378754,3324,-6949,-6313,1645.5066666603088
1679.4249999523165,3326,-6945,-6309,1645.51166677475
1679.4299998283386,3330,-6942,-6307,1645.516666650772
1679.4349999427795,3333,-6937,-6301,1645.521666765213
1679.439999818802,3338,-6932,-6300,1645.5266666412356
1679.4449999332428,3344,-6928,-6298,1645.5316667556763
1679.4499998092651,3349,-6925,-6294,1645.5366666316986
1679.454999923706,3352,-6923,-6292,1645.5416667461395
1679.4599997997284,3355,-6921,-6293,1645.5466666221619
1679.4649999141693,3357,-6919,-6294,1645.5516667366028
1679.4699997901917,3360,-6918,-6296,1645.5566666126251
1679.4749999046326,3367,-6918,-6298,1645.561666727066
1679.479999780655,3372,-6916,-6299,1645.5666666030884
1679.4849998950958,3376,-6911,-6298,1645.5716667175293
1679.4899997711182,3380,-6907,-6297,1645.5766665935516
1679.494999885559,3382,-6903,-6298,1645.5816667079926
1679.5,3384,-6903,-6299,1645.5866668224335
1679.5049998760223,3384,-6904,-6302,1645.5916666984558
1679.5099999904633,3385,-6906,-6303,1645.5966668128967
1679.5149998664856,3386,-6906,-6302,1645.601666688919
1679.5199999809265,3386,-6906,-6300,1645.60666680336
1679.5249998569489,3389,-6907,-6298,1645.6116666793823
1679.5299999713898,3390,-6908,-6297,1645.6166667938232
1679.534999847412,3388,-6911,-6297,1645.6216666698456
1679.539999961853,3386,-6913,-6296,1645.6266667842865
1679.5449998378754,3385,-6916,-6292,1645.6316666603088
1679.5499999523165,3385,-6918,-6291,1645.63666677475
1679.5549998283386,3384,-6918,-6289,1645.641666650772
1679.5599999427795,3383,-6919,-6289,1645.646666765213
1679.564999818802,3380,-6918,-6288,1645.6516666412356
1679.5699999332428,3377,-6917,-6286,1645.6566667556763
1679.5749998092651,3374,-6918,-6284,1645.6616666316986
1679.579999923706,3373,-6917,-6282,1645.6666667461395
1679.5849997997284,3372,-6917,-6284,1645.6716666221619
1679.5899999141693,3371,-6917,-6286,1645.6766667366028
1679.5949997901917,3369,-6916,-6289,1645.6816666126251
1679.5999999046326,3363,-6916,-6290,1645.686666727066
1679.604999780655,3358,-6916,-6290,1645.6916666030884
1679.6099998950958,3354,-6916,-6288,1645.6966667175293
1679.6149997711182,3351,-6916,-6285,1645.7016665935516
1679.619999885559,3347,-6918,-6282,1645.7066667079926
1679.625,3345,-6923,-6279,1645.7116668224335
1679.6299998760223,3340,-6928,-6282,1645.7166666984558
1679.6349999904633,3335,-6935,-6287,1645.7216668128967
1679.6399998664856,3330,-6939,-6289,1645.726666688919
1679.6449999809265,3324,-6942,-6292,1645.73166680336
1679.6499998569489,3317,-6944,-6290,1645.7366666793823
1679.6549999713898,3310,-6946,-6286,1645.7416667938232
1679.659999847412,3304,-6949,-6286,1645.7466666698456
1679.664999961853,3300,-6952,-6287,1645.7516667842865
1679.6699998378754,3297,-6957,-6288,1645.7566666603088
1679.6749999523165,3294,-6961,-6290,1645.76166677475
1679.6799998283386,3290,-6964,-6290,1645.766666650772
1679.6849999427795,3288,-6966,-6288,1645.771666765213
1679.689999818802,3286,-6969,-6284,1645.7766666412356
1679.6949999332428,3285,-6970,-6285,1645.7816667556763
1679.6999998092651,3284,-6972,-6285,1645.7866666316986
1679.704999923706,3282,-6975,-6288,1645.7916667461395
1679.7099997997284,3279,-6977,-6289,1645.7966666221619
1679.7149999141693,3276,-6979,-6291,1645.8016667366028
1679.7199997901917,3273,-6980,-6293,1645.8066666126251
1679.7249999046326,3271,-6981,-6294,1645.811666727066
1679.729999780655,3268,-6981,-6297,1645.8166666030884
1679.7349998950958,3267,-6982,-6301,1645.8216667175293
1679.7399997711182,3265,-6985,-6302,1645.8266665935516
1679.744999885559,3265,-6986,-6304,1645.8316667079926
1679.75,3265,-6988,-6304,1645.8366668224335
1679.7549998760223,3266,-6990,-6303,1645.8416666984558
1679.7599999904633,3268,-6991,-6299,1645.8466668128967
1679.7649998664856,3273,-6992,-6300,1645.851666688919
1679.7699999809265,3277,-6993,-6300,1645.85666680336
1679.7749998569489,3279,-6991,-6299,1645.8616666793823
1679.7799999713898,3282,-6990,-6297,1645.8666667938232
1679.784999847412,3286,-6989,-6290,1645.8716666698456
1679.789999961853,3292,-6988,-6282,1645.8766667842865
1679.7949998378754,3299,-6986,-6273,1645.8816666603088
1679.7999999523165,3305,-6986,-6270,1645.88666677475
1679.8049998283386,3309,-6985,-6271,1645.891666650772
1679.8099999427795,3311,-6985,-6273,1645.896666765213
1679.814999818802,3312,-6984,-6273,1645.9016666412356
1679.8199999332428,3314,-6983,-6271,1645.9066667556763
1679.8249998092651,3316,-6982,-6269,1645.9116666316986
1679.829999923706,3317,-6982,-6267,1645.9166667461395
1679.8349997997284,3317,-6983,-6267,1645.9216666221619
1679.8399999141693,3316,-6985,-6269,1645.9266667366028
1679.8449997901917,3316,-6987,-6270,1645.9316666126251
1679.8499999046326,3318,-6989,-6273,1645.936666727066
1679.854999780655,3321,-6987,-6274,1645.9416666030884
1679.8599998950958,3327,-6985,-6274,1645.9466667175293
1679.8649997711182,3331,-6983,-6273,1645.9516665935516
1679.869999885559,3335,-6980,-6273,1645.9566667079926
1679.875,3336,-6979,-6273,1645.9616668224335
1679.8799998760223,3334,-6979,-6271,1645.9666666984558
1679.8849999904633,3332,-6980,-6268,1645.9716668128967
1679.8899998664856,3330,-6982,-6266,1645.976666688919
1679.8949999809265,3328,-6982,-6269,1645.98166680336
1679.8999998569489,3327,-6982,-6273,1645.9866666793823
1679.9049999713898,3326,-6982,-6280,1645.9916667938232
1679.909999847412,3325,-6982,-6284,1645.9966666698456
1679.914999961853,3323,-6984,-6287,1646.0016667842865
1679.9199998378754,3322,-6987,-6289,1646.0066666603088
1679.9249999523165,3321,-6990,-6287,1646.01166677475
1679.9299998283386,3320,-6993,-6284,1646.016666650772
1679.9349999427795,3317,-6994,-6278,1646.021666765213
1679.939999818802,3313,-6996,-6274,1646.0266666412356
1679.9449999332428,3308,-6997,-6272,1646.0316667556763
1679.9499998092651,3303,-6999,-6269,1646.0366666316986
1679.954999923706,3297,-7002,-6267,1646.0416667461395
1679.9599997997284,3293,-7006,-6265,1646.0466666221619
1679.9649999141693,3286,-7008,-6259,1646.0516667366028
1679.9699997901917,3277,-7012,-6254,1646.0566666126251
1679.9749999046326,3268,-7017,-6252,1646.061666727066
1679.979999780655,3257,-7022,-6250,1646.0666666030884
1679.9849998950958,3247,-7028,-6247,1646.0716667175293
1679.9899997711182,3239,-7034,-6247,1646.0766665935516
1679.994999885559,3230,-7042,-6252,1646.0816667079926
1680.0,3214,-7058,-6251,1646.0866668224335
1680.0049998760223,3197,-7072,-6248,1646.0916666984558
1680.0099999904633,3181,-7086,-6248,1646.0966668128967
1680.0149998664856,3166,-7100,-6249,1646.101666688919
1680.0199999809265,3151,-7114,-6252,1646.10666680336
1680.0249998569489,3130,-7131,-6254,1646.1116666793823
1680.0299999713898,3110,-7147,-6255,1646.1166667938232
1680.034999847412,3088,-7162,-6255,1646.1216666698456
1680.039999961853,3069,-7177,-6255,1646.1266667842865
1680.0449998378754,3050,-7194,-6258,1646.1316666603088
1680.0499999523165,3033,-7207,-6256,1646.13666677475
1680.0549998283386,3017,-7223,-6252,1646.141666650772
1680.0599999427795,3001,-7235,-6246,1646.146666765213
1680.064999818802,2988,-7246,-6241,1646.1516666412356
1680.0699999332428,2976,-7257,-6237,1646.1566667556763
1680.0749998092651,2959,-7268,-6234,1646.1616666316986
1680.079999923706,2945,-7281,-6231,1646.1666667461395
1680.0849997997284,2929,-7295,-6227,1646.1716666221619
1680.0899999141693,2913,-7306,-6223,1646.1766667366028
1680.0949997901917,2900,-7317,-6217,1646.1816666126251
1680.0999999046326,2885,-7328,-6215,1646.186666727066
1680.104999780655,2872,-7337,-6212,1646.1916666030884
1680.1099998950958,2860,-7346,-6211,1646.1966667175293
1680.1149997711182,2851,-7355,-6214,1646.2016665935516
1680.119999885559,2842,-7362,-6213,1646.2066667079926
1680.125,2832,-7368,-6210,1646.2116668224335
1680.1299998760223,2823,-7375,-6207,1646.2166666984558
1680.1349999904633,2815,-7380,-6205,1646.2216668128967
1680.1399998664856,2808,-7386,-6200,1646.226666688919
1680.1449999809265,2804,-7390,-6196,1646.23166680336
1680.1499998569489,2802,-7393,-6193,1646.2366666793823
1680.1549999713898,2799,-7395,-6194,1646.2416667938232
1680.159999847412,2793,-7398,-6197,1646.2466666698456
1680.164999961853,2788,-7399,-6199,1646.2516667842865
1680.1699998378754,2781,-7401,-6203,1646.2566666603088
1680.1749999523165,2776,-7402,-6201,1646.26166677475
1680.1799998283386,2771,-7404,-6197,1646.266666650772
1680.1849999427795,2767,-7407,-6195,1646.271666765213
1680.189999818802,2763,-7409,-6195,1646.2766666412356
1680.1949999332428,2759,-7412,-6198,1646.2816667556763
1680.1999998092651,2756,-7412,-6202,1646.2866666316986
1680.204999923706,2753,-7412,-6202,1646.2916667461395
1680.2099997997284,2748,-7413,-6200,1646.2966666221619
1680.2149999141693,2745,-7414,-6195,1646.3016667366028
1680.2199997901917,2742,-7415,-6190,1646.3066666126251
1680.2249999046326,2738,-7418,-6191,1646.311666727066
1680.229999780655,2731,-7422,-6190,1646.3166666030884
1680.2349998950958,2723,-7426,-6192,1646.3216667175293
1680.2399997711182,2714,-7434,-6195,1646.3266665935516
1680.244999885559,2708,-7440,-6195,1646.3316667079926
1680.25,2701,-7444,-6200,1646.3366668224335
1680.2549998760223,2694,-7448,-6205,1646.3416666984558
1680.2599999904633,2687,-7452,-6207,1646.3466668128967
1680.2649998664856,2675,-7455,-6207,1646.351666688919
1680.2699999809265,2663,-7460,-6207,1646.35666680336
1680.2749998569489,2652,-7466,-6204,1646.3616666793823
1680.2799999713898,2643,-7472,-6198,1646.3666667938232
1680.284999847412,2635,-7478,-6194,1646.3716666698456
1680.289999961853,2627,-7485,-6189,1646.3766667842865
1680.2949998378754,2618,-7490,-6184,1646.3816666603088
1680.2999999523165,2607,-7497,-6183,1646.38666677475
1680.3049998283386,2597,-7504,-6182,1646.391666650772
1680.3099999427795,2586,-7509,-6183,1646.396666765213
1680.314999818802,2573,-7515,-6182,1646.4016666412356
1680.3199999332428,2561,-7520,-6184,1646.4066667556763
1680.3249998092651,2548,-7525,-6180,1646.4116666316986
1680.329999923706,2533,-7532,-6177,1646.4166667461395
1680.3349997997284,2522,-7536,-6175,1646.4216666221619
1680.3399999141693,2517,-7541,-6170,1646.4266667366028
1680.3449997901917,2511,-7545,-6168,1646.4316666126251
1680.3499999046326,2508,-7548,-6166,1646.436666727066
1680.354999780655,2499,-7553,-6162,1646.4416666030884
1680.3599998950958,2487,-7557,-6158,1646.4466667175293
1680.3649997711182,2476,-7560,-6155,1646.4516665935516
1680.369999885559,2466,-7564,-6154,1646.4566667079926
1680.375,2457,-7568,-6153,1646.4616668224335
1680.3799998760223,2451,-7569,-6152,1646.4666666984558
1680.3849999904633,2444,-7571,-6155,1646.4716668128967
1680.3899998664856,2438,-7573,-6156,1646.476666688919
1680.3949999809265,2435,-7576,-6157,1646.48166680336
1680.3999998569489,2434,-7578,-6159,1646.4866666793823
1680.4049999713898,2431,-7580,-6159,1646.4916667938232
1680.409999847412,2425,-7581,-6159,1646.4966666698456
1680.414999961853,2420,-7582,-6156,1646.5016667842865
1680.4199998378754,2414,-7582,-6153,1646.5066666603088
1680.4249999523165,2409,-7583,-6149,1646.51166677475
1680.4299998283386,2406,-7584,-6145,1646.516666650772
1680.4349999427795,2402,-7586,-6142,1646.521666765213
1680.439999818802,2400,-7588,-6139,1646.5266666412356
1680.4449999332428,2401,-7590,-6136,1646.5316667556763
1680.4499998092651,2403,-7589,-6134,1646.5366666316986
1680.454999923706,2407,-7588,-6134,1646.5416667461395
1680.4599997997284,2411,-7586,-6133,1646.5466666221619
1680.4649999141693,2417,-7582,-6134,1646.5516667366028
1680.4699997901917,2423,-7577,-6135,1646.5566666126251
1680.4749999046326,2431,-7571,-6134,1646.561666727066
1680.479999780655,2438,-7566,-6137,1646.5666666030884
1680.4849998950958,2446,-7562,-6138,1646.5716667175293
1680.4899997711182,2454,-7559,-6138,1646.5766665935516
1680.494999885559,2464,-7556,-6137,1646.5816667079926
1680.5,2474,-7556,-6136,1646.5866668224335
1680.5049998760223,2483,-7554,-6137,1646.5916666984558
1680.5099999904633,2494,-7554,-6141,1646.5966668128967
1680.5149998664856,2506,-7553,-6147,1646.601666688919
1680.5199999809265,2517,-7551,-6154,1646.60666680336
1680.5249998569489,2530,-7547,-6161,1646.6116666793823
1680.5299999713898,2542,-7541,-6163,1646.6166667938232
1680.534999847412,2552,-7533,-6164,1646.6216666698456
1680.539999961853,2563,-7527,-6163,1646.6266667842865
1680.5449998378754,2576,-7520,-6161,1646.6316666603088
1680.5499999523165,2591,-7511,-6160,1646.63666677475
1680.5549998283386,2610,-7503,-6167,1646.641666650772
1680.5599999427795,2629,-7492,-6171,1646.646666765213
1680.564999818802,2649,-7480,-6174,1646.6516666412356
1680.5699999332428,2666,-7469,-6177,1646.6566667556763
1680.5749998092651,2681,-7455,-6173,1646.6616666316986
1680.579999923706,2696,-7442,-6170,1646.6666667461395
1680.5849997997284,2708,-7431,-6170,1646.6716666221619
1680.5899999141693,2718,-7422,-6173,1646.6766667366028
1680.5949997901917,2729,-7413,-6179,1646.6816666126251
1680.5999999046326,2739,-7406,-6185,1646.686666727066
1680.604999780655,2748,-7399,-6189,1646.6916666030884
1680.6099998950958,2757,-7392,-6193,1646.6966667175293
1680.6149997711182,2766,-7387,-6199,1646.7016665935516
1680.619999885559,2774,-7384,-6203,1646.7066667079926
1680.625,2779,-7381,-6212,1646.7116668224335
1680.6299998760223,2783,-7377,-6216,1646.7166666984558
1680.6349999904633,2783,-7375,-6217,1646.7216668128967
1680.6399998664856,2782,-7372,-6214,1646.726666688919
1680.6449999809265,2783,-7371,-6210,1646.73166680336
1680.6499998569489,2782,-7370,-6208,1646.7366666793823
1680.6549999713898,2784,-7370,-6207,1646.7416667938232
1680.659999847412,2784,-7370,-6205,1646.7466666698456
1680.664999961853,2784,-7369,-6204,1646.7516667842865
1680.6699998378754,2785,-7370,-6202,1646.7566666603088
1680.6749999523165,2785,-7369,-6203,1646.76166677475
1680.6799998283386,2785,-7367,-6205,1646.766666650772
1680.6849999427795,2785,-7367,-6209,1646.771666765213
1680.689999818802,2783,-7368,-6212,1646.7766666412356
1680.6949999332428,2784,-7368,-6210,1646.7816667556763
1680.6999998092651,2783,-7369,-6204,1646.7866666316986
1680.704999923706,2779,-7369,-6195,1646.7916667461395
1680.7099997997284,2775,-7367,-6193,1646.7966666221619
1680.7149999141693,2772,-7365,-6193,1646.8016667366028
1680.7199997901917,2774,-7364,-6195,1646.8066666126251
1680.7249999046326,2780,-7364,-6201,1646.811666727066
1680.729999780655,2784,-7366,-6202,1646.8166666030884
1680.7349998950958,2785,-7367,-6205,1646.8216667175293
1680.7399997711182,2783,-7370,-6208,1646.8266665935516
1680.744999885559,2782,-7372,-6212,1646.8316667079926
1680.75,2781,-7372,-6218,1646.8366668224335
1680.7549998760223,2783,-7372,-6224,1646.8416666984558
1680.7599999904633,2785,-7371,-6231,1646.8466668128967
1680.7649998664856,2787,-7368,-6236,1646.851666688919
1680.7699999809265,2789,-7365,-6241,1646.85666680336
1680.7749998569489,2786,-7360,-6245,1646.8616666793823
1680.7799999713898,2785,-7360,-6248,1646.8666667938232
1680.784999847412,2782,-7357,-6247,1646.8716666698456
1680.789999961853,2779,-7355,-6246,1646.8766667842865
1680.7949998378754,2780,-7355,-6246,1646.8816666603088
1680.7999999523165,2782,-7354,-6248,1646.88666677475
1680.8049998283386,2785,-7353,-6249,1646.891666650772
1680.8099999427795,2788,-7351,-6252,1646.896666765213
1680.814999818802,2787,-7350,-6253,1646.9016666412356
1680.8199999332428,2789,-7349,-6257,1646.9066667556763
1680.8249998092651,2789,-7349,-6260,1646.9116666316986
1680.829999923706,2792,-7350,-6261,1646.9166667461395
1680.8349997997284,2796,-7348,-6263,1646.9216666221619
1680.8399999141693,2801,-7347,-6262,1646.9266667366028
1680.8449997901917,2803,-7347,-6259,1646.9316666126251
1680.8499999046326,2803,-7346,-6256,1646.936666727066
1680.854999780655,2804,-7346,-6253,1646.9416666030884
1680.8599998950958,2804,-7345,-6251,1646.9466667175293
1680.8649997711182,2806,-7344,-6250,1646.9516665935516
1680.869999885559,2806,-7342,-6249,1646.9566667079926
1680.875,2802,-7340,-6252,1646.9616668224335
1680.8799998760223,2802,-7339,-6254,1646.9666666984558
1680.8849999904633,2804,-7337,-6257,1646.9716668128967
1680.8899998664856,2808,-7337,-6255,1646.976666688919
1680.8949999809265,2814,-7335,-6252,1646.98166680336
1680.8999998569489,2819,-7332,-6249,1646.9866666793823
1680.9049999713898,2820,-7333,-6245,1646.9916667938232
1680.909999847412,2820,-7334,-6242,1646.9966666698456
1680.914999961853,2818,-7337,-6240,1647.0016667842865
1680.9199998378754,2818,-7341,-6240,1647.0066666603088
1680.9249999523165,2821,-7341,-6241,1647.01166677475
1680.9299998283386,2822,-7341,-6244,1647.016666650772
1680.9349999427795,2824,-7341,-6248,1647.021666765213
1680.939999818802,2825,-7342,-6251,1647.0266666412356
1680.9449999332428,2824,-7344,-6249,1647.0316667556763
1680.9499998092651,2823,-7347,-6245,1647.0366666316986
1680.954999923706,2819,-7348,-6241,1647.0416667461395
1680.9599997997284,2815,-7350,-6237,1647.0466666221619
1680.9649999141693,2812,-7352,-6234,1647.0516667366028
1680.9699997901917,2810,-7353,-6236,1647.0566666126251
1680.9749999046326,2808,-7351,-6239,1647.061666727066
1680.979999780655,2804,-7350,-6241,1647.0666666030884
1680.9849998950958,2801,-7350,-6243,1647.0716667175293
1680.9899997711182,2800,-7350,-6243,1647.0766665935516
1680.994999885559,2798,-7351,-6241,1647.0816667079926
1681.0,2800,-7352,-6241,1647.0866668224335
1681.0049998760223,2800,-7352,-6242,1647.0916666984558
1681.0099999904633,2796,-7352,-6241,1647.0966668128967
1681.0149998664856,2791,-7352,-6237,1647.101666688919
1681.0199999809265,2785,-7351,-6235,1647.10666680336
1681.0249998569489,2780,-7350,-6232,1647.1116666793823
1681.0299999713898,2775,-7348,-6228,1647.1166667938232
1681.034999847412,2773,-7346,-6223,1647.1216666698456
1681.039999961853,2773,-7345,-6222,1647.1266667842865
1681.0449998378754,2775,-7344,-6222,1647.1316666603088
1681.0499999523165,2777,-7346,-6221,1647.13666677475
1681.0549998283386,2781,-7346,-6220,1647.141666650772
1681.0599999427795,2787,-7347,-6217,1647.146666765213
1681.064999818802,2790,-7345,-6215,1647.1516666412356
1681.0699999332428,2791,-7344,-6215,1647.1566667556763
1681.0749998092651,2788,-7344,-6218,1647.1616666316986
1681.079999923706,2785,-7344,-6216,1647.1666667461395
1681.0849997997284,2785,-7345,-6217,1647.1716666221619
1681.0899999141693,2785,-7345,-6216,1647.1766667366028
1681.0949997901917,2788,-7343,-6211,1647.1816666126251
1681.0999999046326,2789,-7342,-6211,1647.186666727066
1681.104999780655,2789,-7342,-6212,1647.1916666030884
1681.1099998950958,2790,-7344,-6215,1647.1966667175293
1681.1149997711182,2790,-7346,-6215,1647.2016665935516
1681.119999885559,2790,-7350,-6216,1647.2066667079926
1681.125,2791,-7353,-6218,1647.2116668224335
1681.1299998760223,2791,-7353,-6219,1647.2166666984558
1681.1349999904633,2790,-7354,-6221,1647.2216668128967
1681.1399998664856,2788,-7355,-6224,1647.226666688919
1681.1449999809265,2785,-7355,-6223,1647.23166680336
1681.1499998569489,2783,-7355,-6220,1647.2366666793823
1681.1549999713898,2782,-7355,-6219,1647.2416667938232
1681.159999847412,2779,-7355,-6217,1647.2466666698456
1681.164999961853,2776,-7355,-6214,1647.2516667842865
1681.1699998378754,2774,-7355,-6214,1647.2566666603088
1681.1749999523165,2773,-7354,-6218,1647.26166677475
1681.1799998283386,2777,-7352,-6221,1647.266666650772
1681.1849999427795,2780,-7351,-6229,1647.271666765213
1681.189999818802,2786,-7349,-6234,1647.2766666412356
1681.1949999332428,2792,-7346,-6239,1647.2816667556763
1681.1999998092651,2796,-7345,-6239,1647.2866666316986
1681.204999923706,2799,-7345,-6237,1647.2916667461395
1681.2099997997284,2802,-7345,-6236,1647.2966666221619
1681.2149999141693,2802,-7346,-6236,1647.3016667366028
1681.2199997901917,2800,-7348,-6238,1647.3066666126251
1681.2249999046326,2800,-7346,-6240,1647.311666727066
1681.229999780655,2800,-7347,-6241,1647.3166666030884
1681.2349998950958,2805,-7346,-6239,1647.3216667175293
1681.2399997711182,2811,-7348,-6235,1647.3266665935516
1681.244999885559,2817,-7350,-6232,1647.3316667079926
1681.25,2820,-7350,-6227,1647.3366668224335
1681.2549998760223,2823,-7348,-6220,1647.3416666984558
1681.2599999904633,2823,-7346,-6214,1647.3466668128967
1681.2649998664856,2822,-7342,-6211,1647.351666688919
1681.2699999809265,2824,-7337,-6210,1647.35666680336
1681.2749998569489,2827,-7333,-6209,1647.3616666793823
1681.2799999713898,2828,-7330,-6211,1647.3666667938232
1681.284999847412,2827,-7328,-6211,1647.3716666698456
1681.289999961853,2824,-7329,-6208,1647.3766667842865
1681.2949998378754,2820,-7329,-6208,1647.3816666603088
1681.2999999523165,2818,-7327,-6209,1647.38666677475
1681.3049998283386,2819,-7325,-6215,1647.391666650772
1681.3099999427795,2821,-7323,-6221,1647.396666765213
1681.314999818802,2822,-7322,-6222,1647.4016666412356
1681.3199999332428,2823,-7321,-6220,1647.4066667556763
1681.3249998092651,2822,-7320,-6215,1647.4116666316986
1681.329999923706,2822,-7319,-6211,1647.4166667461395
1681.3349997997284,2822,-7318,-6209,1647.4216666221619
1681.3399999141693,2822,-7317,-6210,1647.4266667366028
1681.3449997901917,2823,-7316,-6209,1647.4316666126251
1681.3499999046326,2821,-7316,-6213,1647.436666727066
1681.354999780655,2821,-7317,-6217,1647.4416666030884
1681.3599998950958,2819,-7317,-6220,1647.4466667175293
1681.3649997711182,2817,-7318,-6224,1647.4516665935516
1681.369999885559,2815,-7319,-6225,1647.4566667079926
1681.375,2812,-7319,-6222,1647.4616668224335
1681.3799998760223,2809,-7318,-6222,1647.4666666984558
1681.3849999904633,2806,-7318,-6221,1647.4716668128967
1681.3899998664856,2804,-7320,-6225,1647.476666688919
1681.3949999809265,2804,-7322,-6222,1647.48166680336
1681.3999998569489,2807,-7324,-6220,1647.4866666793823
1681.4049999713898,2810,-7325,-6218,1647.4916667938232
1681.409999847412,2815,-7323,-6210,1647.4966666698456
1681.414999961853,2821,-7324,-6209,1647.5016667842865
1681.4199998378754,2828,-7324,-6211,1647.5066666603088
1681.4249999523165,2834,-7323,-6208,1647.51166677475
1681.4299998283386,2840,-7320,-6206,1647.516666650772
1681.4349999427795,2845,-7317,-6206,1647.521666765213
1681.439999818802,2851,-7313,-6204,1647.5266666412356
1681.4449999332428,2858,-7309,-6201,1647.5316667556763
1681.4499998092651,2869,-7306,-6199,1647.5366666316986
1681.454999923706,2880,-7303,-6197,1647.5416667461395
1681.4599997997284,2892,-7301,-6198,1647.5466666221619
1681.4649999141693,2904,-7296,-6203,1647.5516667366028
1681.4699997901917,2915,-7290,-6209,1647.5566666126251
1681.4749999046326,2930,-7281,-6214,1647.561666727066
1681.479999780655,2946,-7271,-6221,1647.5666666030884
1681.4849998950958,2960,-7263,-6225,1647.5716667175293
1681.4899997711182,2976,-7251,-6230,1647.5766665935516
1681.494999885559,2991,-7241,-6232,1647.5816667079926
1681.5,3007,-7229,-6233,1647.5866668224335
1681.5049998760223,3026,-7217,-6233,1647.5916666984558
1681.5099999904633,3045,-7205,-6232,1647.5966668128967
1681.5149998664856,3065,-7190,-6234,1647.601666688919
1681.5199999809265,3085,-7176,-6233,1647.60666680336
1681.5249998569489,3104,-7159,-6233,1647.6116666793823
1681.5299999713898,3125,-7141,-6235,1647.6166667938232
1681.534999847412,3146,-7125,-6238,1647.6216666698456
1681.539999961853,3167,-7106,-6242,1647.6266667842865
1681.5449998378754,3190,-7085,-6247,1647.6316666603088
1681.5499999523165,3212,-7066,-6252,1647.63666677475
1681.5549998283386,3233,-7044,-6259,1647.641666650772
1681.5599999427795,3253,-7026,-6265,1647.646666765213
1681.564999818802,3271,-7009,-6270,1647.6516666412356
1681.5699999332428,3290,-6991,-6274,1647.6566667556763
1681.5749998092651,3308,-6974,-6276,1647.6616666316986
1681.579999923706,3323,-6958,-6279,1647.6666667461395
1681.5849997997284,3339,-6943,-6283,1647.6716666221619
1681.5899999141693,3353,-6928,-6283,1647.6766667366028
1681.5949997901917,3365,-6915,-6283,1647.6816666126251
1681.5999999046326,3377,-6902,-6281,1647.686666727066
1681.604999780655,3387,-6890,-6281,1647.6916666030884
1681.6099998950958,3394,-6880,-6284,1647.6966667175293
1681.6149997711182,3400,-6870,-6289,1647.7016665935516
1681.619999885559,3406,-6860,-6288,1647.7066667079926
1681.625,3414,-6852,-6288,1647.7116668224335
1681.6299998760223,3418,-6846,-6290,1647.7166666984558
1681.6349999904633,3421,-6840,-6292,1647.7216668128967
1681.6399998664856,3423,-6836,-6296,1647.726666688919
1681.6449999809265,3424,-6830,-6298,1647.73166680336
1681.6499998569489,3426,-6827,-6295,1647.7366666793823
1681.6549999713898,3429,-6827,-6291,1647.7416667938232
1681.659999847412,3431,-6829,-6289,1647.7466666698456
1681.664999961853,3431,-6830,-6291,1647.7516667842865
1681.6699998378754,3429,-6830,-6296,1647.7566666603088
1681.6749999523165,3429,-6828,-6302,1647.76166677475
1681.6799998283386,3431,-6825,-6307,1647.766666650772
1681.6849999427795,3433,-6822,-6311,1647.771666765213
1681.689999818802,3435,-6822,-6310,1647.7766666412356
1681.6949999332428,3436,-6826,-6310,1647.7816667556763
1681.6999998092651,3436,-6833,-6308,1647.7866666316986
1681.704999923706,3435,-6841,-6301,1647.7916667461395
1681.7099997997284,3434,-6849,-6294,1647.7966666221619
1681.7149999141693,3432,-6855,-6289,1647.8016667366028
1681.7199997901917,3430,-6861,-6283,1647.8066666126251
1681.7249999046326,3428,-6866,-6281,1647.811666727066
1681.729999780655,3425,-6868,-6281,1647.8166666030884
1681.7349998950958,3422,-6870,-6279,1647.8216667175293
1681.7399997711182,3419,-6872,-6276,1647.8266665935516
1681.744999885559,3417,-6873,-6272,1647.8316667079926
1681.75,3412,-6877,-6271,1647.8366668224335
1681.7549998760223,3406,-6880,-6275,1647.8416666984558
1681.7599999904633,3401,-6883,-6278,1647.8466668128967
1681.7649998664856,3398,-6888,-6283,1647.851666688919
1681.7699999809265,3395,-6891,-6285,1647.85666680336
1681.7749998569489,3393,-6893,-6284,1647.8616666793823
1681.7799999713898,3391,-6896,-6283,1647.8666667938232
1681.784999847412,3391,-6896,-6279,1647.8716666698456
1681.789999961853,3390,-6897,-6276,1647.8766667842865
1681.7949998378754,3390,-6901,-6274,1647.8816666603088
1681.7999999523165,3391,-6902,-6273,1647.88666677475
1681.8049998283386,3390,-6905,-6274,1647.891666650772
1681.8099999427795,3388,-6907,-6275,1647.896666765213
1681.814999818802,3389,-6908,-6275,1647.9016666412356
1681.8199999332428,3390,-6910,-6275,1647.9066667556763
1681.8249998092651,3395,-6911,-6271,1647.9116666316986
1681.829999923706,3398,-6912,-6268,1647.9166667461395
1681.8349997997284,3401,-6912,-6264,1647.9216666221619
1681.8399999141693,3405,-6909,-6264,1647.9266667366028
1681.8449997901917,3413,-6907,-6265,1647.9316666126251
1681.8499999046326,3420,-6903,-6269,1647.936666727066
1681.854999780655,3426,-6901,-6274,1647.9416666030884
1681.8599998950958,3432,-6898,-6277,1647.9466667175293
1681.8649997711182,3438,-6893,-6280,1647.9516665935516
1681.869999885559,3443,-6889,-6281,1647.9566667079926
1681.875,3450,-6885,-6277,1647.9616668224335
1681.8799998760223,3457,-6880,-6274,1647.9666666984558
1681.8849999904633,3461,-6875,-6270,1647.9716668128967
1681.8899998664856,3465,-6869,-6267,1647.976666688919
1681.8949999809265,3467,-6863,-6269,1647.98166680336
1681.8999998569489,3471,-6856,-6270,1647.9866666793823
1681.9049999713898,3476,-6851,-6270,1647.9916667938232
1681.909999847412,3480,-6847,-6271,1647.9966666698456
1681.914999961853,3483,-6843,-6271,1648.0016667842865
1681.9199998378754,3485,-6839,-6272,1648.0066666603088
1681.9249999523165,3487,-6834,-6277,1648.01166677475
1681.9299998283386,3489,-6830,-6281,1648.016666650772
1681.9349999427795,3492,-6827,-6283,1648.021666765213
1681.939999818802,3493,-6824,-6283,1648.0266666412356
1681.9449999332428,3494,-6824,-6284,1648.0316667556763
1681.9499998092651,3495,-6824,-6285,1648.0366666316986
1681.954999923706,3495,-6822,-6285,1648.0416667461395
1681.9599997997284,3495,-6820,-6286,1648.0466666221619
1681.9649999141693,3493,-6816,-6288,1648.0516667366028
1681.9699997901917,3489,-6813,-6287,1648.0566666126251
1681.9749999046326,3484,-6813,-6286,1648.061666727066
1681.979999780655,3479,-6816,-6286,1648.0666666030884
1681.9849998950958,3476,-6821,-6286,1648.0716667175293
1681.9899997711182,3472,-6827,-6286,1648.0766665935516
1681.994999885559,3469,-6831,-6286,1648.0816667079926
1682.0,3465,-6841,-6289,1648.0866668224335
1682.0049998760223,3458,-6849,-6291,1648.0916666984558
1682.0099999904633,3450,-6857,-6294,1648.0966668128967
1682.0149998664856,3439,-6864,-6295,1648.101666688919
1682.0199999809265,3427,-6871,-6293,1648.10666680336
1682.0249998569489,3417,-6880,-6294,1648.1116666793823
1682.0299999713898,3408,-6888,-6293,1648.1166667938232
1682.034999847412,3400,-6895,-6294,1648.1216666698456
1682.039999961853,3395,-6902,-6300,1648.1266667842865
1682.0449998378754,3391,-6909,-6303,1648.1316666603088
1682.0499999523165,3386,-6911,-6307,1648.13666677475
1682.0549998283386,3381,-6916,-6308,1648.141666650772
1682.0599999427795,3375,-6920,-6306,1648.146666765213
1682.064999818802,3370,-6923,-6304,1648.1516666412356
1682.0699999332428,3368,-6927,-6301,1648.1566667556763
1682.0749998092651,3365,-6932,-6297,1648.1616666316986
1682.079999923706,3363,-6934,-6297,1648.1666667461395
1682.0849997997284,3363,-6937,-6300,1648.1716666221619
1682.0899999141693,3364,-6937,-6303,1648.1766667366028
1682.0949997901917,3365,-6938,-6303,1648.1816666126251
1682.0999999046326,3365,-6939,-6300,1648.186666727066
1682.104999780655,3367,-6940,-6295,1648.1916666030884
1682.1099998950958,3368,-6941,-6291,1648.1966667175293
1682.1149997711182,3370,-6940,-6287,1648.2016665935516
1682.119999885559,3373,-6939,-6284,1648.2066667079926
1682.125,3372,-6937,-6285,1648.2116668224335
1682.1299998760223,3371,-6936,-6286,1648.2166666984558
1682.1349999904633,3371,-6935,-6290,1648.2216668128967
1682.1399998664856,3372,-6934,-6295,1648.226666688919
1682.1449999809265,3375,-6935,-6299,1648.23166680336
1682.1499998569489,3378,-6935,-6302,1648.2366666793823
1682.1549999713898,3382,-6932,-6304,1648.2416667938232
1682.159999847412,3385,-6931,-6303,1648.2466666698456
1682.164999961853,3389,-6927,-6305,1648.2516667842865
1682.1699998378754,3392,-6923,-6307,1648.2566666603088
1682.1749999523165,3399,-6923,-6306,1648.26166677475
1682.1799998283386,3406,-6920,-6306,1648.266666650772
1682.1849999427795,3411,-6917,-6303,1648.271666765213
1682.189999818802,3418,-6913,-6302,1648.2766666412356
1682.1949999332428,3423,-6907,-6302,1648.2816667556763
1682.1999998092651,3427,-6901,-6304,1648.2866666316986
1682.204999923706,3433,-6895,-6305,1648.2916667461395
1682.2099997997284,3438,-6890,-6306,1648.2966666221619
1682.2149999141693,3442,-6887,-6309,1648.3016667366028
1682.2199997901917,3445,-6885,-6312,1648.3066666126251
1682.2249999046326,3447,-6884,-6315,1648.311666727066
1682.229999780655,3448,-6883,-6317,1648.3166666030884
1682.2349998950958,3449,-6880,-6317,1648.3216667175293
1682.2399997711182,3452,-6876,-6315,1648.3266665935516
1682.244999885559,3455,-6874,-6318,1648.3316667079926
1682.25,3455,-6874,-6316,1648.3366668224335
1682.2549998760223,3454,-6872,-6316,1648.3416666984558
1682.2599999904633,3453,-6872,-6316,1648.3466668128967
1682.2649998664856,3451,-6870,-6313,1648.351666688919
1682.2699999809265,3449,-6866,-6312,1648.35666680336
1682.2749998569489,3450,-6864,-6308,1648.3616666793823
1682.2799999713898,3450,-6863,-6304,1648.3666667938232
1682.284999847412,3450,-6863,-6299,1648.3716666698456
1682.289999961853,3451,-6864,-6297,1648.3766667842865
1682.2949998378754,3451,-6865,-6297,1648.3816666603088
1682.2999999523165,3450,-6866,-6299,1648.38666677475
1682.3049998283386,3449,-6867,-6303,1648.391666650772
1682.3099999427795,3450,-6870,-6310,1648.396666765213
1682.314999818802,3447,-6873,-6315,1648.4016666412356
1682.3199999332428,3444,-6876,-6320,1648.4066667556763
1682.3249998092651,3438,-6880,-6324,1648.4116666316986
1682.329999923706,3432,-6884,-6322,1648.4166667461395
1682.3349997997284,3426,-6887,-6320,1648.4216666221619
1682.3399999141693,3420,-6890,-6318,1648.4266667366028
1682.3449997901917,3415,-6894,-6315,1648.4316666126251
1682.3499999046326,3411,-6897,-6313,1648.436666727066
1682.354999780655,3407,-6901,-6313,1648.4416666030884
1682.3599998950958,3404,-6907,-6314,1648.4466667175293
1682.3649997711182,3401,-6915,-6313,1648.4516665935516
1682.369999885559,3396,-6920,-6311,1648.4566667079926
1682.375,3394,-6925,-6309,1648.4616668224335
1682.3799998760223,3392,-6929,-6306,1648.4666666984558
1682.3849999904633,3392,-6933,-6304,1648.4716668128967
1682.3899998664856,3393,-6935,-6303,1648.476666688919
1682.3949999809265,3393,-6937,-6302,1648.48166680336
1682.3999998569489,3395,-6936,-6301,1648.4866666793823
1682.4049999713898,3397,-6935,-6301,1648.4916667938232
1682.409999847412,3399,-6933,-6300,1648.4966666698456
1682.414999961853,3400,-6931,-6301,1648.5016667842865
1682.4199998378754,3400,-6929,-6302,1648.5066666603088
1682.4249999523165,3400,-6929,-6299,1648.51166677475
1682.4299998283386,3402,-6927,-6293,1648.516666650772
1682.4349999427795,3403,-6926,-6284,1648.521666765213
1682.439999818802,3405,-6925,-6277,1648.5266666412356
1682.4449999332428,3405,-6923,-6277,1648.5316667556763
1682.4499998092651,3405,-6922,-6278,1648.5366666316986
1682.454999923706,3406,-6921,-6281,1648.5416667461395
1682.4599997997284,3408,-6918,-6283,1648.5466666221619
1682.4649999141693,3413,-6912,-6282,1648.5516667366028
1682.4699997901917,3417,-6908,-6281,1648.5566666126251
1682.4749999046326,3423,-6901,-6282,1648.561666727066
1682.479999780655,3429,-6896,-6287,1648.5666666030884
1682.4849998950958,3435,-6891,-6290,1648.5716667175293
1682.4899997711182,3441,-6886,-6292,1648.5766665935516
1682.494999885559,3448,-6880,-6292,1648.5816667079926
1682.5,3456,-6874,-6292,1648.5866668224335
1682.5049998760223,3462,-6868,-6291,1648.5916666984558
1682.5099999904633,3468,-6863,-6288,1648.5966668128967
1682.5149998664856,3471,-6857,-6283,1648.601666688919
1682.5199999809265,3473,-6852,-6276,1648.60666680336
1682.5249998569489,3477,-6847,-6270,1648.6116666793823
1682.5299999713898,3484,-6842,-6265,1648.6166667938232
1682.534999847412,3492,-6836,-6264,1648.6216666698456
1682.539999961853,3500,-6829,-6266,1648.6266667842865
1682.5449998378754,3507,-6823,-6266,1648.6316666603088
1682.5499999523165,3514,-6816,-6262,1648.63666677475
1682.5549998283386,3520,-6810,-6259,1648.641666650772
1682.5599999427795,3524,-6806,-6256,1648.646666765213
1682.564999818802,3527,-6803,-6254,1648.6516666412356
1682.5699999332428,3530,-6804,-6253,1648.6566667556763
1682.5749998092651,3533,-6804,-6258,1648.6616666316986
1682.579999923706,3537,-6805,-6259,1648.6666667461395
1682.5849997997284,3541,-6806,-6262,1648.6716666221619
1682.5899999141693,3542,-6805,-6265,1648.6766667366028
1682.5949997901917,3543,-6803,-6266,1648.6816666126251
1682.5999999046326,3542,-6800,-6265,1648.686666727066
1682.604999780655,3541,-6798,-6260,1648.6916666030884
1682.6099998950958,3542,-6798,-6253,1648.6966667175293
1682.6149997711182,3543,-6799,-6251,1648.7016665935516
1682.619999885559,3542,-6801,-6252,1648.7066667079926
1682.625,3541,-6802,-6261,1648.7116668224335
1682.6299998760223,3539,-6804,-6269,1648.7166666984558
1682.6349999904633,3538,-6806,-6276,1648.7216668128967
1682.6399998664856,3537,-6811,-6277,1648.726666688919
1682.6449999809265,3534,-6815,-6272,1648.73166680336
1682.6499998569489,3530,-6820,-6266,1648.7366666793823
1682.6549999713898,3523,-6824,-6260,1648.7416667938232
1682.659999847412,3516,-6829,-6257,1648.7466666698456
1682.664999961853,3509,-6834,-6259,1648.7516667842865
1682.6699998378754,3504,-6840,-6261,1648.7566666603088
1682.6749999523165,3501,-6847,-6263,1648.76166677475
1682.6799998283386,3495,-6855,-6263,1648.766666650772
1682.6849999427795,3488,-6864,-6263,1648.771666765213
1682.689999818802,3481,-6872,-6265,1648.7766666412356
1682.6949999332428,3473,-6879,-6264,1648.7816667556763
1682.6999998092651,3468,-6886,-6263,1648.7866666316986
1682.704999923706,3463,-6893,-6262,1648.7916667461395
1682.7099997997284,3456,-6900,-6260,1648.7966666221619
1682.7149999141693,3448,-6908,-6259,1648.8016667366028
1682.7199997901917,3440,-6915,-6260,1648.8066666126251
1682.7249999046326,3431,-6923,-6259,1648.811666727066
1682.729999780655,3426,-6931,-6258,1648.8166666030884
1682.7349998950958,3422,-6938,-6255,1648.8216667175293
1682.7399997711182,3418,-6946,-6251,1648.8266665935516
1682.744999885559,3416,-6951,-6248,1648.8316667079926
1682.75,3411,-6955,-6245,1648.8366668224335
1682.7549998760223,3404,-6958,-6244,1648.8416666984558
1682.7599999904633,3399,-6960,-6247,1648.8466668128967
1682.7649998664856,3394,-6963,-6250,1648.851666688919
1682.7699999809265,3391,-6965,-6250,1648.85666680336
1682.7749998569489,3389,-6970,-6248,1648.8616666793823
1682.7799999713898,3388,-6974,-6242,1648.8666667938232
1682.784999847412,3386,-6977,-6236,1648.8716666698456
1682.789999961853,3384,-6979,-6233,1648.8766667842865
1682.7949998378754,3382,-6981,-6230,1648.8816666603088
1682.7999999523165,3382,-6981,-6225,1648.88666677475
1682.8049998283386,3382,-6983,-6225,1648.891666650772
1682.8099999427795,3382,-6984,-6225,1648.896666765213
1682.814999818802,3381,-6983,-6229,1648.9016666412356
1682.8199999332428,3379,-6984,-6232,1648.9066667556763
1682.8249998092651,3377,-6987,-6232,1648.9116666316986
1682.829999923706,3375,-6988,-6228,1648.9166667461395
1682.8349997997284,3374,-6988,-6221,1648.9216666221619
1682.8399999141693,3375,-6987,-6218,1648.9266667366028
1682.8449997901917,3376,-6985,-6216,1648.9316666126251
1682.8499999046326,3377,-6984,-6217,1648.936666727066
1682.854999780655,3379,-6984,-6220,1648.9416666030884
1682.8599998950958,3382,-6986,-6224,1648.9466667175293
1682.8649997711182,3384,-6987,-6230,1648.9516665935516
1682.869999885559,3387,-6987,-6235,1648.9566667079926
1682.875,3388,-6987,-6236,1648.9616668224335
1682.8799998760223,3388,-6987,-6234,1648.9666666984558
1682.8849999904633,3387,-6987,-6233,1648.9716668128967
1682.8899998664856,3387,-6990,-6231,1648.976666688919
1682.8949999809265,3387,-6991,-6235,1648.98166680336
1682.8999998569489,3387,-6992,-6235,1648.9866666793823
1682.9049999713898,3386,-6993,-6236,1648.9916667938232
1682.909999847412,3386,-6992,-6234,1648.9966666698456
1682.914999961853,3386,-6992,-6232,1649.0016667842865
1682.9199998378754,3384,-6992,-6233,1649.0066666603088
1682.9249999523165,3383,-6993,-6235,1649.01166677475
1682.9299998283386,3383,-6995,-6237,1649.016666650772
1682.9349999427795,3383,-6997,-6238,1649.021666765213
1682.939999818802,3385,-6999,-6237,1649.0266666412356
1682.9449999332428,3386,-7002,-6237,1649.0316667556763
1682.9499998092651,3385,-7004,-6235,1649.0366666316986
1682.954999923706,3384,-7006,-6236,1649.0416667461395
1682.9599997997284,3381,-7007,-6236,1649.0466666221619
1682.9649999141693,3378,-7008,-6239,1649.0516667366028
1682.9699997901917,3376,-7008,-6241,1649.0566666126251
1682.9749999046326,3375,-7010,-6243,1649.061666727066
1682.979999780655,3375,-7011,-6247,1649.0666666030884
1682.9849998950958,3376,-7014,-6250,1649.0716667175293
1682.9899997711182,3375,-7017,-6252,1649.0766665935516
1682.994999885559,3373,-7019,-6252,1649.0816667079926
1683.0,3370,-7020,-6249,1649.0866668224335
1683.0049998760223,3367,-7020,-6246,1649.0916666984558
1683.0099999904633,3363,-7018,-6245,1649.0966668128967
1683.0149998664856,3362,-7018,-6243,1649.101666688919
1683.0199999809265,3361,-7017,-6241,1649.10666680336
1683.0249998569489,3359,-7017,-6235,1649.1116666793823
1683.0299999713898,3357,-7017,-6231,1649.1166667938232
1683.034999847412,3354,-7017,-6229,1649.1216666698456
1683.039999961853,3353,-7017,-6226,1649.1266667842865
1683.0449998378754,3351,-7017,-6222,1649.1316666603088
1683.0499999523165,3351,-7016,-6220,1649.13666677475
1683.0549998283386,3350,-7015,-6218,1649.141666650772
1683.0599999427795,3348,-7015,-6222,1649.146666765213
1683.064999818802,3350,-7017,-6224,1649.1516666412356
1683.0699999332428,3352,-7019,-6225,1649.1566667556763
1683.0749998092651,3352,-7020,-6224,1649.1616666316986
1683.079999923706,3350,-7021,-6220,1649.1666667461395
1683.0849997997284,3349,-7021,-6214,1649.1716666221619
1683.0899999141693,3348,-7022,-6210,1649.1766667366028
1683.0949997901917,3350,-7023,-6206,1649.1816666126251
1683.0999999046326,3351,-7027,-6201,1649.186666727066
1683.104999780655,3352,-7032,-6197,1649.1916666030884
1683.1099998950958,3353,-7036,-6191,1649.1966667175293
1683.1149997711182,3353,-7040,-6188,1649.2016665935516
1683.119999885559,3353,-7042,-6189,1649.2066667079926
1683.125,3354,-7042,-6191,1649.2116668224335
1683.1299998760223,3352,-7040,-6198,1649.2166666984558
1683.1349999904633,3350,-7039,-6203,1649.2216668128967
1683.1399998664856,3348,-7039,-6212,1649.226666688919
1683.1449999809265,3349,-7037,-6217,1649.23166680336
1683.1499998569489,3349,-7035,-6222,1649.2366666793823
1683.1549999713898,3351,-7034,-6225,1649.2416667938232
1683.159999847412,3352,-7032,-6228,1649.2466666698456
1683.164999961853,3353,-7028,-6232,1649.2516667842865
1683.1699998378754,3351,-7026,-6235,1649.2566666603088
1683.1749999523165,3351,-7025,-6235,1649.26166677475
1683.1799998283386,3351,-7025,-6236,1649.266666650772
1683.1849999427795,3350,-7027,-6239,1649.271666765213
1683.189999818802,3349,-7030,-6242,1649.2766666412356
1683.1949999332428,3346,-7033,-6244,1649.2816667556763
1683.1999998092651,3339,-7036,-6248,1649.2866666316986
1683.204999923706,3333,-7038,-6247,1649.2916667461395
1683.2099997997284,3329,-7040,-6247,1649.2966666221619
1683.2149999141693,3326,-7042,-6245,1649.3016667366028
1683.2199997901917,3322,-7043,-6240,1649.3066666126251
1683.2249999046326,3319,-7043,-6235,1649.311666727066
1683.229999780655,3315,-7044,-6229,1649.3166666030884
1683.2349998950958,3309,-7045,-6226,1649.3216667175293
1683.2399997711182,3304,-7046,-6221,1649.3266665935516
1683.244999885559,3299,-7048,-6218,1649.3316667079926
1683.25,3297,-7048,-6218,1649.3366668224335
1683.2549998760223,3295,-7048,-6220,1649.3416666984558
1683.2599999904633,3293,-7049,-6226,1649.3466668128967
1683.2649998664856,3292,-7049,-6232,1649.351666688919
1683.2699999809265,3290,-7050,-6236,1649.35666680336
1683.2749998569489,3288,-7051,-6239,1649.3616666793823
1683.2799999713898,3288,-7051,-6236,1649.3666667938232
1683.284999847412,3288,-7052,-6233,1649.3716666698456
1683.289999961853,3289,-7054,-6232,1649.3766667842865
1683.2949998378754,3291,-7055,-6231,1649.3816666603088
1683.2999999523165,3290,-7055,-6234,1649.38666677475
1683.3049998283386,3288,-7055,-6237,1649.391666650772
1683.3099999427795,3287,-7056,-6240,1649.396666765213
1683.314999818802,3288,-7058,-6240,1649.4016666412356
1683.3199999332428,3290,-7060,-6239,1649.4066667556763
1683.3249998092651,3291,-7061,-6238,1649.4116666316986
1683.329999923706,3293,-7061,-6239,1649.4166667461395
1683.3349997997284,3291,-7058,-6243,1649.4216666221619
1683.3399999141693,3288,-7055,-6247,1649.4266667366028
1683.3449997901917,3287,-7050,-6253,1649.4316666126251
1683.3499999046326,3287,-7046,-6254,1649.436666727066
1683.354999780655,3289,-7043,-6255,1649.4416666030884
1683.3599998950958,3295,-7040,-6251,1649.4466667175293
1683.3649997711182,3297,-7038,-6245,1649.4516665935516
1683.369999885559,3299,-7037,-6243,1649.4566667079926
1683.375,3298,-7037,-6246,1649.4616668224335
1683.3799998760223,3300,-7037,-6250,1649.4666666984558
1683.3849999904633,3303,-7036,-6252,1649.4716668128967
1683.3899998664856,3308,-7036,-6250,1649.476666688919
1683.3949999809265,3311,-7035,-6249,1649.48166680336
1683.3999998569489,3312,-7035,-6248,1649.4866666793823
1683.4049999713898,3311,-7035,-6250,1649.4916667938232
1683.409999847412,3310,-7036,-6254,1649.4966666698456
1683.414999961853,3311,-7037,-6256,1649.5016667842865
1683.4199998378754,3311,-7038,-6257,1649.5066666603088
1683.4249999523165,3312,-7040,-6257,1649.51166677475
1683.4299998283386,3311,-7040,-6254,1649.516666650772
1683.4349999427795,3307,-7041,-6252,1649.521666765213
1683.439999818802,3300,-7043,-6254,1649.5266666412356
1683.4449999332428,3293,-7045,-6253,1649.5316667556763
1683.4499998092651,3287,-7047,-6253,1649.5366666316986
1683.454999923706,3283,-7048,-6250,1649.5416667461395
1683.4599997997284,3281,-7047,-6249,1649.5466666221619
1683.4649999141693,3278,-7047,-6248,1649.5516667366028
1683.4699997901917,3276,-7044,-6247,1649.5566666126251
1683.4749999046326,3273,-7044,-6245,1649.561666727066
1683.479999780655,3270,-7044,-6245,1649.5666666030884
1683.4849998950958,3269,-7043,-6248,1649.5716667175293
1683.4899997711182,3269,-7043,-6252,1649.5766665935516
1683.494999885559,3268,-7042,-6255,1649.5816667079926
1683.5,3267,-7040,-6256,1649.5866668224335
1683.5049998760223,3266,-7040,-6253,1649.5916666984558
1683.5099999904633,3263,-7041,-6253,1649.5966668128967
1683.5149998664856,3260,-7040,-6255,1649.601666688919
1683.5199999809265,3259,-7042,-6256,1649.60666680336
1683.5249998569489,3260,-7043,-6259,1649.6116666793823
1683.5299999713898,3262,-7043,-6262,1649.6166667938232
1683.534999847412,3265,-7044,-6262,1649.6216666698456
1683.539999961853,3267,-7045,-6265,1649.6266667842865
1683.5449998378754,3267,-7045,-6269,1649.6316666603088
1683.5499999523165,3267,-7045,-6267,1649.63666677475
1683.5549998283386,3267,-7043,-6271,1649.641666650772
1683.5599999427795,3266,-7041,-6270,1649.646666765213
1683.564999818802,3269,-7039,-6267,1649.6516666412356
1683.5699999332428,3272,-7038,-6268,1649.6566667556763
1683.5749998092651,3275,-7039,-6268,1649.6616666316986
1683.579999923706,3279,-7040,-6267,1649.6666667461395
1683.5849997997284,3283,-7040,-6266,1649.6716666221619
1683.5899999141693,3287,-7040,-6267,1649.6766667366028
1683.5949997901917,3292,-7041,-6270,1649.6816666126251
1683.5999999046326,3297,-7038,-6274,1649.686666727066
1683.604999780655,3301,-7034,-6278,1649.6916666030884
1683.6099998950958,3304,-7029,-6280,1649.6966667175293
1683.6149997711182,3307,-7022,-6281,1649.7016665935516
1683.619999885559,3311,-7016,-6282,1649.7066667079926
1683.625,3313,-7011,-6282,1649.7116668224335
1683.6299998760223,3316,-7008,-6283,1649.7166666984558
1683.6349999904633,3320,-7007,-6284,1649.7216668128967
1683.6399998664856,3321,-7006,-6287,1649.726666688919
1683.6449999809265,3323,-7005,-6287,1649.73166680336
1683.6499998569489,3324,-7004,-6286,1649.7366666793823
1683.6549999713898,3325,-7002,-6281,1649.7416667938232
1683.659999847412,3326,-7000,-6273,1649.7466666698456
1683.664999961853,3327,-7000,-6267,1649.7516667842865
1683.6699998378754,3327,-7000,-6261,1649.7566666603088
1683.6749999523165,3325,-7002,-6257,1649.76166677475
1683.6799998283386,3321,-7004,-6252,1649.766666650772
1683.6849999427795,3318,-7004,-6249,1649.771666765213
1683.689999818802,3315,-7005,-6245,1649.7766666412356
1683.6949999332428,3313,-7004,-6242,1649.7816667556763
1683.6999998092651,3313,-7006,-6241,1649.7866666316986
1683.704999923706,3314,-7008,-6242,1649.7916667461395
1683.7099997997284,3314,-7011,-6243,1649.7966666221619
1683.7149999141693,3311,-7014,-6247,1649.8016667366028
1683.7199997901917,3310,-7015,-6254,1649.8066666126251
1683.7249999046326,3308,-7016,-6260,1649.811666727066
1683.729999780655,3308,-7015,-6266,1649.8166666030884
1683.7349998950958,3308,-7015,-6269,1649.8216667175293
1683.7399997711182,3307,-7016,-6270,1649.8266665935516
1683.744999885559,3306,-7017,-6273,1649.8316667079926
1683.75,3305,-7018,-6275,1649.8366668224335
1683.7549998760223,3304,-7019,-6277,1649.8416666984558
1683.7599999904633,3304,-7020,-6280,1649.8466668128967
1683.7649998664856,3305,-7020,-6283,1649.851666688919
1683.7699999809265,3306,-7020,-6283,1649.85666680336
1683.7749998569489,3303,-7020,-6286,1649.8616666793823
1683.7799999713898,3300,-7020,-6290,1649.8666667938232
1683.784999847412,3297,-7019,-6291,1649.8716666698456
1683.789999961853,3294,-7018,-6290,1649.8766667842865
1683.7949998378754,3292,-7014,-6290,1649.8816666603088
1683.7999999523165,3291,-7010,-6288,1649.88666677475
1683.8049998283386,3288,-7006,-6288,1649.891666650772
1683.8099999427795,3285,-7003,-6285,1649.896666765213
1683.814999818802,3281,-7001,-6279,1649.9016666412356
1683.8199999332428,3278,-7001,-6274,1649.9066667556763
1683.8249998092651,3275,-7001,-6270,1649.9116666316986
1683.829999923706,3271,-7003,-6266,1649.9166667461395
1683.8349997997284,3266,-7006,-6261,1649.9216666221619
1683.8399999141693,3261,-7009,-6260,1649.9266667366028
1683.8449997901917,3256,-7013,-6259,1649.9316666126251
1683.8499999046326,3251,-7018,-6258,1649.936666727066
1683.854999780655,3246,-7023,-6259,1649.9416666030884
1683.8599998950958,3239,-7028,-6258,1649.9466667175293
1683.8649997711182,3231,-7034,-6258,1649.9516665935516
1683.869999885559,3223,-7039,-6260,1649.9566667079926
1683.875,3216,-7044,-6263,1649.9616668224335
1683.8799998760223,3209,-7047,-6265,1649.9666666984558
1683.8849999904633,3204,-7050,-6261,1649.9716668128967
1683.8899998664856,3201,-7054,-6258,1649.976666688919
1683.8949999809265,3199,-7057,-6253,1649.98166680336
1683.8999998569489,3198,-7061,-6251,1649.9866666793823
1683.9049999713898,3196,-7065,-6253,1649.9916667938232
1683.909999847412,3192,-7068,-6254,1649.9966666698456
1683.914999961853,3190,-7071,-6251,1650.0016667842865
1683.9199998378754,3187,-7075,-6248,1650.0066666603088
1683.9249999523165,3184,-7077,-6244,1650.01166677475
1683.9299998283386,3184,-7078,-6240,1650.016666650772
1683.9349999427795,3182,-7077,-6238,1650.021666765213
1683.939999818802,3180,-7076,-6234,1650.0266666412356
1683.9449999332428,3181,-7074,-6236,1650.0316667556763
1683.9499998092651,3180,-7071,-6239,1650.0366666316986
1683.954999923706,3179,-7069,-6241,1650.0416667461395
1683.9599997997284,3182,-7067,-6243,1650.0466666221619
1683.9649999141693,3184,-7066,-6243,1650.0516667366028
1683.9699997901917,3186,-7068,-6245,1650.0566666126251
1683.9749999046326,3187,-7070,-6247,1650.061666727066
1683.979999780655,3188,-7073,-6250,1650.0666666030884
1683.9849998950958,3187,-7076,-6256,1650.0716667175293
1683.9899997711182,3188,-7077,-6263,1650.0766665935516
1683.994999885559,3191,-7075,-6269,1650.0816667079926
1684.0,3191,-7073,-6266,1650.0866668224335
1684.0049998760223,3193,-7072,-6265,1650.0916666984558
1684.0099999904633,3196,-7072,-6263,1650.0966668128967
1684.0149998664856,3200,-7073,-6258,1650.101666688919
1684.0199999809265,3203,-7074,-6251,1650.10666680336
1684.0249998569489,3204,-7077,-6245,1650.1116666793823
1684.0299999713898,3203,-7080,-6241,1650.1166667938232
1684.034999847412,3204,-7081,-6236,1650.1216666698456
1684.039999961853,3204,-7082,-6236,1650.1266667842865
1684.0449998378754,3206,-7080,-6235,1650.1316666603088
1684.0499999523165,3206,-7078,-6234,1650.13666677475
1684.0549998283386,3205,-7076,-6233,1650.141666650772
1684.0599999427795,3204,-7074,-6230,1650.146666765213
1684.064999818802,3203,-7072,-6226,1650.1516666412356
1684.0699999332428,3202,-7071,-6223,1650.1566667556763
1684.0749998092651,3202,-7072,-6225,1650.1616666316986
1684.079999923706,3203,-7073,-6228,1650.1666667461395
1684.0849997997284,3204,-7072,-6230,1650.1716666221619
1684.0899999141693,3205,-7072,-6234,1650.1766667366028
1684.0949997901917,3207,-7071,-6235,1650.1816666126251
1684.0999999046326,3210,-7070,-6240,1650.186666727066
1684.104999780655,3210,-7072,-6248,1650.1916666030884
1684.1099998950958,3210,-7073,-6251,1650.1966667175293
1684.1149997711182,3210,-7072,-6250,1650.2016665935516
1684.119999885559,3210,-7072,-6249,1650.2066667079926
1684.125,3211,-7070,-6246,1650.2116668224335
1684.1299998760223,3209,-7068,-6243,1650.2166666984558
1684.1349999904633,3207,-7068,-6242,1650.2216668128967
1684.1399998664856,3203,-7067,-6242,1650.226666688919
1684.1449999809265,3202,-7069,-6242,1650.23166680336
1684.1499998569489,3202,-7072,-6244,1650.2366666793823
1684.1549999713898,3204,-7072,-6245,1650.2416667938232
1684.159999847412,3209,-7073,-6248,1650.2466666698456
1684.164999961853,3211,-7072,-6253,1650.2516667842865
1684.1699998378754,3213,-7070,-6255,1650.2566666603088
1684.1749999523165,3212,-7070,-6255,1650.26166677475
1684.1799998283386,3210,-7070,-6255,1650.266666650772
1684.1849999427795,3210,-7070,-6255,1650.271666765213
1684.189999818802,3208,-7072,-6256,1650.2766666412356
1684.1949999332428,3205,-7073,-6260,1650.2816667556763
1684.1999998092651,3204,-7073,-6265,1650.2866666316986
1684.204999923706,3203,-7074,-6268,1650.2916667461395
1684.2099997997284,3202,-7074,-6269,1650.2966666221619
1684.2149999141693,3199,-7073,-6268,1650.3016667366028
1684.2199997901917,3198,-7073,-6262,1650.3066666126251
1684.2249999046326,3199,-7072,-6255,1650.311666727066
1684.229999780655,3200,-7072,-6250,1650.3166666030884
1684.2349998950958,3204,-7073,-6251,1650.3216667175293
1684.2399997711182,3207,-7074,-6252,1650.3266665935516
1684.244999885559,3208,-7075,-6255,1650.3316667079926
1684.25,3209,-7075,-6260,1650.3366668224335
1684.2549998760223,3211,-7073,-6265,1650.3416666984558
1684.2599999904633,3216,-7072,-6273,1650.3466668128967
1684.2649998664856,3224,-7069,-6279,1650.351666688919
1684.2699999809265,3229,-7066,-6281,1650.35666680336
1684.2749998569489,3234,-7063,-6278,1650.3616666793823
1684.2799999713898,3238,-7062,-6276,1650.3666667938232
1684.284999847412,3241,-7061,-6273,1650.3716666698456
1684.289999961853,3243,-7059,-6271,1650.3766667842865
1684.2949998378754,3245,-7055,-6271,1650.3816666603088
1684.2999999523165,3247,-7053,-6274,1650.38666677475
1684.3049998283386,3248,-7053,-6275,1650.391666650772
1684.3099999427795,3248,-7055,-6276,1650.396666765213
1684.314999818802,3247,-7056,-6276,1650.4016666412356
1684.3199999332428,3248,-7055,-6279,1650.4066667556763
1684.3249998092651,3248,-7053,-6281,1650.4116666316986
1684.329999923706,3248,-7050,-6286,1650.4166667461395
1684.3349997997284,3247,-7049,-6287,1650.4216666221619
1684.3399999141693,3248,-7047,-6288,1650.4266667366028
1684.3449997901917,3248,-7046,-6288,1650.4316666126251
1684.3499999046326,3251,-7044,-6289,1650.436666727066
1684.354999780655,3256,-7042,-6288,1650.4416666030884
1684.3599998950958,3257,-7039,-6291,1650.4466667175293
1684.3649997711182,3259,-7038,-6292,1650.4516665935516
1684.369999885559,3262,-7036,-6291,1650.4566667079926
1684.375,3261,-7035,-6293,1650.4616668224335
1684.3799998760223,3259,-7037,-6293,1650.4666666984558
1684.3849999904633,3256,-7037,-6291,1650.4716668128967
1684.3899998664856,3254,-7039,-6289,1650.476666688919
1684.3949999809265,3251,-7039,-6281,1650.48166680336
1684.3999998569489,3249,-7039,-6272,1650.4866666793823
1684.4049999713898,3246,-7040,-6266,1650.4916667938232
1684.409999847412,3241,-7039,-6263,1650.4966666698456
1684.414999961853,3236,-7040,-6262,1650.5016667842865
1684.4199998378754,3234,-7042,-6266,1650.5066666603088
1684.4249999523165,3237,-7043,-6269,1650.51166677475
1684.4299998283386,3240,-7044,-6271,1650.516666650772
1684.4349999427795,3241,-7043,-6273,1650.521666765213
1684.439999818802,3238,-7043,-6276,1650.5266666412356
1684.4449999332428,3234,-7044,-6277,1650.5316667556763
1684.4499998092651,3230,-7042,-6280,1650.5366666316986
1684.454999923706,3229,-7043,-6283,1650.5416667461395
1684.4599997997284,3232,-7043,-6284,1650.5466666221619
1684.4649999141693,3234,-7042,-6283,1650.5516667366028
1684.4699997901917,3235,-7043,-6277,1650.5566666126251
1684.4749999046326,3234,-7044,-6269,1650.561666727066
1684.479999780655,3232,-7045,-6263,1650.5666666030884
1684.4849998950958,3232,-7046,-6257,1650.5716667175293
1684.4899997711182,3233,-7048,-6254,1650.5766665935516
1684.494999885559,3236,-7049,-6252,1650.5816667079926
1684.5,3239,-7047,-6249,1650.5866668224335
1684.5049998760223,3241,-7045,-6243,1650.5916666984558
1684.5099999904633,3240,-7043,-6239,1650.5966668128967
1684.5149998664856,3242,-7040,-6238,1650.601666688919
1684.5199999809265,3244,-7039,-6240,1650.60666680336
1684.5249998569489,3247,-7039,-6246,1650.6116666793823
1684.5299999713898,3251,-7039,-6248,1650.6166667938232
1684.534999847412,3255,-7040,-6248,1650.6216666698456
1684.539999961853,3259,-7041,-6245,1650.6266667842865
1684.5449998378754,3261,-7040,-6240,1650.6316666603088
1684.5499999523165,3266,-7039,-6236,1650.63666677475
1684.5549998283386,3271,-7037,-6234,1650.641666650772
1684.5599999427795,3274,-7034,-6238,1650.646666765213
1684.564999818802,3279,-7031,-6245,1650.6516666412356
1684.5699999332428,3282,-7029,-6255,1650.6566667556763
1684.5749998092651,3285,-7028,-6262,1650.6616666316986
1684.579999923706,3289,-7026,-6265,1650.6666667461395
1684.5849997997284,3293,-7027,-6266,1650.6716666221619
1684.5899999141693,3297,-7027,-6266,1650.6766667366028
1684.5949997901917,3301,-7026,-6266,1650.6816666126251
1684.5999999046326,3306,-7022,-6269,1650.686666727066
1684.604999780655,3311,-7016,-6271,1650.6916666030884
1684.6099998950958,3316,-7009,-6273,1650.6966667175293
1684.6149997711182,3323,-7002,-6272,1650.7016665935516
1684.619999885559,3329,-6996,-6268,1650.7066667079926
1684.625,3334,-6990,-6260,1650.7116668224335
1684.6299998760223,3338,-6986,-6253,1650.7166666984558
1684.6349999904633,3342,-6982,-6247,1650.7216668128967
1684.6399998664856,3346,-6980,-6241,1650.726666688919
1684.6449999809265,3351,-6977,-6239,1650.73166680336
1684.6499998569489,3357,-6975,-6239,1650.7366666793823
1684.6549999713898,3364,-6974,-6242,1650.7416667938232
1684.659999847412,3371,-6972,-6244,1650.7466666698456
1684.664999961853,3377,-6971,-6245,1650.7516667842865
1684.6699998378754,3383,-6967,-6249,1650.7566666603088
1684.6749999523165,3388,-6962,-6250,1650.76166677475
1684.6799998283386,3392,-6958,-6252,1650.766666650772
1684.6849999427795,3395,-6955,-6253,1650.771666765213
1684.689999818802,3397,-6954,-6253,1650.7766666412356
1684.6949999332428,3398,-6953,-6252,1650.7816667556763
1684.6999998092651,3397,-6953,-6250,1650.7866666316986
1684.704999923706,3397,-6952,-6247,1650.7916667461395
1684.7099997997284,3397,-6953,-6243,1650.7966666221619
1684.7149999141693,3397,-6955,-6241,1650.8016667366028
1684.7199997901917,3397,-6957,-6241,1650.8066666126251
1684.7249999046326,3397,-6958,-6246,1650.811666727066
1684.729999780655,3396,-6957,-6247,1650.8166666030884
1684.7349998950958,3394,-6955,-6249,1650.8216667175293
1684.7399997711182,3390,-6956,-6253,1650.8266665935516
1684.744999885559,3385,-6958,-6255,1650.8316667079926
1684.75,3381,-6960,-6256,1650.8366668224335
1684.7549998760223,3376,-6962,-6257,1650.8416666984558
1684.7599999904633,3371,-6960,-6257,1650.8466668128967
1684.7649998664856,3365,-6958,-6257,1650.851666688919
1684.7699999809265,3360,-6957,-6259,1650.85666680336
1684.7749998569489,3356,-6958,-6260,1650.8616666793823
1684.7799999713898,3354,-6959,-6259,1650.8666667938232
1684.784999847412,3354,-6960,-6261,1650.8716666698456
1684.789999961853,3352,-6960,-6262,1650.8766667842865
1684.7949998378754,3351,-6960,-6261,1650.8816666603088
1684.7999999523165,3351,-6961,-6258,1650.88666677475
1684.8049998283386,3351,-6961,-6259,1650.891666650772
1684.8099999427795,3348,-6959,-6260,1650.896666765213
1684.814999818802,3344,-6956,-6260,1650.9016666412356
1684.8199999332428,3340,-6954,-6259,1650.9066667556763
1684.8249998092651,3335,-6952,-6257,1650.9116666316986
1684.829999923706,3334,-6953,-6257,1650.9166667461395
1684.8349997997284,3334,-6954,-6263,1650.9216666221619
1684.8399999141693,3336,-6957,-6270,1650.9266667366028
1684.8449997901917,3337,-6958,-6279,1650.9316666126251
1684.8499999046326,3337,-6958,-6288,1650.936666727066
1684.854999780655,3336,-6958,-6291,1650.9416666030884
1684.8599998950958,3334,-6958,-6294,1650.9466667175293
1684.8649997711182,3333,-6959,-6295,1650.9516665935516
1684.869999885559,3330,-6960,-6297,1650.9566667079926
1684.875,3328,-6961,-6297,1650.9616668224335
1684.8799998760223,3326,-6960,-6294,1650.9666666984558
1684.8849999904633,3324,-6961,-6291,1650.9716668128967
1684.8899998664856,3322,-6963,-6284,1650.976666688919
1684.8949999809265,3323,-6965,-6284,1650.98166680336
1684.8999998569489,3325,-6966,-6284,1650.9866666793823
1684.9049999713898,3326,-6965,-6282,1650.9916667938232
1684.909999847412,3328,-6964,-6280,1650.9966666698456
1684.914999961853,3329,-6963,-6275,1651.0016667842865
1684.9199998378754,3331,-6964,-6270,1651.0066666603088
1684.9249999523165,3334,-6964,-6266,1651.01166677475
1684.9299998283386,3337,-6965,-6263,1651.016666650772
1684.9349999427795,3341,-6965,-6262,1651.021666765213
1684.939999818802,3347,-6966,-6263,1651.0266666412356
1684.9449999332428,3353,-6967,-6261,1651.0316667556763
1684.9499998092651,3359,-6966,-6257,1651.0366666316986
1684.954999923706,3363,-6965,-6255,1651.0416667461395
1684.9599997997284,3369,-6962,-6255,1651.0466666221619
1684.9649999141693,3375,-6960,-6252,1651.0516667366028
1684.9699997901917,3382,-6958,-6253,1651.0566666126251
1684.9749999046326,3390,-6955,-6252,1651.061666727066
1684.979999780655,3396,-6952,-6249,1651.0666666030884
1684.9849998950958,3400,-6948,-6252,1651.0716667175293
1684.9899997711182,3406,-6945,-6258,1651.0766665935516
1684.994999885559,3412,-6944,-6264,1651.0816667079926
1685.0,3421,-6942,-6273,1651.0866668224335
1685.0049998760223,3430,-6938,-6277,1651.0916666984558
1685.0099999904633,3439,-6930,-6278,1651.0966668128967
1685.0149998664856,3449,-6920,-6278,1651.101666688919
1685.0199999809265,3459,-6909,-6277,1651.10666680336
1685.0249998569489,3471,-6898,-6276,1651.1116666793823
1685.0299999713898,3481,-6887,-6277,1651.1166667938232
1685.034999847412,3492,-6875,-6281,1651.1216666698456
1685.039999961853,3502,-6861,-6286,1651.1266667842865
1685.0449998378754,3511,-6847,-6289,1651.1316666603088
1685.0499999523165,3522,-6832,-6292,1651.13666677475
1685.0549998283386,3533,-6815,-6290,1651.141666650772
1685.0599999427795,3545,-6799,-6290,1651.146666765213
1685.064999818802,3555,-6783,-6293,1651.1516666412356
1685.0699999332428,3566,-6765,-6297,1651.1566667556763
1685.0749998092651,3577,-6748,-6304,1651.1616666316986
1685.079999923706,3588,-6731,-6311,1651.1666667461395
1685.0849997997284,3601,-6715,-6315,1651.1716666221619
1685.0899999141693,3613,-6698,-6321,1651.1766667366028
1685.0949997901917,3625,-6680,-6323,1651.1816666126251
1685.0999999046326,3637,-6664,-6324,1651.186666727066
1685.104999780655,3648,-6647,-6327,1651.1916666030884
1685.1099998950958,3658,-6631,-6331,1651.1966667175293
1685.1149997711182,3667,-6617,-6338,1651.2016665935516
1685.119999885559,3677,-6604,-6343,1651.2066667079926
1685.125,3689,-6590,-6346,1651.2116668224335
1685.1299998760223,3700,-6578,-6346,1651.2166666984558
1685.1349999904633,3712,-6565,-6342,1651.2216668128967
1685.1399998664856,3723,-6551,-6341,1651.226666688919
1685.1449999809265,3733,-6537,-6337,1651.23166680336
1685.1499998569489,3741,-6526,-6336,1651.2366666793823
1685.1549999713898,3746,-6516,-6335,1651.2416667938232
1685.159999847412,3753,-6506,-6334,1651.2466666698456
1685.164999961853,3760,-6498,-6334,1651.2516667842865
1685.1699998378754,3768,-6491,-6332,1651.2566666603088
1685.1749999523165,3776,-6484,-6329,1651.26166677475
1685.1799998283386,3782,-6480,-6327,1651.266666650772
1685.1849999427795,3788,-6476,-6324,1651.271666765213
1685.189999818802,3792,-6473,-6324,1651.2766666412356
1685.1949999332428,3796,-6470,-6323,1651.2816667556763
1685.1999998092651,3801,-6468,-6321,1651.2866666316986
1685.204999923706,3804,-6465,-6321,1651.2916667461395
1685.2099997997284,3807,-6460,-6319,1651.2966666221619
1685.2149999141693,3811,-6455,-6320,1651.3016667366028
1685.2199997901917,3813,-6449,-6320,1651.3066666126251
1685.2249999046326,3816,-6445,-6321,1651.311666727066
1685.229999780655,3818,-6441,-6320,1651.3166666030884
1685.2349998950958,3818,-6437,-6317,1651.3216667175293
1685.2399997711182,3821,-6432,-6315,1651.3266665935516
1685.244999885559,3824,-6426,-6313,1651.3316667079926
1685.25,3827,-6421,-6310,1651.3366668224335
1685.2549998760223,3829,-6418,-6309,1651.3416666984558
1685.2599999904633,3830,-6415,-6306,1651.3466668128967
1685.2649998664856,3830,-6413,-6302,1651.351666688919
1685.2699999809265,3831,-6414,-6302,1651.35666680336
1685.2749998569489,3834,-6412,-6299,1651.3616666793823
1685.2799999713898,3836,-6411,-6296,1651.3666667938232
1685.284999847412,3838,-6408,-6293,1651.3716666698456
1685.289999961853,3837,-6405,-6293,1651.3766667842865
1685.2949998378754,3836,-6403,-6294,1651.3816666603088
1685.2999999523165,3838,-6401,-6297,1651.38666677475
1685.3049998283386,3845,-6397,-6302,1651.391666650772
1685.3099999427795,3854,-6393,-6305,1651.396666765213
1685.314999818802,3861,-6388,-6315,1651.4016666412356
1685.3199999332428,3866,-6384,-6323,1651.4066667556763
1685.3249998092651,3869,-6382,-6330,1651.4116666316986
1685.329999923706,3870,-6380,-6337,1651.4166667461395
1685.3349997997284,3871,-6377,-6343,1651.4216666221619
1685.3399999141693,3873,-6373,-6345,1651.4266667366028
1685.3449997901917,3875,-6370,-6347,1651.4316666126251
1685.3499999046326,3877,-6364,-6347,1651.436666727066
1685.354999780655,3879,-6359,-6346,1651.4416666030884
1685.3599998950958,3882,-6352,-6345,1651.4466667175293
1685.3649997711182,3884,-6343,-6344,1651.4516665935516
1685.369999885559,3888,-6333,-6341,1651.4566667079926
1685.375,3892,-6325,-6340,1651.4616668224335
1685.3799998760223,3897,-6318,-6340,1651.4666666984558
1685.3849999904633,3904,-6313,-6340,1651.4716668128967
1685.3899998664856,3909,-6307,-6342,1651.476666688919
1685.3949999809265,3913,-6300,-6343,1651.48166680336
1685.3999998569489,3917,-6293,-6341,1651.4866666793823
1685.4049999713898,3920,-6284,-6338,1651.4916667938232
1685.409999847412,3925,-6277,-6337,1651.4966666698456
1685.414999961853,3929,-6269,-6334,1651.5016667842865
1685.4199998378754,3933,-6261,-6333,1651.5066666603088
1685.4249999523165,3937,-6253,-6330,1651.51166677475
1685.4299998283386,3939,-6246,-6326,1651.516666650772
1685.4349999427795,3940,-6240,-6324,1651.521666765213
1685.439999818802,3943,-6233,-6322,1651.5266666412356
1685.4449999332428,3947,-6225,-6322,1651.5316667556763
1685.4499998092651,3955,-6217,-6329,1651.5366666316986
1685.454999923706,3966,-6210,-6332,1651.5416667461395
1685.4599997997284,3975,-6203,-6338,1651.5466666221619
1685.4649999141693,3984,-6196,-6339,1651.5516667366028
1685.4699997901917,3991,-6188,-6341,1651.5566666126251
1685.4749999046326,3998,-6179,-6341,1651.561666727066
1685.479999780655,4004,-6168,-6344,1651.5666666030884
1685.4849998950958,4012,-6156,-6345,1651.5716667175293
1685.4899997711182,4020,-6141,-6346,1651.5766665935516
1685.494999885559,4029,-6126,-6347,1651.5816667079926
1685.5,4036,-6110,-6346,1651.5866668224335
1685.5049998760223,4042,-6092,-6346,1651.5916666984558
1685.5099999904633,4050,-6075,-6345,1651.5966668128967
1685.5149998664856,4058,-6058,-6346,1651.601666688919
1685.5199999809265,4070,-6039,-6350,1651.60666680336
1685.5249998569489,4083,-6020,-6352,1651.6116666793823
1685.5299999713898,4095,-6002,-6353,1651.6166667938232
1685.534999847412,4106,-5982,-6354,1651.6216666698456
1685.539999961853,4118,-5959,-6354,1651.6266667842865
1685.5449998378754,4129,-5936,-6356,1651.6316666603088
1685.5499999523165,4140,-5911,-6362,1651.63666677475
1685.5549998283386,4152,-5888,-6373,1651.641666650772
1685.5599999427795,4165,-5863,-6381,1651.646666765213
1685.564999818802,4178,-5841,-6389,1651.6516666412356
1685.5699999332428,4191,-5818,-6397,1651.6566667556763
1685.5749998092651,4201,-5792,-6401,1651.6616666316986
1685.579999923706,4211,-5766,-6405,1651.6666667461395
1685.5849997997284,4221,-5739,-6411,1651.6716666221619
1685.5899999141693,4233,-5713,-6417,1651.6766667366028
1685.5949997901917,4246,-5688,-6422,1651.6816666126251
1685.5999999046326,4258,-5663,-6428,1651.686666727066
1685.604999780655,4270,-5638,-6431,1651.6916666030884
1685.6099998950958,4280,-5614,-6432,1651.6966667175293
1685.6149997711182,4288,-5593,-6432,1651.7016665935516
1685.619999885559,4296,-5572,-6434,1651.7066667079926
1685.625,4303,-5553,-6443,1651.7116668224335
1685.6299998760223,4309,-5534,-6449,1651.7166666984558
1685.6349999904633,4315,-5516,-6451,1651.7216668128967
1685.6399998664856,4320,-5497,-6454,1651.726666688919
1685.6449999809265,4326,-5480,-6454,1651.73166680336
1685.6499998569489,4332,-5462,-6455,1651.7366666793823
1685.6549999713898,4336,-5446,-6456,1651.7416667938232
1685.659999847412,4340,-5432,-6456,1651.7466666698456
1685.664999961853,4343,-5419,-6457,1651.7516667842865
1685.6699998378754,4347,-5406,-6457,1651.7566666603088
1685.6749999523165,4352,-5394,-6456,1651.76166677475
1685.6799998283386,4358,-5382,-6457,1651.766666650772
1685.6849999427795,4362,-5372,-6458,1651.771666765213
1685.689999818802,4367,-5362,-6459,1651.7766666412356
1685.6949999332428,4369,-5352,-6459,1651.7816667556763
1685.6999998092651,4372,-5346,-6459,1651.7866666316986
1685.704999923706,4374,-5338,-6456,1651.7916667461395
1685.7099997997284,4377,-5331,-6452,1651.7966666221619
1685.7149999141693,4380,-5324,-6451,1651.8016667366028
1685.7199997901917,4381,-5316,-6448,1651.8066666126251
1685.7249999046326,4383,-5309,-6449,1651.811666727066
1685.729999780655,4385,-5300,-6450,1651.8166666030884
1685.7349998950958,4387,-5292,-6451,1651.8216667175293
1685.7399997711182,4391,-5284,-6452,1651.8266665935516
1685.744999885559,4394,-5278,-6453,1651.8316667079926
1685.75,4397,-5273,-6459,1651.8366668224335
1685.7549998760223,4401,-5268,-6464,1651.8416666984558
1685.7599999904633,4406,-5264,-6469,1651.8466668128967
1685.7649998664856,4410,-5260,-6472,1651.851666688919
1685.7699999809265,4414,-5255,-6473,1651.85666680336
1685.7749998569489,4417,-5251,-6466,1651.8616666793823
1685.7799999713898,4419,-5246,-6460,1651.8666667938232
1685.784999847412,4422,-5243,-6453,1651.8716666698456
1685.789999961853,4427,-5238,-6447,1651.8766667842865
1685.7949998378754,4433,-5232,-6441,1651.8816666603088
1685.7999999523165,4438,-5225,-6438,1651.88666677475
1685.8049998283386,4444,-5219,-6435,1651.891666650772
1685.8099999427795,4449,-5211,-6433,1651.896666765213
1685.814999818802,4453,-5203,-6436,1651.9016666412356
1685.8199999332428,4456,-5196,-6436,1651.9066667556763
1685.8249998092651,4457,-5188,-6437,1651.9116666316986
1685.829999923706,4457,-5181,-6439,1651.9166667461395
1685.8349997997284,4458,-5175,-6440,1651.9216666221619
1685.8399999141693,4459,-5167,-6440,1651.9266667366028
1685.8449997901917,4462,-5160,-6443,1651.9316666126251
1685.8499999046326,4466,-5152,-6443,1651.936666727066
1685.854999780655,4468,-5141,-6443,1651.9416666030884
1685.8599998950958,4469,-5131,-6443,1651.9466667175293
1685.8649997711182,4470,-5121,-6445,1651.9516665935516
1685.869999885559,4472,-5109,-6447,1651.9566667079926
1685.875,4475,-5097,-6451,1651.9616668224335
1685.8799998760223,4479,-5083,-6454,1651.9666666984558
1685.8849999904633,4482,-5069,-6454,1651.9716668128967
1685.8899998664856,4485,-5054,-6455,1651.976666688919
1685.8949999809265,4488,-5040,-6453,1651.98166680336
1685.8999998569489,4492,-5024,-6451,1651.9866666793823
1685.9049999713898,4498,-5008,-6451,1651.9916667938232
1685.909999847412,4505,-4990,-6451,1651.9966666698456
1685.914999961853,4510,-4973,-6454,1652.0016667842865
1685.9199998378754,4512,-4955,-6457,1652.0066666603088
1685.9249999523165,4513,-4935,-6461,1652.01166677475
1685.9299998283386,4513,-4915,-6463,1652.016666650772
1685.9349999427795,4513,-4895,-6462,1652.021666765213
1685.939999818802,4516,-4875,-6460,1652.0266666412356
1685.9449999332428,4518,-4856,-6460,1652.0316667556763
1685.9499998092651,4521,-4839,-6456,1652.0366666316986
1685.954999923706,4525,-4824,-6453,1652.0416667461395
1685.9599997997284,4530,-4809,-6453,1652.0466666221619
1685.9649999141693,4535,-4795,-6453,1652.0516667366028
1685.9699997901917,4545,-4781,-6454,1652.0566666126251
1685.9749999046326,4554,-4765,-6455,1652.061666727066
1685.979999780655,4563,-4750,-6456,1652.0666666030884
1685.9849998950958,4571,-4734,-6458,1652.0716667175293
1685.9899997711182,4576,-4717,-6463,1652.0766665935516
1685.994999885559,4580,-4702,-6467,1652.0816667079926
1686.0,4587,-4686,-6477,1652.0866668224335
1686.0049998760223,4593,-4669,-6487,1652.0916666984558
1686.0099999904633,4599,-4653,-6493,1652.0966668128967
1686.0149998664856,4605,-4635,-6497,1652.101666688919
1686.0199999809265,4612,-4615,-6500,1652.10666680336
1686.0249998569489,4620,-4594,-6501,1652.1116666793823
1686.0299999713898,4628,-4574,-6501,1652.1166667938232
1686.034999847412,4637,-4555,-6504,1652.1216666698456
1686.039999961853,4643,-4535,-6503,1652.1266667842865
1686.0449998378754,4647,-4516,-6504,1652.1316666603088
1686.0499999523165,4648,-4493,-6505,1652.13666677475
1686.0549998283386,4649,-4470,-6505,1652.141666650772
1686.0599999427795,4651,-4448,-6502,1652.146666765213
1686.064999818802,4656,-4428,-6498,1652.1516666412356
1686.0699999332428,4660,-4409,-6494,1652.1566667556763
1686.0749998092651,4663,-4388,-6492,1652.1616666316986
1686.079999923706,4663,-4367,-6494,1652.1666667461395
1686.0849997997284,4663,-4346,-6498,1652.1716666221619
1686.0899999141693,4663,-4326,-6503,1652.1766667366028
1686.0949997901917,4665,-4308,-6507,1652.1816666126251
1686.0999999046326,4667,-4290,-6509,1652.186666727066
1686.104999780655,4668,-4272,-6512,1652.1916666030884
1686.1099998950958,4667,-4254,-6514,1652.1966667175293
1686.1149997711182,4665,-4236,-6510,1652.2016665935516
1686.119999885559,4661,-4220,-6509,1652.2066667079926
1686.125,4657,-4206,-6505,1652.2116668224335
1686.1299998760223,4656,-4195,-6500,1652.2166666984558
1686.1349999904633,4654,-4183,-6498,1652.2216668128967
1686.1399998664856,4653,-4173,-6496,1652.226666688919
1686.1449999809265,4653,-4161,-6494,1652.23166680336
1686.1499998569489,4649,-4153,-6494,1652.2366666793823
1686.1549999713898,4647,-4148,-6493,1652.2416667938232
1686.159999847412,4643,-4146,-6495,1652.2466666698456
1686.164999961853,4640,-4145,-6497,1652.2516667842865
1686.1699998378754,4637,-4145,-6496,1652.2566666603088
1686.1749999523165,4637,-4149,-6496,1652.26166677475
1686.1799998283386,4637,-4154,-6496,1652.266666650772
1686.1849999427795,4635,-4162,-6496,1652.271666765213
1686.189999818802,4635,-4172,-6497,1652.2766666412356
1686.1949999332428,4635,-4183,-6495,1652.2816667556763
1686.1999998092651,4639,-4196,-6492,1652.2866666316986
1686.204999923706,4642,-4212,-6490,1652.2916667461395
1686.2099997997284,4645,-4226,-6491,1652.2966666221619
1686.2149999141693,4644,-4241,-6494,1652.3016667366028
1686.2199997901917,4642,-4255,-6499,1652.3066666126251
1686.2249999046326,4639,-4267,-6504,1652.311666727066
1686.229999780655,4637,-4279,-6506,1652.3166666030884
1686.2349998950958,4635,-4293,-6509,1652.3216667175293
1686.2399997711182,4634,-4308,-6507,1652.3266665935516
1686.244999885559,4632,-4322,-6505,1652.3316667079926
1686.25,4629,-4336,-6504,1652.3366668224335
1686.2549998760223,4626,-4347,-6500,1652.3416666984558
1686.2599999904633,4625,-4358,-6501,1652.3466668128967
1686.2649998664856,4624,-4370,-6498,1652.351666688919
1686.2699999809265,4624,-4380,-6495,1652.35666680336
1686.2749998569489,4623,-4389,-6497,1652.3616666793823
1686.2799999713898,4623,-4397,-6499,1652.3666667938232
1686.284999847412,4624,-4402,-6500,1652.3716666698456
1686.289999961853,4626,-4407,-6502,1652.3766667842865
1686.2949998378754,4628,-4413,-6500,1652.3816666603088
1686.2999999523165,4629,-4417,-6496,1652.38666677475
1686.3049998283386,4631,-4423,-6497,1652.391666650772
1686.3099999427795,4633,-4427,-6496,1652.396666765213
1686.314999818802,4634,-4431,-6497,1652.4016666412356
1686.3199999332428,4636,-4433,-6502,1652.4066667556763
1686.3249998092651,4636,-4436,-6501,1652.4116666316986
1686.329999923706,4636,-4437,-6501,1652.4166667461395
1686.3349997997284,4636,-4438,-6496,1652.4216666221619
1686.3399999141693,4636,-4437,-6489,1652.4266667366028
1686.3449997901917,4637,-4436,-6485,1652.4316666126251
1686.3499999046326,4638,-4435,-6487,1652.436666727066
1686.354999780655,4639,-4436,-6489,1652.4416666030884
1686.3599998950958,4640,-4437,-6491,1652.4466667175293
1686.3649997711182,4639,-4439,-6488,1652.4516665935516
1686.369999885559,4639,-4441,-6485,1652.4566667079926
1686.375,4638,-4443,-6485,1652.4616668224335
1686.3799998760223,4636,-4445,-6486,1652.4666666984558
1686.3849999904633,4633,-4446,-6489,1652.4716668128967
1686.3899998664856,4629,-4447,-6492,1652.476666688919
1686.3949999809265,4625,-4450,-6494,1652.48166680336
1686.3999998569489,4624,-4454,-6496,1652.4866666793823
1686.4049999713898,4625,-4459,-6501,1652.4916667938232
1686.409999847412,4626,-4464,-6506,1652.4966666698456
1686.414999961853,4625,-4468,-6508,1652.5016667842865
1686.4199998378754,4624,-4469,-6509,1652.5066666603088
1686.4249999523165,4622,-4473,-6506,1652.51166677475
1686.4299998283386,4622,-4475,-6501,1652.516666650772
1686.4349999427795,4622,-4479,-6497,1652.521666765213
1686.439999818802,4623,-4482,-6496,1652.5266666412356
1686.4449999332428,4622,-4483,-6495,1652.5316667556763
1686.4499998092651,4620,-4485,-6496,1652.5366666316986
1686.454999923706,4618,-4487,-6498,1652.5416667461395
1686.4599997997284,4615,-4489,-6497,1652.5466666221619
1686.4649999141693,4611,-4490,-6494,1652.5516667366028
1686.4699997901917,4609,-4492,-6492,1652.5566666126251
1686.4749999046326,4608,-4492,-6494,1652.561666727066
1686.479999780655,4608,-4492,-6495,1652.5666666030884
1686.4849998950958,4609,-4492,-6496,1652.5716667175293
1686.4899997711182,4608,-4494,-6495,1652.5766665935516
1686.494999885559,4605,-4495,-6497,1652.5816667079926
1686.5,4602,-4498,-6499,1652.5866668224335
1686.5049998760223,4601,-4499,-6500,1652.5916666984558
1686.5099999904633,4600,-4499,-6501,1652.5966668128967
1686.5149998664856,4601,-4501,-6500,1652.601666688919
1686.5199999809265,4602,-4502,-6498,1652.60666680336
1686.5249998569489,4600,-4505,-6496,1652.6116666793823
1686.5299999713898,4597,-4507,-6495,1652.6166667938232
1686.534999847412,4594,-4511,-6493,1652.6216666698456
1686.539999961853,4592,-4515,-6492,1652.6266667842865
1686.5449998378754,4590,-4516,-6494,1652.6316666603088
1686.5499999523165,4590,-4518,-6495,1652.63666677475
1686.5549998283386,4589,-4520,-6498,1652.641666650772
1686.5599999427795,4587,-4523,-6500,1652.646666765213
1686.564999818802,4586,-4524,-6502,1652.6516666412356
1686.5699999332428,4585,-4525,-6504,1652.6566667556763
1686.5749998092651,4587,-4523,-6503,1652.6616666316986
1686.579999923706,4589,-4520,-6501,1652.6666667461395
1686.5849997997284,4591,-4520,-6498,1652.6716666221619
1686.5899999141693,4594,-4518,-6496,1652.6766667366028
1686.5949997901917,4596,-4519,-6498,1652.6816666126251
1686.5999999046326,4599,-4518,-6499,1652.686666727066
1686.604999780655,4603,-4515,-6496,1652.6916666030884
1686.6099998950958,4607,-4513,-6493,1652.6966667175293
1686.6149997711182,4609,-4511,-6488,1652.7016665935516
1686.619999885559,4613,-4509,-6485,1652.7066667079926
1686.625,4616,-4509,-6487,1652.7116668224335
1686.6299998760223,4620,-4508,-6487,1652.7166666984558
1686.6349999904633,4625,-4509,-6483,1652.7216668128967
1686.6399998664856,4628,-4510,-6480,1652.726666688919
1686.6449999809265,4630,-4511,-6478,1652.73166680336
1686.6499998569489,4630,-4513,-6468,1652.7366666793823
1686.6549999713898,4629,-4512,-6461,1652.7416667938232
1686.659999847412,4629,-4511,-6454,1652.7466666698456
1686.664999961853,4629,-4510,-6449,1652.7516667842865
1686.6699998378754,4632,-4508,-6446,1652.7566666603088
1686.6749999523165,4634,-4506,-6447,1652.76166677475
1686.6799998283386,4636,-4503,-6444,1652.766666650772
1686.6849999427795,4638,-4501,-6442,1652.771666765213
1686.689999818802,4640,-4501,-6438,1652.7766666412356
1686.6949999332428,4642,-4502,-6434,1652.7816667556763
1686.6999998092651,4645,-4504,-6435,1652.7866666316986
1686.704999923706,4646,-4505,-6436,1652.7916667461395
1686.7099997997284,4648,-4504,-6442,1652.7966666221619
1686.7149999141693,4649,-4504,-6445,1652.8016667366028
1686.7199997901917,4649,-4505,-6445,1652.8066666126251
1686.7249999046326,4648,-4504,-6445,1652.811666727066
1686.729999780655,4646,-4504,-6442,1652.8166666030884
1686.7349998950958,4645,-4503,-6441,1652.8216667175293
1686.7399997711182,4645,-4502,-6438,1652.8266665935516
1686.744999885559,4646,-4502,-6436,1652.8316667079926
1686.75,4649,-4500,-6435,1652.8366668224335
1686.7549998760223,4650,-4499,-6433,1652.8416666984558
1686.7599999904633,4649,-4499,-6433,1652.8466668128967
1686.7649998664856,4648,-4500,-6436,1652.851666688919
1686.7699999809265,4646,-4501,-6436,1652.85666680336
1686.7749998569489,4645,-4501,-6439,1652.8616666793823
1686.7799999713898,4644,-4501,-6442,1652.8666667938232
1686.784999847412,4642,-4499,-6444,1652.8716666698456
1686.789999961853,4639,-4500,-6447,1652.8766667842865
1686.7949998378754,4635,-4503,-6446,1652.8816666603088
1686.7999999523165,4633,-4508,-6448,1652.88666677475
1686.8049998283386,4631,-4515,-6448,1652.891666650772
1686.8099999427795,4628,-4521,-6452,1652.896666765213
1686.814999818802,4626,-4529,-6457,1652.9016666412356
1686.8199999332428,4625,-4536,-6459,1652.9066667556763
1686.8249998092651,4623,-4545,-6462,1652.9116666316986
1686.829999923706,4625,-4557,-6463,1652.9166667461395
1686.8349997997284,4624,-4569,-6465,1652.9216666221619
1686.8399999141693,4624,-4582,-6468,1652.9266667366028
1686.8449997901917,4620,-4596,-6477,1652.9316666126251
1686.8499999046326,4613,-4610,-6483,1652.936666727066
1686.854999780655,4609,-4624,-6486,1652.9416666030884
1686.8599998950958,4604,-4639,-6488,1652.9466667175293
1686.8649997711182,4599,-4655,-6485,1652.9516665935516
1686.869999885559,4596,-4670,-6482,1652.9566667079926
1686.875,4592,-4686,-6481,1652.9616668224335
1686.8799998760223,4586,-4702,-6480,1652.9666666984558
1686.8849999904633,4582,-4718,-6477,1652.9716668128967
1686.8899998664856,4580,-4732,-6475,1652.976666688919
1686.8949999809265,4575,-4748,-6472,1652.98166680336
1686.8999998569489,4572,-4764,-6473,1652.9866666793823
1686.9049999713898,4569,-4780,-6476,1652.9916667938232
1686.909999847412,4566,-4796,-6479,1652.9966666698456
1686.914999961853,4564,-4811,-6479,1653.0016667842865
1686.9199998378754,4564,-4827,-6477,1653.0066666603088
1686.9249999523165,4562,-4843,-6476,1653.01166677475
1686.9299998283386,4559,-4860,-6472,1653.016666650772
1686.9349999427795,4554,-4876,-6468,1653.021666765213
1686.939999818802,4551,-4891,-6462,1653.0266666412356
1686.9449999332428,4549,-4906,-6452,1653.0316667556763
1686.9499998092651,4548,-4918,-6443,1653.0366666316986
1686.954999923706,4547,-4930,-6436,1653.0416667461395
1686.9599997997284,4547,-4941,-6436,1653.0466666221619
1686.9649999141693,4547,-4951,-6441,1653.0516667366028
1686.9699997901917,4546,-4962,-6448,1653.0566666126251
1686.9749999046326,4544,-4971,-6455,1653.061666727066
1686.979999780655,4542,-4978,-6460,1653.0666666030884
1686.9849998950958,4540,-4983,-6463,1653.0716667175293
1686.9899997711182,4539,-4986,-6467,1653.0766665935516
1686.994999885559,4538,-4989,-6470,1653.0816667079926
1687.0,4539,-4992,-6467,1653.0866668224335
1687.0049998760223,4542,-4994,-6462,1653.0916666984558
1687.0099999904633,4545,-4996,-6455,1653.0966668128967
1687.0149998664856,4548,-4997,-6449,1653.101666688919
1687.0199999809265,4547,-4997,-6446,1653.10666680336
1687.0249998569489,4546,-4995,-6443,1653.1116666793823
1687.0299999713898,4544,-4993,-6442,1653.1166667938232
1687.034999847412,4545,-4989,-6440,1653.1216666698456
1687.039999961853,4549,-4986,-6441,1653.1266667842865
1687.0449998378754,4554,-4986,-6444,1653.1316666603088
1687.0499999523165,4556,-4983,-6447,1653.13666677475
1687.0549998283386,4559,-4981,-6448,1653.141666650772
1687.0599999427795,4561,-4979,-6446,1653.146666765213
1687.064999818802,4563,-4975,-6442,1653.1516666412356
1687.0699999332428,4569,-4971,-6438,1653.1566667556763
1687.0749998092651,4574,-4967,-6437,1653.1616666316986
1687.079999923706,4577,-4963,-6433,1653.1666667461395
1687.0849997997284,4581,-4958,-6434,1653.1716666221619
1687.0899999141693,4583,-4953,-6437,1653.1766667366028
1687.0949997901917,4584,-4947,-6438,1653.1816666126251
1687.0999999046326,4587,-4942,-6440,1653.186666727066
1687.104999780655,4590,-4936,-6438,1653.1916666030884
1687.1099998950958,4593,-4933,-6435,1653.1966667175293
1687.1149997711182,4595,-4929,-6433,1653.2016665935516
1687.119999885559,4597,-4924,-6430,1653.2066667079926
1687.125,4597,-4920,-6432,1653.2116668224335
1687.1299998760223,4595,-4913,-6433,1653.2166666984558
1687.1349999904633,4595,-4909,-6433,1653.2216668128967
1687.1399998664856,4596,-4904,-6431,1653.226666688919
1687.1449999809265,4599,-4900,-6430,1653.23166680336
1687.1499998569489,4603,-4897,-6431,1653.2366666793823
1687.1549999713898,4606,-4895,-6429,1653.2416667938232
1687.159999847412,4608,-4893,-6432,1653.2466666698456
1687.164999961853,4608,-4890,-6432,1653.2516667842865
1687.1699998378754,4606,-4888,-6429,1653.2566666603088
1687.1749999523165,4605,-4885,-6425,1653.26166677475
1687.1799998283386,4606,-4883,-6417,1653.266666650772
1687.1849999427795,4606,-4882,-6411,1653.271666765213
1687.189999818802,4609,-4880,-6403,1653.2766666412356
1687.1949999332428,4610,-4879,-6397,1653.2816667556763
1687.1999998092651,4607,-4879,-6392,1653.2866666316986
1687.204999923706,4604,-4879,-6387,1653.2916667461395
1687.2099997997284,4603,-4880,-6382,1653.2966666221619
1687.2149999141693,4602,-4881,-6375,1653.3016667366028
1687.2199997901917,4602,-4881,-6369,1653.3066666126251
1687.2249999046326,4602,-4882,-6368,1653.311666727066
1687.229999780655,4601,-4880,-6370,1653.3166666030884
1687.2349998950958,4599,-4881,-6371,1653.3216667175293
1687.2399997711182,4598,-4881,-6376,1653.3266665935516
1687.244999885559,4596,-4882,-6380,1653.3316667079926
1687.25,4595,-4883,-6384,1653.3366668224335
1687.2549998760223,4592,-4885,-6390,1653.3416666984558
1687.2599999904633,4588,-4886,-6391,1653.3466668128967
1687.2649998664856,4584,-4888,-6391,1653.351666688919
1687.2699999809265,4582,-4891,-6390,1653.35666680336
1687.2749998569489,4583,-4894,-6393,1653.3616666793823
1687.2799999713898,4585,-4895,-6395,1653.3666667938232
1687.284999847412,4586,-4897,-6396,1653.3716666698456
1687.289999961853,4586,-4898,-6394,1653.3766667842865
1687.2949998378754,4583,-4901,-6394,1653.3816666603088
1687.2999999523165,4580,-4907,-6396,1653.38666677475
1687.3049998283386,4577,-4914,-6400,1653.391666650772
1687.3099999427795,4578,-4920,-6404,1653.396666765213
1687.314999818802,4580,-4928,-6406,1653.4016666412356
1687.3199999332428,4581,-4934,-6407,1653.4066667556763
1687.3249998092651,4580,-4938,-6410,1653.4116666316986
1687.329999923706,4579,-4943,-6411,1653.4166667461395
1687.3349997997284,4578,-4947,-6411,1653.4216666221619
1687.3399999141693,4581,-4950,-6411,1653.4266667366028
1687.3449997901917,4586,-4953,-6407,1653.4316666126251
1687.3499999046326,4590,-4956,-6402,1653.436666727066
1687.354999780655,4595,-4959,-6400,1653.4416666030884
1687.3599998950958,4594,-4963,-6401,1653.4466667175293
1687.3649997711182,4592,-4968,-6404,1653.4516665935516
1687.369999885559,4589,-4972,-6408,1653.4566667079926
1687.375,4588,-4973,-6405,1653.4616668224335
1687.3799998760223,4591,-4973,-6404,1653.4666666984558
1687.3849999904633,4594,-4974,-6402,1653.4716668128967
1687.3899998664856,4598,-4975,-6396,1653.476666688919
1687.3949999809265,4602,-4976,-6395,1653.48166680336
1687.3999998569489,4602,-4977,-6389,1653.4866666793823
1687.4049999713898,4603,-4975,-6385,1653.4916667938232
1687.409999847412,4606,-4971,-6384,1653.4966666698456
1687.414999961853,4607,-4967,-6381,1653.5016667842865
1687.4199998378754,4610,-4962,-6380,1653.5066666603088
1687.4249999523165,4614,-4958,-6381,1653.51166677475
1687.4299998283386,4618,-4953,-6381,1653.516666650772
1687.4349999427795,4619,-4947,-6385,1653.521666765213
1687.439999818802,4621,-4940,-6389,1653.5266666412356
1687.4449999332428,4624,-4933,-6390,1653.5316667556763
1687.4499998092651,4625,-4925,-6391,1653.5366666316986
1687.454999923706,4627,-4918,-6387,1653.5416667461395
1687.4599997997284,4628,-4910,-6382,1653.5466666221619
1687.4649999141693,4627,-4903,-6382,1653.5516667366028
1687.4699997901917,4626,-4897,-6382,1653.5566666126251
1687.4749999046326,4625,-4893,-6389,1653.561666727066
1687.479999780655,4624,-4891,-6392,1653.5666666030884
1687.4849998950958,4623,-4889,-6396,1653.5716667175293
1687.4899997711182,4623,-4887,-6400,1653.5766665935516
1687.494999885559,4620,-4887,-6401,1653.5816667079926
1687.5,4617,-4886,-6400,1653.5866668224335
1687.5049998760223,4617,-4884,-6401,1653.5916666984558
1687.5099999904633,4617,-4886,-6401,1653.5966668128967
1687.5149998664856,4616,-4887,-6402,1653.601666688919
1687.5199999809265,4617,-4891,-6402,1653.60666680336
1687.5249998569489,4615,-4897,-6403,1653.6116666793823
1687.5299999713898,4612,-4902,-6404,1653.6166667938232
1687.534999847412,4609,-4906,-6404,1653.6216666698456
1687.539999961853,4605,-4911,-6405,1653.6266667842865
1687.5449998378754,4601,-4917,-6407,1653.6316666603088
1687.5499999523165,4598,-4924,-6411,1653.63666677475
1687.5549998283386,4596,-4931,-6412,1653.641666650772
1687.5599999427795,4595,-4938,-6411,1653.646666765213
1687.564999818802,4592,-4945,-6408,1653.6516666412356
1687.5699999332428,4586,-4954,-6403,1653.6566667556763
1687.5749998092651,4579,-4961,-6402,1653.6616666316986
1687.579999923706,4572,-4970,-6403,1653.6666667461395
1687.5849997997284,4565,-4977,-6403,1653.6716666221619
1687.5899999141693,4563,-4986,-6408,1653.6766667366028
1687.5949997901917,4561,-4996,-6409,1653.6816666126251
1687.5999999046326,4558,-5008,-6409,1653.686666727066
1687.604999780655,4554,-5019,-6410,1653.6916666030884
1687.6099998950958,4549,-5033,-6409,1653.6966667175293
1687.6149997711182,4543,-5046,-6409,1653.7016665935516
1687.619999885559,4539,-5061,-6409,1653.7066667079926
1687.625,4535,-5074,-6404,1653.7116668224335
1687.6299998760223,4532,-5087,-6402,1653.7166666984558
1687.6349999904633,4529,-5100,-6398,1653.7216668128967
1687.6399998664856,4526,-5115,-6396,1653.726666688919
1687.6449999809265,4524,-5131,-6394,1653.73166680336
1687.6499998569489,4521,-5145,-6389,1653.7366666793823
1687.6549999713898,4519,-5160,-6386,1653.7416667938232
1687.659999847412,4517,-5174,-6384,1653.7466666698456
1687.664999961853,4514,-5187,-6386,1653.7516667842865
1687.6699998378754,4509,-5200,-6387,1653.7566666603088
1687.6749999523165,4502,-5215,-6389,1653.76166677475
1687.6799998283386,4494,-5230,-6393,1653.766666650772
1687.6849999427795,4487,-5245,-6394,1653.771666765213
1687.689999818802,4483,-5261,-6398,1653.7766666412356
1687.6949999332428,4479,-5274,-6403,1653.7816667556763
1687.6999998092651,4472,-5287,-6407,1653.7866666316986
1687.704999923706,4464,-5298,-6409,1653.7916667461395
1687.7099997997284,4455,-5308,-6409,1653.7966666221619
1687.7149999141693,4448,-5318,-6407,1653.8016667366028
1687.7199997901917,4443,-5326,-6406,1653.8066666126251
1687.7249999046326,4440,-5334,-6403,1653.811666727066
1687.729999780655,4436,-5342,-6399,1653.8166666030884
1687.7349998950958,4431,-5350,-6397,1653.8216667175293
1687.7399997711182,4426,-5358,-6396,1653.8266665935516
1687.744999885559,4421,-5367,-6398,1653.8316667079926
1687.75,4418,-5375,-6400,1653.8366668224335
1687.7549998760223,4416,-5382,-6400,1653.8416666984558
1687.7599999904633,4413,-5390,-6401,1653.8466668128967
1687.7649998664856,4408,-5395,-6401,1653.851666688919
1687.7699999809265,4404,-5402,-6400,1653.85666680336
1687.7749998569489,4399,-5408,-6400,1653.8616666793823
1687.7799999713898,4398,-5414,-6400,1653.8666667938232
1687.784999847412,4398,-5418,-6399,1653.8716666698456
1687.789999961853,4398,-5423,-6402,1653.8766667842865
1687.7949998378754,4398,-5430,-6404,1653.8816666603088
1687.7999999523165,4396,-5436,-6405,1653.88666677475
1687.8049998283386,4394,-5441,-6406,1653.891666650772
1687.8099999427795,4391,-5446,-6406,1653.896666765213
1687.814999818802,4389,-5450,-6404,1653.9016666412356
1687.8199999332428,4386,-5455,-6403,1653.9066667556763
1687.8249998092651,4383,-5462,-6402,1653.9116666316986
1687.829999923706,4378,-5468,-6401,1653.9166667461395
1687.8349997997284,4372,-5473,-6402,1653.9216666221619
1687.8399999141693,4366,-5478,-6404,1653.9266667366028
1687.8449997901917,4358,-5481,-6406,1653.9316666126251
1687.8499999046326,4352,-5484,-6407,1653.936666727066
1687.854999780655,4349,-5488,-6409,1653.9416666030884
1687.8599998950958,4346,-5491,-6408,1653.9466667175293
1687.8649997711182,4344,-5493,-6405,1653.9516665935516
1687.869999885559,4343,-5494,-6401,1653.9566667079926
1687.875,4341,-5495,-6398,1653.9616668224335
1687.8799998760223,4338,-5497,-6400,1653.9666666984558
1687.8849999904633,4335,-5500,-6402,1653.9716668128967
1687.8899998664856,4333,-5507,-6403,1653.976666688919
1687.8949999809265,4334,-5513,-6406,1653.98166680336
1687.8999998569489,4334,-5519,-6408,1653.9866666793823
1687.9049999713898,4331,-5525,-6410,1653.9916667938232
1687.909999847412,4325,-5531,-6416,1653.9966666698456
1687.914999961853,4320,-5536,-6420,1654.0016667842865
1687.9199998378754,4316,-5539,-6422,1654.0066666603088
1687.9249999523165,4314,-5541,-6421,1654.01166677475
1687.9299998283386,4315,-5544,-6420,1654.016666650772
1687.9349999427795,4315,-5547,-6416,1654.021666765213
1687.939999818802,4314,-5551,-6414,1654.0266666412356
1687.9449999332428,4313,-5556,-6414,1654.0316667556763
1687.9499998092651,4312,-5561,-6411,1654.0366666316986
1687.954999923706,4311,-5565,-6405,1654.0416667461395
1687.9599997997284,4310,-5570,-6404,1654.0466666221619
1687.9649999141693,4308,-5575,-6403,1654.0516667366028
1687.9699997901917,4304,-5581,-6401,1654.0566666126251
1687.9749999046326,4301,-5587,-6403,1654.061666727066
1687.979999780655,4300,-5589,-6400,1654.0666666030884
1687.9849998950958,4299,-5592,-6396,1654.0716667175293
1687.9899997711182,4299,-5594,-6394,1654.0766665935516
1687.994999885559,4297,-5597,-6394,1654.0816667079926
1688.0,4293,-5599,-6398,1654.0866668224335
1688.0049998760223,4287,-5600,-6403,1654.0916666984558
1688.0099999904633,4281,-5600,-6407,1654.0966668128967
1688.0149998664856,4277,-5600,-6409,1654.101666688919
1688.0199999809265,4270,-5601,-6414,1654.10666680336
1688.0249998569489,4264,-5604,-6418,1654.1116666793823
1688.0299999713898,4259,-5609,-6420,1654.1166667938232
1688.034999847412,4254,-5616,-6422,1654.1216666698456
1688.039999961853,4250,-5623,-6420,1654.1266667842865
1688.0449998378754,4244,-5629,-6415,1654.1316666603088
1688.0499999523165,4238,-5635,-6407,1654.13666677475
1688.0549998283386,4232,-5640,-6403,1654.141666650772
1688.0599999427795,4226,-5646,-6401,1654.146666765213
1688.064999818802,4221,-5653,-6400,1654.1516666412356
1688.0699999332428,4216,-5659,-6399,1654.1566667556763
1688.0749998092651,4212,-5665,-6395,1654.1616666316986
1688.079999923706,4208,-5672,-6390,1654.1666667461395
1688.0849997997284,4203,-5680,-6384,1654.1716666221619
1688.0899999141693,4196,-5691,-6378,1654.1766667366028
1688.0949997901917,4188,-5704,-6372,1654.1816666126251
1688.0999999046326,4180,-5717,-6367,1654.186666727066
1688.104999780655,4172,-5732,-6366,1654.1916666030884
1688.1099998950958,4166,-5748,-6370,1654.1966667175293
1688.1149997711182,4156,-5763,-6374,1654.2016665935516
1688.119999885559,4147,-5781,-6380,1654.2066667079926
1688.125,4135,-5798,-6384,1654.2116668224335
1688.1299998760223,4123,-5812,-6388,1654.2166666984558
1688.1349999904633,4112,-5827,-6392,1654.2216668128967
1688.1399998664856,4103,-5842,-6394,1654.226666688919
1688.1449999809265,4095,-5857,-6395,1654.23166680336
1688.1499998569489,4087,-5873,-6394,1654.2366666793823
1688.1549999713898,4079,-5889,-6394,1654.2416667938232
1688.159999847412,4071,-5906,-6393,1654.2466666698456
1688.164999961853,4062,-5924,-6396,1654.2516667842865
1688.1699998378754,4053,-5942,-6397,1654.2566666603088
1688.1749999523165,4045,-5961,-6398,1654.26166677475
1688.1799998283386,4036,-5981,-6400,1654.266666650772
1688.1849999427795,4028,-5998,-6400,1654.271666765213
1688.189999818802,4020,-6013,-6401,1654.2766666412356
1688.1949999332428,4013,-6026,-6400,1654.2816667556763
1688.1999998092651,4007,-6037,-6399,1654.2866666316986
1688.204999923706,4001,-6050,-6401,1654.2916667461395
1688.2099997997284,3997,-6062,-6401,1654.2966666221619
1688.2149999141693,3992,-6075,-6400,1654.3016667366028
1688.2199997901917,3987,-6087,-6396,1654.3066666126251
1688.2249999046326,3982,-6100,-6391,1654.311666727066
1688.229999780655,3975,-6113,-6387,1654.3166666030884
1688.2349998950958,3972,-6125,-6383,1654.3216667175293
1688.2399997711182,3970,-6135,-6383,1654.3266665935516
1688.244999885559,3969,-6143,-6384,1654.3316667079926
1688.25,3966,-6151,-6386,1654.3366668224335
1688.2549998760223,3963,-6158,-6391,1654.3416666984558
1688.2599999904633,3958,-6164,-6396,1654.3466668128967
1688.2649998664856,3954,-6168,-6397,1654.351666688919
1688.2699999809265,3950,-6170,-6395,1654.35666680336
1688.2749998569489,3949,-6172,-6392,1654.3616666793823
1688.2799999713898,3949,-6173,-6389,1654.3666667938232
1688.284999847412,3947,-6174,-6390,1654.3716666698456
1688.289999961853,3945,-6174,-6392,1654.3766667842865
1688.2949998378754,3941,-6175,-6395,1654.3816666603088
1688.2999999523165,3937,-6176,-6396,1654.38666677475
1688.3049998283386,3933,-6176,-6394,1654.391666650772
1688.3099999427795,3931,-6177,-6395,1654.396666765213
1688.314999818802,3928,-6175,-6395,1654.4016666412356
1688.3199999332428,3926,-6174,-6396,1654.4066667556763
1688.3249998092651,3923,-6177,-6400,1654.4116666316986
1688.329999923706,3918,-6181,-6400,1654.4166667461395
1688.3349997997284,3914,-6186,-6405,1654.4216666221619
1688.3399999141693,3909,-6193,-6405,1654.4266667366028
1688.3449997901917,3903,-6201,-6402,1654.4316666126251
1688.3499999046326,3897,-6211,-6399,1654.436666727066
1688.354999780655,3889,-6221,-6393,1654.4416666030884
1688.3599998950958,3879,-6232,-6393,1654.4466667175293
1688.3649997711182,3870,-6242,-6395,1654.4516665935516
1688.369999885559,3861,-6252,-6395,1654.4566667079926
1688.375,3852,-6263,-6398,1654.4616668224335
1688.3799998760223,3843,-6275,-6399,1654.4666666984558
1688.3849999904633,3835,-6286,-6396,1654.4716668128967
1688.3899998664856,3826,-6299,-6395,1654.476666688919
1688.3949999809265,3815,-6312,-6395,1654.48166680336
1688.3999998569489,3801,-6325,-6391,1654.4866666793823
1688.4049999713898,3788,-6339,-6392,1654.4916667938232
1688.409999847412,3775,-6355,-6393,1654.4966666698456
1688.414999961853,3763,-6369,-6394,1654.5016667842865
1688.4199998378754,3752,-6385,-6397,1654.5066666603088
1688.4249999523165,3739,-6402,-6400,1654.51166677475
1688.4299998283386,3726,-6419,-6399,1654.516666650772
1688.4349999427795,3713,-6437,-6399,1654.521666765213
1688.439999818802,3700,-6454,-6397,1654.5266666412356
1688.4449999332428,3686,-6474,-6394,1654.5316667556763
1688.4499998092651,3673,-6491,-6395,1654.5366666316986
1688.454999923706,3659,-6510,-6396,1654.5416667461395
1688.4599997997284,3647,-6528,-6396,1654.5466666221619
1688.4649999141693,3636,-6544,-6396,1654.5516667366028
1688.4699997901917,3627,-6559,-6395,1654.5566666126251
1688.4749999046326,3619,-6574,-6395,1654.561666727066
1688.479999780655,3612,-6589,-6394,1654.5666666030884
1688.4849998950958,3604,-6605,-6392,1654.5716667175293
1688.4899997711182,3595,-6619,-6392,1654.5766665935516
1688.494999885559,3584,-6632,-6390,1654.5816667079926
1688.5,3576,-6643,-6388,1654.5866668224335
1688.5049998760223,3571,-6651,-6387,1654.5916666984558
1688.5099999904633,3566,-6660,-6381,1654.5966668128967
1688.5149998664856,3564,-6667,-6380,1654.601666688919
1688.5199999809265,3562,-6673,-6380,1654.60666680336
1688.5249998569489,3561,-6677,-6383,1654.6116666793823
1688.5299999713898,3561,-6680,-6387,1654.6166667938232
1688.534999847412,3563,-6681,-6383,1654.6216666698456
1688.539999961853,3564,-6680,-6378,1654.6266667842865
1688.5449998378754,3566,-6678,-6373,1654.6316666603088
1688.5499999523165,3568,-6675,-6366,1654.63666677475
1688.5549998283386,3571,-6672,-6361,1654.641666650772
1688.5599999427795,3575,-6669,-6357,1654.646666765213
1688.564999818802,3578,-6665,-6351,1654.6516666412356
1688.5699999332428,3582,-6660,-6347,1654.6566667556763
1688.5749998092651,3586,-6654,-6343,1654.6616666316986
1688.579999923706,3593,-6648,-6342,1654.6666667461395
1688.5849997997284,3600,-6642,-6343,1654.6716666221619
1688.5899999141693,3604,-6636,-6345,1654.6766667366028
1688.5949997901917,3608,-6631,-6350,1654.6816666126251
1688.5999999046326,3611,-6625,-6349,1654.686666727066
1688.604999780655,3614,-6616,-6347,1654.6916666030884
1688.6099998950958,3618,-6608,-6348,1654.6966667175293
1688.6149997711182,3621,-6603,-6351,1654.7016665935516
1688.619999885559,3624,-6598,-6355,1654.7066667079926
1688.625,3624,-6596,-6358,1654.7116668224335
1688.6299998760223,3624,-6596,-6359,1654.7166666984558
1688.6349999904633,3623,-6596,-6360,1654.7216668128967
1688.6399998664856,3623,-6596,-6357,1654.726666688919
1688.6449999809265,3622,-6597,-6353,1654.73166680336
1688.6499998569489,3620,-6598,-6354,1654.7366666793823
1688.6549999713898,3617,-6598,-6351,1654.7416667938232
1688.659999847412,3613,-6597,-6354,1654.7466666698456
1688.664999961853,3611,-6596,-6357,1654.7516667842865
1688.6699998378754,3611,-6597,-6356,1654.7566666603088
1688.6749999523165,3612,-6597,-6356,1654.76166677475
1688.6799998283386,3615,-6595,-6355,1654.766666650772
1688.6849999427795,3615,-6593,-6354,1654.771666765213
1688.689999818802,3615,-6591,-6356,1654.7766666412356
1688.6949999332428,3614,-6589,-6357,1654.7816667556763
1688.6999998092651,3615,-6587,-6357,1654.7866666316986
1688.704999923706,3617,-6588,-6359,1654.7916667461395
1688.7099997997284,3619,-6589,-6361,1654.7966666221619
1688.7149999141693,3619,-6589,-6361,1654.8016667366028
1688.7199997901917,3619,-6590,-6360,1654.8066666126251
1688.7249999046326,3621,-6590,-6363,1654.811666727066
1688.729999780655,3621,-6589,-6363,1654.8166666030884
1688.7349998950958,3622,-6587,-6362,1654.8216667175293
1688.7399997711182,3625,-6587,-6363,1654.8266665935516
1688.744999885559,3624,-6587,-6364,1654.8316667079926
1688.75,3626,-6586,-6367,1654.8366668224335
1688.7549998760223,3627,-6585,-6375,1654.8416666984558
1688.7599999904633,3629,-6582,-6375,1654.8466668128967
1688.7649998664856,3631,-6580,-6377,1654.851666688919
1688.7699999809265,3633,-6579,-6378,1654.85666680336
1688.7749998569489,3636,-6578,-6376,1654.8616666793823
1688.7799999713898,3639,-6576,-6370,1654.8666667938232
1688.784999847412,3644,-6575,-6361,1654.8716666698456
1688.789999961853,3649,-6573,-6354,1654.8766667842865
1688.7949998378754,3653,-6570,-6347,1654.8816666603088
1688.7999999523165,3658,-6569,-6347,1654.88666677475
1688.8049998283386,3662,-6568,-6349,1654.891666650772
1688.8099999427795,3667,-6567,-6350,1654.896666765213
1688.814999818802,3671,-6568,-6352,1654.9016666412356
1688.8199999332428,3675,-6566,-6353,1654.9066667556763
1688.8249998092651,3676,-6563,-6358,1654.9116666316986
1688.829999923706,3677,-6560,-6361,1654.9166667461395
1688.8349997997284,3678,-6558,-6362,1654.9216666221619
1688.8399999141693,3679,-6558,-6361,1654.9266667366028
1688.8449997901917,3680,-6558,-6359,1654.9316666126251
1688.8499999046326,3683,-6555,-6358,1654.936666727066
1688.854999780655,3685,-6554,-6354,1654.9416666030884
1688.8599998950958,3686,-6553,-6351,1654.9466667175293
1688.8649997711182,3687,-6550,-6351,1654.9516665935516
1688.869999885559,3690,-6549,-6352,1654.9566667079926
1688.875,3693,-6550,-6355,1654.9616668224335
1688.8799998760223,3694,-6550,-6356,1654.9666666984558
1688.8849999904633,3695,-6554,-6351,1654.9716668128967
1688.8899998664856,3694,-6557,-6348,1654.976666688919
1688.8949999809265,3692,-6558,-6346,1654.98166680336
1688.8999998569489,3690,-6561,-6344,1654.9866666793823
1688.9049999713898,3689,-6563,-6344,1654.9916667938232
1688.909999847412,3688,-6564,-6344,1654.9966666698456
1688.914999961853,3687,-6565,-6338,1655.0016667842865
1688.9199998378754,3688,-6568,-6335,1655.0066666603088
1688.9249999523165,3687,-6569,-6331,1655.01166677475
1688.9299998283386,3687,-6571,-6327,1655.016666650772
1688.9349999427795,3687,-6574,-6327,1655.021666765213
1688.939999818802,3685,-6577,-6330,1655.0266666412356
1688.9449999332428,3684,-6582,-6334,1655.0316667556763
1688.9499998092651,3683,-6587,-6339,1655.0366666316986
1688.954999923706,3680,-6591,-6344,1655.0416667461395
1688.9599997997284,3678,-6594,-6348,1655.0466666221619
1688.9649999141693,3674,-6596,-6348,1655.0516667366028
1688.9699997901917,3670,-6598,-6347,1655.0566666126251
1688.9749999046326,3669,-6601,-6345,1655.061666727066
1688.979999780655,3668,-6603,-6344,1655.0666666030884
1688.9849998950958,3665,-6605,-6340,1655.0716667175293
1688.9899997711182,3661,-6608,-6340,1655.0766665935516
1688.994999885559,3656,-6611,-6341,1655.0816667079926
1689.0,3650,-6615,-6340,1655.0866668224335
1689.0049998760223,3646,-6620,-6344,1655.0916666984558
1689.0099999904633,3644,-6624,-6346,1655.0966668128967
1689.0149998664856,3640,-6630,-6346,1655.101666688919
1689.0199999809265,3639,-6636,-6349,1655.10666680336
1689.0249998569489,3633,-6641,-6348,1655.1116666793823
1689.0299999713898,3628,-6646,-6343,1655.1166667938232
1689.034999847412,3622,-6650,-6338,1655.1216666698456
1689.039999961853,3615,-6655,-6334,1655.1266667842865
1689.0449998378754,3610,-6661,-6332,1655.1316666603088
1689.0499999523165,3604,-6669,-6331,1655.13666677475
1689.0549998283386,3597,-6680,-6334,1655.141666650772
1689.0599999427795,3588,-6692,-6335,1655.146666765213
1689.064999818802,3580,-6706,-6334,1655.1516666412356
1689.0699999332428,3572,-6719,-6334,1655.1566667556763
1689.0749998092651,3563,-6732,-6331,1655.1616666316986
1689.079999923706,3555,-6744,-6329,1655.1666667461395
1689.0849997997284,3546,-6755,-6329,1655.1716666221619
1689.0899999141693,3537,-6767,-6329,1655.1766667366028
1689.0949997901917,3527,-6781,-6330,1655.1816666126251
1689.0999999046326,3516,-6795,-6331,1655.186666727066
1689.104999780655,3505,-6812,-6332,1655.1916666030884
1689.1099998950958,3491,-6828,-6329,1655.1966667175293
1689.1149997711182,3477,-6843,-6322,1655.2016665935516
1689.119999885559,3463,-6860,-6317,1655.2066667079926
1689.125,3448,-6877,-6310,1655.2116668224335
1689.1299998760223,3435,-6893,-6305,1655.2166666984558
1689.1349999904633,3423,-6908,-6300,1655.2216668128967
1689.1399998664856,3408,-6922,-6294,1655.226666688919
1689.1449999809265,3393,-6935,-6286,1655.23166680336
1689.1499998569489,3375,-6950,-6279,1655.2366666793823
1689.1549999713898,3358,-6967,-6275,1655.2416667938232
1689.159999847412,3343,-6986,-6274,1655.2466666698456
1689.164999961853,3329,-7005,-6276,1655.2516667842865
1689.1699998378754,3315,-7023,-6277,1655.2566666603088
1689.1749999523165,3301,-7039,-6279,1655.26166677475
1689.1799998283386,3287,-7055,-6279,1655.266666650772
1689.1849999427795,3276,-7067,-6275,1655.271666765213
1689.189999818802,3264,-7078,-6269,1655.2766666412356
1689.1949999332428,3254,-7088,-6263,1655.2816667556763
1689.1999998092651,3244,-7096,-6255,1655.2866666316986
1689.204999923706,3237,-7106,-6248,1655.2916667461395
1689.2099997997284,3228,-7116,-6242,1655.2966666221619
1689.2149999141693,3222,-7126,-6238,1655.3016667366028
1689.2199997901917,3216,-7136,-6239,1655.3066666126251
1689.2249999046326,3209,-7145,-6238,1655.311666727066
1689.229999780655,3201,-7153,-6237,1655.3166666030884
1689.2349998950958,3194,-7159,-6235,1655.3216667175293
1689.2399997711182,3188,-7164,-6231,1655.3266665935516
1689.244999885559,3182,-7168,-6230,1655.3316667079926
1689.25,3179,-7172,-6229,1655.3366668224335
1689.2549998760223,3176,-7176,-6230,1655.3416666984558
1689.2599999904633,3173,-7181,-6232,1655.3466668128967
1689.2649998664856,3169,-7183,-6232,1655.351666688919
1689.2699999809265,3165,-7185,-6232,1655.35666680336
1689.2749998569489,3163,-7186,-6230,1655.3616666793823
1689.2799999713898,3162,-7186,-6230,1655.3666667938232
1689.284999847412,3161,-7187,-6229,1655.3716666698456
1689.289999961853,3161,-7187,-6228,1655.3766667842865
1689.2949998378754,3160,-7187,-6227,1655.3816666603088
1689.2999999523165,3157,-7187,-6229,1655.38666677475
1689.3049998283386,3154,-7189,-6232,1655.391666650772
1689.3099999427795,3151,-7190,-6236,1655.396666765213
1689.314999818802,3150,-7191,-6240,1655.4016666412356
1689.3199999332428,3148,-7191,-6245,1655.4066667556763
1689.3249998092651,3148,-7190,-6245,1655.4116666316986
1689.329999923706,3146,-7190,-6241,1655.4166667461395
1689.3349997997284,3146,-7190,-6238,1655.4216666221619
1689.3399999141693,3145,-7191,-6233,1655.4266667366028
1689.3449997901917,3144,-7191,-6231,1655.4316666126251
1689.3499999046326,3144,-7190,-6229,1655.436666727066
1689.354999780655,3146,-7189,-6230,1655.4416666030884
1689.3599998950958,3148,-7189,-6229,1655.4466667175293
1689.3649997711182,3149,-7189,-6226,1655.4516665935516
1689.369999885559,3149,-7190,-6222,1655.4566667079926
1689.375,3146,-7189,-6214,1655.4616668224335
1689.3799998760223,3143,-7188,-6210,1655.4666666984558
1689.3849999904633,3141,-7187,-6207,1655.4716668128967
1689.3899998664856,3143,-7185,-6206,1655.476666688919
1689.3949999809265,3146,-7185,-6202,1655.48166680336
1689.3999998569489,3150,-7185,-6204,1655.4866666793823
1689.4049999713898,3155,-7182,-6205,1655.4916667938232
1689.409999847412,3159,-7182,-6204,1655.4966666698456
1689.414999961853,3165,-7181,-6206,1655.5016667842865
1689.4199998378754,3170,-7180,-6210,1655.5066666603088
1689.4249999523165,3175,-7179,-6213,1655.51166677475
1689.4299998283386,3175,-7177,-6213,1655.516666650772
1689.4349999427795,3173,-7174,-6209,1655.521666765213
1689.439999818802,3175,-7169,-6202,1655.5266666412356
1689.4449999332428,3174,-7164,-6197,1655.5316667556763
1689.4499998092651,3176,-7157,-6193,1655.5366666316986
1689.454999923706,3176,-7152,-6188,1655.5416667461395
1689.4599997997284,3176,-7148,-6186,1655.5466666221619
1689.4649999141693,3177,-7146,-6185,1655.5516667366028
1689.4699997901917,3179,-7148,-6183,1655.5566666126251
1689.4749999046326,3182,-7147,-6183,1655.561666727066
1689.479999780655,3186,-7147,-6181,1655.5666666030884
1689.4849998950958,3189,-7145,-6181,1655.5716667175293
1689.4899997711182,3191,-7142,-6181,1655.5766665935516
1689.494999885559,3193,-7138,-6179,1655.5816667079926
1689.5,3195,-7137,-6177,1655.5866668224335
1689.5049998760223,3197,-7136,-6176,1655.5916666984558
1689.5099999904633,3199,-7137,-6176,1655.5966668128967
1689.5149998664856,3201,-7137,-6176,1655.601666688919
1689.5199999809265,3204,-7139,-6179,1655.60666680336
1689.5249998569489,3207,-7142,-6183,1655.6116666793823
1689.5299999713898,3210,-7142,-6188,1655.6166667938232
1689.534999847412,3212,-7143,-6193,1655.6216666698456
1689.539999961853,3215,-7144,-6197,1655.6266667842865
1689.5449998378754,3216,-7143,-6202,1655.6316666603088
1689.5499999523165,3218,-7143,-6205,1655.63666677475
1689.5549998283386,3219,-7143,-6209,1655.641666650772
1689.5599999427795,3217,-7141,-6210,1655.646666765213
1689.564999818802,3217,-7140,-6208,1655.6516666412356
1689.5699999332428,3214,-7136,-6207,1655.6566667556763
1689.5749998092651,3213,-7132,-6206,1655.6616666316986
1689.579999923706,3213,-7129,-6208,1655.6666667461395
1689.5849997997284,3210,-7126,-6208,1655.6716666221619
1689.5899999141693,3210,-7125,-6212,1655.6766667366028
1689.5949997901917,3210,-7126,-6214,1655.6816666126251
1689.5999999046326,3211,-7128,-6216,1655.686666727066
1689.604999780655,3214,-7131,-6219,1655.6916666030884
1689.6099998950958,3217,-7133,-6223,1655.6966667175293
1689.6149997711182,3221,-7134,-6224,1655.7016665935516
1689.619999885559,3225,-7135,-6222,1655.7066667079926
1689.625,3228,-7131,-6220,1655.7116668224335
1689.6299998760223,3231,-7128,-6217,1655.7166666984558
1689.6349999904633,3234,-7123,-6217,1655.7216668128967
1689.6399998664856,3236,-7119,-6220,1655.726666688919
1689.6449999809265,3237,-7116,-6220,1655.73166680336
1689.6499998569489,3241,-7110,-6221,1655.7366666793823
1689.6549999713898,3245,-7103,-6220,1655.7416667938232
1689.659999847412,3251,-7095,-6221,1655.7466666698456
1689.664999961853,3255,-7087,-6221,1655.7516667842865
1689.6699998378754,3259,-7081,-6221,1655.7566666603088
1689.6749999523165,3263,-7075,-6219,1655.76166677475
1689.6799998283386,3266,-7070,-6214,1655.766666650772
1689.6849999427795,3272,-7064,-6209,1655.771666765213
1689.689999818802,3279,-7056,-6205,1655.7766666412356
1689.6949999332428,3288,-7049,-6204,1655.7816667556763
1689.6999998092651,3299,-7042,-6206,1655.7866666316986
1689.704999923706,3309,-7035,-6206,1655.7916667461395
1689.7099997997284,3318,-7027,-6206,1655.7966666221619
1689.7149999141693,3327,-7020,-6208,1655.8016667366028
1689.7199997901917,3335,-7012,-6211,1655.8066666126251
1689.7249999046326,3344,-7004,-6214,1655.811666727066
1689.729999780655,3354,-6997,-6217,1655.8166666030884
1689.7349998950958,3363,-6989,-6219,1655.8216667175293
1689.7399997711182,3373,-6983,-6222,1655.8266665935516
1689.744999885559,3381,-6977,-6229,1655.8316667079926
1689.75,3391,-6970,-6236,1655.8366668224335
1689.7549998760223,3400,-6961,-6243,1655.8416666984558
1689.7599999904633,3409,-6950,-6248,1655.8466668128967
1689.7649998664856,3418,-6938,-6253,1655.851666688919
1689.7699999809265,3426,-6926,-6254,1655.85666680336
1689.7749998569489,3433,-6916,-6254,1655.8616666793823
1689.7799999713898,3439,-6911,-6254,1655.8666667938232
1689.784999847412,3445,-6908,-6256,1655.8716666698456
1689.789999961853,3451,-6907,-6257,1655.8766667842865
1689.7949998378754,3456,-6906,-6254,1655.8816666603088
1689.7999999523165,3460,-6903,-6248,1655.88666677475
1689.8049998283386,3464,-6899,-6243,1655.891666650772
1689.8099999427795,3468,-6895,-6241,1655.896666765213
1689.814999818802,3471,-6891,-6242,1655.9016666412356
1689.8199999332428,3472,-6887,-6243,1655.9066667556763
1689.8249998092651,3472,-6885,-6245,1655.9116666316986
1689.829999923706,3472,-6885,-6248,1655.9166667461395
1689.8349997997284,3472,-6885,-6251,1655.9216666221619
1689.8399999141693,3473,-6886,-6257,1655.9266667366028
1689.8449997901917,3476,-6886,-6259,1655.9316666126251
1689.8499999046326,3479,-6885,-6263,1655.936666727066
1689.854999780655,3483,-6882,-6266,1655.9416666030884
1689.8599998950958,3486,-6879,-6269,1655.9466667175293
1689.8649997711182,3488,-6877,-6275,1655.9516665935516
1689.869999885559,3490,-6874,-6278,1655.9566667079926
1689.875,3492,-6873,-6276,1655.9616668224335
1689.8799998760223,3493,-6871,-6276,1655.9666666984558
1689.8849999904633,3493,-6867,-6275,1655.9716668128967
1689.8899998664856,3494,-6863,-6278,1655.976666688919
1689.8949999809265,3497,-6859,-6281,1655.98166680336
1689.8999998569489,3501,-6855,-6284,1655.9866666793823
1689.9049999713898,3505,-6850,-6286,1655.9916667938232
1689.909999847412,3510,-6845,-6287,1655.9966666698456
1689.914999961853,3515,-6839,-6288,1656.0016667842865
1689.9199998378754,3519,-6832,-6290,1656.0066666603088
1689.9249999523165,3525,-6825,-6289,1656.01166677475
1689.9299998283386,3533,-6817,-6287,1656.016666650772
1689.9349999427795,3541,-6809,-6285,1656.021666765213
1689.939999818802,3549,-6801,-6286,1656.0266666412356
1689.9449999332428,3558,-6794,-6289,1656.0316667556763
1689.9499998092651,3567,-6786,-6292,1656.0366666316986
1689.954999923706,3575,-6779,-6291,1656.0416667461395
1689.9599997997284,3583,-6771,-6290,1656.0466666221619
1689.9649999141693,3591,-6761,-6290,1656.0516667366028
1689.9699997901917,3598,-6750,-6291,1656.0566666126251
1689.9749999046326,3607,-6735,-6290,1656.061666727066
1689.979999780655,3616,-6721,-6292,1656.0666666030884
1689.9849998950958,3628,-6706,-6290,1656.0716667175293
1689.9899997711182,3643,-6689,-6289,1656.0766665935516
1689.994999885559,3660,-6672,-6285,1656.0816667079926
1690.0,3679,-6645,-6289,1656.0866668224335
1690.0049998760223,3699,-6616,-6290,1656.0916666984558
1690.0099999904633,3718,-6586,-6293,1656.0966668128967
1690.0149998664856,3739,-6555,-6291,1656.101666688919
1690.0199999809265,3761,-6525,-6288,1656.10666680336
1690.0249998569489,3782,-6496,-6292,1656.1116666793823
1690.0299999713898,3801,-6467,-6295,1656.1166667938232
1690.034999847412,3818,-6439,-6302,1656.1216666698456
1690.039999961853,3834,-6413,-6308,1656.1266667842865
1690.0449998378754,3850,-6385,-6312,1656.1316666603088
1690.0499999523165,3870,-6357,-6313,1656.13666677475
1690.0549998283386,3892,-6330,-6318,1656.141666650772
1690.0599999427795,3914,-6303,-6321,1656.146666765213
1690.064999818802,3934,-6277,-6323,1656.1516666412356
1690.0699999332428,3952,-6253,-6326,1656.1566667556763
1690.0749998092651,3967,-6228,-6328,1656.1616666316986
1690.079999923706,3981,-6204,-6330,1656.1666667461395
1690.0849997997284,3995,-6181,-6334,1656.1716666221619
1690.0899999141693,4008,-6159,-6337,1656.1766667366028
1690.0949997901917,4020,-6138,-6342,1656.1816666126251
1690.0999999046326,4031,-6118,-6344,1656.186666727066
1690.104999780655,4042,-6099,-6345,1656.1916666030884
1690.1099998950958,4053,-6080,-6348,1656.1966667175293
1690.1149997711182,4064,-6061,-6349,1656.2016665935516
1690.119999885559,4076,-6042,-6350,1656.2066667079926
1690.125,4086,-6021,-6355,1656.2116668224335
1690.1299998760223,4095,-6002,-6360,1656.2166666984558
1690.1349999904633,4102,-5985,-6365,1656.2216668128967
1690.1399998664856,4111,-5970,-6369,1656.226666688919
1690.1449999809265,4118,-5956,-6369,1656.23166680336
1690.1499998569489,4123,-5944,-6370,1656.2366666793823
1690.1549999713898,4129,-5933,-6372,1656.2416667938232
1690.159999847412,4132,-5923,-6376,1656.2466666698456
1690.164999961853,4136,-5913,-6380,1656.2516667842865
1690.1699998378754,4142,-5904,-6384,1656.2566666603088
1690.1749999523165,4147,-5896,-6385,1656.26166677475
1690.1799998283386,4151,-5890,-6384,1656.266666650772
1690.1849999427795,4155,-5886,-6384,1656.271666765213
1690.189999818802,4157,-5881,-6384,1656.2766666412356
1690.1949999332428,4161,-5875,-6383,1656.2816667556763
1690.1999998092651,4166,-5867,-6382,1656.2866666316986
1690.204999923706,4173,-5860,-6379,1656.2916667461395
1690.2099997997284,4179,-5856,-6378,1656.2966666221619
1690.2149999141693,4182,-5853,-6378,1656.3016667366028
1690.2199997901917,4182,-5851,-6376,1656.3066666126251
1690.2249999046326,4183,-5849,-6379,1656.311666727066
1690.229999780655,4181,-5848,-6377,1656.3166666030884
1690.2349998950958,4181,-5848,-6376,1656.3216667175293
1690.2399997711182,4181,-5849,-6376,1656.3266665935516
1690.244999885559,4181,-5850,-6373,1656.3316667079926
1690.25,4181,-5851,-6373,1656.3366668224335
1690.2549998760223,4179,-5851,-6372,1656.3416666984558
1690.2599999904633,4178,-5851,-6368,1656.3466668128967
1690.2649998664856,4177,-5850,-6368,1656.351666688919
1690.2699999809265,4175,-5849,-6368,1656.35666680336
1690.2749998569489,4175,-5844,-6369,1656.3616666793823
1690.2799999713898,4176,-5841,-6375,1656.3666667938232
1690.284999847412,4176,-5838,-6378,1656.3716666698456
1690.289999961853,4176,-5836,-6381,1656.3766667842865
1690.2949998378754,4172,-5834,-6387,1656.3816666603088
1690.2999999523165,4168,-5834,-6392,1656.38666677475
1690.3049998283386,4165,-5834,-6397,1656.391666650772
1690.3099999427795,4167,-5833,-6400,1656.396666765213
1690.314999818802,4170,-5832,-6403,1656.4016666412356
1690.3199999332428,4174,-5831,-6405,1656.4066667556763
1690.3249998092651,4177,-5829,-6405,1656.4116666316986
1690.329999923706,4181,-5828,-6406,1656.4166667461395
1690.3349997997284,4184,-5826,-6403,1656.4216666221619
1690.3399999141693,4186,-5823,-6398,1656.4266667366028
1690.3449997901917,4192,-5823,-6395,1656.4316666126251
1690.3499999046326,4195,-5819,-6394,1656.436666727066
1690.354999780655,4196,-5815,-6392,1656.4416666030884
1690.3599998950958,4197,-5809,-6394,1656.4466667175293
1690.3649997711182,4195,-5799,-6395,1656.4516665935516
1690.369999885559,4194,-5788,-6395,1656.4566667079926
1690.375,4195,-5775,-6395,1656.4616668224335
1690.3799998760223,4197,-5765,-6394,1656.4666666984558
1690.3849999904633,4201,-5753,-6394,1656.4716668128967
1690.3899998664856,4206,-5744,-6395,1656.476666688919
1690.3949999809265,4212,-5736,-6396,1656.48166680336
1690.3999998569489,4216,-5727,-6399,1656.4866666793823
1690.4049999713898,4220,-5717,-6403,1656.4916667938232
1690.409999847412,4224,-5707,-6405,1656.4966666698456
1690.414999961853,4229,-5694,-6407,1656.5016667842865
1690.4199998378754,4233,-5681,-6407,1656.5066666603088
1690.4249999523165,4236,-5667,-6407,1656.51166677475
1690.4299998283386,4238,-5652,-6406,1656.516666650772
1690.4349999427795,4239,-5637,-6406,1656.521666765213
1690.439999818802,4242,-5623,-6406,1656.5266666412356
1690.4449999332428,4245,-5610,-6406,1656.5316667556763
1690.4499998092651,4249,-5599,-6411,1656.5366666316986
1690.454999923706,4251,-5590,-6417,1656.5416667461395
1690.4599997997284,4253,-5581,-6422,1656.5466666221619
1690.4649999141693,4256,-5570,-6430,1656.5516667366028
1690.4699997901917,4257,-5560,-6436,1656.5566666126251
1690.4749999046326,4261,-5551,-6438,1656.561666727066
1690.479999780655,4264,-5543,-6438,1656.5666666030884
1690.4849998950958,4266,-5537,-6436,1656.5716667175293
1690.4899997711182,4267,-5531,-6433,1656.5766665935516
1690.494999885559,4266,-5526,-6429,1656.5816667079926
1690.5,4265,-5523,-6432,1656.5866668224335
1690.5049998760223,4264,-5520,-6438,1656.5916666984558
1690.5099999904633,4262,-5519,-6446,1656.5966668128967
1690.5149998664856,4262,-5520,-6454,1656.601666688919
1690.5199999809265,4260,-5521,-6459,1656.60666680336
1690.5249998569489,4257,-5523,-6461,1656.6116666793823
1690.5299999713898,4256,-5526,-6462,1656.6166667938232
1690.534999847412,4255,-5527,-6465,1656.6216666698456
1690.539999961853,4254,-5529,-6471,1656.6266667842865
1690.5449998378754,4255,-5531,-6472,1656.6316666603088
1690.5499999523165,4254,-5535,-6473,1656.63666677475
1690.5549998283386,4252,-5540,-6472,1656.641666650772
1690.5599999427795,4247,-5546,-6466,1656.646666765213
1690.564999818802,4242,-5553,-6466,1656.6516666412356
1690.5699999332428,4237,-5558,-6464,1656.6566667556763
1690.5749998092651,4236,-5564,-6461,1656.6616666316986
1690.579999923706,4235,-5568,-6463,1656.6666667461395
1690.5849997997284,4233,-5573,-6465,1656.6716666221619
1690.5899999141693,4231,-5578,-6464,1656.6766667366028
1690.5949997901917,4227,-5582,-6464,1656.6816666126251
1690.5999999046326,4226,-5587,-6463,1656.686666727066
1690.604999780655,4225,-5593,-6459,1656.6916666030884
1690.6099998950958,4225,-5599,-6457,1656.6966667175293
1690.6149997711182,4229,-5605,-6459,1656.7016665935516
1690.619999885559,4231,-5610,-6460,1656.7066667079926
1690.625,4233,-5615,-6461,1656.7116668224335
1690.6299998760223,4235,-5617,-6465,1656.7166666984558
1690.6349999904633,4236,-5618,-6463,1656.7216668128967
1690.6399998664856,4237,-5618,-6462,1656.726666688919
1690.6449999809265,4241,-5621,-6458,1656.73166680336
1690.6499998569489,4246,-5623,-6451,1656.7366666793823
1690.6549999713898,4252,-5624,-6446,1656.7416667938232
1690.659999847412,4258,-5622,-6442,1656.7466666698456
1690.664999961853,4262,-5617,-6444,1656.7516667842865
1690.6699998378754,4266,-5610,-6445,1656.7566666603088
1690.6749999523165,4270,-5602,-6445,1656.76166677475
1690.6799998283386,4275,-5596,-6445,1656.766666650772
1690.6849999427795,4281,-5587,-6443,1656.771666765213
1690.689999818802,4288,-5579,-6441,1656.7766666412356
1690.6949999332428,4291,-5569,-6441,1656.7816667556763
1690.6999998092651,4293,-5556,-6443,1656.7866666316986
1690.704999923706,4296,-5543,-6443,1656.7916667461395
1690.7099997997284,4299,-5529,-6443,1656.7966666221619
1690.7149999141693,4306,-5513,-6441,1656.8016667366028
1690.7199997901917,4313,-5498,-6437,1656.8066666126251
1690.7249999046326,4320,-5479,-6437,1656.811666727066
1690.729999780655,4327,-5461,-6436,1656.8166666030884
1690.7349998950958,4335,-5441,-6438,1656.8216667175293
1690.7399997711182,4343,-5423,-6443,1656.8266665935516
1690.744999885559,4352,-5405,-6449,1656.8316667079926
1690.75,4361,-5385,-6456,1656.8366668224335
1690.7549998760223,4364,-5367,-6464,1656.8416666984558
1690.7599999904633,4365,-5349,-6472,1656.8466668128967
1690.7649998664856,4365,-5331,-6479,1656.851666688919
1690.7699999809265,4368,-5315,-6481,1656.85666680336
1690.7749998569489,4371,-5301,-6478,1656.8616666793823
1690.7799999713898,4376,-5289,-6475,1656.8666667938232
1690.784999847412,4380,-5279,-6473,1656.8716666698456
1690.789999961853,4382,-5269,-6471,1656.8766667842865
1690.7949998378754,4383,-5262,-6467,1656.8816666603088
1690.7999999523165,4381,-5254,-6467,1656.88666677475
1690.8049998283386,4379,-5249,-6467,1656.891666650772
1690.8099999427795,4377,-5246,-6467,1656.896666765213
1690.814999818802,4376,-5245,-6466,1656.9016666412356
1690.8199999332428,4376,-5245,-6467,1656.9066667556763
1690.8249998092651,4375,-5247,-6469,1656.9116666316986
1690.829999923706,4373,-5250,-6470,1656.9166667461395
1690.8349997997284,4369,-5253,-6473,1656.9216666221619
1690.8399999141693,4365,-5257,-6476,1656.9266667366028
1690.8449997901917,4361,-5259,-6473,1656.9316666126251
1690.8499999046326,4359,-5261,-6467,1656.936666727066
1690.854999780655,4356,-5267,-6462,1656.9416666030884
1690.8599998950958,4351,-5273,-6457,1656.9466667175293
1690.8649997711182,4346,-5283,-6458,1656.9516665935516
1690.869999885559,4341,-5297,-6462,1656.9566667079926
1690.875,4336,-5311,-6463,1656.9616668224335
1690.8799998760223,4332,-5325,-6462,1656.9666666984558
1690.8849999904633,4330,-5340,-6460,1656.9716668128967
1690.8899998664856,4328,-5353,-6456,1656.976666688919
1690.8949999809265,4325,-5365,-6454,1656.98166680336
1690.8999998569489,4322,-5380,-6455,1656.9866666793823
1690.9049999713898,4316,-5396,-6456,1656.9916667938232
1690.909999847412,4310,-5410,-6456,1656.9966666698456
1690.914999961853,4306,-5423,-6455,1657.0016667842865
1690.9199998378754,4301,-5433,-6451,1657.0066666603088
1690.9249999523165,4298,-5441,-6447,1657.01166677475
1690.9299998283386,4296,-5448,-6443,1657.016666650772
1690.9349999427795,4293,-5454,-6442,1657.021666765213
1690.939999818802,4291,-5460,-6442,1657.0266666412356
1690.9449999332428,4289,-5466,-6442,1657.0316667556763
1690.9499998092651,4288,-5472,-6442,1657.0366666316986
1690.954999923706,4288,-5476,-6438,1657.0416667461395
1690.9599997997284,4287,-5481,-6434,1657.0466666221619
1690.9649999141693,4288,-5483,-6427,1657.0516667366028
1690.9699997901917,4290,-5484,-6421,1657.0566666126251
1690.9749999046326,4292,-5485,-6422,1657.061666727066
1690.979999780655,4294,-5485,-6421,1657.0666666030884
1690.9849998950958,4296,-5485,-6421,1657.0716667175293
1690.9899997711182,4299,-5485,-6422,1657.0766665935516
1690.994999885559,4305,-5484,-6421,1657.0816667079926
1691.0,4313,-5481,-6419,1657.0866668224335
1691.0049998760223,4320,-5477,-6415,1657.0916666984558
1691.0099999904633,4326,-5473,-6410,1657.0966668128967
1691.0149998664856,4330,-5467,-6406,1657.101666688919
1691.0199999809265,4333,-5459,-6406,1657.10666680336
1691.0249998569489,4334,-5450,-6408,1657.1116666793823
1691.0299999713898,4336,-5443,-6413,1657.1166667938232
1691.034999847412,4339,-5434,-6420,1657.1216666698456
1691.039999961853,4343,-5426,-6425,1657.1266667842865
1691.0449998378754,4346,-5420,-6433,1657.1316666603088
1691.0499999523165,4348,-5417,-6437,1657.13666677475
1691.0549998283386,4348,-5414,-6440,1657.141666650772
1691.0599999427795,4346,-5411,-6445,1657.146666765213
1691.064999818802,4344,-5409,-6445,1657.1516666412356
1691.0699999332428,4340,-5408,-6444,1657.1566667556763
1691.0749998092651,4336,-5408,-6441,1657.1616666316986
1691.079999923706,4333,-5409,-6440,1657.1666667461395
1691.0849997997284,4330,-5411,-6438,1657.1716666221619
1691.0899999141693,4329,-5413,-6439,1657.1766667366028
1691.0949997901917,4326,-5415,-6442,1657.1816666126251
1691.0999999046326,4321,-5418,-6446,1657.186666727066
1691.104999780655,4314,-5423,-6451,1657.1916666030884
1691.1099998950958,4306,-5428,-6455,1657.1966667175293
1691.1149997711182,4299,-5437,-6459,1657.2016665935516
1691.119999885559,4291,-5445,-6460,1657.2066667079926
1691.125,4284,-5456,-6461,1657.2116668224335
1691.1299998760223,4280,-5467,-6464,1657.2166666984558
1691.1349999904633,4272,-5478,-6464,1657.2216668128967
1691.1399998664856,4267,-5490,-6465,1657.226666688919
1691.1449999809265,4264,-5501,-6467,1657.23166680336
1691.1499998569489,4260,-5511,-6468,1657.2366666793823
1691.1549999713898,4258,-5519,-6472,1657.2416667938232
1691.159999847412,4254,-5528,-6474,1657.2466666698456
1691.164999961853,4250,-5536,-6473,1657.2516667842865
1691.1699998378754,4247,-5545,-6471,1657.2566666603088
1691.1749999523165,4245,-5554,-6466,1657.26166677475
1691.1799998283386,4244,-5561,-6463,1657.266666650772
1691.1849999427795,4243,-5566,-6465,1657.271666765213
1691.189999818802,4240,-5569,-6466,1657.2766666412356
1691.1949999332428,4239,-5572,-6468,1657.2816667556763
1691.1999998092651,4236,-5573,-6469,1657.2866666316986
1691.204999923706,4233,-5575,-6467,1657.2916667461395
1691.2099997997284,4232,-5576,-6465,1657.2966666221619
1691.2149999141693,4231,-5577,-6465,1657.3016667366028
1691.2199997901917,4231,-5577,-6465,1657.3066666126251
1691.2249999046326,4232,-5576,-6469,1657.311666727066
1691.229999780655,4234,-5573,-6470,1657.3166666030884
1691.2349998950958,4236,-5570,-6471,1657.3216667175293
1691.2399997711182,4241,-5565,-6469,1657.3266665935516
1691.244999885559,4246,-5559,-6468,1657.3316667079926
1691.25,4253,-5552,-6465,1657.3366668224335
1691.2549998760223,4259,-5544,-6463,1657.3416666984558
1691.2599999904633,4265,-5537,-6461,1657.3466668128967
1691.2649998664856,4271,-5529,-6458,1657.351666688919
1691.2699999809265,4273,-5522,-6458,1657.35666680336
1691.2749998569489,4276,-5512,-6459,1657.3616666793823
1691.2799999713898,4279,-5502,-6459,1657.3666667938232
1691.284999847412,4284,-5490,-6461,1657.3716666698456
1691.289999961853,4292,-5480,-6459,1657.3766667842865
1691.2949998378754,4299,-5470,-6454,1657.3816666603088
1691.2999999523165,4304,-5460,-6451,1657.38666677475
1691.3049998283386,4309,-5450,-6449,1657.391666650772
1691.3099999427795,4313,-5439,-6451,1657.396666765213
1691.314999818802,4317,-5428,-6455,1657.4016666412356
1691.3199999332428,4323,-5417,-6455,1657.4066667556763
1691.3249998092651,4328,-5406,-6452,1657.4116666316986
1691.329999923706,4333,-5396,-6448,1657.4166667461395
1691.3349997997284,4337,-5386,-6445,1657.4216666221619
1691.3399999141693,4341,-5376,-6444,1657.4266667366028
1691.3449997901917,4342,-5365,-6446,1657.4316666126251
1691.3499999046326,4347,-5353,-6444,1657.436666727066
1691.354999780655,4352,-5340,-6441,1657.4416666030884
1691.3599998950958,4357,-5330,-6439,1657.4466667175293
1691.3649997711182,4363,-5320,-6434,1657.4516665935516
1691.369999885559,4367,-5312,-6428,1657.4566667079926
1691.375,4369,-5305,-6426,1657.4616668224335
1691.3799998760223,4370,-5298,-6424,1657.4666666984558
1691.3849999904633,4372,-5292,-6427,1657.4716668128967
1691.3899998664856,4377,-5286,-6431,1657.476666688919
1691.3949999809265,4381,-5281,-6436,1657.48166680336
1691.3999998569489,4386,-5278,-6442,1657.4866666793823
1691.4049999713898,4388,-5276,-6448,1657.4916667938232
1691.409999847412,4388,-5274,-6455,1657.4966666698456
1691.414999961853,4388,-5271,-6456,1657.5016667842865
1691.4199998378754,4388,-5268,-6453,1657.5066666603088
1691.4249999523165,4393,-5265,-6448,1657.51166677475
1691.4299998283386,4396,-5262,-6442,1657.516666650772
1691.4349999427795,4399,-5261,-6439,1657.521666765213
1691.439999818802,4401,-5258,-6436,1657.5266666412356
1691.4449999332428,4400,-5255,-6437,1657.5316667556763
1691.4499998092651,4401,-5253,-6435,1657.5366666316986
1691.454999923706,4405,-5250,-6435,1657.5416667461395
1691.4599997997284,4410,-5247,-6436,1657.5466666221619
1691.4649999141693,4416,-5244,-6434,1657.5516667366028
1691.4699997901917,4420,-5241,-6431,1657.5566666126251
1691.4749999046326,4420,-5237,-6428,1657.561666727066
1691.479999780655,4422,-5234,-6422,1657.5666666030884
1691.4849998950958,4425,-5230,-6415,1657.5716667175293
1691.4899997711182,4431,-5227,-6411,1657.5766665935516
1691.494999885559,4435,-5224,-6411,1657.5816667079926
1691.5,4438,-5220,-6416,1657.5866668224335
1691.5049998760223,4439,-5216,-6424,1657.5916666984558
1691.5099999904633,4440,-5212,-6430,1657.5966668128967
1691.5149998664856,4443,-5207,-6433,1657.601666688919
1691.5199999809265,4448,-5201,-6432,1657.60666680336
1691.5249998569489,4456,-5192,-6432,1657.6116666793823
1691.5299999713898,4463,-5183,-6434,1657.6166667938232
1691.534999847412,4468,-5172,-6436,1657.6216666698456
1691.539999961853,4472,-5158,-6437,1657.6266667842865
1691.5449998378754,4474,-5146,-6435,1657.6316666603088
1691.5499999523165,4474,-5134,-6434,1657.63666677475
1691.5549998283386,4476,-5125,-6434,1657.641666650772
1691.5599999427795,4478,-5115,-6436,1657.646666765213
1691.564999818802,4480,-5105,-6440,1657.6516666412356
1691.5699999332428,4481,-5095,-6444,1657.6566667556763
1691.5749998092651,4482,-5085,-6447,1657.6616666316986
1691.579999923706,4482,-5072,-6449,1657.6666667461395
1691.5849997997284,4484,-5060,-6448,1657.6716666221619
1691.5899999141693,4487,-5047,-6446,1657.6766667366028
1691.5949997901917,4490,-5036,-6444,1657.6816666126251
1691.5999999046326,4495,-5027,-6439,1657.686666727066
1691.604999780655,4498,-5020,-6438,1657.6916666030884
1691.6099998950958,4501,-5012,-6436,1657.6966667175293
1691.6149997711182,4502,-5004,-6434,1657.7016665935516
1691.619999885559,4505,-4996,-6434,1657.7066667079926
1691.625,4512,-4984,-6435,1657.7116668224335
1691.6299998760223,4518,-4974,-6437,1657.7166666984558
1691.6349999904633,4523,-4965,-6437,1657.7216668128967
1691.6399998664856,4525,-4958,-6441,1657.726666688919
1691.6449999809265,4525,-4953,-6447,1657.73166680336
1691.6499998569489,4524,-4949,-6449,1657.7366666793823
1691.6549999713898,4526,-4944,-6452,1657.7416667938232
1691.659999847412,4528,-4937,-6453,1657.7466666698456
1691.664999961853,4529,-4931,-6455,1657.7516667842865
1691.6699998378754,4529,-4927,-6460,1657.7566666603088
1691.6749999523165,4528,-4926,-6461,1657.76166677475
1691.6799998283386,4528,-4924,-6462,1657.766666650772
1691.6849999427795,4532,-4922,-6460,1657.771666765213
1691.689999818802,4538,-4919,-6460,1657.7766666412356
1691.6949999332428,4544,-4917,-6457,1657.7816667556763
1691.6999998092651,4547,-4915,-6454,1657.7866666316986
1691.704999923706,4548,-4913,-6452,1657.7916667461395
1691.7099997997284,4548,-4912,-6448,1657.7966666221619
1691.7149999141693,4551,-4909,-6446,1657.8016667366028
1691.7199997901917,4555,-4908,-6445,1657.8066666126251
1691.7249999046326,4558,-4907,-6443,1657.811666727066
1691.729999780655,4561,-4905,-6444,1657.8166666030884
1691.7349998950958,4562,-4904,-6445,1657.8216667175293
1691.7399997711182,4561,-4903,-6448,1657.8266665935516
1691.744999885559,4562,-4902,-6450,1657.8316667079926
1691.75,4564,-4899,-6453,1657.8366668224335
1691.7549998760223,4568,-4898,-6456,1657.8416666984558
1691.7599999904633,4570,-4896,-6458,1657.8466668128967
1691.7649998664856,4571,-4896,-6458,1657.851666688919
1691.7699999809265,4571,-4894,-6455,1657.85666680336
1691.7749998569489,4569,-4890,-6451,1657.8616666793823
1691.7799999713898,4568,-4885,-6446,1657.8666667938232
1691.784999847412,4567,-4882,-6445,1657.8716666698456
1691.789999961853,4563,-4880,-6444,1657.8766667842865
1691.7949998378754,4560,-4878,-6442,1657.8816666603088
1691.7999999523165,4558,-4877,-6439,1657.88666677475
1691.8049998283386,4556,-4876,-6437,1657.891666650772
1691.8099999427795,4556,-4876,-6436,1657.896666765213
1691.814999818802,4559,-4876,-6436,1657.9016666412356
1691.8199999332428,4560,-4877,-6438,1657.9066667556763
1691.8249998092651,4559,-4874,-6438,1657.9116666316986
1691.829999923706,4558,-4872,-6440,1657.9166667461395
1691.8349997997284,4556,-4869,-6441,1657.9216666221619
1691.8399999141693,4555,-4868,-6442,1657.9266667366028
1691.8449997901917,4555,-4868,-6442,1657.9316666126251
1691.8499999046326,4557,-4869,-6444,1657.936666727066
1691.854999780655,4558,-4870,-6447,1657.9416666030884
1691.8599998950958,4558,-4871,-6449,1657.9466667175293
1691.8649997711182,4558,-4872,-6453,1657.9516665935516
1691.869999885559,4555,-4873,-6458,1657.9566667079926
1691.875,4553,-4875,-6460,1657.9616668224335
1691.8799998760223,4551,-4877,-6461,1657.9666666984558
1691.8849999904633,4549,-4878,-6462,1657.9716668128967
1691.8899998664856,4548,-4879,-6459,1657.976666688919
1691.8949999809265,4548,-4882,-6457,1657.98166680336
1691.8999998569489,4547,-4885,-6458,1657.9866666793823
1691.9049999713898,4546,-4887,-6456,1657.9916667938232
1691.909999847412,4546,-4888,-6454,1657.9966666698456
1691.914999961853,4545,-4887,-6453,1658.0016667842865
1691.9199998378754,4547,-4885,-6450,1658.0066666603088
1691.9249999523165,4548,-4885,-6449,1658.01166677475
1691.9299998283386,4549,-4885,-6451,1658.016666650772
1691.9349999427795,4551,-4884,-6453,1658.021666765213
1691.939999818802,4552,-4882,-6455,1658.0266666412356
1691.9449999332428,4554,-4879,-6459,1658.0316667556763
1691.9499998092651,4555,-4875,-6462,1658.0366666316986
1691.954999923706,4557,-4873,-6467,1658.0416667461395
1691.9599997997284,4558,-4872,-6472,1658.0466666221619
1691.9649999141693,4559,-4871,-6473,1658.0516667366028
1691.9699997901917,4560,-4869,-6472,1658.0566666126251
1691.9749999046326,4562,-4867,-6470,1658.061666727066
1691.979999780655,4563,-4863,-6471,1658.0666666030884
1691.9849998950958,4563,-4859,-6473,1658.0716667175293
1691.9899997711182,4564,-4854,-6471,1658.0766665935516
1691.994999885559,4564,-4849,-6468,1658.0816667079926
1692.0,4559,-4840,-6463,1658.0866668224335
1692.0049998760223,4557,-4833,-6464,1658.0916666984558
1692.0099999904633,4557,-4826,-6463,1658.0966668128967
1692.0149998664856,4559,-4818,-6461,1658.101666688919
1692.0199999809265,4562,-4808,-6458,1658.10666680336
1692.0249998569489,4562,-4798,-6453,1658.1116666793823
1692.0299999713898,4562,-4790,-6452,1658.1166667938232
1692.034999847412,4564,-4783,-6452,1658.1216666698456
1692.039999961853,4567,-4774,-6450,1658.1266667842865
1692.0449998378754,4570,-4764,-6447,1658.1316666603088
1692.0499999523165,4573,-4756,-6448,1658.13666677475
1692.0549998283386,4575,-4747,-6447,1658.141666650772
1692.0599999427795,4576,-4739,-6444,1658.146666765213
1692.064999818802,4578,-4732,-6444,1658.1516666412356
1692.0699999332428,4579,-4723,-6442,1658.1566667556763
1692.0749998092651,4581,-4713,-6443,1658.1616666316986
1692.079999923706,4583,-4705,-6450,1658.1666667461395
1692.0849997997284,4586,-4700,-6456,1658.1716666221619
1692.0899999141693,4587,-4693,-6460,1658.1766667366028
1692.0949997901917,4587,-4688,-6462,1658.1816666126251
1692.0999999046326,4587,-4683,-6458,1658.186666727066
1692.104999780655,4588,-4681,-6456,1658.1916666030884
1692.1099998950958,4588,-4678,-6455,1658.1966667175293
1692.1149997711182,4590,-4675,-6455,1658.2016665935516
1692.119999885559,4589,-4672,-6459,1658.2066667079926
1692.125,4589,-4668,-6458,1658.2116668224335
1692.1299998760223,4588,-4666,-6456,1658.2166666984558
1692.1349999904633,4586,-4664,-6454,1658.2216668128967
1692.1399998664856,4583,-4664,-6457,1658.226666688919
1692.1449999809265,4582,-4665,-6459,1658.23166680336
1692.1499998569489,4582,-4667,-6465,1658.2366666793823
1692.1549999713898,4582,-4671,-6469,1658.2416667938232
1692.159999847412,4582,-4674,-6469,1658.2466666698456
1692.164999961853,4581,-4678,-6469,1658.2516667842865
1692.1699998378754,4581,-4678,-6468,1658.2566666603088
1692.1749999523165,4582,-4679,-6466,1658.26166677475
1692.1799998283386,4584,-4677,-6465,1658.266666650772
1692.1849999427795,4586,-4675,-6463,1658.271666765213
1692.189999818802,4590,-4674,-6466,1658.2766666412356
1692.1949999332428,4591,-4672,-6467,1658.2816667556763
1692.1999998092651,4591,-4671,-6465,1658.2866666316986
1692.204999923706,4591,-4670,-6463,1658.2916667461395
1692.2099997997284,4591,-4669,-6453,1658.2966666221619
1692.2149999141693,4594,-4668,-6449,1658.3016667366028
1692.2199997901917,4597,-4669,-6446,1658.3066666126251
1692.2249999046326,4599,-4670,-6445,1658.311666727066
1692.229999780655,4601,-4671,-6443,1658.3166666030884
1692.2349998950958,4600,-4671,-6444,1658.3216667175293
1692.2399997711182,4598,-4670,-6445,1658.3266665935516
1692.244999885559,4598,-4669,-6445,1658.3316667079926
1692.25,4597,-4666,-6447,1658.3366668224335
1692.2549998760223,4597,-4662,-6449,1658.3416666984558
1692.2599999904633,4596,-4658,-6448,1658.3466668128967
1692.2649998664856,4594,-4655,-6449,1658.351666688919
1692.2699999809265,4593,-4652,-6453,1658.35666680336
1692.2749998569489,4592,-4648,-6458,1658.3616666793823
1692.2799999713898,4591,-4645,-6465,1658.3666667938232
1692.284999847412,4591,-4641,-6473,1658.3716666698456
1692.289999961853,4590,-4638,-6480,1658.3766667842865
1692.2949998378754,4589,-4633,-6483,1658.3816666603088
1692.2999999523165,4589,-4631,-6481,1658.38666677475
1692.3049998283386,4588,-4631,-6480,1658.391666650772
1692.3099999427795,4587,-4630,-6479,1658.396666765213
1692.314999818802,4588,-4631,-6481,1658.4016666412356
1692.3199999332428,4587,-4630,-6481,1658.4066667556763
1692.3249998092651,4588,-4629,-6481,1658.4116666316986
1692.329999923706,4590,-4629,-6478,1658.4166667461395
1692.3349997997284,4592,-4628,-6476,1658.4216666221619
1692.3399999141693,4594,-4627,-6474,1658.4266667366028
1692.3449997901917,4596,-4626,-6473,1658.4316666126251
1692.3499999046326,4600,-4624,-6471,1658.436666727066
1692.354999780655,4602,-4623,-6472,1658.4416666030884
1692.3599998950958,4601,-4623,-6474,1658.4466667175293
1692.3649997711182,4601,-4623,-6478,1658.4516665935516
1692.369999885559,4597,-4626,-6484,1658.4566667079926
1692.375,4593,-4629,-6485,1658.4616668224335
1692.3799998760223,4590,-4633,-6487,1658.4666666984558
1692.3849999904633,4586,-4637,-6487,1658.4716668128967
1692.3899998664856,4585,-4641,-6486,1658.476666688919
1692.3949999809265,4582,-4643,-6488,1658.48166680336
1692.3999998569489,4580,-4643,-6487,1658.4866666793823
1692.4049999713898,4578,-4645,-6487,1658.4916667938232
1692.409999847412,4576,-4647,-6482,1658.4966666698456
1692.414999961853,4572,-4651,-6477,1658.5016667842865
1692.4199998378754,4568,-4656,-6478,1658.5066666603088
1692.4249999523165,4563,-4660,-6478,1658.51166677475
1692.4299998283386,4559,-4664,-6480,1658.516666650772
1692.4349999427795,4556,-4666,-6483,1658.521666765213
1692.439999818802,4554,-4666,-6480,1658.5266666412356
1692.4449999332428,4554,-4667,-6479,1658.5316667556763
1692.4499998092651,4553,-4668,-6478,1658.5366666316986
1692.454999923706,4552,-4670,-6476,1658.5416667461395
1692.4599997997284,4552,-4671,-6475,1658.5466666221619
1692.4649999141693,4551,-4672,-6473,1658.5516667366028
1692.4699997901917,4550,-4673,-6471,1658.5566666126251
1692.4749999046326,4550,-4675,-6472,1658.561666727066
1692.479999780655,4551,-4677,-6477,1658.5666666030884
1692.4849998950958,4553,-4680,-6484,1658.5716667175293
1692.4899997711182,4555,-4682,-6492,1658.5766665935516
1692.494999885559,4557,-4685,-6500,1658.5816667079926
1692.5,4558,-4688,-6503,1658.5866668224335
1692.5049998760223,4560,-4691,-6503,1658.5916666984558
1692.5099999904633,4563,-4694,-6501,1658.5966668128967
1692.5149998664856,4566,-4694,-6498,1658.601666688919
1692.5199999809265,4568,-4694,-6496,1658.60666680336
1692.5249998569489,4569,-4693,-6493,1658.6116666793823
1692.5299999713898,4569,-4693,-6493,1658.6166667938232
1692.534999847412,4570,-4692,-6491,1658.6216666698456
1692.539999961853,4572,-4691,-6489,1658.6266667842865
1692.5449998378754,4575,-4689,-6486,1658.6316666603088
1692.5499999523165,4577,-4686,-6481,1658.63666677475
1692.5549998283386,4577,-4685,-6478,1658.641666650772
1692.5599999427795,4576,-4685,-6475,1658.646666765213
1692.564999818802,4573,-4686,-6474,1658.6516666412356
1692.5699999332428,4570,-4688,-6476,1658.6566667556763
1692.5749998092651,4569,-4688,-6476,1658.6616666316986
1692.579999923706,4571,-4687,-6477,1658.6666667461395
1692.5849997997284,4576,-4685,-6476,1658.6716666221619
1692.5899999141693,4583,-4681,-6473,1658.6766667366028
1692.5949997901917,4587,-4678,-6472,1658.6816666126251
1692.5999999046326,4590,-4674,-6472,1658.686666727066
1692.604999780655,4591,-4669,-6475,1658.6916666030884
1692.6099998950958,4591,-4663,-6478,1658.6966667175293
1692.6149997711182,4591,-4657,-6481,1658.7016665935516
1692.619999885559,4593,-4652,-6482,1658.7066667079926
1692.625,4594,-4647,-6484,1658.7116668224335
1692.6299998760223,4595,-4644,-6484,1658.7166666984558
1692.6349999904633,4596,-4642,-6483,1658.7216668128967
1692.6399998664856,4597,-4640,-6483,1658.726666688919
1692.6449999809265,4598,-4637,-6482,1658.73166680336
1692.6499998569489,4599,-4634,-6483,1658.7366666793823
1692.6549999713898,4601,-4631,-6487,1658.7416667938232
1692.659999847412,4601,-4629,-6486,1658.7466666698456
1692.664999961853,4601,-4626,-6487,1658.7516667842865
1692.6699998378754,4601,-4623,-6485,1658.7566666603088
1692.6749999523165,4599,-4621,-6484,1658.76166677475
1692.6799998283386,4598,-4618,-6482,1658.766666650772
1692.6849999427795,4599,-4616,-6477,1658.771666765213
1692.689999818802,4596,-4617,-6476,1658.7766666412356
1692.6949999332428,4592,-4618,-6472,1658.7816667556763
1692.6999998092651,4587,-4619,-6472,1658.7866666316986
1692.704999923706,4581,-4619,-6474,1658.7916667461395
1692.7099997997284,4577,-4620,-6476,1658.7966666221619
1692.7149999141693,4578,-4619,-6476,1658.8016667366028
1692.7199997901917,4582,-4619,-6475,1658.8066666126251
1692.7249999046326,4587,-4620,-6470,1658.811666727066
1692.729999780655,4589,-4622,-6468,1658.8166666030884
1692.7349998950958,4586,-4625,-6466,1658.8216667175293
1692.7399997711182,4585,-4626,-6464,1658.8266665935516
1692.744999885559,4582,-4625,-6464,1658.8316667079926
1692.75,4580,-4624,-6463,1658.8366668224335
1692.7549998760223,4579,-4620,-6459,1658.8416666984558
1692.7599999904633,4576,-4617,-6456,1658.8466668128967
1692.7649998664856,4575,-4614,-6452,1658.851666688919
1692.7699999809265,4576,-4612,-6451,1658.85666680336
1692.7749998569489,4578,-4610,-6449,1658.8616666793823
1692.7799999713898,4580,-4609,-6445,1658.8666667938232
1692.784999847412,4581,-4608,-6442,1658.8716666698456
1692.789999961853,4582,-4606,-6442,1658.8766667842865
1692.7949998378754,4581,-4604,-6441,1658.8816666603088
1692.7999999523165,4582,-4604,-6440,1658.88666677475
1692.8049998283386,4583,-4601,-6436,1658.891666650772
1692.8099999427795,4586,-4602,-6432,1658.896666765213
1692.814999818802,4590,-4603,-6433,1658.9016666412356
1692.8199999332428,4594,-4602,-6434,1658.9066667556763
1692.8249998092651,4596,-4602,-6437,1658.9116666316986
1692.829999923706,4597,-4602,-6440,1658.9166667461395
1692.8349997997284,4597,-4600,-6439,1658.9216666221619
1692.8399999141693,4597,-4600,-6440,1658.9266667366028
1692.8449997901917,4596,-4600,-6444,1658.9316666126251
1692.8499999046326,4596,-4599,-6443,1658.936666727066
1692.854999780655,4594,-4598,-6445,1658.9416666030884
1692.8599998950958,4593,-4599,-6450,1658.9466667175293
1692.8649997711182,4593,-4598,-6450,1658.9516665935516
1692.869999885559,4595,-4598,-6455,1658.9566667079926
1692.875,4600,-4599,-6457,1658.9616668224335
1692.8799998760223,4604,-4598,-6458,1658.9666666984558
1692.8849999904633,4608,-4598,-6461,1658.9716668128967
1692.8899998664856,4612,-4598,-6463,1658.976666688919
1692.8949999809265,4616,-4596,-6466,1658.98166680336
1692.8999998569489,4620,-4593,-6467,1658.9866666793823
1692.9049999713898,4623,-4589,-6467,1658.9916667938232
1692.909999847412,4624,-4585,-6466,1658.9966666698456
1692.914999961853,4627,-4584,-6467,1659.0016667842865
1692.9199998378754,4629,-4583,-6468,1659.0066666603088
1692.9249999523165,4631,-4582,-6472,1659.01166677475
1692.9299998283386,4632,-4581,-6473,1659.016666650772
1692.9349999427795,4633,-4580,-6470,1659.021666765213
1692.939999818802,4634,-4578,-6467,1659.0266666412356
1692.9449999332428,4636,-4576,-6461,1659.0316667556763
1692.9499998092651,4640,-4573,-6457,1659.0366666316986
1692.954999923706,4644,-4572,-6457,1659.0416667461395
1692.9599997997284,4648,-4569,-6462,1659.0466666221619
1692.9649999141693,4651,-4567,-6464,1659.0516667366028
1692.9699997901917,4653,-4566,-6461,1659.0566666126251
1692.9749999046326,4653,-4563,-6452,1659.061666727066
1692.979999780655,4652,-4560,-6446,1659.0666666030884
1692.9849998950958,4650,-4557,-6446,1659.0716667175293
1692.9899997711182,4646,-4555,-6444,1659.0766665935516
1692.994999885559,4642,-4553,-6447,1659.0816667079926
1693.0,4639,-4554,-6448,1659.0866668224335
1693.0049998760223,4637,-4554,-6450,1659.0916666984558
1693.0099999904633,4636,-4556,-6449,1659.0966668128967
1693.0149998664856,4635,-4558,-6448,1659.101666688919
1693.0199999809265,4633,-4561,-6449,1659.10666680336
1693.0249998569489,4629,-4565,-6458,1659.1116666793823
1693.0299999713898,4626,-4570,-6468,1659.1166667938232
1693.034999847412,4625,-4575,-6475,1659.1216666698456
1693.039999961853,4624,-4580,-6481,1659.1266667842865
1693.0449998378754,4624,-4587,-6481,1659.1316666603088
1693.0499999523165,4624,-4595,-6478,1659.13666677475
1693.0549998283386,4621,-4603,-6473,1659.141666650772
1693.0599999427795,4617,-4614,-6469,1659.146666765213
1693.064999818802,4612,-4627,-6467,1659.1516666412356
1693.0699999332428,4607,-4641,-6467,1659.1566667556763
1693.0749998092651,4601,-4656,-6463,1659.1616666316986
1693.079999923706,4597,-4673,-6457,1659.1666667461395
1693.0849997997284,4594,-4689,-6451,1659.1716666221619
1693.0899999141693,4589,-4703,-6448,1659.1766667366028
1693.0949997901917,4584,-4717,-6449,1659.1816666126251
1693.0999999046326,4580,-4729,-6448,1659.186666727066
1693.104999780655,4577,-4742,-6445,1659.1916666030884
1693.1099998950958,4577,-4756,-6441,1659.1966667175293
1693.1149997711182,4575,-4769,-6438,1659.2016665935516
1693.119999885559,4572,-4780,-6439,1659.2066667079926
1693.125,4569,-4790,-6447,1659.2116668224335
1693.1299998760223,4567,-4798,-6454,1659.2166666984558
1693.1349999904633,4564,-4803,-6459,1659.2216668128967
1693.1399998664856,4563,-4809,-6465,1659.226666688919
1693.1449999809265,4564,-4812,-6467,1659.23166680336
1693.1499998569489,4563,-4812,-6471,1659.2366666793823
1693.1549999713898,4564,-4813,-6477,1659.2416667938232
1693.159999847412,4566,-4812,-6478,1659.2466666698456
1693.164999961853,4568,-4811,-6479,1659.2516667842865
1693.1699998378754,4573,-4811,-6478,1659.2566666603088
1693.1749999523165,4578,-4809,-6477,1659.26166677475
1693.1799998283386,4584,-4808,-6476,1659.266666650772
1693.1849999427795,4588,-4805,-6475,1659.271666765213
1693.189999818802,4591,-4802,-6474,1659.2766666412356
1693.1949999332428,4594,-4799,-6474,1659.2816667556763
1693.1999998092651,4599,-4795,-6471,1659.2866666316986
1693.204999923706,4604,-4791,-6468,1659.2916667461395
1693.2099997997284,4609,-4787,-6465,1659.2966666221619
1693.2149999141693,4613,-4779,-6461,1659.3016667366028
1693.2199997901917,4617,-4770,-6455,1659.3066666126251
1693.2249999046326,4623,-4758,-6453,1659.311666727066
1693.229999780655,4627,-4746,-6450,1659.3166666030884
1693.2349998950958,4631,-4736,-6448,1659.3216667175293
1693.2399997711182,4633,-4727,-6449,1659.3266665935516
1693.244999885559,4635,-4718,-6450,1659.3316667079926
1693.25,4637,-4706,-6450,1659.3366668224335
1693.2549998760223,4640,-4695,-6447,1659.3416666984558
1693.2599999904633,4646,-4682,-6445,1659.3466668128967
1693.2649998664856,4651,-4670,-6446,1659.351666688919
1693.2699999809265,4656,-4659,-6448,1659.35666680336
1693.2749998569489,4660,-4648,-6451,1659.3616666793823
1693.2799999713898,4662,-4638,-6453,1659.3666667938232
1693.284999847412,4663,-4629,-6452,1659.3716666698456
1693.289999961853,4664,-4620,-6449,1659.3766667842865
1693.2949998378754,4662,-4613,-6446,1659.3816666603088
1693.2999999523165,4662,-4606,-6445,1659.38666677475
1693.3049998283386,4663,-4600,-6441,1659.391666650772
1693.3099999427795,4667,-4595,-6441,1659.396666765213
1693.314999818802,4671,-4588,-6440,1659.4016666412356
1693.3199999332428,4673,-4582,-6439,1659.4066667556763
1693.3249998092651,4674,-4579,-6440,1659.4116666316986
1693.329999923706,4675,-4575,-6439,1659.4166667461395
1693.3349997997284,4678,-4573,-6440,1659.4216666221619
1693.3399999141693,4682,-4571,-6440,1659.4266667366028
1693.3449997901917,4687,-4568,-6440,1659.4316666126251
1693.3499999046326,4691,-4565,-6441,1659.436666727066
1693.354999780655,4694,-4562,-6442,1659.4416666030884
1693.3599998950958,4698,-4559,-6446,1659.4466667175293
1693.3649997711182,4701,-4555,-6449,1659.4516665935516
1693.369999885559,4703,-4553,-6448,1659.4566667079926
1693.375,4704,-4550,-6447,1659.4616668224335
1693.3799998760223,4704,-4548,-6443,1659.4666666984558
1693.3849999904633,4703,-4547,-6438,1659.4716668128967
1693.3899998664856,4703,-4545,-6438,1659.476666688919
1693.3949999809265,4705,-4543,-6433,1659.48166680336
1693.3999998569489,4707,-4538,-6429,1659.4866666793823
1693.4049999713898,4709,-4535,-6427,1659.4916667938232
1693.409999847412,4709,-4533,-6423,1659.4966666698456
1693.414999961853,4710,-4531,-6423,1659.5016667842865
1693.4199998378754,4711,-4529,-6428,1659.5066666603088
1693.4249999523165,4711,-4525,-6427,1659.51166677475
1693.4299998283386,4712,-4521,-6425,1659.516666650772
1693.4349999427795,4712,-4518,-6424,1659.521666765213
1693.439999818802,4710,-4516,-6423,1659.5266666412356
1693.4449999332428,4708,-4516,-6425,1659.5316667556763
1693.4499998092651,4702,-4517,-6424,1659.5366666316986
1693.454999923706,4698,-4518,-6424,1659.5416667461395
1693.4599997997284,4696,-4520,-6425,1659.5466666221619
1693.4649999141693,4695,-4522,-6422,1659.5516667366028
1693.4699997901917,4696,-4524,-6421,1659.5566666126251
1693.4749999046326,4697,-4526,-6418,1659.561666727066
1693.479999780655,4698,-4528,-6414,1659.5666666030884
1693.4849998950958,4699,-4530,-6412,1659.5716667175293
1693.4899997711182,4699,-4532,-6409,1659.5766665935516
1693.494999885559,4701,-4533,-6410,1659.5816667079926
1693.5,4701,-4532,-6402,1659.5866668224335
1693.5049998760223,4701,-4530,-6396,1659.5916666984558
1693.5099999904633,4699,-4528,-6391,1659.5966668128967
1693.5149998664856,4697,-4527,-6387,1659.601666688919
1693.5199999809265,4696,-4525,-6383,1659.60666680336
1693.5249998569489,4696,-4526,-6379,1659.6116666793823
1693.5299999713898,4696,-4528,-6374,1659.6166667938232
1693.534999847412,4696,-4531,-6373,1659.6216666698456
1693.539999961853,4694,-4534,-6371,1659.6266667842865
1693.5449998378754,4695,-4537,-6372,1659.6316666603088
1693.5499999523165,4694,-4538,-6374,1659.63666677475
1693.5549998283386,4695,-4538,-6375,1659.641666650772
1693.5599999427795,4697,-4539,-6376,1659.646666765213
1693.564999818802,4697,-4541,-6380,1659.6516666412356
1693.5699999332428,4697,-4541,-6379,1659.6566667556763
1693.5749998092651,4695,-4542,-6382,1659.6616666316986
1693.579999923706,4693,-4543,-6391,1659.6666667461395
1693.5849997997284,4692,-4543,-6397,1659.6716666221619
1693.5899999141693,4692,-4544,-6403,1659.6766667366028
1693.5949997901917,4691,-4546,-6406,1659.6816666126251
1693.5999999046326,4692,-4546,-6407,1659.686666727066
1693.604999780655,4693,-4546,-6407,1659.6916666030884
1693.6099998950958,4694,-4546,-6404,1659.6966667175293
1693.6149997711182,4695,-4546,-6400,1659.7016665935516
1693.619999885559,4695,-4546,-6398,1659.7066667079926
1693.625,4695,-4547,-6393,1659.7116668224335
1693.6299998760223,4696,-4544,-6392,1659.7166666984558
1693.6349999904633,4696,-4541,-6389,1659.7216668128967
1693.6399998664856,4697,-4539,-6387,1659.726666688919
1693.6449999809265,4699,-4537,-6383,1659.73166680336
1693.6499998569489,4700,-4534,-6377,1659.7366666793823
1693.6549999713898,4702,-4533,-6375,1659.7416667938232
1693.659999847412,4703,-4531,-6377,1659.7466666698456
1693.664999961853,4703,-4534,-6378,1659.7516667842865
1693.6699998378754,4704,-4537,-6379,1659.7566666603088
1693.6749999523165,4705,-4541,-6382,1659.76166677475
1693.6799998283386,4707,-4543,-6379,1659.766666650772
1693.6849999427795,4709,-4545,-6377,1659.771666765213
1693.689999818802,4709,-4548,-6375,1659.7766666412356
1693.6949999332428,4707,-4550,-6374,1659.7816667556763
1693.6999998092651,4705,-4552,-6377,1659.7866666316986
1693.704999923706,4702,-4554,-6379,1659.7916667461395
1693.7099997997284,4699,-4556,-6381,1659.7966666221619
1693.7149999141693,4699,-4556,-6385,1659.8016667366028
1693.7199997901917,4699,-4557,-6386,1659.8066666126251
1693.7249999046326,4700,-4555,-6384,1659.811666727066
1693.729999780655,4699,-4554,-6380,1659.8166666030884
1693.7349998950958,4697,-4552,-6380,1659.8216667175293
1693.7399997711182,4695,-4550,-6379,1659.8266665935516
1693.744999885559,4692,-4549,-6379,1659.8316667079926
1693.75,4689,-4548,-6381,1659.8366668224335
1693.7549998760223,4686,-4547,-6382,1659.8416666984558
1693.7599999904633,4683,-4548,-6384,1659.8466668128967
1693.7649998664856,4680,-4547,-6384,1659.851666688919
1693.7699999809265,4676,-4547,-6384,1659.85666680336
1693.7749998569489,4676,-4547,-6383,1659.8616666793823
1693.7799999713898,4675,-4546,-6382,1659.8666667938232
1693.784999847412,4677,-4546,-6383,1659.8716666698456
1693.789999961853,4680,-4545,-6384,1659.8766667842865
1693.7949998378754,4681,-4545,-6387,1659.8816666603088
1693.7999999523165,4681,-4544,-6393,1659.88666677475
1693.8049998283386,4681,-4543,-6398,1659.891666650772
1693.8099999427795,4681,-4540,-6403,1659.896666765213
1693.814999818802,4683,-4537,-6406,1659.9016666412356
1693.8199999332428,4686,-4533,-6408,1659.9066667556763
1693.8249998092651,4687,-4530,-6409,1659.9116666316986
1693.829999923706,4687,-4525,-6411,1659.9166667461395
1693.8349997997284,4686,-4521,-6416,1659.9216666221619
1693.8399999141693,4684,-4515,-6422,1659.9266667366028
1693.8449997901917,4683,-4510,-6430,1659.9316666126251
1693.8499999046326,4684,-4506,-6434,1659.936666727066
1693.854999780655,4686,-4501,-6434,1659.9416666030884
1693.8599998950958,4688,-4497,-6434,1659.9466667175293
1693.8649997711182,4690,-4492,-6432,1659.9516665935516
1693.869999885559,4693,-4484,-6429,1659.9566667079926
1693.875,4695,-4476,-6428,1659.9616668224335
1693.8799998760223,4694,-4468,-6427,1659.9666666984558
1693.8849999904633,4693,-4457,-6427,1659.9716668128967
1693.8899998664856,4691,-4447,-6427,1659.976666688919
1693.8949999809265,4689,-4436,-6429,1659.98166680336
1693.8999998569489,4689,-4424,-6426,1659.9866666793823
1693.9049999713898,4691,-4412,-6424,1659.9916667938232
1693.909999847412,4694,-4399,-6425,1659.9966666698456
1693.914999961853,4695,-4386,-6427,1660.0016667842865
1693.9199998378754,4696,-4373,-6430,1660.0066666603088
1693.9249999523165,4694,-4359,-6435,1660.01166677475
1693.9299998283386,4694,-4346,-6441,1660.016666650772
1693.9349999427795,4693,-4333,-6440,1660.021666765213
1693.939999818802,4692,-4320,-6440,1660.0266666412356
1693.9449999332428,4691,-4309,-6440,1660.0316667556763
1693.9499998092651,4689,-4297,-6442,1660.0366666316986
1693.954999923706,4688,-4287,-6448,1660.0416667461395
1693.9599997997284,4687,-4278,-6457,1660.0466666221619
1693.9649999141693,4686,-4271,-6466,1660.0516667366028
1693.9699997901917,4686,-4264,-6471,1660.0566666126251
1693.9749999046326,4684,-4259,-6472,1660.061666727066
1693.979999780655,4681,-4255,-6472,1660.0666666030884
1693.9849998950958,4679,-4252,-6470,1660.0716667175293
1693.9899997711182,4676,-4251,-6463,1660.0766665935516
1693.994999885559,4674,-4251,-6460,1660.0816667079926
1694.0,4675,-4257,-6462,1660.0866668224335
1694.0049998760223,4676,-4263,-6461,1660.0916666984558
1694.0099999904633,4678,-4268,-6462,1660.0966668128967
1694.0149998664856,4679,-4274,-6469,1660.101666688919
1694.0199999809265,4680,-4279,-6473,1660.10666680336
1694.0249998569489,4680,-4284,-6478,1660.1116666793823
1694.0299999713898,4680,-4290,-6480,1660.1166667938232
1694.034999847412,4681,-4295,-6479,1660.1216666698456
1694.039999961853,4682,-4300,-6478,1660.1266667842865
1694.0449998378754,4683,-4306,-6478,1660.1316666603088
1694.0499999523165,4683,-4310,-6477,1660.13666677475
1694.0549998283386,4683,-4312,-6473,1660.141666650772
1694.0599999427795,4681,-4315,-6470,1660.146666765213
1694.064999818802,4679,-4316,-6469,1660.1516666412356
1694.0699999332428,4676,-4317,-6467,1660.1566667556763
1694.0749998092651,4673,-4320,-6470,1660.1616666316986
1694.079999923706,4670,-4324,-6472,1660.1666667461395
1694.0849997997284,4670,-4326,-6470,1660.1716666221619
1694.0899999141693,4671,-4328,-6470,1660.1766667366028
1694.0949997901917,4671,-4330,-6468,1660.1816666126251
1694.0999999046326,4669,-4331,-6466,1660.186666727066
1694.104999780655,4666,-4332,-6466,1660.1916666030884
1694.1099998950958,4663,-4333,-6465,1660.1966667175293
1694.1149997711182,4661,-4333,-6466,1660.2016665935516
1694.119999885559,4661,-4334,-6464,1660.2066667079926
1694.125,4662,-4336,-6460,1660.2116668224335
1694.1299998760223,4663,-4338,-6457,1660.2166666984558
1694.1349999904633,4663,-4341,-6454,1660.2216668128967
1694.1399998664856,4659,-4346,-6454,1660.226666688919
1694.1449999809265,4655,-4352,-6458,1660.23166680336
1694.1499998569489,4649,-4358,-6464,1660.2366666793823
1694.1549999713898,4645,-4365,-6468,1660.2416667938232
1694.159999847412,4641,-4372,-6470,1660.2466666698456
1694.164999961853,4638,-4379,-6470,1660.2516667842865
1694.1699998378754,4636,-4385,-6473,1660.2566666603088
1694.1749999523165,4634,-4393,-6475,1660.26166677475
1694.1799998283386,4631,-4402,-6474,1660.266666650772
1694.1849999427795,4627,-4413,-6475,1660.271666765213
1694.189999818802,4622,-4427,-6473,1660.2766666412356
1694.1949999332428,4616,-4443,-6468,1660.2816667556763
1694.1999998092651,4612,-4458,-6465,1660.2866666316986
1694.204999923706,4611,-4473,-6461,1660.2916667461395
1694.2099997997284,4609,-4489,-6460,1660.2966666221619
1694.2149999141693,4606,-4506,-6460,1660.3016667366028
1694.2199997901917,4601,-4522,-6462,1660.3066666126251
1694.2249999046326,4594,-4540,-6469,1660.311666727066
1694.229999780655,4588,-4557,-6474,1660.3166666030884
1694.2349998950958,4582,-4572,-6479,1660.3216667175293
1694.2399997711182,4576,-4588,-6482,1660.3266665935516
1694.244999885559,4573,-4605,-6483,1660.3316667079926
1694.25,4569,-4621,-6484,1660.3366668224335
1694.2549998760223,4567,-4638,-6488,1660.3416666984558
1694.2599999904633,4566,-4654,-6489,1660.3466668128967
1694.2649998664856,4564,-4670,-6489,1660.351666688919
1694.2699999809265,4565,-4685,-6486,1660.35666680336
1694.2749998569489,4564,-4700,-6478,1660.3616666793823
1694.2799999713898,4562,-4716,-6475,1660.3666667938232
1694.284999847412,4559,-4731,-6473,1660.3716666698456
1694.289999961853,4558,-4747,-6471,1660.3766667842865
1694.2949998378754,4558,-4762,-6470,1660.3816666603088
1694.2999999523165,4557,-4775,-6466,1660.38666677475
1694.3049998283386,4554,-4787,-6462,1660.391666650772
1694.3099999427795,4549,-4799,-6459,1660.396666765213
1694.314999818802,4545,-4810,-6455,1660.4016666412356
1694.3199999332428,4542,-4819,-6451,1660.4066667556763
1694.3249998092651,4541,-4827,-6448,1660.4116666316986
1694.329999923706,4542,-4834,-6444,1660.4166667461395
1694.3349997997284,4543,-4839,-6444,1660.4216666221619
1694.3399999141693,4542,-4844,-6443,1660.4266667366028
1694.3449997901917,4543,-4850,-6442,1660.4316666126251
1694.3499999046326,4542,-4855,-6442,1660.436666727066
1694.354999780655,4541,-4859,-6441,1660.4416666030884
1694.3599998950958,4540,-4861,-6441,1660.4466667175293
1694.3649997711182,4541,-4864,-6440,1660.4516665935516
1694.369999885559,4542,-4866,-6438,1660.4566667079926
1694.375,4544,-4871,-6437,1660.4616668224335
1694.3799998760223,4545,-4875,-6441,1660.4666666984558
1694.3849999904633,4543,-4880,-6446,1660.4716668128967
1694.3899998664856,4540,-4885,-6452,1660.476666688919
1694.3949999809265,4538,-4889,-6459,1660.48166680336
1694.3999998569489,4535,-4892,-6463,1660.4866666793823
1694.4049999713898,4533,-4893,-6465,1660.4916667938232
1694.409999847412,4532,-4895,-6465,1660.4966666698456
1694.414999961853,4531,-4896,-6464,1660.5016667842865
1694.4199998378754,4530,-4897,-6462,1660.5066666603088
1694.4249999523165,4529,-4899,-6464,1660.51166677475
1694.4299998283386,4528,-4900,-6466,1660.516666650772
1694.4349999427795,4528,-4900,-6470,1660.521666765213
1694.439999818802,4527,-4901,-6477,1660.5266666412356
1694.4449999332428,4526,-4901,-6484,1660.5316667556763
1694.4499998092651,4525,-4904,-6490,1660.5366666316986
1694.454999923706,4522,-4910,-6492,1660.5416667461395
1694.4599997997284,4520,-4915,-6492,1660.5466666221619
1694.4649999141693,4517,-4921,-6490,1660.5516667366028
1694.4699997901917,4512,-4928,-6488,1660.5566666126251
1694.4749999046326,4507,-4935,-6489,1660.561666727066
1694.479999780655,4502,-4942,-6493,1660.5666666030884
1694.4849998950958,4498,-4949,-6495,1660.5716667175293
1694.4899997711182,4493,-4955,-6498,1660.5766665935516
1694.494999885559,4491,-4962,-6500,1660.5816667079926
1694.5,4489,-4971,-6500,1660.5866668224335
1694.5049998760223,4485,-4981,-6499,1660.5916666984558
1694.5099999904633,4480,-4991,-6499,1660.5966668128967
1694.5149998664856,4475,-5001,-6498,1660.601666688919
1694.5199999809265,4469,-5014,-6496,1660.60666680336
1694.5249998569489,4464,-5026,-6494,1660.6116666793823
1694.5299999713898,4459,-5040,-6491,1660.6166667938232
1694.534999847412,4453,-5053,-6491,1660.6216666698456
1694.539999961853,4446,-5065,-6489,1660.6266667842865
1694.5449998378754,4440,-5079,-6488,1660.6316666603088
1694.5499999523165,4436,-5095,-6485,1660.63666677475
1694.5549998283386,4432,-5112,-6482,1660.641666650772
1694.5599999427795,4429,-5130,-6482,1660.646666765213
1694.564999818802,4426,-5148,-6479,1660.6516666412356
1694.5699999332428,4420,-5166,-6482,1660.6566667556763
1694.5749998092651,4412,-5185,-6482,1660.6616666316986
1694.579999923706,4404,-5203,-6482,1660.6666667461395
1694.5849997997284,4395,-5222,-6482,1660.6716666221619
1694.5899999141693,4387,-5242,-6481,1660.6766667366028
1694.5949997901917,4379,-5263,-6484,1660.6816666126251
1694.5999999046326,4372,-5284,-6490,1660.686666727066
1694.604999780655,4365,-5305,-6493,1660.6916666030884
1694.6099998950958,4358,-5326,-6491,1660.6966667175293
1694.6149997711182,4353,-5347,-6487,1660.7016665935516
1694.619999885559,4346,-5368,-6481,1660.7066667079926
1694.625,4339,-5389,-6477,1660.7116668224335
1694.6299998760223,4333,-5411,-6475,1660.7166666984558
1694.6349999904633,4325,-5433,-6474,1660.7216668128967
1694.6399998664856,4316,-5455,-6473,1660.726666688919
1694.6449999809265,4308,-5476,-6471,1660.73166680336
1694.6499998569489,4299,-5496,-6468,1660.7366666793823
1694.6549999713898,4292,-5516,-6465,1660.7416667938232
1694.659999847412,4285,-5534,-6464,1660.7466666698456
1694.664999961853,4278,-5553,-6464,1660.7516667842865
1694.6699998378754,4271,-5572,-6462,1660.7566666603088
1694.6749999523165,4265,-5590,-6462,1660.76166677475
1694.6799998283386,4260,-5607,-6464,1660.766666650772
1694.6849999427795,4255,-5622,-6463,1660.771666765213
1694.689999818802,4250,-5635,-6460,1660.7766666412356
1694.6949999332428,4246,-5647,-6458,1660.7816667556763
1694.6999998092651,4240,-5660,-6453,1660.7866666316986
1694.704999923706,4233,-5672,-6452,1660.7916667461395
1694.7099997997284,4226,-5686,-6453,1660.7966666221619
1694.7149999141693,4221,-5699,-6453,1660.8016667366028
1694.7199997901917,4217,-5711,-6455,1660.8066666126251
1694.7249999046326,4213,-5720,-6455,1660.811666727066
1694.729999780655,4208,-5728,-6453,1660.8166666030884
1694.7349998950958,4203,-5736,-6451,1660.8216667175293
1694.7399997711182,4198,-5745,-6450,1660.8266665935516
1694.744999885559,4193,-5755,-6448,1660.8316667079926
1694.75,4188,-5766,-6453,1660.8366668224335
1694.7549998760223,4184,-5775,-6458,1660.8416666984558
1694.7599999904633,4180,-5784,-6464,1660.8466668128967
1694.7649998664856,4177,-5793,-6466,1660.851666688919
1694.7699999809265,4173,-5799,-6465,1660.85666680336
1694.7749998569489,4168,-5805,-6462,1660.8616666793823
1694.7799999713898,4165,-5807,-6455,1660.8666667938232
1694.784999847412,4163,-5806,-6449,1660.8716666698456
1694.789999961853,4161,-5806,-6444,1660.8766667842865
1694.7949998378754,4160,-5806,-6437,1660.8816666603088
1694.7999999523165,4160,-5805,-6432,1660.88666677475
1694.8049998283386,4161,-5805,-6426,1660.891666650772
1694.8099999427795,4162,-5805,-6421,1660.896666765213
1694.814999818802,4162,-5806,-6418,1660.9016666412356
1694.8199999332428,4163,-5809,-6416,1660.9066667556763
1694.8249998092651,4163,-5810,-6416,1660.9116666316986
1694.829999923706,4163,-5811,-6416,1660.9166667461395
1694.8349997997284,4162,-5810,-6420,1660.9216666221619
1694.8399999141693,4162,-5809,-6422,1660.9266667366028
1694.8449997901917,4160,-5809,-6422,1660.9316666126251
1694.8499999046326,4160,-5809,-6421,1660.936666727066
1694.854999780655,4160,-5808,-6418,1660.9416666030884
1694.8599998950958,4159,-5807,-6415,1660.9466667175293
1694.8649997711182,4159,-5804,-6412,1660.9516665935516
1694.869999885559,4159,-5802,-6409,1660.9566667079926
1694.875,4159,-5798,-6408,1660.9616668224335
1694.8799998760223,4161,-5796,-6407,1660.9666666984558
1694.8849999904633,4163,-5793,-6407,1660.9716668128967
1694.8899998664856,4166,-5790,-6406,1660.976666688919
1694.8949999809265,4171,-5787,-6401,1660.98166680336
1694.8999998569489,4174,-5782,-6398,1660.9866666793823
1694.9049999713898,4177,-5779,-6396,1660.9916667938232
1694.909999847412,4179,-5777,-6395,1660.9966666698456
1694.914999961853,4183,-5773,-6394,1661.0016667842865
1694.9199998378754,4187,-5770,-6395,1661.0066666603088
1694.9249999523165,4192,-5768,-6396,1661.01166677475
1694.9299998283386,4193,-5765,-6397,1661.016666650772
1694.9349999427795,4194,-5763,-6397,1661.021666765213
1694.939999818802,4195,-5761,-6400,1661.0266666412356
1694.9449999332428,4195,-5757,-6397,1661.0316667556763
1694.9499998092651,4199,-5753,-6393,1661.0366666316986
1694.954999923706,4202,-5749,-6392,1661.0416667461395
1694.9599997997284,4203,-5744,-6389,1661.0466666221619
1694.9649999141693,4203,-5743,-6387,1661.0516667366028
1694.9699997901917,4201,-5740,-6391,1661.0566666126251
1694.9749999046326,4200,-5739,-6394,1661.061666727066
1694.979999780655,4201,-5739,-6397,1661.0666666030884
1694.9849998950958,4203,-5739,-6402,1661.0716667175293
1694.9899997711182,4205,-5741,-6404,1661.0766665935516
1694.994999885559,4205,-5741,-6404,1661.0816667079926
1695.0,4205,-5737,-6401,1661.0866668224335
1695.0049998760223,4205,-5735,-6398,1661.0916666984558
1695.0099999904633,4206,-5732,-6395,1661.0966668128967
1695.0149998664856,4205,-5730,-6393,1661.101666688919
1695.0199999809265,4206,-5730,-6392,1661.10666680336
1695.0249998569489,4206,-5729,-6392,1661.1116666793823
1695.0299999713898,4205,-5728,-6393,1661.1166667938232
1695.034999847412,4205,-5729,-6400,1661.1216666698456
1695.039999961853,4206,-5729,-6409,1661.1266667842865
1695.0449998378754,4204,-5730,-6418,1661.1316666603088
1695.0499999523165,4202,-5731,-6421,1661.13666677475
1695.0549998283386,4199,-5732,-6423,1661.141666650772
1695.0599999427795,4197,-5733,-6423,1661.146666765213
1695.064999818802,4197,-5736,-6423,1661.1516666412356
1695.0699999332428,4197,-5738,-6422,1661.1566667556763
1695.0749998092651,4199,-5742,-6419,1661.1616666316986
1695.079999923706,4200,-5746,-6415,1661.1666667461395
1695.0849997997284,4202,-5750,-6411,1661.1716666221619
1695.0899999141693,4202,-5753,-6411,1661.1766667366028
1695.0949997901917,4203,-5757,-6412,1661.1816666126251
1695.0999999046326,4201,-5760,-6414,1661.186666727066
1695.104999780655,4202,-5763,-6418,1661.1916666030884
1695.1099998950958,4204,-5764,-6418,1661.1966667175293
1695.1149997711182,4207,-5766,-6417,1661.2016665935516
1695.119999885559,4213,-5764,-6412,1661.2066667079926
1695.125,4215,-5761,-6407,1661.2116668224335
1695.1299998760223,4215,-5759,-6403,1661.2166666984558
1695.1349999904633,4214,-5757,-6399,1661.2216668128967
1695.1399998664856,4211,-5757,-6397,1661.226666688919
1695.1449999809265,4210,-5757,-6394,1661.23166680336
1695.1499998569489,4210,-5759,-6390,1661.2366666793823
1695.1549999713898,4211,-5760,-6385,1661.2416667938232
1695.159999847412,4213,-5762,-6382,1661.2466666698456
1695.164999961853,4214,-5764,-6379,1661.2516667842865
1695.1699998378754,4218,-5764,-6379,1661.2566666603088
1695.1749999523165,4222,-5764,-6381,1661.26166677475
1695.1799998283386,4227,-5763,-6381,1661.266666650772
1695.1849999427795,4232,-5762,-6384,1661.271666765213
1695.189999818802,4235,-5760,-6386,1661.2766666412356
1695.1949999332428,4238,-5757,-6387,1661.2816667556763
1695.1999998092651,4239,-5752,-6389,1661.2866666316986
1695.204999923706,4240,-5747,-6391,1661.2916667461395
1695.2099997997284,4241,-5741,-6391,1661.2966666221619
1695.2149999141693,4240,-5736,-6393,1661.3016667366028
1695.2199997901917,4241,-5732,-6390,1661.3066666126251
1695.2249999046326,4242,-5729,-6383,1661.311666727066
1695.229999780655,4245,-5727,-6379,1661.3166666030884
1695.2349998950958,4249,-5724,-6371,1661.3216667175293
1695.2399997711182,4252,-5722,-6366,1661.3266665935516
1695.244999885559,4255,-5720,-6363,1661.3316667079926
1695.25,4257,-5717,-6361,1661.3366668224335
1695.2549998760223,4260,-5714,-6363,1661.3416666984558
1695.2599999904633,4262,-5712,-6365,1661.3466668128967
1695.2649998664856,4268,-5711,-6365,1661.351666688919
1695.2699999809265,4273,-5708,-6364,1661.35666680336
1695.2749998569489,4276,-5705,-6361,1661.3616666793823
1695.2799999713898,4278,-5702,-6357,1661.3666667938232
1695.284999847412,4277,-5700,-6353,1661.3716666698456
1695.289999961853,4276,-5698,-6351,1661.3766667842865
1695.2949998378754,4275,-5697,-6349,1661.3816666603088
1695.2999999523165,4277,-5697,-6345,1661.38666677475
1695.3049998283386,4280,-5695,-6344,1661.391666650772
1695.3099999427795,4283,-5695,-6346,1661.396666765213
1695.314999818802,4286,-5696,-6347,1661.4016666412356
1695.3199999332428,4285,-5696,-6354,1661.4066667556763
1695.3249998092651,4282,-5698,-6361,1661.4116666316986
1695.329999923706,4279,-5698,-6365,1661.4166667461395
1695.3349997997284,4276,-5698,-6370,1661.4216666221619
1695.3399999141693,4275,-5698,-6369,1661.4266667366028
1695.3449997901917,4274,-5699,-6370,1661.4316666126251
1695.3499999046326,4273,-5703,-6371,1661.436666727066
1695.354999780655,4272,-5705,-6371,1661.4416666030884
1695.3599998950958,4270,-5707,-6371,1661.4466667175293
1695.3649997711182,4269,-5709,-6373,1661.4516665935516
1695.369999885559,4269,-5708,-6373,1661.4566667079926
1695.375,4267,-5709,-6375,1661.4616668224335
1695.3799998760223,4264,-5711,-6376,1661.4666666984558
1695.3849999904633,4261,-5715,-6375,1661.4716668128967
1695.3899998664856,4259,-5722,-6374,1661.476666688919
1695.3949999809265,4258,-5727,-6371,1661.48166680336
1695.3999998569489,4259,-5731,-6368,1661.4866666793823
1695.4049999713898,4260,-5732,-6365,1661.4916667938232
1695.409999847412,4258,-5734,-6364,1661.4966666698456
1695.414999961853,4254,-5738,-6370,1661.5016667842865
1695.4199998378754,4247,-5742,-6376,1661.5066666603088
1695.4249999523165,4240,-5747,-6383,1661.51166677475
1695.4299998283386,4234,-5752,-6387,1661.516666650772
1695.4349999427795,4230,-5756,-6390,1661.521666765213
1695.439999818802,4227,-5761,-6389,1661.5266666412356
1695.4449999332428,4224,-5768,-6390,1661.5316667556763
1695.4499998092651,4220,-5775,-6393,1661.5366666316986
1695.454999923706,4215,-5785,-6393,1661.5416667461395
1695.4599997997284,4211,-5795,-6397,1661.5466666221619
1695.4649999141693,4206,-5803,-6398,1661.5516667366028
1695.4699997901917,4201,-5811,-6399,1661.5566666126251
1695.4749999046326,4196,-5818,-6394,1661.561666727066
1695.479999780655,4188,-5826,-6387,1661.5666666030884
1695.4849998950958,4180,-5834,-6375,1661.5716667175293
1695.4899997711182,4172,-5844,-6365,1661.5766665935516
1695.494999885559,4165,-5853,-6355,1661.5816667079926
1695.5,4161,-5864,-6346,1661.5866668224335
1695.5049998760223,4156,-5875,-6338,1661.5916666984558
1695.5099999904633,4153,-5887,-6334,1661.5966668128967
1695.5149998664856,4148,-5900,-6328,1661.601666688919
1695.5199999809265,4143,-5911,-6326,1661.60666680336
1695.5249998569489,4141,-5923,-6323,1661.6116666793823
1695.5299999713898,4138,-5936,-6321,1661.6166667938232
1695.534999847412,4135,-5948,-6317,1661.6216666698456
1695.539999961853,4133,-5959,-6313,1661.6266667842865
1695.5449998378754,4131,-5968,-6310,1661.6316666603088
1695.5499999523165,4128,-5978,-6307,1661.63666677475
1695.5549998283386,4126,-5986,-6305,1661.641666650772
1695.5599999427795,4122,-5994,-6303,1661.646666765213
1695.564999818802,4117,-5999,-6299,1661.6516666412356
1695.5699999332428,4115,-6004,-6296,1661.6566667556763
1695.5749998092651,4116,-6009,-6294,1661.6616666316986
1695.579999923706,4120,-6012,-6295,1661.6666667461395
1695.5849997997284,4124,-6015,-6298,1661.6716666221619
1695.5899999141693,4127,-6016,-6299,1661.6766667366028
1695.5949997901917,4131,-6017,-6297,1661.6816666126251
1695.5999999046326,4135,-6016,-6301,1661.686666727066
1695.604999780655,4140,-6017,-6298,1661.6916666030884
1695.6099998950958,4147,-6017,-6294,1661.6966667175293
1695.6149997711182,4156,-6016,-6293,1661.7016665935516
1695.619999885559,4162,-6013,-6289,1661.7066667079926
1695.625,4167,-6005,-6289,1661.7116668224335
1695.6299998760223,4172,-5996,-6288,1661.7166666984558
1695.6349999904633,4178,-5986,-6286,1661.7216668128967
1695.6399998664856,4186,-5973,-6284,1661.726666688919
1695.6449999809265,4192,-5963,-6281,1661.73166680336
1695.6499998569489,4198,-5950,-6278,1661.7366666793823
1695.6549999713898,4206,-5939,-6277,1661.7416667938232
1695.659999847412,4215,-5931,-6277,1661.7466666698456
1695.664999961853,4223,-5922,-6279,1661.7516667842865
1695.6699998378754,4232,-5913,-6279,1661.7566666603088
1695.6749999523165,4238,-5901,-6278,1661.76166677475
1695.6799998283386,4246,-5886,-6276,1661.766666650772
1695.6849999427795,4255,-5870,-6276,1661.771666765213
1695.689999818802,4265,-5854,-6278,1661.7766666412356
1695.6949999332428,4274,-5838,-6280,1661.7816667556763
1695.6999998092651,4281,-5823,-6284,1661.7866666316986
1695.704999923706,4286,-5808,-6287,1661.7916667461395
1695.7099997997284,4290,-5794,-6288,1661.7966666221619
1695.7149999141693,4294,-5779,-6289,1661.8016667366028
1695.7199997901917,4299,-5767,-6293,1661.8066666126251
1695.7249999046326,4305,-5758,-6298,1661.811666727066
1695.729999780655,4310,-5750,-6301,1661.8166666030884
1695.7349998950958,4312,-5744,-6302,1661.8216667175293
1695.7399997711182,4313,-5740,-6304,1661.8266665935516
1695.744999885559,4313,-5736,-6307,1661.8316667079926
1695.75,4314,-5734,-6314,1661.8366668224335
1695.7549998760223,4314,-5732,-6320,1661.8416666984558
1695.7599999904633,4313,-5732,-6324,1661.8466668128967
1695.7649998664856,4313,-5732,-6328,1661.851666688919
1695.7699999809265,4313,-5732,-6331,1661.85666680336
1695.7749998569489,4313,-5733,-6336,1661.8616666793823
1695.7799999713898,4311,-5735,-6340,1661.8666667938232
1695.784999847412,4308,-5737,-6339,1661.8716666698456
1695.789999961853,4305,-5741,-6338,1661.8766667842865
1695.7949998378754,4301,-5743,-6338,1661.8816666603088
1695.7999999523165,4299,-5746,-6333,1661.88666677475
1695.8049998283386,4297,-5747,-6332,1661.891666650772
1695.8099999427795,4294,-5749,-6333,1661.896666765213
1695.814999818802,4291,-5751,-6332,1661.9016666412356
1695.8199999332428,4286,-5753,-6332,1661.9066667556763
1695.8249998092651,4283,-5757,-6328,1661.9116666316986
1695.829999923706,4281,-5759,-6321,1661.9166667461395
1695.8349997997284,4280,-5760,-6316,1661.9216666221619
1695.8399999141693,4277,-5760,-6315,1661.9266667366028
1695.8449997901917,4275,-5760,-6315,1661.9316666126251
1695.8499999046326,4273,-5761,-6317,1661.936666727066
1695.854999780655,4271,-5762,-6322,1661.9416666030884
1695.8599998950958,4270,-5763,-6325,1661.9466667175293
1695.8649997711182,4270,-5764,-6330,1661.9516665935516
1695.869999885559,4269,-5766,-6336,1661.9566667079926
1695.875,4268,-5769,-6342,1661.9616668224335
1695.8799998760223,4266,-5772,-6345,1661.9666666984558
1695.8849999904633,4265,-5775,-6345,1661.9716668128967
1695.8899998664856,4264,-5776,-6345,1661.976666688919
1695.8949999809265,4264,-5775,-6344,1661.98166680336
1695.8999998569489,4266,-5774,-6345,1661.9866666793823
1695.9049999713898,4268,-5772,-6348,1661.9916667938232
1695.909999847412,4269,-5773,-6350,1661.9966666698456
1695.914999961853,4272,-5774,-6353,1662.0016667842865
1695.9199998378754,4273,-5774,-6356,1662.0066666603088
1695.9249999523165,4272,-5775,-6356,1662.01166677475
1695.9299998283386,4270,-5775,-6355,1662.016666650772
1695.9349999427795,4269,-5775,-6352,1662.021666765213
1695.939999818802,4270,-5777,-6348,1662.0266666412356
1695.9449999332428,4272,-5778,-6344,1662.0316667556763
1695.9499998092651,4277,-5777,-6340,1662.0366666316986
1695.954999923706,4281,-5776,-6337,1662.0416667461395
1695.9599997997284,4285,-5775,-6334,1662.0466666221619
1695.9649999141693,4286,-5775,-6331,1662.0516667366028
1695.9699997901917,4286,-5775,-6331,1662.0566666126251
1695.9749999046326,4287,-5774,-6331,1662.061666727066
1695.979999780655,4285,-5773,-6332,1662.0666666030884
1695.9849998950958,4284,-5773,-6334,1662.0716667175293
1695.9899997711182,4282,-5770,-6336,1662.0766665935516
1695.994999885559,4279,-5770,-6337,1662.0816667079926
1696.0,4277,-5772,-6338,1662.0866668224335
1696.0049998760223,4274,-5773,-6338,1662.0916666984558
1696.0099999904633,4272,-5773,-6338,1662.0966668128967
1696.0149998664856,4271,-5773,-6337,1662.101666688919
1696.0199999809265,4273,-5773,-6331,1662.10666680336
1696.0249998569489,4275,-5773,-6329,1662.1116666793823
1696.0299999713898,4277,-5775,-6326,1662.1166667938232
1696.034999847412,4276,-5777,-6325,1662.1216666698456
1696.039999961853,4273,-5778,-6330,1662.1266667842865
1696.0449998378754,4269,-5779,-6334,1662.1316666603088
1696.0499999523165,4264,-5780,-6339,1662.13666677475
1696.0549998283386,4262,-5779,-6343,1662.141666650772
1696.0599999427795,4260,-5778,-6347,1662.146666765213
1696.064999818802,4258,-5778,-6352,1662.1516666412356
1696.0699999332428,4256,-5777,-6357,1662.1566667556763
1696.0749998092651,4251,-5778,-6359,1662.1616666316986
1696.079999923706,4245,-5779,-6362,1662.1666667461395
1696.0849997997284,4239,-5780,-6365,1662.1716666221619
1696.0899999141693,4234,-5781,-6366,1662.1766667366028
1696.0949997901917,4231,-5782,-6367,1662.1816666126251
1696.0999999046326,4228,-5782,-6363,1662.186666727066
1696.104999780655,4226,-5781,-6361,1662.1916666030884
1696.1099998950958,4224,-5780,-6355,1662.1966667175293
1696.1149997711182,4221,-5779,-6353,1662.2016665935516
1696.119999885559,4219,-5778,-6351,1662.2066667079926
1696.125,4218,-5777,-6350,1662.2116668224335
1696.1299998760223,4217,-5775,-6350,1662.2166666984558
1696.1349999904633,4216,-5775,-6348,1662.2216668128967
1696.1399998664856,4214,-5776,-6348,1662.226666688919
1696.1449999809265,4213,-5778,-6350,1662.23166680336
1696.1499998569489,4213,-5779,-6355,1662.2366666793823
1696.1549999713898,4212,-5779,-6360,1662.2416667938232
1696.159999847412,4211,-5779,-6364,1662.2466666698456
1696.164999961853,4210,-5778,-6367,1662.2516667842865
1696.1699998378754,4210,-5779,-6368,1662.2566666603088
1696.1749999523165,4210,-5778,-6371,1662.26166677475
1696.1799998283386,4208,-5775,-6374,1662.266666650772
1696.1849999427795,4208,-5772,-6376,1662.271666765213
1696.189999818802,4209,-5767,-6374,1662.2766666412356
1696.1949999332428,4209,-5763,-6371,1662.2816667556763
1696.1999998092651,4213,-5763,-6366,1662.2866666316986
1696.204999923706,4215,-5762,-6365,1662.2916667461395
1696.2099997997284,4216,-5761,-6363,1662.2966666221619
1696.2149999141693,4218,-5760,-6364,1662.3016667366028
1696.2199997901917,4218,-5758,-6368,1662.3066666126251
1696.2249999046326,4219,-5757,-6371,1662.311666727066
1696.229999780655,4221,-5755,-6372,1662.3166666030884
1696.2349998950958,4222,-5753,-6372,1662.3216667175293
1696.2399997711182,4224,-5750,-6372,1662.3266665935516
1696.244999885559,4225,-5747,-6373,1662.3316667079926
1696.25,4227,-5743,-6379,1662.3366668224335
1696.2549998760223,4230,-5739,-6385,1662.3416666984558
1696.2599999904633,4232,-5736,-6388,1662.3466668128967
1696.2649998664856,4233,-5733,-6387,1662.351666688919
1696.2699999809265,4234,-5732,-6387,1662.35666680336
1696.2749998569489,4233,-5732,-6387,1662.3616666793823
1696.2799999713898,4232,-5731,-6384,1662.3666667938232
1696.284999847412,4232,-5731,-6381,1662.3716666698456
1696.289999961853,4232,-5730,-6380,1662.3766667842865
1696.2949998378754,4233,-5730,-6382,1662.3816666603088
1696.2999999523165,4235,-5729,-6384,1662.38666677475
1696.3049998283386,4236,-5729,-6389,1662.391666650772
1696.3099999427795,4235,-5729,-6391,1662.396666765213
1696.314999818802,4234,-5730,-6390,1662.4016666412356
1696.3199999332428,4234,-5732,-6390,1662.4066667556763
1696.3249998092651,4233,-5732,-6389,1662.4116666316986
1696.329999923706,4234,-5732,-6387,1662.4166667461395
1696.3349997997284,4233,-5731,-6386,1662.4216666221619
1696.3399999141693,4231,-5731,-6385,1662.4266667366028
1696.3449997901917,4229,-5732,-6386,1662.4316666126251
1696.3499999046326,4226,-5732,-6390,1662.436666727066
1696.354999780655,4225,-5732,-6398,1662.4416666030884
1696.3599998950958,4224,-5734,-6405,1662.4466667175293
1696.3649997711182,4223,-5735,-6408,1662.4516665935516
1696.369999885559,4222,-5736,-6407,1662.4566667079926
1696.375,4221,-5738,-6408,1662.4616668224335
1696.3799998760223,4219,-5737,-6403,1662.4666666984558
1696.3849999904633,4220,-5736,-6401,1662.4716668128967
1696.3899998664856,4219,-5733,-6399,1662.476666688919
1696.3949999809265,4219,-5730,-6396,1662.48166680336
1696.3999998569489,4219,-5728,-6398,1662.4866666793823
1696.4049999713898,4218,-5728,-6399,1662.4916667938232
1696.409999847412,4217,-5731,-6400,1662.4966666698456
1696.414999961853,4216,-5732,-6399,1662.5016667842865
1696.4199998378754,4216,-5733,-6396,1662.5066666603088
1696.4249999523165,4214,-5733,-6395,1662.51166677475
1696.4299998283386,4215,-5732,-6394,1662.516666650772
1696.4349999427795,4214,-5731,-6392,1662.521666765213
1696.439999818802,4214,-5730,-6393,1662.5266666412356
1696.4449999332428,4214,-5730,-6395,1662.5316667556763
1696.4499998092651,4214,-5734,-6400,1662.5366666316986
1696.454999923706,4216,-5737,-6407,1662.5416667461395
1696.4599997997284,4217,-5739,-6416,1662.5466666221619
1696.4649999141693,4219,-5742,-6421,1662.5516667366028
1696.4699997901917,4221,-5742,-6426,1662.5566666126251
1696.4749999046326,4221,-5743,-6429,1662.561666727066
1696.479999780655,4221,-5743,-6433,1662.5666666030884
1696.4849998950958,4221,-5743,-6435,1662.5716667175293
1696.4899997711182,4222,-5744,-6437,1662.5766665935516
1696.494999885559,4224,-5745,-6435,1662.5816667079926
1696.5,4226,-5745,-6429,1662.5866668224335
1696.5049998760223,4226,-5745,-6422,1662.5916666984558
1696.5099999904633,4226,-5744,-6413,1662.5966668128967
1696.5149998664856,4223,-5743,-6407,1662.601666688919
1696.5199999809265,4223,-5742,-6405,1662.60666680336
1696.5249998569489,4223,-5743,-6405,1662.6116666793823
1696.5299999713898,4222,-5744,-6406,1662.6166667938232
1696.534999847412,4221,-5743,-6407,1662.6216666698456
1696.539999961853,4219,-5742,-6407,1662.6266667842865
1696.5449998378754,4219,-5741,-6409,1662.6316666603088
1696.5499999523165,4220,-5739,-6410,1662.63666677475
1696.5549998283386,4224,-5736,-6413,1662.641666650772
1696.5599999427795,4226,-5734,-6416,1662.646666765213
1696.564999818802,4226,-5732,-6414,1662.6516666412356
1696.5699999332428,4226,-5731,-6412,1662.6566667556763
1696.5749998092651,4224,-5731,-6405,1662.6616666316986
1696.579999923706,4223,-5732,-6400,1662.6666667461395
1696.5849997997284,4224,-5731,-6394,1662.6716666221619
1696.5899999141693,4225,-5730,-6389,1662.6766667366028
1696.5949997901917,4227,-5730,-6386,1662.6816666126251
1696.5999999046326,4228,-5727,-6385,1662.686666727066
1696.604999780655,4229,-5726,-6385,1662.6916666030884
1696.6099998950958,4231,-5726,-6387,1662.6966667175293
1696.6149997711182,4233,-5724,-6387,1662.7016665935516
1696.619999885559,4236,-5723,-6388,1662.7066667079926
1696.625,4238,-5719,-6388,1662.7116668224335
1696.6299998760223,4240,-5717,-6387,1662.7166666984558
1696.6349999904633,4242,-5717,-6385,1662.7216668128967
1696.6399998664856,4241,-5716,-6385,1662.726666688919
1696.6449999809265,4241,-5717,-6384,1662.73166680336
1696.6499998569489,4240,-5718,-6388,1662.7366666793823
1696.6549999713898,4240,-5718,-6392,1662.7416667938232
1696.659999847412,4241,-5720,-6399,1662.7466666698456
1696.664999961853,4243,-5723,-6408,1662.7516667842865
1696.6699998378754,4244,-5727,-6411,1662.7566666603088
1696.6749999523165,4244,-5727,-6414,1662.76166677475
1696.6799998283386,4245,-5727,-6416,1662.766666650772
1696.6849999427795,4244,-5726,-6417,1662.771666765213
1696.689999818802,4245,-5726,-6421,1662.7766666412356
1696.6949999332428,4246,-5726,-6425,1662.7816667556763
1696.6999998092651,4245,-5723,-6426,1662.7866666316986
1696.704999923706,4242,-5720,-6431,1662.7916667461395
1696.7099997997284,4239,-5717,-6434,1662.7966666221619
1696.7149999141693,4237,-5712,-6436,1662.8016667366028
1696.7199997901917,4237,-5710,-6437,1662.8066666126251
1696.7249999046326,4238,-5710,-6439,1662.811666727066
1696.729999780655,4239,-5711,-6438,1662.8166666030884
1696.7349998950958,4239,-5713,-6439,1662.8216667175293
1696.7399997711182,4236,-5715,-6441,1662.8266665935516
1696.744999885559,4234,-5716,-6442,1662.8316667079926
1696.75,4234,-5715,-6443,1662.8366668224335
1696.7549998760223,4235,-5711,-6447,1662.8416666984558
1696.7599999904633,4239,-5708,-6446,1662.8466668128967
1696.7649998664856,4243,-5705,-6442,1662.851666688919
1696.7699999809265,4244,-5702,-6437,1662.85666680336
1696.7749998569489,4246,-5702,-6433,1662.8616666793823
1696.7799999713898,4246,-5703,-6433,1662.8666667938232
1696.784999847412,4247,-5703,-6434,1662.8716666698456
1696.789999961853,4249,-5703,-6434,1662.8766667842865
1696.7949998378754,4251,-5703,-6436,1662.8816666603088
1696.7999999523165,4254,-5702,-6431,1662.88666677475
1696.8049998283386,4257,-5701,-6429,1662.891666650772
1696.8099999427795,4259,-5700,-6428,1662.896666765213
1696.814999818802,4259,-5701,-6426,1662.9016666412356
1696.8199999332428,4260,-5701,-6427,1662.9066667556763
1696.8249998092651,4259,-5702,-6424,1662.9116666316986
1696.829999923706,4260,-5700,-6416,1662.9166667461395
1696.8349997997284,4261,-5696,-6412,1662.9216666221619
1696.8399999141693,4261,-5694,-6405,1662.9266667366028
1696.8449997901917,4260,-5690,-6399,1662.9316666126251
1696.8499999046326,4257,-5688,-6397,1662.936666727066
1696.854999780655,4255,-5686,-6392,1662.9416666030884
1696.8599998950958,4254,-5684,-6392,1662.9466667175293
1696.8649997711182,4254,-5683,-6395,1662.9516665935516
1696.869999885559,4257,-5682,-6398,1662.9566667079926
1696.875,4263,-5680,-6402,1662.9616668224335
1696.8799998760223,4267,-5678,-6403,1662.9666666984558
1696.8849999904633,4271,-5677,-6400,1662.9716668128967
1696.8899998664856,4273,-5672,-6394,1662.976666688919
1696.8949999809265,4275,-5668,-6390,1662.98166680336
1696.8999998569489,4277,-5665,-6385,1662.9866666793823
1696.9049999713898,4279,-5660,-6381,1662.9916667938232
1696.909999847412,4281,-5656,-6380,1662.9966666698456
1696.914999961853,4283,-5652,-6380,1663.0016667842865
1696.9199998378754,4286,-5645,-6381,1663.0066666603088
1696.9249999523165,4290,-5636,-6386,1663.01166677475
1696.9299998283386,4293,-5627,-6389,1663.016666650772
1696.9349999427795,4297,-5617,-6391,1663.021666765213
1696.939999818802,4302,-5608,-6396,1663.0266666412356
1696.9449999332428,4307,-5600,-6403,1663.0316667556763
1696.9499998092651,4311,-5591,-6408,1663.0366666316986
1696.954999923706,4313,-5583,-6409,1663.0416667461395
1696.9599997997284,4315,-5574,-6412,1663.0466666221619
1696.9649999141693,4319,-5564,-6413,1663.0516667366028
1696.9699997901917,4322,-5554,-6414,1663.0566666126251
1696.9749999046326,4327,-5544,-6414,1663.061666727066
1696.979999780655,4331,-5535,-6414,1663.0666666030884
1696.9849998950958,4335,-5525,-6416,1663.0716667175293
1696.9899997711182,4338,-5515,-6419,1663.0766665935516
1696.994999885559,4342,-5505,-6421,1663.0816667079926
1697.0,4345,-5495,-6420,1663.0866668224335
1697.0049998760223,4349,-5485,-6417,1663.0916666984558
1697.0099999904633,4355,-5475,-6416,1663.0966668128967
1697.0149998664856,4360,-5465,-6418,1663.101666688919
1697.0199999809265,4365,-5456,-6424,1663.10666680336
1697.0249998569489,4369,-5446,-6426,1663.1116666793823
1697.0299999713898,4373,-5436,-6431,1663.1166667938232
1697.034999847412,4377,-5425,-6432,1663.1216666698456
1697.039999961853,4381,-5413,-6433,1663.1266667842865
1697.0449998378754,4385,-5404,-6435,1663.1316666603088
1697.0499999523165,4389,-5395,-6432,1663.13666677475
1697.0549998283386,4393,-5386,-6434,1663.141666650772
1697.0599999427795,4397,-5377,-6435,1663.146666765213
1697.064999818802,4401,-5369,-6436,1663.1516666412356
1697.0699999332428,4404,-5360,-6437,1663.1566667556763
1697.0749998092651,4407,-5352,-6439,1663.1616666316986
1697.079999923706,4409,-5346,-6440,1663.1666667461395
1697.0849997997284,4411,-5338,-6439,1663.1716666221619
1697.0899999141693,4414,-5331,-6440,1663.1766667366028
1697.0949997901917,4418,-5324,-6441,1663.1816666126251
1697.0999999046326,4423,-5315,-6439,1663.186666727066
1697.104999780655,4426,-5307,-6438,1663.1916666030884
1697.1099998950958,4431,-5296,-6437,1663.1966667175293
1697.1149997711182,4434,-5282,-6433,1663.2016665935516
1697.119999885559,4435,-5269,-6430,1663.2066667079926
1697.125,4437,-5259,-6429,1663.2116668224335
1697.1299998760223,4440,-5249,-6433,1663.2166666984558
1697.1349999904633,4443,-5241,-6437,1663.2216668128967
1697.1399998664856,4448,-5233,-6439,1663.226666688919
1697.1449999809265,4452,-5222,-6440,1663.23166680336
1697.1499998569489,4453,-5212,-6441,1663.2366666793823
1697.1549999713898,4456,-5202,-6443,1663.2416667938232
1697.159999847412,4459,-5192,-6445,1663.2466666698456
1697.164999961853,4464,-5182,-6444,1663.2516667842865
1697.1699998378754,4471,-5173,-6444,1663.2566666603088
1697.1749999523165,4477,-5161,-6442,1663.26166677475
1697.1799998283386,4480,-5150,-6440,1663.266666650772
1697.1849999427795,4484,-5140,-6442,1663.271666765213
1697.189999818802,4487,-5129,-6442,1663.2766666412356
1697.1949999332428,4492,-5118,-6442,1663.2816667556763
1697.1999998092651,4499,-5108,-6441,1663.2866666316986
1697.204999923706,4503,-5097,-6436,1663.2916667461395
1697.2099997997284,4508,-5087,-6433,1663.2966666221619
1697.2149999141693,4511,-5077,-6433,1663.3016667366028
1697.2199997901917,4512,-5066,-6434,1663.3066666126251
1697.2249999046326,4515,-5053,-6439,1663.311666727066
1697.229999780655,4520,-5040,-6443,1663.3166666030884
1697.2349998950958,4526,-5028,-6447,1663.3216667175293
1697.2399997711182,4532,-5016,-6450,1663.3266665935516
1697.244999885559,4535,-5008,-6453,1663.3316667079926
1697.25,4538,-5002,-6453,1663.3366668224335
1697.2549998760223,4541,-4997,-6452,1663.3416666984558
1697.2599999904633,4544,-4995,-6453,1663.3466668128967
1697.2649998664856,4546,-4991,-6454,1663.351666688919
1697.2699999809265,4548,-4988,-6456,1663.35666680336
1697.2749998569489,4549,-4983,-6458,1663.3616666793823
1697.2799999713898,4551,-4979,-6458,1663.3666667938232
1697.284999847412,4553,-4975,-6454,1663.3716666698456
1697.289999961853,4558,-4970,-6449,1663.3766667842865
1697.2949998378754,4562,-4966,-6447,1663.3816666603088
1697.2999999523165,4564,-4961,-6441,1663.38666677475
1697.3049998283386,4568,-4955,-6438,1663.391666650772
1697.3099999427795,4570,-4949,-6437,1663.396666765213
1697.314999818802,4573,-4946,-6439,1663.4016666412356
1697.3199999332428,4576,-4942,-6440,1663.4066667556763
1697.3249998092651,4575,-4942,-6435,1663.4116666316986
1697.329999923706,4573,-4943,-6429,1663.4166667461395
1697.3349997997284,4572,-4943,-6421,1663.4216666221619
1697.3399999141693,4572,-4946,-6416,1663.4266667366028
1697.3449997901917,4571,-4947,-6413,1663.4316666126251
1697.3499999046326,4571,-4949,-6409,1663.436666727066
1697.354999780655,4571,-4951,-6405,1663.4416666030884
1697.3599998950958,4569,-4952,-6405,1663.4466667175293
1697.3649997711182,4567,-4952,-6409,1663.4516665935516
1697.369999885559,4563,-4953,-6410,1663.4566667079926
1697.375,4560,-4953,-6415,1663.4616668224335
1697.3799998760223,4557,-4954,-6417,1663.4666666984558
1697.3849999904633,4555,-4956,-6419,1663.4716668128967
1697.3899998664856,4554,-4958,-6423,1663.476666688919
1697.3949999809265,4554,-4961,-6429,1663.48166680336
1697.3999998569489,4554,-4963,-6434,1663.4866666793823
1697.4049999713898,4554,-4965,-6436,1663.4916667938232
1697.409999847412,4551,-4968,-6437,1663.4966666698456
1697.414999961853,4548,-4972,-6434,1663.5016667842865
1697.4199998378754,4545,-4979,-6431,1663.5066666603088
1697.4249999523165,4543,-4983,-6425,1663.51166677475
1697.4299998283386,4542,-4985,-6424,1663.516666650772
1697.4349999427795,4542,-4987,-6424,1663.521666765213
1697.439999818802,4541,-4988,-6425,1663.5266666412356
1697.4449999332428,4540,-4991,-6431,1663.5316667556763
1697.4499998092651,4537,-4997,-6432,1663.5366666316986
1697.454999923706,4535,-5003,-6434,1663.5416667461395
1697.4599997997284,4533,-5009,-6434,1663.5466666221619
1697.4649999141693,4533,-5016,-6430,1663.5516667366028
1697.4699997901917,4532,-5024,-6428,1663.5566666126251
1697.4749999046326,4529,-5033,-6426,1663.561666727066
1697.479999780655,4526,-5044,-6427,1663.5666666030884
1697.4849998950958,4523,-5054,-6426,1663.5716667175293
1697.4899997711182,4521,-5063,-6422,1663.5766665935516
1697.494999885559,4519,-5069,-6418,1663.5816667079926
1697.5,4517,-5075,-6415,1663.5866668224335
1697.5049998760223,4513,-5080,-6415,1663.5916666984558
1697.5099999904633,4508,-5085,-6419,1663.5966668128967
1697.5149998664856,4503,-5092,-6420,1663.601666688919
1697.5199999809265,4500,-5099,-6422,1663.60666680336
1697.5249998569489,4499,-5106,-6424,1663.6116666793823
1697.5299999713898,4499,-5113,-6426,1663.6166667938232
1697.534999847412,4500,-5120,-6428,1663.6216666698456
1697.539999961853,4500,-5126,-6429,1663.6266667842865
1697.5449998378754,4500,-5131,-6430,1663.6316666603088
1697.5499999523165,4498,-5134,-6427,1663.63666677475
1697.5549998283386,4496,-5136,-6422,1663.641666650772
1697.5599999427795,4494,-5137,-6420,1663.646666765213
1697.564999818802,4493,-5139,-6417,1663.6516666412356
1697.5699999332428,4491,-5141,-6413,1663.6566667556763
1697.5749998092651,4489,-5140,-6413,1663.6616666316986
1697.579999923706,4487,-5140,-6412,1663.6666667461395
1697.5849997997284,4487,-5140,-6415,1663.6716666221619
1697.5899999141693,4489,-5139,-6420,1663.6766667366028
1697.5949997901917,4492,-5139,-6424,1663.6816666126251
1697.5999999046326,4495,-5137,-6425,1663.686666727066
1697.604999780655,4496,-5134,-6426,1663.6916666030884
1697.6099998950958,4497,-5133,-6427,1663.6966667175293
1697.6149997711182,4496,-5133,-6426,1663.7016665935516
1697.619999885559,4495,-5131,-6422,1663.7066667079926
1697.625,4499,-5132,-6419,1663.7116668224335
1697.6299998760223,4503,-5130,-6417,1663.7166666984558
1697.6349999904633,4506,-5128,-6415,1663.7216668128967
1697.6399998664856,4510,-5125,-6415,1663.726666688919
1697.6449999809265,4513,-5123,-6415,1663.73166680336
1697.6499998569489,4512,-5119,-6415,1663.7366666793823
1697.6549999713898,4511,-5116,-6416,1663.7416667938232
1697.659999847412,4510,-5112,-6415,1663.7466666698456
1697.664999961853,4511,-5107,-6410,1663.7516667842865
1697.6699998378754,4513,-5103,-6404,1663.7566666603088
1697.6749999523165,4516,-5098,-6395,1663.76166677475
1697.6799998283386,4517,-5096,-6389,1663.766666650772
1697.6849999427795,4518,-5095,-6385,1663.771666765213
1697.689999818802,4518,-5096,-6386,1663.7766666412356
1697.6949999332428,4517,-5097,-6389,1663.7816667556763
1697.6999998092651,4515,-5099,-6395,1663.7866666316986
1697.704999923706,4510,-5103,-6400,1663.7916667461395
1697.7099997997284,4505,-5105,-6403,1663.7966666221619
1697.7149999141693,4501,-5108,-6406,1663.8016667366028
1697.7199997901917,4499,-5109,-6407,1663.8066666126251
1697.7249999046326,4496,-5111,-6409,1663.811666727066
1697.729999780655,4495,-5114,-6408,1663.8166666030884
1697.7349998950958,4493,-5115,-6409,1663.8216667175293
1697.7399997711182,4489,-5117,-6412,1663.8266665935516
1697.744999885559,4485,-5120,-6413,1663.8316667079926
1697.75,4483,-5124,-6415,1663.8366668224335
1697.7549998760223,4483,-5128,-6416,1663.8416666984558
1697.7599999904633,4485,-5131,-6419,1663.8466668128967
1697.7649998664856,4486,-5133,-6420,1663.851666688919
1697.7699999809265,4486,-5134,-6419,1663.85666680336
1697.7749998569489,4486,-5135,-6414,1663.8616666793823
1697.7799999713898,4486,-5136,-6408,1663.8666667938232
1697.784999847412,4485,-5137,-6404,1663.8716666698456
1697.789999961853,4485,-5139,-6400,1663.8766667842865
1697.7949998378754,4483,-5140,-6398,1663.8816666603088
1697.7999999523165,4481,-5142,-6400,1663.88666677475
1697.8049998283386,4477,-5145,-6402,1663.891666650772
1697.8099999427795,4473,-5149,-6403,1663.896666765213
1697.814999818802,4469,-5155,-6401,1663.9016666412356
1697.8199999332428,4466,-5160,-6396,1663.9066667556763
1697.8249998092651,4466,-5162,-6394,1663.9116666316986
1697.829999923706,4467,-5165,-6393,1663.9166667461395
1697.8349997997284,4469,-5166,-6392,1663.9216666221619
1697.8399999141693,4470,-5168,-6392,1663.9266667366028
1697.8449997901917,4471,-5169,-6392,1663.9316666126251
1697.8499999046326,4472,-5169,-6392,1663.936666727066
1697.854999780655,4473,-5172,-6395,1663.9416666030884
1697.8599998950958,4473,-5175,-6396,1663.9466667175293
1697.8649997711182,4472,-5177,-6403,1663.9516665935516
1697.869999885559,4469,-5182,-6407,1663.9566667079926
1697.875,4467,-5186,-6410,1663.9616668224335
1697.8799998760223,4466,-5190,-6413,1663.9666666984558
1697.8849999904633,4466,-5195,-6416,1663.9716668128967
1697.8899998664856,4466,-5198,-6418,1663.976666688919
1697.8949999809265,4466,-5201,-6418,1663.98166680336
1697.8999998569489,4465,-5202,-6420,1663.9866666793823
1697.9049999713898,4464,-5203,-6419,1663.9916667938232
1697.909999847412,4464,-5203,-6415,1663.9966666698456
1697.914999961853,4463,-5204,-6413,1664.0016667842865
1697.9199998378754,4463,-5208,-6409,1664.0066666603088
1697.9249999523165,4466,-5210,-6413,1664.01166677475
1697.9299998283386,4468,-5211,-6419,1664.016666650772
1697.9349999427795,4469,-5212,-6424,1664.021666765213
1697.939999818802,4471,-5211,-6426,1664.0266666412356
1697.9449999332428,4473,-5209,-6421,1664.0316667556763
1697.9499998092651,4476,-5207,-6412,1664.0366666316986
1697.954999923706,4481,-5206,-6406,1664.0416667461395
1697.9599997997284,4484,-5205,-6403,1664.0466666221619
1697.9649999141693,4487,-5206,-6403,1664.0516667366028
1697.9699997901917,4490,-5204,-6401,1664.0566666126251
1697.9749999046326,4492,-5203,-6399,1664.061666727066
1697.979999780655,4495,-5200,-6396,1664.0666666030884
1697.9849998950958,4501,-5197,-6391,1664.0716667175293
1697.9899997711182,4505,-5193,-6386,1664.0766665935516
1697.994999885559,4509,-5188,-6382,1664.0816667079926
1698.0,4508,-5182,-6382,1664.0866668224335
1698.0049998760223,4507,-5177,-6382,1664.0916666984558
1698.0099999904633,4507,-5174,-6383,1664.0966668128967
1698.0149998664856,4506,-5171,-6383,1664.101666688919
1698.0199999809265,4505,-5166,-6383,1664.10666680336
1698.0249998569489,4502,-5162,-6385,1664.1116666793823
1698.0299999713898,4500,-5158,-6386,1664.1166667938232
1698.034999847412,4497,-5157,-6388,1664.1216666698456
1698.039999961853,4497,-5155,-6388,1664.1266667842865
1698.0449998378754,4495,-5153,-6388,1664.1316666603088
1698.0499999523165,4494,-5151,-6389,1664.13666677475
1698.0549998283386,4493,-5151,-6390,1664.141666650772
1698.0599999427795,4490,-5151,-6390,1664.146666765213
1698.064999818802,4489,-5151,-6389,1664.1516666412356
1698.0699999332428,4490,-5151,-6387,1664.1566667556763
1698.0749998092651,4490,-5152,-6386,1664.1616666316986
1698.079999923706,4490,-5153,-6390,1664.1666667461395
1698.0849997997284,4488,-5156,-6394,1664.1716666221619
1698.0899999141693,4485,-5160,-6399,1664.1766667366028
1698.0949997901917,4482,-5165,-6405,1664.1816666126251
1698.0999999046326,4481,-5169,-6408,1664.186666727066
1698.104999780655,4479,-5173,-6410,1664.1916666030884
1698.1099998950958,4478,-5178,-6410,1664.1966667175293
1698.1149997711182,4477,-5183,-6411,1664.2016665935516
1698.119999885559,4477,-5190,-6411,1664.2066667079926
1698.125,4474,-5197,-6409,1664.2116668224335
1698.1299998760223,4472,-5202,-6410,1664.2166666984558
1698.1349999904633,4470,-5208,-6404,1664.2216668128967
1698.1399998664856,4466,-5212,-6399,1664.226666688919
1698.1449999809265,4464,-5216,-6394,1664.23166680336
1698.1499998569489,4460,-5220,-6391,1664.2366666793823
1698.1549999713898,4455,-5223,-6395,1664.2416667938232
1698.159999847412,4449,-5226,-6399,1664.2466666698456
1698.164999961853,4446,-5229,-6401,1664.2516667842865
1698.1699998378754,4444,-5231,-6402,1664.2566666603088
1698.1749999523165,4447,-5233,-6399,1664.26166677475
1698.1799998283386,4450,-5235,-6395,1664.266666650772
1698.1849999427795,4452,-5236,-6396,1664.271666765213
1698.189999818802,4451,-5240,-6396,1664.2766666412356
1698.1949999332428,4450,-5242,-6395,1664.2816667556763
1698.1999998092651,4448,-5243,-6394,1664.2866666316986
1698.204999923706,4448,-5243,-6388,1664.2916667461395
1698.2099997997284,4449,-5243,-6384,1664.2966666221619
1698.2149999141693,4451,-5244,-6381,1664.3016667366028
1698.2199997901917,4452,-5246,-6378,1664.3066666126251
1698.2249999046326,4450,-5249,-6376,1664.311666727066
1698.229999780655,4450,-5250,-6373,1664.3166666030884
1698.2349998950958,4450,-5250,-6368,1664.3216667175293
1698.2399997711182,4451,-5249,-6364,1664.3266665935516
1698.244999885559,4453,-5246,-6360,1664.3316667079926
1698.25,4452,-5242,-6358,1664.3366668224335
1698.2549998760223,4451,-5240,-6358,1664.3416666984558
1698.2599999904633,4449,-5237,-6359,1664.3466668128967
1698.2649998664856,4448,-5235,-6358,1664.351666688919
1698.2699999809265,4451,-5232,-6359,1664.35666680336
1698.2749998569489,4452,-5229,-6360,1664.3616666793823
1698.2799999713898,4455,-5226,-6362,1664.3666667938232
1698.284999847412,4459,-5225,-6369,1664.3716666698456
1698.289999961853,4460,-5224,-6375,1664.3766667842865
1698.2949998378754,4465,-5223,-6380,1664.3816666603088
1698.2999999523165,4466,-5223,-6383,1664.38666677475
1698.3049998283386,4466,-5221,-6386,1664.391666650772
1698.3099999427795,4466,-5221,-6392,1664.396666765213
1698.314999818802,4464,-5222,-6397,1664.4016666412356
1698.3199999332428,4463,-5223,-6403,1664.4066667556763
1698.3249998092651,4462,-5224,-6404,1664.4116666316986
1698.329999923706,4461,-5224,-6398,1664.4166667461395
1698.3349997997284,4458,-5225,-6389,1664.4216666221619
1698.3399999141693,4456,-5224,-6378,1664.4266667366028
1698.3449997901917,4452,-5223,-6370,1664.4316666126251
1698.3499999046326,4450,-5221,-6368,1664.436666727066
1698.354999780655,4448,-5221,-6367,1664.4416666030884
1698.3599998950958,4448,-5222,-6368,1664.4466667175293
1698.3649997711182,4448,-5223,-6369,1664.4516665935516
1698.369999885559,4449,-5224,-6371,1664.4566667079926
1698.375,4451,-5225,-6373,1664.4616668224335
1698.3799998760223,4453,-5225,-6373,1664.4666666984558
1698.3849999904633,4454,-5226,-6375,1664.4716668128967
1698.3899998664856,4455,-5228,-6378,1664.476666688919
1698.3949999809265,4456,-5229,-6381,1664.48166680336
1698.3999998569489,4457,-5229,-6385,1664.4866666793823
1698.4049999713898,4458,-5228,-6386,1664.4916667938232
1698.409999847412,4457,-5228,-6386,1664.4966666698456
1698.414999961853,4457,-5227,-6384,1664.5016667842865
1698.4199998378754,4456,-5228,-6387,1664.5066666603088
1698.4249999523165,4453,-5228,-6390,1664.51166677475
1698.4299998283386,4450,-5230,-6396,1664.516666650772
1698.4349999427795,4444,-5230,-6396,1664.521666765213
1698.439999818802,4439,-5230,-6395,1664.5266666412356
1698.4449999332428,4435,-5230,-6394,1664.5316667556763
1698.4499998092651,4434,-5230,-6394,1664.5366666316986
1698.454999923706,4433,-5231,-6396,1664.5416667461395
1698.4599997997284,4432,-5233,-6395,1664.5466666221619
1698.4649999141693,4431,-5235,-6391,1664.5516667366028
1698.4699997901917,4430,-5237,-6386,1664.5566666126251
1698.4749999046326,4429,-5238,-6380,1664.561666727066
1698.479999780655,4428,-5241,-6376,1664.5666666030884
1698.4849998950958,4430,-5242,-6374,1664.5716667175293
1698.4899997711182,4430,-5244,-6374,1664.5766665935516
1698.494999885559,4431,-5245,-6376,1664.5816667079926
1698.5,4432,-5247,-6380,1664.5866668224335
1698.5049998760223,4434,-5249,-6382,1664.5916666984558
1698.5099999904633,4437,-5249,-6383,1664.5966668128967
1698.5149998664856,4441,-5248,-6385,1664.601666688919
1698.5199999809265,4443,-5247,-6384,1664.60666680336
1698.5249998569489,4444,-5246,-6386,1664.6116666793823
1698.5299999713898,4443,-5246,-6386,1664.6166667938232
1698.534999847412,4443,-5245,-6391,1664.6216666698456
1698.539999961853,4444,-5244,-6395,1664.6266667842865
1698.5449998378754,4445,-5243,-6397,1664.6316666603088
1698.5499999523165,4447,-5242,-6396,1664.63666677475
1698.5549998283386,4447,-5240,-6394,1664.641666650772
1698.5599999427795,4445,-5240,-6391,1664.646666765213
1698.564999818802,4444,-5240,-6386,1664.6516666412356
1698.5699999332428,4444,-5240,-6385,1664.6566667556763
1698.5749998092651,4445,-5241,-6381,1664.6616666316986
1698.579999923706,4449,-5241,-6376,1664.6666667461395
1698.5849997997284,4453,-5241,-6374,1664.6716666221619
1698.5899999141693,4455,-5240,-6371,1664.6766667366028
1698.5949997901917,4459,-5239,-6370,1664.6816666126251
1698.5999999046326,4463,-5236,-6366,1664.686666727066
1698.604999780655,4469,-5234,-6363,1664.6916666030884
1698.6099998950958,4475,-5231,-6359,1664.6966667175293
1698.6149997711182,4479,-5227,-6358,1664.7016665935516
1698.619999885559,4480,-5224,-6362,1664.7066667079926
1698.625,4480,-5224,-6367,1664.7116668224335
1698.6299998760223,4478,-5222,-6371,1664.7166666984558
1698.6349999904633,4478,-5218,-6375,1664.7216668128967
1698.6399998664856,4478,-5214,-6377,1664.726666688919
1698.6449999809265,4478,-5209,-6377,1664.73166680336
1698.6499998569489,4479,-5203,-6379,1664.7366666793823
1698.6549999713898,4483,-5198,-6379,1664.7416667938232
1698.659999847412,4488,-5195,-6382,1664.7466666698456
1698.664999961853,4491,-5192,-6387,1664.7516667842865
1698.6699998378754,4495,-5188,-6392,1664.7566666603088
1698.6749999523165,4497,-5186,-6394,1664.76166677475
1698.6799998283386,4499,-5181,-6394,1664.766666650772
1698.6849999427795,4500,-5175,-6393,1664.771666765213
1698.689999818802,4501,-5169,-6392,1664.7766666412356
1698.6949999332428,4500,-5162,-6391,1664.7816667556763
1698.6999998092651,4500,-5158,-6392,1664.7866666316986
1698.704999923706,4500,-5154,-6395,1664.7916667461395
1698.7099997997284,4501,-5151,-6397,1664.7966666221619
1698.7149999141693,4504,-5149,-6397,1664.8016667366028
1698.7199997901917,4506,-5146,-6395,1664.8066666126251
1698.7249999046326,4508,-5142,-6391,1664.811666727066
1698.729999780655,4510,-5137,-6391,1664.8166666030884
1698.7349998950958,4512,-5133,-6392,1664.8216667175293
1698.7399997711182,4514,-5129,-6394,1664.8266665935516
1698.744999885559,4515,-5125,-6394,1664.8316667079926
1698.75,4516,-5122,-6395,1664.8366668224335
1698.7549998760223,4519,-5120,-6396,1664.8416666984558
1698.7599999904633,4522,-5118,-6395,1664.8466668128967
1698.7649998664856,4526,-5116,-6397,1664.851666688919
1698.7699999809265,4527,-5116,-6399,1664.85666680336
1698.7749998569489,4526,-5116,-6399,1664.8616666793823
1698.7799999713898,4526,-5117,-6399,1664.8666667938232
1698.784999847412,4527,-5116,-6400,1664.8716666698456
1698.789999961853,4528,-5116,-6400,1664.8766667842865
1698.7949998378754,4531,-5115,-6399,1664.8816666603088
1698.7999999523165,4532,-5114,-6394,1664.88666677475
1698.8049998283386,4534,-5111,-6391,1664.891666650772
1698.8099999427795,4535,-5108,-6388,1664.896666765213
1698.814999818802,4536,-5106,-6388,1664.9016666412356
1698.8199999332428,4537,-5104,-6390,1664.9066667556763
1698.8249998092651,4537,-5105,-6395,1664.9116666316986
1698.829999923706,4538,-5105,-6399,1664.9166667461395
1698.8349997997284,4537,-5106,-6402,1664.9216666221619
1698.8399999141693,4537,-5106,-6404,1664.9266667366028
1698.8449997901917,4539,-5106,-6406,1664.9316666126251
1698.8499999046326,4541,-5107,-6411,1664.936666727066
1698.854999780655,4544,-5107,-6416,1664.9416666030884
1698.8599998950958,4545,-5106,-6420,1664.9466667175293
1698.8649997711182,4544,-5106,-6421,1664.9516665935516
1698.869999885559,4544,-5105,-6421,1664.9566667079926
1698.875,4546,-5104,-6420,1664.9616668224335
1698.8799998760223,4548,-5103,-6419,1664.9666666984558
1698.8849999904633,4552,-5101,-6415,1664.9716668128967
1698.8899998664856,4555,-5099,-6409,1664.976666688919
1698.8949999809265,4558,-5097,-6405,1664.98166680336
1698.8999998569489,4560,-5096,-6401,1664.9866666793823
1698.9049999713898,4561,-5096,-6399,1664.9916667938232
1698.909999847412,4561,-5096,-6402,1664.9966666698456
1698.914999961853,4561,-5097,-6406,1665.0016667842865
1698.9199998378754,4562,-5098,-6411,1665.0066666603088
1698.9249999523165,4563,-5098,-6409,1665.01166677475
1698.9299998283386,4563,-5097,-6405,1665.016666650772
1698.9349999427795,4562,-5096,-6401,1665.021666765213
1698.939999818802,4561,-5093,-6398,1665.0266666412356
1698.9449999332428,4559,-5091,-6398,1665.0316667556763
1698.9499998092651,4560,-5089,-6395,1665.0366666316986
1698.954999923706,4560,-5088,-6392,1665.0416667461395
1698.9599997997284,4559,-5086,-6388,1665.0466666221619
1698.9649999141693,4557,-5085,-6388,1665.0516667366028
1698.9699997901917,4555,-5083,-6387,1665.0566666126251
1698.9749999046326,4553,-5079,-6386,1665.061666727066
1698.979999780655,4552,-5075,-6384,1665.0666666030884
1698.9849998950958,4552,-5071,-6383,1665.0716667175293
1698.9899997711182,4553,-5069,-6382,1665.0766665935516
1698.994999885559,4553,-5070,-6380,1665.0816667079926
1699.0,4556,-5071,-6380,1665.0866668224335
1699.0049998760223,4559,-5073,-6381,1665.0916666984558
1699.0099999904633,4562,-5074,-6384,1665.0966668128967
1699.0149998664856,4565,-5074,-6389,1665.101666688919
1699.0199999809265,4567,-5074,-6394,1665.10666680336
1699.0249998569489,4570,-5073,-6392,1665.1116666793823
1699.0299999713898,4572,-5072,-6385,1665.1166667938232
1699.034999847412,4574,-5071,-6379,1665.1216666698456
1699.039999961853,4576,-5071,-6374,1665.1266667842865
1699.0449998378754,4577,-5071,-6366,1665.1316666603088
1699.0499999523165,4580,-5070,-6360,1665.13666677475
1699.0549998283386,4581,-5071,-6352,1665.141666650772
1699.0599999427795,4583,-5072,-6343,1665.146666765213
1699.064999818802,4583,-5072,-6335,1665.1516666412356
1699.0699999332428,4582,-5073,-6330,1665.1566667556763
1699.0749998092651,4581,-5070,-6329,1665.1616666316986
1699.079999923706,4581,-5068,-6336,1665.1666667461395
1699.0849997997284,4581,-5066,-6337,1665.1716666221619
1699.0899999141693,4583,-5064,-6337,1665.1766667366028
1699.0949997901917,4585,-5062,-6334,1665.1816666126251
1699.0999999046326,4584,-5059,-6329,1665.186666727066
1699.104999780655,4583,-5056,-6328,1665.1916666030884
1699.1099998950958,4582,-5054,-6330,1665.1966667175293
1699.1149997711182,4579,-5054,-6333,1665.2016665935516
1699.119999885559,4577,-5052,-6337,1665.2066667079926
1699.125,4578,-5051,-6340,1665.2116668224335
1699.1299998760223,4578,-5050,-6340,1665.2166666984558
1699.1349999904633,4576,-5048,-6342,1665.2216668128967
1699.1399998664856,4574,-5048,-6346,1665.226666688919
1699.1449999809265,4572,-5048,-6347,1665.23166680336
1699.1499998569489,4574,-5050,-6345,1665.2366666793823
1699.1549999713898,4576,-5052,-6341,1665.2416667938232
1699.159999847412,4577,-5054,-6337,1665.2466666698456
1699.164999961853,4579,-5057,-6337,1665.2516667842865
1699.1699998378754,4578,-5060,-6339,1665.2566666603088
1699.1749999523165,4577,-5061,-6341,1665.26166677475
1699.1799998283386,4574,-5061,-6343,1665.266666650772
1699.1849999427795,4572,-5062,-6344,1665.271666765213
1699.189999818802,4570,-5063,-6342,1665.2766666412356
1699.1949999332428,4569,-5063,-6344,1665.2816667556763
1699.1999998092651,4568,-5065,-6350,1665.2866666316986
1699.204999923706,4566,-5067,-6356,1665.2916667461395
1699.2099997997284,4565,-5070,-6361,1665.2966666221619
1699.2149999141693,4560,-5071,-6363,1665.3016667366028
1699.2199997901917,4557,-5074,-6362,1665.3066666126251
1699.2249999046326,4554,-5077,-6362,1665.311666727066
1699.229999780655,4551,-5079,-6361,1665.3166666030884
1699.2349998950958,4549,-5081,-6364,1665.3216667175293
1699.2399997711182,4546,-5083,-6369,1665.3266665935516
1699.244999885559,4543,-5084,-6373,1665.3316667079926
1699.25,4539,-5084,-6377,1665.3366668224335
1699.2549998760223,4538,-5085,-6380,1665.3416666984558
1699.2599999904633,4537,-5087,-6380,1665.3466668128967
1699.2649998664856,4538,-5090,-6380,1665.351666688919
1699.2699999809265,4537,-5094,-6382,1665.35666680336
1699.2749998569489,4535,-5098,-6385,1665.3616666793823
1699.2799999713898,4533,-5102,-6383,1665.3666667938232
1699.284999847412,4533,-5103,-6382,1665.3716666698456
1699.289999961853,4534,-5106,-6381,1665.3766667842865
1699.2949998378754,4535,-5108,-6379,1665.3816666603088
1699.2999999523165,4534,-5110,-6381,1665.38666677475
1699.3049998283386,4532,-5113,-6380,1665.391666650772
1699.3099999427795,4529,-5116,-6379,1665.396666765213
1699.314999818802,4527,-5117,-6375,1665.4016666412356
1699.3199999332428,4525,-5119,-6379,1665.4066667556763
1699.3249998092651,4523,-5120,-6382,1665.4116666316986
1699.329999923706,4522,-5118,-6385,1665.4166667461395
1699.3349997997284,4520,-5118,-6390,1665.4216666221619
1699.3399999141693,4517,-5116,-6390,1665.4266667366028
1699.3449997901917,4516,-5115,-6387,1665.4316666126251
1699.3499999046326,4516,-5114,-6385,1665.436666727066
1699.354999780655,4516,-5113,-6380,1665.4416666030884
1699.3599998950958,4518,-5114,-6378,1665.4466667175293
1699.3649997711182,4520,-5114,-6372,1665.4516665935516
1699.369999885559,4522,-5113,-6366,1665.4566667079926
1699.375,4528,-5110,-6363,1665.4616668224335
1699.3799998760223,4534,-5105,-6363,1665.4666666984558
1699.3849999904633,4538,-5102,-6371,1665.4716668128967
1699.3899998664856,4540,-5100,-6378,1665.476666688919
1699.3949999809265,4542,-5100,-6384,1665.48166680336
1699.3999998569489,4540,-5101,-6385,1665.4866666793823
1699.4049999713898,4540,-5102,-6385,1665.4916667938232
1699.409999847412,4542,-5100,-6382,1665.4966666698456
1699.414999961853,4543,-5098,-6385,1665.5016667842865
1699.4199998378754,4544,-5096,-6390,1665.5066666603088
1699.4249999523165,4545,-5093,-6394,1665.51166677475
1699.4299998283386,4546,-5091,-6394,1665.516666650772
1699.4349999427795,4546,-5087,-6391,1665.521666765213
1699.439999818802,4547,-5082,-6390,1665.5266666412356
1699.4449999332428,4547,-5078,-6388,1665.5316667556763
1699.4499998092651,4544,-5073,-6390,1665.5366666316986
1699.454999923706,4541,-5070,-6393,1665.5416667461395
1699.4599997997284,4539,-5068,-6390,1665.5466666221619
1699.4649999141693,4538,-5066,-6390,1665.5516667366028
1699.4699997901917,4538,-5064,-6386,1665.5566666126251
1699.4749999046326,4536,-5062,-6386,1665.561666727066
1699.479999780655,4532,-5060,-6391,1665.5666666030884
1699.4849998950958,4528,-5057,-6394,1665.5716667175293
1699.4899997711182,4524,-5056,-6397,1665.5766665935516
1699.494999885559,4523,-5054,-6401,1665.5816667079926
1699.5,4520,-5055,-6408,1665.5866668224335
1699.5049998760223,4517,-5055,-6414,1665.5916666984558
1699.5099999904633,4514,-5056,-6421,1665.5966668128967
1699.5149998664856,4510,-5056,-6426,1665.601666688919
1699.5199999809265,4507,-5057,-6429,1665.60666680336
1699.5249998569489,4504,-5058,-6433,1665.6116666793823
1699.5299999713898,4501,-5060,-6434,1665.6166667938232
1699.534999847412,4498,-5062,-6436,1665.6216666698456
1699.539999961853,4495,-5064,-6436,1665.6266667842865
1699.5449998378754,4493,-5066,-6435,1665.6316666603088
1699.5499999523165,4491,-5067,-6436,1665.63666677475
1699.5549998283386,4489,-5071,-6435,1665.641666650772
1699.5599999427795,4488,-5075,-6434,1665.646666765213
1699.564999818802,4487,-5082,-6433,1665.6516666412356
1699.5699999332428,4487,-5088,-6432,1665.6566667556763
1699.5749998092651,4487,-5093,-6431,1665.6616666316986
1699.579999923706,4486,-5095,-6432,1665.6666667461395
1699.5849997997284,4486,-5099,-6433,1665.6716666221619
1699.5899999141693,4486,-5102,-6433,1665.6766667366028
1699.5949997901917,4485,-5108,-6434,1665.6816666126251
1699.5999999046326,4486,-5116,-6430,1665.686666727066
1699.604999780655,4485,-5122,-6425,1665.6916666030884
1699.6099998950958,4483,-5127,-6421,1665.6966667175293
1699.6149997711182,4482,-5129,-6420,1665.7016665935516
1699.619999885559,4480,-5129,-6422,1665.7066667079926
1699.625,4478,-5129,-6427,1665.7116668224335
1699.6299998760223,4478,-5129,-6427,1665.7166666984558
1699.6349999904633,4479,-5132,-6427,1665.7216668128967
1699.6399998664856,4478,-5134,-6423,1665.726666688919
1699.6449999809265,4476,-5135,-6419,1665.73166680336
1699.6499998569489,4472,-5137,-6417,1665.7366666793823
1699.6549999713898,4468,-5139,-6416,1665.7416667938232
1699.659999847412,4467,-5139,-6413,1665.7466666698456
1699.664999961853,4468,-5138,-6413,1665.7516667842865
1699.6699998378754,4471,-5134,-6413,1665.7566666603088
1699.6749999523165,4474,-5129,-6411,1665.76166677475
1699.6799998283386,4477,-5125,-6410,1665.766666650772
1699.6849999427795,4477,-5119,-6406,1665.771666765213
1699.689999818802,4477,-5114,-6406,1665.7766666412356
1699.6949999332428,4479,-5109,-6404,1665.7816667556763
1699.6999998092651,4481,-5101,-6401,1665.7866666316986
1699.704999923706,4486,-5096,-6398,1665.7916667461395
1699.7099997997284,4488,-5089,-6397,1665.7966666221619
1699.7149999141693,4491,-5083,-6398,1665.8016667366028
1699.7199997901917,4494,-5077,-6403,1665.8066666126251
1699.7249999046326,4497,-5069,-6407,1665.811666727066
1699.729999780655,4501,-5061,-6412,1665.8166666030884
1699.7349998950958,4503,-5054,-6421,1665.8216667175293
1699.7399997711182,4503,-5049,-6432,1665.8266665935516
1699.744999885559,4501,-5046,-6442,1665.8316667079926
1699.75,4499,-5042,-6449,1665.8366668224335
1699.7549998760223,4498,-5037,-6451,1665.8416666984558
1699.7599999904633,4499,-5032,-6452,1665.8466668128967
1699.7649998664856,4500,-5027,-6451,1665.851666688919
1699.7699999809265,4500,-5024,-6450,1665.85666680336
1699.7749998569489,4498,-5021,-6450,1665.8616666793823
1699.7799999713898,4493,-5020,-6446,1665.8666667938232
1699.784999847412,4490,-5020,-6445,1665.8716666698456
1699.789999961853,4487,-5019,-6446,1665.8766667842865
1699.7949998378754,4484,-5017,-6446,1665.8816666603088
1699.7999999523165,4483,-5019,-6443,1665.88666677475
1699.8049998283386,4481,-5019,-6441,1665.891666650772
1699.8099999427795,4479,-5020,-6440,1665.896666765213
1699.814999818802,4475,-5023,-6441,1665.9016666412356
1699.8199999332428,4471,-5027,-6443,1665.9066667556763
1699.8249998092651,4467,-5032,-6448,1665.9116666316986
1699.829999923706,4464,-5037,-6447,1665.9166667461395
1699.8349997997284,4462,-5043,-6448,1665.9216666221619
1699.8399999141693,4460,-5048,-6447,1665.9266667366028
1699.8449997901917,4456,-5054,-6448,1665.9316666126251
1699.8499999046326,4452,-5063,-6453,1665.936666727066
1699.854999780655,4448,-5071,-6458,1665.9416666030884
1699.8599998950958,4445,-5081,-6464,1665.9466667175293
1699.8649997711182,4444,-5089,-6466,1665.9516665935516
1699.869999885559,4443,-5096,-6467,1665.9566667079926
1699.875,4442,-5101,-6467,1665.9616668224335
1699.8799998760223,4441,-5105,-6465,1665.9666666984558
1699.8849999904633,4439,-5108,-6463,1665.9716668128967
1699.8899998664856,4437,-5111,-6464,1665.976666688919
1699.8949999809265,4437,-5115,-6460,1665.98166680336
1699.8999998569489,4437,-5118,-6456,1665.9866666793823
1699.9049999713898,4436,-5123,-6452,1665.9916667938232
1699.909999847412,4434,-5126,-6448,1665.9966666698456
1699.914999961853,4433,-5131,-6450,1666.0016667842865
1699.9199998378754,4431,-5135,-6453,1666.0066666603088
1699.9249999523165,4431,-5138,-6458,1666.01166677475
1699.9299998283386,4433,-5139,-6463,1666.016666650772
1699.9349999427795,4434,-5138,-6468,1666.021666765213
1699.939999818802,4435,-5135,-6471,1666.0266666412356
1699.9449999332428,4435,-5134,-6469,1666.0316667556763
1699.9499998092651,4433,-5133,-6461,1666.0366666316986
1699.954999923706,4432,-5132,-6454,1666.0416667461395
1699.9599997997284,4430,-5132,-6448,1666.0466666221619
1699.9649999141693,4429,-5129,-6442,1666.0516667366028
1699.9699997901917,4430,-5125,-6440,1666.0566666126251
1699.9749999046326,4432,-5121,-6442,1666.061666727066
1699.979999780655,4434,-5116,-6443,1666.0666666030884
1699.9849998950958,4436,-5111,-6447,1666.0716667175293
1699.9899997711182,4436,-5107,-6451,1666.0766665935516
1699.994999885559,4436,-5102,-6454,1666.0816667079926
1700.0,4438,-5099,-6455,1666.0866668224335
1700.0049998760223,4442,-5098,-6458,1666.0916666984558
1700.0099999904633,4444,-5097,-6462,1666.0966668128967
1700.0149998664856,4447,-5097,-6464,1666.101666688919
1700.0199999809265,4451,-5099,-6465,1666.10666680336
1700.0249998569489,4454,-5100,-6464,1666.1116666793823
1700.0299999713898,4456,-5098,-6463,1666.1166667938232
1700.034999847412,4458,-5095,-6461,1666.1216666698456
1700.039999961853,4458,-5092,-6459,1666.1266667842865
1700.0449998378754,4457,-5089,-6458,1666.1316666603088
1700.0499999523165,4454,-5085,-6463,1666.13666677475
1700.0549998283386,4451,-5083,-6472,1666.141666650772
1700.0599999427795,4449,-5083,-6479,1666.146666765213
1700.064999818802,4449,-5083,-6483,1666.1516666412356
1700.0699999332428,4447,-5084,-6485,1666.1566667556763
1700.0749998092651,4444,-5086,-6484,1666.1616666316986
1700.079999923706,4442,-5087,-6483,1666.1666667461395
1700.0849997997284,4441,-5088,-6483,1666.1716666221619
1700.0899999141693,4440,-5089,-6481,1666.1766667366028
1700.0949997901917,4441,-5090,-6480,1666.1816666126251
1700.0999999046326,4443,-5090,-6481,1666.186666727066
1700.104999780655,4442,-5091,-6480,1666.1916666030884
1700.1099998950958,4441,-5092,-6481,1666.1966667175293
1700.1149997711182,4442,-5094,-6480,1666.2016665935516
1700.119999885559,4442,-5096,-6477,1666.2066667079926
1700.125,4443,-5098,-6475,1666.2116668224335
1700.1299998760223,4442,-5098,-6473,1666.2166666984558
1700.1349999904633,4442,-5098,-6473,1666.2216668128967
1700.1399998664856,4441,-5098,-6474,1666.226666688919
1700.1449999809265,4440,-5098,-6473,1666.23166680336
1700.1499998569489,4439,-5096,-6475,1666.2366666793823
1700.1549999713898,4440,-5095,-6477,1666.2416667938232
1700.159999847412,4440,-5094,-6477,1666.2466666698456
1700.164999961853,4440,-5095,-6479,1666.2516667842865
1700.1699998378754,4441,-5097,-6478,1666.2566666603088
1700.1749999523165,4441,-5098,-6474,1666.26166677475
1700.1799998283386,4439,-5098,-6471,1666.266666650772
1700.1849999427795,4437,-5098,-6466,1666.271666765213
1700.189999818802,4434,-5097,-6465,1666.2766666412356
1700.1949999332428,4432,-5095,-6465,1666.2816667556763
1700.1999998092651,4432,-5094,-6468,1666.2866666316986
1700.204999923706,4434,-5092,-6471,1666.2916667461395
1700.2099997997284,4436,-5090,-6474,1666.2966666221619
1700.2149999141693,4438,-5090,-6477,1666.3016667366028
1700.2199997901917,4440,-5090,-6478,1666.3066666126251
1700.2249999046326,4441,-5089,-6478,1666.311666727066
1700.229999780655,4444,-5088,-6478,1666.3166666030884
1700.2349998950958,4447,-5087,-6477,1666.3216667175293
1700.2399997711182,4449,-5085,-6476,1666.3266665935516
1700.244999885559,4452,-5083,-6479,1666.3316667079926
1700.25,4452,-5083,-6480,1666.3366668224335
1700.2549998760223,4452,-5083,-6483,1666.3416666984558
1700.2599999904633,4454,-5081,-6487,1666.3466668128967
1700.2649998664856,4456,-5080,-6490,1666.351666688919
1700.2699999809265,4460,-5077,-6490,1666.35666680336
1700.2749998569489,4464,-5074,-6488,1666.3616666793823
1700.2799999713898,4468,-5071,-6486,1666.3666667938232
1700.284999847412,4472,-5068,-6488,1666.3716666698456
1700.289999961853,4474,-5067,-6490,1666.3766667842865
1700.2949998378754,4475,-5067,-6493,1666.3816666603088
1700.2999999523165,4475,-5067,-6495,1666.38666677475
1700.3049998283386,4475,-5065,-6496,1666.391666650772
1700.3099999427795,4474,-5063,-6496,1666.396666765213
1700.314999818802,4474,-5060,-6495,1666.4016666412356
1700.3199999332428,4476,-5055,-6498,1666.4066667556763
1700.3249998092651,4476,-5051,-6495,1666.4116666316986
1700.329999923706,4476,-5046,-6497,1666.4166667461395
1700.3349997997284,4475,-5042,-6495,1666.4216666221619
1700.3399999141693,4475,-5039,-6492,1666.4266667366028
1700.3449997901917,4475,-5037,-6492,1666.4316666126251
1700.3499999046326,4475,-5034,-6495,1666.436666727066
1700.354999780655,4475,-5032,-6495,1666.4416666030884
1700.3599998950958,4473,-5029,-6492,1666.4466667175293
1700.3649997711182,4471,-5027,-6487,1666.4516665935516
1700.369999885559,4469,-5026,-6480,1666.4566667079926
1700.375,4467,-5024,-6475,1666.4616668224335
1700.3799998760223,4466,-5023,-6471,1666.4666666984558
1700.3849999904633,4466,-5023,-6470,1666.4716668128967
1700.3899998664856,4467,-5022,-6468,1666.476666688919
1700.3949999809265,4469,-5021,-6467,1666.48166680336
1700.3999998569489,4472,-5021,-6464,1666.4866666793823
1700.4049999713898,4474,-5021,-6462,1666.4916667938232
1700.409999847412,4476,-5020,-6460,1666.4966666698456
1700.414999961853,4478,-5019,-6455,1666.5016667842865
1700.4199998378754,4481,-5017,-6453,1666.5066666603088
1700.4249999523165,4485,-5016,-6455,1666.51166677475
1700.4299998283386,4489,-5015,-6459,1666.516666650772
1700.4349999427795,4491,-5013,-6456,1666.521666765213
1700.439999818802,4493,-5012,-6451,1666.5266666412356
1700.4449999332428,4495,-5012,-6449,1666.5316667556763
1700.4499998092651,4496,-5012,-6447,1666.5366666316986
1700.454999923706,4496,-5011,-6445,1666.5416667461395
1700.4599997997284,4498,-5010,-6445,1666.5466666221619
1700.4649999141693,4501,-5007,-6445,1666.5516667366028
1700.4699997901917,4505,-5003,-6443,1666.5566666126251
1700.4749999046326,4509,-4998,-6440,1666.561666727066
1700.479999780655,4513,-4993,-6437,1666.5666666030884
1700.4849998950958,4515,-4989,-6431,1666.5716667175293
1700.4899997711182,4519,-4985,-6429,1666.5766665935516
1700.494999885559,4521,-4980,-6432,1666.5816667079926
1700.5,4525,-4974,-6437,1666.5866668224335
1700.5049998760223,4528,-4967,-6438,1666.5916666984558
1700.5099999904633,4531,-4960,-6438,1666.5966668128967
1700.5149998664856,4536,-4952,-6437,1666.601666688919
1700.5199999809265,4539,-4940,-6435,1666.60666680336
1700.5249998569489,4542,-4928,-6435,1666.6116666793823
1700.5299999713898,4545,-4915,-6436,1666.6166667938232
1700.534999847412,4548,-4901,-6438,1666.6216666698456
1700.539999961853,4552,-4886,-6439,1666.6266667842865
1700.5449998378754,4556,-4869,-6435,1666.6316666603088
1700.5499999523165,4559,-4850,-6433,1666.63666677475
1700.5549998283386,4563,-4831,-6431,1666.641666650772
1700.5599999427795,4568,-4813,-6429,1666.646666765213
1700.564999818802,4572,-4796,-6433,1666.6516666412356
1700.5699999332428,4577,-4780,-6436,1666.6566667556763
1700.5749998092651,4582,-4764,-6434,1666.6616666316986
1700.579999923706,4585,-4748,-6431,1666.6666667461395
1700.5849997997284,4589,-4731,-6426,1666.6716666221619
1700.5899999141693,4591,-4713,-6421,1666.6766667366028
1700.5949997901917,4594,-4695,-6416,1666.6816666126251
1700.5999999046326,4596,-4679,-6418,1666.686666727066
1700.604999780655,4599,-4663,-6418,1666.6916666030884
1700.6099998950958,4602,-4647,-6418,1666.6966667175293
1700.6149997711182,4606,-4633,-6421,1666.7016665935516
1700.619999885559,4613,-4620,-6424,1666.7066667079926
1700.625,4618,-4607,-6429,1666.7116668224335
1700.6299998760223,4623,-4599,-6432,1666.7166666984558
1700.6349999904633,4625,-4590,-6435,1666.7216668128967
1700.6399998664856,4626,-4582,-6441,1666.726666688919
1700.6449999809265,4626,-4574,-6445,1666.73166680336
1700.6499998569489,4627,-4568,-6450,1666.7366666793823
1700.6549999713898,4629,-4562,-6455,1666.7416667938232
1700.659999847412,4631,-4559,-6457,1666.7466666698456
1700.664999961853,4632,-4559,-6459,1666.7516667842865
1700.6699998378754,4632,-4559,-6461,1666.7566666603088
1700.6749999523165,4633,-4558,-6464,1666.76166677475
1700.6799998283386,4632,-4557,-6466,1666.766666650772
1700.6849999427795,4633,-4556,-6469,1666.771666765213
1700.689999818802,4633,-4557,-6467,1666.7766666412356
1700.6949999332428,4634,-4558,-6467,1666.7816667556763
1700.6999998092651,4633,-4565,-6468,1666.7866666316986
1700.704999923706,4633,-4574,-6471,1666.7916667461395
1700.7099997997284,4634,-4584,-6472,1666.7966666221619
1700.7149999141693,4634,-4594,-6471,1666.8016667366028
1700.7199997901917,4633,-4602,-6470,1666.8066666126251
1700.7249999046326,4633,-4610,-6467,1666.811666727066
1700.729999780655,4631,-4618,-6464,1666.8166666030884
1700.7349998950958,4630,-4628,-6465,1666.8216667175293
1700.7399997711182,4629,-4639,-6462,1666.8266665935516
1700.744999885559,4625,-4649,-6460,1666.8316667079926
1700.75,4624,-4658,-6459,1666.8366668224335
1700.7549998760223,4622,-4666,-6454,1666.8416666984558
1700.7599999904633,4621,-4673,-6449,1666.8466668128967
1700.7649998664856,4620,-4678,-6444,1666.851666688919
1700.7699999809265,4618,-4682,-6441,1666.85666680336
1700.7749998569489,4617,-4685,-6442,1666.8616666793823
1700.7799999713898,4618,-4685,-6445,1666.8666667938232
1700.784999847412,4618,-4686,-6448,1666.8716666698456
1700.789999961853,4618,-4689,-6450,1666.8766667842865
1700.7949998378754,4618,-4691,-6452,1666.8816666603088
1700.7999999523165,4617,-4696,-6452,1666.88666677475
1700.8049998283386,4617,-4702,-6453,1666.891666650772
1700.8099999427795,4618,-4707,-6451,1666.896666765213
1700.814999818802,4621,-4711,-6449,1666.9016666412356
1700.8199999332428,4623,-4713,-6447,1666.9066667556763
1700.8249998092651,4628,-4713,-6444,1666.9116666316986
1700.829999923706,4631,-4710,-6439,1666.9166667461395
1700.8349997997284,4633,-4706,-6432,1666.9216666221619
1700.8399999141693,4635,-4702,-6427,1666.9266667366028
1700.8449997901917,4638,-4700,-6423,1666.9316666126251
1700.8499999046326,4640,-4700,-6422,1666.936666727066
1700.854999780655,4643,-4697,-6425,1666.9416666030884
1700.8599998950958,4646,-4695,-6425,1666.9466667175293
1700.8649997711182,4648,-4692,-6422,1666.9516665935516
1700.869999885559,4650,-4687,-6420,1666.9566667079926
1700.875,4651,-4681,-6416,1666.9616668224335
1700.8799998760223,4654,-4678,-6413,1666.9666666984558
1700.8849999904633,4657,-4673,-6417,1666.9716668128967
1700.8899998664856,4662,-4670,-6419,1666.976666688919
1700.8949999809265,4668,-4665,-6421,1666.98166680336
1700.8999998569489,4675,-4659,-6421,1666.9866666793823
1700.9049999713898,4681,-4655,-6423,1666.9916667938232
1700.909999847412,4685,-4650,-6421,1666.9966666698456
1700.914999961853,4688,-4646,-6421,1667.0016667842865
1700.9199998378754,4690,-4643,-6421,1667.0066666603088
1700.9249999523165,4691,-4641,-6418,1667.01166677475
1700.9299998283386,4692,-4639,-6413,1667.016666650772
1700.9349999427795,4692,-4639,-6411,1667.021666765213
1700.939999818802,4692,-4637,-6405,1667.0266666412356
1700.9449999332428,4693,-4635,-6402,1667.0316667556763
1700.9499998092651,4696,-4634,-6401,1667.0366666316986
1700.954999923706,4699,-4634,-6400,1667.0416667461395
1700.9599997997284,4703,-4635,-6402,1667.0466666221619
1700.9649999141693,4707,-4637,-6402,1667.0516667366028
1700.9699997901917,4709,-4638,-6402,1667.0566666126251
1700.9749999046326,4709,-4637,-6402,1667.061666727066
1700.979999780655,4707,-4635,-6401,1667.0666666030884
1700.9849998950958,4707,-4633,-6400,1667.0716667175293
1700.9899997711182,4707,-4631,-6400,1667.0766665935516
1700.994999885559,4706,-4629,-6402,1667.0816667079926
1701.0,4705,-4628,-6405,1667.0866668224335
1701.0049998760223,4704,-4626,-6408,1667.0916666984558
1701.0099999904633,4702,-4625,-6412,1667.0966668128967
1701.0149998664856,4702,-4622,-6416,1667.101666688919
1701.0199999809265,4702,-4621,-6416,1667.10666680336
1701.0249998569489,4703,-4619,-6415,1667.1116666793823
1701.0299999713898,4702,-4619,-6410,1667.1166667938232
1701.034999847412,4701,-4617,-6407,1667.1216666698456
1701.039999961853,4701,-4617,-6402,1667.1266667842865
1701.0449998378754,4699,-4617,-6395,1667.1316666603088
1701.0499999523165,4700,-4618,-6387,1667.13666677475
1701.0549998283386,4702,-4620,-6379,1667.141666650772
1701.0599999427795,4702,-4620,-6372,1667.146666765213
1701.064999818802,4702,-4618,-6370,1667.1516666412356
1701.0699999332428,4702,-4617,-6369,1667.1566667556763
1701.0749998092651,4702,-4616,-6365,1667.1616666316986
1701.079999923706,4701,-4615,-6365,1667.1666667461395
1701.0849997997284,4701,-4614,-6366,1667.1716666221619
1701.0899999141693,4700,-4614,-6366,1667.1766667366028
1701.0949997901917,4699,-4613,-6365,1667.1816666126251
1701.0999999046326,4698,-4613,-6362,1667.186666727066
1701.104999780655,4699,-4615,-6359,1667.1916666030884
1701.1099998950958,4701,-4617,-6356,1667.1966667175293
1701.1149997711182,4704,-4619,-6353,1667.2016665935516
1701.119999885559,4707,-4620,-6350,1667.2066667079926
1701.125,4709,-4619,-6352,1667.2116668224335
1701.1299998760223,4711,-4615,-6357,1667.2166666984558
1701.1349999904633,4711,-4613,-6360,1667.2216668128967
1701.1399998664856,4711,-4613,-6360,1667.226666688919
1701.1449999809265,4712,-4612,-6360,1667.23166680336
1701.1499998569489,4714,-4611,-6359,1667.2366666793823
1701.1549999713898,4716,-4611,-6359,1667.2416667938232
1701.159999847412,4718,-4609,-6359,1667.2466666698456
1701.164999961853,4721,-4607,-6361,1667.2516667842865
1701.1699998378754,4723,-4607,-6361,1667.2566666603088
1701.1749999523165,4724,-4608,-6359,1667.26166677475
1701.1799998283386,4723,-4606,-6358,1667.266666650772
1701.1849999427795,4722,-4604,-6356,1667.271666765213
1701.189999818802,4725,-4602,-6355,1667.2766666412356
1701.1949999332428,4729,-4598,-6354,1667.2816667556763
1701.1999998092651,4733,-4596,-6351,1667.2866666316986
1701.204999923706,4735,-4594,-6353,1667.2916667461395
1701.2099997997284,4736,-4592,-6355,1667.2966666221619
1701.2149999141693,4737,-4591,-6353,1667.3016667366028
1701.2199997901917,4739,-4590,-6353,1667.3066666126251
1701.2249999046326,4741,-4588,-6352,1667.311666727066
1701.229999780655,4745,-4586,-6353,1667.3166666030884
1701.2349998950958,4746,-4585,-6352,1667.3216667175293
1701.2399997711182,4746,-4584,-6352,1667.3266665935516
1701.244999885559,4747,-4583,-6352,1667.3316667079926
1701.25,4748,-4582,-6348,1667.3366668224335
1701.2549998760223,4750,-4580,-6346,1667.3416666984558
1701.2599999904633,4752,-4578,-6344,1667.3466668128967
1701.2649998664856,4753,-4575,-6341,1667.351666688919
1701.2699999809265,4754,-4573,-6340,1667.35666680336
1701.2749998569489,4756,-4571,-6337,1667.3616666793823
1701.2799999713898,4755,-4568,-6335,1667.3666667938232
1701.284999847412,4756,-4569,-6337,1667.3716666698456
1701.289999961853,4754,-4568,-6337,1667.3766667842865
1701.2949998378754,4750,-4567,-6337,1667.3816666603088
1701.2999999523165,4747,-4566,-6336,1667.38666677475
1701.3049998283386,4744,-4565,-6333,1667.391666650772
1701.3099999427795,4745,-4566,-6334,1667.396666765213
1701.314999818802,4747,-4567,-6334,1667.4016666412356
1701.3199999332428,4746,-4568,-6338,1667.4066667556763
1701.3249998092651,4744,-4570,-6344,1667.4116666316986
1701.329999923706,4741,-4572,-6347,1667.4166667461395
1701.3349997997284,4739,-4572,-6348,1667.4216666221619
1701.3399999141693,4736,-4572,-6346,1667.4266667366028
1701.3449997901917,4733,-4573,-6344,1667.4316666126251
1701.3499999046326,4728,-4574,-6342,1667.436666727066
1701.354999780655,4724,-4576,-6342,1667.4416666030884
1701.3599998950958,4721,-4578,-6340,1667.4466667175293
1701.3649997711182,4718,-4580,-6342,1667.4516665935516
1701.369999885559,4718,-4581,-6342,1667.4566667079926
1701.375,4718,-4583,-6344,1667.4616668224335
1701.3799998760223,4718,-4584,-6346,1667.4666666984558
1701.3849999904633,4717,-4586,-6347,1667.4716668128967
1701.3899998664856,4716,-4590,-6350,1667.476666688919
1701.3949999809265,4714,-4593,-6350,1667.48166680336
1701.3999998569489,4715,-4595,-6349,1667.4866666793823
1701.4049999713898,4715,-4597,-6347,1667.4916667938232
1701.409999847412,4718,-4599,-6344,1667.4966666698456
1701.414999961853,4720,-4599,-6343,1667.5016667842865
1701.4199998378754,4722,-4601,-6344,1667.5066666603088
1701.4249999523165,4722,-4603,-6346,1667.51166677475
1701.4299998283386,4721,-4603,-6348,1667.516666650772
1701.4349999427795,4720,-4603,-6351,1667.521666765213
1701.439999818802,4717,-4602,-6358,1667.5266666412356
1701.4449999332428,4715,-4602,-6364,1667.5316667556763
1701.4499998092651,4715,-4601,-6370,1667.5366666316986
1701.454999923706,4714,-4601,-6377,1667.5416667461395
1701.4599997997284,4715,-4600,-6379,1667.5466666221619
1701.4649999141693,4716,-4600,-6380,1667.5516667366028
1701.4699997901917,4717,-4600,-6381,1667.5566666126251
1701.4749999046326,4718,-4599,-6379,1667.561666727066
1701.479999780655,4719,-4599,-6377,1667.5666666030884
1701.4849998950958,4720,-4598,-6377,1667.5716667175293
1701.4899997711182,4720,-4596,-6374,1667.5766665935516
1701.494999885559,4720,-4595,-6375,1667.5816667079926
1701.5,4719,-4594,-6374,1667.5866668224335
1701.5049998760223,4716,-4593,-6373,1667.5916666984558
1701.5099999904633,4715,-4593,-6375,1667.5966668128967
1701.5149998664856,4713,-4593,-6376,1667.601666688919
1701.5199999809265,4711,-4593,-6380,1667.60666680336
1701.5249998569489,4711,-4596,-6383,1667.6116666793823
1701.5299999713898,4710,-4599,-6384,1667.6166667938232
1701.534999847412,4708,-4600,-6382,1667.6216666698456
1701.539999961853,4707,-4602,-6383,1667.6266667842865
1701.5449998378754,4704,-4601,-6382,1667.6316666603088
1701.5499999523165,4702,-4602,-6385,1667.63666677475
1701.5549998283386,4702,-4604,-6386,1667.641666650772
1701.5599999427795,4702,-4606,-6388,1667.646666765213
1701.564999818802,4703,-4609,-6389,1667.6516666412356
1701.5699999332428,4702,-4611,-6388,1667.6566667556763
1701.5749998092651,4701,-4613,-6387,1667.6616666316986
1701.579999923706,4700,-4614,-6384,1667.6666667461395
1701.5849997997284,4701,-4615,-6382,1667.6716666221619
1701.5899999141693,4703,-4615,-6381,1667.6766667366028
1701.5949997901917,4704,-4615,-6379,1667.6816666126251
1701.5999999046326,4705,-4614,-6377,1667.686666727066
1701.604999780655,4705,-4615,-6374,1667.6916666030884
1701.6099998950958,4704,-4616,-6370,1667.6966667175293
1701.6149997711182,4706,-4619,-6367,1667.7016665935516
1701.619999885559,4706,-4622,-6365,1667.7066667079926
1701.625,4706,-4623,-6363,1667.7116668224335
1701.6299998760223,4706,-4625,-6361,1667.7166666984558
1701.6349999904633,4705,-4628,-6361,1667.7216668128967
1701.6399998664856,4705,-4631,-6359,1667.726666688919
1701.6449999809265,4703,-4635,-6358,1667.73166680336
1701.6499998569489,4702,-4638,-6360,1667.7366666793823
1701.6549999713898,4702,-4639,-6360,1667.7416667938232
1701.659999847412,4700,-4639,-6362,1667.7466666698456
1701.664999961853,4699,-4640,-6363,1667.7516667842865
1701.6699998378754,4698,-4642,-6364,1667.7566666603088
1701.6749999523165,4697,-4642,-6364,1667.76166677475
1701.6799998283386,4695,-4641,-6364,1667.766666650772
1701.6849999427795,4693,-4639,-6368,1667.771666765213
1701.689999818802,4691,-4636,-6371,1667.7766666412356
1701.6949999332428,4689,-4634,-6374,1667.7816667556763
1701.6999998092651,4690,-4632,-6375,1667.7866666316986
1701.704999923706,4691,-4630,-6376,1667.7916667461395
1701.7099997997284,4692,-4628,-6375,1667.7966666221619
1701.7149999141693,4694,-4626,-6373,1667.8016667366028
1701.7199997901917,4696,-4623,-6374,1667.8066666126251
1701.7249999046326,4697,-4623,-6373,1667.811666727066
1701.729999780655,4701,-4624,-6372,1667.8166666030884
1701.7349998950958,4704,-4626,-6371,1667.8216667175293
1701.7399997711182,4707,-4626,-6369,1667.8266665935516
1701.744999885559,4707,-4628,-6366,1667.8316667079926
1701.75,4707,-4629,-6367,1667.8366668224335
1701.7549998760223,4708,-4631,-6367,1667.8416666984558
1701.7599999904633,4710,-4631,-6367,1667.8466668128967
1701.7649998664856,4713,-4630,-6367,1667.851666688919
1701.7699999809265,4715,-4628,-6368,1667.85666680336
1701.7749998569489,4714,-4625,-6371,1667.8616666793823
1701.7799999713898,4711,-4623,-6373,1667.8666667938232
1701.784999847412,4709,-4621,-6372,1667.8716666698456
1701.789999961853,4706,-4622,-6375,1667.8766667842865
1701.7949998378754,4703,-4623,-6377,1667.8816666603088
1701.7999999523165,4700,-4626,-6380,1667.88666677475
1701.8049998283386,4697,-4628,-6382,1667.891666650772
1701.8099999427795,4693,-4629,-6387,1667.896666765213
1701.814999818802,4690,-4631,-6390,1667.9016666412356
1701.8199999332428,4688,-4631,-6389,1667.9066667556763
1701.8249998092651,4686,-4633,-6390,1667.9116666316986
1701.829999923706,4685,-4636,-6390,1667.9166667461395
1701.8349997997284,4683,-4640,-6392,1667.9216666221619
1701.8399999141693,4681,-4642,-6390,1667.9266667366028
1701.8449997901917,4676,-4646,-6391,1667.9316666126251
1701.8499999046326,4671,-4651,-6389,1667.936666727066
1701.854999780655,4666,-4655,-6388,1667.9416666030884
1701.8599998950958,4662,-4661,-6389,1667.9466667175293
1701.8649997711182,4660,-4667,-6391,1667.9516665935516
1701.869999885559,4658,-4672,-6395,1667.9566667079926
1701.875,4656,-4678,-6400,1667.9616668224335
1701.8799998760223,4653,-4684,-6401,1667.9666666984558
1701.8849999904633,4652,-4686,-6400,1667.9716668128967
1701.8899998664856,4652,-4689,-6400,1667.976666688919
1701.8949999809265,4654,-4691,-6401,1667.98166680336
1701.8999998569489,4651,-4691,-6403,1667.9866666793823
1701.9049999713898,4647,-4692,-6406,1667.9916667938232
1701.909999847412,4642,-4693,-6406,1667.9966666698456
1701.914999961853,4636,-4696,-6402,1668.0016667842865
1701.9199998378754,4632,-4699,-6400,1668.0066666603088
1701.9249999523165,4630,-4701,-6395,1668.01166677475
1701.9299998283386,4628,-4703,-6394,1668.016666650772
1701.9349999427795,4626,-4704,-6393,1668.021666765213
1701.939999818802,4624,-4705,-6397,1668.0266666412356
1701.9449999332428,4622,-4708,-6405,1668.0316667556763
1701.9499998092651,4620,-4709,-6412,1668.0366666316986
1701.954999923706,4620,-4711,-6417,1668.0416667461395
1701.9599997997284,4620,-4711,-6417,1668.0466666221619
1701.9649999141693,4620,-4711,-6416,1668.0516667366028
1701.9699997901917,4620,-4711,-6411,1668.0566666126251
1701.9749999046326,4618,-4710,-6408,1668.061666727066
1701.979999780655,4617,-4710,-6406,1668.0666666030884
1701.9849998950958,4614,-4710,-6402,1668.0716667175293
1701.9899997711182,4613,-4712,-6397,1668.0766665935516
1701.994999885559,4612,-4714,-6390,1668.0816667079926
1702.0,4617,-4712,-6386,1668.0866668224335
1702.0049998760223,4623,-4711,-6385,1668.0916666984558
1702.0099999904633,4628,-4712,-6385,1668.0966668128967
1702.0149998664856,4630,-4714,-6385,1668.101666688919
1702.0199999809265,4631,-4718,-6388,1668.10666680336
1702.0249998569489,4631,-4720,-6394,1668.1116666793823
1702.0299999713898,4632,-4719,-6397,1668.1166667938232
1702.034999847412,4633,-4718,-6400,1668.1216666698456
1702.039999961853,4636,-4715,-6401,1668.1266667842865
1702.0449998378754,4640,-4712,-6401,1668.1316666603088
1702.0499999523165,4642,-4710,-6400,1668.13666677475
1702.0549998283386,4642,-4708,-6400,1668.141666650772
1702.0599999427795,4640,-4706,-6399,1668.146666765213
1702.064999818802,4637,-4706,-6397,1668.1516666412356
1702.0699999332428,4633,-4706,-6395,1668.1566667556763
1702.0749998092651,4630,-4709,-6392,1668.1616666316986
1702.079999923706,4628,-4711,-6389,1668.1666667461395
1702.0849997997284,4627,-4712,-6386,1668.1716666221619
1702.0899999141693,4627,-4714,-6385,1668.1766667366028
1702.0949997901917,4625,-4713,-6384,1668.1816666126251
1702.0999999046326,4621,-4713,-6388,1668.186666727066
1702.104999780655,4616,-4712,-6391,1668.1916666030884
1702.1099998950958,4614,-4712,-6394,1668.1966667175293
1702.1149997711182,4612,-4714,-6398,1668.2016665935516
1702.119999885559,4613,-4714,-6402,1668.2066667079926
1702.125,4613,-4715,-6406,1668.2116668224335
1702.1299998760223,4612,-4718,-6412,1668.2166666984558
1702.1349999904633,4611,-4721,-6417,1668.2216668128967
1702.1399998664856,4609,-4726,-6420,1668.226666688919
1702.1449999809265,4608,-4731,-6423,1668.23166680336
1702.1499998569489,4607,-4735,-6423,1668.2366666793823
1702.1549999713898,4604,-4738,-6426,1668.2416667938232
1702.159999847412,4603,-4741,-6429,1668.2466666698456
1702.164999961853,4602,-4745,-6432,1668.2516667842865
1702.1699998378754,4601,-4746,-6432,1668.2566666603088
1702.1749999523165,4598,-4748,-6433,1668.26166677475
1702.1799998283386,4595,-4750,-6435,1668.266666650772
1702.1849999427795,4592,-4751,-6440,1668.271666765213
1702.189999818802,4589,-4753,-6448,1668.2766666412356
1702.1949999332428,4588,-4754,-6457,1668.2816667556763
1702.1999998092651,4588,-4754,-6462,1668.2866666316986
1702.204999923706,4588,-4754,-6466,1668.2916667461395
1702.2099997997284,4589,-4755,-6470,1668.2966666221619
1702.2149999141693,4588,-4756,-6474,1668.3016667366028
1702.2199997901917,4587,-4758,-6476,1668.3066666126251
1702.2249999046326,4585,-4758,-6473,1668.311666727066
1702.229999780655,4581,-4758,-6470,1668.3166666030884
1702.2349998950958,4578,-4758,-6467,1668.3216667175293
1702.2399997711182,4574,-4759,-6462,1668.3266665935516
1702.244999885559,4571,-4760,-6460,1668.3316667079926
1702.25,4571,-4760,-6454,1668.3366668224335
1702.2549998760223,4571,-4758,-6447,1668.3416666984558
1702.2599999904633,4573,-4757,-6443,1668.3466668128967
1702.2649998664856,4575,-4755,-6437,1668.351666688919
1702.2699999809265,4576,-4754,-6438,1668.35666680336
1702.2749998569489,4576,-4754,-6440,1668.3616666793823
1702.2799999713898,4575,-4754,-6442,1668.3666667938232
1702.284999847412,4576,-4753,-6442,1668.3716666698456
1702.289999961853,4576,-4753,-6442,1668.3766667842865
1702.2949998378754,4576,-4752,-6440,1668.3816666603088
1702.2999999523165,4578,-4752,-6441,1668.38666677475
1702.3049998283386,4581,-4752,-6442,1668.391666650772
1702.3099999427795,4585,-4753,-6443,1668.396666765213
1702.314999818802,4589,-4754,-6444,1668.4016666412356
1702.3199999332428,4594,-4753,-6442,1668.4066667556763
1702.3249998092651,4596,-4753,-6446,1668.4116666316986
1702.329999923706,4597,-4753,-6449,1668.4166667461395
1702.3349997997284,4598,-4753,-6450,1668.4216666221619
1702.3399999141693,4598,-4753,-6454,1668.4266667366028
1702.3449997901917,4599,-4753,-6458,1668.4316666126251
1702.3499999046326,4600,-4755,-6461,1668.436666727066
1702.354999780655,4599,-4758,-6465,1668.4416666030884
1702.3599998950958,4598,-4762,-6468,1668.4466667175293
1702.3649997711182,4597,-4765,-6470,1668.4516665935516
1702.369999885559,4597,-4767,-6468,1668.4566667079926
1702.375,4598,-4766,-6465,1668.4616668224335
1702.3799998760223,4600,-4765,-6457,1668.4666666984558
1702.3849999904633,4599,-4765,-6452,1668.4716668128967
1702.3899998664856,4597,-4767,-6448,1668.476666688919
1702.3949999809265,4595,-4767,-6445,1668.48166680336
1702.3999998569489,4593,-4765,-6445,1668.4866666793823
1702.4049999713898,4590,-4763,-6448,1668.4916667938232
1702.409999847412,4588,-4762,-6450,1668.4966666698456
1702.414999961853,4585,-4761,-6452,1668.5016667842865
1702.4199998378754,4583,-4762,-6455,1668.5066666603088
1702.4249999523165,4583,-4767,-6456,1668.51166677475
1702.4299998283386,4581,-4771,-6457,1668.516666650772
1702.4349999427795,4578,-4773,-6457,1668.521666765213
1702.439999818802,4573,-4773,-6459,1668.5266666412356
1702.4449999332428,4566,-4773,-6463,1668.5316667556763
1702.4499998092651,4560,-4772,-6463,1668.5366666316986
1702.454999923706,4554,-4774,-6464,1668.5416667461395
1702.4599997997284,4551,-4776,-6458,1668.5466666221619
1702.4649999141693,4548,-4778,-6455,1668.5516667366028
1702.4699997901917,4544,-4781,-6453,1668.5566666126251
1702.4749999046326,4542,-4782,-6450,1668.561666727066
1702.479999780655,4541,-4783,-6451,1668.5666666030884
1702.4849998950958,4539,-4784,-6448,1668.5716667175293
1702.4899997711182,4538,-4787,-6448,1668.5766665935516
1702.494999885559,4536,-4791,-6449,1668.5816667079926
1702.5,4535,-4797,-6454,1668.5866668224335
1702.5049998760223,4534,-4800,-6456,1668.5916666984558
1702.5099999904633,4533,-4804,-6454,1668.5966668128967
1702.5149998664856,4533,-4809,-6447,1668.601666688919
1702.5199999809265,4533,-4814,-6440,1668.60666680336
1702.5249998569489,4532,-4821,-6436,1668.6116666793823
1702.5299999713898,4529,-4829,-6435,1668.6166667938232
1702.534999847412,4525,-4837,-6437,1668.6216666698456
1702.539999961853,4522,-4844,-6440,1668.6266667842865
1702.5449998378754,4521,-4850,-6442,1668.6316666603088
1702.5499999523165,4520,-4854,-6441,1668.63666677475
1702.5549998283386,4521,-4857,-6437,1668.641666650772
1702.5599999427795,4523,-4860,-6431,1668.646666765213
1702.564999818802,4524,-4863,-6427,1668.6516666412356
1702.5699999332428,4527,-4866,-6428,1668.6566667556763
1702.5749998092651,4531,-4870,-6432,1668.6616666316986
1702.579999923706,4532,-4873,-6434,1668.6666667461395
1702.5849997997284,4534,-4874,-6432,1668.6716666221619
1702.5899999141693,4534,-4873,-6427,1668.6766667366028
1702.5949997901917,4537,-4870,-6424,1668.6816666126251
1702.5999999046326,4541,-4868,-6427,1668.686666727066
1702.604999780655,4542,-4868,-6427,1668.6916666030884
1702.6099998950958,4544,-4865,-6428,1668.6966667175293
1702.6149997711182,4546,-4863,-6428,1668.7016665935516
1702.619999885559,4546,-4862,-6425,1668.7066667079926
1702.625,4549,-4859,-6421,1668.7116668224335
1702.6299998760223,4555,-4858,-6421,1668.7166666984558
1702.6349999904633,4561,-4856,-6422,1668.7216668128967
1702.6399998664856,4565,-4853,-6423,1668.726666688919
1702.6449999809265,4568,-4849,-6426,1668.73166680336
1702.6499998569489,4568,-4844,-6426,1668.7366666793823
1702.6549999713898,4568,-4839,-6427,1668.7416667938232
1702.659999847412,4572,-4834,-6426,1668.7466666698456
1702.664999961853,4576,-4828,-6424,1668.7516667842865
1702.6699998378754,4578,-4823,-6422,1668.7566666603088
1702.6749999523165,4581,-4815,-6420,1668.76166677475
1702.6799998283386,4583,-4808,-6422,1668.766666650772
1702.6849999427795,4585,-4803,-6422,1668.771666765213
1702.689999818802,4588,-4798,-6425,1668.7766666412356
1702.6949999332428,4588,-4795,-6430,1668.7816667556763
1702.6999998092651,4588,-4791,-6434,1668.7866666316986
1702.704999923706,4586,-4787,-6439,1668.7916667461395
1702.7099997997284,4584,-4783,-6435,1668.7966666221619
1702.7149999141693,4582,-4777,-6431,1668.8016667366028
1702.7199997901917,4578,-4774,-6426,1668.8066666126251
1702.7249999046326,4578,-4771,-6420,1668.811666727066
1702.729999780655,4579,-4769,-6415,1668.8166666030884
1702.7349998950958,4580,-4768,-6410,1668.8216667175293
1702.7399997711182,4582,-4766,-6409,1668.8266665935516
1702.744999885559,4581,-4763,-6411,1668.8316667079926
1702.75,4577,-4762,-6416,1668.8366668224335
1702.7549998760223,4574,-4760,-6422,1668.8416666984558
1702.7599999904633,4572,-4760,-6427,1668.8466668128967
1702.7649998664856,4573,-4762,-6432,1668.851666688919
1702.7699999809265,4576,-4762,-6438,1668.85666680336
1702.7749998569489,4580,-4763,-6441,1668.8616666793823
1702.7799999713898,4584,-4763,-6445,1668.8666667938232
1702.784999847412,4587,-4761,-6449,1668.8716666698456
1702.789999961853,4589,-4761,-6451,1668.8766667842865
1702.7949998378754,4591,-4759,-6456,1668.8816666603088
1702.7999999523165,4592,-4757,-6464,1668.88666677475
1702.8049998283386,4592,-4756,-6476,1668.891666650772
1702.8099999427795,4591,-4755,-6486,1668.896666765213
1702.814999818802,4589,-4755,-6490,1668.9016666412356
1702.8199999332428,4586,-4755,-6490,1668.9066667556763
1702.8249998092651,4585,-4755,-6488,1668.9116666316986
1702.829999923706,4584,-4757,-6483,1668.9166667461395
1702.8349997997284,4584,-4760,-6480,1668.9216666221619
1702.8399999141693,4582,-4764,-6474,1668.9266667366028
1702.8449997901917,4581,-4768,-6473,1668.9316666126251
1702.8499999046326,4581,-4769,-6469,1668.936666727066
1702.854999780655,4582,-4770,-6466,1668.9416666030884
1702.8599998950958,4585,-4771,-6463,1668.9466667175293
1702.8649997711182,4588,-4771,-6456,1668.9516665935516
1702.869999885559,4590,-4772,-6451,1668.9566667079926
1702.875,4592,-4771,-6446,1668.9616668224335
1702.8799998760223,4593,-4770,-6444,1668.9666666984558
1702.8849999904633,4592,-4768,-6444,1668.9716668128967
1702.8899998664856,4591,-4766,-6445,1668.976666688919
1702.8949999809265,4589,-4764,-6446,1668.98166680336
1702.8999998569489,4589,-4763,-6448,1668.9866666793823
1702.9049999713898,4589,-4761,-6448,1668.9916667938232
1702.909999847412,4591,-4759,-6449,1668.9966666698456
1702.914999961853,4594,-4758,-6447,1669.0016667842865
1702.9199998378754,4595,-4755,-6449,1669.0066666603088
1702.9249999523165,4596,-4752,-6451,1669.01166677475
1702.9299998283386,4597,-4749,-6450,1669.016666650772
1702.9349999427795,4597,-4745,-6453,1669.021666765213
1702.939999818802,4599,-4741,-6456,1669.0266666412356
1702.9449999332428,4600,-4736,-6462,1669.0316667556763
1702.9499998092651,4599,-4729,-6468,1669.0366666316986
1702.954999923706,4598,-4724,-6472,1669.0416667461395
1702.9599997997284,4600,-4719,-6471,1669.0466666221619
1702.9649999141693,4603,-4716,-6468,1669.0516667366028
1702.9699997901917,4606,-4713,-6464,1669.0566666126251
1702.9749999046326,4608,-4709,-6457,1669.061666727066
1702.979999780655,4609,-4707,-6453,1669.0666666030884
1702.9849998950958,4612,-4703,-6447,1669.0716667175293
1702.9899997711182,4616,-4699,-6439,1669.0766665935516
1702.994999885559,4621,-4695,-6432,1669.0816667079926
1703.0,4626,-4692,-6424,1669.0866668224335
1703.0049998760223,4629,-4689,-6419,1669.0916666984558
1703.0099999904633,4632,-4688,-6419,1669.0966668128967
1703.0149998664856,4634,-4686,-6420,1669.101666688919
1703.0199999809265,4636,-4683,-6424,1669.10666680336
1703.0249998569489,4637,-4678,-6426,1669.1116666793823
1703.0299999713898,4637,-4673,-6428,1669.1166667938232
1703.034999847412,4636,-4668,-6427,1669.1216666698456
1703.039999961853,4635,-4665,-6426,1669.1266667842865
1703.0449998378754,4635,-4661,-6426,1669.1316666603088
1703.0499999523165,4637,-4659,-6425,1669.13666677475
1703.0549998283386,4640,-4659,-6422,1669.141666650772
1703.0599999427795,4644,-4660,-6419,1669.146666765213
1703.064999818802,4647,-4661,-6417,1669.1516666412356
1703.0699999332428,4647,-4662,-6414,1669.1566667556763
1703.0749998092651,4649,-4663,-6416,1669.1616666316986
1703.079999923706,4651,-4665,-6420,1669.1666667461395
1703.0849997997284,4654,-4667,-6429,1669.1716666221619
1703.0899999141693,4656,-4668,-6440,1669.1766667366028
1703.0949997901917,4657,-4668,-6446,1669.1816666126251
1703.0999999046326,4655,-4666,-6450,1669.186666727066
1703.104999780655,4654,-4663,-6449,1669.1916666030884
1703.1099998950958,4654,-4660,-6447,1669.1966667175293
1703.1149997711182,4654,-4656,-6444,1669.2016665935516
1703.119999885559,4653,-4653,-6438,1669.2066667079926
1703.125,4652,-4651,-6438,1669.2116668224335
1703.1299998760223,4651,-4650,-6436,1669.2166666984558
1703.1349999904633,4652,-4649,-6436,1669.2216668128967
1703.1399998664856,4653,-4649,-6439,1669.226666688919
1703.1449999809265,4654,-4648,-6441,1669.23166680336
1703.1499998569489,4655,-4646,-6445,1669.2366666793823
1703.1549999713898,4653,-4644,-6448,1669.2416667938232
1703.159999847412,4652,-4640,-6449,1669.2466666698456
1703.164999961853,4652,-4638,-6449,1669.2516667842865
1703.1699998378754,4652,-4637,-6449,1669.2566666603088
1703.1749999523165,4653,-4636,-6447,1669.26166677475
1703.1799998283386,4653,-4636,-6445,1669.266666650772
1703.1849999427795,4653,-4634,-6444,1669.271666765213
1703.189999818802,4654,-4632,-6445,1669.2766666412356
1703.1949999332428,4655,-4631,-6448,1669.2816667556763
1703.1999998092651,4656,-4631,-6454,1669.2866666316986
1703.204999923706,4657,-4633,-6459,1669.2916667461395
1703.2099997997284,4658,-4635,-6466,1669.2966666221619
1703.2149999141693,4660,-4637,-6468,1669.3016667366028
1703.2199997901917,4662,-4637,-6467,1669.3066666126251
1703.2249999046326,4663,-4637,-6459,1669.311666727066
1703.229999780655,4663,-4636,-6452,1669.3166666030884
1703.2349998950958,4663,-4633,-6449,1669.3216667175293
1703.2399997711182,4663,-4631,-6448,1669.3266665935516
1703.244999885559,4664,-4629,-6448,1669.3316667079926
1703.25,4667,-4628,-6451,1669.3366668224335
1703.2549998760223,4669,-4627,-6454,1669.3416666984558
1703.2599999904633,4671,-4628,-6455,1669.3466668128967
1703.2649998664856,4673,-4627,-6456,1669.351666688919
1703.2699999809265,4675,-4625,-6452,1669.35666680336
1703.2749998569489,4678,-4624,-6443,1669.3616666793823
1703.2799999713898,4682,-4623,-6434,1669.3666667938232
1703.284999847412,4683,-4621,-6426,1669.3716666698456
1703.289999961853,4680,-4618,-6422,1669.3766667842865
1703.2949998378754,4676,-4615,-6416,1669.3816666603088
1703.2999999523165,4674,-4610,-6412,1669.38666677475
1703.3049998283386,4675,-4608,-6406,1669.391666650772
1703.3099999427795,4677,-4606,-6399,1669.396666765213
1703.314999818802,4678,-4605,-6396,1669.4016666412356
1703.3199999332428,4679,-4607,-6399,1669.4066667556763
1703.3249998092651,4675,-4608,-6401,1669.4116666316986
1703.329999923706,4672,-4609,-6406,1669.4166667461395
1703.3349997997284,4670,-4609,-6412,1669.4216666221619
1703.3399999141693,4665,-4606,-6411,1669.4266667366028
1703.3449997901917,4663,-4605,-6413,1669.4316666126251
1703.3499999046326,4661,-4605,-6412,1669.436666727066
1703.354999780655,4660,-4606,-6410,1669.4416666030884
1703.3599998950958,4662,-4608,-6407,1669.4466667175293
1703.3649997711182,4664,-4610,-6407,1669.4516665935516
1703.369999885559,4666,-4613,-6408,1669.4566667079926
1703.375,4667,-4612,-6406,1669.4616668224335
1703.3799998760223,4667,-4611,-6404,1669.4666666984558
1703.3849999904633,4667,-4608,-6401,1669.4716668128967
1703.3899998664856,4669,-4607,-6396,1669.476666688919
1703.3949999809265,4668,-4606,-6393,1669.48166680336
1703.3999998569489,4668,-4606,-6390,1669.4866666793823
1703.4049999713898,4666,-4605,-6387,1669.4916667938232
1703.409999847412,4663,-4605,-6389,1669.4966666698456
1703.414999961853,4661,-4604,-6389,1669.5016667842865
1703.4199998378754,4662,-4602,-6388,1669.5066666603088
1703.4249999523165,4664,-4600,-6388,1669.51166677475
1703.4299998283386,4665,-4597,-6387,1669.516666650772
1703.4349999427795,4666,-4594,-6391,1669.521666765213
1703.439999818802,4668,-4591,-6395,1669.5266666412356
1703.4449999332428,4670,-4590,-6400,1669.5316667556763
1703.4499998092651,4674,-4591,-6404,1669.5366666316986
1703.454999923706,4682,-4592,-6404,1669.5416667461395
1703.4599997997284,4687,-4594,-6405,1669.5466666221619
1703.4649999141693,4690,-4593,-6409,1669.5516667366028
1703.4699997901917,4692,-4591,-6411,1669.5566666126251
1703.4749999046326,4692,-4590,-6417,1669.561666727066
1703.479999780655,4693,-4588,-6423,1669.5666666030884
1703.4849998950958,4695,-4586,-6426,1669.5716667175293
1703.4899997711182,4697,-4585,-6429,1669.5766665935516
1703.494999885559,4699,-4584,-6433,1669.5816667079926
1703.5,4698,-4583,-6432,1669.5866668224335
1703.5049998760223,4697,-4583,-6434,1669.5916666984558
1703.5099999904633,4696,-4582,-6434,1669.5966668128967
1703.5149998664856,4695,-4582,-6434,1669.601666688919
1703.5199999809265,4692,-4581,-6433,1669.60666680336
1703.5249998569489,4693,-4577,-6430,1669.6116666793823
1703.5299999713898,4694,-4575,-6426,1669.6166667938232
1703.534999847412,4695,-4571,-6422,1669.6216666698456
1703.539999961853,4696,-4566,-6420,1669.6266667842865
1703.5449998378754,4696,-4565,-6421,1669.6316666603088
1703.5499999523165,4697,-4562,-6420,1669.63666677475
1703.5549998283386,4700,-4561,-6418,1669.641666650772
1703.5599999427795,4703,-4560,-6418,1669.646666765213
1703.564999818802,4707,-4560,-6418,1669.6516666412356
1703.5699999332428,4710,-4560,-6418,1669.6566667556763
1703.5749998092651,4711,-4563,-6415,1669.6616666316986
1703.579999923706,4712,-4564,-6409,1669.6666667461395
1703.5849997997284,4713,-4565,-6402,1669.6716666221619
1703.5899999141693,4714,-4567,-6396,1669.6766667366028
1703.5949997901917,4715,-4569,-6391,1669.6816666126251
1703.5999999046326,4714,-4571,-6384,1669.686666727066
1703.604999780655,4712,-4572,-6379,1669.6916666030884
1703.6099998950958,4709,-4576,-6378,1669.6966667175293
1703.6149997711182,4705,-4577,-6377,1669.7016665935516
1703.619999885559,4702,-4577,-6381,1669.7066667079926
1703.625,4698,-4577,-6389,1669.7116668224335
1703.6299998760223,4695,-4573,-6394,1669.7166666984558
1703.6349999904633,4693,-4569,-6400,1669.7216668128967
1703.6399998664856,4693,-4567,-6406,1669.726666688919
1703.6449999809265,4692,-4565,-6410,1669.73166680336
1703.6499998569489,4691,-4565,-6412,1669.7366666793823
1703.6549999713898,4688,-4566,-6410,1669.7416667938232
1703.659999847412,4683,-4566,-6405,1669.7466666698456
1703.664999961853,4680,-4569,-6406,1669.7516667842865
1703.6699998378754,4676,-4571,-6408,1669.7566666603088
1703.6749999523165,4674,-4575,-6408,1669.76166677475
1703.6799998283386,4672,-4579,-6413,1669.766666650772
1703.6849999427795,4671,-4583,-6417,1669.771666765213
1703.689999818802,4670,-4587,-6420,1669.7766666412356
1703.6949999332428,4670,-4592,-6424,1669.7816667556763
1703.6999998092651,4670,-4598,-6422,1669.7866666316986
1703.704999923706,4671,-4602,-6421,1669.7916667461395
1703.7099997997284,4671,-4605,-6420,1669.7966666221619
1703.7149999141693,4671,-4608,-6418,1669.8016667366028
1703.7199997901917,4672,-4611,-6418,1669.8066666126251
1703.7249999046326,4674,-4615,-6417,1669.811666727066
1703.729999780655,4675,-4619,-6419,1669.8166666030884
1703.7349998950958,4676,-4622,-6421,1669.8216667175293
1703.7399997711182,4675,-4625,-6423,1669.8266665935516
1703.744999885559,4674,-4626,-6426,1669.8316667079926
1703.75,4673,-4628,-6427,1669.8366668224335
1703.7549998760223,4671,-4629,-6429,1669.8416666984558
1703.7599999904633,4670,-4630,-6429,1669.8466668128967
1703.7649998664856,4670,-4632,-6430,1669.851666688919
1703.7699999809265,4670,-4633,-6431,1669.85666680336
1703.7749998569489,4671,-4635,-6433,1669.8616666793823
1703.7799999713898,4671,-4634,-6434,1669.8666667938232
1703.784999847412,4670,-4634,-6436,1669.8716666698456
1703.789999961853,4671,-4633,-6437,1669.8766667842865
1703.7949998378754,4672,-4632,-6436,1669.8816666603088
1703.7999999523165,4672,-4631,-6432,1669.88666677475
1703.8049998283386,4673,-4629,-6425,1669.891666650772
1703.8099999427795,4671,-4630,-6421,1669.896666765213
1703.814999818802,4669,-4629,-6416,1669.9016666412356
1703.8199999332428,4668,-4629,-6415,1669.9066667556763
1703.8249998092651,4667,-4629,-6418,1669.9116666316986
1703.829999923706,4666,-4629,-6418,1669.9166667461395
1703.8349997997284,4667,-4628,-6417,1669.9216666221619
1703.8399999141693,4670,-4627,-6415,1669.9266667366028
1703.8449997901917,4672,-4625,-6410,1669.9316666126251
1703.8499999046326,4672,-4621,-6411,1669.936666727066
1703.854999780655,4671,-4615,-6413,1669.9416666030884
1703.8599998950958,4669,-4613,-6413,1669.9466667175293
1703.8649997711182,4668,-4609,-6415,1669.9516665935516
1703.869999885559,4669,-4606,-6415,1669.9566667079926
1703.875,4669,-4605,-6411,1669.9616668224335
1703.8799998760223,4669,-4603,-6410,1669.9666666984558
1703.8849999904633,4669,-4602,-6408,1669.9716668128967
1703.8899998664856,4669,-4602,-6405,1669.976666688919
1703.8949999809265,4669,-4600,-6404,1669.98166680336
1703.8999998569489,4671,-4599,-6402,1669.9866666793823
1703.9049999713898,4673,-4597,-6399,1669.9916667938232
1703.909999847412,4674,-4596,-6392,1669.9966666698456
1703.914999961853,4676,-4594,-6391,1670.0016667842865
1703.9199998378754,4677,-4593,-6390,1670.0066666603088
1703.9249999523165,4678,-4592,-6391,1670.01166677475
1703.9299998283386,4680,-4593,-6389,1670.016666650772
1703.9349999427795,4682,-4595,-6388,1670.021666765213
1703.939999818802,4683,-4598,-6385,1670.0266666412356
1703.9449999332428,4685,-4600,-6382,1670.0316667556763
1703.9499998092651,4686,-4600,-6381,1670.0366666316986
1703.954999923706,4688,-4599,-6385,1670.0416667461395
1703.9599997997284,4690,-4600,-6391,1670.0466666221619
1703.9649999141693,4690,-4601,-6400,1670.0516667366028
1703.9699997901917,4688,-4604,-6406,1670.0566666126251
1703.9749999046326,4686,-4609,-6410,1670.061666727066
1703.979999780655,4685,-4613,-6413,1670.0666666030884
1703.9849998950958,4683,-4616,-6415,1670.0716667175293
1703.9899997711182,4681,-4620,-6418,1670.0766665935516
1703.994999885559,4680,-4623,-6423,1670.0816667079926
1704.0,4681,-4625,-6421,1670.0866668224335
1704.0049998760223,4680,-4625,-6419,1670.0916666984558
1704.0099999904633,4680,-4623,-6418,1670.0966668128967
1704.0149998664856,4677,-4621,-6414,1670.101666688919
1704.0199999809265,4674,-4619,-6412,1670.10666680336
1704.0249998569489,4672,-4621,-6413,1670.1116666793823
1704.0299999713898,4671,-4624,-6413,1670.1166667938232
1704.034999847412,4668,-4625,-6415,1670.1216666698456
1704.039999961853,4668,-4627,-6417,1670.1266667842865
1704.0449998378754,4667,-4628,-6419,1670.1316666603088
1704.0499999523165,4665,-4628,-6419,1670.13666677475
1704.0549998283386,4665,-4630,-6420,1670.141666650772
1704.0599999427795,4664,-4631,-6416,1670.146666765213
1704.064999818802,4663,-4632,-6413,1670.1516666412356
1704.0699999332428,4662,-4632,-6412,1670.1566667556763
1704.0749998092651,4661,-4632,-6412,1670.1616666316986
1704.079999923706,4661,-4634,-6414,1670.1666667461395
1704.0849997997284,4661,-4637,-6414,1670.1716666221619
1704.0899999141693,4660,-4641,-6413,1670.1766667366028
1704.0949997901917,4661,-4645,-6412,1670.1816666126251
1704.0999999046326,4660,-4651,-6414,1670.186666727066
1704.104999780655,4662,-4656,-6416,1670.1916666030884
1704.1099998950958,4663,-4661,-6415,1670.1966667175293
1704.1149997711182,4664,-4664,-6415,1670.2016665935516
1704.119999885559,4665,-4667,-6415,1670.2066667079926
1704.125,4662,-4671,-6417,1670.2116668224335
1704.1299998760223,4658,-4674,-6419,1670.2166666984558
1704.1349999904633,4655,-4679,-6423,1670.2216668128967
1704.1399998664856,4653,-4683,-6424,1670.226666688919
1704.1449999809265,4654,-4685,-6423,1670.23166680336
1704.1499998569489,4652,-4688,-6425,1670.2366666793823
1704.1549999713898,4650,-4690,-6423,1670.2416667938232
1704.159999847412,4647,-4694,-6421,1670.2466666698456
1704.164999961853,4645,-4697,-6419,1670.2516667842865
1704.1699998378754,4644,-4699,-6412,1670.2566666603088
1704.1749999523165,4645,-4700,-6404,1670.26166677475
1704.1799998283386,4645,-4698,-6398,1670.266666650772
1704.1849999427795,4645,-4698,-6392,1670.271666765213
1704.189999818802,4643,-4700,-6389,1670.2766666412356
1704.1949999332428,4640,-4703,-6391,1670.2816667556763
1704.1999998092651,4638,-4707,-6392,1670.2866666316986
1704.204999923706,4637,-4714,-6396,1670.2916667461395
1704.2099997997284,4635,-4720,-6399,1670.2966666221619
1704.2149999141693,4634,-4725,-6399,1670.3016667366028
1704.2199997901917,4631,-4729,-6404,1670.3066666126251
1704.2249999046326,4630,-4730,-6406,1670.311666727066
1704.229999780655,4630,-4731,-6411,1670.3166666030884
1704.2349998950958,4630,-4733,-6416,1670.3216667175293
1704.2399997711182,4631,-4735,-6420,1670.3266665935516
1704.244999885559,4631,-4737,-6423,1670.3316667079926
1704.25,4631,-4739,-6423,1670.3366668224335
1704.2549998760223,4631,-4741,-6424,1670.3416666984558
1704.2599999904633,4629,-4744,-6423,1670.3466668128967
1704.2649998664856,4631,-4745,-6420,1670.351666688919
1704.2699999809265,4634,-4746,-6420,1670.35666680336
1704.2749998569489,4636,-4748,-6416,1670.3616666793823
1704.2799999713898,4638,-4750,-6413,1670.3666667938232
1704.284999847412,4637,-4753,-6407,1670.3716666698456
1704.289999961853,4634,-4756,-6400,1670.3766667842865
1704.2949998378754,4632,-4759,-6397,1670.3816666603088
1704.2999999523165,4631,-4761,-6395,1670.38666677475
1704.3049998283386,4631,-4763,-6398,1670.391666650772
1704.3099999427795,4630,-4767,-6401,1670.396666765213
1704.314999818802,4628,-4771,-6404,1670.4016666412356
1704.3199999332428,4626,-4773,-6408,1670.4066667556763
1704.3249998092651,4624,-4775,-6410,1670.4116666316986
1704.329999923706,4623,-4776,-6411,1670.4166667461395
1704.3349997997284,4624,-4775,-6407,1670.4216666221619
1704.3399999141693,4625,-4776,-6401,1670.4266667366028
1704.3449997901917,4625,-4777,-6396,1670.4316666126251
1704.3499999046326,4622,-4776,-6396,1670.436666727066
1704.354999780655,4618,-4777,-6396,1670.4416666030884
1704.3599998950958,4616,-4778,-6400,1670.4466667175293
1704.3649997711182,4615,-4781,-6404,1670.4516665935516
1704.369999885559,4616,-4785,-6406,1670.4566667079926
1704.375,4618,-4787,-6410,1670.4616668224335
1704.3799998760223,4619,-4789,-6416,1670.4666666984558
1704.3849999904633,4622,-4790,-6419,1670.4716668128967
1704.3899998664856,4621,-4791,-6420,1670.476666688919
1704.3949999809265,4621,-4792,-6423,1670.48166680336
1704.3999998569489,4619,-4794,-6427,1670.4866666793823
1704.4049999713898,4619,-4796,-6431,1670.4916667938232
1704.409999847412,4620,-4799,-6435,1670.4966666698456
1704.414999961853,4618,-4801,-6436,1670.5016667842865
1704.4199998378754,4616,-4803,-6437,1670.5066666603088
1704.4249999523165,4614,-4805,-6435,1670.51166677475
1704.4299998283386,4611,-4808,-6433,1670.516666650772
1704.4349999427795,4608,-4811,-6434,1670.521666765213
1704.439999818802,4603,-4816,-6433,1670.5266666412356
1704.4449999332428,4598,-4821,-6431,1670.5316667556763
1704.4499998092651,4593,-4828,-6429,1670.5366666316986
1704.454999923706,4589,-4835,-6427,1670.5416667461395
1704.4599997997284,4586,-4842,-6430,1670.5466666221619
1704.4649999141693,4583,-4851,-6436,1670.5516667366028
1704.4699997901917,4581,-4859,-6446,1670.5566666126251
1704.4749999046326,4579,-4870,-6453,1670.561666727066
1704.479999780655,4578,-4882,-6460,1670.5666666030884
1704.4849998950958,4576,-4893,-6465,1670.5716667175293
1704.4899997711182,4573,-4905,-6464,1670.5766665935516
1704.494999885559,4569,-4917,-6462,1670.5816667079926
1704.5,4566,-4931,-6459,1670.5866668224335
1704.5049998760223,4563,-4945,-6455,1670.5916666984558
1704.5099999904633,4563,-4957,-6455,1670.5966668128967
1704.5149998664856,4562,-4969,-6457,1670.601666688919
1704.5199999809265,4560,-4980,-6457,1670.60666680336
1704.5249998569489,4559,-4991,-6455,1670.6116666793823
1704.5299999713898,4557,-5001,-6452,1670.6166667938232
1704.534999847412,4555,-5012,-6447,1670.6216666698456
1704.539999961853,4553,-5020,-6443,1670.6266667842865
1704.5449998378754,4552,-5030,-6441,1670.6316666603088
1704.5499999523165,4551,-5041,-6438,1670.63666677475
1704.5549998283386,4550,-5055,-6435,1670.641666650772
1704.5599999427795,4549,-5066,-6429,1670.646666765213
1704.564999818802,4546,-5075,-6425,1670.6516666412356
1704.5699999332428,4544,-5081,-6420,1670.6566667556763
1704.5749998092651,4540,-5083,-6418,1670.6616666316986
1704.579999923706,4537,-5087,-6415,1670.6666667461395
1704.5849997997284,4535,-5090,-6414,1670.6716666221619
1704.5899999141693,4531,-5091,-6416,1670.6766667366028
1704.5949997901917,4529,-5091,-6419,1670.6816666126251
1704.5999999046326,4527,-5094,-6425,1670.686666727066
1704.604999780655,4524,-5095,-6428,1670.6916666030884
1704.6099998950958,4522,-5097,-6430,1670.6966667175293
1704.6149997711182,4519,-5098,-6433,1670.7016665935516
1704.619999885559,4517,-5099,-6434,1670.7066667079926
1704.625,4517,-5101,-6436,1670.7116668224335
1704.6299998760223,4515,-5102,-6440,1670.7166666984558
1704.6349999904633,4513,-5103,-6441,1670.7216668128967
1704.6399998664856,4510,-5103,-6439,1670.726666688919
1704.6449999809265,4506,-5104,-6437,1670.73166680336
1704.6499998569489,4504,-5105,-6433,1670.7366666793823
1704.6549999713898,4502,-5106,-6432,1670.7416667938232
1704.659999847412,4502,-5108,-6431,1670.7466666698456
1704.664999961853,4499,-5108,-6428,1670.7516667842865
1704.6699998378754,4496,-5110,-6425,1670.7566666603088
1704.6749999523165,4494,-5113,-6421,1670.76166677475
1704.6799998283386,4491,-5117,-6417,1670.766666650772
1704.6849999427795,4487,-5122,-6413,1670.771666765213
1704.689999818802,4485,-5127,-6409,1670.7766666412356
1704.6949999332428,4480,-5132,-6407,1670.7816667556763
1704.6999998092651,4475,-5137,-6404,1670.7866666316986
1704.704999923706,4471,-5143,-6405,1670.7916667461395
1704.7099997997284,4467,-5151,-6404,1670.7966666221619
1704.7149999141693,4464,-5160,-6402,1670.8016667366028
1704.7199997901917,4458,-5168,-6399,1670.8066666126251
1704.7249999046326,4452,-5174,-6398,1670.811666727066
1704.729999780655,4445,-5181,-6399,1670.8166666030884
1704.7349998950958,4439,-5188,-6400,1670.8216667175293
1704.7399997711182,4437,-5195,-6408,1670.8266665935516
1704.744999885559,4435,-5202,-6415,1670.8316667079926
1704.75,4433,-5210,-6419,1670.8366668224335
1704.7549998760223,4429,-5218,-6424,1670.8416666984558
1704.7599999904633,4425,-5225,-6424,1670.8466668128967
1704.7649998664856,4423,-5233,-6424,1670.851666688919
1704.7699999809265,4422,-5241,-6424,1670.85666680336
1704.7749998569489,4423,-5247,-6421,1670.8616666793823
1704.7799999713898,4423,-5251,-6422,1670.8666667938232
1704.784999847412,4422,-5255,-6422,1670.8716666698456
1704.789999961853,4419,-5256,-6422,1670.8766667842865
1704.7949998378754,4416,-5260,-6427,1670.8816666603088
1704.7999999523165,4415,-5265,-6428,1670.88666677475
1704.8049998283386,4412,-5271,-6429,1670.891666650772
1704.8099999427795,4411,-5278,-6429,1670.896666765213
1704.814999818802,4410,-5281,-6424,1670.9016666412356
1704.8199999332428,4410,-5283,-6419,1670.9066667556763
1704.8249998092651,4410,-5283,-6414,1670.9116666316986
1704.829999923706,4410,-5281,-6411,1670.9166667461395
1704.8349997997284,4411,-5282,-6413,1670.9216666221619
1704.8399999141693,4412,-5283,-6419,1670.9266667366028
1704.8449997901917,4413,-5283,-6425,1670.9316666126251
1704.8499999046326,4413,-5284,-6429,1670.936666727066
1704.854999780655,4415,-5283,-6433,1670.9416666030884
1704.8599998950958,4415,-5279,-6436,1670.9466667175293
1704.8649997711182,4416,-5276,-6437,1670.9516665935516
1704.869999885559,4417,-5269,-6438,1670.9566667079926
1704.875,4418,-5260,-6436,1670.9616668224335
1704.8799998760223,4419,-5253,-6434,1670.9666666984558
1704.8849999904633,4420,-5245,-6433,1670.9716668128967
1704.8899998664856,4421,-5241,-6434,1670.976666688919
1704.8949999809265,4423,-5236,-6435,1670.98166680336
1704.8999998569489,4423,-5233,-6434,1670.9866666793823
1704.9049999713898,4424,-5228,-6434,1670.9916667938232
1704.909999847412,4425,-5224,-6428,1670.9966666698456
1704.914999961853,4426,-5218,-6424,1671.0016667842865
1704.9199998378754,4426,-5213,-6425,1671.0066666603088
1704.9249999523165,4426,-5209,-6426,1671.01166677475
1704.9299998283386,4426,-5206,-6430,1671.016666650772
1704.9349999427795,4425,-5203,-6431,1671.021666765213
1704.939999818802,4425,-5200,-6426,1671.0266666412356
1704.9449999332428,4426,-5198,-6424,1671.0316667556763
1704.9499998092651,4428,-5196,-6424,1671.0366666316986
1704.954999923706,4429,-5195,-6426,1671.0416667461395
1704.9599997997284,4427,-5194,-6427,1671.0466666221619
1704.9649999141693,4425,-5191,-6430,1671.0516667366028
1704.9699997901917,4423,-5188,-6432,1671.0566666126251
1704.9749999046326,4420,-5185,-6428,1671.061666727066
1704.979999780655,4418,-5186,-6426,1671.0666666030884
1704.9849998950958,4416,-5188,-6424,1671.0716667175293
1704.9899997711182,4413,-5191,-6420,1671.0766665935516
1704.994999885559,4413,-5193,-6422,1671.0816667079926
1705.0,4413,-5194,-6424,1671.0866668224335
1705.0049998760223,4416,-5195,-6426,1671.0916666984558
1705.0099999904633,4418,-5198,-6431,1671.0966668128967
1705.0149998664856,4420,-5200,-6436,1671.101666688919
1705.0199999809265,4421,-5201,-6440,1671.10666680336
1705.0249998569489,4422,-5202,-6444,1671.1116666793823
1705.0299999713898,4422,-5205,-6444,1671.1166667938232
1705.034999847412,4422,-5208,-6437,1671.1216666698456
1705.039999961853,4421,-5212,-6427,1671.1266667842865
1705.0449998378754,4420,-5215,-6418,1671.1316666603088
1705.0499999523165,4418,-5216,-6412,1671.13666677475
1705.0549998283386,4417,-5216,-6411,1671.141666650772
1705.0599999427795,4416,-5214,-6412,1671.146666765213
1705.064999818802,4416,-5217,-6414,1671.1516666412356
1705.0699999332428,4416,-5221,-6422,1671.1566667556763
1705.0749998092651,4416,-5225,-6429,1671.1616666316986
1705.079999923706,4416,-5229,-6436,1671.1666667461395
1705.0849997997284,4414,-5231,-6444,1671.1716666221619
1705.0899999141693,4412,-5232,-6446,1671.1766667366028
1705.0949997901917,4411,-5231,-6445,1671.1816666126251
1705.0999999046326,4411,-5233,-6444,1671.186666727066
1705.104999780655,4411,-5234,-6444,1671.1916666030884
1705.1099998950958,4413,-5234,-6446,1671.1966667175293
1705.1149997711182,4415,-5233,-6448,1671.2016665935516
1705.119999885559,4416,-5233,-6451,1671.2066667079926
1705.125,4416,-5232,-6452,1671.2116668224335
1705.1299998760223,4414,-5233,-6452,1671.2166666984558
1705.1349999904633,4413,-5232,-6451,1671.2216668128967
1705.1399998664856,4413,-5232,-6451,1671.226666688919
1705.1449999809265,4416,-5232,-6454,1671.23166680336
1705.1499998569489,4417,-5231,-6457,1671.2366666793823
1705.1549999713898,4417,-5231,-6457,1671.2416667938232
1705.159999847412,4417,-5231,-6458,1671.2466666698456
1705.164999961853,4416,-5229,-6458,1671.2516667842865
1705.1699998378754,4416,-5230,-6460,1671.2566666603088
1705.1749999523165,4417,-5231,-6458,1671.26166677475
1705.1799998283386,4418,-5232,-6457,1671.266666650772
1705.1849999427795,4419,-5234,-6456,1671.271666765213
1705.189999818802,4421,-5234,-6453,1671.2766666412356
1705.1949999332428,4423,-5234,-6453,1671.2816667556763
1705.1999998092651,4423,-5234,-6451,1671.2866666316986
1705.204999923706,4422,-5235,-6451,1671.2916667461395
1705.2099997997284,4421,-5234,-6447,1671.2966666221619
1705.2149999141693,4421,-5234,-6444,1671.3016667366028
1705.2199997901917,4420,-5234,-6441,1671.3066666126251
1705.2249999046326,4418,-5233,-6441,1671.311666727066
1705.229999780655,4417,-5233,-6439,1671.3166666030884
1705.2349998950958,4414,-5235,-6440,1671.3216667175293
1705.2399997711182,4413,-5237,-6442,1671.3266665935516
1705.244999885559,4411,-5239,-6443,1671.3316667079926
1705.25,4408,-5242,-6441,1671.3366668224335
1705.2549998760223,4404,-5246,-6440,1671.3416666984558
1705.2599999904633,4402,-5252,-6439,1671.3466668128967
1705.2649998664856,4398,-5260,-6440,1671.351666688919
1705.2699999809265,4396,-5268,-6443,1671.35666680336
1705.2749998569489,4393,-5276,-6441,1671.3616666793823
1705.2799999713898,4391,-5281,-6440,1671.3666667938232
1705.284999847412,4388,-5287,-6439,1671.3716666698456
1705.289999961853,4384,-5293,-6436,1671.3766667842865
1705.2949998378754,4378,-5299,-6436,1671.3816666603088
1705.2999999523165,4371,-5307,-6431,1671.38666677475
1705.3049998283386,4366,-5314,-6427,1671.391666650772
1705.3099999427795,4360,-5321,-6423,1671.396666765213
1705.314999818802,4355,-5328,-6419,1671.4016666412356
1705.3199999332428,4351,-5334,-6414,1671.4066667556763
1705.3249998092651,4348,-5344,-6409,1671.4116666316986
1705.329999923706,4345,-5354,-6408,1671.4166667461395
1705.3349997997284,4342,-5364,-6406,1671.4216666221619
1705.3399999141693,4339,-5375,-6403,1671.4266667366028
1705.3449997901917,4339,-5383,-6397,1671.4316666126251
1705.3499999046326,4340,-5394,-6396,1671.436666727066
1705.354999780655,4342,-5405,-6394,1671.4416666030884
1705.3599998950958,4343,-5415,-6398,1671.4466667175293
1705.3649997711182,4344,-5423,-6404,1671.4516665935516
1705.369999885559,4345,-5430,-6409,1671.4566667079926
1705.375,4346,-5435,-6415,1671.4616668224335
1705.3799998760223,4349,-5440,-6420,1671.4666666984558
1705.3849999904633,4349,-5444,-6423,1671.4716668128967
1705.3899998664856,4351,-5450,-6426,1671.476666688919
1705.3949999809265,4352,-5455,-6426,1671.48166680336
1705.3999998569489,4355,-5458,-6425,1671.4866666793823
1705.4049999713898,4360,-5460,-6423,1671.4916667938232
1705.409999847412,4363,-5459,-6423,1671.4966666698456
1705.414999961853,4369,-5457,-6424,1671.5016667842865
1705.4199998378754,4374,-5453,-6424,1671.5066666603088
1705.4249999523165,4379,-5446,-6426,1671.51166677475
1705.4299998283386,4384,-5435,-6426,1671.516666650772
1705.4349999427795,4390,-5422,-6424,1671.521666765213
1705.439999818802,4396,-5407,-6425,1671.5266666412356
1705.4449999332428,4403,-5393,-6424,1671.5316667556763
1705.4499998092651,4413,-5371,-6420,1671.5366666316986
1705.454999923706,4420,-5349,-6417,1671.5416667461395
1705.4599997997284,4426,-5324,-6418,1671.5466666221619
1705.4649999141693,4430,-5301,-6421,1671.5516667366028
1705.4699997901917,4434,-5278,-6426,1671.5566666126251
1705.4749999046326,4439,-5256,-6423,1671.561666727066
1705.479999780655,4446,-5237,-6419,1671.5666666030884
1705.4849998950958,4453,-5220,-6416,1671.5716667175293
1705.4899997711182,4458,-5206,-6418,1671.5766665935516
1705.494999885559,4462,-5192,-6424,1671.5816667079926
1705.5,4464,-5180,-6432,1671.5866668224335
1705.5049998760223,4465,-5169,-6441,1671.5916666984558
1705.5099999904633,4466,-5158,-6448,1671.5966668128967
1705.5149998664856,4466,-5148,-6452,1671.601666688919
1705.5199999809265,4465,-5138,-6452,1671.60666680336
1705.5249998569489,4464,-5132,-6450,1671.6116666793823
1705.5299999713898,4461,-5124,-6446,1671.6166667938232
1705.534999847412,4459,-5118,-6444,1671.6216666698456
1705.539999961853,4457,-5114,-6444,1671.6266667842865
1705.5449998378754,4456,-5113,-6439,1671.6316666603088
1705.5499999523165,4455,-5117,-6437,1671.63666677475
1705.5549998283386,4455,-5123,-6435,1671.641666650772
1705.5599999427795,4453,-5131,-6434,1671.646666765213
1705.564999818802,4448,-5138,-6434,1671.6516666412356
1705.5699999332428,4444,-5147,-6433,1671.6566667556763
1705.5749998092651,4440,-5154,-6433,1671.6616666316986
1705.579999923706,4436,-5160,-6432,1671.6666667461395
1705.5849997997284,4432,-5163,-6432,1671.6716666221619
1705.5899999141693,4429,-5164,-6434,1671.6766667366028
1705.5949997901917,4427,-5166,-6436,1671.6816666126251
1705.5999999046326,4423,-5168,-6439,1671.686666727066
1705.604999780655,4420,-5171,-6442,1671.6916666030884
1705.6099998950958,4419,-5175,-6445,1671.6966667175293
1705.6149997711182,4418,-5182,-6447,1671.7016665935516
1705.619999885559,4418,-5189,-6449,1671.7066667079926
1705.625,4419,-5198,-6452,1671.7116668224335
1705.6299998760223,4419,-5205,-6452,1671.7166666984558
1705.6349999904633,4419,-5211,-6455,1671.7216668128967
1705.6399998664856,4419,-5215,-6456,1671.726666688919
1705.6449999809265,4420,-5218,-6455,1671.73166680336
1705.6499998569489,4423,-5218,-6455,1671.7366666793823
1705.6549999713898,4428,-5216,-6453,1671.7416667938232
1705.659999847412,4433,-5211,-6452,1671.7466666698456
1705.664999961853,4435,-5205,-6451,1671.7516667842865
1705.6699998378754,4438,-5201,-6449,1671.7566666603088
1705.6749999523165,4439,-5196,-6448,1671.76166677475
1705.6799998283386,4444,-5190,-6445,1671.766666650772
1705.6849999427795,4450,-5183,-6444,1671.771666765213
1705.689999818802,4458,-5175,-6444,1671.7766666412356
1705.6949999332428,4465,-5167,-6443,1671.7816667556763
1705.6999998092651,4470,-5159,-6447,1671.7866666316986
1705.704999923706,4475,-5149,-6451,1671.7916667461395
1705.7099997997284,4478,-5138,-6454,1671.7966666221619
1705.7149999141693,4483,-5126,-6458,1671.8016667366028
1705.7199997901917,4489,-5114,-6462,1671.8066666126251
1705.7249999046326,4495,-5101,-6462,1671.811666727066
1705.729999780655,4502,-5089,-6463,1671.8166666030884
1705.7349998950958,4506,-5077,-6465,1671.8216667175293
1705.7399997711182,4509,-5066,-6465,1671.8266665935516
1705.744999885559,4514,-5053,-6464,1671.8316667079926
1705.75,4520,-5041,-6462,1671.8366668224335
1705.7549998760223,4526,-5031,-6458,1671.8416666984558
1705.7599999904633,4532,-5020,-6455,1671.8466668128967
1705.7649998664856,4539,-5009,-6452,1671.851666688919
1705.7699999809265,4544,-4998,-6453,1671.85666680336
1705.7749998569489,4548,-4985,-6456,1671.8616666793823
1705.7799999713898,4552,-4973,-6460,1671.8666667938232
1705.784999847412,4553,-4959,-6464,1671.8716666698456
1705.789999961853,4555,-4944,-6466,1671.8766667842865
1705.7949998378754,4557,-4931,-6466,1671.8816666603088
1705.7999999523165,4559,-4915,-6467,1671.88666677475
1705.8049998283386,4561,-4901,-6468,1671.891666650772
1705.8099999427795,4564,-4888,-6469,1671.896666765213
1705.814999818802,4565,-4876,-6469,1671.9016666412356
1705.8199999332428,4568,-4866,-6469,1671.9066667556763
1705.8249998092651,4571,-4858,-6470,1671.9116666316986
1705.829999923706,4574,-4849,-6472,1671.9166667461395
1705.8349997997284,4577,-4842,-6473,1671.9216666221619
1705.8399999141693,4576,-4833,-6477,1671.9266667366028
1705.8449997901917,4575,-4825,-6480,1671.9316666126251
1705.8499999046326,4575,-4818,-6480,1671.936666727066
1705.854999780655,4575,-4811,-6479,1671.9416666030884
1705.8599998950958,4574,-4806,-6474,1671.9466667175293
1705.8649997711182,4575,-4803,-6470,1671.9516665935516
1705.869999885559,4575,-4800,-6469,1671.9566667079926
1705.875,4573,-4799,-6477,1671.9616668224335
1705.8799998760223,4571,-4797,-6485,1671.9666666984558
1705.8849999904633,4569,-4796,-6492,1671.9716668128967
1705.8899998664856,4565,-4795,-6499,1671.976666688919
1705.8949999809265,4563,-4795,-6502,1671.98166680336
1705.8999998569489,4563,-4798,-6505,1671.9866666793823
1705.9049999713898,4560,-4802,-6504,1671.9916667938232
1705.909999847412,4558,-4807,-6503,1671.9966666698456
1705.914999961853,4555,-4811,-6504,1672.0016667842865
1705.9199998378754,4553,-4815,-6501,1672.0066666603088
1705.9249999523165,4553,-4817,-6493,1672.01166677475
1705.9299998283386,4551,-4821,-6490,1672.016666650772
1705.9349999427795,4550,-4825,-6488,1672.021666765213
1705.939999818802,4548,-4831,-6490,1672.0266666412356
1705.9449999332428,4548,-4838,-6496,1672.0316667556763
1705.9499998092651,4550,-4844,-6501,1672.0366666316986
1705.954999923706,4550,-4847,-6504,1672.0416667461395
1705.9599997997284,4550,-4850,-6505,1672.0466666221619
1705.9649999141693,4549,-4851,-6501,1672.0516667366028
1705.9699997901917,4548,-4851,-6493,1672.0566666126251
1705.9749999046326,4549,-4854,-6486,1672.061666727066
1705.979999780655,4550,-4855,-6480,1672.0666666030884
1705.9849998950958,4550,-4858,-6478,1672.0716667175293
1705.9899997711182,4551,-4858,-6480,1672.0766665935516
1705.994999885559,4552,-4858,-6480,1672.0816667079926
1706.0,4553,-4855,-6476,1672.0866668224335
1706.0049998760223,4555,-4852,-6472,1672.0916666984558
1706.0099999904633,4558,-4850,-6472,1672.0966668128967
1706.0149998664856,4564,-4845,-6472,1672.101666688919
1706.0199999809265,4574,-4840,-6471,1672.10666680336
1706.0249998569489,4583,-4833,-6470,1672.1116666793823
1706.0299999713898,4592,-4824,-6464,1672.1166667938232
1706.034999847412,4600,-4816,-6460,1672.1216666698456
1706.039999961853,4606,-4807,-6455,1672.1266667842865
1706.0449998378754,4613,-4798,-6450,1672.1316666603088
1706.0499999523165,4618,-4788,-6448,1672.13666677475
1706.0549998283386,4622,-4776,-6442,1672.141666650772
1706.0599999427795,4624,-4762,-6438,1672.146666765213
1706.064999818802,4624,-4747,-6433,1672.1516666412356
1706.0699999332428,4625,-4731,-6432,1672.1566667556763
1706.0749998092651,4627,-4716,-6431,1672.1616666316986
1706.079999923706,4629,-4702,-6430,1672.1666667461395
1706.0849997997284,4632,-4689,-6428,1672.1716666221619
1706.0899999141693,4634,-4676,-6423,1672.1766667366028
1706.0949997901917,4635,-4663,-6421,1672.1816666126251
1706.0999999046326,4635,-4649,-6421,1672.186666727066
1706.104999780655,4636,-4635,-6422,1672.1916666030884
1706.1099998950958,4639,-4621,-6427,1672.1966667175293
1706.1149997711182,4642,-4607,-6430,1672.2016665935516
1706.119999885559,4646,-4593,-6434,1672.2066667079926
1706.125,4649,-4579,-6437,1672.2116668224335
1706.1299998760223,4653,-4563,-6438,1672.2166666984558
1706.1349999904633,4657,-4548,-6434,1672.2216668128967
1706.1399998664856,4662,-4533,-6433,1672.226666688919
1706.1449999809265,4667,-4519,-6434,1672.23166680336
1706.1499998569489,4670,-4506,-6435,1672.2366666793823
1706.1549999713898,4673,-4495,-6440,1672.2416667938232
1706.159999847412,4674,-4484,-6443,1672.2466666698456
1706.164999961853,4674,-4474,-6446,1672.2516667842865
1706.1699998378754,4672,-4465,-6450,1672.2566666603088
1706.1749999523165,4669,-4457,-6453,1672.26166677475
1706.1799998283386,4667,-4449,-6454,1672.266666650772
1706.1849999427795,4666,-4445,-6455,1672.271666765213
1706.189999818802,4665,-4441,-6456,1672.2766666412356
1706.1949999332428,4663,-4438,-6457,1672.2816667556763
1706.1999998092651,4661,-4437,-6463,1672.2866666316986
1706.204999923706,4659,-4436,-6466,1672.2916667461395
1706.2099997997284,4658,-4436,-6466,1672.2966666221619
1706.2149999141693,4658,-4436,-6462,1672.3016667366028
1706.2199997901917,4659,-4438,-6454,1672.3066666126251
1706.2249999046326,4656,-4441,-6452,1672.311666727066
1706.229999780655,4652,-4445,-6451,1672.3166666030884
1706.2349998950958,4647,-4450,-6453,1672.3216667175293
1706.2399997711182,4642,-4456,-6456,1672.3266665935516
1706.244999885559,4640,-4462,-6458,1672.3316667079926
1706.25,4639,-4467,-6459,1672.3366668224335
1706.2549998760223,4641,-4473,-6459,1672.3416666984558
1706.2599999904633,4640,-4479,-6457,1672.3466668128967
1706.2649998664856,4639,-4485,-6457,1672.351666688919
1706.2699999809265,4638,-4492,-6458,1672.35666680336
1706.2749998569489,4639,-4497,-6460,1672.3616666793823
1706.2799999713898,4639,-4501,-6461,1672.3666667938232
1706.284999847412,4639,-4503,-6461,1672.3716666698456
1706.289999961853,4638,-4504,-6461,1672.3766667842865
1706.2949998378754,4637,-4507,-6461,1672.3816666603088
1706.2999999523165,4637,-4509,-6460,1672.38666677475
1706.3049998283386,4638,-4511,-6457,1672.391666650772
1706.3099999427795,4641,-4513,-6451,1672.396666765213
1706.314999818802,4645,-4512,-6446,1672.4016666412356
1706.3199999332428,4648,-4511,-6445,1672.4066667556763
1706.3249998092651,4649,-4509,-6447,1672.4116666316986
1706.329999923706,4650,-4507,-6449,1672.4166667461395
1706.3349997997284,4653,-4505,-6448,1672.4216666221619
1706.3399999141693,4653,-4502,-6446,1672.4266667366028
1706.3449997901917,4653,-4499,-6445,1672.4316666126251
1706.3499999046326,4653,-4495,-6446,1672.436666727066
1706.354999780655,4652,-4488,-6445,1672.4416666030884
1706.3599998950958,4653,-4480,-6442,1672.4466667175293
1706.3649997711182,4652,-4469,-6443,1672.4516665935516
1706.369999885559,4652,-4457,-6442,1672.4566667079926
1706.375,4653,-4444,-6441,1672.4616668224335
1706.3799998760223,4653,-4431,-6440,1672.4666666984558
1706.3849999904633,4657,-4421,-6440,1672.4716668128967
1706.3899998664856,4663,-4411,-6441,1672.476666688919
1706.3949999809265,4669,-4399,-6444,1672.48166680336
1706.3999998569489,4671,-4383,-6446,1672.4866666793823
1706.4049999713898,4673,-4365,-6448,1672.4916667938232
1706.409999847412,4675,-4348,-6451,1672.4966666698456
1706.414999961853,4677,-4331,-6455,1672.5016667842865
1706.4199998378754,4681,-4314,-6459,1672.5066666603088
1706.4249999523165,4684,-4298,-6464,1672.51166677475
1706.4299998283386,4687,-4282,-6467,1672.516666650772
1706.4349999427795,4688,-4267,-6471,1672.521666765213
1706.439999818802,4688,-4251,-6476,1672.5266666412356
1706.4449999332428,4687,-4235,-6477,1672.5316667556763
1706.4499998092651,4686,-4216,-6473,1672.5366666316986
1706.454999923706,4686,-4199,-6470,1672.5416667461395
1706.4599997997284,4687,-4184,-6465,1672.5466666221619
1706.4649999141693,4687,-4168,-6462,1672.5516667366028
1706.4699997901917,4688,-4154,-6464,1672.5566666126251
1706.4749999046326,4686,-4137,-6466,1672.561666727066
1706.479999780655,4682,-4122,-6468,1672.5666666030884
1706.4849998950958,4679,-4107,-6469,1672.5716667175293
1706.4899997711182,4675,-4095,-6472,1672.5766665935516
1706.494999885559,4672,-4084,-6475,1672.5816667079926
1706.5,4670,-4074,-6478,1672.5866668224335
1706.5049998760223,4669,-4064,-6484,1672.5916666984558
1706.5099999904633,4669,-4055,-6487,1672.5966668128967
1706.5149998664856,4670,-4047,-6489,1672.601666688919
1706.5199999809265,4673,-4041,-6495,1672.60666680336
1706.5249998569489,4674,-4036,-6500,1672.6116666793823
1706.5299999713898,4674,-4032,-6505,1672.6166667938232
1706.534999847412,4673,-4028,-6508,1672.6216666698456
1706.539999961853,4670,-4025,-6509,1672.6266667842865
1706.5449998378754,4669,-4023,-6510,1672.6316666603088
1706.5499999523165,4669,-4023,-6512,1672.63666677475
1706.5549998283386,4669,-4024,-6514,1672.641666650772
1706.5599999427795,4669,-4025,-6515,1672.646666765213
1706.564999818802,4668,-4026,-6517,1672.6516666412356
1706.5699999332428,4666,-4027,-6517,1672.6566667556763
1706.5749998092651,4666,-4030,-6514,1672.6616666316986
1706.579999923706,4667,-4033,-6515,1672.6666667461395
1706.5849997997284,4667,-4035,-6519,1672.6716666221619
1706.5899999141693,4667,-4038,-6525,1672.6766667366028
1706.5949997901917,4666,-4038,-6528,1672.6816666126251
1706.5999999046326,4666,-4038,-6526,1672.686666727066
1706.604999780655,4665,-4036,-6521,1672.6916666030884
1706.6099998950958,4665,-4033,-6517,1672.6966667175293
1706.6149997711182,4668,-4031,-6517,1672.7016665935516
1706.619999885559,4669,-4031,-6516,1672.7066667079926
1706.625,4669,-4032,-6518,1672.7116668224335
1706.6299998760223,4669,-4033,-6515,1672.7166666984558
1706.6349999904633,4668,-4034,-6510,1672.7216668128967
1706.6399998664856,4667,-4034,-6505,1672.726666688919
1706.6449999809265,4667,-4034,-6498,1672.73166680336
1706.6499998569489,4665,-4033,-6495,1672.7366666793823
1706.6549999713898,4665,-4032,-6496,1672.7416667938232
1706.659999847412,4665,-4031,-6495,1672.7466666698456
1706.664999961853,4665,-4031,-6497,1672.7516667842865
1706.6699998378754,4667,-4031,-6497,1672.7566666603088
1706.6749999523165,4667,-4032,-6495,1672.76166677475
1706.6799998283386,4666,-4032,-6493,1672.766666650772
1706.6849999427795,4667,-4031,-6489,1672.771666765213
1706.689999818802,4669,-4029,-6485,1672.7766666412356
1706.6949999332428,4673,-4029,-6483,1672.7816667556763
1706.6999998092651,4676,-4028,-6480,1672.7866666316986
1706.704999923706,4677,-4027,-6480,1672.7916667461395
1706.7099997997284,4676,-4026,-6479,1672.7966666221619
1706.7149999141693,4676,-4023,-6478,1672.8016667366028
1706.7199997901917,4677,-4019,-6476,1672.8066666126251
1706.7249999046326,4680,-4015,-6478,1672.811666727066
1706.729999780655,4682,-4012,-6483,1672.8166666030884
1706.7349998950958,4682,-4010,-6484,1672.8216667175293
1706.7399997711182,4683,-4010,-6485,1672.8266665935516
1706.744999885559,4683,-4010,-6480,1672.8316667079926
1706.75,4682,-4007,-6470,1672.8366668224335
1706.7549998760223,4682,-4003,-6466,1672.8416666984558
1706.7599999904633,4680,-3999,-6465,1672.8466668128967
1706.7649998664856,4677,-3995,-6469,1672.851666688919
1706.7699999809265,4676,-3991,-6475,1672.85666680336
1706.7749998569489,4675,-3987,-6480,1672.8616666793823
1706.7799999713898,4674,-3980,-6484,1672.8666667938232
1706.784999847412,4674,-3973,-6488,1672.8716666698456
1706.789999961853,4673,-3965,-6495,1672.8766667842865
1706.7949998378754,4672,-3958,-6501,1672.8816666603088
1706.7999999523165,4673,-3951,-6509,1672.88666677475
1706.8049998283386,4673,-3944,-6512,1672.891666650772
1706.8099999427795,4672,-3940,-6514,1672.896666765213
1706.814999818802,4672,-3936,-6514,1672.9016666412356
1706.8199999332428,4670,-3932,-6509,1672.9066667556763
1706.8249998092651,4671,-3929,-6510,1672.9116666316986
1706.829999923706,4673,-3923,-6506,1672.9166667461395
1706.8349997997284,4675,-3915,-6504,1672.9216666221619
1706.8399999141693,4677,-3909,-6504,1672.9266667366028
1706.8449997901917,4677,-3903,-6505,1672.9316666126251
1706.8499999046326,4676,-3899,-6503,1672.936666727066
1706.854999780655,4676,-3895,-6502,1672.9416666030884
1706.8599998950958,4677,-3892,-6503,1672.9466667175293
1706.8649997711182,4680,-3888,-6504,1672.9516665935516
1706.869999885559,4684,-3883,-6505,1672.9566667079926
1706.875,4687,-3878,-6505,1672.9616668224335
1706.8799998760223,4692,-3873,-6504,1672.9666666984558
1706.8849999904633,4694,-3866,-6501,1672.9716668128967
1706.8899998664856,4698,-3859,-6498,1672.976666688919
1706.8949999809265,4703,-3852,-6496,1672.98166680336
1706.8999998569489,4705,-3842,-6493,1672.9866666793823
1706.9049999713898,4707,-3831,-6493,1672.9916667938232
1706.909999847412,4710,-3818,-6495,1672.9966666698456
1706.914999961853,4712,-3804,-6498,1673.0016667842865
1706.9199998378754,4715,-3786,-6504,1673.0066666603088
1706.9249999523165,4717,-3768,-6509,1673.01166677475
1706.9299998283386,4717,-3748,-6512,1673.016666650772
1706.9349999427795,4716,-3724,-6517,1673.021666765213
1706.939999818802,4717,-3700,-6517,1673.0266666412356
1706.9449999332428,4718,-3676,-6516,1673.0316667556763
1706.9499998092651,4720,-3652,-6516,1673.0366666316986
1706.954999923706,4722,-3627,-6516,1673.0416667461395
1706.9599997997284,4722,-3599,-6518,1673.0466666221619
1706.9649999141693,4723,-3570,-6525,1673.0516667366028
1706.9699997901917,4726,-3540,-6531,1673.0566666126251
1706.9749999046326,4728,-3511,-6534,1673.061666727066
1706.979999780655,4727,-3483,-6537,1673.0666666030884
1706.9849998950958,4723,-3454,-6539,1673.0716667175293
1706.9899997711182,4716,-3424,-6538,1673.0766665935516
1706.994999885559,4709,-3394,-6538,1673.0816667079926
1707.0,4703,-3360,-6536,1673.0866668224335
1707.0049998760223,4698,-3326,-6532,1673.0916666984558
1707.0099999904633,4693,-3290,-6527,1673.0966668128967
1707.0149998664856,4687,-3255,-6524,1673.101666688919
1707.0199999809265,4682,-3221,-6522,1673.10666680336
1707.0249998569489,4677,-3187,-6522,1673.1116666793823
1707.0299999713898,4675,-3155,-6523,1673.1166667938232
1707.034999847412,4673,-3123,-6527,1673.1216666698456
1707.039999961853,4671,-3092,-6530,1673.1266667842865
1707.0449998378754,4668,-3064,-6534,1673.1316666603088
1707.0499999523165,4664,-3037,-6540,1673.13666677475
1707.0549998283386,4660,-3011,-6545,1673.141666650772
1707.0599999427795,4656,-2987,-6550,1673.146666765213
1707.064999818802,4654,-2964,-6551,1673.1516666412356
1707.0699999332428,4652,-2944,-6548,1673.1566667556763
1707.0749998092651,4650,-2925,-6544,1673.1616666316986
1707.079999923706,4648,-2908,-6541,1673.1666667461395
1707.0849997997284,4645,-2894,-6537,1673.1716666221619
1707.0899999141693,4642,-2879,-6533,1673.1766667366028
1707.0949997901917,4641,-2865,-6527,1673.1816666126251
1707.0999999046326,4641,-2854,-6521,1673.186666727066
1707.104999780655,4641,-2842,-6518,1673.1916666030884
1707.1099998950958,4643,-2834,-6515,1673.1966667175293
1707.1149997711182,4643,-2826,-6515,1673.2016665935516
1707.119999885559,4642,-2819,-6518,1673.2066667079926
1707.125,4641,-2813,-6520,1673.2116668224335
1707.1299998760223,4642,-2808,-6521,1673.2166666984558
1707.1349999904633,4643,-2803,-6519,1673.2216668128967
1707.1399998664856,4645,-2800,-6518,1673.226666688919
1707.1449999809265,4644,-2795,-6516,1673.23166680336
1707.1499998569489,4642,-2789,-6513,1673.2366666793823
1707.1549999713898,4639,-2785,-6514,1673.2416667938232
1707.159999847412,4638,-2783,-6519,1673.2466666698456
1707.164999961853,4640,-2782,-6523,1673.2516667842865
1707.1699998378754,4641,-2782,-6524,1673.2566666603088
1707.1749999523165,4641,-2780,-6521,1673.26166677475
1707.1799998283386,4640,-2776,-6515,1673.266666650772
1707.1849999427795,4637,-2772,-6512,1673.271666765213
1707.189999818802,4635,-2768,-6509,1673.2766666412356
1707.1949999332428,4633,-2764,-6506,1673.2816667556763
1707.1999998092651,4633,-2762,-6505,1673.2866666316986
1707.204999923706,4631,-2760,-6499,1673.2916667461395
1707.2099997997284,4629,-2760,-6498,1673.2966666221619
1707.2149999141693,4629,-2757,-6501,1673.3016667366028
1707.2199997901917,4629,-2753,-6503,1673.3066666126251
1707.2249999046326,4630,-2748,-6506,1673.311666727066
1707.229999780655,4631,-2742,-6507,1673.3166666030884
1707.2349998950958,4632,-2737,-6505,1673.3216667175293
1707.2399997711182,4633,-2735,-6505,1673.3266665935516
1707.244999885559,4631,-2734,-6506,1673.3316667079926
1707.25,4629,-2733,-6509,1673.3366668224335
1707.2549998760223,4626,-2733,-6512,1673.3416666984558
1707.2599999904633,4624,-2732,-6515,1673.3466668128967
1707.2649998664856,4622,-2734,-6514,1673.351666688919
1707.2699999809265,4623,-2735,-6512,1673.35666680336
1707.2749998569489,4623,-2737,-6510,1673.3616666793823
1707.2799999713898,4622,-2738,-6509,1673.3666667938232
1707.284999847412,4623,-2740,-6510,1673.3716666698456
1707.289999961853,4623,-2743,-6513,1673.3766667842865
1707.2949998378754,4623,-2747,-6518,1673.3816666603088
1707.2999999523165,4623,-2752,-6524,1673.38666677475
1707.3049998283386,4624,-2757,-6529,1673.391666650772
1707.3099999427795,4625,-2760,-6533,1673.396666765213
1707.314999818802,4625,-2763,-6536,1673.4016666412356
1707.3199999332428,4624,-2766,-6537,1673.4066667556763
1707.3249998092651,4622,-2768,-6536,1673.4116666316986
1707.329999923706,4621,-2770,-6534,1673.4166667461395
1707.3349997997284,4619,-2772,-6533,1673.4216666221619
1707.3399999141693,4618,-2774,-6530,1673.4266667366028
1707.3449997901917,4619,-2778,-6528,1673.4316666126251
1707.3499999046326,4619,-2781,-6523,1673.436666727066
1707.354999780655,4621,-2785,-6520,1673.4416666030884
1707.3599998950958,4623,-2790,-6510,1673.4466667175293
1707.3649997711182,4625,-2795,-6507,1673.4516665935516
1707.369999885559,4626,-2800,-6507,1673.4566667079926
1707.375,4626,-2804,-6506,1673.4616668224335
1707.3799998760223,4627,-2809,-6507,1673.4666666984558
1707.3849999904633,4628,-2813,-6507,1673.4716668128967
1707.3899998664856,4630,-2819,-6506,1673.476666688919
1707.3949999809265,4632,-2824,-6508,1673.48166680336
1707.3999998569489,4631,-2829,-6512,1673.4866666793823
1707.4049999713898,4632,-2834,-6514,1673.4916667938232
1707.409999847412,4634,-2838,-6517,1673.4966666698456
1707.414999961853,4634,-2842,-6521,1673.5016667842865
1707.4199998378754,4636,-2846,-6524,1673.5066666603088
1707.4249999523165,4637,-2850,-6527,1673.51166677475
1707.4299998283386,4636,-2852,-6531,1673.516666650772
1707.4349999427795,4637,-2853,-6532,1673.521666765213
1707.439999818802,4637,-2854,-6532,1673.5266666412356
1707.4449999332428,4637,-2854,-6530,1673.5316667556763
1707.4499998092651,4637,-2855,-6530,1673.5366666316986
1707.454999923706,4637,-2857,-6529,1673.5416667461395
1707.4599997997284,4637,-2860,-6529,1673.5466666221619
1707.4649999141693,4639,-2862,-6525,1673.5516667366028
1707.4699997901917,4640,-2862,-6519,1673.5566666126251
1707.4749999046326,4643,-2861,-6514,1673.561666727066
1707.479999780655,4646,-2861,-6509,1673.5666666030884
1707.4849998950958,4647,-2860,-6506,1673.5716667175293
1707.4899997711182,4649,-2860,-6503,1673.5766665935516
1707.494999885559,4651,-2861,-6499,1673.5816667079926
1707.5,4653,-2863,-6499,1673.5866668224335
1707.5049998760223,4656,-2863,-6502,1673.5916666984558
1707.5099999904633,4659,-2863,-6508,1673.5966668128967
1707.5149998664856,4661,-2862,-6513,1673.601666688919
1707.5199999809265,4662,-2860,-6513,1673.60666680336
1707.5249998569489,4665,-2858,-6513,1673.6116666793823
1707.5299999713898,4667,-2855,-6509,1673.6166667938232
1707.534999847412,4669,-2854,-6505,1673.6216666698456
1707.539999961853,4670,-2854,-6502,1673.6266667842865
1707.5449998378754,4671,-2853,-6495,1673.6316666603088
1707.5499999523165,4674,-2852,-6492,1673.63666677475
1707.5549998283386,4678,-2852,-6490,1673.641666650772
1707.5599999427795,4682,-2850,-6488,1673.646666765213
1707.564999818802,4684,-2848,-6487,1673.6516666412356
1707.5699999332428,4686,-2846,-6486,1673.6566667556763
1707.5749998092651,4688,-2844,-6486,1673.6616666316986
1707.579999923706,4689,-2840,-6487,1673.6666667461395
1707.5849997997284,4691,-2836,-6490,1673.6716666221619
1707.5899999141693,4691,-2832,-6488,1673.6766667366028
1707.5949997901917,4691,-2828,-6488,1673.6816666126251
1707.5999999046326,4691,-2827,-6487,1673.686666727066
1707.604999780655,4690,-2827,-6485,1673.6916666030884
1707.6099998950958,4688,-2825,-6485,1673.6966667175293
1707.6149997711182,4684,-2822,-6482,1673.7016665935516
1707.619999885559,4680,-2818,-6478,1673.7066667079926
1707.625,4676,-2812,-6472,1673.7116668224335
1707.6299998760223,4673,-2806,-6468,1673.7166666984558
1707.6349999904633,4671,-2802,-6470,1673.7216668128967
1707.6399998664856,4670,-2797,-6471,1673.726666688919
1707.6449999809265,4667,-2793,-6474,1673.73166680336
1707.6499998569489,4664,-2792,-6476,1673.7366666793823
1707.6549999713898,4660,-2794,-6476,1673.7416667938232
1707.659999847412,4657,-2798,-6479,1673.7466666698456
1707.664999961853,4653,-2800,-6480,1673.7516667842865
1707.6699998378754,4651,-2800,-6484,1673.7566666603088
1707.6749999523165,4647,-2798,-6491,1673.76166677475
1707.6799998283386,4644,-2795,-6496,1673.766666650772
1707.6849999427795,4641,-2793,-6501,1673.771666765213
1707.689999818802,4639,-2793,-6503,1673.7766666412356
1707.6949999332428,4636,-2793,-6506,1673.7816667556763
1707.6999998092651,4635,-2793,-6506,1673.7866666316986
1707.704999923706,4633,-2795,-6505,1673.7916667461395
1707.7099997997284,4633,-2797,-6505,1673.7966666221619
1707.7149999141693,4632,-2798,-6505,1673.8016667366028
1707.7199997901917,4631,-2798,-6502,1673.8066666126251
1707.7249999046326,4633,-2797,-6500,1673.811666727066
1707.729999780655,4635,-2795,-6498,1673.8166666030884
1707.7349998950958,4637,-2795,-6496,1673.8216667175293
1707.7399997711182,4639,-2796,-6496,1673.8266665935516
1707.744999885559,4640,-2798,-6496,1673.8316667079926
1707.75,4643,-2799,-6494,1673.8366668224335
1707.7549998760223,4647,-2799,-6493,1673.8416666984558
1707.7599999904633,4650,-2797,-6490,1673.8466668128967
1707.7649998664856,4654,-2795,-6490,1673.851666688919
1707.7699999809265,4657,-2793,-6486,1673.85666680336
1707.7749998569489,4658,-2791,-6484,1673.8616666793823
1707.7799999713898,4662,-2788,-6484,1673.8666667938232
1707.784999847412,4663,-2786,-6486,1673.8716666698456
1707.789999961853,4663,-2784,-6486,1673.8766667842865
1707.7949998378754,4663,-2783,-6488,1673.8816666603088
1707.7999999523165,4662,-2784,-6492,1673.88666677475
1707.8049998283386,4662,-2784,-6495,1673.891666650772
1707.8099999427795,4662,-2781,-6502,1673.896666765213
1707.814999818802,4662,-2776,-6507,1673.9016666412356
1707.8199999332428,4661,-2769,-6508,1673.9066667556763
1707.8249998092651,4659,-2762,-6506,1673.9116666316986
1707.829999923706,4657,-2755,-6502,1673.9166667461395
1707.8349997997284,4654,-2748,-6496,1673.9216666221619
1707.8399999141693,4652,-2740,-6493,1673.9266667366028
1707.8449997901917,4651,-2735,-6491,1673.9316666126251
1707.8499999046326,4651,-2729,-6492,1673.936666727066
1707.854999780655,4650,-2723,-6496,1673.9416666030884
1707.8599998950958,4648,-2715,-6501,1673.9466667175293
1707.8649997711182,4646,-2705,-6499,1673.9516665935516
1707.869999885559,4643,-2695,-6499,1673.9566667079926
1707.875,4642,-2683,-6496,1673.9616668224335
1707.8799998760223,4641,-2671,-6496,1673.9666666984558
1707.8849999904633,4636,-2656,-6499,1673.9716668128967
1707.8899998664856,4631,-2644,-6502,1673.976666688919
1707.8949999809265,4625,-2633,-6504,1673.98166680336
1707.8999998569489,4621,-2623,-6506,1673.9866666793823
1707.9049999713898,4617,-2613,-6507,1673.9916667938232
1707.909999847412,4616,-2604,-6506,1673.9966666698456
1707.914999961853,4614,-2594,-6506,1674.0016667842865
1707.9199998378754,4611,-2584,-6504,1674.0066666603088
1707.9249999523165,4606,-2576,-6502,1674.01166677475
1707.9299998283386,4601,-2567,-6500,1674.016666650772
1707.9349999427795,4596,-2557,-6503,1674.021666765213
1707.939999818802,4592,-2550,-6506,1674.0266666412356
1707.9449999332428,4588,-2541,-6509,1674.0316667556763
1707.9499998092651,4585,-2532,-6511,1674.0366666316986
1707.954999923706,4582,-2524,-6513,1674.0416667461395
1707.9599997997284,4577,-2516,-6517,1674.0466666221619
1707.9649999141693,4574,-2511,-6521,1674.0516667366028
1707.9699997901917,4572,-2508,-6530,1674.0566666126251
1707.9749999046326,4571,-2507,-6538,1674.061666727066
1707.979999780655,4569,-2505,-6545,1674.0666666030884
1707.9849998950958,4568,-2503,-6551,1674.0716667175293
1707.9899997711182,4567,-2502,-6555,1674.0766665935516
1707.994999885559,4566,-2501,-6555,1674.0816667079926
1708.0,4565,-2508,-6550,1674.0866668224335
1708.0049998760223,4565,-2515,-6545,1674.0916666984558
1708.0099999904633,4566,-2521,-6542,1674.0966668128967
1708.0149998664856,4566,-2527,-6545,1674.101666688919
1708.0199999809265,4566,-2534,-6549,1674.10666680336
1708.0249998569489,4565,-2542,-6551,1674.1116666793823
1708.0299999713898,4563,-2550,-6552,1674.1166667938232
1708.034999847412,4563,-2557,-6550,1674.1216666698456
1708.039999961853,4564,-2566,-6546,1674.1266667842865
1708.0449998378754,4566,-2573,-6546,1674.1316666603088
1708.0499999523165,4569,-2577,-6544,1674.13666677475
1708.0549998283386,4571,-2581,-6540,1674.141666650772
1708.0599999427795,4571,-2585,-6535,1674.146666765213
1708.064999818802,4571,-2588,-6530,1674.1516666412356
1708.0699999332428,4569,-2593,-6525,1674.1566667556763
1708.0749998092651,4569,-2598,-6521,1674.1616666316986
1708.079999923706,4570,-2602,-6521,1674.1666667461395
1708.0849997997284,4572,-2606,-6518,1674.1716666221619
1708.0899999141693,4576,-2608,-6519,1674.1766667366028
1708.0949997901917,4578,-2609,-6521,1674.1816666126251
1708.0999999046326,4579,-2610,-6522,1674.186666727066
1708.104999780655,4579,-2612,-6524,1674.1916666030884
1708.1099998950958,4581,-2614,-6526,1674.1966667175293
1708.1149997711182,4585,-2616,-6525,1674.2016665935516
1708.119999885559,4589,-2618,-6523,1674.2066667079926
1708.125,4592,-2620,-6518,1674.2116668224335
1708.1299998760223,4593,-2622,-6509,1674.2166666984558
1708.1349999904633,4593,-2625,-6505,1674.2216668128967
1708.1399998664856,4594,-2625,-6502,1674.226666688919
1708.1449999809265,4595,-2625,-6500,1674.23166680336
1708.1499998569489,4596,-2625,-6498,1674.2366666793823
1708.1549999713898,4597,-2624,-6497,1674.2416667938232
1708.159999847412,4598,-2626,-6495,1674.2466666698456
1708.164999961853,4598,-2627,-6495,1674.2516667842865
1708.1699998378754,4598,-2628,-6498,1674.2566666603088
1708.1749999523165,4597,-2629,-6502,1674.26166677475
1708.1799998283386,4600,-2631,-6508,1674.266666650772
1708.1849999427795,4600,-2631,-6511,1674.271666765213
1708.189999818802,4600,-2632,-6516,1674.2766666412356
1708.1949999332428,4601,-2633,-6521,1674.2816667556763
1708.1999998092651,4599,-2632,-6524,1674.2866666316986
1708.204999923706,4598,-2634,-6526,1674.2916667461395
1708.2099997997284,4597,-2635,-6528,1674.2966666221619
1708.2149999141693,4596,-2637,-6529,1674.3016667366028
1708.2199997901917,4596,-2638,-6528,1674.3066666126251
1708.2249999046326,4596,-2637,-6527,1674.311666727066
1708.229999780655,4595,-2636,-6527,1674.3166666030884
1708.2349998950958,4594,-2637,-6525,1674.3216667175293
1708.2399997711182,4593,-2637,-6523,1674.3266665935516
1708.244999885559,4593,-2638,-6522,1674.3316667079926
1708.25,4594,-2639,-6522,1674.3366668224335
1708.2549998760223,4594,-2641,-6528,1674.3416666984558
1708.2599999904633,4592,-2645,-6536,1674.3466668128967
1708.2649998664856,4590,-2650,-6539,1674.351666688919
1708.2699999809265,4588,-2655,-6542,1674.35666680336
1708.2749998569489,4589,-2660,-6541,1674.3616666793823
1708.2799999713898,4590,-2665,-6536,1674.3666667938232
1708.284999847412,4590,-2672,-6537,1674.3716666698456
1708.289999961853,4589,-2679,-6535,1674.3766667842865
1708.2949998378754,4588,-2689,-6536,1674.3816666603088
1708.2999999523165,4589,-2697,-6537,1674.38666677475
1708.3049998283386,4589,-2708,-6539,1674.391666650772
1708.3099999427795,4590,-2717,-6544,1674.396666765213
1708.314999818802,4590,-2726,-6546,1674.4016666412356
1708.3199999332428,4590,-2735,-6550,1674.4066667556763
1708.3249998092651,4590,-2744,-6554,1674.4116666316986
1708.329999923706,4590,-2750,-6555,1674.4166667461395
1708.3349997997284,4590,-2756,-6558,1674.4216666221619
1708.3399999141693,4590,-2761,-6561,1674.4266667366028
1708.3449997901917,4590,-2766,-6560,1674.4316666126251
1708.3499999046326,4590,-2771,-6554,1674.436666727066
1708.354999780655,4591,-2776,-6549,1674.4416666030884
1708.3599998950958,4592,-2782,-6544,1674.4466667175293
1708.3649997711182,4593,-2789,-6540,1674.4516665935516
1708.369999885559,4594,-2796,-6539,1674.4566667079926
1708.375,4593,-2802,-6535,1674.4616668224335
1708.3799998760223,4593,-2804,-6531,1674.4666666984558
1708.3849999904633,4592,-2806,-6529,1674.4716668128967
1708.3899998664856,4590,-2810,-6526,1674.476666688919
1708.3949999809265,4589,-2814,-6524,1674.48166680336
1708.3999998569489,4587,-2819,-6520,1674.4866666793823
1708.4049999713898,4585,-2823,-6515,1674.4916667938232
1708.409999847412,4585,-2825,-6512,1674.4966666698456
1708.414999961853,4584,-2827,-6514,1674.5016667842865
1708.4199998378754,4583,-2830,-6514,1674.5066666603088
1708.4249999523165,4582,-2833,-6520,1674.51166677475
1708.4299998283386,4582,-2833,-6524,1674.516666650772
1708.4349999427795,4581,-2832,-6523,1674.521666765213
1708.439999818802,4582,-2832,-6525,1674.5266666412356
1708.4449999332428,4583,-2830,-6528,1674.5316667556763
1708.4499998092651,4583,-2831,-6530,1674.5366666316986
1708.454999923706,4585,-2831,-6534,1674.5416667461395
1708.4599997997284,4587,-2832,-6537,1674.5466666221619
1708.4649999141693,4590,-2833,-6539,1674.5516667366028
1708.4699997901917,4591,-2834,-6541,1674.5566666126251
1708.4749999046326,4592,-2834,-6540,1674.561666727066
1708.479999780655,4592,-2834,-6539,1674.5666666030884
1708.4849998950958,4595,-2834,-6535,1674.5716667175293
1708.4899997711182,4599,-2834,-6532,1674.5766665935516
1708.494999885559,4604,-2834,-6530,1674.5816667079926
1708.5,4608,-2834,-6526,1674.5866668224335
1708.5049998760223,4610,-2833,-6521,1674.5916666984558
1708.5099999904633,4612,-2831,-6519,1674.5966668128967
1708.5149998664856,4616,-2829,-6517,1674.601666688919
1708.5199999809265,4618,-2827,-6515,1674.60666680336
1708.5249998569489,4620,-2827,-6514,1674.6116666793823
1708.5299999713898,4622,-2825,-6515,1674.6166667938232
1708.534999847412,4624,-2823,-6518,1674.6216666698456
1708.539999961853,4626,-2821,-6521,1674.6266667842865
1708.5449998378754,4630,-2818,-6523,1674.6316666603088
1708.5499999523165,4634,-2817,-6524,1674.63666677475
1708.5549998283386,4637,-2815,-6525,1674.641666650772
1708.5599999427795,4642,-2814,-6527,1674.646666765213
1708.564999818802,4644,-2812,-6531,1674.6516666412356
1708.5699999332428,4646,-2810,-6537,1674.6566667556763
1708.5749998092651,4648,-2808,-6535,1674.6616666316986
1708.579999923706,4648,-2804,-6532,1674.6666667461395
1708.5849997997284,4650,-2801,-6528,1674.6716666221619
1708.5899999141693,4651,-2797,-6526,1674.6766667366028
1708.5949997901917,4651,-2796,-6527,1674.6816666126251
1708.5999999046326,4651,-2796,-6528,1674.686666727066
1708.604999780655,4649,-2796,-6526,1674.6916666030884
1708.6099998950958,4646,-2797,-6523,1674.6966667175293
1708.6149997711182,4647,-2797,-6521,1674.7016665935516
1708.619999885559,4646,-2797,-6520,1674.7066667079926
1708.625,4645,-2797,-6522,1674.7116668224335
1708.6299998760223,4644,-2798,-6526,1674.7166666984558
1708.6349999904633,4640,-2799,-6530,1674.7216668128967
1708.6399998664856,4636,-2798,-6535,1674.726666688919
1708.6449999809265,4634,-2797,-6535,1674.73166680336
1708.6499998569489,4632,-2794,-6535,1674.7366666793823
1708.6549999713898,4630,-2793,-6533,1674.7416667938232
1708.659999847412,4626,-2792,-6532,1674.7466666698456
1708.664999961853,4623,-2792,-6535,1674.7516667842865
1708.6699998378754,4620,-2792,-6538,1674.7566666603088
1708.6749999523165,4618,-2794,-6539,1674.76166677475
1708.6799998283386,4616,-2797,-6538,1674.766666650772
1708.6849999427795,4616,-2800,-6536,1674.771666765213
1708.689999818802,4614,-2803,-6532,1674.7766666412356
1708.6949999332428,4612,-2807,-6534,1674.7816667556763
1708.6999998092651,4609,-2811,-6539,1674.7866666316986
1708.704999923706,4606,-2814,-6542,1674.7916667461395
1708.7099997997284,4604,-2818,-6544,1674.7966666221619
1708.7149999141693,4604,-2819,-6539,1674.8016667366028
1708.7199997901917,4605,-2821,-6536,1674.8066666126251
1708.7249999046326,4607,-2824,-6534,1674.811666727066
1708.729999780655,4607,-2824,-6536,1674.8166666030884
1708.7349998950958,4607,-2824,-6538,1674.8216667175293
1708.7399997711182,4608,-2824,-6539,1674.8266665935516
1708.744999885559,4611,-2821,-6538,1674.8316667079926
1708.75,4614,-2819,-6536,1674.8366668224335
1708.7549998760223,4616,-2815,-6534,1674.8416666984558
1708.7599999904633,4616,-2812,-6537,1674.8466668128967
1708.7649998664856,4614,-2809,-6538,1674.851666688919
1708.7699999809265,4611,-2806,-6540,1674.85666680336
1708.7749998569489,4611,-2805,-6542,1674.8616666793823
1708.7799999713898,4613,-2802,-6543,1674.8666667938232
1708.784999847412,4618,-2799,-6543,1674.8716666698456
1708.789999961853,4624,-2797,-6539,1674.8766667842865
1708.7949998378754,4628,-2797,-6533,1674.8816666603088
1708.7999999523165,4632,-2797,-6528,1674.88666677475
1708.8049998283386,4633,-2798,-6524,1674.891666650772
1708.8099999427795,4634,-2798,-6524,1674.896666765213
1708.814999818802,4636,-2797,-6525,1674.9016666412356
1708.8199999332428,4638,-2795,-6523,1674.9066667556763
1708.8249998092651,4639,-2790,-6521,1674.9116666316986
1708.829999923706,4639,-2787,-6520,1674.9166667461395
1708.8349997997284,4637,-2783,-6520,1674.9216666221619
1708.8399999141693,4636,-2778,-6523,1674.9266667366028
1708.8449997901917,4635,-2774,-6526,1674.9316666126251
1708.8499999046326,4635,-2770,-6524,1674.936666727066
1708.854999780655,4634,-2767,-6521,1674.9416666030884
1708.8599998950958,4633,-2765,-6516,1674.9466667175293
1708.8649997711182,4631,-2763,-6515,1674.9516665935516
1708.869999885559,4629,-2762,-6512,1674.9566667079926
1708.875,4628,-2759,-6508,1674.9616668224335
1708.8799998760223,4628,-2756,-6504,1674.9666666984558
1708.8849999904633,4630,-2751,-6500,1674.9716668128967
1708.8899998664856,4631,-2745,-6501,1674.976666688919
1708.8949999809265,4629,-2737,-6508,1674.98166680336
1708.8999998569489,4624,-2731,-6513,1674.9866666793823
1708.9049999713898,4619,-2726,-6513,1674.9916667938232
1708.909999847412,4618,-2722,-6509,1674.9966666698456
1708.914999961853,4619,-2718,-6508,1675.0016667842865
1708.9199998378754,4619,-2714,-6505,1675.0066666603088
1708.9249999523165,4616,-2708,-6508,1675.01166677475
1708.9299998283386,4613,-2703,-6511,1675.016666650772
1708.9349999427795,4610,-2696,-6515,1675.021666765213
1708.939999818802,4608,-2692,-6518,1675.0266666412356
1708.9449999332428,4607,-2688,-6519,1675.0316667556763
1708.9499998092651,4607,-2685,-6517,1675.0366666316986
1708.954999923706,4607,-2684,-6514,1675.0416667461395
1708.9599997997284,4605,-2679,-6513,1675.0466666221619
1708.9649999141693,4605,-2677,-6511,1675.0516667366028
1708.9699997901917,4604,-2673,-6514,1675.0566666126251
1708.9749999046326,4604,-2669,-6518,1675.061666727066
1708.979999780655,4603,-2669,-6521,1675.0666666030884
1708.9849998950958,4600,-2668,-6521,1675.0716667175293
1708.9899997711182,4598,-2668,-6516,1675.0766665935516
1708.994999885559,4596,-2668,-6515,1675.0816667079926
1709.0,4596,-2666,-6511,1675.0866668224335
1709.0049998760223,4596,-2666,-6511,1675.0916666984558
1709.0099999904633,4597,-2668,-6513,1675.0966668128967
1709.0149998664856,4599,-2670,-6512,1675.101666688919
1709.0199999809265,4601,-2673,-6512,1675.10666680336
1709.0249998569489,4603,-2677,-6514,1675.1116666793823
1709.0299999713898,4604,-2680,-6515,1675.1166667938232
1709.034999847412,4604,-2683,-6520,1675.1216666698456
1709.039999961853,4605,-2685,-6525,1675.1266667842865
1709.0449998378754,4606,-2685,-6527,1675.1316666603088
1709.0499999523165,4608,-2684,-6526,1675.13666677475
1709.0549998283386,4608,-2685,-6523,1675.141666650772
1709.0599999427795,4607,-2686,-6520,1675.146666765213
1709.064999818802,4606,-2688,-6517,1675.1516666412356
1709.0699999332428,4605,-2690,-6516,1675.1566667556763
1709.0749998092651,4605,-2688,-6509,1675.1616666316986
1709.079999923706,4605,-2684,-6505,1675.1666667461395
1709.0849997997284,4606,-2679,-6500,1675.1716666221619
1709.0899999141693,4607,-2675,-6499,1675.1766667366028
1709.0949997901917,4610,-2672,-6497,1675.1816666126251
1709.0999999046326,4613,-2670,-6494,1675.186666727066
1709.104999780655,4616,-2668,-6492,1675.1916666030884
1709.1099998950958,4618,-2668,-6489,1675.1966667175293
1709.1149997711182,4621,-2667,-6487,1675.2016665935516
1709.119999885559,4623,-2666,-6490,1675.2066667079926
1709.125,4624,-2664,-6494,1675.2116668224335
1709.1299998760223,4625,-2663,-6500,1675.2166666984558
1709.1349999904633,4625,-2660,-6502,1675.2216668128967
1709.1399998664856,4626,-2659,-6504,1675.226666688919
1709.1449999809265,4628,-2659,-6507,1675.23166680336
1709.1499998569489,4629,-2659,-6511,1675.2366666793823
1709.1549999713898,4631,-2659,-6513,1675.2416667938232
1709.159999847412,4633,-2658,-6514,1675.2466666698456
1709.164999961853,4635,-2656,-6518,1675.2516667842865
1709.1699998378754,4635,-2654,-6520,1675.2566666603088
1709.1749999523165,4637,-2653,-6522,1675.26166677475
1709.1799998283386,4640,-2652,-6527,1675.266666650772
1709.1849999427795,4638,-2651,-6528,1675.271666765213
1709.189999818802,4636,-2650,-6527,1675.2766666412356
1709.1949999332428,4636,-2648,-6525,1675.2816667556763
1709.1999998092651,4633,-2644,-6522,1675.2866666316986
1709.204999923706,4634,-2640,-6517,1675.2916667461395
1709.2099997997284,4634,-2637,-6510,1675.2966666221619
1709.2149999141693,4634,-2636,-6502,1675.3016667366028
1709.2199997901917,4635,-2635,-6495,1675.3066666126251
1709.2249999046326,4635,-2635,-6489,1675.311666727066
1709.229999780655,4635,-2633,-6487,1675.3166666030884
1709.2349998950958,4634,-2632,-6487,1675.3216667175293
1709.2399997711182,4633,-2630,-6487,1675.3266665935516
1709.244999885559,4632,-2628,-6490,1675.3316667079926
1709.25,4629,-2627,-6491,1675.3366668224335
1709.2549998760223,4628,-2625,-6494,1675.3416666984558
1709.2599999904633,4627,-2625,-6497,1675.3466668128967
1709.2649998664856,4627,-2624,-6501,1675.351666688919
1709.2699999809265,4625,-2624,-6508,1675.35666680336
1709.2749998569489,4625,-2624,-6513,1675.3616666793823
1709.2799999713898,4625,-2625,-6519,1675.3666667938232
1709.284999847412,4624,-2627,-6523,1675.3716666698456
1709.289999961853,4623,-2626,-6525,1675.3766667842865
1709.2949998378754,4621,-2624,-6522,1675.3816666603088
1709.2999999523165,4620,-2620,-6522,1675.38666677475
1709.3049998283386,4619,-2618,-6519,1675.391666650772
1709.3099999427795,4620,-2615,-6516,1675.396666765213
1709.314999818802,4619,-2615,-6515,1675.4016666412356
1709.3199999332428,4619,-2615,-6516,1675.4066667556763
1709.3249998092651,4618,-2617,-6522,1675.4116666316986
1709.329999923706,4619,-2618,-6527,1675.4166667461395
1709.3349997997284,4620,-2618,-6532,1675.4216666221619
1709.3399999141693,4622,-2618,-6533,1675.4266667366028
1709.3449997901917,4624,-2618,-6535,1675.4316666126251
1709.3499999046326,4624,-2618,-6539,1675.436666727066
1709.354999780655,4623,-2617,-6543,1675.4416666030884
1709.3599998950958,4622,-2618,-6547,1675.4466667175293
1709.3649997711182,4619,-2618,-6548,1675.4516665935516
1709.369999885559,4617,-2620,-6547,1675.4566667079926
1709.375,4616,-2621,-6543,1675.4616668224335
1709.3799998760223,4616,-2622,-6540,1675.4666666984558
1709.3849999904633,4616,-2622,-6537,1675.4716668128967
1709.3899998664856,4615,-2622,-6533,1675.476666688919
1709.3949999809265,4614,-2621,-6526,1675.48166680336
1709.3999998569489,4613,-2620,-6520,1675.4866666793823
1709.4049999713898,4614,-2619,-6516,1675.4916667938232
1709.409999847412,4614,-2617,-6512,1675.4966666698456
1709.414999961853,4614,-2616,-6511,1675.5016667842865
1709.4199998378754,4612,-2614,-6510,1675.5066666603088
1709.4249999523165,4611,-2611,-6508,1675.51166677475
1709.4299998283386,4611,-2608,-6506,1675.516666650772
1709.4349999427795,4612,-2604,-6500,1675.521666765213
1709.439999818802,4616,-2603,-6492,1675.5266666412356
1709.4449999332428,4617,-2602,-6483,1675.5316667556763
1709.4499998092651,4620,-2602,-6477,1675.5366666316986
1709.454999923706,4622,-2602,-6474,1675.5416667461395
1709.4599997997284,4627,-2603,-6469,1675.5466666221619
1709.4649999141693,4630,-2602,-6466,1675.5516667366028
1709.4699997901917,4634,-2602,-6462,1675.5566666126251
1709.4749999046326,4636,-2601,-6462,1675.561666727066
1709.479999780655,4636,-2600,-6461,1675.5666666030884
1709.4849998950958,4637,-2598,-6460,1675.5716667175293
1709.4899997711182,4639,-2594,-6455,1675.5766665935516
1709.494999885559,4642,-2591,-6451,1675.5816667079926
1709.5,4645,-2587,-6448,1675.5866668224335
1709.5049998760223,4645,-2584,-6443,1675.5916666984558
1709.5099999904633,4646,-2582,-6442,1675.5966668128967
1709.5149998664856,4646,-2582,-6441,1675.601666688919
1709.5199999809265,4646,-2580,-6441,1675.60666680336
1709.5249998569489,4646,-2578,-6445,1675.6116666793823
1709.5299999713898,4647,-2576,-6449,1675.6166667938232
1709.534999847412,4645,-2574,-6450,1675.6216666698456
1709.539999961853,4643,-2573,-6452,1675.6266667842865
1709.5449998378754,4640,-2571,-6455,1675.6316666603088
1709.5499999523165,4636,-2569,-6453,1675.63666677475
1709.5549998283386,4632,-2569,-6454,1675.641666650772
1709.5599999427795,4630,-2569,-6452,1675.646666765213
1709.564999818802,4629,-2569,-6448,1675.6516666412356
1709.5699999332428,4628,-2568,-6448,1675.6566667556763
1709.5749998092651,4626,-2568,-6448,1675.6616666316986
1709.579999923706,4625,-2567,-6452,1675.6666667461395
1709.5849997997284,4623,-2568,-6454,1675.6716666221619
1709.5899999141693,4622,-2568,-6458,1675.6766667366028
1709.5949997901917,4622,-2570,-6460,1675.6816666126251
1709.5999999046326,4622,-2574,-6460,1675.686666727066
1709.604999780655,4622,-2581,-6460,1675.6916666030884
1709.6099998950958,4621,-2591,-6456,1675.6966667175293
1709.6149997711182,4621,-2599,-6451,1675.7016665935516
1709.619999885559,4622,-2607,-6444,1675.7066667079926
1709.625,4622,-2611,-6441,1675.7116668224335
1709.6299998760223,4621,-2615,-6439,1675.7166666984558
1709.6349999904633,4619,-2620,-6440,1675.7216668128967
1709.6399998664856,4618,-2625,-6441,1675.726666688919
1709.6449999809265,4619,-2633,-6443,1675.73166680336
1709.6499998569489,4619,-2640,-6447,1675.7366666793823
1709.6549999713898,4620,-2648,-6451,1675.7416667938232
1709.659999847412,4619,-2657,-6456,1675.7466666698456
1709.664999961853,4617,-2665,-6461,1675.7516667842865
1709.6699998378754,4616,-2675,-6466,1675.7566666603088
1709.6749999523165,4615,-2681,-6467,1675.76166677475
1709.6799998283386,4616,-2687,-6469,1675.766666650772
1709.6849999427795,4619,-2690,-6469,1675.771666765213
1709.689999818802,4621,-2691,-6473,1675.7766666412356
1709.6949999332428,4625,-2693,-6479,1675.7816667556763
1709.6999998092651,4627,-2694,-6486,1675.7866666316986
1709.704999923706,4628,-2695,-6493,1675.7916667461395
1709.7099997997284,4631,-2698,-6495,1675.7966666221619
1709.7149999141693,4634,-2701,-6492,1675.8016667366028
1709.7199997901917,4638,-2704,-6487,1675.8066666126251
1709.7249999046326,4643,-2707,-6481,1675.811666727066
1709.729999780655,4645,-2708,-6478,1675.8166666030884
1709.7349998950958,4650,-2710,-6477,1675.8216667175293
1709.7399997711182,4652,-2710,-6479,1675.8266665935516
1709.744999885559,4655,-2710,-6483,1675.8316667079926
1709.75,4658,-2709,-6486,1675.8366668224335
1709.7549998760223,4658,-2707,-6487,1675.8416666984558
1709.7599999904633,4658,-2706,-6483,1675.8466668128967
1709.7649998664856,4658,-2706,-6476,1675.851666688919
1709.7699999809265,4659,-2706,-6468,1675.85666680336
1709.7749998569489,4660,-2704,-6464,1675.8616666793823
1709.7799999713898,4662,-2702,-6465,1675.8666667938232
1709.784999847412,4667,-2699,-6463,1675.8716666698456
1709.789999961853,4670,-2694,-6468,1675.8766667842865
1709.7949998378754,4676,-2688,-6471,1675.8816666603088
1709.7999999523165,4680,-2683,-6475,1675.88666677475
1709.8049998283386,4682,-2678,-6479,1675.891666650772
1709.8099999427795,4684,-2675,-6485,1675.896666765213
1709.814999818802,4684,-2670,-6489,1675.9016666412356
1709.8199999332428,4685,-2665,-6493,1675.9066667556763
1709.8249998092651,4686,-2659,-6498,1675.9116666316986
1709.829999923706,4686,-2657,-6502,1675.9166667461395
1709.8349997997284,4685,-2654,-6500,1675.9216666221619
1709.8399999141693,4684,-2651,-6496,1675.9266667366028
1709.8449997901917,4682,-2646,-6491,1675.9316666126251
1709.8499999046326,4682,-2642,-6485,1675.936666727066
1709.854999780655,4681,-2638,-6479,1675.9416666030884
1709.8599998950958,4678,-2635,-6475,1675.9466667175293
1709.8649997711182,4676,-2631,-6473,1675.9516665935516
1709.869999885559,4672,-2626,-6473,1675.9566667079926
1709.875,4670,-2622,-6477,1675.9616668224335
1709.8799998760223,4670,-2619,-6479,1675.9666666984558
1709.8849999904633,4671,-2618,-6480,1675.9716668128967
1709.8899998664856,4671,-2617,-6481,1675.976666688919
1709.8949999809265,4671,-2619,-6483,1675.98166680336
1709.8999998569489,4670,-2623,-6482,1675.9866666793823
1709.9049999713898,4669,-2627,-6482,1675.9916667938232
1709.909999847412,4669,-2632,-6478,1675.9966666698456
1709.914999961853,4671,-2635,-6475,1676.0016667842865
1709.9199998378754,4673,-2637,-6472,1676.0066666603088
1709.9249999523165,4676,-2639,-6472,1676.01166677475
1709.9299998283386,4678,-2643,-6475,1676.016666650772
1709.9349999427795,4678,-2647,-6482,1676.021666765213
1709.939999818802,4678,-2653,-6488,1676.0266666412356
1709.9449999332428,4677,-2658,-6494,1676.0316667556763
1709.9499998092651,4675,-2664,-6496,1676.0366666316986
1709.954999923706,4673,-2669,-6499,1676.0416667461395
1709.9599997997284,4673,-2675,-6500,1676.0466666221619
1709.9649999141693,4673,-2680,-6498,1676.0516667366028
1709.9699997901917,4674,-2686,-6499,1676.0566666126251
1709.9749999046326,4674,-2693,-6497,1676.061666727066
1709.979999780655,4673,-2700,-6496,1676.0666666030884
1709.9849998950958,4673,-2707,-6497,1676.0716667175293
1709.9899997711182,4673,-2714,-6493,1676.0766665935516
1709.994999885559,4673,-2719,-6498,1676.0816667079926
1710.0,4670,-2725,-6501,1676.0866668224335
1710.0049998760223,4669,-2732,-6500,1676.0916666984558
1710.0099999904633,4669,-2739,-6497,1676.0966668128967
1710.0149998664856,4669,-2745,-6494,1676.101666688919
1710.0199999809265,4669,-2749,-6492,1676.10666680336
1710.0249998569489,4669,-2753,-6492,1676.1116666793823
1710.0299999713898,4667,-2757,-6491,1676.1166667938232
1710.034999847412,4664,-2761,-6491,1676.1216666698456
1710.039999961853,4661,-2764,-6491,1676.1266667842865
1710.0449998378754,4659,-2766,-6490,1676.1316666603088
1710.0499999523165,4660,-2768,-6490,1676.13666677475
1710.0549998283386,4662,-2771,-6490,1676.141666650772
1710.0599999427795,4663,-2774,-6493,1676.146666765213
1710.064999818802,4661,-2776,-6496,1676.1516666412356
1710.0699999332428,4658,-2776,-6500,1676.1566667556763
1710.0749998092651,4658,-2777,-6504,1676.1616666316986
1710.079999923706,4657,-2777,-6505,1676.1666667461395
1710.0849997997284,4657,-2777,-6508,1676.1716666221619
1710.0899999141693,4659,-2777,-6508,1676.1766667366028
1710.0949997901917,4660,-2779,-6513,1676.1816666126251
1710.0999999046326,4661,-2781,-6518,1676.186666727066
1710.104999780655,4662,-2783,-6521,1676.1916666030884
1710.1099998950958,4662,-2783,-6523,1676.1966667175293
1710.1149997711182,4663,-2783,-6524,1676.2016665935516
1710.119999885559,4661,-2782,-6524,1676.2066667079926
1710.125,4659,-2782,-6522,1676.2116668224335
1710.1299998760223,4655,-2783,-6521,1676.2166666984558
1710.1349999904633,4653,-2781,-6513,1676.2216668128967
1710.1399998664856,4651,-2781,-6507,1676.226666688919
1710.1449999809265,4650,-2778,-6499,1676.23166680336
1710.1499998569489,4648,-2777,-6495,1676.2366666793823
1710.1549999713898,4646,-2775,-6498,1676.2416667938232
1710.159999847412,4643,-2772,-6503,1676.2466666698456
1710.164999961853,4640,-2769,-6507,1676.2516667842865
1710.1699998378754,4635,-2764,-6511,1676.2566666603088
1710.1749999523165,4634,-2761,-6511,1676.26166677475
1710.1799998283386,4633,-2759,-6512,1676.266666650772
1710.1849999427795,4633,-2757,-6514,1676.271666765213
1710.189999818802,4632,-2756,-6516,1676.2766666412356
1710.1949999332428,4631,-2756,-6519,1676.2816667556763
1710.1999998092651,4630,-2757,-6525,1676.2866666316986
1710.204999923706,4631,-2760,-6529,1676.2916667461395
1710.2099997997284,4632,-2762,-6530,1676.2966666221619
1710.2149999141693,4632,-2762,-6529,1676.3016667366028
1710.2199997901917,4629,-2761,-6526,1676.3066666126251
1710.2249999046326,4625,-2760,-6524,1676.311666727066
1710.229999780655,4621,-2760,-6522,1676.3166666030884
1710.2349998950958,4618,-2761,-6520,1676.3216667175293
1710.2399997711182,4616,-2763,-6516,1676.3266665935516
1710.244999885559,4614,-2764,-6510,1676.3316667079926
1710.25,4613,-2763,-6506,1676.3366668224335
1710.2549998760223,4613,-2763,-6503,1676.3416666984558
1710.2599999904633,4612,-2763,-6502,1676.3466668128967
1710.2649998664856,4613,-2762,-6504,1676.351666688919
1710.2699999809265,4614,-2763,-6505,1676.35666680336
1710.2749998569489,4616,-2765,-6508,1676.3616666793823
1710.2799999713898,4618,-2767,-6510,1676.3666667938232
1710.284999847412,4620,-2769,-6507,1676.3716666698456
1710.289999961853,4621,-2771,-6504,1676.3766667842865
1710.2949998378754,4621,-2773,-6501,1676.3816666603088
1710.2999999523165,4620,-2773,-6498,1676.38666677475
1710.3049998283386,4619,-2772,-6499,1676.391666650772
1710.3099999427795,4618,-2769,-6503,1676.396666765213
1710.314999818802,4618,-2766,-6508,1676.4016666412356
1710.3199999332428,4618,-2761,-6514,1676.4066667556763
1710.3249998092651,4618,-2757,-6516,1676.4116666316986
1710.329999923706,4619,-2755,-6516,1676.4166667461395
1710.3349997997284,4619,-2752,-6516,1676.4216666221619
1710.3399999141693,4619,-2749,-6512,1676.4266667366028
1710.3449997901917,4618,-2745,-6506,1676.4316666126251
1710.3499999046326,4616,-2739,-6506,1676.436666727066
1710.354999780655,4611,-2732,-6507,1676.4416666030884
1710.3599998950958,4606,-2724,-6513,1676.4466667175293
1710.3649997711182,4599,-2717,-6518,1676.4516665935516
1710.369999885559,4594,-2712,-6521,1676.4566667079926
1710.375,4590,-2706,-6521,1676.4616668224335
1710.3799998760223,4586,-2701,-6520,1676.4666666984558
1710.3849999904633,4583,-2696,-6526,1676.4716668128967
1710.3899998664856,4580,-2691,-6529,1676.476666688919
1710.3949999809265,4578,-2688,-6531,1676.48166680336
1710.3999998569489,4577,-2689,-6528,1676.4866666793823
1710.4049999713898,4575,-2691,-6529,1676.4916667938232
1710.409999847412,4575,-2693,-6532,1676.4966666698456
1710.414999961853,4573,-2693,-6538,1676.5016667842865
1710.4199998378754,4570,-2692,-6544,1676.5066666603088
1710.4249999523165,4569,-2692,-6543,1676.51166677475
1710.4299998283386,4567,-2693,-6544,1676.516666650772
1710.4349999427795,4567,-2695,-6545,1676.521666765213
1710.439999818802,4567,-2697,-6545,1676.5266666412356
1710.4449999332428,4566,-2695,-6542,1676.5316667556763
1710.4499998092651,4565,-2692,-6541,1676.5366666316986
1710.454999923706,4564,-2690,-6540,1676.5416667461395
1710.4599997997284,4562,-2689,-6536,1676.5466666221619
1710.4649999141693,4562,-2690,-6537,1676.5516667366028
1710.4699997901917,4562,-2692,-6532,1676.5566666126251
1710.4749999046326,4562,-2693,-6532,1676.561666727066
1710.479999780655,4564,-2694,-6531,1676.5666666030884
1710.4849998950958,4564,-2696,-6529,1676.5716667175293
1710.4899997711182,4565,-2699,-6531,1676.5766665935516
1710.494999885559,4564,-2702,-6532,1676.5816667079926
1710.5,4565,-2703,-6533,1676.5866668224335
1710.5049998760223,4566,-2704,-6535,1676.5916666984558
1710.5099999904633,4568,-2706,-6539,1676.5966668128967
1710.5149998664856,4568,-2708,-6547,1676.601666688919
1710.5199999809265,4568,-2710,-6552,1676.60666680336
1710.5249998569489,4567,-2712,-6557,1676.6116666793823
1710.5299999713898,4566,-2712,-6557,1676.6166667938232
1710.534999847412,4566,-2712,-6554,1676.6216666698456
1710.539999961853,4568,-2710,-6553,1676.6266667842865
1710.5449998378754,4568,-2707,-6548,1676.6316666603088
1710.5499999523165,4570,-2703,-6545,1676.63666677475
1710.5549998283386,4572,-2700,-6543,1676.641666650772
1710.5599999427795,4576,-2697,-6542,1676.646666765213
1710.564999818802,4580,-2696,-6541,1676.6516666412356
1710.5699999332428,4581,-2692,-6540,1676.6566667556763
1710.5749998092651,4579,-2690,-6541,1676.6616666316986
1710.579999923706,4576,-2687,-6538,1676.6666667461395
1710.5849997997284,4573,-2684,-6536,1676.6716666221619
1710.5899999141693,4571,-2683,-6537,1676.6766667366028
1710.5949997901917,4569,-2682,-6538,1676.6816666126251
1710.5999999046326,4570,-2679,-6544,1676.686666727066
1710.604999780655,4570,-2676,-6547,1676.6916666030884
1710.6099998950958,4570,-2672,-6547,1676.6966667175293
1710.6149997711182,4571,-2670,-6550,1676.7016665935516
1710.619999885559,4570,-2668,-6551,1676.7066667079926
1710.625,4568,-2668,-6557,1676.7116668224335
1710.6299998760223,4565,-2669,-6558,1676.7166666984558
1710.6349999904633,4563,-2670,-6561,1676.7216668128967
1710.6399998664856,4561,-2672,-6564,1676.726666688919
1710.6449999809265,4561,-2675,-6563,1676.73166680336
1710.6499998569489,4562,-2674,-6560,1676.7366666793823
1710.6549999713898,4561,-2671,-6560,1676.7416667938232
1710.659999847412,4561,-2667,-6558,1676.7466666698456
1710.664999961853,4561,-2661,-6559,1676.7516667842865
1710.6699998378754,4561,-2657,-6562,1676.7566666603088
1710.6749999523165,4564,-2654,-6563,1676.76166677475
1710.6799998283386,4567,-2652,-6563,1676.766666650772
1710.6849999427795,4570,-2653,-6565,1676.771666765213
1710.689999818802,4572,-2653,-6567,1676.7766666412356
1710.6949999332428,4572,-2653,-6569,1676.7816667556763
1710.6999998092651,4570,-2655,-6569,1676.7866666316986
1710.704999923706,4568,-2655,-6566,1676.7916667461395
1710.7099997997284,4566,-2656,-6566,1676.7966666221619
1710.7149999141693,4562,-2655,-6564,1676.8016667366028
1710.7199997901917,4557,-2653,-6563,1676.8066666126251
1710.7249999046326,4553,-2652,-6559,1676.811666727066
1710.729999780655,4551,-2650,-6555,1676.8166666030884
1710.7349998950958,4551,-2649,-6550,1676.8216667175293
1710.7399997711182,4552,-2649,-6546,1676.8266665935516
1710.744999885559,4551,-2649,-6544,1676.8316667079926
1710.75,4551,-2646,-6543,1676.8366668224335
1710.7549998760223,4551,-2642,-6542,1676.8416666984558
1710.7599999904633,4552,-2638,-6544,1676.8466668128967
1710.7649998664856,4553,-2632,-6543,1676.851666688919
1710.7699999809265,4554,-2626,-6543,1676.85666680336
1710.7749998569489,4552,-2620,-6543,1676.8616666793823
1710.7799999713898,4549,-2611,-6548,1676.8666667938232
1710.784999847412,4545,-2604,-6552,1676.8716666698456
1710.789999961853,4541,-2596,-6555,1676.8766667842865
1710.7949998378754,4538,-2589,-6555,1676.8816666603088
1710.7999999523165,4538,-2579,-6550,1676.88666677475
1710.8049998283386,4536,-2567,-6548,1676.891666650772
1710.8099999427795,4532,-2555,-6549,1676.896666765213
1710.814999818802,4527,-2543,-6551,1676.9016666412356
1710.8199999332428,4522,-2530,-6552,1676.9066667556763
1710.8249998092651,4520,-2516,-6552,1676.9116666316986
1710.829999923706,4518,-2503,-6549,1676.9166667461395
1710.8349997997284,4515,-2488,-6549,1676.9216666221619
1710.8399999141693,4512,-2474,-6550,1676.9266667366028
1710.8449997901917,4510,-2458,-6550,1676.9316666126251
1710.8499999046326,4506,-2442,-6551,1676.936666727066
1710.854999780655,4502,-2426,-6550,1676.9416666030884
1710.8599998950958,4498,-2408,-6547,1676.9466667175293
1710.8649997711182,4493,-2390,-6545,1676.9516665935516
1710.869999885559,4489,-2375,-6543,1676.9566667079926
1710.875,4484,-2356,-6544,1676.9616668224335
1710.8799998760223,4479,-2338,-6547,1676.9666666984558
1710.8849999904633,4474,-2321,-6548,1676.9716668128967
1710.8899998664856,4468,-2304,-6553,1676.976666688919
1710.8949999809265,4465,-2286,-6553,1676.98166680336
1710.8999998569489,4460,-2269,-6554,1676.9866666793823
1710.9049999713898,4458,-2253,-6553,1676.9916667938232
1710.909999847412,4454,-2237,-6552,1676.9966666698456
1710.914999961853,4448,-2221,-6552,1677.0016667842865
1710.9199998378754,4443,-2206,-6552,1677.0066666603088
1710.9249999523165,4438,-2193,-6554,1677.01166677475
1710.9299998283386,4433,-2182,-6556,1677.016666650772
1710.9349999427795,4430,-2174,-6558,1677.021666765213
1710.939999818802,4430,-2166,-6554,1677.0266666412356
1710.9449999332428,4430,-2161,-6552,1677.0316667556763
1710.9499998092651,4431,-2156,-6550,1677.0366666316986
1710.954999923706,4431,-2155,-6547,1677.0416667461395
1710.9599997997284,4430,-2153,-6546,1677.0466666221619
1710.9649999141693,4429,-2151,-6545,1677.0516667366028
1710.9699997901917,4428,-2152,-6545,1677.0566666126251
1710.9749999046326,4426,-2151,-6549,1677.061666727066
1710.979999780655,4422,-2152,-6548,1677.0666666030884
1710.9849998950958,4418,-2153,-6551,1677.0716667175293
1710.9899997711182,4415,-2154,-6553,1677.0766665935516
1710.994999885559,4414,-2155,-6555,1677.0816667079926
1711.0,4416,-2160,-6558,1677.0866668224335
1711.0049998760223,4418,-2167,-6560,1677.0916666984558
1711.0099999904633,4421,-2172,-6560,1677.0966668128967
1711.0149998664856,4424,-2178,-6562,1677.101666688919
1711.0199999809265,4426,-2184,-6564,1677.10666680336
1711.0249998569489,4430,-2191,-6567,1677.1116666793823
1711.0299999713898,4432,-2200,-6572,1677.1166667938232
1711.034999847412,4434,-2212,-6577,1677.1216666698456
1711.039999961853,4436,-2225,-6580,1677.1266667842865
1711.0449998378754,4436,-2237,-6580,1677.1316666603088
1711.0499999523165,4437,-2249,-6576,1677.13666677475
1711.0549998283386,4438,-2261,-6571,1677.141666650772
1711.0599999427795,4440,-2272,-6569,1677.146666765213
1711.064999818802,4443,-2282,-6567,1677.1516666412356
1711.0699999332428,4445,-2295,-6567,1677.1566667556763
1711.0749998092651,4449,-2306,-6570,1677.1616666316986
1711.079999923706,4454,-2315,-6572,1677.1666667461395
1711.0849997997284,4458,-2324,-6575,1677.1716666221619
1711.0899999141693,4461,-2330,-6580,1677.1766667366028
1711.0949997901917,4462,-2336,-6585,1677.1816666126251
1711.0999999046326,4463,-2340,-6588,1677.186666727066
1711.104999780655,4466,-2344,-6587,1677.1916666030884
1711.1099998950958,4470,-2347,-6583,1677.1966667175293
1711.1149997711182,4474,-2349,-6579,1677.2016665935516
1711.119999885559,4476,-2353,-6578,1677.2066667079926
1711.125,4478,-2354,-6581,1677.2116668224335
1711.1299998760223,4481,-2352,-6582,1677.2166666984558
1711.1349999904633,4484,-2351,-6581,1677.2216668128967
1711.1399998664856,4487,-2348,-6577,1677.226666688919
1711.1449999809265,4490,-2345,-6576,1677.23166680336
1711.1499998569489,4491,-2343,-6579,1677.2366666793823
1711.1549999713898,4492,-2340,-6585,1677.2416667938232
1711.159999847412,4490,-2339,-6586,1677.2466666698456
1711.164999961853,4489,-2339,-6589,1677.2516667842865
1711.1699998378754,4489,-2339,-6591,1677.2566666603088
1711.1749999523165,4487,-2338,-6588,1677.26166677475
1711.1799998283386,4484,-2337,-6589,1677.266666650772
1711.1849999427795,4483,-2333,-6587,1677.271666765213
1711.189999818802,4481,-2327,-6587,1677.2766666412356
1711.1949999332428,4481,-2322,-6589,1677.2816667556763
1711.1999998092651,4481,-2318,-6590,1677.2866666316986
1711.204999923706,4482,-2314,-6591,1677.2916667461395
1711.2099997997284,4480,-2309,-6593,1677.2966666221619
1711.2149999141693,4479,-2306,-6594,1677.3016667366028
1711.2199997901917,4477,-2301,-6595,1677.3066666126251
1711.2249999046326,4476,-2297,-6598,1677.311666727066
1711.229999780655,4475,-2292,-6599,1677.3166666030884
1711.2349998950958,4475,-2288,-6595,1677.3216667175293
1711.2399997711182,4475,-2281,-6593,1677.3266665935516
1711.244999885559,4476,-2277,-6592,1677.3316667079926
1711.25,4477,-2274,-6593,1677.3366668224335
1711.2549998760223,4477,-2273,-6595,1677.3416666984558
1711.2599999904633,4478,-2272,-6596,1677.3466668128967
1711.2649998664856,4478,-2271,-6597,1677.351666688919
1711.2699999809265,4478,-2267,-6595,1677.35666680336
1711.2749998569489,4480,-2261,-6592,1677.3616666793823
1711.2799999713898,4481,-2254,-6591,1677.3666667938232
1711.284999847412,4481,-2248,-6589,1677.3716666698456
1711.289999961853,4483,-2244,-6584,1677.3766667842865
1711.2949998378754,4482,-2241,-6580,1677.3816666603088
1711.2999999523165,4481,-2240,-6572,1677.38666677475
1711.3049998283386,4479,-2238,-6566,1677.391666650772
1711.3099999427795,4477,-2236,-6560,1677.396666765213
1711.314999818802,4477,-2232,-6556,1677.4016666412356
1711.3199999332428,4477,-2228,-6552,1677.4066667556763
1711.3249998092651,4476,-2222,-6551,1677.4116666316986
1711.329999923706,4476,-2217,-6554,1677.4166667461395
1711.3349997997284,4475,-2213,-6557,1677.4216666221619
1711.3399999141693,4474,-2210,-6562,1677.4266667366028
1711.3449997901917,4472,-2206,-6565,1677.4316666126251
1711.3499999046326,4471,-2201,-6568,1677.436666727066
1711.354999780655,4468,-2196,-6567,1677.4416666030884
1711.3599998950958,4466,-2191,-6569,1677.4466667175293
1711.3649997711182,4462,-2186,-6576,1677.4516665935516
1711.369999885559,4461,-2183,-6583,1677.4566667079926
1711.375,4457,-2180,-6593,1677.4616668224335
1711.3799998760223,4455,-2178,-6600,1677.4666666984558
1711.3849999904633,4453,-2176,-6603,1677.4716668128967
1711.3899998664856,4449,-2173,-6603,1677.476666688919
1711.3949999809265,4449,-2171,-6605,1677.48166680336
1711.3999998569489,4448,-2167,-6603,1677.4866666793823
1711.4049999713898,4447,-2164,-6599,1677.4916667938232
1711.409999847412,4445,-2161,-6595,1677.4966666698456
1711.414999961853,4443,-2159,-6589,1677.5016667842865
1711.4199998378754,4442,-2159,-6587,1677.5066666603088
1711.4249999523165,4443,-2160,-6587,1677.51166677475
1711.4299998283386,4445,-2161,-6585,1677.516666650772
1711.4349999427795,4444,-2162,-6584,1677.521666765213
1711.439999818802,4444,-2162,-6579,1677.5266666412356
1711.4449999332428,4443,-2161,-6571,1677.5316667556763
1711.4499998092651,4441,-2161,-6564,1677.5366666316986
1711.454999923706,4440,-2160,-6560,1677.5416667461395
1711.4599997997284,4437,-2159,-6560,1677.5466666221619
1711.4649999141693,4435,-2158,-6563,1677.5516667366028
1711.4699997901917,4433,-2156,-6567,1677.5566666126251
1711.4749999046326,4433,-2155,-6569,1677.561666727066
1711.479999780655,4433,-2154,-6566,1677.5666666030884
1711.4849998950958,4434,-2153,-6565,1677.5716667175293
1711.4899997711182,4434,-2151,-6562,1677.5766665935516
1711.494999885559,4433,-2151,-6561,1677.5816667079926
1711.5,4432,-2150,-6566,1677.5866668224335
1711.5049998760223,4430,-2149,-6570,1677.5916666984558
1711.5099999904633,4429,-2148,-6574,1677.5966668128967
1711.5149998664856,4429,-2149,-6577,1677.601666688919
1711.5199999809265,4429,-2150,-6579,1677.60666680336
1711.5249998569489,4430,-2150,-6578,1677.6116666793823
1711.5299999713898,4429,-2150,-6577,1677.6166667938232
1711.534999847412,4428,-2150,-6575,1677.6216666698456
1711.539999961853,4429,-2150,-6571,1677.6266667842865
1711.5449998378754,4430,-2151,-6568,1677.6316666603088
1711.5499999523165,4433,-2151,-6569,1677.63666677475
1711.5549998283386,4435,-2150,-6567,1677.641666650772
1711.5599999427795,4436,-2151,-6567,1677.646666765213
1711.564999818802,4435,-2150,-6565,1677.6516666412356
1711.5699999332428,4435,-2150,-6563,1677.6566667556763
1711.5749998092651,4434,-2148,-6559,1677.6616666316986
1711.579999923706,4432,-2144,-6558,1677.6666667461395
1711.5849997997284,4433,-2140,-6559,1677.6716666221619
1711.5899999141693,4431,-2135,-6558,1677.6766667366028
1711.5949997901917,4430,-2130,-6558,1677.6816666126251
1711.5999999046326,4428,-2125,-6558,1677.686666727066
1711.604999780655,4423,-2119,-6554,1677.6916666030884
1711.6099998950958,4417,-2113,-6552,1677.6966667175293
1711.6149997711182,4410,-2105,-6549,1677.7016665935516
1711.619999885559,4404,-2097,-6541,1677.7066667079926
1711.625,4400,-2087,-6534,1677.7116668224335
1711.6299998760223,4395,-2078,-6526,1677.7166666984558
1711.6349999904633,4392,-2068,-6517,1677.7216668128967
1711.6399998664856,4387,-2059,-6512,1677.726666688919
1711.6449999809265,4382,-2051,-6510,1677.73166680336
1711.6499998569489,4376,-2044,-6512,1677.7366666793823
1711.6549999713898,4369,-2035,-6516,1677.7416667938232
1711.659999847412,4363,-2027,-6519,1677.7466666698456
1711.664999961853,4356,-2019,-6523,1677.7516667842865
1711.6699998378754,4348,-2011,-6524,1677.7566666603088
1711.6749999523165,4343,-2004,-6526,1677.76166677475
1711.6799998283386,4339,-1998,-6531,1677.766666650772
1711.6849999427795,4338,-1991,-6540,1677.771666765213
1711.689999818802,4337,-1986,-6550,1677.7766666412356
1711.6949999332428,4334,-1982,-6558,1677.7816667556763
1711.6999998092651,4331,-1979,-6565,1677.7866666316986
1711.704999923706,4328,-1977,-6569,1677.7916667461395
1711.7099997997284,4326,-1975,-6573,1677.7966666221619
1711.7149999141693,4326,-1971,-6577,1677.8016667366028
1711.7199997901917,4328,-1969,-6578,1677.8066666126251
1711.7249999046326,4331,-1969,-6578,1677.811666727066
1711.729999780655,4332,-1970,-6577,1677.8166666030884
1711.7349998950958,4332,-1971,-6576,1677.8216667175293
1711.7399997711182,4330,-1970,-6576,1677.8266665935516
1711.744999885559,4327,-1969,-6578,1677.8316667079926
1711.75,4326,-1968,-6581,1677.8366668224335
1711.7549998760223,4326,-1967,-6580,1677.8416666984558
1711.7599999904633,4328,-1967,-6578,1677.8466668128967
1711.7649998664856,4331,-1969,-6575,1677.851666688919
1711.7699999809265,4334,-1971,-6574,1677.85666680336
1711.7749998569489,4336,-1972,-6574,1677.8616666793823
1711.7799999713898,4335,-1972,-6577,1677.8666667938232
1711.784999847412,4332,-1971,-6583,1677.8716666698456
1711.789999961853,4330,-1969,-6588,1677.8766667842865
1711.7949998378754,4330,-1969,-6591,1677.8816666603088
1711.7999999523165,4331,-1968,-6590,1677.88666677475
1711.8049998283386,4331,-1966,-6589,1677.891666650772
1711.8099999427795,4332,-1965,-6588,1677.896666765213
1711.814999818802,4331,-1963,-6589,1677.9016666412356
1711.8199999332428,4331,-1962,-6590,1677.9066667556763
1711.8249998092651,4332,-1961,-6595,1677.9116666316986
1711.829999923706,4334,-1958,-6596,1677.9166667461395
1711.8349997997284,4334,-1956,-6597,1677.9216666221619
1711.8399999141693,4335,-1954,-6598,1677.9266667366028
1711.8449997901917,4335,-1950,-6599,1677.9316666126251
1711.8499999046326,4335,-1947,-6597,1677.936666727066
1711.854999780655,4337,-1943,-6595,1677.9416666030884
1711.8599998950958,4336,-1939,-6592,1677.9466667175293
1711.8649997711182,4335,-1937,-6591,1677.9516665935516
1711.869999885559,4333,-1935,-6591,1677.9566667079926
1711.875,4330,-1933,-6593,1677.9616668224335
1711.8799998760223,4327,-1931,-6598,1677.9666666984558
1711.8849999904633,4324,-1929,-6602,1677.9716668128967
1711.8899998664856,4320,-1927,-6603,1677.976666688919
1711.8949999809265,4315,-1925,-6604,1677.98166680336
1711.8999998569489,4309,-1922,-6601,1677.9866666793823
1711.9049999713898,4304,-1920,-6601,1677.9916667938232
1711.909999847412,4298,-1920,-6603,1677.9966666698456
1711.914999961853,4292,-1918,-6606,1678.0016667842865
1711.9199998378754,4287,-1920,-6611,1678.0066666603088
1711.9249999523165,4282,-1923,-6615,1678.01166677475
1711.9299998283386,4279,-1928,-6617,1678.016666650772
1711.9349999427795,4275,-1933,-6618,1678.021666765213
1711.939999818802,4275,-1937,-6617,1678.0266666412356
1711.9449999332428,4275,-1941,-6617,1678.0316667556763
1711.9499998092651,4275,-1945,-6618,1678.0366666316986
1711.954999923706,4275,-1952,-6620,1678.0416667461395
1711.9599997997284,4274,-1960,-6622,1678.0466666221619
1711.9649999141693,4273,-1969,-6626,1678.0516667366028
1711.9699997901917,4272,-1979,-6629,1678.0566666126251
1711.9749999046326,4270,-1988,-6629,1678.061666727066
1711.979999780655,4269,-1998,-6629,1678.0666666030884
1711.9849998950958,4268,-2009,-6631,1678.0716667175293
1711.9899997711182,4268,-2021,-6627,1678.0766665935516
1711.994999885559,4269,-2034,-6622,1678.0816667079926
1712.0,4278,-2059,-6623,1678.0866668224335
1712.0049998760223,4287,-2084,-6622,1678.0916666984558
1712.0099999904633,4294,-2107,-6620,1678.0966668128967
1712.0149998664856,4300,-2128,-6624,1678.101666688919
1712.0199999809265,4305,-2147,-6625,1678.10666680336
1712.0249998569489,4309,-2167,-6629,1678.1116666793823
1712.0299999713898,4315,-2184,-6629,1678.1166667938232
1712.034999847412,4321,-2201,-6633,1678.1216666698456
1712.039999961853,4327,-2216,-6638,1678.1266667842865
1712.0449998378754,4333,-2229,-6641,1678.1316666603088
1712.0499999523165,4336,-2243,-6647,1678.13666677475
1712.0549998283386,4339,-2255,-6655,1678.141666650772
1712.0599999427795,4342,-2265,-6659,1678.146666765213
1712.064999818802,4346,-2274,-6660,1678.1516666412356
1712.0699999332428,4353,-2279,-6661,1678.1566667556763
1712.0749998092651,4358,-2285,-6662,1678.1616666316986
1712.079999923706,4362,-2289,-6664,1678.1666667461395
1712.0849997997284,4367,-2292,-6667,1678.1716666221619
1712.0899999141693,4372,-2295,-6669,1678.1766667366028
1712.0949997901917,4376,-2299,-6671,1678.1816666126251
1712.0999999046326,4384,-2301,-6676,1678.186666727066
1712.104999780655,4389,-2304,-6679,1678.1916666030884
1712.1099998950958,4393,-2304,-6681,1678.1966667175293
1712.1149997711182,4395,-2304,-6682,1678.2016665935516
1712.119999885559,4396,-2303,-6680,1678.2066667079926
1712.125,4397,-2301,-6678,1678.2116668224335
1712.1299998760223,4398,-2299,-6673,1678.2166666984558
1712.1349999904633,4399,-2296,-6666,1678.2216668128967
1712.1399998664856,4400,-2294,-6659,1678.226666688919
1712.1449999809265,4403,-2294,-6653,1678.23166680336
1712.1499998569489,4404,-2294,-6650,1678.2366666793823
1712.1549999713898,4407,-2296,-6650,1678.2416667938232
1712.159999847412,4407,-2300,-6653,1678.2466666698456
1712.164999961853,4406,-2304,-6652,1678.2516667842865
1712.1699998378754,4405,-2307,-6648,1678.2566666603088
1712.1749999523165,4402,-2308,-6639,1678.26166677475
1712.1799998283386,4400,-2309,-6629,1678.266666650772
1712.1849999427795,4398,-2309,-6621,1678.271666765213
1712.189999818802,4398,-2309,-6615,1678.2766666412356
1712.1949999332428,4398,-2310,-6612,1678.2816667556763
1712.1999998092651,4398,-2313,-6611,1678.2866666316986
1712.204999923706,4395,-2314,-6611,1678.2916667461395
1712.2099997997284,4393,-2315,-6608,1678.2966666221619
1712.2149999141693,4390,-2315,-6606,1678.3016667366028
1712.2199997901917,4386,-2315,-6602,1678.3066666126251
1712.2249999046326,4383,-2314,-6602,1678.311666727066
1712.229999780655,4378,-2313,-6603,1678.3166666030884
1712.2349998950958,4374,-2313,-6608,1678.3216667175293
1712.2399997711182,4370,-2315,-6612,1678.3266665935516
1712.244999885559,4366,-2319,-6615,1678.3316667079926
1712.25,4363,-2322,-6621,1678.3366668224335
1712.2549998760223,4360,-2326,-6623,1678.3416666984558
1712.2599999904633,4355,-2328,-6624,1678.3466668128967
1712.2649998664856,4351,-2329,-6625,1678.351666688919
1712.2699999809265,4347,-2330,-6626,1678.35666680336
1712.2749998569489,4346,-2333,-6628,1678.3616666793823
1712.2799999713898,4342,-2334,-6633,1678.3666667938232
1712.284999847412,4341,-2337,-6639,1678.3716666698456
1712.289999961853,4339,-2337,-6645,1678.3766667842865
1712.2949998378754,4338,-2336,-6650,1678.3816666603088
1712.2999999523165,4338,-2334,-6657,1678.38666677475
1712.3049998283386,4337,-2332,-6658,1678.391666650772
1712.3099999427795,4334,-2332,-6663,1678.396666765213
1712.314999818802,4333,-2333,-6666,1678.4016666412356
1712.3199999332428,4332,-2334,-6669,1678.4066667556763
1712.3249998092651,4331,-2336,-6673,1678.4116666316986
1712.329999923706,4332,-2340,-6674,1678.4166667461395
1712.3349997997284,4334,-2343,-6672,1678.4216666221619
1712.3399999141693,4334,-2346,-6670,1678.4266667366028
1712.3449997901917,4335,-2349,-6670,1678.4316666126251
1712.3499999046326,4335,-2349,-6673,1678.436666727066
1712.354999780655,4336,-2349,-6676,1678.4416666030884
1712.3599998950958,4337,-2349,-6677,1678.4466667175293
1712.3649997711182,4341,-2348,-6676,1678.4516665935516
1712.369999885559,4343,-2349,-6678,1678.4566667079926
1712.375,4346,-2351,-6677,1678.4616668224335
1712.3799998760223,4348,-2355,-6679,1678.4666666984558
1712.3849999904633,4350,-2356,-6679,1678.4716668128967
1712.3899998664856,4354,-2357,-6681,1678.476666688919
1712.3949999809265,4357,-2358,-6682,1678.48166680336
1712.3999998569489,4357,-2357,-6684,1678.4866666793823
1712.4049999713898,4358,-2357,-6687,1678.4916667938232
1712.409999847412,4357,-2356,-6690,1678.4966666698456
1712.414999961853,4357,-2355,-6691,1678.5016667842865
1712.4199998378754,4359,-2355,-6691,1678.5066666603088
1712.4249999523165,4360,-2353,-6691,1678.51166677475
1712.4299998283386,4360,-2352,-6690,1678.516666650772
1712.4349999427795,4362,-2351,-6689,1678.521666765213
1712.439999818802,4363,-2349,-6692,1678.5266666412356
1712.4449999332428,4362,-2347,-6692,1678.5316667556763
1712.4499998092651,4361,-2343,-6693,1678.5366666316986
1712.454999923706,4358,-2340,-6691,1678.5416667461395
1712.4599997997284,4353,-2336,-6687,1678.5466666221619
1712.4649999141693,4349,-2332,-6685,1678.5516667366028
1712.4699997901917,4345,-2328,-6682,1678.5566666126251
1712.4749999046326,4340,-2323,-6678,1678.561666727066
1712.479999780655,4334,-2317,-6679,1678.5666666030884
1712.4849998950958,4329,-2310,-6685,1678.5716667175293
1712.4899997711182,4324,-2301,-6693,1678.5766665935516
1712.494999885559,4321,-2291,-6703,1678.5816667079926
1712.5,4319,-2282,-6710,1678.5866668224335
1712.5049998760223,4318,-2272,-6712,1678.5916666984558
1712.5099999904633,4315,-2264,-6715,1678.5966668128967
1712.5149998664856,4312,-2258,-6718,1678.601666688919
1712.5199999809265,4308,-2254,-6720,1678.60666680336
1712.5249998569489,4304,-2250,-6717,1678.6116666793823
1712.5299999713898,4301,-2247,-6715,1678.6166667938232
1712.534999847412,4296,-2244,-6712,1678.6216666698456
1712.539999961853,4291,-2240,-6713,1678.6266667842865
1712.5449998378754,4285,-2237,-6714,1678.6316666603088
1712.5499999523165,4280,-2233,-6717,1678.63666677475
1712.5549998283386,4278,-2230,-6721,1678.641666650772
1712.5599999427795,4278,-2228,-6726,1678.646666765213
1712.564999818802,4278,-2227,-6732,1678.6516666412356
1712.5699999332428,4277,-2229,-6735,1678.6566667556763
1712.5749998092651,4276,-2233,-6735,1678.6616666316986
1712.579999923706,4277,-2236,-6733,1678.6666667461395
1712.5849997997284,4279,-2239,-6729,1678.6716666221619
1712.5899999141693,4281,-2240,-6726,1678.6766667366028
1712.5949997901917,4281,-2240,-6724,1678.6816666126251
1712.5999999046326,4282,-2242,-6721,1678.686666727066
1712.604999780655,4283,-2245,-6719,1678.6916666030884
1712.6099998950958,4284,-2249,-6717,1678.6966667175293
1712.6149997711182,4286,-2251,-6715,1678.7016665935516
1712.619999885559,4287,-2253,-6714,1678.7066667079926
1712.625,4286,-2250,-6717,1678.7116668224335
1712.6299998760223,4285,-2247,-6721,1678.7166666984558
1712.6349999904633,4285,-2242,-6726,1678.7216668128967
1712.6399998664856,4285,-2237,-6730,1678.726666688919
1712.6449999809265,4288,-2233,-6731,1678.73166680336
1712.6499998569489,4290,-2234,-6736,1678.7366666793823
1712.6549999713898,4291,-2234,-6741,1678.7416667938232
1712.659999847412,4290,-2234,-6744,1678.7466666698456
1712.664999961853,4287,-2233,-6746,1678.7516667842865
1712.6699998378754,4287,-2229,-6743,1678.7566666603088
1712.6749999523165,4286,-2225,-6741,1678.76166677475
1712.6799998283386,4288,-2221,-6739,1678.766666650772
1712.6849999427795,4287,-2217,-6740,1678.771666765213
1712.689999818802,4284,-2215,-6740,1678.7766666412356
1712.6949999332428,4281,-2213,-6737,1678.7816667556763
1712.6999998092651,4280,-2211,-6732,1678.7866666316986
1712.704999923706,4283,-2209,-6724,1678.7916667461395
1712.7099997997284,4286,-2207,-6717,1678.7966666221619
1712.7149999141693,4287,-2203,-6714,1678.8016667366028
1712.7199997901917,4288,-2197,-6714,1678.8066666126251
1712.7249999046326,4288,-2193,-6716,1678.811666727066
1712.729999780655,4290,-2190,-6715,1678.8166666030884
1712.7349998950958,4292,-2188,-6717,1678.8216667175293
1712.7399997711182,4293,-2186,-6719,1678.8266665935516
1712.744999885559,4294,-2185,-6724,1678.8316667079926
1712.75,4293,-2185,-6726,1678.8366668224335
1712.7549998760223,4292,-2185,-6726,1678.8416666984558
1712.7599999904633,4289,-2186,-6724,1678.8466668128967
1712.7649998664856,4288,-2185,-6720,1678.851666688919
1712.7699999809265,4286,-2184,-6717,1678.85666680336
1712.7749998569489,4284,-2182,-6716,1678.8616666793823
1712.7799999713898,4283,-2181,-6718,1678.8666667938232
1712.784999847412,4281,-2179,-6719,1678.8716666698456
1712.789999961853,4280,-2176,-6723,1678.8766667842865
1712.7949998378754,4279,-2173,-6724,1678.8816666603088
1712.7999999523165,4281,-2170,-6724,1678.88666677475
1712.8049998283386,4284,-2168,-6723,1678.891666650772
1712.8099999427795,4287,-2168,-6720,1678.896666765213
1712.814999818802,4288,-2168,-6723,1678.9016666412356
1712.8199999332428,4290,-2166,-6721,1678.9066667556763
1712.8249998092651,4290,-2164,-6721,1678.9116666316986
1712.829999923706,4289,-2160,-6719,1678.9166667461395
1712.8349997997284,4289,-2155,-6714,1678.9216666221619
1712.8399999141693,4288,-2150,-6710,1678.9266667366028
1712.8449997901917,4287,-2147,-6708,1678.9316666126251
1712.8499999046326,4290,-2142,-6704,1678.936666727066
1712.854999780655,4293,-2137,-6699,1678.9416666030884
1712.8599998950958,4296,-2130,-6692,1678.9466667175293
1712.8649997711182,4298,-2124,-6688,1678.9516665935516
1712.869999885559,4298,-2118,-6684,1678.9566667079926
1712.875,4297,-2114,-6682,1678.9616668224335
1712.8799998760223,4295,-2109,-6678,1678.9666666984558
1712.8849999904633,4294,-2105,-6681,1678.9716668128967
1712.8899998664856,4294,-2098,-6677,1678.976666688919
1712.8949999809265,4291,-2091,-6675,1678.98166680336
1712.8999998569489,4288,-2081,-6676,1678.9866666793823
1712.9049999713898,4285,-2071,-6677,1678.9916667938232
1712.909999847412,4281,-2061,-6676,1678.9966666698456
1712.914999961853,4278,-2049,-6673,1679.0016667842865
1712.9199998378754,4274,-2036,-6669,1679.0066666603088
1712.9249999523165,4269,-2021,-6669,1679.01166677475
1712.9299998283386,4263,-2005,-6672,1679.016666650772
1712.9349999427795,4256,-1988,-6675,1679.021666765213
1712.939999818802,4249,-1972,-6679,1679.0266666412356
1712.9449999332428,4242,-1955,-6680,1679.0316667556763
1712.9499998092651,4236,-1939,-6681,1679.0366666316986
1712.954999923706,4231,-1921,-6684,1679.0416667461395
1712.9599997997284,4222,-1903,-6684,1679.0466666221619
1712.9649999141693,4213,-1887,-6685,1679.0516667366028
1712.9699997901917,4202,-1871,-6685,1679.0566666126251
1712.9749999046326,4190,-1856,-6682,1679.061666727066
1712.979999780655,4180,-1840,-6680,1679.0666666030884
1712.9849998950958,4170,-1821,-6677,1679.0716667175293
1712.9899997711182,4160,-1802,-6676,1679.0766665935516
1712.994999885559,4150,-1783,-6674,1679.0816667079926
1713.0,4140,-1766,-6670,1679.0866668224335
1713.0049998760223,4133,-1752,-6667,1679.0916666984558
1713.0099999904633,4125,-1739,-6661,1679.0966668128967
1713.0149998664856,4117,-1728,-6656,1679.101666688919
1713.0199999809265,4108,-1717,-6656,1679.10666680336
1713.0249998569489,4099,-1705,-6656,1679.1116666793823
1713.0299999713898,4090,-1694,-6656,1679.1166667938232
1713.034999847412,4083,-1681,-6658,1679.1216666698456
1713.039999961853,4079,-1670,-6657,1679.1266667842865
1713.0449998378754,4074,-1661,-6658,1679.1316666603088
1713.0499999523165,4071,-1652,-6657,1679.13666677475
1713.0549998283386,4068,-1644,-6658,1679.141666650772
1713.0599999427795,4064,-1636,-6662,1679.146666765213
1713.064999818802,4061,-1628,-6665,1679.1516666412356
1713.0699999332428,4059,-1623,-6668,1679.1566667556763
1713.0749998092651,4058,-1618,-6671,1679.1616666316986
1713.079999923706,4058,-1614,-6674,1679.1666667461395
1713.0849997997284,4057,-1611,-6673,1679.1716666221619
1713.0899999141693,4057,-1605,-6676,1679.1766667366028
1713.0949997901917,4057,-1599,-6675,1679.1816666126251
1713.0999999046326,4056,-1594,-6673,1679.186666727066
1713.104999780655,4056,-1589,-6669,1679.1916666030884
1713.1099998950958,4055,-1585,-6663,1679.1966667175293
1713.1149997711182,4053,-1582,-6658,1679.2016665935516
1713.119999885559,4051,-1579,-6654,1679.2066667079926
1713.125,4049,-1574,-6652,1679.2116668224335
1713.1299998760223,4045,-1569,-6650,1679.2166666984558
1713.1349999904633,4043,-1565,-6645,1679.2216668128967
1713.1399998664856,4042,-1561,-6637,1679.226666688919
1713.1449999809265,4044,-1558,-6631,1679.23166680336
1713.1499998569489,4045,-1554,-6627,1679.2366666793823
1713.1549999713898,4045,-1551,-6625,1679.2416667938232
1713.159999847412,4044,-1547,-6623,1679.2466666698456
1713.164999961853,4042,-1544,-6625,1679.2516667842865
1713.1699998378754,4042,-1542,-6625,1679.2566666603088
1713.1749999523165,4042,-1537,-6624,1679.26166677475
1713.1799998283386,4042,-1532,-6623,1679.266666650772
1713.1849999427795,4041,-1524,-6626,1679.271666765213
1713.189999818802,4039,-1516,-6632,1679.2766666412356
1713.1949999332428,4036,-1507,-6638,1679.2816667556763
1713.1999998092651,4030,-1498,-6646,1679.2866666316986
1713.204999923706,4024,-1488,-6652,1679.2916667461395
1713.2099997997284,4018,-1477,-6652,1679.2966666221619
1713.2149999141693,4013,-1463,-6651,1679.3016667366028
1713.2199997901917,4007,-1450,-6648,1679.3066666126251
1713.2249999046326,3999,-1437,-6642,1679.311666727066
1713.229999780655,3989,-1424,-6639,1679.3166666030884
1713.2349998950958,3979,-1411,-6637,1679.3216667175293
1713.2399997711182,3968,-1398,-6636,1679.3266665935516
1713.244999885559,3957,-1383,-6635,1679.3316667079926
1713.25,3947,-1368,-6634,1679.3366668224335
1713.2549998760223,3937,-1354,-6634,1679.3416666984558
1713.2599999904633,3926,-1340,-6635,1679.3466668128967
1713.2649998664856,3915,-1328,-6636,1679.351666688919
1713.2699999809265,3905,-1313,-6635,1679.35666680336
1713.2749998569489,3896,-1299,-6634,1679.3616666793823
1713.2799999713898,3886,-1286,-6632,1679.3666667938232
1713.284999847412,3877,-1273,-6631,1679.3716666698456
1713.289999961853,3868,-1263,-6629,1679.3766667842865
1713.2949998378754,3857,-1252,-6628,1679.3816666603088
1713.2999999523165,3847,-1240,-6630,1679.38666677475
1713.3049998283386,3837,-1229,-6635,1679.391666650772
1713.3099999427795,3829,-1219,-6638,1679.396666765213
1713.314999818802,3824,-1209,-6639,1679.4016666412356
1713.3199999332428,3820,-1198,-6639,1679.4066667556763
1713.3249998092651,3816,-1189,-6638,1679.4116666316986
1713.329999923706,3813,-1180,-6637,1679.4166667461395
1713.3349997997284,3809,-1173,-6637,1679.4216666221619
1713.3399999141693,3804,-1167,-6637,1679.4266667366028
1713.3449997901917,3802,-1161,-6638,1679.4316666126251
1713.3499999046326,3799,-1157,-6637,1679.436666727066
1713.354999780655,3798,-1154,-6635,1679.4416666030884
1713.3599998950958,3797,-1151,-6631,1679.4466667175293
1713.3649997711182,3796,-1147,-6627,1679.4516665935516
1713.369999885559,3793,-1147,-6625,1679.4566667079926
1713.375,3792,-1145,-6624,1679.4616668224335
1713.3799998760223,3790,-1145,-6627,1679.4666666984558
1713.3849999904633,3789,-1146,-6630,1679.4716668128967
1713.3899998664856,3789,-1144,-6635,1679.476666688919
1713.3949999809265,3790,-1142,-6640,1679.48166680336
1713.3999998569489,3791,-1140,-6645,1679.4866666793823
1713.4049999713898,3791,-1136,-6646,1679.4916667938232
1713.409999847412,3792,-1134,-6647,1679.4966666698456
1713.414999961853,3792,-1133,-6650,1679.5016667842865
1713.4199998378754,3792,-1131,-6649,1679.5066666603088
1713.4249999523165,3791,-1131,-6652,1679.51166677475
1713.4299998283386,3791,-1132,-6653,1679.516666650772
1713.4349999427795,3792,-1132,-6652,1679.521666765213
1713.439999818802,3794,-1132,-6652,1679.5266666412356
1713.4449999332428,3795,-1131,-6655,1679.5316667556763
1713.4499998092651,3797,-1129,-6660,1679.5366666316986
1713.454999923706,3797,-1126,-6664,1679.5416667461395
1713.4599997997284,3796,-1123,-6668,1679.5466666221619
1713.4649999141693,3795,-1120,-6666,1679.5516667366028
1713.4699997901917,3794,-1118,-6661,1679.5566666126251
1713.4749999046326,3792,-1115,-6656,1679.561666727066
1713.479999780655,3788,-1111,-6650,1679.5666666030884
1713.4849998950958,3783,-1105,-6653,1679.5716667175293
1713.4899997711182,3779,-1100,-6656,1679.5766665935516
1713.494999885559,3776,-1095,-6659,1679.5816667079926
1713.5,3773,-1091,-6666,1679.5866668224335
1713.5049998760223,3771,-1087,-6670,1679.5916666984558
1713.5099999904633,3767,-1083,-6673,1679.5966668128967
1713.5149998664856,3759,-1079,-6676,1679.601666688919
1713.5199999809265,3751,-1074,-6676,1679.60666680336
1713.5249998569489,3745,-1071,-6672,1679.6116666793823
1713.5299999713898,3739,-1067,-6668,1679.6166667938232
1713.534999847412,3734,-1063,-6665,1679.6216666698456
1713.539999961853,3728,-1057,-6661,1679.6266667842865
1713.5449998378754,3720,-1051,-6657,1679.6316666603088
1713.5499999523165,3710,-1044,-6654,1679.63666677475
1713.5549998283386,3700,-1038,-6652,1679.641666650772
1713.5599999427795,3692,-1033,-6650,1679.646666765213
1713.564999818802,3687,-1026,-6650,1679.6516666412356
1713.5699999332428,3682,-1020,-6649,1679.6566667556763
1713.5749998092651,3679,-1011,-6647,1679.6616666316986
1713.579999923706,3674,-1003,-6647,1679.6666667461395
1713.5849997997284,3667,-995,-6644,1679.6716666221619
1713.5899999141693,3660,-987,-6638,1679.6766667366028
1713.5949997901917,3651,-980,-6633,1679.6816666126251
1713.5999999046326,3641,-973,-6630,1679.686666727066
1713.604999780655,3633,-966,-6628,1679.6916666030884
1713.6099998950958,3626,-962,-6629,1679.6966667175293
1713.6149997711182,3620,-958,-6629,1679.7016665935516
1713.619999885559,3617,-955,-6629,1679.7066667079926
1713.625,3614,-953,-6633,1679.7116668224335
1713.6299998760223,3611,-951,-6636,1679.7166666984558
1713.6349999904633,3611,-950,-6639,1679.7216668128967
1713.6399998664856,3611,-950,-6642,1679.726666688919
1713.6449999809265,3610,-950,-6642,1679.73166680336
1713.6499998569489,3611,-949,-6639,1679.7366666793823
1713.6549999713898,3609,-946,-6638,1679.7416667938232
1713.659999847412,3607,-944,-6634,1679.7466666698456
1713.664999961853,3607,-942,-6634,1679.7516667842865
1713.6699998378754,3606,-941,-6636,1679.7566666603088
1713.6749999523165,3607,-943,-6638,1679.76166677475
1713.6799998283386,3607,-945,-6642,1679.766666650772
1713.6849999427795,3608,-947,-6643,1679.771666765213
1713.689999818802,3610,-951,-6642,1679.7766666412356
1713.6949999332428,3611,-953,-6641,1679.7816667556763
1713.6999998092651,3612,-954,-6641,1679.7866666316986
1713.704999923706,3612,-955,-6638,1679.7916667461395
1713.7099997997284,3610,-955,-6637,1679.7966666221619
1713.7149999141693,3609,-956,-6637,1679.8016667366028
1713.7199997901917,3606,-956,-6637,1679.8066666126251
1713.7249999046326,3604,-952,-6637,1679.811666727066
1713.729999780655,3601,-949,-6636,1679.8166666030884
1713.7349998950958,3599,-947,-6637,1679.8216667175293
1713.7399997711182,3599,-946,-6639,1679.8266665935516
1713.744999885559,3599,-946,-6642,1679.8316667079926
1713.75,3600,-947,-6643,1679.8366668224335
1713.7549998760223,3601,-946,-6643,1679.8416666984558
1713.7599999904633,3601,-944,-6639,1679.8466668128967
1713.7649998664856,3602,-942,-6635,1679.851666688919
1713.7699999809265,3601,-940,-6633,1679.85666680336
1713.7749998569489,3598,-936,-6637,1679.8616666793823
1713.7799999713898,3595,-932,-6649,1679.8666667938232
1713.784999847412,3593,-928,-6656,1679.8716666698456
1713.789999961853,3591,-926,-6664,1679.8766667842865
1713.7949998378754,3591,-925,-6670,1679.8816666603088
1713.7999999523165,3590,-924,-6675,1679.88666677475
1713.8049998283386,3587,-923,-6677,1679.891666650772
1713.8099999427795,3586,-922,-6678,1679.896666765213
1713.814999818802,3585,-920,-6678,1679.9016666412356
1713.8199999332428,3583,-918,-6678,1679.9066667556763
1713.8249998092651,3583,-917,-6678,1679.9116666316986
1713.829999923706,3583,-915,-6677,1679.9166667461395
1713.8349997997284,3582,-915,-6677,1679.9216666221619
1713.8399999141693,3581,-914,-6677,1679.9266667366028
1713.8449997901917,3578,-913,-6674,1679.9316666126251
1713.8499999046326,3575,-913,-6673,1679.936666727066
1713.854999780655,3572,-912,-6671,1679.9416666030884
1713.8599998950958,3572,-912,-6670,1679.9466667175293
1713.8649997711182,3573,-913,-6674,1679.9516665935516
1713.869999885559,3575,-912,-6678,1679.9566667079926
1713.875,3577,-912,-6679,1679.9616668224335
1713.8799998760223,3579,-914,-6678,1679.9666666984558
1713.8849999904633,3582,-917,-6676,1679.9716668128967
1713.8899998664856,3583,-921,-6673,1679.976666688919
1713.8949999809265,3584,-926,-6673,1679.98166680336
1713.8999998569489,3583,-927,-6673,1679.9866666793823
1713.9049999713898,3581,-927,-6673,1679.9916667938232
1713.909999847412,3579,-928,-6674,1679.9966666698456
1713.914999961853,3577,-928,-6679,1680.0016667842865
1713.9199998378754,3575,-929,-6685,1680.0066666603088
1713.9249999523165,3577,-930,-6687,1680.01166677475
1713.9299998283386,3578,-930,-6686,1680.016666650772
1713.9349999427795,3581,-931,-6683,1680.021666765213
1713.939999818802,3583,-933,-6681,1680.0266666412356
1713.9449999332428,3585,-934,-6681,1680.0316667556763
1713.9499998092651,3585,-936,-6682,1680.0366666316986
1713.954999923706,3585,-938,-6685,1680.0416667461395
1713.9599997997284,3584,-940,-6689,1680.0466666221619
1713.9649999141693,3585,-943,-6688,1680.0516667366028
1713.9699997901917,3587,-947,-6685,1680.0566666126251
1713.9749999046326,3589,-949,-6683,1680.061666727066
1713.979999780655,3592,-949,-6678,1680.0666666030884
1713.9849998950958,3592,-947,-6674,1680.0716667175293
1713.9899997711182,3592,-945,-6670,1680.0766665935516
1713.994999885559,3590,-943,-6667,1680.0816667079926
1714.0,3586,-946,-6673,1680.0866668224335
1714.0049998760223,3581,-949,-6679,1680.0916666984558
1714.0099999904633,3578,-952,-6682,1680.0966668128967
1714.0149998664856,3577,-953,-6683,1680.101666688919
1714.0199999809265,3577,-953,-6685,1680.10666680336
1714.0249998569489,3578,-955,-6686,1680.1116666793823
1714.0299999713898,3580,-957,-6685,1680.1166667938232
1714.034999847412,3583,-959,-6682,1680.1216666698456
1714.039999961853,3586,-963,-6680,1680.1266667842865
1714.0449998378754,3588,-965,-6677,1680.1316666603088
1714.0499999523165,3591,-967,-6676,1680.13666677475
1714.0549998283386,3594,-968,-6678,1680.141666650772
1714.0599999427795,3596,-967,-6680,1680.146666765213
1714.064999818802,3600,-969,-6686,1680.1516666412356
1714.0699999332428,3602,-970,-6694,1680.1566667556763
1714.0749998092651,3600,-972,-6702,1680.1616666316986
1714.079999923706,3598,-975,-6706,1680.1666667461395
1714.0849997997284,3596,-976,-6710,1680.1716666221619
1714.0899999141693,3595,-976,-6709,1680.1766667366028
1714.0949997901917,3594,-976,-6708,1680.1816666126251
1714.0999999046326,3594,-975,-6705,1680.186666727066
1714.104999780655,3593,-974,-6703,1680.1916666030884
1714.1099998950958,3590,-973,-6700,1680.1966667175293
1714.1149997711182,3588,-972,-6697,1680.2016665935516
1714.119999885559,3585,-971,-6696,1680.2066667079926
1714.125,3582,-970,-6691,1680.2116668224335
1714.1299998760223,3579,-968,-6687,1680.2166666984558
1714.1349999904633,3577,-967,-6684,1680.2216668128967
1714.1399998664856,3576,-966,-6681,1680.226666688919
1714.1449999809265,3577,-966,-6680,1680.23166680336
1714.1499998569489,3577,-966,-6683,1680.2366666793823
1714.1549999713898,3575,-967,-6688,1680.2416667938232
1714.159999847412,3572,-969,-6693,1680.2466666698456
1714.164999961853,3568,-970,-6698,1680.2516667842865
1714.1699998378754,3565,-972,-6704,1680.2566666603088
1714.1749999523165,3565,-972,-6704,1680.26166677475
1714.1799998283386,3566,-971,-6705,1680.266666650772
1714.1849999427795,3568,-971,-6704,1680.271666765213
1714.189999818802,3568,-972,-6705,1680.2766666412356
1714.1949999332428,3567,-972,-6707,1680.2816667556763
1714.1999998092651,3565,-970,-6709,1680.2866666316986
1714.204999923706,3563,-969,-6709,1680.2916667461395
1714.2099997997284,3560,-968,-6710,1680.2966666221619
1714.2149999141693,3559,-970,-6708,1680.3016667366028
1714.2199997901917,3559,-970,-6705,1680.3066666126251
1714.2249999046326,3560,-969,-6705,1680.311666727066
1714.229999780655,3561,-969,-6701,1680.3166666030884
1714.2349998950958,3564,-968,-6698,1680.3216667175293
1714.2399997711182,3565,-968,-6695,1680.3266665935516
1714.244999885559,3566,-969,-6692,1680.3316667079926
1714.25,3568,-969,-6693,1680.3366668224335
1714.2549998760223,3572,-969,-6692,1680.3416666984558
1714.2599999904633,3576,-969,-6691,1680.3466668128967
1714.2649998664856,3575,-964,-6689,1680.351666688919
1714.2699999809265,3575,-961,-6685,1680.35666680336
1714.2749998569489,3573,-957,-6685,1680.3616666793823
1714.2799999713898,3568,-952,-6685,1680.3666667938232
1714.284999847412,3566,-950,-6687,1680.3716666698456
1714.289999961853,3565,-945,-6687,1680.3766667842865
1714.2949998378754,3565,-940,-6686,1680.3816666603088
1714.2999999523165,3566,-935,-6687,1680.38666677475
1714.3049998283386,3565,-930,-6685,1680.391666650772
1714.3099999427795,3565,-926,-6681,1680.396666765213
1714.314999818802,3561,-920,-6678,1680.4016666412356
1714.3199999332428,3558,-912,-6673,1680.4066667556763
1714.3249998092651,3552,-900,-6671,1680.4116666316986
1714.329999923706,3543,-889,-6669,1680.4166667461395
1714.3349997997284,3535,-876,-6668,1680.4216666221619
1714.3399999141693,3527,-864,-6668,1680.4266667366028
1714.3449997901917,3519,-851,-6663,1680.4316666126251
1714.3499999046326,3510,-838,-6661,1680.436666727066
1714.354999780655,3496,-825,-6659,1680.4416666030884
1714.3599998950958,3481,-812,-6659,1680.4466667175293
1714.3649997711182,3463,-797,-6661,1680.4516665935516
1714.369999885559,3445,-782,-6663,1680.4566667079926
1714.375,3428,-766,-6660,1680.4616668224335
1714.3799998760223,3410,-749,-6657,1680.4666666984558
1714.3849999904633,3391,-732,-6656,1680.4716668128967
1714.3899998664856,3372,-715,-6657,1680.476666688919
1714.3949999809265,3351,-697,-6660,1680.48166680336
1714.3999998569489,3329,-680,-6667,1680.4866666793823
1714.4049999713898,3305,-662,-6675,1680.4916667938232
1714.409999847412,3284,-645,-6681,1680.4966666698456
1714.414999961853,3262,-626,-6687,1680.5016667842865
1714.4199998378754,3239,-606,-6688,1680.5066666603088
1714.4249999523165,3212,-583,-6686,1680.51166677475
1714.4299998283386,3184,-561,-6683,1680.516666650772
1714.4349999427795,3154,-541,-6678,1680.521666765213
1714.439999818802,3125,-521,-6675,1680.5266666412356
1714.4449999332428,3095,-503,-6672,1680.5316667556763
1714.4499998092651,3065,-484,-6670,1680.5366666316986
1714.454999923706,3035,-464,-6671,1680.5416667461395
1714.4599997997284,3009,-443,-6672,1680.5466666221619
1714.4649999141693,2983,-422,-6673,1680.5516667366028
1714.4699997901917,2957,-404,-6670,1680.5566666126251
1714.4749999046326,2928,-386,-6661,1680.561666727066
1714.479999780655,2898,-370,-6653,1680.5666666030884
1714.4849998950958,2870,-353,-6645,1680.5716667175293
1714.4899997711182,2846,-336,-6641,1680.5766665935516
1714.494999885559,2826,-320,-6636,1680.5816667079926
1714.5,2804,-305,-6637,1680.5866668224335
1714.5049998760223,2783,-292,-6636,1680.5916666984558
1714.5099999904633,2759,-282,-6636,1680.5966668128967
1714.5149998664856,2738,-273,-6638,1680.601666688919
1714.5199999809265,2720,-265,-6636,1680.60666680336
1714.5249998569489,2706,-257,-6635,1680.6116666793823
1714.5299999713898,2696,-249,-6632,1680.6166667938232
1714.534999847412,2687,-244,-6628,1680.6216666698456
1714.539999961853,2682,-239,-6630,1680.6266667842865
1714.5449998378754,2675,-233,-6632,1680.6316666603088
1714.5499999523165,2670,-226,-6636,1680.63666677475
1714.5549998283386,2665,-219,-6636,1680.641666650772
1714.5599999427795,2659,-215,-6639,1680.646666765213
1714.564999818802,2654,-210,-6638,1680.6516666412356
1714.5699999332428,2651,-206,-6641,1680.6566667556763
1714.5749998092651,2645,-203,-6645,1680.6616666316986
1714.579999923706,2640,-198,-6648,1680.6666667461395
1714.5849997997284,2640,-193,-6650,1680.6716666221619
1714.5899999141693,2638,-190,-6648,1680.6766667366028
1714.5949997901917,2638,-186,-6644,1680.6816666126251
1714.5999999046326,2636,-183,-6642,1680.686666727066
1714.604999780655,2631,-181,-6640,1680.6916666030884
1714.6099998950958,2626,-177,-6640,1680.6966667175293
1714.6149997711182,2624,-174,-6642,1680.7016665935516
1714.619999885559,2620,-171,-6643,1680.7066667079926
1714.625,2614,-167,-6643,1680.7116668224335
1714.6299998760223,2607,-163,-6641,1680.7166666984558
1714.6349999904633,2598,-158,-6643,1680.7216668128967
1714.6399998664856,2589,-154,-6645,1680.726666688919
1714.6449999809265,2582,-148,-6647,1680.73166680336
1714.6499998569489,2574,-142,-6651,1680.7366666793823
1714.6549999713898,2563,-135,-6652,1680.7416667938232
1714.659999847412,2549,-128,-6651,1680.7466666698456
1714.664999961853,2528,-120,-6650,1680.7516667842865
1714.6699998378754,2507,-115,-6652,1680.7566666603088
1714.6749999523165,2481,-107,-6655,1680.76166677475
1714.6799998283386,2457,-100,-6655,1680.766666650772
1714.6849999427795,2433,-92,-6657,1680.771666765213
1714.689999818802,2411,-82,-6655,1680.7766666412356
1714.6949999332428,2390,-73,-6653,1680.7816667556763
1714.6999998092651,2370,-63,-6653,1680.7866666316986
1714.704999923706,2352,-55,-6650,1680.7916667461395
1714.7099997997284,2332,-46,-6646,1680.7966666221619
1714.7149999141693,2316,-39,-6643,1680.8016667366028
1714.7199997901917,2298,-30,-6640,1680.8066666126251
1714.7249999046326,2277,-21,-6637,1680.811666727066
1714.729999780655,2255,-14,-6637,1680.8166666030884
1714.7349998950958,2227,-6,-6637,1680.8216667175293
1714.7399997711182,2201,0,-6635,1680.8266665935516
1714.744999885559,2172,7,-6633,1680.8316667079926
1714.75,2140,17,-6630,1680.8366668224335
1714.7549998760223,2111,28,-6629,1680.8416666984558
1714.7599999904633,2084,39,-6632,1680.8466668128967
1714.7649998664856,2059,49,-6637,1680.851666688919
1714.7699999809265,2039,61,-6637,1680.85666680336
1714.7749998569489,2015,71,-6636,1680.8616666793823
1714.7799999713898,1993,81,-6636,1680.8666667938232
1714.784999847412,1973,91,-6635,1680.8716666698456
1714.789999961853,1954,99,-6638,1680.8766667842865
1714.7949998378754,1939,107,-6639,1680.8816666603088
1714.7999999523165,1923,115,-6640,1680.88666677475
1714.8049998283386,1905,121,-6643,1680.891666650772
1714.8099999427795,1888,128,-6643,1680.896666765213
1714.814999818802,1871,134,-6644,1680.9016666412356
1714.8199999332428,1854,140,-6643,1680.9066667556763
1714.8249998092651,1843,147,-6642,1680.9116666316986
1714.829999923706,1831,153,-6638,1680.9166667461395
1714.8349997997284,1819,161,-6633,1680.9216666221619
1714.8399999141693,1807,170,-6628,1680.9266667366028
1714.8449997901917,1793,176,-6626,1680.9316666126251
1714.8499999046326,1779,182,-6626,1680.936666727066
1714.854999780655,1764,186,-6624,1680.9416666030884
1714.8599998950958,1752,190,-6620,1680.9466667175293
1714.8649997711182,1737,195,-6614,1680.9516665935516
1714.869999885559,1727,201,-6610,1680.9566667079926
1714.875,1719,204,-6611,1680.9616668224335
1714.8799998760223,1713,205,-6614,1680.9666666984558
1714.8849999904633,1707,204,-6617,1680.9716668128967
1714.8899998664856,1702,205,-6618,1680.976666688919
1714.8949999809265,1699,209,-6615,1680.98166680336
1714.8999998569489,1694,213,-6610,1680.9866666793823
1714.9049999713898,1686,217,-6606,1680.9916667938232
1714.909999847412,1673,222,-6603,1680.9966666698456
1714.914999961853,1657,226,-6599,1681.0016667842865
1714.9199998378754,1642,232,-6596,1681.0066666603088
1714.9249999523165,1631,236,-6592,1681.01166677475
1714.9299998283386,1620,240,-6586,1681.016666650772
1714.9349999427795,1611,242,-6581,1681.021666765213
1714.939999818802,1601,244,-6575,1681.0266666412356
1714.9449999332428,1588,247,-6572,1681.0316667556763
1714.9499998092651,1571,251,-6576,1681.0366666316986
1714.954999923706,1554,253,-6578,1681.0416667461395
1714.9599997997284,1537,255,-6580,1681.0466666221619
1714.9649999141693,1520,258,-6583,1681.0516667366028
1714.9699997901917,1504,260,-6583,1681.0566666126251
1714.9749999046326,1487,263,-6585,1681.061666727066
1714.979999780655,1467,266,-6587,1681.0666666030884
1714.9849998950958,1449,270,-6588,1681.0716667175293
1714.9899997711182,1430,273,-6588,1681.0766665935516
1714.994999885559,1413,276,-6590,1681.0816667079926
1715.0,1399,280,-6590,1681.0866668224335
1715.0049998760223,1385,285,-6589,1681.0916666984558
1715.0099999904633,1373,290,-6590,1681.0966668128967
1715.0149998664856,1359,295,-6591,1681.101666688919
1715.0199999809265,1347,302,-6592,1681.10666680336
1715.0249998569489,1334,306,-6594,1681.1116666793823
1715.0299999713898,1325,310,-6591,1681.1166667938232
1715.034999847412,1319,311,-6590,1681.1216666698456
1715.039999961853,1313,310,-6593,1681.1266667842865
1715.0449998378754,1309,311,-6593,1681.1316666603088
1715.0499999523165,1306,310,-6597,1681.13666677475
1715.0549998283386,1304,309,-6600,1681.141666650772
1715.0599999427795,1304,308,-6604,1681.146666765213
1715.064999818802,1305,307,-6607,1681.1516666412356
1715.0699999332428,1304,305,-6609,1681.1566667556763
1715.0749998092651,1305,304,-6609,1681.1616666316986
1715.079999923706,1306,302,-6605,1681.1666667461395
1715.0849997997284,1309,302,-6599,1681.1716666221619
1715.0899999141693,1313,304,-6598,1681.1766667366028
1715.0949997901917,1316,305,-6599,1681.1816666126251
1715.0999999046326,1318,308,-6604,1681.186666727066
1715.104999780655,1320,309,-6605,1681.1916666030884
1715.1099998950958,1322,310,-6604,1681.1966667175293
1715.1149997711182,1323,311,-6602,1681.2016665935516
1715.119999885559,1324,311,-6601,1681.2066667079926
1715.125,1325,310,-6602,1681.2116668224335
1715.1299998760223,1326,310,-6602,1681.2166666984558
1715.1349999904633,1328,310,-6604,1681.2216668128967
1715.1399998664856,1329,311,-6608,1681.226666688919
1715.1449999809265,1327,312,-6614,1681.23166680336
1715.1499998569489,1327,312,-6621,1681.2366666793823
1715.1549999713898,1324,312,-6625,1681.2416667938232
1715.159999847412,1320,309,-6627,1681.2466666698456
1715.164999961853,1315,308,-6623,1681.2516667842865
1715.1699998378754,1307,308,-6617,1681.2566666603088
1715.1749999523165,1300,310,-6616,1681.26166677475
1715.1799998283386,1292,311,-6616,1681.266666650772
1715.1849999427795,1286,311,-6618,1681.271666765213
1715.189999818802,1277,313,-6620,1681.2766666412356
1715.1949999332428,1264,312,-6619,1681.2816667556763
1715.1999998092651,1250,314,-6616,1681.2866666316986
1715.204999923706,1232,316,-6614,1681.2916667461395
1715.2099997997284,1213,317,-6612,1681.2966666221619
1715.2149999141693,1195,319,-6611,1681.3016667366028
1715.2199997901917,1177,322,-6610,1681.3066666126251
1715.2249999046326,1157,326,-6609,1681.311666727066
1715.229999780655,1136,332,-6607,1681.3166666030884
1715.2349998950958,1115,338,-6602,1681.3216667175293
1715.2399997711182,1095,343,-6599,1681.3266665935516
1715.244999885559,1072,349,-6592,1681.3316667079926
1715.25,1049,353,-6585,1681.3366668224335
1715.2549998760223,1026,356,-6580,1681.3416666984558
1715.2599999904633,1004,358,-6575,1681.3466668128967
1715.2649998664856,984,359,-6574,1681.351666688919
1715.2699999809265,966,359,-6574,1681.35666680336
1715.2749998569489,950,357,-6573,1681.3616666793823
1715.2799999713898,937,357,-6575,1681.3666667938232
1715.284999847412,926,357,-6578,1681.3716666698456
1715.289999961853,917,357,-6582,1681.3766667842865
1715.2949998378754,909,360,-6588,1681.3816666603088
1715.2999999523165,901,362,-6590,1681.38666677475
1715.3049998283386,894,364,-6592,1681.391666650772
1715.3099999427795,886,365,-6593,1681.396666765213
1715.314999818802,881,365,-6597,1681.4016666412356
1715.3199999332428,875,364,-6604,1681.4066667556763
1715.3249998092651,871,363,-6609,1681.4116666316986
1715.329999923706,869,363,-6611,1681.4166667461395
1715.3349997997284,866,362,-6615,1681.4216666221619
1715.3399999141693,866,362,-6617,1681.4266667366028
1715.3449997901917,866,361,-6621,1681.4316666126251
1715.3499999046326,866,360,-6622,1681.436666727066
1715.354999780655,867,360,-6620,1681.4416666030884
1715.3599998950958,872,360,-6621,1681.4466667175293
1715.3649997711182,875,361,-6614,1681.4516665935516
1715.369999885559,877,362,-6612,1681.4566667079926
1715.375,877,360,-6607,1681.4616668224335
1715.3799998760223,877,359,-6606,1681.4666666984558
1715.3849999904633,881,359,-6602,1681.4716668128967
1715.3899998664856,885,358,-6597,1681.476666688919
1715.3949999809265,888,358,-6594,1681.48166680336
1715.3999998569489,889,357,-6591,1681.4866666793823
1715.4049999713898,889,355,-6589,1681.4916667938232
1715.409999847412,887,354,-6590,1681.4966666698456
1715.414999961853,887,353,-6588,1681.5016667842865
1715.4199998378754,889,352,-6589,1681.5066666603088
1715.4249999523165,891,353,-6589,1681.51166677475
1715.4299998283386,892,354,-6590,1681.516666650772
1715.4349999427795,888,355,-6593,1681.521666765213
1715.439999818802,883,359,-6595,1681.5266666412356
1715.4449999332428,877,363,-6597,1681.5316667556763
1715.4499998092651,873,367,-6598,1681.5366666316986
1715.454999923706,870,370,-6599,1681.5416667461395
1715.4599997997284,866,372,-6601,1681.5466666221619
1715.4649999141693,862,374,-6604,1681.5516667366028
1715.4699997901917,855,375,-6606,1681.5566666126251
1715.4749999046326,845,377,-6606,1681.561666727066
1715.479999780655,835,379,-6605,1681.5666666030884
1715.4849998950958,824,380,-6605,1681.5716667175293
1715.4899997711182,814,380,-6608,1681.5766665935516
1715.494999885559,806,380,-6608,1681.5816667079926
1715.5,799,382,-6608,1681.5866668224335
1715.5049998760223,792,383,-6607,1681.5916666984558
1715.5099999904633,783,386,-6607,1681.5966668128967
1715.5149998664856,773,388,-6610,1681.601666688919
1715.5199999809265,762,389,-6611,1681.60666680336
1715.5249998569489,753,387,-6616,1681.6116666793823
1715.5299999713898,746,385,-6620,1681.6166667938232
1715.534999847412,743,380,-6623,1681.6216666698456
1715.539999961853,738,375,-6627,1681.6266667842865
1715.5449998378754,734,370,-6628,1681.6316666603088
1715.5499999523165,731,369,-6626,1681.63666677475
1715.5549998283386,730,369,-6623,1681.641666650772
1715.5599999427795,729,369,-6619,1681.646666765213
1715.564999818802,727,369,-6618,1681.6516666412356
1715.5699999332428,727,369,-6617,1681.6566667556763
1715.5749998092651,727,368,-6619,1681.6616666316986
1715.579999923706,726,366,-6623,1681.6666667461395
1715.5849997997284,728,366,-6623,1681.6716666221619
1715.5899999141693,729,366,-6623,1681.6766667366028
1715.5949997901917,731,366,-6621,1681.6816666126251
1715.5999999046326,737,367,-6620,1681.686666727066
1715.604999780655,745,368,-6616,1681.6916666030884
1715.6099998950958,755,368,-6615,1681.6966667175293
1715.6149997711182,764,365,-6613,1681.7016665935516
1715.619999885559,772,363,-6610,1681.7066667079926
1715.625,779,361,-6611,1681.7116668224335
1715.6299998760223,785,358,-6612,1681.7166666984558
1715.6349999904633,793,355,-6610,1681.7216668128967
1715.6399998664856,803,352,-6607,1681.726666688919
1715.6449999809265,815,350,-6604,1681.73166680336
1715.6499998569489,825,345,-6607,1681.7366666793823
1715.6549999713898,834,342,-6610,1681.7416667938232
1715.659999847412,842,342,-6614,1681.7466666698456
1715.664999961853,851,343,-6613,1681.7516667842865
1715.6699998378754,861,345,-6610,1681.7566666603088
1715.6749999523165,871,346,-6611,1681.76166677475
1715.6799998283386,880,345,-6612,1681.766666650772
1715.6849999427795,886,343,-6619,1681.771666765213
1715.689999818802,892,342,-6625,1681.7766666412356
1715.6949999332428,894,342,-6629,1681.7816667556763
1715.6999998092651,894,343,-6632,1681.7866666316986
1715.704999923706,896,344,-6636,1681.7916667461395
1715.7099997997284,898,344,-6637,1681.7966666221619
1715.7149999141693,901,344,-6637,1681.8016667366028
1715.7199997901917,903,343,-6638,1681.8066666126251
1715.7249999046326,901,342,-6638,1681.811666727066
1715.729999780655,898,343,-6638,1681.8166666030884
1715.7349998950958,896,342,-6637,1681.8216667175293
1715.7399997711182,892,341,-6634,1681.8266665935516
1715.744999885559,889,340,-6630,1681.8316667079926
1715.75,884,338,-6622,1681.8366668224335
1715.7549998760223,882,335,-6617,1681.8416666984558
1715.7599999904633,881,330,-6611,1681.8466668128967
1715.7649998664856,881,329,-6606,1681.851666688919
1715.7699999809265,881,329,-6603,1681.85666680336
1715.7749998569489,876,329,-6600,1681.8616666793823
1715.7799999713898,872,332,-6596,1681.8666667938232
1715.784999847412,868,334,-6594,1681.8716666698456
1715.789999961853,865,334,-6594,1681.8766667842865
1715.7949998378754,862,334,-6595,1681.8816666603088
1715.7999999523165,862,333,-6595,1681.88666677475
1715.8049998283386,863,332,-6595,1681.891666650772
1715.8099999427795,863,335,-6594,1681.896666765213
1715.814999818802,864,335,-6590,1681.9016666412356
1715.8199999332428,864,337,-6588,1681.9066667556763
1715.8249998092651,863,335,-6587,1681.9116666316986
1715.829999923706,863,331,-6587,1681.9166667461395
1715.8349997997284,861,328,-6589,1681.9216666221619
1715.8399999141693,859,324,-6591,1681.9266667366028
1715.8449997901917,855,322,-6594,1681.9316666126251
1715.8499999046326,852,321,-6595,1681.936666727066
1715.854999780655,850,321,-6593,1681.9416666030884
1715.8599998950958,849,321,-6592,1681.9466667175293
1715.8649997711182,850,321,-6594,1681.9516665935516
1715.869999885559,851,323,-6595,1681.9566667079926
1715.875,851,328,-6600,1681.9616668224335
1715.8799998760223,852,331,-6602,1681.9666666984558
1715.8849999904633,849,332,-6604,1681.9716668128967
1715.8899998664856,845,331,-6606,1681.976666688919
1715.8949999809265,841,330,-6605,1681.98166680336
1715.8999998569489,837,331,-6607,1681.9866666793823
1715.9049999713898,833,332,-6608,1681.9916667938232
1715.909999847412,832,332,-6608,1681.9966666698456
1715.914999961853,830,331,-6611,1682.0016667842865
1715.9199998378754,829,331,-6609,1682.0066666603088
1715.9249999523165,830,331,-6607,1682.01166677475
1715.9299998283386,831,331,-6602,1682.016666650772
1715.9349999427795,829,332,-6594,1682.021666765213
1715.939999818802,828,332,-6589,1682.0266666412356
1715.9449999332428,826,332,-6585,1682.0316667556763
1715.9499998092651,826,333,-6587,1682.0366666316986
1715.954999923706,827,334,-6591,1682.0416667461395
1715.9599997997284,826,335,-6595,1682.0466666221619
1715.9649999141693,826,335,-6601,1682.0516667366028
1715.9699997901917,828,336,-6610,1682.0566666126251
1715.9749999046326,830,336,-6618,1682.061666727066
1715.979999780655,835,337,-6620,1682.0666666030884
1715.9849998950958,839,336,-6624,1682.0716667175293
1715.9899997711182,841,334,-6625,1682.0766665935516
1715.994999885559,842,333,-6625,1682.0816667079926
1716.0,843,334,-6631,1682.0866668224335
1716.0049998760223,844,336,-6637,1682.0916666984558
1716.0099999904633,844,338,-6644,1682.0966668128967
1716.0149998664856,844,338,-6651,1682.101666688919
1716.0199999809265,842,340,-6658,1682.10666680336
1716.0249998569489,840,340,-6656,1682.1116666793823
1716.0299999713898,839,341,-6656,1682.1166667938232
1716.034999847412,838,340,-6653,1682.1216666698456
1716.039999961853,838,338,-6646,1682.1266667842865
1716.0449998378754,842,336,-6644,1682.1316666603088
1716.0499999523165,847,334,-6643,1682.13666677475
1716.0549998283386,851,334,-6640,1682.141666650772
1716.0599999427795,852,335,-6640,1682.146666765213
1716.064999818802,853,337,-6639,1682.1516666412356
1716.0699999332428,854,338,-6637,1682.1566667556763
1716.0749998092651,854,337,-6636,1682.1616666316986
1716.079999923706,855,336,-6635,1682.1666667461395
1716.0849997997284,855,336,-6632,1682.1716666221619
1716.0899999141693,855,335,-6632,1682.1766667366028
1716.0949997901917,857,335,-6633,1682.1816666126251
1716.0999999046326,860,335,-6637,1682.186666727066
1716.104999780655,861,334,-6640,1682.1916666030884
1716.1099998950958,860,334,-6644,1682.1966667175293
1716.1149997711182,858,333,-6646,1682.2016665935516
1716.119999885559,856,332,-6647,1682.2066667079926
1716.125,856,332,-6648,1682.2116668224335
1716.1299998760223,858,332,-6648,1682.2166666984558
1716.1349999904633,860,333,-6645,1682.2216668128967
1716.1399998664856,862,332,-6645,1682.226666688919
1716.1449999809265,862,331,-6644,1682.23166680336
1716.1499998569489,860,329,-6642,1682.2366666793823
1716.1549999713898,858,328,-6638,1682.2416667938232
1716.159999847412,857,329,-6635,1682.2466666698456
1716.164999961853,858,330,-6636,1682.2516667842865
1716.1699998378754,858,330,-6637,1682.2566666603088
1716.1749999523165,858,331,-6639,1682.26166677475
1716.1799998283386,856,330,-6640,1682.266666650772
1716.1849999427795,855,329,-6642,1682.271666765213
1716.189999818802,854,327,-6645,1682.2766666412356
1716.1949999332428,854,327,-6652,1682.2816667556763
1716.1999998092651,853,327,-6655,1682.2866666316986
1716.204999923706,852,328,-6655,1682.2916667461395
1716.2099997997284,853,328,-6654,1682.2966666221619
1716.2149999141693,854,326,-6654,1682.3016667366028
1716.2199997901917,856,321,-6654,1682.3066666126251
1716.2249999046326,857,313,-6657,1682.311666727066
1716.229999780655,858,307,-6661,1682.3166666030884
1716.2349998950958,857,303,-6663,1682.3216667175293
1716.2399997711182,858,301,-6663,1682.3266665935516
1716.244999885559,859,301,-6662,1682.3316667079926
1716.25,860,299,-6664,1682.3366668224335
1716.2549998760223,863,297,-6661,1682.3416666984558
1716.2599999904633,868,296,-6658,1682.3466668128967
1716.2649998664856,873,295,-6653,1682.351666688919
1716.2699999809265,877,295,-6649,1682.35666680336
1716.2749998569489,880,294,-6647,1682.3616666793823
1716.2799999713898,880,293,-6648,1682.3666667938232
1716.284999847412,880,291,-6648,1682.3716666698456
1716.289999961853,880,288,-6649,1682.3766667842865
1716.2949998378754,882,287,-6650,1682.3816666603088
1716.2999999523165,886,286,-6652,1682.38666677475
1716.3049998283386,890,284,-6656,1682.391666650772
1716.3099999427795,896,280,-6659,1682.396666765213
1716.314999818802,899,276,-6661,1682.4016666412356
1716.3199999332428,901,273,-6662,1682.4066667556763
1716.3249998092651,901,272,-6662,1682.4116666316986
1716.329999923706,903,269,-6663,1682.4166667461395
1716.3349997997284,904,268,-6666,1682.4216666221619
1716.3399999141693,907,266,-6666,1682.4266667366028
1716.3449997901917,910,263,-6667,1682.4316666126251
1716.3499999046326,913,261,-6665,1682.436666727066
1716.354999780655,916,258,-6665,1682.4416666030884
1716.3599998950958,919,257,-6665,1682.4466667175293
1716.3649997711182,922,255,-6663,1682.4516665935516
1716.369999885559,925,253,-6661,1682.4566667079926
1716.375,930,252,-6660,1682.4616668224335
1716.3799998760223,935,251,-6661,1682.4666666984558
1716.3849999904633,941,250,-6660,1682.4716668128967
1716.3899998664856,946,251,-6658,1682.476666688919
1716.3949999809265,950,252,-6655,1682.48166680336
1716.3999998569489,949,250,-6652,1682.4866666793823
1716.4049999713898,950,248,-6651,1682.4916667938232
1716.409999847412,950,247,-6654,1682.4966666698456
1716.414999961853,950,246,-6655,1682.5016667842865
1716.4199998378754,951,247,-6660,1682.5066666603088
1716.4249999523165,951,247,-6669,1682.51166677475
1716.4299998283386,951,246,-6675,1682.516666650772
1716.4349999427795,951,244,-6677,1682.521666765213
1716.439999818802,950,241,-6678,1682.5266666412356
1716.4449999332428,949,240,-6677,1682.5316667556763
1716.4499998092651,947,238,-6672,1682.5366666316986
1716.454999923706,944,237,-6669,1682.5416667461395
1716.4599997997284,942,237,-6668,1682.5466666221619
1716.4649999141693,939,237,-6669,1682.5516667366028
1716.4699997901917,938,239,-6669,1682.5566666126251
1716.4749999046326,937,239,-6672,1682.561666727066
1716.479999780655,937,238,-6672,1682.5666666030884
1716.4849998950958,940,235,-6674,1682.5716667175293
1716.4899997711182,944,233,-6680,1682.5766665935516
1716.494999885559,947,231,-6683,1682.5816667079926
1716.5,948,229,-6688,1682.5866668224335
1716.5049998760223,947,227,-6691,1682.5916666984558
1716.5099999904633,946,224,-6693,1682.5966668128967
1716.5149998664856,948,223,-6695,1682.601666688919
1716.5199999809265,951,223,-6697,1682.60666680336
1716.5249998569489,952,225,-6699,1682.6116666793823
1716.5299999713898,952,225,-6702,1682.6166667938232
1716.534999847412,951,224,-6706,1682.6216666698456
1716.539999961853,949,223,-6710,1682.6266667842865
1716.5449998378754,950,220,-6714,1682.6316666603088
1716.5499999523165,950,218,-6716,1682.63666677475
1716.5549998283386,953,216,-6716,1682.641666650772
1716.5599999427795,957,214,-6714,1682.646666765213
1716.564999818802,961,213,-6713,1682.6516666412356
1716.5699999332428,965,212,-6715,1682.6566667556763
1716.5749998092651,969,210,-6715,1682.6616666316986
1716.579999923706,970,209,-6716,1682.6666667461395
1716.5849997997284,973,208,-6717,1682.6716666221619
1716.5899999141693,974,205,-6717,1682.6766667366028
1716.5949997901917,974,203,-6719,1682.6816666126251
1716.5999999046326,975,200,-6722,1682.686666727066
1716.604999780655,975,197,-6723,1682.6916666030884
1716.6099998950958,978,195,-6724,1682.6966667175293
1716.6149997711182,980,192,-6727,1682.7016665935516
1716.619999885559,982,189,-6729,1682.7066667079926
1716.625,984,186,-6732,1682.7116668224335
1716.6299998760223,984,186,-6736,1682.7166666984558
1716.6349999904633,986,187,-6739,1682.7216668128967
1716.6399998664856,988,188,-6739,1682.726666688919
1716.6449999809265,991,188,-6737,1682.73166680336
1716.6499998569489,994,186,-6734,1682.7366666793823
1716.6549999713898,995,184,-6731,1682.7416667938232
1716.659999847412,996,182,-6732,1682.7466666698456
1716.664999961853,996,179,-6734,1682.7516667842865
1716.6699998378754,998,177,-6738,1682.7566666603088
1716.6749999523165,1004,174,-6738,1682.76166677475
1716.6799998283386,1009,171,-6740,1682.766666650772
1716.6849999427795,1014,169,-6742,1682.771666765213
1716.689999818802,1016,168,-6741,1682.7766666412356
1716.6949999332428,1016,169,-6746,1682.7816667556763
1716.6999998092651,1017,168,-6751,1682.7866666316986
1716.704999923706,1017,169,-6755,1682.7916667461395
1716.7099997997284,1018,171,-6757,1682.7966666221619
1716.7149999141693,1020,171,-6757,1682.8016667366028
1716.7199997901917,1019,171,-6757,1682.8066666126251
1716.7249999046326,1017,169,-6761,1682.811666727066
1716.729999780655,1015,167,-6763,1682.8166666030884
1716.7349998950958,1014,165,-6765,1682.8216667175293
1716.7399997711182,1015,165,-6765,1682.8266665935516
1716.744999885559,1015,165,-6764,1682.8316667079926
1716.75,1017,168,-6759,1682.8366668224335
1716.7549998760223,1019,167,-6759,1682.8416666984558
1716.7599999904633,1022,167,-6759,1682.8466668128967
1716.7649998664856,1027,166,-6760,1682.851666688919
1716.7699999809265,1032,163,-6761,1682.85666680336
1716.7749998569489,1037,160,-6760,1682.8616666793823
1716.7799999713898,1042,157,-6761,1682.8666667938232
1716.784999847412,1047,154,-6759,1682.8716666698456
1716.789999961853,1054,151,-6761,1682.8766667842865
1716.7949998378754,1061,148,-6763,1682.8816666603088
1716.7999999523165,1067,147,-6762,1682.88666677475
1716.8049998283386,1073,144,-6765,1682.891666650772
1716.8099999427795,1080,143,-6766,1682.896666765213
1716.814999818802,1087,142,-6769,1682.9016666412356
1716.8199999332428,1093,141,-6773,1682.9066667556763
1716.8249998092651,1100,141,-6775,1682.9116666316986
1716.829999923706,1108,141,-6778,1682.9166667461395
1716.8349997997284,1117,141,-6779,1682.9216666221619
1716.8399999141693,1126,140,-6778,1682.9266667366028
1716.8449997901917,1137,140,-6776,1682.9316666126251
1716.8499999046326,1147,140,-6777,1682.936666727066
1716.854999780655,1157,138,-6779,1682.9416666030884
1716.8599998950958,1170,138,-6779,1682.9466667175293
1716.8649997711182,1182,138,-6781,1682.9516665935516
1716.869999885559,1193,135,-6785,1682.9566667079926
1716.875,1202,133,-6787,1682.9616668224335
1716.8799998760223,1206,131,-6789,1682.9666666984558
1716.8849999904633,1209,129,-6785,1682.9716668128967
1716.8899998664856,1212,129,-6781,1682.976666688919
1716.8949999809265,1213,127,-6780,1682.98166680336
1716.8999998569489,1216,124,-6778,1682.9866666793823
1716.9049999713898,1219,120,-6778,1682.9916667938232
1716.909999847412,1221,116,-6779,1682.9966666698456
1716.914999961853,1224,114,-6776,1683.0016667842865
1716.9199998378754,1226,113,-6779,1683.0066666603088
1716.9249999523165,1228,113,-6782,1683.01166677475
1716.9299998283386,1228,113,-6786,1683.016666650772
1716.9349999427795,1227,113,-6788,1683.021666765213
1716.939999818802,1225,112,-6788,1683.0266666412356
1716.9449999332428,1222,109,-6788,1683.0316667556763
1716.9499998092651,1220,108,-6783,1683.0366666316986
1716.954999923706,1221,106,-6783,1683.0416667461395
1716.9599997997284,1223,107,-6784,1683.0466666221619
1716.9649999141693,1226,109,-6786,1683.0516667366028
1716.9699997901917,1227,108,-6787,1683.0566666126251
1716.9749999046326,1228,108,-6787,1683.061666727066
1716.979999780655,1228,108,-6785,1683.0666666030884
1716.9849998950958,1227,106,-6784,1683.0716667175293
1716.9899997711182,1225,105,-6787,1683.0766665935516
1716.994999885559,1222,103,-6789,1683.0816667079926
1717.0,1221,102,-6787,1683.0866668224335
1717.0049998760223,1217,100,-6786,1683.0916666984558
1717.0099999904633,1215,100,-6786,1683.0966668128967
1717.0149998664856,1212,100,-6785,1683.101666688919
1717.0199999809265,1211,99,-6786,1683.10666680336
1717.0249998569489,1213,97,-6787,1683.1116666793823
1717.0299999713898,1214,94,-6787,1683.1166667938232
1717.034999847412,1217,94,-6788,1683.1216666698456
1717.039999961853,1216,94,-6791,1683.1266667842865
1717.0449998378754,1214,93,-6793,1683.1316666603088
1717.0499999523165,1212,91,-6793,1683.13666677475
1717.0549998283386,1211,89,-6793,1683.141666650772
1717.0599999427795,1211,87,-6793,1683.146666765213
1717.064999818802,1211,87,-6793,1683.1516666412356
1717.0699999332428,1209,87,-6793,1683.1566667556763
1717.0749998092651,1206,86,-6793,1683.1616666316986
1717.079999923706,1204,85,-6788,1683.1666667461395
1717.0849997997284,1204,82,-6781,1683.1716666221619
1717.0899999141693,1204,80,-6777,1683.1766667366028
1717.0949997901917,1203,78,-6774,1683.1816666126251
1717.0999999046326,1203,76,-6775,1683.186666727066
1717.104999780655,1202,74,-6777,1683.1916666030884
1717.1099998950958,1199,71,-6778,1683.1966667175293
1717.1149997711182,1198,68,-6776,1683.2016665935516
1717.119999885559,1195,66,-6774,1683.2066667079926
1717.125,1192,64,-6774,1683.2116668224335
1717.1299998760223,1189,63,-6776,1683.2166666984558
1717.1349999904633,1188,63,-6781,1683.2216668128967
1717.1399998664856,1188,65,-6787,1683.226666688919
1717.1449999809265,1187,67,-6789,1683.23166680336
1717.1499998569489,1186,69,-6791,1683.2366666793823
1717.1549999713898,1186,69,-6791,1683.2416667938232
1717.159999847412,1187,69,-6789,1683.2466666698456
1717.164999961853,1186,68,-6789,1683.2516667842865
1717.1699998378754,1185,68,-6788,1683.2566666603088
1717.1749999523165,1185,68,-6789,1683.26166677475
1717.1799998283386,1184,69,-6791,1683.266666650772
1717.1849999427795,1183,69,-6792,1683.271666765213
1717.189999818802,1182,67,-6792,1683.2766666412356
1717.1949999332428,1180,68,-6790,1683.2816667556763
1717.1999998092651,1181,69,-6790,1683.2866666316986
1717.204999923706,1182,71,-6788,1683.2916667461395
1717.2099997997284,1182,72,-6790,1683.2966666221619
1717.2149999141693,1184,73,-6796,1683.3016667366028
1717.2199997901917,1186,73,-6800,1683.3066666126251
1717.2249999046326,1191,74,-6803,1683.311666727066
1717.229999780655,1194,75,-6803,1683.3166666030884
1717.2349998950958,1195,76,-6802,1683.3216667175293
1717.2399997711182,1196,76,-6803,1683.3266665935516
1717.244999885559,1196,76,-6802,1683.3316667079926
1717.25,1195,76,-6800,1683.3366668224335
1717.2549998760223,1194,75,-6795,1683.3416666984558
1717.2599999904633,1194,73,-6787,1683.3466668128967
1717.2649998664856,1194,71,-6784,1683.351666688919
1717.2699999809265,1193,68,-6778,1683.35666680336
1717.2749998569489,1195,66,-6776,1683.3616666793823
1717.2799999713898,1196,66,-6774,1683.3666667938232
1717.284999847412,1197,65,-6770,1683.3716666698456
1717.289999961853,1201,65,-6768,1683.3766667842865
1717.2949998378754,1204,66,-6766,1683.3816666603088
1717.2999999523165,1209,68,-6771,1683.38666677475
1717.3049998283386,1214,70,-6775,1683.391666650772
1717.3099999427795,1218,72,-6780,1683.396666765213
1717.314999818802,1218,74,-6781,1683.4016666412356
1717.3199999332428,1214,77,-6775,1683.4066667556763
1717.3249998092651,1209,80,-6771,1683.4116666316986
1717.329999923706,1203,83,-6769,1683.4166667461395
1717.3349997997284,1196,86,-6770,1683.4216666221619
1717.3399999141693,1190,87,-6772,1683.4266667366028
1717.3449997901917,1183,90,-6772,1683.4316666126251
1717.3499999046326,1176,93,-6769,1683.436666727066
1717.354999780655,1170,95,-6770,1683.4416666030884
1717.3599998950958,1165,101,-6770,1683.4466667175293
1717.3649997711182,1158,106,-6773,1683.4516665935516
1717.369999885559,1149,110,-6774,1683.4566667079926
1717.375,1139,111,-6772,1683.4616668224335
1717.3799998760223,1131,112,-6771,1683.4666666984558
1717.3849999904633,1124,112,-6771,1683.4716668128967
1717.3899998664856,1116,114,-6768,1683.476666688919
1717.3949999809265,1108,115,-6765,1683.48166680336
1717.3999998569489,1099,117,-6763,1683.4866666793823
1717.4049999713898,1092,118,-6763,1683.4916667938232
1717.409999847412,1085,118,-6762,1683.4966666698456
1717.414999961853,1079,119,-6767,1683.5016667842865
1717.4199998378754,1076,118,-6772,1683.5066666603088
1717.4249999523165,1072,119,-6775,1683.51166677475
1717.4299998283386,1068,118,-6779,1683.516666650772
1717.4349999427795,1064,117,-6781,1683.521666765213
1717.439999818802,1060,116,-6784,1683.5266666412356
1717.4449999332428,1056,115,-6787,1683.5316667556763
1717.4499998092651,1053,114,-6789,1683.5366666316986
1717.454999923706,1049,114,-6792,1683.5416667461395
1717.4599997997284,1045,113,-6790,1683.5466666221619
1717.4649999141693,1045,113,-6785,1683.5516667366028
1717.4699997901917,1044,113,-6777,1683.5566666126251
1717.4749999046326,1044,113,-6770,1683.561666727066
1717.479999780655,1044,113,-6765,1683.5666666030884
1717.4849998950958,1043,112,-6763,1683.5716667175293
1717.4899997711182,1045,110,-6764,1683.5766665935516
1717.494999885559,1047,109,-6769,1683.5816667079926
1717.5,1050,108,-6774,1683.5866668224335
1717.5049998760223,1054,106,-6782,1683.5916666984558
1717.5099999904633,1056,106,-6784,1683.5966668128967
1717.5149998664856,1058,103,-6787,1683.601666688919
1717.5199999809265,1061,100,-6786,1683.60666680336
1717.5249998569489,1063,97,-6783,1683.6116666793823
1717.5299999713898,1064,93,-6785,1683.6166667938232
1717.534999847412,1065,90,-6781,1683.6216666698456
1717.539999961853,1067,86,-6780,1683.6266667842865
1717.5449998378754,1069,82,-6779,1683.6316666603088
1717.5499999523165,1075,77,-6782,1683.63666677475
1717.5549998283386,1081,74,-6785,1683.641666650772
1717.5599999427795,1084,72,-6787,1683.646666765213
1717.564999818802,1086,72,-6787,1683.6516666412356
1717.5699999332428,1083,71,-6790,1683.6566667556763
1717.5749998092651,1082,71,-6798,1683.6616666316986
1717.579999923706,1084,68,-6807,1683.6666667461395
1717.5849997997284,1084,65,-6811,1683.6716666221619
1717.5899999141693,1085,62,-6812,1683.6766667366028
1717.5949997901917,1087,59,-6813,1683.6816666126251
1717.5999999046326,1087,57,-6812,1683.686666727066
1717.604999780655,1089,56,-6815,1683.6916666030884
1717.6099998950958,1092,56,-6816,1683.6966667175293
1717.6149997711182,1095,56,-6818,1683.7016665935516
1717.619999885559,1100,56,-6819,1683.7066667079926
1717.625,1104,54,-6819,1683.7116668224335
1717.6299998760223,1109,53,-6819,1683.7166666984558
1717.6349999904633,1113,53,-6815,1683.7216668128967
1717.6399998664856,1116,55,-6809,1683.726666688919
1717.6449999809265,1121,55,-6804,1683.73166680336
1717.6499998569489,1125,54,-6800,1683.7366666793823
1717.6549999713898,1129,52,-6796,1683.7416667938232
1717.659999847412,1134,51,-6793,1683.7466666698456
1717.664999961853,1136,51,-6794,1683.7516667842865
1717.6699998378754,1138,49,-6793,1683.7566666603088
1717.6749999523165,1141,48,-6792,1683.76166677475
1717.6799998283386,1144,47,-6795,1683.766666650772
1717.6849999427795,1148,46,-6797,1683.771666765213
1717.689999818802,1152,47,-6798,1683.7766666412356
1717.6949999332428,1155,48,-6803,1683.7816667556763
1717.6999998092651,1155,48,-6804,1683.7866666316986
1717.704999923706,1156,46,-6805,1683.7916667461395
1717.7099997997284,1156,45,-6809,1683.7966666221619
1717.7149999141693,1156,44,-6811,1683.8016667366028
1717.7199997901917,1157,42,-6814,1683.8066666126251
1717.7249999046326,1157,41,-6813,1683.811666727066
1717.729999780655,1159,38,-6810,1683.8166666030884
1717.7349998950958,1161,35,-6812,1683.8216667175293
1717.7399997711182,1165,35,-6813,1683.8266665935516
1717.744999885559,1167,34,-6816,1683.8316667079926
1717.75,1168,33,-6818,1683.8366668224335
1717.7549998760223,1167,32,-6818,1683.8416666984558
1717.7599999904633,1165,31,-6819,1683.8466668128967
1717.7649998664856,1164,31,-6815,1683.851666688919
1717.7699999809265,1163,32,-6816,1683.85666680336
1717.7749998569489,1163,32,-6818,1683.8616666793823
1717.7799999713898,1161,31,-6819,1683.8666667938232
1717.784999847412,1158,28,-6823,1683.8716666698456
1717.789999961853,1153,26,-6822,1683.8766667842865
1717.7949998378754,1149,24,-6821,1683.8816666603088
1717.7999999523165,1147,22,-6825,1683.88666677475
1717.8049998283386,1145,21,-6832,1683.891666650772
1717.8099999427795,1144,21,-6837,1683.896666765213
1717.814999818802,1140,21,-6841,1683.9016666412356
1717.8199999332428,1136,21,-6846,1683.9066667556763
1717.8249998092651,1132,19,-6849,1683.9116666316986
1717.829999923706,1128,19,-6852,1683.9166667461395
1717.8349997997284,1126,19,-6858,1683.9216666221619
1717.8399999141693,1122,19,-6862,1683.9266667366028
1717.8449997901917,1117,19,-6867,1683.9316666126251
1717.8499999046326,1112,18,-6871,1683.936666727066
1717.854999780655,1109,18,-6872,1683.9416666030884
1717.8599998950958,1109,17,-6870,1683.9466667175293
1717.8649997711182,1107,18,-6868,1683.9516665935516
1717.869999885559,1106,18,-6863,1683.9566667079926
1717.875,1104,18,-6859,1683.9616668224335
1717.8799998760223,1102,19,-6856,1683.9666666984558
1717.8849999904633,1102,20,-6854,1683.9716668128967
1717.8899998664856,1104,19,-6855,1683.976666688919
1717.8949999809265,1108,19,-6855,1683.98166680336
1717.8999998569489,1111,16,-6857,1683.9866666793823
1717.9049999713898,1114,16,-6862,1683.9916667938232
1717.909999847412,1114,16,-6865,1683.9966666698456
1717.914999961853,1115,16,-6867,1684.0016667842865
1717.9199998378754,1116,17,-6868,1684.0066666603088
1717.9249999523165,1114,18,-6868,1684.01166677475
1717.9299998283386,1113,17,-6869,1684.016666650772
1717.9349999427795,1109,18,-6870,1684.021666765213
1717.939999818802,1104,19,-6871,1684.0266666412356
1717.9449999332428,1100,20,-6870,1684.0316667556763
1717.9499998092651,1096,23,-6865,1684.0366666316986
1717.954999923706,1092,25,-6864,1684.0416667461395
1717.9599997997284,1089,26,-6865,1684.0466666221619
1717.9649999141693,1086,26,-6869,1684.0516667366028
1717.9699997901917,1081,26,-6875,1684.0566666126251
1717.9749999046326,1073,27,-6877,1684.061666727066
1717.979999780655,1063,26,-6878,1684.0666666030884
1717.9849998950958,1051,25,-6880,1684.0716667175293
1717.9899997711182,1039,26,-6884,1684.0766665935516
1717.994999885559,1026,27,-6887,1684.0816667079926
1718.0,1006,29,-6888,1684.0866668224335
1718.0049998760223,989,32,-6888,1684.0916666984558
1718.0099999904633,973,35,-6883,1684.0966668128967
1718.0149998664856,959,39,-6877,1684.101666688919
1718.0199999809265,944,42,-6867,1684.10666680336
1718.0249998569489,932,45,-6857,1684.1116666793823
1718.0299999713898,920,48,-6851,1684.1166667938232
1718.034999847412,908,51,-6845,1684.1216666698456
1718.039999961853,897,53,-6843,1684.1266667842865
1718.0449998378754,883,54,-6845,1684.1316666603088
1718.0499999523165,871,55,-6845,1684.13666677475
1718.0549998283386,858,57,-6842,1684.141666650772
1718.0599999427795,847,60,-6843,1684.146666765213
1718.064999818802,837,64,-6848,1684.1516666412356
1718.0699999332428,826,68,-6850,1684.1566667556763
1718.0749998092651,817,70,-6855,1684.1616666316986
1718.079999923706,806,72,-6860,1684.1666667461395
1718.0849997997284,796,73,-6860,1684.1716666221619
1718.0899999141693,784,73,-6862,1684.1766667366028
1718.0949997901917,774,73,-6861,1684.1816666126251
1718.0999999046326,766,74,-6861,1684.186666727066
1718.104999780655,760,73,-6860,1684.1916666030884
1718.1099998950958,754,72,-6862,1684.1966667175293
1718.1149997711182,749,71,-6860,1684.2016665935516
1718.119999885559,743,70,-6858,1684.2066667079926
1718.125,738,72,-6856,1684.2116668224335
1718.1299998760223,735,73,-6854,1684.2166666984558
1718.1349999904633,731,73,-6853,1684.2216668128967
1718.1399998664856,727,76,-6851,1684.226666688919
1718.1449999809265,724,80,-6853,1684.23166680336
1718.1499998569489,718,83,-6854,1684.2366666793823
1718.1549999713898,710,84,-6858,1684.2416667938232
1718.159999847412,698,83,-6865,1684.2466666698456
1718.164999961853,689,81,-6869,1684.2516667842865
1718.1699998378754,678,81,-6872,1684.2566666603088
1718.1749999523165,668,80,-6872,1684.26166677475
1718.1799998283386,658,82,-6874,1684.266666650772
1718.1849999427795,645,83,-6867,1684.271666765213
1718.189999818802,632,85,-6863,1684.2766666412356
1718.1949999332428,619,87,-6859,1684.2816667556763
1718.1999998092651,610,88,-6855,1684.2866666316986
1718.204999923706,601,89,-6852,1684.2916667461395
1718.2099997997284,592,92,-6848,1684.2966666221619
1718.2149999141693,582,93,-6847,1684.3016667366028
1718.2199997901917,568,95,-6848,1684.3066666126251
1718.2249999046326,556,97,-6850,1684.311666727066
1718.229999780655,545,98,-6851,1684.3166666030884
1718.2349998950958,533,101,-6851,1684.3216667175293
1718.2399997711182,519,103,-6853,1684.3266665935516
1718.244999885559,506,105,-6852,1684.3316667079926
1718.25,487,105,-6850,1684.3366668224335
1718.2549998760223,469,104,-6848,1684.3416666984558
1718.2599999904633,450,104,-6841,1684.3466668128967
1718.2649998664856,432,103,-6839,1684.351666688919
1718.2699999809265,415,103,-6837,1684.35666680336
1718.2749998569489,399,104,-6836,1684.3616666793823
1718.2799999713898,384,105,-6838,1684.3666667938232
1718.284999847412,370,107,-6833,1684.3716666698456
1718.289999961853,356,108,-6828,1684.3766667842865
1718.2949998378754,340,107,-6820,1684.3816666603088
1718.2999999523165,323,109,-6812,1684.38666677475
1718.3049998283386,304,111,-6807,1684.391666650772
1718.3099999427795,287,113,-6805,1684.396666765213
1718.314999818802,275,113,-6807,1684.4016666412356
1718.3199999332428,261,114,-6807,1684.4066667556763
1718.3249998092651,249,111,-6808,1684.4116666316986
1718.329999923706,237,109,-6810,1684.4166667461395
1718.3349997997284,223,108,-6813,1684.4216666221619
1718.3399999141693,209,108,-6817,1684.4266667366028
1718.3449997901917,197,106,-6821,1684.4316666126251
1718.3499999046326,186,104,-6821,1684.436666727066
1718.354999780655,179,103,-6816,1684.4416666030884
1718.3599998950958,176,102,-6810,1684.4466667175293
1718.3649997711182,173,103,-6808,1684.4516665935516
1718.369999885559,172,104,-6805,1684.4566667079926
1718.375,166,106,-6805,1684.4616668224335
1718.3799998760223,162,106,-6806,1684.4666666984558
1718.3849999904633,160,107,-6802,1684.4716668128967
1718.3899998664856,158,108,-6801,1684.476666688919
1718.3949999809265,160,107,-6804,1684.48166680336
1718.3999998569489,162,107,-6806,1684.4866666793823
1718.4049999713898,164,105,-6812,1684.4916667938232
1718.409999847412,163,104,-6817,1684.4966666698456
1718.414999961853,163,104,-6816,1684.5016667842865
1718.4199998378754,160,104,-6810,1684.5066666603088
1718.4249999523165,159,102,-6802,1684.51166677475
1718.4299998283386,157,99,-6795,1684.516666650772
1718.4349999427795,156,95,-6791,1684.521666765213
1718.439999818802,156,92,-6792,1684.5266666412356
1718.4449999332428,156,92,-6794,1684.5316667556763
1718.4499998092651,157,92,-6798,1684.5366666316986
1718.454999923706,158,92,-6802,1684.5416667461395
1718.4599997997284,156,91,-6807,1684.5466666221619
1718.4649999141693,154,90,-6809,1684.5516667366028
1718.4699997901917,151,87,-6807,1684.5566666126251
1718.4749999046326,149,84,-6805,1684.561666727066
1718.479999780655,147,84,-6799,1684.5666666030884
1718.4849998950958,145,85,-6799,1684.5716667175293
1718.4899997711182,144,85,-6801,1684.5766665935516
1718.494999885559,144,86,-6804,1684.5816667079926
1718.5,142,87,-6806,1684.5866668224335
1718.5049998760223,140,87,-6803,1684.5916666984558
1718.5099999904633,139,88,-6803,1684.5966668128967
1718.5149998664856,136,88,-6801,1684.601666688919
1718.5199999809265,135,87,-6799,1684.60666680336
1718.5249998569489,137,84,-6795,1684.6116666793823
1718.5299999713898,137,81,-6794,1684.6166667938232
1718.534999847412,139,80,-6795,1684.6216666698456
1718.539999961853,143,80,-6795,1684.6266667842865
1718.5449998378754,145,81,-6793,1684.6316666603088
1718.5499999523165,144,81,-6789,1684.63666677475
1718.5549998283386,142,80,-6783,1684.641666650772
1718.5599999427795,138,80,-6776,1684.646666765213
1718.564999818802,134,81,-6772,1684.6516666412356
1718.5699999332428,135,82,-6771,1684.6566667556763
1718.5749998092651,139,82,-6774,1684.6616666316986
1718.579999923706,142,82,-6780,1684.6666667461395
1718.5849997997284,145,82,-6783,1684.6716666221619
1718.5899999141693,145,82,-6787,1684.6766667366028
1718.5949997901917,143,83,-6790,1684.6816666126251
1718.5999999046326,143,83,-6793,1684.686666727066
1718.604999780655,142,83,-6796,1684.6916666030884
1718.6099998950958,138,82,-6796,1684.6966667175293
1718.6149997711182,134,79,-6797,1684.7016665935516
1718.619999885559,130,77,-6798,1684.7066667079926
1718.625,125,76,-6797,1684.7116668224335
1718.6299998760223,121,77,-6797,1684.7166666984558
1718.6349999904633,116,78,-6798,1684.7216668128967
1718.6399998664856,110,77,-6798,1684.726666688919
1718.6449999809265,103,78,-6801,1684.73166680336
1718.6499998569489,95,78,-6801,1684.7366666793823
1718.6549999713898,88,80,-6801,1684.7416667938232
1718.659999847412,80,82,-6801,1684.7466666698456
1718.664999961853,71,85,-6798,1684.7516667842865
1718.6699998378754,61,87,-6795,1684.7566666603088
1718.6749999523165,51,87,-6793,1684.76166677475
1718.6799998283386,40,86,-6789,1684.766666650772
1718.6849999427795,31,85,-6791,1684.771666765213
1718.689999818802,23,84,-6791,1684.7766666412356
1718.6949999332428,12,81,-6793,1684.7816667556763
1718.6999998092651,3,77,-6799,1684.7866666316986
1718.704999923706,-7,72,-6800,1684.7916667461395
1718.7099997997284,-19,68,-6806,1684.7966666221619
1718.7149999141693,-28,62,-6810,1684.8016667366028
1718.7199997901917,-39,57,-6809,1684.8066666126251
1718.7249999046326,-49,53,-6812,1684.811666727066
1718.729999780655,-60,48,-6812,1684.8166666030884
1718.7349998950958,-68,46,-6812,1684.8216667175293
1718.7399997711182,-77,45,-6812,1684.8266665935516
1718.744999885559,-87,45,-6808,1684.8316667079926
1718.75,-96,43,-6805,1684.8366668224335
1718.7549998760223,-106,41,-6803,1684.8416666984558
1718.7599999904633,-113,39,-6799,1684.8466668128967
1718.7649998664856,-119,38,-6796,1684.851666688919
1718.7699999809265,-123,39,-6796,1684.85666680336
1718.7749998569489,-128,39,-6790,1684.8616666793823
1718.7799999713898,-132,37,-6789,1684.8666667938232
1718.784999847412,-138,36,-6790,1684.8716666698456
1718.789999961853,-143,33,-6792,1684.8766667842865
1718.7949998378754,-148,30,-6798,1684.8816666603088
1718.7999999523165,-152,27,-6801,1684.88666677475
1718.8049998283386,-157,25,-6801,1684.891666650772
1718.8099999427795,-160,23,-6798,1684.896666765213
1718.814999818802,-161,22,-6795,1684.9016666412356
1718.8199999332428,-160,21,-6796,1684.9066667556763
1718.8249998092651,-160,21,-6800,1684.9116666316986
1718.829999923706,-158,21,-6806,1684.9166667461395
1718.8349997997284,-157,21,-6813,1684.9216666221619
1718.8399999141693,-156,22,-6815,1684.9266667366028
1718.8449997901917,-155,22,-6818,1684.9316666126251
1718.8499999046326,-153,21,-6817,1684.936666727066
1718.854999780655,-151,18,-6821,1684.9416666030884
1718.8599998950958,-149,16,-6825,1684.9466667175293
1718.8649997711182,-145,14,-6826,1684.9516665935516
1718.869999885559,-143,12,-6828,1684.9566667079926
1718.875,-142,10,-6831,1684.9616668224335
1718.8799998760223,-141,9,-6834,1684.9666666984558
1718.8849999904633,-141,9,-6840,1684.9716668128967
1718.8899998664856,-141,9,-6844,1684.976666688919
1718.8949999809265,-142,10,-6847,1684.98166680336
1718.8999998569489,-140,10,-6847,1684.9866666793823
1718.9049999713898,-138,10,-6848,1684.9916667938232
1718.909999847412,-134,11,-6848,1684.9966666698456
1718.914999961853,-131,11,-6849,1685.0016667842865
1718.9199998378754,-131,11,-6850,1685.0066666603088
1718.9249999523165,-130,9,-6852,1685.01166677475
1718.9299998283386,-131,6,-6852,1685.016666650772
1718.9349999427795,-130,4,-6851,1685.021666765213
1718.939999818802,-126,2,-6850,1685.0266666412356
1718.9449999332428,-125,0,-6846,1685.0316667556763
1718.9499998092651,-124,0,-6842,1685.0366666316986
1718.954999923706,-125,-2,-6839,1685.0416667461395
1718.9599997997284,-125,-4,-6837,1685.0466666221619
1718.9649999141693,-124,-5,-6834,1685.0516667366028
1718.9699997901917,-120,-5,-6834,1685.0566666126251
1718.9749999046326,-116,-6,-6835,1685.061666727066
1718.979999780655,-114,-7,-6834,1685.0666666030884
1718.9849998950958,-112,-9,-6836,1685.0716667175293
1718.9899997711182,-111,-11,-6836,1685.0766665935516
1718.994999885559,-110,-15,-6840,1685.0816667079926
1719.0,-110,-17,-6843,1685.0866668224335
1719.0049998760223,-110,-20,-6846,1685.0916666984558
1719.0099999904633,-112,-21,-6849,1685.0966668128967
1719.0149998664856,-113,-21,-6848,1685.101666688919
1719.0199999809265,-113,-21,-6849,1685.10666680336
1719.0249998569489,-110,-20,-6848,1685.1116666793823
1719.0299999713898,-108,-20,-6846,1685.1166667938232
1719.034999847412,-104,-20,-6846,1685.1216666698456
1719.039999961853,-102,-21,-6845,1685.1266667842865
1719.0449998378754,-98,-21,-6844,1685.1316666603088
1719.0499999523165,-94,-22,-6844,1685.13666677475
1719.0549998283386,-90,-23,-6846,1685.141666650772
1719.0599999427795,-89,-23,-6846,1685.146666765213
1719.064999818802,-89,-22,-6845,1685.1516666412356
1719.0699999332428,-90,-21,-6842,1685.1566667556763
1719.0749998092651,-92,-20,-6842,1685.1616666316986
1719.079999923706,-92,-19,-6841,1685.1666667461395
1719.0849997997284,-92,-20,-6844,1685.1716666221619
1719.0899999141693,-94,-20,-6847,1685.1766667366028
1719.0949997901917,-94,-21,-6849,1685.1816666126251
1719.0999999046326,-95,-22,-6853,1685.186666727066
1719.104999780655,-97,-24,-6856,1685.1916666030884
1719.1099998950958,-98,-27,-6860,1685.1966667175293
1719.1149997711182,-97,-30,-6864,1685.2016665935516
1719.119999885559,-96,-33,-6867,1685.2066667079926
1719.125,-94,-34,-6867,1685.2116668224335
1719.1299998760223,-90,-35,-6867,1685.2166666984558
1719.1349999904633,-87,-36,-6867,1685.2216668128967
1719.1399998664856,-86,-39,-6866,1685.226666688919
1719.1449999809265,-84,-40,-6867,1685.23166680336
1719.1499998569489,-82,-43,-6867,1685.2366666793823
1719.1549999713898,-81,-45,-6867,1685.2416667938232
1719.159999847412,-80,-47,-6868,1685.2466666698456
1719.164999961853,-78,-48,-6868,1685.2516667842865
1719.1699998378754,-76,-49,-6867,1685.2566666603088
1719.1749999523165,-75,-50,-6871,1685.26166677475
1719.1799998283386,-74,-51,-6877,1685.266666650772
1719.1849999427795,-71,-51,-6882,1685.271666765213
1719.189999818802,-69,-49,-6884,1685.2766666412356
1719.1949999332428,-66,-48,-6885,1685.2816667556763
1719.1999998092651,-60,-46,-6882,1685.2866666316986
1719.204999923706,-55,-46,-6881,1685.2916667461395
1719.2099997997284,-49,-48,-6885,1685.2966666221619
1719.2149999141693,-44,-50,-6892,1685.3016667366028
1719.2199997901917,-41,-53,-6895,1685.3066666126251
1719.2249999046326,-34,-58,-6896,1685.311666727066
1719.229999780655,-28,-61,-6895,1685.3166666030884
1719.2349998950958,-20,-63,-6889,1685.3216667175293
1719.2399997711182,-13,-64,-6882,1685.3266665935516
1719.244999885559,-6,-65,-6880,1685.3316667079926
1719.25,2,-65,-6880,1685.3366668224335
1719.2549998760223,13,-66,-6881,1685.3416666984558
1719.2599999904633,27,-66,-6883,1685.3466668128967
1719.2649998664856,41,-68,-6884,1685.351666688919
1719.2699999809265,54,-72,-6886,1685.35666680336
1719.2749998569489,67,-73,-6889,1685.3616666793823
1719.2799999713898,77,-76,-6891,1685.3666667938232
1719.284999847412,85,-77,-6894,1685.3716666698456
1719.289999961853,95,-80,-6898,1685.3766667842865
1719.2949998378754,104,-81,-6902,1685.3816666603088
1719.2999999523165,112,-81,-6909,1685.38666677475
1719.3049998283386,121,-81,-6916,1685.391666650772
1719.3099999427795,128,-79,-6923,1685.396666765213
1719.314999818802,134,-77,-6926,1685.4016666412356
1719.3199999332428,140,-79,-6928,1685.4066667556763
1719.3249998092651,144,-82,-6928,1685.4116666316986
1719.329999923706,149,-84,-6932,1685.4166667461395
1719.3349997997284,152,-86,-6934,1685.4216666221619
1719.3399999141693,154,-88,-6938,1685.4266667366028
1719.3449997901917,157,-89,-6940,1685.4316666126251
1719.3499999046326,160,-92,-6943,1685.436666727066
1719.354999780655,162,-92,-6945,1685.4416666030884
1719.3599998950958,169,-92,-6952,1685.4466667175293
1719.3649997711182,177,-92,-6957,1685.4516665935516
1719.369999885559,182,-92,-6961,1685.4566667079926
1719.375,190,-92,-6966,1685.4616668224335
1719.3799998760223,196,-93,-6969,1685.4666666984558
1719.3849999904633,200,-92,-6975,1685.4716668128967
1719.3899998664856,204,-92,-6981,1685.476666688919
1719.3949999809265,206,-93,-6985,1685.48166680336
1719.3999998569489,209,-95,-6986,1685.4866666793823
1719.4049999713898,211,-95,-6985,1685.4916667938232
1719.409999847412,215,-97,-6985,1685.4966666698456
1719.414999961853,215,-98,-6988,1685.5016667842865
1719.4199998378754,214,-98,-6990,1685.5066666603088
1719.4249999523165,211,-99,-6996,1685.51166677475
1719.4299998283386,207,-99,-6997,1685.516666650772
1719.4349999427795,208,-100,-6998,1685.521666765213
1719.439999818802,211,-100,-6998,1685.5266666412356
1719.4449999332428,212,-101,-6997,1685.5316667556763
1719.4499998092651,215,-102,-6994,1685.5366666316986
1719.454999923706,214,-104,-6989,1685.5416667461395
1719.4599997997284,214,-104,-6985,1685.5466666221619
1719.4649999141693,216,-106,-6981,1685.5516667366028
1719.4699997901917,218,-108,-6979,1685.5566666126251
1719.4749999046326,217,-112,-6977,1685.561666727066
1719.479999780655,216,-114,-6977,1685.5666666030884
1719.4849998950958,215,-117,-6978,1685.5716667175293
1719.4899997711182,211,-119,-6977,1685.5766665935516
1719.494999885559,207,-119,-6976,1685.5816667079926
1719.5,202,-120,-6974,1685.5866668224335
1719.5049998760223,197,-120,-6972,1685.5916666984558
1719.5099999904633,194,-117,-6975,1685.5966668128967
1719.5149998664856,192,-116,-6975,1685.601666688919
1719.5199999809265,192,-114,-6975,1685.60666680336
1719.5249998569489,191,-111,-6977,1685.6116666793823
1719.5299999713898,191,-111,-6978,1685.6166667938232
1719.534999847412,191,-111,-6980,1685.6216666698456
1719.539999961853,191,-113,-6980,1685.6266667842865
1719.5449998378754,192,-115,-6979,1685.6316666603088
1719.5499999523165,193,-117,-6982,1685.63666677475
1719.5549998283386,192,-119,-6981,1685.641666650772
1719.5599999427795,192,-123,-6986,1685.646666765213
1719.564999818802,191,-124,-6991,1685.6516666412356
1719.5699999332428,188,-126,-6993,1685.6566667556763
1719.5749998092651,186,-126,-6997,1685.6616666316986
1719.579999923706,184,-125,-7002,1685.6666667461395
1719.5849997997284,184,-125,-7003,1685.6716666221619
1719.5899999141693,186,-124,-7004,1685.6766667366028
1719.5949997901917,189,-124,-7004,1685.6816666126251
1719.5999999046326,194,-124,-7000,1685.686666727066
1719.604999780655,197,-122,-7001,1685.6916666030884
1719.6099998950958,201,-122,-7000,1685.6966667175293
1719.6149997711182,204,-122,-7002,1685.7016665935516
1719.619999885559,206,-123,-7002,1685.7066667079926
1719.625,208,-124,-6997,1685.7116668224335
1719.6299998760223,207,-124,-6990,1685.7166666984558
1719.6349999904633,206,-127,-6982,1685.7216668128967
1719.6399998664856,204,-129,-6975,1685.726666688919
1719.6449999809265,204,-134,-6973,1685.73166680336
1719.6499998569489,206,-136,-6972,1685.7366666793823
1719.6549999713898,209,-136,-6972,1685.7416667938232
1719.659999847412,212,-137,-6972,1685.7466666698456
1719.664999961853,213,-137,-6975,1685.7516667842865
1719.6699998378754,211,-140,-6979,1685.7566666603088
1719.6749999523165,209,-145,-6979,1685.76166677475
1719.6799998283386,209,-145,-6978,1685.766666650772
1719.6849999427795,208,-146,-6976,1685.771666765213
1719.689999818802,206,-145,-6976,1685.7766666412356
1719.6949999332428,205,-144,-6977,1685.7816667556763
1719.6999998092651,201,-144,-6976,1685.7866666316986
1719.704999923706,198,-143,-6978,1685.7916667461395
1719.7099997997284,195,-144,-6979,1685.7966666221619
1719.7149999141693,191,-145,-6981,1685.8016667366028
1719.7199997901917,188,-149,-6986,1685.8066666126251
1719.7249999046326,186,-151,-6987,1685.811666727066
1719.729999780655,186,-151,-6988,1685.8166666030884
1719.7349998950958,186,-150,-6986,1685.8216667175293
1719.7399997711182,186,-151,-6982,1685.8266665935516
1719.744999885559,186,-154,-6980,1685.8316667079926
1719.75,185,-158,-6976,1685.8366668224335
1719.7549998760223,184,-160,-6977,1685.8416666984558
1719.7599999904633,183,-160,-6979,1685.8466668128967
1719.7649998664856,182,-159,-6982,1685.851666688919
1719.7699999809265,180,-157,-6984,1685.85666680336
1719.7749998569489,178,-156,-6985,1685.8616666793823
1719.7799999713898,178,-156,-6987,1685.8666667938232
1719.784999847412,176,-154,-6984,1685.8716666698456
1719.789999961853,174,-154,-6985,1685.8766667842865
1719.7949998378754,174,-154,-6984,1685.8816666603088
1719.7999999523165,174,-155,-6982,1685.88666677475
1719.8049998283386,176,-157,-6980,1685.891666650772
1719.8099999427795,178,-156,-6976,1685.896666765213
1719.814999818802,180,-155,-6975,1685.9016666412356
1719.8199999332428,182,-154,-6971,1685.9066667556763
1719.8249998092651,182,-155,-6969,1685.9116666316986
1719.829999923706,180,-157,-6968,1685.9166667461395
1719.8349997997284,180,-157,-6969,1685.9216666221619
1719.8399999141693,179,-157,-6972,1685.9266667366028
1719.8449997901917,177,-157,-6975,1685.9316666126251
1719.8499999046326,177,-156,-6981,1685.936666727066
1719.854999780655,176,-156,-6986,1685.9416666030884
1719.8599998950958,176,-157,-6989,1685.9466667175293
1719.8649997711182,174,-158,-6990,1685.9516665935516
1719.869999885559,172,-158,-6988,1685.9566667079926
1719.875,169,-158,-6988,1685.9616668224335
1719.8799998760223,168,-159,-6989,1685.9666666984558
1719.8849999904633,169,-160,-6993,1685.9716668128967
1719.8899998664856,172,-159,-6995,1685.976666688919
1719.8949999809265,177,-159,-6996,1685.98166680336
1719.8999998569489,180,-158,-6992,1685.9866666793823
1719.9049999713898,182,-157,-6989,1685.9916667938232
1719.909999847412,185,-157,-6987,1685.9966666698456
1719.914999961853,186,-156,-6985,1686.0016667842865
1719.9199998378754,186,-154,-6988,1686.0066666603088
1719.9249999523165,184,-152,-6990,1686.01166677475
1719.9299998283386,182,-152,-6993,1686.016666650772
1719.9349999427795,181,-151,-6995,1686.021666765213
1719.939999818802,181,-151,-6993,1686.0266666412356
1719.9449999332428,182,-151,-6989,1686.0316667556763
1719.9499998092651,182,-151,-6985,1686.0366666316986
1719.954999923706,182,-152,-6982,1686.0416667461395
1719.9599997997284,181,-154,-6980,1686.0466666221619
1719.9649999141693,182,-155,-6983,1686.0516667366028
1719.9699997901917,184,-156,-6984,1686.0566666126251
1719.9749999046326,189,-156,-6985,1686.061666727066
1719.979999780655,194,-155,-6988,1686.0666666030884
1719.9849998950958,196,-154,-6987,1686.0716667175293
1719.9899997711182,198,-153,-6986,1686.0766665935516
1719.994999885559,198,-153,-6984,1686.0816667079926
1720.0,198,-152,-6980,1686.0866668224335
1720.0049998760223,197,-150,-6978,1686.0916666984558
1720.0099999904633,195,-148,-6978,1686.0966668128967
1720.0149998664856,196,-145,-6979,1686.101666688919
1720.0199999809265,195,-143,-6983,1686.10666680336
1720.0249998569489,198,-141,-6984,1686.1116666793823
1720.0299999713898,199,-139,-6984,1686.1166667938232
1720.034999847412,201,-138,-6983,1686.1216666698456
1720.039999961853,202,-135,-6980,1686.1266667842865
1720.0449998378754,204,-133,-6978,1686.1316666603088
1720.0499999523165,206,-132,-6976,1686.13666677475
1720.0549998283386,208,-132,-6976,1686.141666650772
1720.0599999427795,209,-136,-6976,1686.146666765213
1720.064999818802,210,-139,-6974,1686.1516666412356
1720.0699999332428,211,-142,-6972,1686.1566667556763
1720.0749998092651,211,-144,-6970,1686.1616666316986
1720.079999923706,212,-145,-6967,1686.1666667461395
1720.0849997997284,213,-144,-6966,1686.1716666221619
1720.0899999141693,217,-143,-6967,1686.1766667366028
1720.0949997901917,221,-140,-6969,1686.1816666126251
1720.0999999046326,227,-137,-6971,1686.186666727066
1720.104999780655,231,-133,-6972,1686.1916666030884
1720.1099998950958,237,-132,-6975,1686.1966667175293
1720.1149997711182,244,-129,-6975,1686.2016665935516
1720.119999885559,250,-127,-6975,1686.2066667079926
1720.125,255,-124,-6975,1686.2116668224335
1720.1299998760223,257,-120,-6973,1686.2166666984558
1720.1349999904633,257,-120,-6975,1686.2216668128967
1720.1399998664856,257,-119,-6973,1686.226666688919
1720.1449999809265,260,-120,-6974,1686.23166680336
1720.1499998569489,265,-122,-6977,1686.2366666793823
1720.1549999713898,270,-124,-6982,1686.2416667938232
1720.159999847412,274,-125,-6985,1686.2466666698456
1720.164999961853,276,-125,-6990,1686.2516667842865
1720.1699998378754,277,-124,-6989,1686.2566666603088
1720.1749999523165,281,-123,-6985,1686.26166677475
1720.1799998283386,285,-123,-6986,1686.266666650772
1720.1849999427795,290,-122,-6985,1686.271666765213
1720.189999818802,295,-122,-6990,1686.2766666412356
1720.1949999332428,298,-124,-6994,1686.2816667556763
1720.1999998092651,299,-126,-6997,1686.2866666316986
1720.204999923706,301,-127,-7002,1686.2916667461395
1720.2099997997284,304,-127,-7004,1686.2966666221619
1720.2149999141693,310,-126,-7006,1686.3016667366028
1720.2199997901917,319,-124,-7007,1686.3066666126251
1720.2249999046326,330,-125,-7006,1686.311666727066
1720.229999780655,343,-126,-7005,1686.3166666030884
1720.2349998950958,351,-129,-7003,1686.3216667175293
1720.2399997711182,358,-128,-7005,1686.3266665935516
1720.244999885559,363,-128,-7006,1686.3316667079926
1720.25,366,-127,-7010,1686.3366668224335
1720.2549998760223,375,-127,-7012,1686.3416666984558
1720.2599999904633,386,-129,-7012,1686.3466668128967
1720.2649998664856,397,-130,-7012,1686.351666688919
1720.2699999809265,411,-130,-7010,1686.35666680336
1720.2749998569489,421,-131,-7013,1686.3616666793823
1720.2799999713898,432,-132,-7016,1686.3666667938232
1720.284999847412,445,-133,-7017,1686.3716666698456
1720.289999961853,456,-134,-7022,1686.3766667842865
1720.2949998378754,468,-135,-7024,1686.3816666603088
1720.2999999523165,482,-134,-7023,1686.38666677475
1720.3049998283386,494,-135,-7027,1686.391666650772
1720.3099999427795,506,-136,-7026,1686.396666765213
1720.314999818802,518,-136,-7028,1686.4016666412356
1720.3199999332428,526,-137,-7032,1686.4066667556763
1720.3249998092651,534,-136,-7034,1686.4116666316986
1720.329999923706,540,-137,-7033,1686.4166667461395
1720.3349997997284,545,-137,-7032,1686.4216666221619
1720.3399999141693,552,-138,-7029,1686.4266667366028
1720.3449997901917,558,-139,-7028,1686.4316666126251
1720.3499999046326,565,-140,-7025,1686.436666727066
1720.354999780655,573,-141,-7024,1686.4416666030884
1720.3599998950958,578,-141,-7021,1686.4466667175293
1720.3649997711182,583,-141,-7017,1686.4516665935516
1720.369999885559,588,-140,-7014,1686.4566667079926
1720.375,593,-141,-7011,1686.4616668224335
1720.3799998760223,597,-142,-7009,1686.4666666984558
1720.3849999904633,601,-143,-7010,1686.4716668128967
1720.3899998664856,601,-145,-7008,1686.476666688919
1720.3949999809265,603,-143,-7008,1686.48166680336
1720.3999998569489,603,-141,-7006,1686.4866666793823
1720.4049999713898,602,-141,-7002,1686.4916667938232
1720.409999847412,603,-140,-6997,1686.4966666698456
1720.414999961853,605,-139,-6995,1686.5016667842865
1720.4199998378754,608,-138,-6996,1686.5066666603088
1720.4249999523165,610,-136,-6996,1686.51166677475
1720.4299998283386,611,-135,-6999,1686.516666650772
1720.4349999427795,610,-134,-7002,1686.521666765213
1720.439999818802,612,-134,-7005,1686.5266666412356
1720.4449999332428,615,-133,-7010,1686.5316667556763
1720.4499998092651,619,-133,-7016,1686.5366666316986
1720.454999923706,621,-136,-7018,1686.5416667461395
1720.4599997997284,623,-138,-7022,1686.5466666221619
1720.4649999141693,625,-140,-7025,1686.5516667366028
1720.4699997901917,627,-142,-7027,1686.5566666126251
1720.4749999046326,631,-143,-7029,1686.561666727066
1720.479999780655,633,-144,-7029,1686.5666666030884
1720.4849998950958,637,-144,-7028,1686.5716667175293
1720.4899997711182,640,-144,-7025,1686.5766665935516
1720.494999885559,641,-143,-7024,1686.5816667079926
1720.5,647,-142,-7023,1686.5866668224335
1720.5049998760223,652,-144,-7022,1686.5916666984558
1720.5099999904633,659,-146,-7024,1686.5966668128967
1720.5149998664856,666,-147,-7025,1686.601666688919
1720.5199999809265,672,-148,-7027,1686.60666680336
1720.5249998569489,676,-149,-7028,1686.6116666793823
1720.5299999713898,680,-152,-7029,1686.6166667938232
1720.534999847412,684,-154,-7030,1686.6216666698456
1720.539999961853,688,-155,-7028,1686.6266667842865
1720.5449998378754,692,-157,-7027,1686.6316666603088
1720.5499999523165,695,-159,-7027,1686.63666677475
1720.5549998283386,696,-161,-7029,1686.641666650772
1720.5599999427795,700,-161,-7031,1686.646666765213
1720.564999818802,704,-162,-7033,1686.6516666412356
1720.5699999332428,709,-161,-7033,1686.6566667556763
1720.5749998092651,715,-160,-7034,1686.6616666316986
1720.579999923706,721,-160,-7036,1686.6666667461395
1720.5849997997284,727,-160,-7040,1686.6716666221619
1720.5899999141693,732,-159,-7041,1686.6766667366028
1720.5949997901917,737,-160,-7044,1686.6816666126251
1720.5999999046326,741,-165,-7046,1686.686666727066
1720.604999780655,746,-170,-7047,1686.6916666030884
1720.6099998950958,751,-176,-7049,1686.6966667175293
1720.6149997711182,757,-182,-7048,1686.7016665935516
1720.619999885559,765,-186,-7049,1686.7066667079926
1720.625,772,-189,-7051,1686.7116668224335
1720.6299998760223,779,-190,-7056,1686.7166666984558
1720.6349999904633,788,-193,-7062,1686.7216668128967
1720.6399998664856,797,-195,-7067,1686.726666688919
1720.6449999809265,808,-197,-7069,1686.73166680336
1720.6499998569489,819,-200,-7071,1686.7366666793823
1720.6549999713898,830,-202,-7072,1686.7416667938232
1720.659999847412,843,-202,-7074,1686.7466666698456
1720.664999961853,855,-203,-7078,1686.7516667842865
1720.6699998378754,868,-204,-7080,1686.7566666603088
1720.6749999523165,883,-210,-7083,1686.76166677475
1720.6799998283386,900,-218,-7087,1686.766666650772
1720.6849999427795,917,-228,-7088,1686.771666765213
1720.689999818802,934,-235,-7088,1686.7766666412356
1720.6949999332428,951,-242,-7087,1686.7816667556763
1720.6999998092651,969,-247,-7086,1686.7866666316986
1720.704999923706,986,-252,-7087,1686.7916667461395
1720.7099997997284,1006,-256,-7086,1686.7966666221619
1720.7149999141693,1025,-262,-7085,1686.8016667366028
1720.7199997901917,1044,-268,-7083,1686.8066666126251
1720.7249999046326,1063,-276,-7086,1686.811666727066
1720.729999780655,1084,-284,-7094,1686.8166666030884
1720.7349998950958,1108,-294,-7103,1686.8216667175293
1720.7399997711182,1135,-302,-7111,1686.8266665935516
1720.744999885559,1164,-311,-7119,1686.8316667079926
1720.75,1193,-320,-7124,1686.8366668224335
1720.7549998760223,1220,-331,-7127,1686.8416666984558
1720.7599999904633,1244,-342,-7129,1686.8466668128967
1720.7649998664856,1267,-350,-7131,1686.851666688919
1720.7699999809265,1291,-361,-7133,1686.85666680336
1720.7749998569489,1312,-370,-7135,1686.8616666793823
1720.7799999713898,1334,-380,-7141,1686.8666667938232
1720.784999847412,1354,-392,-7148,1686.8716666698456
1720.789999961853,1376,-402,-7152,1686.8766667842865
1720.7949998378754,1396,-413,-7153,1686.8816666603088
1720.7999999523165,1417,-422,-7152,1686.88666677475
1720.8049998283386,1434,-429,-7150,1686.891666650772
1720.8099999427795,1448,-436,-7153,1686.896666765213
1720.814999818802,1465,-443,-7157,1686.9016666412356
1720.8199999332428,1482,-448,-7157,1686.9066667556763
1720.8249998092651,1502,-457,-7160,1686.9116666316986
1720.829999923706,1523,-464,-7167,1686.9166667461395
1720.8349997997284,1540,-472,-7175,1686.9216666221619
1720.8399999141693,1560,-478,-7183,1686.9266667366028
1720.8449997901917,1579,-484,-7189,1686.9316666126251
1720.8499999046326,1594,-490,-7190,1686.936666727066
1720.854999780655,1605,-496,-7193,1686.9416666030884
1720.8599998950958,1614,-502,-7195,1686.9466667175293
1720.8649997711182,1621,-508,-7195,1686.9516665935516
1720.869999885559,1628,-512,-7193,1686.9566667079926
1720.875,1642,-516,-7196,1686.9616668224335
1720.8799998760223,1659,-519,-7202,1686.9666666984558
1720.8849999904633,1677,-524,-7208,1686.9716668128967
1720.8899998664856,1688,-529,-7211,1686.976666688919
1720.8949999809265,1694,-532,-7209,1686.98166680336
1720.8999998569489,1695,-537,-7206,1686.9866666793823
1720.9049999713898,1695,-542,-7204,1686.9916667938232
1720.909999847412,1694,-550,-7202,1686.9966666698456
1720.914999961853,1698,-558,-7202,1687.0016667842865
1720.9199998378754,1706,-566,-7202,1687.0066666603088
1720.9249999523165,1718,-573,-7198,1687.01166677475
1720.9299998283386,1730,-579,-7195,1687.016666650772
1720.9349999427795,1738,-585,-7190,1687.021666765213
1720.939999818802,1746,-592,-7188,1687.0266666412356
1720.9449999332428,1757,-599,-7186,1687.0316667556763
1720.9499998092651,1764,-606,-7188,1687.0366666316986
1720.954999923706,1767,-614,-7189,1687.0416667461395
1720.9599997997284,1770,-619,-7192,1687.0466666221619
1720.9649999141693,1770,-623,-7196,1687.0516667366028
1720.9699997901917,1774,-629,-7202,1687.0566666126251
1720.9749999046326,1783,-633,-7210,1687.061666727066
1720.979999780655,1792,-640,-7217,1687.0666666030884
1720.9849998950958,1801,-645,-7222,1687.0716667175293
1720.9899997711182,1810,-652,-7228,1687.0766665935516
1720.994999885559,1817,-659,-7233,1687.0816667079926
1721.0,1821,-666,-7235,1687.0866668224335
1721.0049998760223,1825,-674,-7233,1687.0916666984558
1721.0099999904633,1822,-680,-7232,1687.0966668128967
1721.0149998664856,1825,-683,-7230,1687.101666688919
1721.0199999809265,1826,-687,-7226,1687.10666680336
1721.0249998569489,1830,-692,-7228,1687.1116666793823
1721.0299999713898,1830,-697,-7229,1687.1166667938232
1721.034999847412,1830,-702,-7235,1687.1216666698456
1721.039999961853,1829,-707,-7244,1687.1266667842865
1721.0449998378754,1827,-710,-7249,1687.1316666603088
1721.0499999523165,1825,-714,-7251,1687.13666677475
1721.0549998283386,1826,-717,-7248,1687.141666650772
1721.0599999427795,1831,-721,-7239,1687.146666765213
1721.064999818802,1840,-726,-7235,1687.1516666412356
1721.0699999332428,1850,-731,-7231,1687.1566667556763
1721.0749998092651,1862,-735,-7228,1687.1616666316986
1721.079999923706,1871,-739,-7231,1687.1666667461395
1721.0849997997284,1878,-741,-7233,1687.1716666221619
1721.0899999141693,1887,-745,-7235,1687.1766667366028
1721.0949997901917,1896,-749,-7241,1687.1816666126251
1721.0999999046326,1901,-757,-7245,1687.186666727066
1721.104999780655,1900,-767,-7248,1687.1916666030884
1721.1099998950958,1895,-776,-7250,1687.1966667175293
1721.1149997711182,1890,-784,-7249,1687.2016665935516
1721.119999885559,1883,-790,-7249,1687.2066667079926
1721.125,1878,-797,-7248,1687.2116668224335
1721.1299998760223,1875,-804,-7251,1687.2166666984558
1721.1349999904633,1874,-810,-7248,1687.2216668128967
1721.1399998664856,1874,-815,-7244,1687.226666688919
1721.1449999809265,1876,-820,-7239,1687.23166680336
1721.1499998569489,1883,-825,-7236,1687.2366666793823
1721.1549999713898,1894,-831,-7235,1687.2416667938232
1721.159999847412,1904,-836,-7235,1687.2466666698456
1721.164999961853,1915,-841,-7236,1687.2516667842865
1721.1699998378754,1926,-846,-7238,1687.2566666603088
1721.1749999523165,1931,-851,-7238,1687.26166677475
1721.1799998283386,1933,-854,-7242,1687.266666650772
1721.1849999427795,1933,-858,-7246,1687.271666765213
1721.189999818802,1936,-861,-7249,1687.2766666412356
1721.1949999332428,1941,-865,-7253,1687.2816667556763
1721.1999998092651,1946,-870,-7257,1687.2866666316986
1721.204999923706,1949,-876,-7262,1687.2916667461395
1721.2099997997284,1954,-884,-7270,1687.2966666221619
1721.2149999141693,1958,-893,-7277,1687.3016667366028
1721.2199997901917,1964,-901,-7285,1687.3066666126251
1721.2249999046326,1973,-908,-7290,1687.311666727066
1721.229999780655,1977,-913,-7294,1687.3166666030884
1721.2349998950958,1983,-920,-7298,1687.3216667175293
1721.2399997711182,1990,-927,-7297,1687.3266665935516
1721.244999885559,1997,-934,-7299,1687.3316667079926
1721.25,2003,-941,-7298,1687.3366668224335
1721.2549998760223,2009,-949,-7292,1687.3416666984558
1721.2599999904633,2014,-955,-7289,1687.3466668128967
1721.2649998664856,2017,-958,-7285,1687.351666688919
1721.2699999809265,2019,-962,-7282,1687.35666680336
1721.2749998569489,2021,-964,-7281,1687.3616666793823
1721.2799999713898,2022,-966,-7284,1687.3666667938232
1721.284999847412,2023,-967,-7288,1687.3716666698456
1721.289999961853,2025,-969,-7292,1687.3766667842865
1721.2949998378754,2027,-973,-7303,1687.3816666603088
1721.2999999523165,2031,-977,-7309,1687.38666677475
1721.3049998283386,2031,-981,-7315,1687.391666650772
1721.3099999427795,2036,-984,-7316,1687.396666765213
1721.314999818802,2037,-986,-7311,1687.4016666412356
1721.3199999332428,2036,-987,-7308,1687.4066667556763
1721.3249998092651,2037,-989,-7305,1687.4116666316986
1721.329999923706,2038,-990,-7301,1687.4166667461395
1721.3349997997284,2037,-992,-7298,1687.4216666221619
1721.3399999141693,2038,-995,-7293,1687.4266667366028
1721.3449997901917,2037,-997,-7293,1687.4316666126251
1721.3499999046326,2031,-996,-7299,1687.436666727066
1721.354999780655,2025,-994,-7307,1687.4416666030884
1721.3599998950958,2020,-991,-7313,1687.4466667175293
1721.3649997711182,2020,-989,-7317,1687.4516665935516
1721.369999885559,2022,-987,-7320,1687.4566667079926
1721.375,2022,-989,-7321,1687.4616668224335
1721.3799998760223,2018,-991,-7322,1687.4666666984558
1721.3849999904633,2013,-994,-7326,1687.4716668128967
1721.3899998664856,2011,-999,-7332,1687.476666688919
1721.3949999809265,2011,-1004,-7338,1687.48166680336
1721.3999998569489,2013,-1008,-7344,1687.4866666793823
1721.4049999713898,2016,-1014,-7346,1687.4916667938232
1721.409999847412,2014,-1019,-7345,1687.4966666698456
1721.414999961853,2011,-1025,-7345,1687.5016667842865
1721.4199998378754,2012,-1030,-7348,1687.5066666603088
1721.4249999523165,2012,-1036,-7353,1687.51166677475
1721.4299998283386,2014,-1040,-7355,1687.516666650772
1721.4349999427795,2010,-1043,-7352,1687.521666765213
1721.439999818802,2011,-1045,-7349,1687.5266666412356
1721.4449999332428,2012,-1046,-7348,1687.5316667556763
1721.4499998092651,2020,-1050,-7352,1687.5366666316986
1721.454999923706,2025,-1054,-7356,1687.5416667461395
1721.4599997997284,2030,-1059,-7361,1687.5466666221619
1721.4649999141693,2031,-1064,-7364,1687.5516667366028
1721.4699997901917,2034,-1067,-7366,1687.5566666126251
1721.4749999046326,2037,-1072,-7372,1687.561666727066
1721.479999780655,2044,-1076,-7373,1687.5666666030884
1721.4849998950958,2054,-1080,-7374,1687.5716667175293
1721.4899997711182,2063,-1084,-7379,1687.5766665935516
1721.494999885559,2073,-1087,-7381,1687.5816667079926
1721.5,2078,-1092,-7382,1687.5866668224335
1721.5049998760223,2081,-1097,-7382,1687.5916666984558
1721.5099999904633,2086,-1102,-7382,1687.5966668128967
1721.5149998664856,2090,-1107,-7382,1687.601666688919
1721.5199999809265,2095,-1110,-7387,1687.60666680336
1721.5249998569489,2099,-1112,-7388,1687.6116666793823
1721.5299999713898,2102,-1114,-7384,1687.6166667938232
1721.534999847412,2103,-1117,-7378,1687.6216666698456
1721.539999961853,2104,-1119,-7373,1687.6266667842865
1721.5449998378754,2104,-1120,-7366,1687.6316666603088
1721.5499999523165,2104,-1123,-7364,1687.63666677475
1721.5549998283386,2106,-1125,-7364,1687.641666650772
1721.5599999427795,2106,-1123,-7362,1687.646666765213
1721.564999818802,2105,-1120,-7360,1687.6516666412356
1721.5699999332428,2106,-1117,-7359,1687.6566667556763
1721.5749998092651,2105,-1113,-7360,1687.6616666316986
1721.579999923706,2108,-1112,-7361,1687.6666667461395
1721.5849997997284,2112,-1111,-7364,1687.6716666221619
1721.5899999141693,2115,-1111,-7365,1687.6766667366028
1721.5949997901917,2116,-1112,-7367,1687.6816666126251
1721.5999999046326,2116,-1114,-7369,1687.686666727066
1721.604999780655,2114,-1115,-7372,1687.6916666030884
1721.6099998950958,2113,-1114,-7376,1687.6966667175293
1721.6149997711182,2112,-1112,-7378,1687.7016665935516
1721.619999885559,2110,-1107,-7379,1687.7066667079926
1721.625,2107,-1102,-7375,1687.7116668224335
1721.6299998760223,2100,-1098,-7371,1687.7166666984558
1721.6349999904633,2095,-1094,-7367,1687.7216668128967
1721.6399998664856,2087,-1093,-7365,1687.726666688919
1721.6449999809265,2084,-1093,-7364,1687.73166680336
1721.6499998569489,2079,-1090,-7363,1687.7366666793823
1721.6549999713898,2076,-1090,-7363,1687.7416667938232
1721.659999847412,2072,-1089,-7364,1687.7466666698456
1721.664999961853,2062,-1088,-7366,1687.7516667842865
1721.6699998378754,2055,-1087,-7368,1687.7566666603088
1721.6749999523165,2050,-1087,-7371,1687.76166677475
1721.6799998283386,2041,-1087,-7375,1687.766666650772
1721.6849999427795,2036,-1086,-7378,1687.771666765213
1721.689999818802,2029,-1087,-7376,1687.7766666412356
1721.6949999332428,2018,-1087,-7374,1687.7816667556763
1721.6999998092651,2010,-1088,-7370,1687.7866666316986
1721.704999923706,2004,-1087,-7370,1687.7916667461395
1721.7099997997284,1999,-1086,-7372,1687.7966666221619
1721.7149999141693,1995,-1084,-7374,1687.8016667366028
1721.7199997901917,1990,-1083,-7378,1687.8066666126251
1721.7249999046326,1987,-1083,-7380,1687.811666727066
1721.729999780655,1987,-1082,-7380,1687.8166666030884
1721.7349998950958,1988,-1081,-7381,1687.8216667175293
1721.7399997711182,1988,-1081,-7385,1687.8266665935516
1721.744999885559,1984,-1081,-7388,1687.8316667079926
1721.75,1980,-1082,-7393,1687.8366668224335
1721.7549998760223,1975,-1084,-7394,1687.8416666984558
1721.7599999904633,1973,-1085,-7392,1687.8466668128967
1721.7649998664856,1973,-1087,-7391,1687.851666688919
1721.7699999809265,1973,-1089,-7390,1687.85666680336
1721.7749998569489,1976,-1088,-7389,1687.8616666793823
1721.7799999713898,1979,-1088,-7388,1687.8666667938232
1721.784999847412,1984,-1086,-7384,1687.8716666698456
1721.789999961853,1987,-1085,-7383,1687.8766667842865
1721.7949998378754,1986,-1084,-7386,1687.8816666603088
1721.7999999523165,1984,-1082,-7394,1687.88666677475
1721.8049998283386,1984,-1080,-7401,1687.891666650772
1721.8099999427795,1986,-1077,-7406,1687.896666765213
1721.814999818802,1989,-1073,-7407,1687.9016666412356
1721.8199999332428,1991,-1070,-7404,1687.9066667556763
1721.8249998092651,1987,-1066,-7404,1687.9116666316986
1721.829999923706,1981,-1063,-7404,1687.9166667461395
1721.8349997997284,1973,-1063,-7404,1687.9216666221619
1721.8399999141693,1966,-1061,-7401,1687.9266667366028
1721.8449997901917,1960,-1058,-7398,1687.9316666126251
1721.8499999046326,1955,-1054,-7393,1687.936666727066
1721.854999780655,1950,-1048,-7391,1687.9416666030884
1721.8599998950958,1943,-1040,-7395,1687.9466667175293
1721.8649997711182,1937,-1033,-7396,1687.9516665935516
1721.869999885559,1930,-1027,-7397,1687.9566667079926
1721.875,1926,-1021,-7390,1687.9616668224335
1721.8799998760223,1923,-1014,-7384,1687.9666666984558
1721.8849999904633,1918,-1008,-7377,1687.9716668128967
1721.8899998664856,1913,-1002,-7371,1687.976666688919
1721.8949999809265,1905,-997,-7367,1687.98166680336
1721.8999998569489,1899,-994,-7364,1687.9866666793823
1721.9049999713898,1892,-990,-7361,1687.9916667938232
1721.909999847412,1885,-985,-7358,1687.9966666698456
1721.914999961853,1879,-981,-7353,1688.0016667842865
1721.9199998378754,1872,-976,-7350,1688.0066666603088
1721.9249999523165,1866,-971,-7349,1688.01166677475
1721.9299998283386,1858,-966,-7348,1688.016666650772
1721.9349999427795,1852,-962,-7352,1688.021666765213
1721.939999818802,1847,-958,-7355,1688.0266666412356
1721.9449999332428,1840,-956,-7358,1688.0316667556763
1721.9499998092651,1837,-955,-7363,1688.0366666316986
1721.954999923706,1836,-954,-7367,1688.0416667461395
1721.9599997997284,1835,-953,-7372,1688.0466666221619
1721.9649999141693,1832,-953,-7374,1688.0516667366028
1721.9699997901917,1828,-952,-7376,1688.0566666126251
1721.9749999046326,1827,-952,-7378,1688.061666727066
1721.979999780655,1826,-950,-7379,1688.0666666030884
1721.9849998950958,1827,-947,-7382,1688.0716667175293
1721.9899997711182,1829,-945,-7386,1688.0766665935516
1721.994999885559,1832,-945,-7388,1688.0816667079926
1722.0,1830,-943,-7388,1688.0866668224335
1722.0049998760223,1829,-942,-7387,1688.0916666984558
1722.0099999904633,1829,-941,-7387,1688.0966668128967
1722.0149998664856,1828,-941,-7386,1688.101666688919
1722.0199999809265,1828,-940,-7384,1688.10666680336
1722.0249998569489,1830,-938,-7383,1688.1116666793823
1722.0299999713898,1833,-936,-7382,1688.1166667938232
1722.034999847412,1833,-935,-7380,1688.1216666698456
1722.039999961853,1835,-936,-7380,1688.1266667842865
1722.0449998378754,1833,-938,-7379,1688.1316666603088
1722.0499999523165,1829,-940,-7378,1688.13666677475
1722.0549998283386,1826,-941,-7380,1688.141666650772
1722.0599999427795,1824,-941,-7380,1688.146666765213
1722.064999818802,1826,-940,-7381,1688.1516666412356
1722.0699999332428,1832,-940,-7381,1688.1566667556763
1722.0749998092651,1839,-938,-7382,1688.1616666316986
1722.079999923706,1841,-934,-7382,1688.1666667461395
1722.0849997997284,1845,-929,-7382,1688.1716666221619
1722.0899999141693,1844,-923,-7382,1688.1766667366028
1722.0949997901917,1842,-917,-7380,1688.1816666126251
1722.0999999046326,1836,-913,-7374,1688.186666727066
1722.104999780655,1827,-911,-7372,1688.1916666030884
1722.1099998950958,1818,-909,-7371,1688.1966667175293
1722.1149997711182,1811,-907,-7376,1688.2016665935516
1722.119999885559,1806,-905,-7379,1688.2066667079926
1722.125,1799,-903,-7383,1688.2116668224335
1722.1299998760223,1796,-902,-7383,1688.2166666984558
1722.1349999904633,1792,-900,-7382,1688.2216668128967
1722.1399998664856,1789,-896,-7382,1688.226666688919
1722.1449999809265,1784,-888,-7378,1688.23166680336
1722.1499998569489,1778,-881,-7373,1688.2366666793823
1722.1549999713898,1768,-874,-7371,1688.2416667938232
1722.159999847412,1760,-869,-7369,1688.2466666698456
1722.164999961853,1755,-866,-7369,1688.2516667842865
1722.1699998378754,1749,-862,-7371,1688.2566666603088
1722.1749999523165,1745,-859,-7372,1688.26166677475
1722.1799998283386,1741,-856,-7376,1688.266666650772
1722.1849999427795,1733,-853,-7378,1688.271666765213
1722.189999818802,1725,-851,-7380,1688.2766666412356
1722.1949999332428,1714,-849,-7379,1688.2816667556763
1722.1999998092651,1705,-847,-7376,1688.2866666316986
1722.204999923706,1698,-847,-7373,1688.2916667461395
1722.2099997997284,1696,-848,-7370,1688.2966666221619
1722.2149999141693,1696,-848,-7369,1688.3016667366028
1722.2199997901917,1696,-848,-7367,1688.3066666126251
1722.2249999046326,1697,-847,-7367,1688.311666727066
1722.229999780655,1698,-846,-7366,1688.3166666030884
1722.2349998950958,1699,-844,-7368,1688.3216667175293
1722.2399997711182,1699,-843,-7371,1688.3266665935516
1722.244999885559,1701,-843,-7372,1688.3316667079926
1722.25,1700,-843,-7376,1688.3366668224335
1722.2549998760223,1698,-846,-7377,1688.3416666984558
1722.2599999904633,1697,-847,-7376,1688.3466668128967
1722.2649998664856,1696,-849,-7377,1688.351666688919
1722.2699999809265,1695,-849,-7377,1688.35666680336
1722.2749998569489,1694,-849,-7374,1688.3616666793823
1722.2799999713898,1693,-849,-7372,1688.3666667938232
1722.284999847412,1695,-849,-7369,1688.3716666698456
1722.289999961853,1700,-847,-7364,1688.3766667842865
1722.2949998378754,1705,-845,-7365,1688.3816666603088
1722.2999999523165,1707,-843,-7366,1688.38666677475
1722.3049998283386,1706,-841,-7372,1688.391666650772
1722.3099999427795,1705,-838,-7377,1688.396666765213
1722.314999818802,1706,-837,-7380,1688.4016666412356
1722.3199999332428,1710,-833,-7383,1688.4066667556763
1722.3249998092651,1716,-829,-7385,1688.4116666316986
1722.329999923706,1719,-827,-7385,1688.4166667461395
1722.3349997997284,1725,-825,-7384,1688.4216666221619
1722.3399999141693,1729,-822,-7383,1688.4266667366028
1722.3449997901917,1732,-820,-7381,1688.4316666126251
1722.3499999046326,1734,-820,-7378,1688.436666727066
1722.354999780655,1735,-821,-7374,1688.4416666030884
1722.3599998950958,1733,-821,-7371,1688.4466667175293
1722.3649997711182,1732,-820,-7366,1688.4516665935516
1722.369999885559,1730,-820,-7363,1688.4566667079926
1722.375,1726,-819,-7365,1688.4616668224335
1722.3799998760223,1722,-819,-7361,1688.4666666984558
1722.3849999904633,1719,-816,-7359,1688.4716668128967
1722.3899998664856,1715,-810,-7357,1688.476666688919
1722.3949999809265,1710,-804,-7351,1688.48166680336
1722.3999998569489,1704,-798,-7350,1688.4866666793823
1722.4049999713898,1700,-793,-7346,1688.4916667938232
1722.409999847412,1694,-790,-7346,1688.4966666698456
1722.414999961853,1691,-789,-7350,1688.5016667842865
1722.4199998378754,1689,-788,-7354,1688.5066666603088
1722.4249999523165,1687,-788,-7357,1688.51166677475
1722.4299998283386,1687,-787,-7357,1688.516666650772
1722.4349999427795,1687,-784,-7354,1688.521666765213
1722.439999818802,1687,-782,-7350,1688.5266666412356
1722.4449999332428,1686,-779,-7346,1688.5316667556763
1722.4499998092651,1682,-775,-7342,1688.5366666316986
1722.454999923706,1680,-772,-7341,1688.5416667461395
1722.4599997997284,1680,-770,-7337,1688.5466666221619
1722.4649999141693,1680,-769,-7334,1688.5516667366028
1722.4699997901917,1683,-768,-7329,1688.5566666126251
1722.4749999046326,1686,-768,-7326,1688.561666727066
1722.479999780655,1689,-768,-7328,1688.5666666030884
1722.4849998950958,1694,-768,-7328,1688.5716667175293
1722.4899997711182,1696,-767,-7331,1688.5766665935516
1722.494999885559,1695,-767,-7335,1688.5816667079926
1722.5,1691,-768,-7338,1688.5866668224335
1722.5049998760223,1686,-768,-7340,1688.5916666984558
1722.5099999904633,1684,-768,-7342,1688.5966668128967
1722.5149998664856,1683,-766,-7336,1688.601666688919
1722.5199999809265,1683,-765,-7331,1688.60666680336
1722.5249998569489,1684,-763,-7328,1688.6116666793823
1722.5299999713898,1683,-763,-7325,1688.6166667938232
1722.534999847412,1679,-763,-7327,1688.6216666698456
1722.539999961853,1677,-762,-7329,1688.6266667842865
1722.5449998378754,1674,-760,-7329,1688.6316666603088
1722.5499999523165,1671,-757,-7330,1688.63666677475
1722.5549998283386,1672,-756,-7332,1688.641666650772
1722.5599999427795,1673,-755,-7336,1688.646666765213
1722.564999818802,1671,-756,-7341,1688.6516666412356
1722.5699999332428,1669,-757,-7343,1688.6566667556763
1722.5749998092651,1662,-756,-7343,1688.6616666316986
1722.579999923706,1658,-755,-7340,1688.6666667461395
1722.5849997997284,1656,-754,-7338,1688.6716666221619
1722.5899999141693,1653,-753,-7334,1688.6766667366028
1722.5949997901917,1653,-752,-7330,1688.6816666126251
1722.5999999046326,1652,-753,-7327,1688.686666727066
1722.604999780655,1648,-752,-7324,1688.6916666030884
1722.6099998950958,1646,-752,-7322,1688.6966667175293
1722.6149997711182,1644,-752,-7318,1688.7016665935516
1722.619999885559,1643,-751,-7312,1688.7066667079926
1722.625,1642,-751,-7307,1688.7116668224335
1722.6299998760223,1641,-750,-7305,1688.7166666984558
1722.6349999904633,1641,-748,-7306,1688.7216668128967
1722.6399998664856,1640,-744,-7307,1688.726666688919
1722.6449999809265,1642,-739,-7309,1688.73166680336
1722.6499998569489,1644,-737,-7311,1688.7366666793823
1722.6549999713898,1647,-736,-7312,1688.7416667938232
1722.659999847412,1648,-739,-7311,1688.7466666698456
1722.664999961853,1647,-741,-7311,1688.7516667842865
1722.6699998378754,1646,-742,-7309,1688.7566666603088
1722.6749999523165,1643,-744,-7310,1688.76166677475
1722.6799998283386,1643,-743,-7311,1688.766666650772
1722.6849999427795,1642,-742,-7313,1688.771666765213
1722.689999818802,1641,-742,-7318,1688.7766666412356
1722.6949999332428,1639,-741,-7322,1688.7816667556763
1722.6999998092651,1639,-743,-7322,1688.7866666316986
1722.704999923706,1639,-746,-7320,1688.7916667461395
1722.7099997997284,1639,-748,-7315,1688.7966666221619
1722.7149999141693,1637,-750,-7310,1688.8016667366028
1722.7199997901917,1637,-752,-7305,1688.8066666126251
1722.7249999046326,1636,-753,-7304,1688.811666727066
1722.729999780655,1637,-754,-7304,1688.8166666030884
1722.7349998950958,1639,-755,-7304,1688.8216667175293
1722.7399997711182,1641,-756,-7303,1688.8266665935516
1722.744999885559,1640,-756,-7304,1688.8316667079926
1722.75,1637,-758,-7303,1688.8366668224335
1722.7549998760223,1633,-760,-7306,1688.8416666984558
1722.7599999904633,1630,-760,-7311,1688.8466668128967
1722.7649998664856,1626,-760,-7313,1688.851666688919
1722.7699999809265,1623,-759,-7315,1688.85666680336
1722.7749998569489,1616,-757,-7314,1688.8616666793823
1722.7799999713898,1606,-756,-7315,1688.8666667938232
1722.784999847412,1597,-755,-7314,1688.8716666698456
1722.789999961853,1586,-752,-7309,1688.8766667842865
1722.7949998378754,1577,-751,-7307,1688.8816666603088
1722.7999999523165,1568,-752,-7304,1688.88666677475
1722.8049998283386,1560,-750,-7303,1688.891666650772
1722.8099999427795,1554,-751,-7306,1688.896666765213
1722.814999818802,1546,-749,-7306,1688.9016666412356
1722.8199999332428,1540,-746,-7307,1688.9066667556763
1722.8249998092651,1532,-742,-7307,1688.9116666316986
1722.829999923706,1521,-738,-7312,1688.9166667461395
1722.8349997997284,1511,-735,-7315,1688.9216666221619
1722.8399999141693,1504,-731,-7318,1688.9266667366028
1722.8449997901917,1497,-728,-7320,1688.9316666126251
1722.8499999046326,1492,-724,-7322,1688.936666727066
1722.854999780655,1487,-719,-7325,1688.9416666030884
1722.8599998950958,1479,-715,-7326,1688.9466667175293
1722.8649997711182,1470,-711,-7329,1688.9516665935516
1722.869999885559,1460,-707,-7325,1688.9566667079926
1722.875,1446,-705,-7319,1688.9616668224335
1722.8799998760223,1432,-702,-7312,1688.9666666984558
1722.8849999904633,1422,-699,-7305,1688.9716668128967
1722.8899998664856,1410,-695,-7303,1688.976666688919
1722.8949999809265,1399,-692,-7303,1688.98166680336
1722.8999998569489,1387,-688,-7305,1688.9866666793823
1722.9049999713898,1376,-685,-7309,1688.9916667938232
1722.909999847412,1367,-681,-7313,1688.9966666698456
1722.914999961853,1358,-676,-7317,1689.0016667842865
1722.9199998378754,1348,-671,-7318,1689.0066666603088
1722.9249999523165,1333,-666,-7319,1689.01166677475
1722.9299998283386,1317,-661,-7321,1689.016666650772
1722.9349999427795,1302,-657,-7326,1689.021666765213
1722.939999818802,1285,-651,-7332,1689.0266666412356
1722.9449999332428,1267,-644,-7333,1689.0316667556763
1722.9499998092651,1246,-638,-7331,1689.0366666316986
1722.954999923706,1223,-632,-7329,1689.0416667461395
1722.9599997997284,1202,-625,-7324,1689.0466666221619
1722.9649999141693,1181,-620,-7323,1689.0516667366028
1722.9699997901917,1158,-615,-7326,1689.0566666126251
1722.9749999046326,1134,-609,-7330,1689.061666727066
1722.979999780655,1108,-605,-7334,1689.0666666030884
1722.9849998950958,1080,-598,-7333,1689.0716667175293
1722.9899997711182,1052,-594,-7329,1689.0766665935516
1722.994999885559,1022,-590,-7325,1689.0816667079926
1723.0,990,-587,-7320,1689.0866668224335
1723.0049998760223,960,-582,-7314,1689.0916666984558
1723.0099999904633,930,-577,-7310,1689.0966668128967
1723.0149998664856,903,-572,-7306,1689.101666688919
1723.0199999809265,874,-568,-7303,1689.10666680336
1723.0249998569489,845,-567,-7297,1689.1116666793823
1723.0299999713898,817,-566,-7294,1689.1166667938232
1723.034999847412,791,-565,-7293,1689.1216666698456
1723.039999961853,765,-564,-7292,1689.1266667842865
1723.0449998378754,741,-561,-7288,1689.1316666603088
1723.0499999523165,715,-560,-7289,1689.13666677475
1723.0549998283386,686,-558,-7288,1689.141666650772
1723.0599999427795,658,-557,-7289,1689.146666765213
1723.064999818802,632,-557,-7288,1689.1516666412356
1723.0699999332428,610,-556,-7285,1689.1566667556763
1723.0749998092651,587,-555,-7278,1689.1616666316986
1723.079999923706,570,-554,-7273,1689.1666667461395
1723.0849997997284,555,-553,-7271,1689.1716666221619
1723.0899999141693,543,-553,-7272,1689.1766667366028
1723.0949997901917,533,-552,-7274,1689.1816666126251
1723.0999999046326,525,-551,-7275,1689.186666727066
1723.104999780655,517,-550,-7275,1689.1916666030884
1723.1099998950958,510,-548,-7273,1689.1966667175293
1723.1149997711182,507,-547,-7274,1689.2016665935516
1723.119999885559,505,-548,-7273,1689.2066667079926
1723.125,504,-554,-7272,1689.2116668224335
1723.1299998760223,503,-560,-7271,1689.2166666984558
1723.1349999904633,501,-565,-7270,1689.2216668128967
1723.1399998664856,500,-570,-7269,1689.226666688919
1723.1449999809265,502,-575,-7267,1689.23166680336
1723.1499998569489,505,-580,-7267,1689.2366666793823
1723.1549999713898,511,-583,-7263,1689.2416667938232
1723.159999847412,516,-584,-7259,1689.2466666698456
1723.164999961853,522,-585,-7256,1689.2516667842865
1723.1699998378754,529,-585,-7252,1689.2566666603088
1723.1749999523165,534,-584,-7252,1689.26166677475
1723.1799998283386,539,-586,-7252,1689.266666650772
1723.1849999427795,541,-587,-7252,1689.271666765213
1723.189999818802,543,-588,-7252,1689.2766666412356
1723.1949999332428,545,-589,-7251,1689.2816667556763
1723.1999998092651,547,-590,-7251,1689.2866666316986
1723.204999923706,548,-590,-7256,1689.2916667461395
1723.2099997997284,552,-590,-7261,1689.2966666221619
1723.2149999141693,556,-591,-7267,1689.3016667366028
1723.2199997901917,559,-591,-7274,1689.3066666126251
1723.2249999046326,564,-592,-7277,1689.311666727066
1723.229999780655,567,-592,-7278,1689.3166666030884
1723.2349998950958,568,-593,-7280,1689.3216667175293
1723.2399997711182,570,-594,-7281,1689.3266665935516
1723.244999885559,573,-596,-7284,1689.3316667079926
1723.25,576,-598,-7283,1689.3366668224335
1723.2549998760223,578,-600,-7283,1689.3416666984558
1723.2599999904633,581,-602,-7282,1689.3466668128967
1723.2649998664856,582,-601,-7282,1689.351666688919
1723.2699999809265,583,-600,-7284,1689.35666680336
1723.2749998569489,583,-598,-7286,1689.3616666793823
1723.2799999713898,582,-598,-7285,1689.3666667938232
1723.284999847412,581,-598,-7283,1689.3716666698456
1723.289999961853,579,-598,-7282,1689.3766667842865
1723.2949998378754,579,-599,-7280,1689.3816666603088
1723.2999999523165,578,-600,-7280,1689.38666677475
1723.3049998283386,575,-601,-7282,1689.391666650772
1723.3099999427795,571,-603,-7287,1689.396666765213
1723.314999818802,568,-604,-7295,1689.4016666412356
1723.3199999332428,565,-606,-7299,1689.4066667556763
1723.3249998092651,567,-607,-7300,1689.4116666316986
1723.329999923706,572,-609,-7298,1689.4166667461395
1723.3349997997284,573,-611,-7295,1689.4216666221619
1723.3399999141693,575,-615,-7295,1689.4266667366028
1723.3449997901917,576,-617,-7298,1689.4316666126251
1723.3499999046326,573,-619,-7300,1689.436666727066
1723.354999780655,573,-621,-7308,1689.4416666030884
1723.3599998950958,573,-623,-7318,1689.4466667175293
1723.3649997711182,577,-626,-7326,1689.4516665935516
1723.369999885559,581,-629,-7334,1689.4566667079926
1723.375,586,-631,-7337,1689.4616668224335
1723.3799998760223,591,-633,-7338,1689.4666666984558
1723.3849999904633,592,-634,-7337,1689.4716668128967
1723.3899998664856,594,-635,-7338,1689.476666688919
1723.3949999809265,596,-636,-7338,1689.48166680336
1723.3999998569489,602,-637,-7340,1689.4866666793823
1723.4049999713898,610,-639,-7342,1689.4916667938232
1723.409999847412,618,-641,-7340,1689.4966666698456
1723.414999961853,623,-643,-7342,1689.5016667842865
1723.4199998378754,627,-646,-7344,1689.5066666603088
1723.4249999523165,632,-646,-7344,1689.51166677475
1723.4299998283386,634,-647,-7346,1689.516666650772
1723.4349999427795,639,-647,-7345,1689.521666765213
1723.439999818802,642,-646,-7345,1689.5266666412356
1723.4449999332428,646,-648,-7344,1689.5316667556763
1723.4499998092651,652,-651,-7343,1689.5366666316986
1723.454999923706,660,-654,-7344,1689.5416667461395
1723.4599997997284,668,-657,-7342,1689.5466666221619
1723.4649999141693,676,-659,-7340,1689.5516667366028
1723.4699997901917,682,-660,-7340,1689.5566666126251
1723.4749999046326,685,-658,-7338,1689.561666727066
1723.479999780655,687,-657,-7340,1689.5666666030884
1723.4849998950958,687,-657,-7345,1689.5716667175293
1723.4899997711182,688,-658,-7352,1689.5766665935516
1723.494999885559,690,-657,-7356,1689.5816667079926
1723.5,693,-657,-7364,1689.5866668224335
1723.5049998760223,694,-656,-7367,1689.5916666984558
1723.5099999904633,694,-654,-7371,1689.5966668128967
1723.5149998664856,693,-653,-7376,1689.601666688919
1723.5199999809265,693,-651,-7376,1689.60666680336
1723.5249998569489,692,-651,-7378,1689.6116666793823
1723.5299999713898,693,-653,-7374,1689.6166667938232
1723.534999847412,693,-654,-7372,1689.6216666698456
1723.539999961853,693,-653,-7369,1689.6266667842865
1723.5449998378754,692,-652,-7367,1689.6316666603088
1723.5499999523165,692,-650,-7365,1689.63666677475
1723.5549998283386,691,-649,-7362,1689.641666650772
1723.5599999427795,693,-648,-7357,1689.646666765213
1723.564999818802,693,-646,-7351,1689.6516666412356
1723.5699999332428,691,-644,-7344,1689.6566667556763
1723.5749998092651,688,-641,-7340,1689.6616666316986
1723.579999923706,685,-640,-7337,1689.6666667461395
1723.5849997997284,682,-639,-7339,1689.6716666221619
1723.5899999141693,680,-638,-7345,1689.6766667366028
1723.5949997901917,679,-639,-7347,1689.6816666126251
1723.5999999046326,680,-638,-7346,1689.686666727066
1723.604999780655,677,-637,-7345,1689.6916666030884
1723.6099998950958,674,-635,-7341,1689.6966667175293
1723.6149997711182,669,-634,-7338,1689.7016665935516
1723.619999885559,663,-633,-7335,1689.7066667079926
1723.625,659,-633,-7336,1689.7116668224335
1723.6299998760223,653,-632,-7336,1689.7166666984558
1723.6349999904633,647,-632,-7335,1689.7216668128967
1723.6399998664856,642,-633,-7337,1689.726666688919
1723.6449999809265,636,-634,-7337,1689.73166680336
1723.6499998569489,631,-635,-7336,1689.7366666793823
1723.6549999713898,626,-637,-7333,1689.7416667938232
1723.659999847412,623,-635,-7330,1689.7466666698456
1723.664999961853,622,-634,-7330,1689.7516667842865
1723.6699998378754,622,-634,-7329,1689.7566666603088
1723.6749999523165,622,-635,-7334,1689.76166677475
1723.6799998283386,623,-636,-7336,1689.766666650772
1723.6849999427795,622,-637,-7336,1689.771666765213
1723.689999818802,620,-638,-7339,1689.7766666412356
1723.6949999332428,618,-638,-7340,1689.7816667556763
1723.6999998092651,614,-635,-7341,1689.7866666316986
1723.704999923706,612,-631,-7340,1689.7916667461395
1723.7099997997284,610,-628,-7340,1689.7966666221619
1723.7149999141693,610,-627,-7342,1689.8016667366028
1723.7199997901917,611,-628,-7343,1689.8066666126251
1723.7249999046326,614,-629,-7341,1689.811666727066
1723.729999780655,613,-631,-7337,1689.8166666030884
1723.7349998950958,613,-633,-7333,1689.8216667175293
1723.7399997711182,612,-631,-7331,1689.8266665935516
1723.744999885559,609,-630,-7334,1689.8316667079926
1723.75,607,-629,-7342,1689.8366668224335
1723.7549998760223,605,-627,-7350,1689.8416666984558
1723.7599999904633,604,-625,-7358,1689.8466668128967
1723.7649998664856,604,-623,-7361,1689.851666688919
1723.7699999809265,602,-619,-7359,1689.85666680336
1723.7749998569489,600,-617,-7352,1689.8616666793823
1723.7799999713898,597,-615,-7346,1689.8666667938232
1723.784999847412,593,-613,-7340,1689.8716666698456
1723.789999961853,588,-612,-7335,1689.8766667842865
1723.7949998378754,586,-608,-7329,1689.8816666603088
1723.7999999523165,583,-606,-7326,1689.88666677475
1723.8049998283386,582,-604,-7324,1689.891666650772
1723.8099999427795,585,-604,-7324,1689.896666765213
1723.814999818802,584,-605,-7326,1689.9016666412356
1723.8199999332428,584,-605,-7326,1689.9066667556763
1723.8249998092651,584,-605,-7326,1689.9116666316986
1723.829999923706,582,-604,-7326,1689.9166667461395
1723.8349997997284,579,-605,-7326,1689.9216666221619
1723.8399999141693,578,-606,-7325,1689.9266667366028
1723.8449997901917,576,-608,-7322,1689.9316666126251
1723.8499999046326,577,-609,-7318,1689.936666727066
1723.854999780655,577,-608,-7316,1689.9416666030884
1723.8599998950958,576,-608,-7315,1689.9466667175293
1723.8649997711182,577,-608,-7317,1689.9516665935516
1723.869999885559,579,-607,-7315,1689.9566667079926
1723.875,582,-607,-7314,1689.9616668224335
1723.8799998760223,586,-607,-7314,1689.9666666984558
1723.8849999904633,588,-607,-7313,1689.9716668128967
1723.8899998664856,592,-609,-7313,1689.976666688919
1723.8949999809265,596,-613,-7314,1689.98166680336
1723.8999998569489,599,-614,-7311,1689.9866666793823
1723.9049999713898,603,-613,-7311,1689.9916667938232
1723.909999847412,606,-610,-7308,1689.9966666698456
1723.914999961853,610,-605,-7306,1690.0016667842865
1723.9199998378754,613,-601,-7308,1690.0066666603088
1723.9249999523165,618,-598,-7312,1690.01166677475
1723.9299998283386,623,-595,-7312,1690.016666650772
1723.9349999427795,628,-592,-7313,1690.021666765213
1723.939999818802,633,-590,-7316,1690.0266666412356
1723.9449999332428,636,-586,-7317,1690.0316667556763
1723.9499998092651,640,-585,-7326,1690.0366666316986
1723.954999923706,643,-585,-7330,1690.0416667461395
1723.9599997997284,647,-586,-7336,1690.0466666221619
1723.9649999141693,650,-588,-7341,1690.0516667366028
1723.9699997901917,655,-590,-7343,1690.0566666126251
1723.9749999046326,657,-589,-7348,1690.061666727066
1723.979999780655,661,-587,-7351,1690.0666666030884
1723.9849998950958,663,-583,-7349,1690.0716667175293
1723.9899997711182,665,-581,-7345,1690.0766665935516
1723.994999885559,666,-579,-7340,1690.0816667079926
1724.0,666,-576,-7338,1690.0866668224335
1724.0049998760223,665,-576,-7337,1690.0916666984558
1724.0099999904633,663,-575,-7333,1690.0966668128967
1724.0149998664856,660,-572,-7328,1690.101666688919
1724.0199999809265,658,-572,-7320,1690.10666680336
1724.0249998569489,658,-569,-7313,1690.1116666793823
1724.0299999713898,659,-565,-7306,1690.1166667938232
1724.034999847412,660,-564,-7302,1690.1216666698456
1724.039999961853,661,-562,-7299,1690.1266667842865
1724.0449998378754,661,-561,-7294,1690.1316666603088
1724.0499999523165,662,-560,-7294,1690.13666677475
1724.0549998283386,659,-558,-7296,1690.141666650772
1724.0599999427795,656,-557,-7298,1690.146666765213
1724.064999818802,655,-557,-7304,1690.1516666412356
1724.0699999332428,653,-557,-7306,1690.1566667556763
1724.0749998092651,655,-556,-7309,1690.1616666316986
1724.079999923706,657,-554,-7311,1690.1666667461395
1724.0849997997284,657,-550,-7310,1690.1716666221619
1724.0899999141693,655,-547,-7308,1690.1766667366028
1724.0949997901917,650,-546,-7305,1690.1816666126251
1724.0999999046326,644,-546,-7301,1690.186666727066
1724.104999780655,640,-547,-7297,1690.1916666030884
1724.1099998950958,636,-546,-7291,1690.1966667175293
1724.1149997711182,634,-545,-7284,1690.2016665935516
1724.119999885559,634,-543,-7278,1690.2066667079926
1724.125,633,-542,-7277,1690.2116668224335
1724.1299998760223,630,-542,-7279,1690.2166666984558
1724.1349999904633,628,-542,-7280,1690.2216668128967
1724.1399998664856,626,-542,-7280,1690.226666688919
1724.1449999809265,623,-542,-7277,1690.23166680336
1724.1499998569489,620,-541,-7274,1690.2366666793823
1724.1549999713898,619,-540,-7275,1690.2416667938232
1724.159999847412,616,-540,-7279,1690.2466666698456
1724.164999961853,614,-540,-7282,1690.2516667842865
1724.1699998378754,614,-541,-7288,1690.2566666603088
1724.1749999523165,614,-546,-7291,1690.26166677475
1724.1799998283386,614,-550,-7288,1690.266666650772
1724.1849999427795,616,-554,-7289,1690.271666765213
1724.189999818802,616,-557,-7288,1690.2766666412356
1724.1949999332428,614,-556,-7284,1690.2816667556763
1724.1999998092651,611,-554,-7281,1690.2866666316986
1724.204999923706,605,-552,-7279,1690.2916667461395
1724.2099997997284,599,-550,-7280,1690.2966666221619
1724.2149999141693,590,-550,-7284,1690.3016667366028
1724.2199997901917,582,-549,-7292,1690.3066666126251
1724.2249999046326,574,-549,-7297,1690.311666727066
1724.229999780655,568,-549,-7303,1690.3166666030884
1724.2349998950958,565,-549,-7298,1690.3216667175293
1724.2399997711182,565,-551,-7294,1690.3266665935516
1724.244999885559,565,-551,-7288,1690.3316667079926
1724.25,565,-552,-7281,1690.3366668224335
1724.2549998760223,564,-551,-7281,1690.3416666984558
1724.2599999904633,564,-548,-7284,1690.3466668128967
1724.2649998664856,565,-544,-7289,1690.351666688919
1724.2699999809265,566,-537,-7294,1690.35666680336
1724.2749998569489,563,-533,-7300,1690.3616666793823
1724.2799999713898,559,-529,-7303,1690.3666667938232
1724.284999847412,554,-527,-7304,1690.3716666698456
1724.289999961853,549,-525,-7304,1690.3766667842865
1724.2949998378754,546,-524,-7307,1690.3816666603088
1724.2999999523165,544,-521,-7310,1690.38666677475
1724.3049998283386,542,-519,-7314,1690.391666650772
1724.3099999427795,539,-518,-7311,1690.396666765213
1724.314999818802,535,-518,-7308,1690.4016666412356
1724.3199999332428,530,-520,-7300,1690.4066667556763
1724.3249998092651,526,-522,-7294,1690.4116666316986
1724.329999923706,524,-524,-7292,1690.4166667461395
1724.3349997997284,525,-526,-7293,1690.4216666221619
1724.3399999141693,528,-527,-7295,1690.4266667366028
1724.3449997901917,532,-527,-7297,1690.4316666126251
1724.3499999046326,535,-525,-7298,1690.436666727066
1724.354999780655,538,-524,-7294,1690.4416666030884
1724.3599998950958,540,-524,-7291,1690.4466667175293
1724.3649997711182,541,-525,-7291,1690.4516665935516
1724.369999885559,542,-527,-7290,1690.4566667079926
1724.375,542,-528,-7292,1690.4616668224335
1724.3799998760223,543,-532,-7295,1690.4666666984558
1724.3849999904633,543,-537,-7296,1690.4716668128967
1724.3899998664856,542,-539,-7296,1690.476666688919
1724.3949999809265,540,-540,-7294,1690.48166680336
1724.3999998569489,540,-541,-7295,1690.4866666793823
1724.4049999713898,540,-543,-7294,1690.4916667938232
1724.409999847412,539,-546,-7295,1690.4966666698456
1724.414999961853,537,-549,-7294,1690.5016667842865
1724.4199998378754,538,-551,-7292,1690.5066666603088
1724.4249999523165,538,-550,-7289,1690.51166677475
1724.4299998283386,541,-550,-7286,1690.516666650772
1724.4349999427795,543,-549,-7285,1690.521666765213
1724.439999818802,544,-549,-7285,1690.5266666412356
1724.4449999332428,544,-549,-7282,1690.5316667556763
1724.4499998092651,544,-550,-7281,1690.5366666316986
1724.454999923706,543,-553,-7281,1690.5416667461395
1724.4599997997284,545,-556,-7279,1690.5466666221619
1724.4649999141693,547,-558,-7274,1690.5516667366028
1724.4699997901917,551,-558,-7271,1690.5566666126251
1724.4749999046326,555,-558,-7265,1690.561666727066
1724.479999780655,555,-559,-7263,1690.5666666030884
1724.4849998950958,555,-560,-7263,1690.5716667175293
1724.4899997711182,551,-563,-7263,1690.5766665935516
1724.494999885559,549,-567,-7266,1690.5816667079926
1724.5,549,-569,-7269,1690.5866668224335
1724.5049998760223,549,-572,-7275,1690.5916666984558
1724.5099999904633,551,-572,-7277,1690.5966668128967
1724.5149998664856,555,-575,-7278,1690.601666688919
1724.5199999809265,558,-576,-7281,1690.60666680336
1724.5249998569489,562,-579,-7282,1690.6116666793823
1724.5299999713898,563,-583,-7286,1690.6166667938232
1724.534999847412,563,-587,-7289,1690.6216666698456
1724.539999961853,565,-592,-7293,1690.6266667842865
1724.5449998378754,566,-597,-7302,1690.6316666603088
1724.5499999523165,573,-601,-7311,1690.63666677475
1724.5549998283386,581,-604,-7319,1690.641666650772
1724.5599999427795,590,-606,-7327,1690.646666765213
1724.564999818802,597,-608,-7328,1690.6516666412356
1724.5699999332428,603,-609,-7329,1690.6566667556763
1724.5749998092651,608,-609,-7329,1690.6616666316986
1724.579999923706,610,-609,-7329,1690.6666667461395
1724.5849997997284,614,-611,-7332,1690.6716666221619
1724.5899999141693,618,-615,-7335,1690.6766667366028
1724.5949997901917,623,-616,-7340,1690.6816666126251
1724.5999999046326,630,-620,-7341,1690.686666727066
1724.604999780655,638,-625,-7342,1690.6916666030884
1724.6099998950958,646,-629,-7342,1690.6966667175293
1724.6149997711182,651,-634,-7343,1690.7016665935516
1724.619999885559,655,-637,-7344,1690.7066667079926
1724.625,657,-639,-7344,1690.7116668224335
1724.6299998760223,658,-640,-7344,1690.7166666984558
1724.6349999904633,659,-643,-7344,1690.7216668128967
1724.6399998664856,662,-646,-7347,1690.726666688919
1724.6449999809265,664,-649,-7348,1690.73166680336
1724.6499998569489,668,-652,-7346,1690.7366666793823
1724.6549999713898,670,-653,-7343,1690.7416667938232
1724.659999847412,673,-653,-7340,1690.7466666698456
1724.664999961853,677,-652,-7338,1690.7516667842865
1724.6699998378754,682,-651,-7339,1690.7566666603088
1724.6749999523165,687,-652,-7340,1690.76166677475
1724.6799998283386,690,-653,-7337,1690.766666650772
1724.6849999427795,692,-656,-7335,1690.771666765213
1724.689999818802,697,-658,-7332,1690.7766666412356
1724.6949999332428,699,-660,-7327,1690.7816667556763
1724.6999998092651,701,-663,-7326,1690.7866666316986
1724.704999923706,701,-665,-7324,1690.7916667461395
1724.7099997997284,702,-669,-7327,1690.7966666221619
1724.7149999141693,703,-673,-7330,1690.8016667366028
1724.7199997901917,705,-678,-7329,1690.8066666126251
1724.7249999046326,712,-682,-7335,1690.811666727066
1724.729999780655,718,-685,-7340,1690.8166666030884
1724.7349998950958,724,-688,-7348,1690.8216667175293
1724.7399997711182,730,-692,-7356,1690.8266665935516
1724.744999885559,733,-695,-7360,1690.8316667079926
1724.75,733,-700,-7358,1690.8366668224335
1724.7549998760223,734,-705,-7356,1690.8416666984558
1724.7599999904633,738,-708,-7353,1690.8466668128967
1724.7649998664856,746,-711,-7354,1690.851666688919
1724.7699999809265,756,-714,-7356,1690.85666680336
1724.7749998569489,763,-716,-7355,1690.8616666793823
1724.7799999713898,768,-720,-7357,1690.8666667938232
1724.784999847412,772,-724,-7359,1690.8716666698456
1724.789999961853,777,-726,-7363,1690.8766667842865
1724.7949998378754,783,-728,-7367,1690.8816666603088
1724.7999999523165,790,-730,-7372,1690.88666677475
1724.8049998283386,797,-732,-7374,1690.891666650772
1724.8099999427795,805,-735,-7379,1690.896666765213
1724.814999818802,813,-738,-7386,1690.9016666412356
1724.8199999332428,821,-742,-7394,1690.9066667556763
1724.8249998092651,827,-745,-7403,1690.9116666316986
1724.829999923706,833,-750,-7410,1690.9166667461395
1724.8349997997284,839,-754,-7416,1690.9216666221619
1724.8399999141693,844,-758,-7420,1690.9266667366028
1724.8449997901917,851,-762,-7423,1690.9316666126251
1724.8499999046326,857,-765,-7422,1690.936666727066
1724.854999780655,864,-768,-7420,1690.9416666030884
1724.8599998950958,870,-771,-7419,1690.9466667175293
1724.8649997711182,878,-774,-7421,1690.9516665935516
1724.869999885559,885,-777,-7422,1690.9566667079926
1724.875,889,-780,-7420,1690.9616668224335
1724.8799998760223,895,-784,-7417,1690.9666666984558
1724.8849999904633,902,-788,-7410,1690.9716668128967
1724.8899998664856,910,-795,-7403,1690.976666688919
1724.8949999809265,920,-802,-7398,1690.98166680336
1724.8999998569489,928,-808,-7397,1690.9866666793823
1724.9049999713898,937,-813,-7400,1690.9916667938232
1724.909999847412,945,-818,-7404,1690.9966666698456
1724.914999961853,951,-823,-7412,1691.0016667842865
1724.9199998378754,958,-828,-7418,1691.0066666603088
1724.9249999523165,965,-832,-7422,1691.01166677475
1724.9299998283386,972,-836,-7430,1691.016666650772
1724.9349999427795,982,-839,-7434,1691.021666765213
1724.939999818802,990,-844,-7436,1691.0266666412356
1724.9449999332428,998,-848,-7437,1691.0316667556763
1724.9499998092651,1002,-852,-7437,1691.0366666316986
1724.954999923706,1005,-857,-7437,1691.0416667461395
1724.9599997997284,1010,-861,-7439,1691.0466666221619
1724.9649999141693,1015,-866,-7441,1691.0516667366028
1724.9699997901917,1020,-871,-7444,1691.0566666126251
1724.9749999046326,1027,-878,-7454,1691.061666727066
1724.979999780655,1031,-884,-7461,1691.0666666030884
1724.9849998950958,1036,-890,-7467,1691.0716667175293
1724.9899997711182,1039,-897,-7468,1691.0766665935516
1724.994999885559,1042,-903,-7468,1691.0816667079926
1725.0,1045,-907,-7469,1691.0866668224335
1725.0049998760223,1047,-913,-7470,1691.0916666984558
1725.0099999904633,1050,-917,-7475,1691.0966668128967
1725.0149998664856,1055,-920,-7481,1691.101666688919
1725.0199999809265,1061,-922,-7484,1691.10666680336
1725.0249998569489,1068,-925,-7488,1691.1116666793823
1725.0299999713898,1077,-930,-7496,1691.1166667938232
1725.034999847412,1085,-935,-7500,1691.1216666698456
1725.039999961853,1092,-940,-7503,1691.1266667842865
1725.0449998378754,1098,-943,-7503,1691.1316666603088
1725.0499999523165,1105,-945,-7506,1691.13666677475
1725.0549998283386,1109,-947,-7506,1691.141666650772
1725.0599999427795,1113,-949,-7507,1691.146666765213
1725.064999818802,1117,-951,-7505,1691.1516666412356
1725.0699999332428,1121,-953,-7503,1691.1566667556763
1725.0749998092651,1127,-956,-7499,1691.1616666316986
1725.079999923706,1132,-958,-7496,1691.1666667461395
1725.0849997997284,1136,-961,-7498,1691.1716666221619
1725.0899999141693,1138,-965,-7499,1691.1766667366028
1725.0949997901917,1139,-968,-7505,1691.1816666126251
1725.0999999046326,1142,-973,-7510,1691.186666727066
1725.104999780655,1147,-975,-7515,1691.1916666030884
1725.1099998950958,1152,-978,-7516,1691.1966667175293
1725.1149997711182,1156,-979,-7514,1691.2016665935516
1725.119999885559,1159,-981,-7512,1691.2066667079926
1725.125,1158,-984,-7511,1691.2116668224335
1725.1299998760223,1158,-986,-7509,1691.2166666984558
1725.1349999904633,1158,-989,-7509,1691.2216668128967
1725.1399998664856,1158,-992,-7508,1691.226666688919
1725.1449999809265,1159,-996,-7509,1691.23166680336
1725.1499998569489,1162,-1001,-7508,1691.2366666793823
1725.1549999713898,1163,-1007,-7510,1691.2416667938232
1725.159999847412,1165,-1014,-7513,1691.2466666698456
1725.164999961853,1167,-1019,-7512,1691.2516667842865
1725.1699998378754,1169,-1022,-7512,1691.2566666603088
1725.1749999523165,1174,-1023,-7514,1691.26166677475
1725.1799998283386,1179,-1025,-7513,1691.266666650772
1725.1849999427795,1181,-1027,-7513,1691.271666765213
1725.189999818802,1183,-1029,-7513,1691.2766666412356
1725.1949999332428,1184,-1033,-7513,1691.2816667556763
1725.1999998092651,1185,-1039,-7511,1691.2866666316986
1725.204999923706,1187,-1043,-7509,1691.2916667461395
1725.2099997997284,1189,-1049,-7507,1691.2966666221619
1725.2149999141693,1192,-1054,-7507,1691.3016667366028
1725.2199997901917,1195,-1058,-7509,1691.3066666126251
1725.2249999046326,1195,-1060,-7511,1691.311666727066
1725.229999780655,1194,-1061,-7514,1691.3166666030884
1725.2349998950958,1193,-1059,-7516,1691.3216667175293
1725.2399997711182,1192,-1059,-7522,1691.3266665935516
1725.244999885559,1189,-1057,-7524,1691.3316667079926
1725.25,1188,-1057,-7524,1691.3366668224335
1725.2549998760223,1186,-1058,-7525,1691.3416666984558
1725.2599999904633,1186,-1059,-7521,1691.3466668128967
1725.2649998664856,1187,-1061,-7522,1691.351666688919
1725.2699999809265,1188,-1062,-7521,1691.35666680336
1725.2749998569489,1192,-1062,-7519,1691.3616666793823
1725.2799999713898,1196,-1062,-7519,1691.3666667938232
1725.284999847412,1199,-1063,-7517,1691.3716666698456
1725.289999961853,1202,-1064,-7515,1691.3766667842865
1725.2949998378754,1202,-1065,-7517,1691.3816666603088
1725.2999999523165,1199,-1065,-7518,1691.38666677475
1725.3049998283386,1197,-1065,-7515,1691.391666650772
1725.3099999427795,1196,-1065,-7510,1691.396666765213
1725.314999818802,1194,-1065,-7507,1691.4016666412356
1725.3199999332428,1196,-1065,-7506,1691.4066667556763
1725.3249998092651,1196,-1066,-7508,1691.4116666316986
1725.329999923706,1197,-1068,-7511,1691.4166667461395
1725.3349997997284,1199,-1070,-7511,1691.4216666221619
1725.3399999141693,1199,-1072,-7511,1691.4266667366028
1725.3449997901917,1199,-1073,-7511,1691.4316666126251
1725.3499999046326,1199,-1073,-7509,1691.436666727066
1725.354999780655,1198,-1074,-7512,1691.4416666030884
1725.3599998950958,1196,-1075,-7511,1691.4466667175293
1725.3649997711182,1195,-1075,-7511,1691.4516665935516
1725.369999885559,1193,-1075,-7512,1691.4566667079926
1725.375,1192,-1075,-7515,1691.4616668224335
1725.3799998760223,1190,-1075,-7518,1691.4666666984558
1725.3849999904633,1188,-1076,-7522,1691.4716668128967
1725.3899998664856,1184,-1077,-7525,1691.476666688919
1725.3949999809265,1179,-1078,-7527,1691.48166680336
1725.3999998569489,1174,-1077,-7528,1691.4866666793823
1725.4049999713898,1168,-1076,-7529,1691.4916667938232
1725.409999847412,1163,-1076,-7533,1691.4966666698456
1725.414999961853,1158,-1076,-7537,1691.5016667842865
1725.4199998378754,1154,-1077,-7542,1691.5066666603088
1725.4249999523165,1149,-1079,-7546,1691.51166677475
1725.4299998283386,1146,-1079,-7547,1691.516666650772
1725.4349999427795,1145,-1080,-7548,1691.521666765213
1725.439999818802,1144,-1081,-7549,1691.5266666412356
1725.4449999332428,1145,-1082,-7549,1691.5316667556763
1725.4499998092651,1143,-1084,-7549,1691.5366666316986
1725.454999923706,1142,-1086,-7551,1691.5416667461395
1725.4599997997284,1142,-1087,-7554,1691.5466666221619
1725.4649999141693,1143,-1089,-7552,1691.5516667366028
1725.4699997901917,1147,-1088,-7549,1691.5566666126251
1725.4749999046326,1151,-1091,-7544,1691.561666727066
1725.479999780655,1153,-1094,-7539,1691.5666666030884
1725.4849998950958,1156,-1096,-7539,1691.5716667175293
1725.4899997711182,1155,-1097,-7538,1691.5766665935516
1725.494999885559,1153,-1097,-7538,1691.5816667079926
1725.5,1152,-1098,-7533,1691.5866668224335
1725.5049998760223,1151,-1098,-7531,1691.5916666984558
1725.5099999904633,1150,-1098,-7529,1691.5966668128967
1725.5149998664856,1149,-1096,-7527,1691.601666688919
1725.5199999809265,1151,-1094,-7526,1691.60666680336
1725.5249998569489,1152,-1091,-7523,1691.6116666793823
1725.5299999713898,1155,-1091,-7522,1691.6166667938232
1725.534999847412,1158,-1091,-7526,1691.6216666698456
1725.539999961853,1158,-1092,-7529,1691.6266667842865
1725.5449998378754,1159,-1091,-7532,1691.6316666603088
1725.5499999523165,1161,-1089,-7533,1691.63666677475
1725.5549998283386,1161,-1086,-7536,1691.641666650772
1725.5599999427795,1160,-1083,-7539,1691.646666765213
1725.564999818802,1159,-1081,-7540,1691.6516666412356
1725.5699999332428,1157,-1079,-7540,1691.6566667556763
1725.5749998092651,1156,-1078,-7542,1691.6616666316986
1725.579999923706,1155,-1078,-7541,1691.6666667461395
1725.5849997997284,1155,-1077,-7539,1691.6716666221619
1725.5899999141693,1155,-1077,-7537,1691.6766667366028
1725.5949997901917,1153,-1078,-7529,1691.6816666126251
1725.5999999046326,1151,-1078,-7526,1691.686666727066
1725.604999780655,1150,-1077,-7522,1691.6916666030884
1725.6099998950958,1148,-1077,-7520,1691.6966667175293
1725.6149997711182,1147,-1075,-7519,1691.7016665935516
1725.619999885559,1147,-1073,-7518,1691.7066667079926
1725.625,1146,-1071,-7523,1691.7116668224335
1725.6299998760223,1145,-1070,-7527,1691.7166666984558
1725.6349999904633,1144,-1070,-7532,1691.7216668128967
1725.6399998664856,1143,-1069,-7535,1691.726666688919
1725.6449999809265,1142,-1068,-7536,1691.73166680336
1725.6499998569489,1141,-1068,-7538,1691.7366666793823
1725.6549999713898,1139,-1069,-7543,1691.7416667938232
1725.659999847412,1139,-1071,-7548,1691.7466666698456
1725.664999961853,1139,-1072,-7554,1691.7516667842865
1725.6699998378754,1140,-1073,-7556,1691.7566666603088
1725.6749999523165,1144,-1075,-7554,1691.76166677475
1725.6799998283386,1147,-1076,-7553,1691.766666650772
1725.6849999427795,1150,-1079,-7553,1691.771666765213
1725.689999818802,1152,-1083,-7555,1691.7766666412356
1725.6949999332428,1154,-1085,-7555,1691.7816667556763
1725.6999998092651,1157,-1088,-7555,1691.7866666316986
1725.704999923706,1160,-1093,-7558,1691.7916667461395
1725.7099997997284,1166,-1095,-7559,1691.7966666221619
1725.7149999141693,1175,-1099,-7560,1691.8016667366028
1725.7199997901917,1186,-1102,-7565,1691.8066666126251
1725.7249999046326,1201,-1104,-7568,1691.811666727066
1725.729999780655,1214,-1106,-7569,1691.8166666030884
1725.7349998950958,1226,-1109,-7569,1691.8216667175293
1725.7399997711182,1240,-1114,-7567,1691.8266665935516
1725.744999885559,1253,-1120,-7566,1691.8316667079926
1725.75,1266,-1127,-7571,1691.8366668224335
1725.7549998760223,1280,-1134,-7572,1691.8416666984558
1725.7599999904633,1293,-1142,-7577,1691.8466668128967
1725.7649998664856,1304,-1149,-7579,1691.851666688919
1725.7699999809265,1317,-1157,-7574,1691.85666680336
1725.7749998569489,1334,-1164,-7572,1691.8616666793823
1725.7799999713898,1349,-1171,-7570,1691.8666667938232
1725.784999847412,1361,-1177,-7571,1691.8716666698456
1725.789999961853,1372,-1184,-7572,1691.8766667842865
1725.7949998378754,1383,-1192,-7573,1691.8816666603088
1725.7999999523165,1393,-1199,-7573,1691.88666677475
1725.8049998283386,1406,-1208,-7574,1691.891666650772
1725.8099999427795,1418,-1216,-7577,1691.896666765213
1725.814999818802,1429,-1222,-7583,1691.9016666412356
1725.8199999332428,1441,-1230,-7587,1691.9066667556763
1725.8249998092651,1453,-1237,-7591,1691.9116666316986
1725.829999923706,1464,-1242,-7590,1691.9166667461395
1725.8349997997284,1479,-1248,-7585,1691.9216666221619
1725.8399999141693,1493,-1252,-7582,1691.9266667366028
1725.8449997901917,1504,-1255,-7576,1691.9316666126251
1725.8499999046326,1513,-1258,-7568,1691.936666727066
1725.854999780655,1521,-1262,-7564,1691.9416666030884
1725.8599998950958,1529,-1265,-7558,1691.9466667175293
1725.8649997711182,1539,-1268,-7550,1691.9516665935516
1725.869999885559,1547,-1270,-7549,1691.9566667079926
1725.875,1549,-1270,-7545,1691.9616668224335
1725.8799998760223,1546,-1269,-7543,1691.9666666984558
1725.8849999904633,1541,-1269,-7542,1691.9716668128967
1725.8899998664856,1534,-1265,-7540,1691.976666688919
1725.8949999809265,1529,-1260,-7540,1691.98166680336
1725.8999998569489,1524,-1255,-7543,1691.9866666793823
1725.9049999713898,1518,-1248,-7546,1691.9916667938232
1725.909999847412,1513,-1243,-7549,1691.9966666698456
1725.914999961853,1506,-1238,-7551,1692.0016667842865
1725.9199998378754,1498,-1235,-7548,1692.0066666603088
1725.9249999523165,1491,-1232,-7548,1692.01166677475
1725.9299998283386,1483,-1228,-7551,1692.016666650772
1725.9349999427795,1475,-1224,-7553,1692.021666765213
1725.939999818802,1463,-1220,-7557,1692.0266666412356
1725.9449999332428,1450,-1216,-7560,1692.0316667556763
1725.9499998092651,1438,-1212,-7564,1692.0366666316986
1725.954999923706,1428,-1207,-7569,1692.0416667461395
1725.9599997997284,1421,-1203,-7572,1692.0466666221619
1725.9649999141693,1414,-1199,-7574,1692.0516667366028
1725.9699997901917,1407,-1194,-7573,1692.0566666126251
1725.9749999046326,1400,-1189,-7573,1692.061666727066
1725.979999780655,1392,-1185,-7569,1692.0666666030884
1725.9849998950958,1384,-1181,-7565,1692.0716667175293
1725.9899997711182,1377,-1177,-7562,1692.0766665935516
1725.994999885559,1368,-1172,-7560,1692.0816667079926
1726.0,1361,-1167,-7556,1692.0866668224335
1726.0049998760223,1352,-1164,-7558,1692.0916666984558
1726.0099999904633,1342,-1161,-7557,1692.0966668128967
1726.0149998664856,1334,-1157,-7554,1692.101666688919
1726.0199999809265,1327,-1154,-7554,1692.10666680336
1726.0249998569489,1324,-1149,-7557,1692.1116666793823
1726.0299999713898,1321,-1144,-7561,1692.1166667938232
1726.034999847412,1318,-1139,-7565,1692.1216666698456
1726.039999961853,1316,-1135,-7566,1692.1266667842865
1726.0449998378754,1314,-1131,-7564,1692.1316666603088
1726.0499999523165,1311,-1126,-7561,1692.13666677475
1726.0549998283386,1307,-1122,-7559,1692.141666650772
1726.0599999427795,1304,-1119,-7559,1692.146666765213
1726.064999818802,1300,-1118,-7562,1692.1516666412356
1726.0699999332428,1297,-1117,-7563,1692.1566667556763
1726.0749998092651,1295,-1116,-7567,1692.1616666316986
1726.079999923706,1292,-1114,-7567,1692.1666667461395
1726.0849997997284,1290,-1112,-7563,1692.1716666221619
1726.0899999141693,1288,-1110,-7563,1692.1766667366028
1726.0949997901917,1284,-1109,-7561,1692.1816666126251
1726.0999999046326,1281,-1107,-7563,1692.186666727066
1726.104999780655,1278,-1107,-7564,1692.1916666030884
1726.1099998950958,1277,-1106,-7565,1692.1966667175293
1726.1149997711182,1275,-1107,-7564,1692.2016665935516
1726.119999885559,1274,-1107,-7562,1692.2066667079926
1726.125,1272,-1106,-7561,1692.2116668224335
1726.1299998760223,1272,-1103,-7562,1692.2166666984558
1726.1349999904633,1271,-1101,-7564,1692.2216668128967
1726.1399998664856,1269,-1098,-7569,1692.226666688919
1726.1449999809265,1267,-1096,-7571,1692.23166680336
1726.1499998569489,1264,-1094,-7573,1692.2366666793823
1726.1549999713898,1262,-1093,-7574,1692.2416667938232
1726.159999847412,1259,-1092,-7576,1692.2466666698456
1726.164999961853,1258,-1091,-7582,1692.2516667842865
1726.1699998378754,1258,-1091,-7585,1692.2566666603088
1726.1749999523165,1256,-1090,-7591,1692.26166677475
1726.1799998283386,1255,-1089,-7594,1692.266666650772
1726.1849999427795,1254,-1089,-7592,1692.271666765213
1726.189999818802,1252,-1089,-7593,1692.2766666412356
1726.1949999332428,1251,-1088,-7592,1692.2816667556763
1726.1999998092651,1251,-1086,-7591,1692.2866666316986
1726.204999923706,1249,-1085,-7591,1692.2916667461395
1726.2099997997284,1246,-1087,-7584,1692.2966666221619
1726.2149999141693,1242,-1090,-7577,1692.3016667366028
1726.2199997901917,1235,-1091,-7572,1692.3066666126251
1726.2249999046326,1228,-1092,-7569,1692.311666727066
1726.229999780655,1224,-1091,-7571,1692.3166666030884
1726.2349998950958,1218,-1090,-7573,1692.3216667175293
1726.2399997711182,1214,-1087,-7574,1692.3266665935516
1726.244999885559,1211,-1084,-7576,1692.3316667079926
1726.25,1208,-1082,-7576,1692.3366668224335
1726.2549998760223,1205,-1080,-7577,1692.3416666984558
1726.2599999904633,1203,-1078,-7577,1692.3466668128967
1726.2649998664856,1202,-1077,-7575,1692.351666688919
1726.2699999809265,1200,-1074,-7573,1692.35666680336
1726.2749998569489,1199,-1072,-7569,1692.3616666793823
1726.2799999713898,1196,-1068,-7566,1692.3666667938232
1726.284999847412,1193,-1065,-7564,1692.3716666698456
1726.289999961853,1191,-1062,-7559,1692.3766667842865
1726.2949998378754,1190,-1062,-7558,1692.3816666603088
1726.2999999523165,1190,-1062,-7558,1692.38666677475
1726.3049998283386,1192,-1063,-7558,1692.391666650772
1726.3099999427795,1191,-1063,-7562,1692.396666765213
1726.314999818802,1190,-1064,-7566,1692.4016666412356
1726.3199999332428,1190,-1065,-7565,1692.4066667556763
1726.3249998092651,1192,-1067,-7566,1692.4116666316986
1726.329999923706,1193,-1068,-7566,1692.4166667461395
1726.3349997997284,1195,-1070,-7564,1692.4216666221619
1726.3399999141693,1198,-1070,-7562,1692.4266667366028
1726.3449997901917,1199,-1069,-7562,1692.4316666126251
1726.3499999046326,1203,-1069,-7563,1692.436666727066
1726.354999780655,1205,-1069,-7566,1692.4416666030884
1726.3599998950958,1208,-1070,-7568,1692.4466667175293
1726.3649997711182,1211,-1071,-7570,1692.4516665935516
1726.369999885559,1212,-1072,-7572,1692.4566667079926
1726.375,1212,-1073,-7570,1692.4616668224335
1726.3799998760223,1211,-1072,-7570,1692.4666666984558
1726.3849999904633,1211,-1069,-7570,1692.4716668128967
1726.3899998664856,1214,-1067,-7566,1692.476666688919
1726.3949999809265,1217,-1063,-7568,1692.48166680336
1726.3999998569489,1221,-1062,-7569,1692.4866666793823
1726.4049999713898,1225,-1062,-7570,1692.4916667938232
1726.409999847412,1229,-1062,-7574,1692.4966666698456
1726.414999961853,1232,-1063,-7576,1692.5016667842865
1726.4199998378754,1236,-1062,-7575,1692.5066666603088
1726.4249999523165,1237,-1059,-7571,1692.51166677475
1726.4299998283386,1236,-1056,-7569,1692.516666650772
1726.4349999427795,1235,-1053,-7569,1692.521666765213
1726.439999818802,1233,-1051,-7570,1692.5266666412356
1726.4449999332428,1230,-1051,-7575,1692.5316667556763
1726.4499998092651,1227,-1051,-7576,1692.5366666316986
1726.454999923706,1225,-1052,-7576,1692.5416667461395
1726.4599997997284,1223,-1052,-7575,1692.5466666221619
1726.4649999141693,1222,-1052,-7574,1692.5516667366028
1726.4699997901917,1222,-1052,-7569,1692.5566666126251
1726.4749999046326,1222,-1050,-7563,1692.561666727066
1726.479999780655,1219,-1049,-7559,1692.5666666030884
1726.4849998950958,1216,-1047,-7552,1692.5716667175293
1726.4899997711182,1215,-1045,-7547,1692.5766665935516
1726.494999885559,1214,-1043,-7543,1692.5816667079926
1726.5,1215,-1040,-7542,1692.5866668224335
1726.5049998760223,1216,-1039,-7541,1692.5916666984558
1726.5099999904633,1217,-1039,-7538,1692.5966668128967
1726.5149998664856,1218,-1040,-7536,1692.601666688919
1726.5199999809265,1219,-1042,-7535,1692.60666680336
1726.5249998569489,1219,-1045,-7538,1692.6116666793823
1726.5299999713898,1221,-1046,-7546,1692.6166667938232
1726.534999847412,1221,-1048,-7553,1692.6216666698456
1726.539999961853,1220,-1050,-7559,1692.6266667842865
1726.5449998378754,1220,-1051,-7561,1692.6316666603088
1726.5499999523165,1221,-1054,-7559,1692.63666677475
1726.5549998283386,1223,-1053,-7558,1692.641666650772
1726.5599999427795,1226,-1055,-7559,1692.646666765213
1726.564999818802,1227,-1053,-7557,1692.6516666412356
1726.5699999332428,1226,-1052,-7554,1692.6566667556763
1726.5749998092651,1223,-1051,-7557,1692.6616666316986
1726.579999923706,1220,-1051,-7558,1692.6666667461395
1726.5849997997284,1217,-1052,-7559,1692.6716666221619
1726.5899999141693,1215,-1053,-7561,1692.6766667366028
1726.5949997901917,1214,-1051,-7557,1692.6816666126251
1726.5999999046326,1213,-1051,-7553,1692.686666727066
1726.604999780655,1211,-1053,-7549,1692.6916666030884
1726.6099998950958,1211,-1055,-7542,1692.6966667175293
1726.6149997711182,1213,-1059,-7538,1692.7016665935516
1726.619999885559,1216,-1062,-7532,1692.7066667079926
1726.625,1220,-1066,-7530,1692.7116668224335
1726.6299998760223,1223,-1068,-7532,1692.7166666984558
1726.6349999904633,1223,-1070,-7533,1692.7216668128967
1726.6399998664856,1220,-1072,-7537,1692.726666688919
1726.6449999809265,1217,-1074,-7539,1692.73166680336
1726.6499998569489,1214,-1075,-7543,1692.7366666793823
1726.6549999713898,1214,-1076,-7547,1692.7416667938232
1726.659999847412,1214,-1078,-7549,1692.7466666698456
1726.664999961853,1214,-1080,-7550,1692.7516667842865
1726.6699998378754,1214,-1080,-7552,1692.7566666603088
1726.6749999523165,1214,-1081,-7550,1692.76166677475
1726.6799998283386,1214,-1081,-7549,1692.766666650772
1726.6849999427795,1218,-1081,-7549,1692.771666765213
1726.689999818802,1221,-1083,-7544,1692.7766666412356
1726.6949999332428,1224,-1085,-7542,1692.7816667556763
1726.6999998092651,1225,-1085,-7540,1692.7866666316986
1726.704999923706,1225,-1085,-7540,1692.7916667461395
1726.7099997997284,1225,-1085,-7543,1692.7966666221619
1726.7149999141693,1227,-1086,-7545,1692.8016667366028
1726.7199997901917,1227,-1089,-7543,1692.8066666126251
1726.7249999046326,1229,-1094,-7542,1692.811666727066
1726.729999780655,1233,-1098,-7542,1692.8166666030884
1726.7349998950958,1240,-1101,-7543,1692.8216667175293
1726.7399997711182,1247,-1103,-7547,1692.8266665935516
1726.744999885559,1251,-1105,-7552,1692.8316667079926
1726.75,1255,-1106,-7556,1692.8366668224335
1726.7549998760223,1257,-1109,-7559,1692.8416666984558
1726.7599999904633,1259,-1110,-7563,1692.8466668128967
1726.7649998664856,1264,-1111,-7570,1692.851666688919
1726.7699999809265,1270,-1113,-7573,1692.85666680336
1726.7749998569489,1274,-1115,-7571,1692.8616666793823
1726.7799999713898,1278,-1121,-7569,1692.8666667938232
1726.784999847412,1281,-1127,-7564,1692.8716666698456
1726.789999961853,1285,-1131,-7561,1692.8766667842865
1726.7949998378754,1291,-1135,-7562,1692.8816666603088
1726.7999999523165,1296,-1136,-7560,1692.88666677475
1726.8049998283386,1302,-1139,-7561,1692.891666650772
1726.8099999427795,1308,-1145,-7563,1692.896666765213
1726.814999818802,1312,-1151,-7563,1692.9016666412356
1726.8199999332428,1317,-1156,-7569,1692.9066667556763
1726.8249998092651,1321,-1161,-7574,1692.9116666316986
1726.829999923706,1324,-1164,-7577,1692.9166667461395
1726.8349997997284,1324,-1167,-7581,1692.9216666221619
1726.8399999141693,1327,-1170,-7580,1692.9266667366028
1726.8449997901917,1328,-1173,-7576,1692.9316666126251
1726.8499999046326,1330,-1178,-7571,1692.936666727066
1726.854999780655,1333,-1185,-7569,1692.9416666030884
1726.8599998950958,1335,-1192,-7567,1692.9466667175293
1726.8649997711182,1338,-1199,-7568,1692.9516665935516
1726.869999885559,1343,-1206,-7570,1692.9566667079926
1726.875,1347,-1211,-7573,1692.9616668224335
1726.8799998760223,1354,-1217,-7580,1692.9666666984558
1726.8849999904633,1359,-1221,-7584,1692.9716668128967
1726.8899998664856,1363,-1225,-7590,1692.976666688919
1726.8949999809265,1366,-1228,-7598,1692.98166680336
1726.8999998569489,1373,-1230,-7602,1692.9866666793823
1726.9049999713898,1383,-1232,-7603,1692.9916667938232
1726.909999847412,1393,-1235,-7603,1692.9966666698456
1726.914999961853,1403,-1239,-7603,1693.0016667842865
1726.9199998378754,1410,-1244,-7603,1693.0066666603088
1726.9249999523165,1415,-1249,-7601,1693.01166677475
1726.9299998283386,1420,-1253,-7599,1693.016666650772
1726.9349999427795,1425,-1256,-7602,1693.021666765213
1726.939999818802,1432,-1262,-7606,1693.0266666412356
1726.9449999332428,1441,-1269,-7609,1693.0316667556763
1726.9499998092651,1450,-1277,-7608,1693.0366666316986
1726.954999923706,1463,-1285,-7607,1693.0416667461395
1726.9599997997284,1472,-1290,-7606,1693.0466666221619
1726.9649999141693,1481,-1293,-7607,1693.0516667366028
1726.9699997901917,1489,-1298,-7609,1693.0566666126251
1726.9749999046326,1499,-1306,-7610,1693.061666727066
1726.979999780655,1512,-1314,-7614,1693.0666666030884
1726.9849998950958,1527,-1321,-7617,1693.0716667175293
1726.9899997711182,1542,-1327,-7620,1693.0766665935516
1726.994999885559,1553,-1333,-7622,1693.0816667079926
1727.0,1561,-1343,-7621,1693.0866668224335
1727.0049998760223,1566,-1354,-7622,1693.0916666984558
1727.0099999904633,1571,-1364,-7623,1693.0966668128967
1727.0149998664856,1579,-1377,-7627,1693.101666688919
1727.0199999809265,1589,-1389,-7630,1693.10666680336
1727.0249998569489,1599,-1400,-7634,1693.1116666793823
1727.0299999713898,1608,-1412,-7639,1693.1166667938232
1727.034999847412,1616,-1422,-7645,1693.1216666698456
1727.039999961853,1621,-1431,-7650,1693.1266667842865
1727.0449998378754,1626,-1440,-7653,1693.1316666603088
1727.0499999523165,1632,-1450,-7655,1693.13666677475
1727.0549998283386,1635,-1460,-7655,1693.141666650772
1727.0599999427795,1640,-1473,-7654,1693.146666765213
1727.064999818802,1647,-1484,-7656,1693.1516666412356
1727.0699999332428,1655,-1496,-7654,1693.1566667556763
1727.0749998092651,1660,-1508,-7649,1693.1616666316986
1727.079999923706,1668,-1519,-7642,1693.1666667461395
1727.0849997997284,1675,-1529,-7633,1693.1716666221619
1727.0899999141693,1680,-1537,-7628,1693.1766667366028
1727.0949997901917,1684,-1543,-7625,1693.1816666126251
1727.0999999046326,1690,-1553,-7626,1693.186666727066
1727.104999780655,1698,-1562,-7626,1693.1916666030884
1727.1099998950958,1708,-1570,-7627,1693.1966667175293
1727.1149997711182,1717,-1578,-7626,1693.2016665935516
1727.119999885559,1725,-1583,-7625,1693.2066667079926
1727.125,1732,-1590,-7625,1693.2116668224335
1727.1299998760223,1740,-1597,-7625,1693.2166666984558
1727.1349999904633,1750,-1604,-7625,1693.2216668128967
1727.1399998664856,1758,-1612,-7626,1693.226666688919
1727.1449999809265,1768,-1617,-7629,1693.23166680336
1727.1499998569489,1774,-1624,-7629,1693.2366666793823
1727.1549999713898,1777,-1630,-7628,1693.2416667938232
1727.159999847412,1782,-1636,-7629,1693.2466666698456
1727.164999961853,1783,-1641,-7631,1693.2516667842865
1727.1699998378754,1785,-1644,-7634,1693.2566666603088
1727.1749999523165,1787,-1650,-7635,1693.26166677475
1727.1799998283386,1789,-1655,-7644,1693.266666650772
1727.1849999427795,1792,-1663,-7647,1693.271666765213
1727.189999818802,1797,-1671,-7652,1693.2766666412356
1727.1949999332428,1803,-1677,-7660,1693.2816667556763
1727.1999998092651,1812,-1684,-7667,1693.2866666316986
1727.204999923706,1820,-1691,-7673,1693.2916667461395
1727.2099997997284,1828,-1695,-7676,1693.2966666221619
1727.2149999141693,1837,-1699,-7678,1693.3016667366028
1727.2199997901917,1840,-1701,-7678,1693.3066666126251
1727.2249999046326,1844,-1704,-7677,1693.311666727066
1727.229999780655,1846,-1708,-7679,1693.3166666030884
1727.2349998950958,1850,-1713,-7686,1693.3216667175293
1727.2399997711182,1854,-1717,-7687,1693.3266665935516
1727.244999885559,1858,-1721,-7689,1693.3316667079926
1727.25,1866,-1725,-7690,1693.3366668224335
1727.2549998760223,1872,-1728,-7691,1693.3416666984558
1727.2599999904633,1880,-1728,-7691,1693.3466668128967
1727.2649998664856,1885,-1728,-7694,1693.351666688919
1727.2699999809265,1885,-1727,-7694,1693.35666680336
1727.2749998569489,1885,-1728,-7691,1693.3616666793823
1727.2799999713898,1881,-1731,-7689,1693.3666667938232
1727.284999847412,1875,-1733,-7686,1693.3716666698456
1727.289999961853,1875,-1736,-7684,1693.3766667842865
1727.2949998378754,1876,-1736,-7688,1693.3816666603088
1727.2999999523165,1883,-1738,-7685,1693.38666677475
1727.3049998283386,1887,-1738,-7684,1693.391666650772
1727.3099999427795,1887,-1738,-7683,1693.396666765213
1727.314999818802,1886,-1737,-7684,1693.4016666412356
1727.3199999332428,1884,-1737,-7688,1693.4066667556763
1727.3249998092651,1884,-1736,-7690,1693.4116666316986
1727.329999923706,1887,-1736,-7690,1693.4166667461395
1727.3349997997284,1886,-1735,-7686,1693.4216666221619
1727.3399999141693,1883,-1736,-7685,1693.4266667366028
1727.3449997901917,1878,-1737,-7686,1693.4316666126251
1727.3499999046326,1878,-1740,-7688,1693.436666727066
1727.354999780655,1882,-1746,-7689,1693.4416666030884
1727.3599998950958,1888,-1751,-7690,1693.4466667175293
1727.3649997711182,1892,-1754,-7689,1693.4516665935516
1727.369999885559,1890,-1758,-7688,1693.4566667079926
1727.375,1884,-1761,-7692,1693.4616668224335
1727.3799998760223,1878,-1764,-7697,1693.4666666984558
1727.3849999904633,1876,-1769,-7702,1693.4716668128967
1727.3899998664856,1876,-1775,-7709,1693.476666688919
1727.3949999809265,1878,-1780,-7712,1693.48166680336
1727.3999998569489,1876,-1785,-7714,1693.4866666793823
1727.4049999713898,1876,-1789,-7714,1693.4916667938232
1727.409999847412,1877,-1793,-7713,1693.4966666698456
1727.414999961853,1878,-1795,-7709,1693.5016667842865
1727.4199998378754,1880,-1799,-7707,1693.5066666603088
1727.4249999523165,1879,-1800,-7706,1693.51166677475
1727.4299998283386,1881,-1804,-7708,1693.516666650772
1727.4349999427795,1884,-1808,-7712,1693.521666765213
1727.439999818802,1889,-1811,-7714,1693.5266666412356
1727.4449999332428,1895,-1814,-7715,1693.5316667556763
1727.4499998092651,1899,-1816,-7714,1693.5366666316986
1727.454999923706,1900,-1819,-7712,1693.5416667461395
1727.4599997997284,1898,-1821,-7711,1693.5466666221619
1727.4649999141693,1897,-1824,-7709,1693.5516667366028
1727.4699997901917,1891,-1826,-7709,1693.5566666126251
1727.4749999046326,1885,-1828,-7709,1693.561666727066
1727.479999780655,1880,-1829,-7710,1693.5666666030884
1727.4849998950958,1880,-1830,-7709,1693.5716667175293
1727.4899997711182,1882,-1830,-7705,1693.5766665935516
1727.494999885559,1883,-1832,-7700,1693.5816667079926
1727.5,1883,-1832,-7691,1693.5866668224335
1727.5049998760223,1882,-1831,-7683,1693.5916666984558
1727.5099999904633,1880,-1833,-7679,1693.5966668128967
1727.5149998664856,1877,-1835,-7681,1693.601666688919
1727.5199999809265,1875,-1836,-7687,1693.60666680336
1727.5249998569489,1871,-1840,-7696,1693.6116666793823
1727.5299999713898,1869,-1841,-7700,1693.6166667938232
1727.534999847412,1868,-1839,-7706,1693.6216666698456
1727.539999961853,1865,-1837,-7708,1693.6266667842865
1727.5449998378754,1864,-1835,-7705,1693.6316666603088
1727.5499999523165,1862,-1835,-7701,1693.63666677475
1727.5549998283386,1863,-1838,-7698,1693.641666650772
1727.5599999427795,1864,-1841,-7694,1693.646666765213
1727.564999818802,1869,-1844,-7691,1693.6516666412356
1727.5699999332428,1869,-1848,-7690,1693.6566667556763
1727.5749998092651,1872,-1850,-7691,1693.6616666316986
1727.579999923706,1872,-1854,-7690,1693.6666667461395
1727.5849997997284,1873,-1858,-7689,1693.6716666221619
1727.5899999141693,1874,-1860,-7685,1693.6766667366028
1727.5949997901917,1874,-1862,-7679,1693.6816666126251
1727.5999999046326,1871,-1862,-7676,1693.686666727066
1727.604999780655,1866,-1863,-7677,1693.6916666030884
1727.6099998950958,1861,-1863,-7681,1693.6966667175293
1727.6149997711182,1854,-1861,-7687,1693.7016665935516
1727.619999885559,1850,-1859,-7690,1693.7066667079926
1727.625,1849,-1858,-7692,1693.7116668224335
1727.6299998760223,1853,-1855,-7696,1693.7166666984558
1727.6349999904633,1856,-1853,-7699,1693.7216668128967
1727.6399998664856,1862,-1849,-7702,1693.726666688919
1727.6449999809265,1867,-1843,-7706,1693.73166680336
1727.6499998569489,1873,-1838,-7712,1693.7366666793823
1727.6549999713898,1878,-1833,-7719,1693.7416667938232
1727.659999847412,1879,-1830,-7725,1693.7466666698456
1727.664999961853,1880,-1827,-7727,1693.7516667842865
1727.6699998378754,1880,-1823,-7725,1693.7566666603088
1727.6749999523165,1880,-1818,-7724,1693.76166677475
1727.6799998283386,1881,-1811,-7722,1693.766666650772
1727.6849999427795,1880,-1805,-7722,1693.771666765213
1727.689999818802,1876,-1799,-7718,1693.7766666412356
1727.6949999332428,1869,-1794,-7714,1693.7816667556763
1727.6999998092651,1868,-1787,-7714,1693.7866666316986
1727.704999923706,1868,-1780,-7713,1693.7916667461395
1727.7099997997284,1865,-1773,-7713,1693.7966666221619
1727.7149999141693,1861,-1768,-7715,1693.8016667366028
1727.7199997901917,1851,-1762,-7712,1693.8066666126251
1727.7249999046326,1840,-1757,-7711,1693.811666727066
1727.729999780655,1831,-1750,-7712,1693.8166666030884
1727.7349998950958,1827,-1741,-7710,1693.8216667175293
1727.7399997711182,1827,-1732,-7709,1693.8266665935516
1727.744999885559,1827,-1723,-7706,1693.8316667079926
1727.75,1824,-1714,-7701,1693.8366668224335
1727.7549998760223,1821,-1707,-7700,1693.8416666984558
1727.7599999904633,1819,-1701,-7702,1693.8466668128967
1727.7649998664856,1813,-1696,-7704,1693.851666688919
1727.7699999809265,1809,-1692,-7706,1693.85666680336
1727.7749998569489,1803,-1688,-7703,1693.8616666793823
1727.7799999713898,1797,-1683,-7701,1693.8666667938232
1727.784999847412,1793,-1678,-7699,1693.8716666698456
1727.789999961853,1785,-1673,-7696,1693.8766667842865
1727.7949998378754,1780,-1668,-7697,1693.8816666603088
1727.7999999523165,1775,-1661,-7699,1693.88666677475
1727.8049998283386,1771,-1655,-7701,1693.891666650772
1727.8099999427795,1772,-1649,-7703,1693.896666765213
1727.814999818802,1767,-1643,-7702,1693.9016666412356
1727.8199999332428,1760,-1638,-7700,1693.9066667556763
1727.8249998092651,1754,-1632,-7700,1693.9116666316986
1727.829999923706,1746,-1628,-7702,1693.9166667461395
1727.8349997997284,1738,-1626,-7702,1693.9216666221619
1727.8399999141693,1732,-1625,-7704,1693.9266667366028
1727.8449997901917,1722,-1624,-7704,1693.9316666126251
1727.8499999046326,1714,-1624,-7699,1693.936666727066
1727.854999780655,1709,-1624,-7691,1693.9416666030884
1727.8599998950958,1707,-1624,-7680,1693.9466667175293
1727.8649997711182,1704,-1624,-7671,1693.9516665935516
1727.869999885559,1702,-1623,-7666,1693.9566667079926
1727.875,1702,-1623,-7661,1693.9616668224335
1727.8799998760223,1701,-1622,-7659,1693.9666666984558
1727.8849999904633,1699,-1620,-7658,1693.9716668128967
1727.8899998664856,1698,-1617,-7656,1693.976666688919
1727.8949999809265,1693,-1614,-7658,1693.98166680336
1727.8999998569489,1687,-1611,-7660,1693.9866666793823
1727.9049999713898,1681,-1609,-7664,1693.9916667938232
1727.909999847412,1676,-1607,-7669,1693.9966666698456
1727.914999961853,1673,-1606,-7673,1694.0016667842865
1727.9199998378754,1673,-1605,-7677,1694.0066666603088
1727.9249999523165,1672,-1602,-7681,1694.01166677475
1727.9299998283386,1672,-1598,-7680,1694.016666650772
1727.9349999427795,1672,-1593,-7680,1694.021666765213
1727.939999818802,1668,-1588,-7681,1694.0266666412356
1727.9449999332428,1664,-1583,-7682,1694.0316667556763
1727.9499998092651,1658,-1579,-7682,1694.0366666316986
1727.954999923706,1650,-1577,-7682,1694.0416667461395
1727.9599997997284,1645,-1574,-7681,1694.0466666221619
1727.9649999141693,1641,-1572,-7684,1694.0516667366028
1727.9699997901917,1640,-1569,-7687,1694.0566666126251
1727.9749999046326,1644,-1568,-7689,1694.061666727066
1727.979999780655,1648,-1567,-7693,1694.0666666030884
1727.9849998950958,1648,-1564,-7697,1694.0716667175293
1727.9899997711182,1645,-1561,-7697,1694.0766665935516
1727.994999885559,1639,-1558,-7698,1694.0816667079926
1728.0,1636,-1558,-7698,1694.0866668224335
1728.0049998760223,1632,-1557,-7699,1694.0916666984558
1728.0099999904633,1624,-1557,-7699,1694.0966668128967
1728.0149998664856,1616,-1555,-7700,1694.101666688919
1728.0199999809265,1610,-1553,-7697,1694.10666680336
1728.0249998569489,1609,-1551,-7692,1694.1116666793823
1728.0299999713898,1611,-1550,-7688,1694.1166667938232
1728.034999847412,1616,-1550,-7683,1694.1216666698456
1728.039999961853,1620,-1549,-7680,1694.1266667842865
1728.0449998378754,1623,-1548,-7681,1694.1316666603088
1728.0499999523165,1620,-1545,-7684,1694.13666677475
1728.0549998283386,1616,-1543,-7686,1694.141666650772
1728.0599999427795,1611,-1539,-7688,1694.146666765213
1728.064999818802,1611,-1536,-7689,1694.1516666412356
1728.0699999332428,1612,-1533,-7688,1694.1566667556763
1728.0749998092651,1612,-1530,-7684,1694.1616666316986
1728.079999923706,1611,-1527,-7680,1694.1666667461395
1728.0849997997284,1609,-1526,-7675,1694.1716666221619
1728.0899999141693,1608,-1524,-7670,1694.1766667366028
1728.0949997901917,1606,-1522,-7669,1694.1816666126251
1728.0999999046326,1606,-1519,-7665,1694.186666727066
1728.104999780655,1604,-1514,-7662,1694.1916666030884
1728.1099998950958,1602,-1508,-7662,1694.1966667175293
1728.1149997711182,1602,-1503,-7659,1694.2016665935516
1728.119999885559,1603,-1499,-7662,1694.2066667079926
1728.125,1604,-1500,-7664,1694.2116668224335
1728.1299998760223,1604,-1501,-7665,1694.2166666984558
1728.1349999904633,1603,-1504,-7665,1694.2216668128967
1728.1399998664856,1599,-1505,-7664,1694.226666688919
1728.1449999809265,1596,-1503,-7665,1694.23166680336
1728.1499998569489,1593,-1500,-7667,1694.2366666793823
1728.1549999713898,1590,-1498,-7670,1694.2416667938232
1728.159999847412,1584,-1495,-7670,1694.2466666698456
1728.164999961853,1578,-1496,-7672,1694.2516667842865
1728.1699998378754,1570,-1498,-7674,1694.2566666603088
1728.1749999523165,1564,-1498,-7675,1694.26166677475
1728.1799998283386,1560,-1498,-7678,1694.266666650772
1728.1849999427795,1558,-1496,-7681,1694.271666765213
1728.189999818802,1555,-1494,-7684,1694.2766666412356
1728.1949999332428,1555,-1491,-7688,1694.2816667556763
1728.1999998092651,1555,-1489,-7690,1694.2866666316986
1728.204999923706,1555,-1485,-7688,1694.2916667461395
1728.2099997997284,1557,-1480,-7683,1694.2966666221619
1728.2149999141693,1560,-1478,-7676,1694.3016667366028
1728.2199997901917,1563,-1475,-7674,1694.3066666126251
1728.2249999046326,1570,-1472,-7674,1694.311666727066
1728.229999780655,1571,-1469,-7675,1694.3166666030884
1728.2349998950958,1571,-1465,-7678,1694.3216667175293
1728.2399997711182,1570,-1462,-7676,1694.3266665935516
1728.244999885559,1567,-1459,-7675,1694.3316667079926
1728.25,1565,-1458,-7676,1694.3366668224335
1728.2549998760223,1565,-1456,-7676,1694.3416666984558
1728.2599999904633,1565,-1454,-7678,1694.3466668128967
1728.2649998664856,1565,-1449,-7675,1694.351666688919
1728.2699999809265,1565,-1445,-7671,1694.35666680336
1728.2749998569489,1565,-1443,-7666,1694.3616666793823
1728.2799999713898,1564,-1443,-7663,1694.3666667938232
1728.284999847412,1564,-1443,-7664,1694.3716666698456
1728.289999961853,1561,-1443,-7664,1694.3766667842865
1728.2949998378754,1558,-1442,-7663,1694.3816666603088
1728.2999999523165,1554,-1442,-7662,1694.38666677475
1728.3049998283386,1551,-1441,-7659,1694.391666650772
1728.3099999427795,1544,-1439,-7654,1694.396666765213
1728.314999818802,1540,-1437,-7651,1694.4016666412356
1728.3199999332428,1537,-1433,-7652,1694.4066667556763
1728.3249998092651,1536,-1429,-7653,1694.4116666316986
1728.329999923706,1532,-1425,-7657,1694.4166667461395
1728.3349997997284,1531,-1421,-7658,1694.4216666221619
1728.3399999141693,1527,-1416,-7654,1694.4266667366028
1728.3449997901917,1521,-1412,-7652,1694.4316666126251
1728.3499999046326,1517,-1409,-7651,1694.436666727066
1728.354999780655,1510,-1407,-7652,1694.4416666030884
1728.3599998950958,1504,-1404,-7654,1694.4466667175293
1728.3649997711182,1495,-1400,-7653,1694.4516665935516
1728.369999885559,1488,-1395,-7652,1694.4566667079926
1728.375,1479,-1389,-7649,1694.4616668224335
1728.3799998760223,1471,-1384,-7645,1694.4666666984558
1728.3849999904633,1465,-1380,-7642,1694.4716668128967
1728.3899998664856,1456,-1376,-7640,1694.476666688919
1728.3949999809265,1446,-1372,-7641,1694.48166680336
1728.3999998569489,1439,-1371,-7649,1694.4866666793823
1728.4049999713898,1434,-1371,-7652,1694.4916667938232
1728.409999847412,1433,-1370,-7654,1694.4966666698456
1728.414999961853,1433,-1371,-7657,1694.5016667842865
1728.4199998378754,1431,-1369,-7654,1694.5066666603088
1728.4249999523165,1430,-1367,-7655,1694.51166677475
1728.4299998283386,1428,-1367,-7657,1694.516666650772
1728.4349999427795,1426,-1366,-7656,1694.521666765213
1728.439999818802,1425,-1368,-7658,1694.5266666412356
1728.4449999332428,1423,-1368,-7661,1694.5316667556763
1728.4499998092651,1423,-1369,-7664,1694.5366666316986
1728.454999923706,1422,-1371,-7665,1694.5416667461395
1728.4599997997284,1424,-1373,-7668,1694.5466666221619
1728.4649999141693,1426,-1375,-7667,1694.5516667366028
1728.4699997901917,1428,-1380,-7665,1694.5566666126251
1728.4749999046326,1432,-1385,-7665,1694.561666727066
1728.479999780655,1432,-1388,-7660,1694.5666666030884
1728.4849998950958,1434,-1390,-7654,1694.5716667175293
1728.4899997711182,1436,-1392,-7651,1694.5766665935516
1728.494999885559,1437,-1394,-7647,1694.5816667079926
1728.5,1440,-1395,-7646,1694.5866668224335
1728.5049998760223,1443,-1398,-7647,1694.5916666984558
1728.5099999904633,1443,-1401,-7649,1694.5966668128967
1728.5149998664856,1445,-1405,-7652,1694.601666688919
1728.5199999809265,1447,-1411,-7655,1694.60666680336
1728.5249998569489,1449,-1416,-7658,1694.6116666793823
1728.5299999713898,1452,-1419,-7656,1694.6166667938232
1728.534999847412,1451,-1419,-7654,1694.6216666698456
1728.539999961853,1449,-1419,-7655,1694.6266667842865
1728.5449998378754,1448,-1419,-7652,1694.6316666603088
1728.5499999523165,1451,-1421,-7652,1694.63666677475
1728.5549998283386,1452,-1423,-7649,1694.641666650772
1728.5599999427795,1457,-1425,-7646,1694.646666765213
1728.564999818802,1462,-1427,-7646,1694.6516666412356
1728.5699999332428,1462,-1427,-7647,1694.6566667556763
1728.5749998092651,1465,-1427,-7651,1694.6616666316986
1728.579999923706,1465,-1427,-7652,1694.6666667461395
1728.5849997997284,1465,-1428,-7650,1694.6716666221619
1728.5899999141693,1466,-1429,-7649,1694.6766667366028
1728.5949997901917,1468,-1430,-7648,1694.6816666126251
1728.5999999046326,1471,-1432,-7651,1694.686666727066
1728.604999780655,1472,-1433,-7653,1694.6916666030884
1728.6099998950958,1475,-1435,-7651,1694.6966667175293
1728.6149997711182,1476,-1438,-7653,1694.7016665935516
1728.619999885559,1476,-1440,-7656,1694.7066667079926
1728.625,1478,-1442,-7661,1694.7116668224335
1728.6299998760223,1477,-1442,-7667,1694.7166666984558
1728.6349999904633,1472,-1443,-7671,1694.7216668128967
1728.6399998664856,1466,-1444,-7678,1694.726666688919
1728.6449999809265,1460,-1444,-7684,1694.73166680336
1728.6499998569489,1454,-1444,-7689,1694.7366666793823
1728.6549999713898,1451,-1445,-7692,1694.7416667938232
1728.659999847412,1450,-1448,-7693,1694.7466666698456
1728.664999961853,1450,-1450,-7691,1694.7516667842865
1728.6699998378754,1453,-1454,-7689,1694.7566666603088
1728.6749999523165,1454,-1458,-7685,1694.76166677475
1728.6799998283386,1455,-1462,-7680,1694.766666650772
1728.6849999427795,1456,-1465,-7676,1694.771666765213
1728.689999818802,1453,-1466,-7677,1694.7766666412356
1728.6949999332428,1453,-1466,-7677,1694.7816667556763
1728.6999998092651,1452,-1468,-7679,1694.7866666316986
1728.704999923706,1451,-1472,-7678,1694.7916667461395
1728.7099997997284,1452,-1477,-7674,1694.7966666221619
1728.7149999141693,1453,-1481,-7673,1694.8016667366028
1728.7199997901917,1451,-1485,-7675,1694.8066666126251
1728.7249999046326,1449,-1487,-7681,1694.811666727066
1728.729999780655,1449,-1488,-7687,1694.8166666030884
1728.7349998950958,1449,-1489,-7692,1694.8216667175293
1728.7399997711182,1450,-1490,-7695,1694.8266665935516
1728.744999885559,1450,-1491,-7697,1694.8316667079926
1728.75,1449,-1491,-7700,1694.8366668224335
1728.7549998760223,1447,-1493,-7704,1694.8416666984558
1728.7599999904633,1446,-1495,-7703,1694.8466668128967
1728.7649998664856,1448,-1496,-7702,1694.851666688919
1728.7699999809265,1449,-1501,-7700,1694.85666680336
1728.7749998569489,1453,-1505,-7696,1694.8616666793823
1728.7799999713898,1458,-1510,-7695,1694.8666667938232
1728.784999847412,1461,-1515,-7695,1694.8716666698456
1728.789999961853,1462,-1517,-7695,1694.8766667842865
1728.7949998378754,1465,-1519,-7696,1694.8816666603088
1728.7999999523165,1466,-1521,-7698,1694.88666677475
1728.8049998283386,1469,-1523,-7700,1694.891666650772
1728.8099999427795,1474,-1528,-7705,1694.896666765213
1728.814999818802,1476,-1534,-7709,1694.9016666412356
1728.8199999332428,1480,-1539,-7712,1694.9066667556763
1728.8249998092651,1483,-1544,-7714,1694.9116666316986
1728.829999923706,1487,-1550,-7715,1694.9166667461395
1728.8349997997284,1491,-1555,-7712,1694.9216666221619
1728.8399999141693,1492,-1562,-7714,1694.9266667366028
1728.8449997901917,1495,-1570,-7718,1694.9316666126251
1728.8499999046326,1497,-1577,-7720,1694.936666727066
1728.854999780655,1499,-1584,-7723,1694.9416666030884
1728.8599998950958,1504,-1588,-7725,1694.9466667175293
1728.8649997711182,1509,-1590,-7723,1694.9516665935516
1728.869999885559,1513,-1592,-7721,1694.9566667079926
1728.875,1517,-1593,-7718,1694.9616668224335
1728.8799998760223,1517,-1596,-7721,1694.9666666984558
1728.8849999904633,1516,-1599,-7721,1694.9716668128967
1728.8899998664856,1516,-1601,-7721,1694.976666688919
1728.8949999809265,1514,-1602,-7722,1694.98166680336
1728.8999998569489,1511,-1603,-7720,1694.9866666793823
1728.9049999713898,1512,-1603,-7724,1694.9916667938232
1728.909999847412,1513,-1606,-7728,1694.9966666698456
1728.914999961853,1515,-1609,-7732,1695.0016667842865
1728.9199998378754,1519,-1611,-7736,1695.0066666603088
1728.9249999523165,1526,-1615,-7735,1695.01166677475
1728.9299998283386,1531,-1616,-7738,1695.016666650772
1728.9349999427795,1536,-1618,-7737,1695.021666765213
1728.939999818802,1541,-1621,-7737,1695.0266666412356
1728.9449999332428,1543,-1624,-7734,1695.0316667556763
1728.9499998092651,1544,-1627,-7728,1695.0366666316986
1728.954999923706,1544,-1627,-7720,1695.0416667461395
1728.9599997997284,1547,-1628,-7715,1695.0466666221619
1728.9649999141693,1548,-1631,-7715,1695.0516667366028
1728.9699997901917,1552,-1635,-7715,1695.0566666126251
1728.9749999046326,1551,-1639,-7722,1695.061666727066
1728.979999780655,1552,-1643,-7728,1695.0666666030884
1728.9849998950958,1552,-1645,-7730,1695.0716667175293
1728.9899997711182,1554,-1648,-7732,1695.0766665935516
1728.994999885559,1557,-1650,-7735,1695.0816667079926
1729.0,1557,-1652,-7736,1695.0866668224335
1729.0049998760223,1559,-1653,-7739,1695.0916666984558
1729.0099999904633,1563,-1657,-7741,1695.0966668128967
1729.0149998664856,1565,-1660,-7743,1695.101666688919
1729.0199999809265,1566,-1662,-7744,1695.10666680336
1729.0249998569489,1565,-1664,-7740,1695.1116666793823
1729.0299999713898,1562,-1667,-7737,1695.1166667938232
1729.034999847412,1559,-1668,-7733,1695.1216666698456
1729.039999961853,1556,-1668,-7731,1695.1266667842865
1729.0449998378754,1554,-1669,-7731,1695.1316666603088
1729.0499999523165,1552,-1672,-7732,1695.13666677475
1729.0549998283386,1550,-1676,-7736,1695.141666650772
1729.0599999427795,1547,-1682,-7737,1695.146666765213
1729.064999818802,1544,-1686,-7737,1695.1516666412356
1729.0699999332428,1542,-1690,-7734,1695.1566667556763
1729.0749998092651,1541,-1693,-7732,1695.1616666316986
1729.079999923706,1542,-1694,-7735,1695.1666667461395
1729.0849997997284,1545,-1696,-7739,1695.1716666221619
1729.0899999141693,1546,-1699,-7743,1695.1766667366028
1729.0949997901917,1550,-1702,-7746,1695.1816666126251
1729.0999999046326,1556,-1707,-7745,1695.186666727066
1729.104999780655,1563,-1712,-7743,1695.1916666030884
1729.1099998950958,1569,-1716,-7741,1695.1966667175293
1729.1149997711182,1572,-1720,-7741,1695.2016665935516
1729.119999885559,1570,-1723,-7744,1695.2066667079926
1729.125,1567,-1728,-7746,1695.2116668224335
1729.1299998760223,1569,-1733,-7746,1695.2166666984558
1729.1349999904633,1575,-1738,-7747,1695.2216668128967
1729.1399998664856,1580,-1743,-7746,1695.226666688919
1729.1449999809265,1585,-1746,-7745,1695.23166680336
1729.1499998569489,1592,-1748,-7747,1695.2366666793823
1729.1549999713898,1600,-1747,-7747,1695.2416667938232
1729.159999847412,1611,-1748,-7749,1695.2466666698456
1729.164999961853,1618,-1749,-7750,1695.2516667842865
1729.1699998378754,1624,-1751,-7751,1695.2566666603088
1729.1749999523165,1627,-1754,-7751,1695.26166677475
1729.1799998283386,1629,-1756,-7752,1695.266666650772
1729.1849999427795,1633,-1759,-7753,1695.271666765213
1729.189999818802,1639,-1762,-7753,1695.2766666412356
1729.1949999332428,1645,-1766,-7754,1695.2816667556763
1729.1999998092651,1649,-1771,-7751,1695.2866666316986
1729.204999923706,1655,-1775,-7752,1695.2916667461395
1729.2099997997284,1660,-1779,-7756,1695.2966666221619
1729.2149999141693,1667,-1781,-7757,1695.3016667366028
1729.2199997901917,1674,-1783,-7760,1695.3066666126251
1729.2249999046326,1676,-1782,-7764,1695.311666727066
1729.229999780655,1677,-1781,-7765,1695.3166666030884
1729.2349998950958,1677,-1779,-7763,1695.3216667175293
1729.2399997711182,1677,-1777,-7757,1695.3266665935516
1729.244999885559,1679,-1775,-7750,1695.3316667079926
1729.25,1680,-1776,-7743,1695.3366668224335
1729.2549998760223,1681,-1776,-7744,1695.3416666984558
1729.2599999904633,1679,-1777,-7751,1695.3466668128967
1729.2649998664856,1675,-1776,-7753,1695.351666688919
1729.2699999809265,1671,-1777,-7756,1695.35666680336
1729.2749998569489,1662,-1776,-7756,1695.3616666793823
1729.2799999713898,1655,-1773,-7761,1695.3666667938232
1729.284999847412,1650,-1771,-7765,1695.3716666698456
1729.289999961853,1643,-1767,-7766,1695.3766667842865
1729.2949998378754,1638,-1763,-7766,1695.3816666603088
1729.2999999523165,1637,-1761,-7764,1695.38666677475
1729.3049998283386,1636,-1757,-7764,1695.391666650772
1729.3099999427795,1634,-1754,-7764,1695.396666765213
1729.314999818802,1634,-1750,-7766,1695.4016666412356
1729.3199999332428,1634,-1746,-7768,1695.4066667556763
1729.3249998092651,1635,-1745,-7770,1695.4116666316986
1729.329999923706,1637,-1745,-7770,1695.4166667461395
1729.3349997997284,1638,-1747,-7771,1695.4216666221619
1729.3399999141693,1638,-1747,-7770,1695.4266667366028
1729.3449997901917,1635,-1747,-7770,1695.4316666126251
1729.3499999046326,1631,-1746,-7772,1695.436666727066
1729.354999780655,1629,-1745,-7771,1695.4416666030884
1729.3599998950958,1628,-1745,-7769,1695.4466667175293
1729.3649997711182,1631,-1748,-7768,1695.4516665935516
1729.369999885559,1631,-1749,-7766,1695.4566667079926
1729.375,1630,-1750,-7768,1695.4616668224335
1729.3799998760223,1628,-1750,-7771,1695.4666666984558
1729.3849999904633,1626,-1750,-7767,1695.4716668128967
1729.3899998664856,1625,-1751,-7762,1695.476666688919
1729.3949999809265,1625,-1752,-7758,1695.48166680336
1729.3999998569489,1624,-1754,-7754,1695.4866666793823
1729.4049999713898,1625,-1755,-7754,1695.4916667938232
1729.409999847412,1626,-1756,-7756,1695.4966666698456
1729.414999961853,1627,-1758,-7756,1695.5016667842865
1729.4199998378754,1629,-1761,-7758,1695.5066666603088
1729.4249999523165,1630,-1764,-7761,1695.51166677475
1729.4299998283386,1634,-1767,-7763,1695.516666650772
1729.4349999427795,1635,-1771,-7764,1695.521666765213
1729.439999818802,1636,-1775,-7767,1695.5266666412356
1729.4449999332428,1638,-1779,-7770,1695.5316667556763
1729.4499998092651,1639,-1783,-7770,1695.5366666316986
1729.454999923706,1642,-1788,-7769,1695.5416667461395
1729.4599997997284,1645,-1791,-7768,1695.5466666221619
1729.4649999141693,1644,-1793,-7768,1695.5516667366028
1729.4699997901917,1641,-1792,-7769,1695.5566666126251
1729.4749999046326,1637,-1792,-7771,1695.561666727066
1729.479999780655,1631,-1791,-7772,1695.5666666030884
1729.4849998950958,1627,-1792,-7771,1695.5716667175293
1729.4899997711182,1625,-1795,-7774,1695.5766665935516
1729.494999885559,1628,-1797,-7773,1695.5816667079926
1729.5,1629,-1797,-7769,1695.5866668224335
1729.5049998760223,1629,-1798,-7766,1695.5916666984558
1729.5099999904633,1629,-1800,-7758,1695.5966668128967
1729.5149998664856,1626,-1802,-7751,1695.601666688919
1729.5199999809265,1621,-1804,-7747,1695.60666680336
1729.5249998569489,1619,-1806,-7742,1695.6116666793823
1729.5299999713898,1619,-1806,-7739,1695.6166667938232
1729.534999847412,1622,-1805,-7741,1695.6216666698456
1729.539999961853,1624,-1806,-7741,1695.6266667842865
1729.5449998378754,1628,-1804,-7745,1695.6316666603088
1729.5499999523165,1627,-1802,-7749,1695.63666677475
1729.5549998283386,1628,-1800,-7751,1695.641666650772
1729.5599999427795,1629,-1795,-7752,1695.646666765213
1729.564999818802,1631,-1792,-7752,1695.6516666412356
1729.5699999332428,1634,-1790,-7749,1695.6566667556763
1729.5749998092651,1636,-1792,-7752,1695.6616666316986
1729.579999923706,1637,-1794,-7755,1695.6666667461395
1729.5849997997284,1640,-1795,-7760,1695.6716666221619
1729.5899999141693,1645,-1795,-7766,1695.6766667366028
1729.5949997901917,1649,-1794,-7767,1695.6816666126251
1729.5999999046326,1648,-1794,-7765,1695.686666727066
1729.604999780655,1645,-1794,-7761,1695.6916666030884
1729.6099998950958,1642,-1793,-7758,1695.6966667175293
1729.6149997711182,1639,-1790,-7753,1695.7016665935516
1729.619999885559,1635,-1788,-7748,1695.7066667079926
1729.625,1629,-1786,-7743,1695.7116668224335
1729.6299998760223,1622,-1785,-7736,1695.7166666984558
1729.6349999904633,1615,-1783,-7730,1695.7216668128967
1729.6399998664856,1611,-1783,-7728,1695.726666688919
1729.6449999809265,1611,-1784,-7727,1695.73166680336
1729.6499998569489,1616,-1785,-7729,1695.7366666793823
1729.6549999713898,1620,-1785,-7731,1695.7416667938232
1729.659999847412,1622,-1783,-7732,1695.7466666698456
1729.664999961853,1627,-1781,-7729,1695.7516667842865
1729.6699998378754,1631,-1780,-7728,1695.7566666603088
1729.6749999523165,1638,-1778,-7732,1695.76166677475
1729.6799998283386,1643,-1777,-7737,1695.766666650772
1729.6849999427795,1645,-1776,-7743,1695.771666765213
1729.689999818802,1646,-1774,-7749,1695.7766666412356
1729.6949999332428,1644,-1772,-7753,1695.7816667556763
1729.6999998092651,1644,-1770,-7755,1695.7866666316986
1729.704999923706,1642,-1766,-7758,1695.7916667461395
1729.7099997997284,1639,-1762,-7761,1695.7966666221619
1729.7149999141693,1635,-1758,-7765,1695.8016667366028
1729.7199997901917,1629,-1755,-7771,1695.8066666126251
1729.7249999046326,1627,-1752,-7773,1695.811666727066
1729.729999780655,1628,-1749,-7773,1695.8166666030884
1729.7349998950958,1629,-1744,-7772,1695.8216667175293
1729.7399997711182,1630,-1740,-7773,1695.8266665935516
1729.744999885559,1630,-1738,-7773,1695.8316667079926
1729.75,1632,-1737,-7779,1695.8366668224335
1729.7549998760223,1634,-1737,-7786,1695.8416666984558
1729.7599999904633,1637,-1735,-7791,1695.8466668128967
1729.7649998664856,1639,-1733,-7795,1695.851666688919
1729.7699999809265,1642,-1730,-7793,1695.85666680336
1729.7749998569489,1644,-1726,-7790,1695.8616666793823
1729.7799999713898,1647,-1724,-7788,1695.8666667938232
1729.784999847412,1649,-1721,-7787,1695.8716666698456
1729.789999961853,1650,-1717,-7787,1695.8766667842865
1729.7949998378754,1649,-1714,-7787,1695.8816666603088
1729.7999999523165,1646,-1711,-7783,1695.88666677475
1729.8049998283386,1641,-1708,-7778,1695.891666650772
1729.8099999427795,1636,-1706,-7773,1695.896666765213
1729.814999818802,1629,-1703,-7769,1695.9016666412356
1729.8199999332428,1623,-1701,-7765,1695.9066667556763
1729.8249998092651,1618,-1699,-7760,1695.9116666316986
1729.829999923706,1613,-1696,-7757,1695.9166667461395
1729.8349997997284,1607,-1692,-7753,1695.9216666221619
1729.8399999141693,1601,-1688,-7750,1695.9266667366028
1729.8449997901917,1596,-1683,-7748,1695.9316666126251
1729.8499999046326,1590,-1679,-7749,1695.936666727066
1729.854999780655,1581,-1677,-7746,1695.9416666030884
1729.8599998950958,1573,-1672,-7743,1695.9466667175293
1729.8649997711182,1565,-1668,-7742,1695.9516665935516
1729.869999885559,1554,-1663,-7739,1695.9566667079926
1729.875,1544,-1659,-7740,1695.9616668224335
1729.8799998760223,1534,-1656,-7741,1695.9666666984558
1729.8849999904633,1525,-1653,-7741,1695.9716668128967
1729.8899998664856,1519,-1651,-7737,1695.976666688919
1729.8949999809265,1513,-1650,-7732,1695.98166680336
1729.8999998569489,1509,-1649,-7726,1695.9866666793823
1729.9049999713898,1503,-1647,-7723,1695.9916667938232
1729.909999847412,1497,-1645,-7719,1695.9966666698456
1729.914999961853,1490,-1642,-7719,1696.0016667842865
1729.9199998378754,1485,-1640,-7719,1696.0066666603088
1729.9249999523165,1484,-1638,-7717,1696.01166677475
1729.9299998283386,1482,-1638,-7716,1696.016666650772
1729.9349999427795,1480,-1638,-7719,1696.021666765213
1729.939999818802,1476,-1637,-7721,1696.0266666412356
1729.9449999332428,1471,-1636,-7722,1696.0316667556763
1729.9499998092651,1462,-1635,-7720,1696.0366666316986
1729.954999923706,1454,-1634,-7713,1696.0416667461395
1729.9599997997284,1450,-1635,-7707,1696.0466666221619
1729.9649999141693,1451,-1637,-7706,1696.0516667366028
1729.9699997901917,1457,-1639,-7708,1696.0566666126251
1729.9749999046326,1464,-1640,-7710,1696.061666727066
1729.979999780655,1469,-1639,-7713,1696.0666666030884
1729.9849998950958,1472,-1638,-7712,1696.0716667175293
1729.9899997711182,1475,-1636,-7712,1696.0766665935516
1729.994999885559,1477,-1634,-7714,1696.0816667079926
1730.0,1477,-1632,-7716,1696.0866668224335
1730.0049998760223,1478,-1629,-7717,1696.0916666984558
1730.0099999904633,1479,-1628,-7714,1696.0966668128967
1730.0149998664856,1479,-1629,-7712,1696.101666688919
1730.0199999809265,1477,-1629,-7709,1696.10666680336
1730.0249998569489,1477,-1629,-7705,1696.1116666793823
1730.0299999713898,1477,-1628,-7703,1696.1166667938232
1730.034999847412,1477,-1627,-7700,1696.1216666698456
1730.039999961853,1476,-1626,-7697,1696.1266667842865
1730.0449998378754,1474,-1627,-7699,1696.1316666603088
1730.0499999523165,1472,-1628,-7699,1696.13666677475
1730.0549998283386,1469,-1627,-7701,1696.141666650772
1730.0599999427795,1469,-1624,-7702,1696.146666765213
1730.064999818802,1469,-1619,-7705,1696.1516666412356
1730.0699999332428,1464,-1614,-7707,1696.1566667556763
1730.0749998092651,1458,-1612,-7708,1696.1616666316986
1730.079999923706,1451,-1611,-7711,1696.1666667461395
1730.0849997997284,1444,-1612,-7713,1696.1716666221619
1730.0899999141693,1439,-1614,-7716,1696.1766667366028
1730.0949997901917,1436,-1615,-7720,1696.1816666126251
1730.0999999046326,1429,-1616,-7721,1696.186666727066
1730.104999780655,1424,-1616,-7721,1696.1916666030884
1730.1099998950958,1420,-1616,-7720,1696.1966667175293
1730.1149997711182,1417,-1617,-7719,1696.2016665935516
1730.119999885559,1417,-1620,-7722,1696.2066667079926
1730.125,1417,-1624,-7724,1696.2116668224335
1730.1299998760223,1416,-1625,-7727,1696.2166666984558
1730.1349999904633,1414,-1624,-7726,1696.2216668128967
1730.1399998664856,1412,-1624,-7723,1696.226666688919
1730.1449999809265,1410,-1625,-7720,1696.23166680336
1730.1499998569489,1408,-1627,-7721,1696.2366666793823
1730.1549999713898,1407,-1629,-7725,1696.2416667938232
1730.159999847412,1406,-1630,-7728,1696.2466666698456
1730.164999961853,1408,-1632,-7733,1696.2516667842865
1730.1699998378754,1410,-1637,-7740,1696.2566666603088
1730.1749999523165,1412,-1644,-7744,1696.26166677475
1730.1799998283386,1415,-1650,-7748,1696.266666650772
1730.1849999427795,1414,-1656,-7749,1696.271666765213
1730.189999818802,1414,-1657,-7750,1696.2766666412356
1730.1949999332428,1413,-1658,-7749,1696.2816667556763
1730.1999998092651,1415,-1660,-7749,1696.2866666316986
1730.204999923706,1418,-1662,-7748,1696.2916667461395
1730.2099997997284,1420,-1666,-7749,1696.2966666221619
1730.2149999141693,1425,-1670,-7750,1696.3016667366028
1730.2199997901917,1432,-1674,-7752,1696.3066666126251
1730.2249999046326,1438,-1679,-7751,1696.311666727066
1730.229999780655,1443,-1686,-7754,1696.3166666030884
1730.2349998950958,1445,-1693,-7755,1696.3216667175293
1730.2399997711182,1446,-1699,-7755,1696.3266665935516
1730.244999885559,1447,-1705,-7757,1696.3316667079926
1730.25,1454,-1709,-7759,1696.3366668224335
1730.2549998760223,1459,-1714,-7760,1696.3416666984558
1730.2599999904633,1464,-1718,-7766,1696.3466668128967
1730.2649998664856,1465,-1720,-7768,1696.351666688919
1730.2699999809265,1467,-1723,-7767,1696.35666680336
1730.2749998569489,1468,-1724,-7767,1696.3616666793823
1730.2799999713898,1473,-1726,-7764,1696.3666667938232
1730.284999847412,1478,-1727,-7764,1696.3716666698456
1730.289999961853,1479,-1728,-7767,1696.3766667842865
1730.2949998378754,1481,-1729,-7768,1696.3816666603088
1730.2999999523165,1478,-1730,-7765,1696.38666677475
1730.3049998283386,1478,-1731,-7763,1696.391666650772
1730.3099999427795,1477,-1732,-7760,1696.396666765213
1730.314999818802,1480,-1733,-7761,1696.4016666412356
1730.3199999332428,1487,-1732,-7762,1696.4066667556763
1730.3249998092651,1489,-1731,-7761,1696.4116666316986
1730.329999923706,1493,-1731,-7761,1696.4166667461395
1730.3349997997284,1496,-1731,-7761,1696.4216666221619
1730.3399999141693,1499,-1731,-7762,1696.4266667366028
1730.3449997901917,1502,-1730,-7766,1696.4316666126251
1730.3499999046326,1510,-1727,-7770,1696.436666727066
1730.354999780655,1518,-1726,-7774,1696.4416666030884
1730.3599998950958,1524,-1724,-7777,1696.4466667175293
1730.3649997711182,1527,-1725,-7778,1696.4516665935516
1730.369999885559,1528,-1726,-7780,1696.4566667079926
1730.375,1531,-1727,-7778,1696.4616668224335
1730.3799998760223,1533,-1728,-7778,1696.4666666984558
1730.3849999904633,1536,-1727,-7779,1696.4716668128967
1730.3899998664856,1537,-1727,-7780,1696.476666688919
1730.3949999809265,1537,-1729,-7783,1696.48166680336
1730.3999998569489,1534,-1731,-7786,1696.4866666793823
1730.4049999713898,1532,-1733,-7789,1696.4916667938232
1730.409999847412,1525,-1735,-7790,1696.4966666698456
1730.414999961853,1519,-1736,-7791,1696.5016667842865
1730.4199998378754,1516,-1737,-7790,1696.5066666603088
1730.4249999523165,1513,-1739,-7786,1696.51166677475
1730.4299998283386,1513,-1740,-7783,1696.516666650772
1730.4349999427795,1516,-1742,-7783,1696.521666765213
1730.439999818802,1519,-1741,-7783,1696.5266666412356
1730.4449999332428,1523,-1739,-7784,1696.5316667556763
1730.4499998092651,1525,-1738,-7784,1696.5366666316986
1730.454999923706,1525,-1736,-7783,1696.5416667461395
1730.4599997997284,1520,-1737,-7779,1696.5466666221619
1730.4649999141693,1517,-1738,-7776,1696.5516667366028
1730.4699997901917,1515,-1738,-7770,1696.5566666126251
1730.4749999046326,1515,-1740,-7768,1696.561666727066
1730.479999780655,1517,-1743,-7774,1696.5666666030884
1730.4849998950958,1518,-1745,-7776,1696.5716667175293
1730.4899997711182,1519,-1748,-7780,1696.5766665935516
1730.494999885559,1514,-1751,-7786,1696.5816667079926
1730.5,1507,-1753,-7787,1696.5866668224335
1730.5049998760223,1500,-1757,-7787,1696.5916666984558
1730.5099999904633,1492,-1760,-7787,1696.5966668128967
1730.5149998664856,1489,-1764,-7787,1696.601666688919
1730.5199999809265,1487,-1768,-7784,1696.60666680336
1730.5249998569489,1487,-1771,-7782,1696.6116666793823
1730.5299999713898,1486,-1774,-7782,1696.6166667938232
1730.534999847412,1483,-1775,-7784,1696.6216666698456
1730.539999961853,1484,-1776,-7788,1696.6266667842865
1730.5449998378754,1486,-1778,-7793,1696.6316666603088
1730.5499999523165,1487,-1779,-7797,1696.63666677475
1730.5549998283386,1489,-1780,-7799,1696.641666650772
1730.5599999427795,1489,-1782,-7799,1696.646666765213
1730.564999818802,1490,-1783,-7797,1696.6516666412356
1730.5699999332428,1494,-1785,-7793,1696.6566667556763
1730.5749998092651,1498,-1789,-7788,1696.6616666316986
1730.579999923706,1501,-1791,-7782,1696.6666667461395
1730.5849997997284,1503,-1794,-7780,1696.6716666221619
1730.5899999141693,1501,-1796,-7781,1696.6766667366028
1730.5949997901917,1500,-1797,-7783,1696.6816666126251
1730.5999999046326,1505,-1800,-7785,1696.686666727066
1730.604999780655,1511,-1803,-7787,1696.6916666030884
1730.6099998950958,1519,-1806,-7787,1696.6966667175293
1730.6149997711182,1529,-1807,-7786,1696.7016665935516
1730.619999885559,1535,-1809,-7784,1696.7066667079926
1730.625,1542,-1810,-7785,1696.7116668224335
1730.6299998760223,1544,-1810,-7783,1696.7166666984558
1730.6349999904633,1543,-1811,-7781,1696.7216668128967
1730.6399998664856,1541,-1813,-7780,1696.726666688919
1730.6449999809265,1538,-1814,-7779,1696.73166680336
1730.6499998569489,1539,-1817,-7780,1696.7366666793823
1730.6549999713898,1538,-1818,-7782,1696.7416667938232
1730.659999847412,1538,-1820,-7785,1696.7466666698456
1730.664999961853,1538,-1823,-7787,1696.7516667842865
1730.6699998378754,1538,-1824,-7788,1696.7566666603088
1730.6749999523165,1538,-1827,-7788,1696.76166677475
1730.6799998283386,1539,-1831,-7788,1696.766666650772
1730.6849999427795,1540,-1833,-7784,1696.771666765213
1730.689999818802,1539,-1836,-7779,1696.7766666412356
1730.6949999332428,1539,-1838,-7775,1696.7816667556763
1730.6999998092651,1541,-1840,-7772,1696.7866666316986
1730.704999923706,1544,-1844,-7774,1696.7916667461395
1730.7099997997284,1547,-1847,-7777,1696.7966666221619
1730.7149999141693,1550,-1848,-7778,1696.8016667366028
1730.7199997901917,1550,-1849,-7780,1696.8066666126251
1730.7249999046326,1551,-1849,-7777,1696.811666727066
1730.729999780655,1550,-1851,-7771,1696.8166666030884
1730.7349998950958,1552,-1851,-7768,1696.8216667175293
1730.7399997711182,1555,-1852,-7766,1696.8266665935516
1730.744999885559,1555,-1853,-7765,1696.8316667079926
1730.75,1559,-1853,-7765,1696.8366668224335
1730.7549998760223,1561,-1853,-7765,1696.8416666984558
1730.7599999904633,1566,-1852,-7763,1696.8466668128967
1730.7649998664856,1569,-1851,-7759,1696.851666688919
1730.7699999809265,1573,-1849,-7757,1696.85666680336
1730.7749998569489,1576,-1848,-7756,1696.8616666793823
1730.7799999713898,1577,-1846,-7753,1696.8666667938232
1730.784999847412,1576,-1846,-7754,1696.8716666698456
1730.789999961853,1571,-1848,-7753,1696.8766667842865
1730.7949998378754,1566,-1849,-7754,1696.8816666603088
1730.7999999523165,1558,-1849,-7757,1696.88666677475
1730.8049998283386,1552,-1847,-7761,1696.891666650772
1730.8099999427795,1550,-1844,-7766,1696.896666765213
1730.814999818802,1549,-1842,-7770,1696.9016666412356
1730.8199999332428,1550,-1841,-7775,1696.9066667556763
1730.8249998092651,1549,-1840,-7776,1696.9116666316986
1730.829999923706,1545,-1840,-7775,1696.9166667461395
1730.8349997997284,1541,-1840,-7774,1696.9216666221619
1730.8399999141693,1535,-1840,-7772,1696.9266667366028
1730.8449997901917,1529,-1842,-7771,1696.9316666126251
1730.8499999046326,1524,-1843,-7768,1696.936666727066
1730.854999780655,1518,-1845,-7768,1696.9416666030884
1730.8599998950958,1512,-1846,-7771,1696.9466667175293
1730.8649997711182,1506,-1849,-7771,1696.9516665935516
1730.869999885559,1503,-1853,-7776,1696.9566667079926
1730.875,1502,-1858,-7778,1696.9616668224335
1730.8799998760223,1500,-1862,-7777,1696.9666666984558
1730.8849999904633,1500,-1865,-7780,1696.9716668128967
1730.8899998664856,1501,-1867,-7778,1696.976666688919
1730.8949999809265,1501,-1870,-7782,1696.98166680336
1730.8999998569489,1500,-1873,-7788,1696.9866666793823
1730.9049999713898,1502,-1875,-7793,1696.9916667938232
1730.909999847412,1503,-1878,-7796,1696.9966666698456
1730.914999961853,1509,-1882,-7794,1697.0016667842865
1730.9199998378754,1515,-1887,-7793,1697.0066666603088
1730.9249999523165,1517,-1892,-7794,1697.01166677475
1730.9299998283386,1518,-1898,-7794,1697.016666650772
1730.9349999427795,1521,-1906,-7797,1697.021666765213
1730.939999818802,1523,-1912,-7797,1697.0266666412356
1730.9449999332428,1526,-1918,-7797,1697.0316667556763
1730.9499998092651,1535,-1923,-7797,1697.0366666316986
1730.954999923706,1542,-1929,-7797,1697.0416667461395
1730.9599997997284,1550,-1936,-7796,1697.0466666221619
1730.9649999141693,1559,-1943,-7796,1697.0516667366028
1730.9699997901917,1563,-1951,-7797,1697.0566666126251
1730.9749999046326,1568,-1959,-7800,1697.061666727066
1730.979999780655,1574,-1967,-7803,1697.0666666030884
1730.9849998950958,1580,-1974,-7803,1697.0716667175293
1730.9899997711182,1583,-1980,-7800,1697.0766665935516
1730.994999885559,1589,-1986,-7799,1697.0816667079926
1731.0,1600,-1992,-7800,1697.0866668224335
1731.0049998760223,1611,-1999,-7801,1697.0916666984558
1731.0099999904633,1624,-2005,-7803,1697.0966668128967
1731.0149998664856,1632,-2009,-7802,1697.101666688919
1731.0199999809265,1635,-2012,-7803,1697.10666680336
1731.0249998569489,1640,-2014,-7803,1697.1116666793823
1731.0299999713898,1645,-2016,-7803,1697.1166667938232
1731.034999847412,1649,-2018,-7801,1697.1216666698456
1731.039999961853,1655,-2020,-7797,1697.1266667842865
1731.0449998378754,1660,-2024,-7797,1697.1316666603088
1731.0499999523165,1665,-2027,-7795,1697.13666677475
1731.0549998283386,1670,-2028,-7796,1697.141666650772
1731.0599999427795,1676,-2028,-7799,1697.146666765213
1731.064999818802,1680,-2025,-7801,1697.1516666412356
1731.0699999332428,1682,-2024,-7805,1697.1566667556763
1731.0749998092651,1685,-2024,-7804,1697.1616666316986
1731.079999923706,1691,-2024,-7806,1697.1666667461395
1731.0849997997284,1695,-2023,-7804,1697.1716666221619
1731.0899999141693,1696,-2022,-7801,1697.1766667366028
1731.0949997901917,1694,-2021,-7799,1697.1816666126251
1731.0999999046326,1690,-2020,-7800,1697.186666727066
1731.104999780655,1685,-2019,-7798,1697.1916666030884
1731.1099998950958,1683,-2017,-7797,1697.1966667175293
1731.1149997711182,1686,-2015,-7794,1697.2016665935516
1731.119999885559,1689,-2013,-7791,1697.2066667079926
1731.125,1690,-2010,-7794,1697.2116668224335
1731.1299998760223,1691,-2007,-7796,1697.2166666984558
1731.1349999904633,1689,-2005,-7798,1697.2216668128967
1731.1399998664856,1686,-2002,-7799,1697.226666688919
1731.1449999809265,1680,-1997,-7797,1697.23166680336
1731.1499998569489,1680,-1994,-7790,1697.2366666793823
1731.1549999713898,1679,-1991,-7786,1697.2416667938232
1731.159999847412,1677,-1987,-7783,1697.2466666698456
1731.164999961853,1671,-1984,-7780,1697.2516667842865
1731.1699998378754,1660,-1979,-7783,1697.2566666603088
1731.1749999523165,1648,-1974,-7786,1697.26166677475
1731.1799998283386,1640,-1971,-7786,1697.266666650772
1731.1849999427795,1634,-1968,-7785,1697.271666765213
1731.189999818802,1628,-1965,-7784,1697.2766666412356
1731.1949999332428,1619,-1964,-7784,1697.2816667556763
1731.1999998092651,1613,-1962,-7788,1697.2866666316986
1731.204999923706,1606,-1960,-7792,1697.2916667461395
1731.2099997997284,1599,-1959,-7793,1697.2966666221619
1731.2149999141693,1592,-1955,-7791,1697.3016667366028
1731.2199997901917,1584,-1952,-7790,1697.3066666126251
1731.2249999046326,1581,-1947,-7787,1697.311666727066
1731.229999780655,1577,-1941,-7784,1697.3166666030884
1731.2349998950958,1574,-1936,-7784,1697.3216667175293
1731.2399997711182,1573,-1933,-7782,1697.3266665935516
1731.244999885559,1571,-1933,-7781,1697.3316667079926
1731.25,1570,-1934,-7783,1697.3366668224335
1731.2549998760223,1571,-1937,-7786,1697.3416666984558
1731.2599999904633,1569,-1940,-7787,1697.3466668128967
1731.2649998664856,1565,-1940,-7787,1697.351666688919
1731.2699999809265,1564,-1941,-7788,1697.35666680336
1731.2749998569489,1561,-1941,-7784,1697.3616666793823
1731.2799999713898,1562,-1941,-7782,1697.3666667938232
1731.284999847412,1564,-1943,-7783,1697.3716666698456
1731.289999961853,1565,-1943,-7782,1697.3766667842865
1731.2949998378754,1567,-1943,-7784,1697.3816666603088
1731.2999999523165,1567,-1945,-7786,1697.38666677475
1731.3049998283386,1568,-1947,-7789,1697.391666650772
1731.3099999427795,1569,-1950,-7789,1697.396666765213
1731.314999818802,1573,-1953,-7793,1697.4016666412356
1731.3199999332428,1578,-1955,-7795,1697.4066667556763
1731.3249998092651,1582,-1957,-7795,1697.4116666316986
1731.329999923706,1585,-1960,-7796,1697.4166667461395
1731.3349997997284,1586,-1964,-7797,1697.4216666221619
1731.3399999141693,1588,-1966,-7800,1697.4266667366028
1731.3449997901917,1590,-1969,-7800,1697.4316666126251
1731.3499999046326,1592,-1972,-7799,1697.436666727066
1731.354999780655,1596,-1977,-7798,1697.4416666030884
1731.3599998950958,1597,-1982,-7798,1697.4466667175293
1731.3649997711182,1597,-1986,-7801,1697.4516665935516
1731.369999885559,1601,-1988,-7803,1697.4566667079926
1731.375,1605,-1991,-7804,1697.4616668224335
1731.3799998760223,1607,-1991,-7803,1697.4666666984558
1731.3849999904633,1609,-1992,-7804,1697.4716668128967
1731.3899998664856,1607,-1991,-7804,1697.476666688919
1731.3949999809265,1605,-1989,-7802,1697.48166680336
1731.3999998569489,1605,-1988,-7801,1697.4866666793823
1731.4049999713898,1603,-1987,-7800,1697.4916667938232
1731.409999847412,1600,-1987,-7800,1697.4966666698456
1731.414999961853,1600,-1987,-7802,1697.5016667842865
1731.4199998378754,1602,-1986,-7803,1697.5066666603088
1731.4249999523165,1603,-1985,-7800,1697.51166677475
1731.4299998283386,1604,-1985,-7799,1697.516666650772
1731.4349999427795,1601,-1986,-7799,1697.521666765213
1731.439999818802,1599,-1988,-7801,1697.5266666412356
1731.4449999332428,1598,-1986,-7805,1697.5316667556763
1731.4499998092651,1596,-1983,-7807,1697.5366666316986
1731.454999923706,1595,-1981,-7810,1697.5416667461395
1731.4599997997284,1599,-1980,-7811,1697.5466666221619
1731.4649999141693,1607,-1978,-7812,1697.5516667366028
1731.4699997901917,1616,-1978,-7812,1697.5566666126251
1731.4749999046326,1622,-1976,-7813,1697.561666727066
1731.479999780655,1629,-1974,-7811,1697.5666666030884
1731.4849998950958,1634,-1972,-7810,1697.5716667175293
1731.4899997711182,1636,-1971,-7808,1697.5766665935516
1731.494999885559,1640,-1971,-7806,1697.5816667079926
1731.5,1639,-1970,-7809,1697.5866668224335
1731.5049998760223,1637,-1969,-7808,1697.5916666984558
1731.5099999904633,1633,-1969,-7806,1697.5966668128967
1731.5149998664856,1630,-1968,-7804,1697.601666688919
1731.5199999809265,1630,-1968,-7801,1697.60666680336
1731.5249998569489,1631,-1970,-7800,1697.6116666793823
1731.5299999713898,1635,-1971,-7799,1697.6166667938232
1731.534999847412,1637,-1971,-7796,1697.6216666698456
1731.539999961853,1638,-1972,-7791,1697.6266667842865
1731.5449998378754,1635,-1973,-7788,1697.6316666603088
1731.5499999523165,1633,-1971,-7788,1697.63666677475
1731.5549998283386,1628,-1968,-7791,1697.641666650772
1731.5599999427795,1628,-1964,-7792,1697.646666765213
1731.564999818802,1629,-1961,-7793,1697.6516666412356
1731.5699999332428,1626,-1957,-7792,1697.6566667556763
1731.5749998092651,1623,-1955,-7792,1697.6616666316986
1731.579999923706,1619,-1953,-7794,1697.6666667461395
1731.5849997997284,1613,-1952,-7798,1697.6716666221619
1731.5899999141693,1608,-1949,-7804,1697.6766667366028
1731.5949997901917,1603,-1944,-7806,1697.6816666126251
1731.5999999046326,1599,-1937,-7808,1697.686666727066
1731.604999780655,1594,-1930,-7810,1697.6916666030884
1731.6099998950958,1591,-1923,-7811,1697.6966667175293
1731.6149997711182,1587,-1918,-7813,1697.7016665935516
1731.619999885559,1583,-1914,-7816,1697.7066667079926
1731.625,1581,-1911,-7815,1697.7116668224335
1731.6299998760223,1576,-1906,-7812,1697.7166666984558
1731.6349999904633,1571,-1902,-7810,1697.7216668128967
1731.6399998664856,1566,-1900,-7807,1697.726666688919
1731.6449999809265,1561,-1900,-7806,1697.73166680336
1731.6499998569489,1554,-1901,-7804,1697.7366666793823
1731.6549999713898,1549,-1903,-7803,1697.7416667938232
1731.659999847412,1545,-1904,-7802,1697.7466666698456
1731.664999961853,1542,-1904,-7801,1697.7516667842865
1731.6699998378754,1538,-1905,-7799,1697.7566666603088
1731.6749999523165,1538,-1905,-7796,1697.76166677475
1731.6799998283386,1538,-1905,-7789,1697.766666650772
1731.6849999427795,1540,-1906,-7783,1697.771666765213
1731.689999818802,1542,-1907,-7780,1697.7766666412356
1731.6949999332428,1543,-1912,-7782,1697.7816667556763
1731.6999998092651,1544,-1915,-7790,1697.7866666316986
1731.704999923706,1545,-1918,-7800,1697.7916667461395
1731.7099997997284,1546,-1921,-7807,1697.7966666221619
1731.7149999141693,1550,-1923,-7810,1697.8016667366028
1731.7199997901917,1554,-1927,-7812,1697.8066666126251
1731.7249999046326,1561,-1934,-7815,1697.811666727066
1731.729999780655,1567,-1940,-7817,1697.8166666030884
1731.7349998950958,1571,-1948,-7820,1697.8216667175293
1731.7399997711182,1573,-1955,-7822,1697.8266665935516
1731.744999885559,1572,-1961,-7821,1697.8316667079926
1731.75,1573,-1968,-7821,1697.8366668224335
1731.7549998760223,1573,-1972,-7819,1697.8416666984558
1731.7599999904633,1574,-1976,-7819,1697.8466668128967
1731.7649998664856,1577,-1980,-7818,1697.851666688919
1731.7699999809265,1579,-1985,-7821,1697.85666680336
1731.7749998569489,1584,-1988,-7820,1697.8616666793823
1731.7799999713898,1590,-1988,-7818,1697.8666667938232
1731.784999847412,1595,-1985,-7815,1697.8716666698456
1731.789999961853,1602,-1981,-7813,1697.8766667842865
1731.7949998378754,1607,-1979,-7811,1697.8816666603088
1731.7999999523165,1610,-1978,-7808,1697.88666677475
1731.8049998283386,1612,-1978,-7808,1697.891666650772
1731.8099999427795,1611,-1979,-7809,1697.896666765213
1731.814999818802,1609,-1977,-7811,1697.9016666412356
1731.8199999332428,1608,-1976,-7813,1697.9066667556763
1731.8249998092651,1608,-1974,-7817,1697.9116666316986
1731.829999923706,1613,-1974,-7820,1697.9166667461395
1731.8349997997284,1615,-1975,-7819,1697.9216666221619
1731.8399999141693,1619,-1977,-7814,1697.9266667366028
1731.8449997901917,1621,-1979,-7810,1697.9316666126251
1731.8499999046326,1620,-1980,-7805,1697.936666727066
1731.854999780655,1619,-1981,-7805,1697.9416666030884
1731.8599998950958,1615,-1981,-7806,1697.9466667175293
1731.8649997711182,1611,-1982,-7807,1697.9516665935516
1731.869999885559,1607,-1983,-7813,1697.9566667079926
1731.875,1605,-1983,-7816,1697.9616668224335
1731.8799998760223,1606,-1983,-7817,1697.9666666984558
1731.8849999904633,1607,-1982,-7817,1697.9716668128967
1731.8899998664856,1606,-1980,-7816,1697.976666688919
1731.8949999809265,1605,-1978,-7816,1697.98166680336
1731.8999998569489,1603,-1977,-7816,1697.9866666793823
1731.9049999713898,1607,-1977,-7815,1697.9916667938232
1731.909999847412,1613,-1979,-7812,1697.9966666698456
1731.914999961853,1621,-1983,-7815,1698.0016667842865
1731.9199998378754,1630,-1988,-7816,1698.0066666603088
1731.9249999523165,1636,-1995,-7822,1698.01166677475
1731.9299998283386,1639,-2004,-7827,1698.016666650772
1731.9349999427795,1636,-2012,-7830,1698.021666765213
1731.939999818802,1632,-2021,-7834,1698.0266666412356
1731.9449999332428,1628,-2029,-7839,1698.0316667556763
1731.9499998092651,1628,-2037,-7842,1698.0366666316986
1731.954999923706,1631,-2044,-7843,1698.0416667461395
1731.9599997997284,1638,-2051,-7846,1698.0466666221619
1731.9649999141693,1646,-2057,-7847,1698.0516667366028
1731.9699997901917,1655,-2063,-7845,1698.0566666126251
1731.9749999046326,1667,-2071,-7843,1698.061666727066
1731.979999780655,1677,-2080,-7838,1698.0666666030884
1731.9849998950958,1685,-2090,-7833,1698.0716667175293
1731.9899997711182,1692,-2100,-7834,1698.0766665935516
1731.994999885559,1696,-2109,-7833,1698.0816667079926
1732.0,1714,-2126,-7834,1698.0866668224335
1732.0049998760223,1732,-2143,-7833,1698.0916666984558
1732.0099999904633,1747,-2161,-7834,1698.0966668128967
1732.0149998664856,1760,-2179,-7834,1698.101666688919
1732.0199999809265,1775,-2199,-7833,1698.10666680336
1732.0249998569489,1787,-2220,-7836,1698.1116666793823
1732.0299999713898,1799,-2239,-7838,1698.1166667938232
1732.034999847412,1813,-2259,-7842,1698.1216666698456
1732.039999961853,1827,-2281,-7843,1698.1266667842865
1732.0449998378754,1841,-2303,-7842,1698.1316666603088
1732.0499999523165,1859,-2325,-7841,1698.13666677475
1732.0549998283386,1880,-2347,-7841,1698.141666650772
1732.0599999427795,1899,-2367,-7842,1698.146666765213
1732.064999818802,1921,-2387,-7842,1698.1516666412356
1732.0699999332428,1937,-2406,-7840,1698.1566667556763
1732.0749998092651,1950,-2426,-7842,1698.1616666316986
1732.079999923706,1962,-2448,-7842,1698.1666667461395
1732.0849997997284,1972,-2468,-7843,1698.1716666221619
1732.0899999141693,1981,-2488,-7846,1698.1766667366028
1732.0949997901917,1990,-2506,-7848,1698.1816666126251
1732.0999999046326,2002,-2523,-7850,1698.186666727066
1732.104999780655,2011,-2539,-7850,1698.1916666030884
1732.1099998950958,2021,-2558,-7850,1698.1966667175293
1732.1149997711182,2028,-2578,-7849,1698.2016665935516
1732.119999885559,2035,-2596,-7849,1698.2066667079926
1732.125,2042,-2613,-7847,1698.2116668224335
1732.1299998760223,2050,-2627,-7843,1698.2166666984558
1732.1349999904633,2061,-2638,-7839,1698.2216668128967
1732.1399998664856,2075,-2648,-7836,1698.226666688919
1732.1449999809265,2089,-2658,-7839,1698.23166680336
1732.1499998569489,2102,-2668,-7841,1698.2366666793823
1732.1549999713898,2114,-2679,-7843,1698.2416667938232
1732.159999847412,2125,-2688,-7844,1698.2466666698456
1732.164999961853,2132,-2696,-7844,1698.2516667842865
1732.1699998378754,2141,-2705,-7845,1698.2566666603088
1732.1749999523165,2145,-2716,-7845,1698.26166677475
1732.1799998283386,2151,-2725,-7847,1698.266666650772
1732.1849999427795,2154,-2733,-7849,1698.271666765213
1732.189999818802,2156,-2738,-7848,1698.2766666412356
1732.1949999332428,2160,-2740,-7845,1698.2816667556763
1732.1999998092651,2163,-2739,-7843,1698.2866666316986
1732.204999923706,2169,-2736,-7839,1698.2916667461395
1732.2099997997284,2170,-2733,-7837,1698.2966666221619
1732.2149999141693,2168,-2730,-7833,1698.3016667366028
1732.2199997901917,2169,-2726,-7828,1698.3066666126251
1732.2249999046326,2169,-2724,-7828,1698.311666727066
1732.229999780655,2169,-2723,-7834,1698.3166666030884
1732.2349998950958,2173,-2721,-7838,1698.3216667175293
1732.2399997711182,2175,-2717,-7847,1698.3266665935516
1732.244999885559,2174,-2711,-7853,1698.3316667079926
1732.25,2173,-2705,-7854,1698.3366668224335
1732.2549998760223,2171,-2698,-7856,1698.3416666984558
1732.2599999904633,2168,-2692,-7855,1698.3466668128967
1732.2649998664856,2166,-2686,-7854,1698.351666688919
1732.2699999809265,2164,-2679,-7855,1698.35666680336
1732.2749998569489,2160,-2672,-7855,1698.3616666793823
1732.2799999713898,2155,-2666,-7856,1698.3666667938232
1732.284999847412,2151,-2661,-7859,1698.3716666698456
1732.289999961853,2144,-2658,-7858,1698.3766667842865
1732.2949998378754,2133,-2653,-7856,1698.3816666603088
1732.2999999523165,2123,-2649,-7855,1698.38666677475
1732.3049998283386,2114,-2644,-7852,1698.391666650772
1732.3099999427795,2107,-2641,-7849,1698.396666765213
1732.314999818802,2106,-2639,-7848,1698.4016666412356
1732.3199999332428,2107,-2638,-7846,1698.4066667556763
1732.3249998092651,2107,-2636,-7844,1698.4116666316986
1732.329999923706,2108,-2634,-7846,1698.4166667461395
1732.3349997997284,2110,-2631,-7847,1698.4216666221619
1732.3399999141693,2110,-2628,-7849,1698.4266667366028
1732.3449997901917,2112,-2629,-7852,1698.4316666126251
1732.3499999046326,2113,-2631,-7854,1698.436666727066
1732.354999780655,2112,-2636,-7854,1698.4416666030884
1732.3599998950958,2108,-2640,-7856,1698.4466667175293
1732.3649997711182,2103,-2644,-7856,1698.4516665935516
1732.369999885559,2098,-2649,-7858,1698.4566667079926
1732.375,2098,-2653,-7858,1698.4616668224335
1732.3799998760223,2103,-2658,-7856,1698.4666666984558
1732.3849999904633,2113,-2665,-7855,1698.4716668128967
1732.3899998664856,2120,-2670,-7857,1698.476666688919
1732.3949999809265,2123,-2675,-7859,1698.48166680336
1732.3999998569489,2124,-2681,-7863,1698.4866666793823
1732.4049999713898,2121,-2683,-7870,1698.4916667938232
1732.409999847412,2120,-2687,-7873,1698.4966666698456
1732.414999961853,2123,-2690,-7874,1698.5016667842865
1732.4199998378754,2127,-2692,-7876,1698.5066666603088
1732.4249999523165,2132,-2696,-7870,1698.51166677475
1732.4299998283386,2137,-2699,-7864,1698.516666650772
1732.4349999427795,2138,-2701,-7862,1698.521666765213
1732.439999818802,2137,-2704,-7861,1698.5266666412356
1732.4449999332428,2135,-2707,-7858,1698.5316667556763
1732.4499998092651,2133,-2711,-7856,1698.5366666316986
1732.454999923706,2132,-2714,-7855,1698.5416667461395
1732.4599997997284,2134,-2718,-7853,1698.5466666221619
1732.4649999141693,2136,-2720,-7854,1698.5516667366028
1732.4699997901917,2139,-2724,-7855,1698.5566666126251
1732.4749999046326,2142,-2726,-7856,1698.561666727066
1732.479999780655,2146,-2729,-7857,1698.5666666030884
1732.4849998950958,2150,-2732,-7858,1698.5716667175293
1732.4899997711182,2156,-2733,-7858,1698.5766665935516
1732.494999885559,2160,-2735,-7861,1698.5816667079926
1732.5,2162,-2737,-7862,1698.5866668224335
1732.5049998760223,2160,-2739,-7867,1698.5916666984558
1732.5099999904633,2162,-2745,-7871,1698.5966668128967
1732.5149998664856,2164,-2750,-7872,1698.601666688919
1732.5199999809265,2166,-2755,-7873,1698.60666680336
1732.5249998569489,2169,-2761,-7869,1698.6116666793823
1732.5299999713898,2170,-2764,-7871,1698.6166667938232
1732.534999847412,2174,-2765,-7870,1698.6216666698456
1732.539999961853,2175,-2768,-7866,1698.6266667842865
1732.5449998378754,2177,-2770,-7860,1698.6316666603088
1732.5499999523165,2177,-2774,-7853,1698.63666677475
1732.5549998283386,2174,-2777,-7847,1698.641666650772
1732.5599999427795,2173,-2780,-7842,1698.646666765213
1732.564999818802,2169,-2782,-7838,1698.6516666412356
1732.5699999332428,2168,-2786,-7833,1698.6566667556763
1732.5749998092651,2168,-2790,-7831,1698.6616666316986
1732.579999923706,2167,-2793,-7831,1698.6666667461395
1732.5849997997284,2169,-2795,-7834,1698.6716666221619
1732.5899999141693,2171,-2797,-7838,1698.6766667366028
1732.5949997901917,2171,-2796,-7839,1698.6816666126251
1732.5999999046326,2173,-2796,-7840,1698.686666727066
1732.604999780655,2174,-2798,-7841,1698.6916666030884
1732.6099998950958,2172,-2801,-7842,1698.6966667175293
1732.6149997711182,2170,-2806,-7844,1698.7016665935516
1732.619999885559,2169,-2809,-7842,1698.7066667079926
1732.625,2170,-2811,-7843,1698.7116668224335
1732.6299998760223,2171,-2812,-7845,1698.7166666984558
1732.6349999904633,2171,-2813,-7849,1698.7216668128967
1732.6399998664856,2169,-2817,-7852,1698.726666688919
1732.6449999809265,2164,-2819,-7853,1698.73166680336
1732.6499998569489,2160,-2821,-7854,1698.7366666793823
1732.6549999713898,2157,-2823,-7855,1698.7416667938232
1732.659999847412,2153,-2825,-7859,1698.7466666698456
1732.664999961853,2151,-2827,-7862,1698.7516667842865
1732.6699998378754,2153,-2831,-7865,1698.7566666603088
1732.6749999523165,2155,-2835,-7867,1698.76166677475
1732.6799998283386,2157,-2838,-7867,1698.766666650772
1732.6849999427795,2158,-2841,-7867,1698.771666765213
1732.689999818802,2156,-2843,-7870,1698.7766666412356
1732.6949999332428,2155,-2844,-7878,1698.7816667556763
1732.6999998092651,2155,-2846,-7880,1698.7866666316986
1732.704999923706,2160,-2849,-7884,1698.7916667461395
1732.7099997997284,2162,-2852,-7883,1698.7966666221619
1732.7149999141693,2161,-2854,-7879,1698.8016667366028
1732.7199997901917,2157,-2855,-7879,1698.8066666126251
1732.7249999046326,2154,-2857,-7881,1698.811666727066
1732.729999780655,2150,-2860,-7881,1698.8166666030884
1732.7349998950958,2148,-2862,-7878,1698.8216667175293
1732.7399997711182,2148,-2863,-7873,1698.8266665935516
1732.744999885559,2151,-2863,-7867,1698.8316667079926
1732.75,2157,-2862,-7861,1698.8366668224335
1732.7549998760223,2167,-2860,-7859,1698.8416666984558
1732.7599999904633,2175,-2861,-7854,1698.8466668128967
1732.7649998664856,2178,-2860,-7853,1698.851666688919
1732.7699999809265,2179,-2861,-7854,1698.85666680336
1732.7749998569489,2180,-2861,-7854,1698.8616666793823
1732.7799999713898,2179,-2861,-7856,1698.8666667938232
1732.784999847412,2178,-2862,-7857,1698.8716666698456
1732.789999961853,2180,-2862,-7860,1698.8766667842865
1732.7949998378754,2179,-2863,-7863,1698.8816666603088
1732.7999999523165,2180,-2865,-7868,1698.88666677475
1732.8049998283386,2184,-2867,-7873,1698.891666650772
1732.8099999427795,2191,-2868,-7878,1698.896666765213
1732.814999818802,2198,-2868,-7882,1698.9016666412356
1732.8199999332428,2204,-2869,-7881,1698.9066667556763
1732.8249998092651,2202,-2869,-7879,1698.9116666316986
1732.829999923706,2201,-2870,-7878,1698.9166667461395
1732.8349997997284,2198,-2869,-7879,1698.9216666221619
1732.8399999141693,2196,-2868,-7884,1698.9266667366028
1732.8449997901917,2195,-2867,-7888,1698.9316666126251
1732.8499999046326,2193,-2869,-7889,1698.936666727066
1732.854999780655,2188,-2872,-7889,1698.9416666030884
1732.8599998950958,2183,-2876,-7891,1698.9466667175293
1732.8649997711182,2181,-2878,-7892,1698.9516665935516
1732.869999885559,2181,-2879,-7894,1698.9566667079926
1732.875,2184,-2880,-7896,1698.9616668224335
1732.8799998760223,2185,-2880,-7898,1698.9666666984558
1732.8849999904633,2184,-2878,-7898,1698.9716668128967
1732.8899998664856,2181,-2875,-7899,1698.976666688919
1732.8949999809265,2177,-2874,-7898,1698.98166680336
1732.8999998569489,2176,-2871,-7895,1698.9866666793823
1732.9049999713898,2176,-2868,-7895,1698.9916667938232
1732.909999847412,2177,-2865,-7894,1698.9966666698456
1732.914999961853,2180,-2863,-7893,1699.0016667842865
1732.9199998378754,2182,-2862,-7894,1699.0066666603088
1732.9249999523165,2182,-2862,-7894,1699.01166677475
1732.9299998283386,2180,-2863,-7894,1699.016666650772
1732.9349999427795,2176,-2863,-7892,1699.021666765213
1732.939999818802,2175,-2863,-7890,1699.0266666412356
1732.9449999332428,2173,-2860,-7890,1699.0316667556763
1732.9499998092651,2176,-2857,-7887,1699.0366666316986
1732.954999923706,2178,-2855,-7882,1699.0416667461395
1732.9599997997284,2175,-2853,-7875,1699.0466666221619
1732.9649999141693,2173,-2851,-7869,1699.0516667366028
1732.9699997901917,2168,-2849,-7870,1699.0566666126251
1732.9749999046326,2163,-2846,-7869,1699.061666727066
1732.979999780655,2158,-2844,-7871,1699.0666666030884
1732.9849998950958,2157,-2841,-7870,1699.0716667175293
1732.9899997711182,2156,-2838,-7872,1699.0766665935516
1732.994999885559,2160,-2833,-7876,1699.0816667079926
1733.0,2166,-2828,-7878,1699.0866668224335
1733.0049998760223,2170,-2824,-7877,1699.0916666984558
1733.0099999904633,2173,-2821,-7875,1699.0966668128967
1733.0149998664856,2174,-2818,-7871,1699.101666688919
1733.0199999809265,2170,-2814,-7869,1699.10666680336
1733.0249998569489,2166,-2810,-7870,1699.1116666793823
1733.0299999713898,2162,-2806,-7871,1699.1166667938232
1733.034999847412,2158,-2802,-7873,1699.1216666698456
1733.039999961853,2155,-2801,-7874,1699.1266667842865
1733.0449998378754,2155,-2798,-7876,1699.1316666603088
1733.0499999523165,2155,-2795,-7878,1699.13666677475
1733.0549998283386,2157,-2791,-7879,1699.141666650772
1733.0599999427795,2154,-2785,-7876,1699.146666765213
1733.064999818802,2150,-2780,-7870,1699.1516666412356
1733.0699999332428,2143,-2775,-7860,1699.1566667556763
1733.0749998092651,2139,-2771,-7854,1699.1616666316986
1733.079999923706,2142,-2767,-7849,1699.1666667461395
1733.0849997997284,2146,-2763,-7852,1699.1716666221619
1733.0899999141693,2148,-2759,-7857,1699.1766667366028
1733.0949997901917,2148,-2753,-7862,1699.1816666126251
1733.0999999046326,2145,-2748,-7867,1699.186666727066
1733.104999780655,2144,-2744,-7872,1699.1916666030884
1733.1099998950958,2147,-2742,-7873,1699.1966667175293
1733.1149997711182,2150,-2742,-7872,1699.2016665935516
1733.119999885559,2150,-2741,-7874,1699.2066667079926
1733.125,2148,-2739,-7879,1699.2116668224335
1733.1299998760223,2144,-2735,-7882,1699.2166666984558
1733.1349999904633,2141,-2731,-7884,1699.2216668128967
1733.1399998664856,2137,-2727,-7883,1699.226666688919
1733.1449999809265,2134,-2723,-7880,1699.23166680336
1733.1499998569489,2130,-2720,-7876,1699.2366666793823
1733.1549999713898,2125,-2717,-7876,1699.2416667938232
1733.159999847412,2122,-2711,-7878,1699.2466666698456
1733.164999961853,2119,-2705,-7882,1699.2516667842865
1733.1699998378754,2118,-2698,-7883,1699.2566666603088
1733.1749999523165,2124,-2692,-7880,1699.26166677475
1733.1799998283386,2125,-2685,-7876,1699.266666650772
1733.1849999427795,2124,-2679,-7871,1699.271666765213
1733.189999818802,2117,-2675,-7867,1699.2766666412356
1733.1949999332428,2107,-2670,-7865,1699.2816667556763
1733.1999998092651,2096,-2665,-7864,1699.2866666316986
1733.204999923706,2084,-2661,-7862,1699.2916667461395
1733.2099997997284,2074,-2656,-7861,1699.2966666221619
1733.2149999141693,2064,-2652,-7857,1699.3016667366028
1733.2199997901917,2060,-2648,-7852,1699.3066666126251
1733.2249999046326,2057,-2645,-7848,1699.311666727066
1733.229999780655,2058,-2642,-7846,1699.3166666030884
1733.2349998950958,2061,-2638,-7848,1699.3216667175293
1733.2399997711182,2062,-2635,-7849,1699.3266665935516
1733.244999885559,2062,-2631,-7849,1699.3316667079926
1733.25,2055,-2626,-7848,1699.3366668224335
1733.2549998760223,2051,-2621,-7847,1699.3416666984558
1733.2599999904633,2048,-2615,-7845,1699.3466668128967
1733.2649998664856,2049,-2608,-7845,1699.351666688919
1733.2699999809265,2051,-2602,-7846,1699.35666680336
1733.2749998569489,2049,-2596,-7848,1699.3616666793823
1733.2799999713898,2046,-2591,-7849,1699.3666667938232
1733.284999847412,2043,-2589,-7851,1699.3716666698456
1733.289999961853,2036,-2587,-7855,1699.3766667842865
1733.2949998378754,2032,-2584,-7860,1699.3816666603088
1733.2999999523165,2030,-2579,-7864,1699.38666677475
1733.3049998283386,2027,-2575,-7871,1699.391666650772
1733.3099999427795,2023,-2571,-7878,1699.396666765213
1733.314999818802,2022,-2567,-7884,1699.4016666412356
1733.3199999332428,2017,-2566,-7893,1699.4066667556763
1733.3249998092651,2015,-2564,-7893,1699.4116666316986
1733.329999923706,2012,-2563,-7887,1699.4166667461395
1733.3349997997284,2006,-2562,-7881,1699.4216666221619
1733.3399999141693,2001,-2560,-7875,1699.4266667366028
1733.3449997901917,1996,-2559,-7874,1699.4316666126251
1733.3499999046326,1991,-2558,-7870,1699.436666727066
1733.354999780655,1989,-2557,-7868,1699.4416666030884
1733.3599998950958,1990,-2555,-7868,1699.4466667175293
1733.3649997711182,1989,-2554,-7865,1699.4516665935516
1733.369999885559,1989,-2553,-7864,1699.4566667079926
1733.375,1987,-2552,-7865,1699.4616668224335
1733.3799998760223,1981,-2549,-7865,1699.4666666984558
1733.3849999904633,1978,-2547,-7868,1699.4716668128967
1733.3899998664856,1977,-2546,-7874,1699.476666688919
1733.3949999809265,1981,-2543,-7877,1699.48166680336
1733.3999998569489,1990,-2542,-7877,1699.4866666793823
1733.4049999713898,1996,-2541,-7874,1699.4916667938232
1733.409999847412,2001,-2538,-7870,1699.4966666698456
1733.414999961853,2002,-2539,-7871,1699.5016667842865
1733.4199998378754,2000,-2539,-7876,1699.5066666603088
1733.4249999523165,1997,-2539,-7880,1699.51166677475
1733.4299998283386,1994,-2539,-7884,1699.516666650772
1733.4349999427795,1988,-2537,-7886,1699.521666765213
1733.439999818802,1985,-2534,-7886,1699.5266666412356
1733.4449999332428,1983,-2529,-7882,1699.5316667556763
1733.4499998092651,1982,-2525,-7879,1699.5366666316986
1733.454999923706,1980,-2522,-7877,1699.5416667461395
1733.4599997997284,1979,-2518,-7876,1699.5466666221619
1733.4649999141693,1980,-2518,-7878,1699.5516667366028
1733.4699997901917,1981,-2519,-7880,1699.5566666126251
1733.4749999046326,1979,-2519,-7883,1699.561666727066
1733.479999780655,1975,-2519,-7887,1699.5666666030884
1733.4849998950958,1976,-2518,-7890,1699.5716667175293
1733.4899997711182,1980,-2518,-7892,1699.5766665935516
1733.494999885559,1985,-2517,-7894,1699.5816667079926
1733.5,1990,-2515,-7895,1699.5866668224335
1733.5049998760223,1993,-2517,-7895,1699.5916666984558
1733.5099999904633,1993,-2519,-7896,1699.5966668128967
1733.5149998664856,1991,-2519,-7895,1699.601666688919
1733.5199999809265,1991,-2518,-7894,1699.60666680336
1733.5249998569489,1988,-2517,-7892,1699.6116666793823
1733.5299999713898,1987,-2516,-7890,1699.6166667938232
1733.534999847412,1987,-2516,-7886,1699.6216666698456
1733.539999961853,1985,-2517,-7884,1699.6266667842865
1733.5449998378754,1985,-2516,-7880,1699.6316666603088
1733.5499999523165,1984,-2515,-7879,1699.63666677475
1733.5549998283386,1984,-2514,-7875,1699.641666650772
1733.5599999427795,1983,-2511,-7872,1699.646666765213
1733.564999818802,1982,-2510,-7871,1699.6516666412356
1733.5699999332428,1984,-2508,-7871,1699.6566667556763
1733.5749998092651,1989,-2506,-7872,1699.6616666316986
1733.579999923706,1989,-2506,-7875,1699.6666667461395
1733.5849997997284,1992,-2505,-7877,1699.6716666221619
1733.5899999141693,1993,-2505,-7877,1699.6766667366028
1733.5949997901917,1996,-2505,-7876,1699.6816666126251
1733.5999999046326,2004,-2506,-7874,1699.686666727066
1733.604999780655,2009,-2504,-7872,1699.6916666030884
1733.6099998950958,2015,-2504,-7869,1699.6966667175293
1733.6149997711182,2016,-2503,-7865,1699.7016665935516
1733.619999885559,2017,-2501,-7860,1699.7066667079926
1733.625,2014,-2499,-7858,1699.7116668224335
1733.6299998760223,2012,-2496,-7856,1699.7166666984558
1733.6349999904633,2011,-2495,-7856,1699.7216668128967
1733.6399998664856,2010,-2494,-7856,1699.726666688919
1733.6449999809265,2012,-2491,-7854,1699.73166680336
1733.6499998569489,2012,-2489,-7852,1699.7366666793823
1733.6549999713898,2009,-2486,-7851,1699.7416667938232
1733.659999847412,2006,-2482,-7852,1699.7466666698456
1733.664999961853,2000,-2481,-7854,1699.7516667842865
1733.6699998378754,1995,-2479,-7856,1699.7566666603088
1733.6749999523165,1989,-2475,-7856,1699.76166677475
1733.6799998283386,1985,-2472,-7850,1699.766666650772
1733.6849999427795,1983,-2469,-7846,1699.771666765213
1733.689999818802,1983,-2467,-7842,1699.7766666412356
1733.6949999332428,1983,-2465,-7840,1699.7816667556763
1733.6999998092651,1984,-2463,-7839,1699.7866666316986
1733.704999923706,1983,-2463,-7838,1699.7916667461395
1733.7099997997284,1983,-2462,-7839,1699.7966666221619
1733.7149999141693,1978,-2462,-7839,1699.8016667366028
1733.7199997901917,1972,-2463,-7839,1699.8066666126251
1733.7249999046326,1969,-2465,-7837,1699.811666727066
1733.729999780655,1970,-2467,-7833,1699.8166666030884
1733.7349998950958,1970,-2469,-7830,1699.8216667175293
1733.7399997711182,1971,-2469,-7830,1699.8266665935516
1733.744999885559,1971,-2470,-7833,1699.8316667079926
1733.75,1968,-2472,-7836,1699.8366668224335
1733.7549998760223,1970,-2475,-7835,1699.8416666984558
1733.7599999904633,1970,-2479,-7832,1699.8466668128967
1733.7649998664856,1970,-2481,-7829,1699.851666688919
1733.7699999809265,1969,-2484,-7825,1699.85666680336
1733.7749998569489,1968,-2486,-7828,1699.8616666793823
1733.7799999713898,1966,-2487,-7830,1699.8666667938232
1733.784999847412,1968,-2489,-7833,1699.8716666698456
1733.789999961853,1969,-2491,-7835,1699.8766667842865
1733.7949998378754,1974,-2492,-7835,1699.8816666603088
1733.7999999523165,1980,-2496,-7835,1699.88666677475
1733.8049998283386,1983,-2500,-7835,1699.891666650772
1733.8099999427795,1986,-2505,-7837,1699.896666765213
1733.814999818802,1985,-2511,-7834,1699.9016666412356
1733.8199999332428,1983,-2516,-7830,1699.9066667556763
1733.8249998092651,1982,-2521,-7827,1699.9116666316986
1733.829999923706,1982,-2525,-7828,1699.9166667461395
1733.8349997997284,1980,-2527,-7831,1699.9216666221619
1733.8399999141693,1980,-2530,-7835,1699.9266667366028
1733.8449997901917,1982,-2533,-7838,1699.9316666126251
1733.8499999046326,1983,-2537,-7844,1699.936666727066
1733.854999780655,1988,-2543,-7850,1699.9416666030884
1733.8599998950958,1991,-2549,-7854,1699.9466667175293
1733.8649997711182,1995,-2554,-7858,1699.9516665935516
1733.869999885559,2003,-2559,-7856,1699.9566667079926
1733.875,2005,-2565,-7856,1699.9616668224335
1733.8799998760223,2006,-2569,-7856,1699.9666666984558
1733.8849999904633,2004,-2575,-7854,1699.9716668128967
1733.8899998664856,1999,-2580,-7856,1699.976666688919
1733.8949999809265,1996,-2585,-7856,1699.98166680336
1733.8999998569489,2000,-2590,-7853,1699.9866666793823
1733.9049999713898,2005,-2595,-7848,1699.9916667938232
1733.909999847412,2009,-2599,-7844,1699.9966666698456
1733.914999961853,2010,-2603,-7843,1700.0016667842865
1733.9199998378754,2011,-2608,-7843,1700.0066666603088
1733.9249999523165,2015,-2611,-7844,1700.01166677475
1733.9299998283386,2016,-2617,-7843,1700.016666650772
1733.9349999427795,2022,-2623,-7838,1700.021666765213
1733.939999818802,2022,-2627,-7836,1700.0266666412356
1733.9449999332428,2022,-2632,-7837,1700.0316667556763
1733.9499998092651,2024,-2635,-7839,1700.0366666316986
1733.954999923706,2025,-2637,-7840,1700.0416667461395
1733.9599997997284,2028,-2639,-7841,1700.0466666221619
1733.9649999141693,2033,-2641,-7838,1700.0516667366028
1733.9699997901917,2037,-2644,-7837,1700.0566666126251
1733.9749999046326,2037,-2647,-7838,1700.061666727066
1733.979999780655,2037,-2650,-7841,1700.0666666030884
1733.9849998950958,2036,-2652,-7844,1700.0716667175293
1733.9899997711182,2037,-2655,-7847,1700.0766665935516
1733.994999885559,2037,-2659,-7852,1700.0816667079926
1734.0,2046,-2663,-7857,1700.0866668224335
1734.0049998760223,2052,-2666,-7858,1700.0916666984558
1734.0099999904633,2058,-2670,-7858,1700.0966668128967
1734.0149998664856,2061,-2675,-7859,1700.101666688919
1734.0199999809265,2061,-2680,-7862,1700.10666680336
1734.0249998569489,2059,-2687,-7865,1700.1116666793823
1734.0299999713898,2054,-2694,-7862,1700.1166667938232
1734.034999847412,2053,-2702,-7858,1700.1216666698456
1734.039999961853,2054,-2710,-7855,1700.1266667842865
1734.0449998378754,2057,-2717,-7850,1700.1316666603088
1734.0499999523165,2061,-2722,-7849,1700.13666677475
1734.0549998283386,2065,-2726,-7848,1700.141666650772
1734.0599999427795,2064,-2731,-7847,1700.146666765213
1734.064999818802,2062,-2736,-7846,1700.1516666412356
1734.0699999332428,2062,-2740,-7846,1700.1566667556763
1734.0749998092651,2065,-2745,-7853,1700.1616666316986
1734.079999923706,2070,-2751,-7857,1700.1666667461395
1734.0849997997284,2077,-2756,-7861,1700.1716666221619
1734.0899999141693,2082,-2762,-7863,1700.1766667366028
1734.0949997901917,2083,-2768,-7863,1700.1816666126251
1734.0999999046326,2082,-2775,-7863,1700.186666727066
1734.104999780655,2081,-2781,-7864,1700.1916666030884
1734.1099998950958,2082,-2788,-7863,1700.1966667175293
1734.1149997711182,2084,-2796,-7861,1700.2016665935516
1734.119999885559,2083,-2802,-7861,1700.2066667079926
1734.125,2083,-2808,-7861,1700.2116668224335
1734.1299998760223,2083,-2817,-7861,1700.2166666984558
1734.1349999904633,2079,-2823,-7862,1700.2216668128967
1734.1399998664856,2077,-2829,-7862,1700.226666688919
1734.1449999809265,2079,-2834,-7864,1700.23166680336
1734.1499998569489,2081,-2839,-7863,1700.2366666793823
1734.1549999713898,2082,-2844,-7863,1700.2416667938232
1734.159999847412,2083,-2849,-7866,1700.2466666698456
1734.164999961853,2082,-2853,-7866,1700.2516667842865
1734.1699998378754,2081,-2856,-7866,1700.2566666603088
1734.1749999523165,2084,-2857,-7870,1700.26166677475
1734.1799998283386,2090,-2860,-7874,1700.266666650772
1734.1849999427795,2096,-2861,-7879,1700.271666765213
1734.189999818802,2105,-2863,-7882,1700.2766666412356
1734.1949999332428,2115,-2864,-7883,1700.2816667556763
1734.1999998092651,2124,-2866,-7885,1700.2866666316986
1734.204999923706,2128,-2868,-7886,1700.2916667461395
1734.2099997997284,2134,-2871,-7890,1700.2966666221619
1734.2149999141693,2131,-2873,-7888,1700.3016667366028
1734.2199997901917,2128,-2874,-7885,1700.3066666126251
1734.2249999046326,2126,-2872,-7885,1700.311666727066
1734.229999780655,2125,-2871,-7887,1700.3166666030884
1734.2349998950958,2123,-2871,-7891,1700.3216667175293
1734.2399997711182,2124,-2874,-7895,1700.3266665935516
1734.244999885559,2119,-2879,-7898,1700.3316667079926
1734.25,2118,-2885,-7900,1700.3366668224335
1734.2549998760223,2120,-2892,-7900,1700.3416666984558
1734.2599999904633,2122,-2895,-7896,1700.3466668128967
1734.2649998664856,2125,-2898,-7897,1700.351666688919
1734.2699999809265,2126,-2901,-7899,1700.35666680336
1734.2749998569489,2126,-2903,-7897,1700.3616666793823
1734.2799999713898,2124,-2905,-7896,1700.3666667938232
1734.284999847412,2127,-2906,-7895,1700.3716666698456
1734.289999961853,2129,-2906,-7894,1700.3766667842865
1734.2949998378754,2128,-2906,-7893,1700.3816666603088
1734.2999999523165,2126,-2905,-7895,1700.38666677475
1734.3049998283386,2125,-2904,-7896,1700.391666650772
1734.3099999427795,2123,-2904,-7897,1700.396666765213
1734.314999818802,2121,-2904,-7897,1700.4016666412356
1734.3199999332428,2119,-2906,-7898,1700.4066667556763
1734.3249998092651,2118,-2907,-7899,1700.4116666316986
1734.329999923706,2119,-2909,-7901,1700.4166667461395
1734.3349997997284,2120,-2910,-7902,1700.4216666221619
1734.3399999141693,2123,-2909,-7899,1700.4266667366028
1734.3449997901917,2126,-2908,-7895,1700.4316666126251
1734.3499999046326,2127,-2906,-7891,1700.436666727066
1734.354999780655,2130,-2904,-7887,1700.4416666030884
1734.3599998950958,2132,-2903,-7883,1700.4466667175293
1734.3649997711182,2131,-2902,-7882,1700.4516665935516
1734.369999885559,2127,-2899,-7878,1700.4566667079926
1734.375,2126,-2896,-7874,1700.4616668224335
1734.3799998760223,2122,-2893,-7869,1700.4666666984558
1734.3849999904633,2118,-2891,-7864,1700.4716668128967
1734.3899998664856,2116,-2891,-7862,1700.476666688919
1734.3949999809265,2111,-2894,-7862,1700.48166680336
1734.3999998569489,2110,-2898,-7865,1700.4866666793823
1734.4049999713898,2107,-2901,-7869,1700.4916667938232
1734.409999847412,2106,-2904,-7874,1700.4966666698456
1734.414999961853,2104,-2905,-7879,1700.5016667842865
1734.4199998378754,2098,-2907,-7882,1700.5066666603088
1734.4249999523165,2091,-2908,-7879,1700.51166677475
1734.4299998283386,2086,-2908,-7877,1700.516666650772
1734.4349999427795,2082,-2906,-7879,1700.521666765213
1734.439999818802,2081,-2904,-7881,1700.5266666412356
1734.4449999332428,2081,-2903,-7886,1700.5316667556763
1734.4499998092651,2083,-2902,-7890,1700.5366666316986
1734.454999923706,2084,-2903,-7896,1700.5416667461395
1734.4599997997284,2086,-2902,-7900,1700.5466666221619
1734.4649999141693,2089,-2901,-7900,1700.5516667366028
1734.4699997901917,2089,-2899,-7896,1700.5566666126251
1734.4749999046326,2090,-2897,-7890,1700.561666727066
1734.479999780655,2093,-2897,-7884,1700.5666666030884
1734.4849998950958,2094,-2897,-7883,1700.5716667175293
1734.4899997711182,2093,-2898,-7883,1700.5766665935516
1734.494999885559,2095,-2899,-7882,1700.5816667079926
1734.5,2096,-2900,-7886,1700.5866668224335
1734.5049998760223,2099,-2902,-7889,1700.5916666984558
1734.5099999904633,2098,-2903,-7892,1700.5966668128967
1734.5149998664856,2096,-2902,-7895,1700.601666688919
1734.5199999809265,2093,-2902,-7895,1700.60666680336
1734.5249998569489,2091,-2901,-7893,1700.6116666793823
1734.5299999713898,2095,-2901,-7890,1700.6166667938232
1734.534999847412,2100,-2900,-7884,1700.6216666698456
1734.539999961853,2103,-2898,-7879,1700.6266667842865
1734.5449998378754,2102,-2896,-7877,1700.6316666603088
1734.5499999523165,2098,-2894,-7879,1700.63666677475
1734.5549998283386,2095,-2892,-7883,1700.641666650772
1734.5599999427795,2092,-2892,-7887,1700.646666765213
1734.564999818802,2091,-2892,-7889,1700.6516666412356
1734.5699999332428,2091,-2891,-7891,1700.6566667556763
1734.5749998092651,2093,-2890,-7891,1700.6616666316986
1734.579999923706,2097,-2887,-7892,1700.6666667461395
1734.5849997997284,2100,-2884,-7893,1700.6716666221619
1734.5899999141693,2102,-2882,-7891,1700.6766667366028
1734.5949997901917,2105,-2881,-7889,1700.6816666126251
1734.5999999046326,2105,-2880,-7883,1700.686666727066
1734.604999780655,2108,-2880,-7878,1700.6916666030884
1734.6099998950958,2111,-2880,-7875,1700.6966667175293
1734.6149997711182,2111,-2877,-7874,1700.7016665935516
1734.619999885559,2114,-2872,-7875,1700.7066667079926
1734.625,2113,-2865,-7878,1700.7116668224335
1734.6299998760223,2110,-2859,-7883,1700.7166666984558
1734.6349999904633,2109,-2854,-7889,1700.7216668128967
1734.6399998664856,2103,-2849,-7893,1700.726666688919
1734.6449999809265,2101,-2846,-7893,1700.73166680336
1734.6499998569489,2107,-2840,-7892,1700.7366666793823
1734.6549999713898,2110,-2835,-7890,1700.7416667938232
1734.659999847412,2111,-2830,-7888,1700.7466666698456
1734.664999961853,2110,-2823,-7885,1700.7516667842865
1734.6699998378754,2107,-2818,-7882,1700.7566666603088
1734.6749999523165,2102,-2813,-7880,1700.76166677475
1734.6799998283386,2099,-2808,-7876,1700.766666650772
1734.6849999427795,2093,-2804,-7874,1700.771666765213
1734.689999818802,2087,-2798,-7871,1700.7766666412356
1734.6949999332428,2082,-2790,-7870,1700.7816667556763
1734.6999998092651,2078,-2783,-7868,1700.7866666316986
1734.704999923706,2080,-2774,-7868,1700.7916667461395
1734.7099997997284,2083,-2765,-7868,1700.7966666221619
1734.7149999141693,2083,-2757,-7869,1700.8016667366028
1734.7199997901917,2080,-2750,-7869,1700.8066666126251
1734.7249999046326,2072,-2742,-7873,1700.811666727066
1734.729999780655,2066,-2733,-7875,1700.8166666030884
1734.7349998950958,2062,-2723,-7873,1700.8216667175293
1734.7399997711182,2062,-2714,-7870,1700.8266665935516
1734.744999885559,2060,-2706,-7866,1700.8316667079926
1734.75,2055,-2698,-7861,1700.8366668224335
1734.7549998760223,2048,-2693,-7861,1700.8416666984558
1734.7599999904633,2037,-2689,-7866,1700.8466668128967
1734.7649998664856,2031,-2686,-7870,1700.851666688919
1734.7699999809265,2025,-2683,-7870,1700.85666680336
1734.7749998569489,2021,-2680,-7870,1700.8616666793823
1734.7799999713898,2019,-2676,-7868,1700.8666667938232
1734.784999847412,2016,-2672,-7868,1700.8716666698456
1734.789999961853,2012,-2669,-7868,1700.8766667842865
1734.7949998378754,2011,-2668,-7872,1700.8816666603088
1734.7999999523165,2013,-2665,-7871,1700.88666677475
1734.8049998283386,2013,-2662,-7871,1700.891666650772
1734.8099999427795,2011,-2663,-7874,1700.896666765213
1734.814999818802,2006,-2666,-7871,1700.9016666412356
1734.8199999332428,2001,-2666,-7872,1700.9066667556763
1734.8249998092651,1998,-2667,-7871,1700.9116666316986
1734.829999923706,1996,-2666,-7867,1700.9166667461395
1734.8349997997284,1997,-2663,-7868,1700.9216666221619
1734.8399999141693,1997,-2660,-7869,1700.9266667366028
1734.8449997901917,1998,-2659,-7870,1700.9316666126251
1734.8499999046326,1999,-2659,-7871,1700.936666727066
1734.854999780655,2003,-2659,-7868,1700.9416666030884
1734.8599998950958,2004,-2658,-7865,1700.9466667175293
1734.8649997711182,2001,-2656,-7863,1700.9516665935516
1734.869999885559,1997,-2656,-7859,1700.9566667079926
1734.875,1986,-2657,-7860,1700.9616668224335
1734.8799998760223,1978,-2658,-7864,1700.9666666984558
1734.8849999904633,1968,-2659,-7868,1700.9716668128967
1734.8899998664856,1962,-2660,-7871,1700.976666688919
1734.8949999809265,1958,-2659,-7873,1700.98166680336
1734.8999998569489,1957,-2659,-7871,1700.9866666793823
1734.9049999713898,1960,-2658,-7867,1700.9916667938232
1734.909999847412,1963,-2655,-7861,1700.9966666698456
1734.914999961853,1969,-2652,-7855,1701.0016667842865
1734.9199998378754,1972,-2649,-7851,1701.0066666603088
1734.9249999523165,1975,-2647,-7848,1701.01166677475
1734.9299998283386,1978,-2644,-7850,1701.016666650772
1734.9349999427795,1978,-2641,-7852,1701.021666765213
1734.939999818802,1983,-2641,-7856,1701.0266666412356
1734.9449999332428,1989,-2640,-7858,1701.0316667556763
1734.9499998092651,1993,-2640,-7858,1701.0366666316986
1734.954999923706,1994,-2639,-7857,1701.0416667461395
1734.9599997997284,1991,-2638,-7854,1701.0466666221619
1734.9649999141693,1986,-2637,-7850,1701.0516667366028
1734.9699997901917,1983,-2638,-7849,1701.0566666126251
1734.9749999046326,1978,-2636,-7847,1701.061666727066
1734.979999780655,1974,-2635,-7845,1701.0666666030884
1734.9849998950958,1971,-2633,-7847,1701.0716667175293
1734.9899997711182,1968,-2632,-7847,1701.0766665935516
1734.994999885559,1965,-2631,-7844,1701.0816667079926
1735.0,1966,-2630,-7842,1701.0866668224335
1735.0049998760223,1962,-2629,-7840,1701.0916666984558
1735.0099999904633,1960,-2628,-7842,1701.0966668128967
1735.0149998664856,1955,-2628,-7849,1701.101666688919
1735.0199999809265,1948,-2626,-7855,1701.10666680336
1735.0249998569489,1947,-2624,-7861,1701.1116666793823
1735.0299999713898,1950,-2623,-7863,1701.1166667938232
1735.034999847412,1955,-2621,-7862,1701.1216666698456
1735.039999961853,1963,-2621,-7859,1701.1266667842865
1735.0449998378754,1967,-2622,-7858,1701.1316666603088
1735.0499999523165,1969,-2623,-7860,1701.13666677475
1735.0549998283386,1973,-2627,-7862,1701.141666650772
1735.0599999427795,1972,-2630,-7861,1701.146666765213
1735.064999818802,1972,-2629,-7862,1701.1516666412356
1735.0699999332428,1971,-2628,-7862,1701.1566667556763
1735.0749998092651,1968,-2625,-7862,1701.1616666316986
1735.079999923706,1964,-2623,-7868,1701.1666667461395
1735.0849997997284,1959,-2621,-7872,1701.1716666221619
1735.0899999141693,1954,-2620,-7878,1701.1766667366028
1735.0949997901917,1950,-2620,-7884,1701.1816666126251
1735.0999999046326,1952,-2619,-7887,1701.186666727066
1735.104999780655,1954,-2620,-7889,1701.1916666030884
1735.1099998950958,1957,-2619,-7888,1701.1966667175293
1735.1149997711182,1963,-2619,-7888,1701.2016665935516
1735.119999885559,1967,-2620,-7891,1701.2066667079926
1735.125,1973,-2621,-7889,1701.2116668224335
1735.1299998760223,1978,-2623,-7887,1701.2166666984558
1735.1349999904633,1982,-2626,-7886,1701.2216668128967
1735.1399998664856,1984,-2629,-7884,1701.226666688919
1735.1449999809265,1986,-2632,-7886,1701.23166680336
1735.1499998569489,1990,-2629,-7889,1701.2366666793823
1735.1549999713898,1993,-2626,-7887,1701.2416667938232
1735.159999847412,1996,-2623,-7885,1701.2466666698456
1735.164999961853,1994,-2619,-7882,1701.2516667842865
1735.1699998378754,1990,-2618,-7880,1701.2566666603088
1735.1749999523165,1985,-2619,-7881,1701.26166677475
1735.1799998283386,1980,-2618,-7882,1701.266666650772
1735.1849999427795,1977,-2616,-7882,1701.271666765213
1735.189999818802,1974,-2616,-7884,1701.2766666412356
1735.1949999332428,1974,-2616,-7884,1701.2816667556763
1735.1999998092651,1973,-2619,-7887,1701.2866666316986
1735.204999923706,1969,-2620,-7890,1701.2916667461395
1735.2099997997284,1965,-2621,-7893,1701.2966666221619
1735.2149999141693,1961,-2621,-7897,1701.3016667366028
1735.2199997901917,1958,-2619,-7899,1701.3066666126251
1735.2249999046326,1964,-2617,-7898,1701.311666727066
1735.229999780655,1967,-2616,-7894,1701.3166666030884
1735.2349998950958,1963,-2616,-7891,1701.3216667175293
1735.2399997711182,1957,-2614,-7888,1701.3266665935516
1735.244999885559,1953,-2613,-7881,1701.3316667079926
1735.25,1957,-2610,-7874,1701.3366668224335
1735.2549998760223,1963,-2609,-7871,1701.3416666984558
1735.2599999904633,1971,-2608,-7869,1701.3466668128967
1735.2649998664856,1975,-2607,-7869,1701.351666688919
1735.2699999809265,1974,-2606,-7873,1701.35666680336
1735.2749998569489,1974,-2605,-7873,1701.3616666793823
1735.2799999713898,1981,-2604,-7870,1701.3666667938232
1735.284999847412,1989,-2605,-7865,1701.3716666698456
1735.289999961853,2000,-2606,-7860,1701.3766667842865
1735.2949998378754,2008,-2607,-7856,1701.3816666603088
1735.2999999523165,2007,-2608,-7852,1701.38666677475
1735.3049998283386,2004,-2607,-7849,1701.391666650772
1735.3099999427795,2001,-2607,-7843,1701.396666765213
1735.314999818802,1996,-2606,-7839,1701.4016666412356
1735.3199999332428,1994,-2604,-7835,1701.4066667556763
1735.3249998092651,1992,-2604,-7831,1701.4116666316986
1735.329999923706,1988,-2604,-7829,1701.4166667461395
1735.3349997997284,1987,-2604,-7826,1701.4216666221619
1735.3399999141693,1985,-2602,-7819,1701.4266667366028
1735.3449997901917,1984,-2599,-7814,1701.4316666126251
1735.3499999046326,1983,-2594,-7813,1701.436666727066
1735.354999780655,1984,-2589,-7818,1701.4416666030884
1735.3599998950958,1988,-2585,-7825,1701.4466667175293
1735.3649997711182,1995,-2582,-7833,1701.4516665935516
1735.369999885559,2001,-2581,-7840,1701.4566667079926
1735.375,2007,-2581,-7844,1701.4616668224335
1735.3799998760223,2014,-2583,-7851,1701.4666666984558
1735.3849999904633,2017,-2585,-7854,1701.4716668128967
1735.3899998664856,2022,-2586,-7854,1701.476666688919
1735.3949999809265,2027,-2586,-7854,1701.48166680336
1735.3999998569489,2030,-2587,-7853,1701.4866666793823
1735.4049999713898,2034,-2587,-7851,1701.4916667938232
1735.409999847412,2039,-2588,-7849,1701.4966666698456
1735.414999961853,2037,-2588,-7849,1701.5016667842865
1735.4199998378754,2036,-2588,-7850,1701.5066666603088
1735.4249999523165,2035,-2588,-7855,1701.51166677475
1735.4299998283386,2031,-2586,-7860,1701.516666650772
1735.4349999427795,2028,-2583,-7862,1701.521666765213
1735.439999818802,2026,-2582,-7859,1701.5266666412356
1735.4449999332428,2025,-2580,-7856,1701.5316667556763
1735.4499998092651,2025,-2580,-7854,1701.5366666316986
1735.454999923706,2026,-2580,-7857,1701.5416667461395
1735.4599997997284,2026,-2581,-7857,1701.5466666221619
1735.4649999141693,2026,-2581,-7859,1701.5516667366028
1735.4699997901917,2024,-2583,-7860,1701.5566666126251
1735.4749999046326,2024,-2583,-7857,1701.561666727066
1735.479999780655,2024,-2581,-7857,1701.5666666030884
1735.4849998950958,2023,-2578,-7863,1701.5716667175293
1735.4899997711182,2025,-2575,-7866,1701.5766665935516
1735.494999885559,2023,-2572,-7872,1701.5816667079926
1735.5,2022,-2572,-7872,1701.5866668224335
1735.5049998760223,2021,-2574,-7876,1701.5916666984558
1735.5099999904633,2018,-2577,-7873,1701.5966668128967
1735.5149998664856,2015,-2579,-7871,1701.601666688919
1735.5199999809265,2012,-2580,-7870,1701.60666680336
1735.5249998569489,2013,-2583,-7867,1701.6116666793823
1735.5299999713898,2016,-2585,-7867,1701.6166667938232
1735.534999847412,2018,-2589,-7865,1701.6216666698456
1735.539999961853,2020,-2592,-7865,1701.6266667842865
1735.5449998378754,2017,-2595,-7861,1701.6316666603088
1735.5499999523165,2014,-2598,-7858,1701.63666677475
1735.5549998283386,2013,-2600,-7858,1701.641666650772
1735.5599999427795,2016,-2602,-7858,1701.646666765213
1735.564999818802,2021,-2604,-7860,1701.6516666412356
1735.5699999332428,2024,-2605,-7862,1701.6566667556763
1735.5749998092651,2024,-2609,-7864,1701.6616666316986
1735.579999923706,2018,-2611,-7866,1701.6666667461395
1735.5849997997284,2015,-2611,-7870,1701.6716666221619
1735.5899999141693,2012,-2609,-7868,1701.6766667366028
1735.5949997901917,2010,-2608,-7867,1701.6816666126251
1735.5999999046326,2013,-2609,-7867,1701.686666727066
1735.604999780655,2016,-2612,-7864,1701.6916666030884
1735.6099998950958,2017,-2615,-7862,1701.6966667175293
1735.6149997711182,2022,-2619,-7859,1701.7016665935516
1735.619999885559,2023,-2621,-7853,1701.7066667079926
1735.625,2021,-2621,-7848,1701.7116668224335
1735.6299998760223,2021,-2621,-7844,1701.7166666984558
1735.6349999904633,2021,-2620,-7840,1701.7216668128967
1735.6399998664856,2025,-2620,-7841,1701.726666688919
1735.6449999809265,2030,-2619,-7840,1701.73166680336
1735.6499998569489,2035,-2618,-7840,1701.7366666793823
1735.6549999713898,2037,-2616,-7842,1701.7416667938232
1735.659999847412,2037,-2613,-7842,1701.7466666698456
1735.664999961853,2039,-2612,-7841,1701.7516667842865
1735.6699998378754,2041,-2609,-7843,1701.7566666603088
1735.6749999523165,2047,-2607,-7847,1701.76166677475
1735.6799998283386,2051,-2605,-7851,1701.766666650772
1735.6849999427795,2052,-2603,-7856,1701.771666765213
1735.689999818802,2054,-2601,-7857,1701.7766666412356
1735.6949999332428,2052,-2599,-7856,1701.7816667556763
1735.6999998092651,2053,-2595,-7855,1701.7866666316986
1735.704999923706,2056,-2590,-7855,1701.7916667461395
1735.7099997997284,2055,-2586,-7857,1701.7966666221619
1735.7149999141693,2056,-2582,-7859,1701.8016667366028
1735.7199997901917,2058,-2580,-7861,1701.8066666126251
1735.7249999046326,2061,-2577,-7865,1701.811666727066
1735.729999780655,2063,-2574,-7866,1701.8166666030884
1735.7349998950958,2067,-2573,-7867,1701.8216667175293
1735.7399997711182,2067,-2571,-7865,1701.8266665935516
1735.744999885559,2068,-2570,-7862,1701.8316667079926
1735.75,2067,-2570,-7857,1701.8366668224335
1735.7549998760223,2064,-2568,-7853,1701.8416666984558
1735.7599999904633,2063,-2567,-7850,1701.8466668128967
1735.7649998664856,2063,-2566,-7851,1701.851666688919
1735.7699999809265,2065,-2564,-7852,1701.85666680336
1735.7749998569489,2063,-2560,-7850,1701.8616666793823
1735.7799999713898,2062,-2555,-7846,1701.8666667938232
1735.784999847412,2059,-2550,-7842,1701.8716666698456
1735.789999961853,2058,-2546,-7839,1701.8766667842865
1735.7949998378754,2054,-2543,-7835,1701.8816666603088
1735.7999999523165,2050,-2540,-7836,1701.88666677475
1735.8049998283386,2046,-2537,-7836,1701.891666650772
1735.8099999427795,2039,-2534,-7835,1701.896666765213
1735.814999818802,2035,-2530,-7835,1701.9016666412356
1735.8199999332428,2031,-2527,-7833,1701.9066667556763
1735.8249998092651,2028,-2526,-7833,1701.9116666316986
1735.829999923706,2025,-2523,-7833,1701.9166667461395
1735.8349997997284,2020,-2520,-7834,1701.9216666221619
1735.8399999141693,2017,-2517,-7834,1701.9266667366028
1735.8449997901917,2014,-2515,-7833,1701.9316666126251
1735.8499999046326,2016,-2515,-7831,1701.936666727066
1735.854999780655,2018,-2515,-7830,1701.9416666030884
1735.8599998950958,2018,-2515,-7827,1701.9466667175293
1735.8649997711182,2022,-2515,-7825,1701.9516665935516
1735.869999885559,2018,-2514,-7821,1701.9566667079926
1735.875,2019,-2513,-7818,1701.9616668224335
1735.8799998760223,2019,-2512,-7816,1701.9666666984558
1735.8849999904633,2020,-2512,-7813,1701.9716668128967
1735.8899998664856,2027,-2511,-7812,1701.976666688919
1735.8949999809265,2032,-2511,-7810,1701.98166680336
1735.8999998569489,2036,-2510,-7807,1701.9866666793823
1735.9049999713898,2039,-2510,-7806,1701.9916667938232
1735.909999847412,2040,-2510,-7804,1701.9966666698456
1735.914999961853,2041,-2511,-7806,1702.0016667842865
1735.9199998378754,2043,-2513,-7808,1702.0066666603088
1735.9249999523165,2043,-2513,-7810,1702.01166677475
1735.9299998283386,2044,-2512,-7812,1702.016666650772
1735.9349999427795,2046,-2512,-7812,1702.021666765213
1735.939999818802,2049,-2511,-7813,1702.0266666412356
1735.9449999332428,2052,-2511,-7815,1702.0316667556763
1735.9499998092651,2052,-2510,-7817,1702.0366666316986
1735.954999923706,2052,-2509,-7818,1702.0416667461395
1735.9599997997284,2053,-2507,-7817,1702.0466666221619
1735.9649999141693,2051,-2506,-7817,1702.0516667366028
1735.9699997901917,2050,-2507,-7817,1702.0566666126251
1735.9749999046326,2044,-2507,-7815,1702.061666727066
1735.979999780655,2037,-2505,-7811,1702.0666666030884
1735.9849998950958,2031,-2502,-7807,1702.0716667175293
1735.9899997711182,2029,-2499,-7808,1702.0766665935516
1735.994999885559,2031,-2496,-7812,1702.0816667079926
1736.0,2025,-2494,-7814,1702.0866668224335
1736.0049998760223,2021,-2492,-7817,1702.0916666984558
1736.0099999904633,2018,-2492,-7822,1702.0966668128967
1736.0149998664856,2017,-2492,-7826,1702.101666688919
1736.0199999809265,2015,-2492,-7831,1702.10666680336
1736.0249998569489,2009,-2493,-7834,1702.1116666793823
1736.0299999713898,2002,-2493,-7837,1702.1166667938232
1736.034999847412,1994,-2493,-7841,1702.1216666698456
1736.039999961853,1991,-2493,-7846,1702.1266667842865
1736.0449998378754,1993,-2493,-7850,1702.1316666603088
1736.0499999523165,1994,-2493,-7853,1702.13666677475
1736.0549998283386,1994,-2493,-7855,1702.141666650772
1736.0599999427795,1990,-2493,-7854,1702.146666765213
1736.064999818802,1983,-2493,-7855,1702.1516666412356
1736.0699999332428,1974,-2491,-7853,1702.1566667556763
1736.0749998092651,1969,-2489,-7853,1702.1616666316986
1736.079999923706,1969,-2489,-7853,1702.1666667461395
1736.0849997997284,1966,-2489,-7852,1702.1716666221619
1736.0899999141693,1962,-2489,-7849,1702.1766667366028
1736.0949997901917,1956,-2489,-7847,1702.1816666126251
1736.0999999046326,1952,-2489,-7845,1702.186666727066
1736.104999780655,1951,-2488,-7845,1702.1916666030884
1736.1099998950958,1949,-2488,-7842,1702.1966667175293
1736.1149997711182,1953,-2486,-7838,1702.2016665935516
1736.119999885559,1956,-2484,-7838,1702.2066667079926
1736.125,1957,-2478,-7835,1702.2116668224335
1736.1299998760223,1957,-2474,-7834,1702.2166666984558
1736.1349999904633,1953,-2470,-7834,1702.2216668128967
1736.1399998664856,1952,-2467,-7829,1702.226666688919
1736.1449999809265,1953,-2466,-7826,1702.23166680336
1736.1499998569489,1958,-2466,-7823,1702.2366666793823
1736.1549999713898,1961,-2468,-7821,1702.2416667938232
1736.159999847412,1960,-2468,-7822,1702.2466666698456
1736.164999961853,1956,-2468,-7826,1702.2516667842865
1736.1699998378754,1955,-2467,-7831,1702.2566666603088
1736.1749999523165,1953,-2465,-7833,1702.26166677475
1736.1799998283386,1955,-2463,-7832,1702.266666650772
1736.1849999427795,1957,-2462,-7832,1702.271666765213
1736.189999818802,1956,-2459,-7826,1702.2766666412356
1736.1949999332428,1954,-2457,-7822,1702.2816667556763
1736.1999998092651,1953,-2454,-7821,1702.2866666316986
1736.204999923706,1954,-2451,-7823,1702.2916667461395
1736.2099997997284,1954,-2449,-7826,1702.2966666221619
1736.2149999141693,1958,-2444,-7829,1702.3016667366028
1736.2199997901917,1963,-2439,-7829,1702.3066666126251
1736.2249999046326,1968,-2435,-7824,1702.311666727066
1736.229999780655,1971,-2431,-7821,1702.3166666030884
1736.2349998950958,1971,-2428,-7821,1702.3216667175293
1736.2399997711182,1965,-2426,-7820,1702.3266665935516
1736.244999885559,1961,-2423,-7820,1702.3316667079926
1736.25,1954,-2420,-7822,1702.3366668224335
1736.2549998760223,1951,-2415,-7824,1702.3416666984558
1736.2599999904633,1953,-2410,-7829,1702.3466668128967
1736.2649998664856,1957,-2405,-7832,1702.351666688919
1736.2699999809265,1964,-2399,-7835,1702.35666680336
1736.2749998569489,1967,-2393,-7836,1702.3616666793823
1736.2799999713898,1968,-2386,-7836,1702.3666667938232
1736.284999847412,1967,-2377,-7836,1702.3716666698456
1736.289999961853,1965,-2370,-7837,1702.3766667842865
1736.2949998378754,1966,-2364,-7839,1702.3816666603088
1736.2999999523165,1964,-2359,-7841,1702.38666677475
1736.3049998283386,1966,-2357,-7842,1702.391666650772
1736.3099999427795,1971,-2354,-7838,1702.396666765213
1736.314999818802,1974,-2350,-7835,1702.4016666412356
1736.3199999332428,1976,-2346,-7830,1702.4066667556763
1736.3249998092651,1975,-2338,-7825,1702.4116666316986
1736.329999923706,1969,-2329,-7823,1702.4166667461395
1736.3349997997284,1963,-2320,-7822,1702.4216666221619
1736.3399999141693,1960,-2311,-7821,1702.4266667366028
1736.3449997901917,1957,-2302,-7819,1702.4316666126251
1736.3499999046326,1953,-2295,-7816,1702.436666727066
1736.354999780655,1945,-2288,-7813,1702.4416666030884
1736.3599998950958,1938,-2283,-7812,1702.4466667175293
1736.3649997711182,1929,-2278,-7806,1702.4516665935516
1736.369999885559,1925,-2272,-7803,1702.4566667079926
1736.375,1915,-2264,-7802,1702.4616668224335
1736.3799998760223,1900,-2253,-7803,1702.4666666984558
1736.3849999904633,1886,-2242,-7805,1702.4716668128967
1736.3899998664856,1870,-2231,-7803,1702.476666688919
1736.3949999809265,1859,-2220,-7800,1702.48166680336
1736.3999998569489,1852,-2210,-7797,1702.4866666793823
1736.4049999713898,1846,-2200,-7793,1702.4916667938232
1736.409999847412,1841,-2192,-7793,1702.4966666698456
1736.414999961853,1833,-2186,-7792,1702.5016667842865
1736.4199998378754,1827,-2180,-7794,1702.5066666603088
1736.4249999523165,1819,-2174,-7799,1702.51166677475
1736.4299998283386,1812,-2166,-7801,1702.516666650772
1736.4349999427795,1808,-2159,-7803,1702.521666765213
1736.439999818802,1803,-2153,-7802,1702.5266666412356
1736.4449999332428,1796,-2150,-7802,1702.5316667556763
1736.4499998092651,1789,-2147,-7800,1702.5366666316986
1736.454999923706,1780,-2145,-7802,1702.5416667461395
1736.4599997997284,1770,-2143,-7808,1702.5466666221619
1736.4649999141693,1763,-2140,-7813,1702.5516667366028
1736.4699997901917,1756,-2137,-7820,1702.5566666126251
1736.4749999046326,1752,-2133,-7818,1702.561666727066
1736.479999780655,1750,-2130,-7816,1702.5666666030884
1736.4849998950958,1749,-2127,-7811,1702.5716667175293
1736.4899997711182,1752,-2123,-7809,1702.5766665935516
1736.494999885559,1749,-2122,-7810,1702.5816667079926
1736.5,1745,-2121,-7814,1702.5866668224335
1736.5049998760223,1743,-2122,-7816,1702.5916666984558
1736.5099999904633,1742,-2124,-7818,1702.5966668128967
1736.5149998664856,1746,-2123,-7820,1702.601666688919
1736.5199999809265,1752,-2122,-7823,1702.60666680336
1736.5249998569489,1757,-2120,-7825,1702.6116666793823
1736.5299999713898,1759,-2117,-7827,1702.6166667938232
1736.534999847412,1761,-2115,-7826,1702.6216666698456
1736.539999961853,1763,-2115,-7825,1702.6266667842865
1736.5449998378754,1764,-2114,-7820,1702.6316666603088
1736.5499999523165,1765,-2112,-7816,1702.63666677475
1736.5549998283386,1763,-2110,-7811,1702.641666650772
1736.5599999427795,1760,-2108,-7804,1702.646666765213
1736.564999818802,1755,-2105,-7798,1702.6516666412356
1736.5699999332428,1753,-2102,-7794,1702.6566667556763
1736.5749998092651,1749,-2098,-7792,1702.6616666316986
1736.579999923706,1749,-2095,-7794,1702.6666667461395
1736.5849997997284,1749,-2094,-7794,1702.6716666221619
1736.5899999141693,1744,-2093,-7791,1702.6766667366028
1736.5949997901917,1737,-2089,-7788,1702.6816666126251
1736.5999999046326,1728,-2084,-7785,1702.686666727066
1736.604999780655,1720,-2078,-7782,1702.6916666030884
1736.6099998950958,1715,-2074,-7780,1702.6966667175293
1736.6149997711182,1710,-2071,-7776,1702.7016665935516
1736.619999885559,1706,-2067,-7774,1702.7066667079926
1736.625,1700,-2063,-7772,1702.7116668224335
1736.6299998760223,1696,-2058,-7769,1702.7166666984558
1736.6349999904633,1695,-2052,-7767,1702.7216668128967
1736.6399998664856,1695,-2046,-7763,1702.726666688919
1736.6449999809265,1695,-2041,-7758,1702.73166680336
1736.6499998569489,1692,-2034,-7755,1702.7366666793823
1736.6549999713898,1685,-2027,-7751,1702.7416667938232
1736.659999847412,1676,-2018,-7747,1702.7466666698456
1736.664999961853,1666,-2008,-7745,1702.7516667842865
1736.6699998378754,1654,-2000,-7742,1702.7566666603088
1736.6749999523165,1640,-1990,-7743,1702.76166677475
1736.6799998283386,1626,-1980,-7745,1702.766666650772
1736.6849999427795,1613,-1967,-7746,1702.771666765213
1736.689999818802,1598,-1954,-7747,1702.7766666412356
1736.6949999332428,1583,-1941,-7745,1702.7816667556763
1736.6999998092651,1567,-1929,-7746,1702.7866666316986
1736.704999923706,1548,-1916,-7747,1702.7916667461395
1736.7099997997284,1529,-1903,-7750,1702.7966666221619
1736.7149999141693,1508,-1890,-7755,1702.8016667366028
1736.7199997901917,1487,-1875,-7755,1702.8066666126251
1736.7249999046326,1465,-1861,-7755,1702.811666727066
1736.729999780655,1443,-1848,-7755,1702.8166666030884
1736.7349998950958,1421,-1834,-7755,1702.8216667175293
1736.7399997711182,1398,-1822,-7753,1702.8266665935516
1736.744999885559,1378,-1809,-7752,1702.8316667079926
1736.75,1359,-1797,-7748,1702.8366668224335
1736.7549998760223,1339,-1785,-7745,1702.8416666984558
1736.7599999904633,1320,-1772,-7745,1702.8466668128967
1736.7649998664856,1297,-1760,-7746,1702.851666688919
1736.7699999809265,1275,-1748,-7749,1702.85666680336
1736.7749998569489,1255,-1738,-7752,1702.8616666793823
1736.7799999713898,1238,-1729,-7753,1702.8666667938232
1736.784999847412,1223,-1721,-7756,1702.8716666698456
1736.789999961853,1210,-1714,-7757,1702.8766667842865
1736.7949998378754,1195,-1708,-7758,1702.8816666603088
1736.7999999523165,1177,-1700,-7757,1702.88666677475
1736.8049998283386,1159,-1693,-7754,1702.891666650772
1736.8099999427795,1141,-1687,-7751,1702.896666765213
1736.814999818802,1123,-1679,-7746,1702.9016666412356
1736.8199999332428,1110,-1673,-7742,1702.9066667556763
1736.8249998092651,1100,-1668,-7742,1702.9116666316986
1736.829999923706,1090,-1662,-7740,1702.9166667461395
1736.8349997997284,1080,-1658,-7743,1702.9216666221619
1736.8399999141693,1071,-1655,-7748,1702.9266667366028
1736.8449997901917,1062,-1651,-7752,1702.9316666126251
1736.8499999046326,1055,-1646,-7757,1702.936666727066
1736.854999780655,1049,-1640,-7756,1702.9416666030884
1736.8599998950958,1043,-1632,-7753,1702.9466667175293
1736.8649997711182,1037,-1626,-7751,1702.9516665935516
1736.869999885559,1030,-1620,-7750,1702.9566667079926
1736.875,1024,-1616,-7753,1702.9616668224335
1736.8799998760223,1017,-1611,-7756,1702.9666666984558
1736.8849999904633,1012,-1610,-7754,1702.9716668128967
1736.8899998664856,1009,-1607,-7753,1702.976666688919
1736.8949999809265,1006,-1606,-7750,1702.98166680336
1736.8999998569489,1003,-1603,-7748,1702.9866666793823
1736.9049999713898,999,-1599,-7745,1702.9916667938232
1736.909999847412,995,-1595,-7743,1702.9966666698456
1736.914999961853,994,-1591,-7741,1703.0016667842865
1736.9199998378754,992,-1588,-7738,1703.0066666603088
1736.9249999523165,991,-1586,-7739,1703.01166677475
1736.9299998283386,989,-1585,-7740,1703.016666650772
1736.9349999427795,984,-1584,-7743,1703.021666765213
1736.939999818802,980,-1585,-7745,1703.0266666412356
1736.9449999332428,976,-1587,-7746,1703.0316667556763
1736.9499998092651,970,-1588,-7751,1703.0366666316986
1736.954999923706,967,-1589,-7750,1703.0416667461395
1736.9599997997284,964,-1587,-7748,1703.0466666221619
1736.9649999141693,963,-1584,-7748,1703.0516667366028
1736.9699997901917,963,-1581,-7748,1703.0566666126251
1736.9749999046326,961,-1578,-7749,1703.061666727066
1736.979999780655,958,-1576,-7752,1703.0666666030884
1736.9849998950958,954,-1575,-7753,1703.0716667175293
1736.9899997711182,951,-1573,-7751,1703.0766665935516
1736.994999885559,948,-1571,-7750,1703.0816667079926
1737.0,945,-1571,-7748,1703.0866668224335
1737.0049998760223,941,-1571,-7751,1703.0916666984558
1737.0099999904633,935,-1569,-7755,1703.0966668128967
1737.0149998664856,927,-1567,-7756,1703.101666688919
1737.0199999809265,920,-1563,-7761,1703.10666680336
1737.0249998569489,914,-1560,-7762,1703.1116666793823
1737.0299999713898,909,-1557,-7763,1703.1166667938232
1737.034999847412,902,-1554,-7763,1703.1216666698456
1737.039999961853,897,-1554,-7762,1703.1266667842865
1737.0449998378754,889,-1553,-7759,1703.1316666603088
1737.0499999523165,877,-1552,-7756,1703.13666677475
1737.0549998283386,864,-1550,-7752,1703.141666650772
1737.0599999427795,850,-1546,-7747,1703.146666765213
1737.064999818802,838,-1542,-7743,1703.1516666412356
1737.0699999332428,829,-1539,-7740,1703.1566667556763
1737.0749998092651,821,-1535,-7740,1703.1616666316986
1737.079999923706,815,-1533,-7743,1703.1666667461395
1737.0849997997284,811,-1531,-7743,1703.1716666221619
1737.0899999141693,807,-1530,-7746,1703.1766667366028
1737.0949997901917,802,-1531,-7750,1703.1816666126251
1737.0999999046326,796,-1530,-7750,1703.186666727066
1737.104999780655,789,-1530,-7751,1703.1916666030884
1737.1099998950958,782,-1529,-7750,1703.1966667175293
1737.1149997711182,776,-1528,-7749,1703.2016665935516
1737.119999885559,770,-1526,-7742,1703.2066667079926
1737.125,767,-1525,-7739,1703.2116668224335
1737.1299998760223,763,-1524,-7737,1703.2166666984558
1737.1349999904633,760,-1523,-7731,1703.2216668128967
1737.1399998664856,760,-1523,-7727,1703.226666688919
1737.1449999809265,759,-1524,-7721,1703.23166680336
1737.1499998569489,760,-1523,-7718,1703.2366666793823
1737.1549999713898,761,-1523,-7716,1703.2416667938232
1737.159999847412,762,-1522,-7717,1703.2466666698456
1737.164999961853,764,-1523,-7721,1703.2516667842865
1737.1699998378754,763,-1524,-7721,1703.2566666603088
1737.1749999523165,763,-1528,-7721,1703.26166677475
1737.1799998283386,762,-1532,-7719,1703.266666650772
1737.1849999427795,760,-1536,-7719,1703.271666765213
1737.189999818802,760,-1539,-7721,1703.2766666412356
1737.1949999332428,759,-1541,-7728,1703.2816667556763
1737.1999998092651,761,-1541,-7726,1703.2866666316986
1737.204999923706,762,-1542,-7728,1703.2916667461395
1737.2099997997284,763,-1541,-7726,1703.2966666221619
1737.2149999141693,765,-1538,-7723,1703.3016667366028
1737.2199997901917,767,-1534,-7724,1703.3066666126251
1737.2249999046326,769,-1530,-7724,1703.311666727066
1737.229999780655,771,-1528,-7727,1703.3166666030884
1737.2349998950958,773,-1527,-7731,1703.3216667175293
1737.2399997711182,776,-1528,-7731,1703.3266665935516
1737.244999885559,778,-1531,-7729,1703.3316667079926
1737.25,780,-1533,-7727,1703.3366668224335
1737.2549998760223,779,-1534,-7726,1703.3416666984558
1737.2599999904633,776,-1533,-7727,1703.3466668128967
1737.2649998664856,774,-1532,-7729,1703.351666688919
1737.2699999809265,773,-1529,-7730,1703.35666680336
1737.2749998569489,774,-1529,-7729,1703.3616666793823
1737.2799999713898,778,-1527,-7726,1703.3666667938232
1737.284999847412,782,-1525,-7723,1703.3716666698456
1737.289999961853,783,-1524,-7721,1703.3766667842865
1737.2949998378754,782,-1522,-7721,1703.3816666603088
1737.2999999523165,780,-1521,-7719,1703.38666677475
1737.3049998283386,779,-1519,-7716,1703.391666650772
1737.3099999427795,779,-1518,-7714,1703.396666765213
1737.314999818802,778,-1516,-7711,1703.4016666412356
1737.3199999332428,776,-1515,-7709,1703.4066667556763
1737.3249998092651,771,-1514,-7711,1703.4116666316986
1737.329999923706,766,-1514,-7710,1703.4166667461395
1737.3349997997284,762,-1515,-7708,1703.4216666221619
1737.3399999141693,760,-1516,-7704,1703.4266667366028
1737.3449997901917,758,-1518,-7701,1703.4316666126251
1737.3499999046326,753,-1517,-7701,1703.436666727066
1737.354999780655,746,-1516,-7705,1703.4416666030884
1737.3599998950958,737,-1513,-7709,1703.4466667175293
1737.3649997711182,728,-1509,-7713,1703.4516665935516
1737.369999885559,719,-1504,-7715,1703.4566667079926
1737.375,709,-1499,-7716,1703.4616668224335
1737.3799998760223,701,-1494,-7716,1703.4666666984558
1737.3849999904633,693,-1491,-7713,1703.4716668128967
1737.3899998664856,683,-1488,-7709,1703.476666688919
1737.3949999809265,676,-1487,-7705,1703.48166680336
1737.3999998569489,668,-1484,-7701,1703.4866666793823
1737.4049999713898,659,-1480,-7697,1703.4916667938232
1737.409999847412,649,-1474,-7691,1703.4966666698456
1737.414999961853,638,-1470,-7686,1703.5016667842865
1737.4199998378754,624,-1466,-7680,1703.5066666603088
1737.4249999523165,613,-1465,-7677,1703.51166677475
1737.4299998283386,601,-1465,-7673,1703.516666650772
1737.4349999427795,591,-1464,-7674,1703.521666765213
1737.439999818802,583,-1462,-7677,1703.5266666412356
1737.4449999332428,577,-1460,-7679,1703.5316667556763
1737.4499998092651,572,-1459,-7684,1703.5366666316986
1737.454999923706,566,-1460,-7687,1703.5416667461395
1737.4599997997284,561,-1460,-7688,1703.5466666221619
1737.4649999141693,554,-1460,-7689,1703.5516667366028
1737.4699997901917,544,-1458,-7689,1703.5566666126251
1737.4749999046326,535,-1455,-7692,1703.561666727066
1737.479999780655,527,-1453,-7695,1703.5666666030884
1737.4849998950958,519,-1450,-7697,1703.5716667175293
1737.4899997711182,512,-1447,-7695,1703.5766665935516
1737.494999885559,505,-1445,-7696,1703.5816667079926
1737.5,498,-1441,-7696,1703.5866668224335
1737.5049998760223,490,-1439,-7697,1703.5916666984558
1737.5099999904633,482,-1438,-7696,1703.5966668128967
1737.5149998664856,477,-1438,-7693,1703.601666688919
1737.5199999809265,473,-1438,-7688,1703.60666680336
1737.5249998569489,471,-1440,-7685,1703.6116666793823
1737.5299999713898,469,-1443,-7687,1703.6166667938232
1737.534999847412,470,-1445,-7690,1703.6216666698456
1737.539999961853,471,-1447,-7689,1703.6266667842865
1737.5449998378754,472,-1447,-7684,1703.6316666603088
1737.5499999523165,471,-1446,-7682,1703.63666677475
1737.5549998283386,469,-1445,-7683,1703.641666650772
1737.5599999427795,468,-1444,-7684,1703.646666765213
1737.564999818802,466,-1443,-7685,1703.6516666412356
1737.5699999332428,463,-1444,-7684,1703.6566667556763
1737.5749998092651,459,-1445,-7683,1703.6616666316986
1737.579999923706,453,-1444,-7680,1703.6666667461395
1737.5849997997284,449,-1442,-7678,1703.6716666221619
1737.5899999141693,444,-1442,-7679,1703.6766667366028
1737.5949997901917,442,-1438,-7675,1703.6816666126251
1737.5999999046326,436,-1435,-7670,1703.686666727066
1737.604999780655,429,-1433,-7665,1703.6916666030884
1737.6099998950958,421,-1429,-7659,1703.6966667175293
1737.6149997711182,414,-1426,-7657,1703.7016665935516
1737.619999885559,408,-1423,-7656,1703.7066667079926
1737.625,404,-1419,-7657,1703.7116668224335
1737.6299998760223,400,-1417,-7661,1703.7166666984558
1737.6349999904633,393,-1415,-7664,1703.7216668128967
1737.6399998664856,389,-1415,-7667,1703.726666688919
1737.6449999809265,383,-1414,-7668,1703.73166680336
1737.6499998569489,375,-1414,-7668,1703.7366666793823
1737.6549999713898,367,-1412,-7668,1703.7416667938232
1737.659999847412,359,-1408,-7664,1703.7466666698456
1737.664999961853,352,-1404,-7664,1703.7516667842865
1737.6699998378754,344,-1402,-7661,1703.7566666603088
1737.6749999523165,336,-1398,-7658,1703.76166677475
1737.6799998283386,330,-1397,-7657,1703.766666650772
1737.6849999427795,324,-1393,-7652,1703.771666765213
1737.689999818802,317,-1391,-7648,1703.7766666412356
1737.6949999332428,312,-1390,-7645,1703.7816667556763
1737.6999998092651,305,-1388,-7643,1703.7866666316986
1737.704999923706,298,-1386,-7644,1703.7916667461395
1737.7099997997284,295,-1383,-7642,1703.7966666221619
1737.7149999141693,292,-1380,-7643,1703.8016667366028
1737.7199997901917,291,-1378,-7642,1703.8066666126251
1737.7249999046326,288,-1376,-7642,1703.811666727066
1737.729999780655,286,-1373,-7640,1703.8166666030884
1737.7349998950958,284,-1373,-7636,1703.8216667175293
1737.7399997711182,283,-1372,-7631,1703.8266665935516
1737.744999885559,284,-1370,-7626,1703.8316667079926
1737.75,284,-1368,-7623,1703.8366668224335
1737.7549998760223,284,-1366,-7621,1703.8416666984558
1737.7599999904633,286,-1366,-7622,1703.8466668128967
1737.7649998664856,290,-1367,-7623,1703.851666688919
1737.7699999809265,295,-1369,-7625,1703.85666680336
1737.7749998569489,300,-1370,-7627,1703.8616666793823
1737.7799999713898,306,-1371,-7627,1703.8666667938232
1737.784999847412,311,-1369,-7629,1703.8716666698456
1737.789999961853,315,-1367,-7631,1703.8766667842865
1737.7949998378754,319,-1365,-7632,1703.8816666603088
1737.7999999523165,324,-1363,-7634,1703.88666677475
1737.8049998283386,329,-1362,-7632,1703.891666650772
1737.8099999427795,335,-1362,-7631,1703.896666765213
1737.814999818802,341,-1363,-7629,1703.9016666412356
1737.8199999332428,347,-1363,-7628,1703.9066667556763
1737.8249998092651,353,-1365,-7627,1703.9116666316986
1737.829999923706,361,-1366,-7622,1703.9166667461395
1737.8349997997284,370,-1367,-7620,1703.9216666221619
1737.8399999141693,379,-1368,-7618,1703.9266667366028
1737.8449997901917,390,-1368,-7618,1703.9316666126251
1737.8499999046326,399,-1369,-7619,1703.936666727066
1737.854999780655,410,-1370,-7618,1703.9416666030884
1737.8599998950958,420,-1371,-7617,1703.9466667175293
1737.8649997711182,435,-1373,-7620,1703.9516665935516
1737.869999885559,450,-1376,-7623,1703.9566667079926
1737.875,465,-1379,-7632,1703.9616668224335
1737.8799998760223,476,-1381,-7638,1703.9666666984558
1737.8849999904633,487,-1383,-7640,1703.9716668128967
1737.8899998664856,497,-1385,-7642,1703.976666688919
1737.8949999809265,507,-1385,-7640,1703.98166680336
1737.8999998569489,520,-1386,-7639,1703.9866666793823
1737.9049999713898,533,-1386,-7638,1703.9916667938232
1737.909999847412,545,-1387,-7639,1703.9966666698456
1737.914999961853,556,-1389,-7640,1704.0016667842865
1737.9199998378754,570,-1391,-7638,1704.0066666603088
1737.9249999523165,583,-1395,-7638,1704.01166677475
1737.9299998283386,595,-1399,-7637,1704.016666650772
1737.9349999427795,610,-1403,-7635,1704.021666765213
1737.939999818802,626,-1408,-7637,1704.0266666412356
1737.9449999332428,641,-1412,-7640,1704.0316667556763
1737.9499998092651,656,-1415,-7640,1704.0366666316986
1737.954999923706,670,-1417,-7641,1704.0416667461395
1737.9599997997284,682,-1419,-7642,1704.0466666221619
1737.9649999141693,693,-1421,-7641,1704.0516667366028
1737.9699997901917,707,-1424,-7642,1704.0566666126251
1737.9749999046326,718,-1424,-7644,1704.061666727066
1737.979999780655,728,-1424,-7645,1704.0666666030884
1737.9849998950958,735,-1425,-7645,1704.0716667175293
1737.9899997711182,739,-1425,-7647,1704.0766665935516
1737.994999885559,744,-1426,-7651,1704.0816667079926
1738.0,753,-1426,-7642,1704.0866668224335
1738.0049998760223,764,-1427,-7637,1704.0916666984558
1738.0099999904633,774,-1427,-7632,1704.0966668128967
1738.0149998664856,785,-1430,-7632,1704.101666688919
1738.0199999809265,795,-1430,-7633,1704.10666680336
1738.0249998569489,801,-1431,-7631,1704.1116666793823
1738.0299999713898,805,-1433,-7628,1704.1166667938232
1738.034999847412,809,-1433,-7625,1704.1216666698456
1738.039999961853,814,-1434,-7620,1704.1266667842865
1738.0449998378754,818,-1434,-7618,1704.1316666603088
1738.0499999523165,824,-1437,-7618,1704.13666677475
1738.0549998283386,830,-1439,-7616,1704.141666650772
1738.0599999427795,835,-1439,-7618,1704.146666765213
1738.064999818802,841,-1439,-7620,1704.1516666412356
1738.0699999332428,847,-1438,-7622,1704.1566667556763
1738.0749998092651,852,-1435,-7621,1704.1616666316986
1738.079999923706,857,-1432,-7620,1704.1666667461395
1738.0849997997284,865,-1429,-7616,1704.1716666221619
1738.0899999141693,872,-1426,-7615,1704.1766667366028
1738.0949997901917,878,-1424,-7611,1704.1816666126251
1738.0999999046326,884,-1422,-7611,1704.186666727066
1738.104999780655,887,-1421,-7611,1704.1916666030884
1738.1099998950958,888,-1420,-7612,1704.1966667175293
1738.1149997711182,890,-1418,-7616,1704.2016665935516
1738.119999885559,892,-1418,-7621,1704.2066667079926
1738.125,894,-1416,-7625,1704.2116668224335
1738.1299998760223,897,-1414,-7630,1704.2166666984558
1738.1349999904633,902,-1414,-7636,1704.2216668128967
1738.1399998664856,905,-1412,-7638,1704.226666688919
1738.1449999809265,910,-1411,-7639,1704.23166680336
1738.1499998569489,914,-1411,-7637,1704.2366666793823
1738.1549999713898,914,-1410,-7633,1704.2416667938232
1738.159999847412,913,-1412,-7631,1704.2466666698456
1738.164999961853,912,-1413,-7630,1704.2516667842865
1738.1699998378754,913,-1413,-7627,1704.2566666603088
1738.1749999523165,914,-1411,-7627,1704.26166677475
1738.1799998283386,920,-1410,-7627,1704.266666650772
1738.1849999427795,925,-1409,-7625,1704.271666765213
1738.189999818802,930,-1409,-7625,1704.2766666412356
1738.1949999332428,934,-1408,-7622,1704.2816667556763
1738.1999998092651,938,-1408,-7617,1704.2866666316986
1738.204999923706,942,-1407,-7617,1704.2916667461395
1738.2099997997284,944,-1407,-7615,1704.2966666221619
1738.2149999141693,947,-1405,-7614,1704.3016667366028
1738.2199997901917,950,-1405,-7613,1704.3066666126251
1738.2249999046326,950,-1405,-7611,1704.311666727066
1738.229999780655,954,-1406,-7616,1704.3166666030884
1738.2349998950958,957,-1407,-7622,1704.3216667175293
1738.2399997711182,958,-1406,-7625,1704.3266665935516
1738.244999885559,961,-1405,-7629,1704.3316667079926
1738.25,963,-1402,-7628,1704.3366668224335
1738.2549998760223,965,-1400,-7630,1704.3416666984558
1738.2599999904633,968,-1399,-7628,1704.3466668128967
1738.2649998664856,969,-1398,-7625,1704.351666688919
1738.2699999809265,971,-1397,-7620,1704.35666680336
1738.2749998569489,973,-1400,-7616,1704.3616666793823
1738.2799999713898,974,-1401,-7614,1704.3666667938232
1738.284999847412,976,-1400,-7610,1704.3716666698456
1738.289999961853,979,-1399,-7607,1704.3766667842865
1738.2949998378754,980,-1398,-7603,1704.3816666603088
1738.2999999523165,981,-1395,-7603,1704.38666677475
1738.3049998283386,981,-1395,-7606,1704.391666650772
1738.3099999427795,981,-1396,-7609,1704.396666765213
1738.314999818802,981,-1396,-7611,1704.4016666412356
1738.3199999332428,980,-1397,-7611,1704.4066667556763
1738.3249998092651,979,-1397,-7609,1704.4116666316986
1738.329999923706,980,-1396,-7607,1704.4166667461395
1738.3349997997284,984,-1396,-7613,1704.4216666221619
1738.3399999141693,987,-1397,-7618,1704.4266667366028
1738.3449997901917,991,-1399,-7625,1704.4316666126251
1738.3499999046326,995,-1401,-7632,1704.436666727066
1738.354999780655,997,-1402,-7641,1704.4416666030884
1738.3599998950958,1000,-1400,-7642,1704.4466667175293
1738.3649997711182,1002,-1400,-7641,1704.4516665935516
1738.369999885559,1006,-1400,-7641,1704.4566667079926
1738.375,1010,-1401,-7636,1704.4616668224335
1738.3799998760223,1013,-1403,-7631,1704.4666666984558
1738.3849999904633,1015,-1403,-7626,1704.4716668128967
1738.3899998664856,1016,-1403,-7623,1704.476666688919
1738.3949999809265,1019,-1402,-7624,1704.48166680336
1738.3999998569489,1022,-1400,-7621,1704.4866666793823
1738.4049999713898,1027,-1397,-7620,1704.4916667938232
1738.409999847412,1030,-1392,-7618,1704.4966666698456
1738.414999961853,1033,-1390,-7618,1704.5016667842865
1738.4199998378754,1036,-1387,-7618,1704.5066666603088
1738.4249999523165,1037,-1385,-7617,1704.51166677475
1738.4299998283386,1037,-1384,-7615,1704.516666650772
1738.4349999427795,1038,-1384,-7615,1704.521666765213
1738.439999818802,1038,-1385,-7618,1704.5266666412356
1738.4449999332428,1037,-1386,-7623,1704.5316667556763
1738.4499998092651,1037,-1387,-7628,1704.5366666316986
1738.454999923706,1036,-1387,-7632,1704.5416667461395
1738.4599997997284,1035,-1387,-7634,1704.5466666221619
1738.4649999141693,1034,-1388,-7640,1704.5516667366028
1738.4699997901917,1034,-1387,-7646,1704.5566666126251
1738.4749999046326,1036,-1387,-7649,1704.561666727066
1738.479999780655,1037,-1385,-7646,1704.5666666030884
1738.4849998950958,1039,-1385,-7645,1704.5716667175293
1738.4899997711182,1040,-1387,-7645,1704.5766665935516
1738.494999885559,1040,-1390,-7644,1704.5816667079926
1738.5,1040,-1392,-7645,1704.5866668224335
1738.5049998760223,1043,-1394,-7648,1704.5916666984558
1738.5099999904633,1046,-1395,-7644,1704.5966668128967
1738.5149998664856,1049,-1395,-7641,1704.601666688919
1738.5199999809265,1051,-1397,-7640,1704.60666680336
1738.5249998569489,1052,-1399,-7635,1704.6116666793823
1738.5299999713898,1054,-1402,-7633,1704.6166667938232
1738.534999847412,1056,-1406,-7631,1704.6216666698456
1738.539999961853,1059,-1408,-7629,1704.6266667842865
1738.5449998378754,1061,-1409,-7631,1704.6316666603088
1738.5499999523165,1062,-1410,-7633,1704.63666677475
1738.5549998283386,1063,-1409,-7634,1704.641666650772
1738.5599999427795,1064,-1407,-7634,1704.646666765213
1738.564999818802,1065,-1408,-7634,1704.6516666412356
1738.5699999332428,1068,-1411,-7636,1704.6566667556763
1738.5749998092651,1072,-1411,-7634,1704.6616666316986
1738.579999923706,1076,-1411,-7629,1704.6666667461395
1738.5849997997284,1082,-1411,-7622,1704.6716666221619
1738.5899999141693,1087,-1411,-7618,1704.6766667366028
1738.5949997901917,1094,-1414,-7620,1704.6816666126251
1738.5999999046326,1102,-1416,-7622,1704.686666727066
1738.604999780655,1109,-1417,-7624,1704.6916666030884
1738.6099998950958,1117,-1418,-7622,1704.6966667175293
1738.6149997711182,1127,-1418,-7620,1704.7016665935516
1738.619999885559,1133,-1419,-7616,1704.7066667079926
1738.625,1139,-1421,-7620,1704.7116668224335
1738.6299998760223,1144,-1425,-7624,1704.7166666984558
1738.6349999904633,1146,-1429,-7628,1704.7216668128967
1738.6399998664856,1149,-1432,-7631,1704.726666688919
1738.6449999809265,1155,-1435,-7632,1704.73166680336
1738.6499998569489,1161,-1437,-7630,1704.7366666793823
1738.6549999713898,1167,-1438,-7628,1704.7416667938232
1738.659999847412,1171,-1440,-7628,1704.7466666698456
1738.664999961853,1177,-1441,-7627,1704.7516667842865
1738.6699998378754,1183,-1441,-7628,1704.7566666603088
1738.6749999523165,1193,-1442,-7630,1704.76166677475
1738.6799998283386,1202,-1444,-7630,1704.766666650772
1738.6849999427795,1213,-1447,-7632,1704.771666765213
1738.689999818802,1224,-1449,-7632,1704.7766666412356
1738.6949999332428,1229,-1450,-7631,1704.7816667556763
1738.6999998092651,1236,-1450,-7633,1704.7866666316986
1738.704999923706,1239,-1450,-7632,1704.7916667461395
1738.7099997997284,1240,-1450,-7632,1704.7966666221619
1738.7149999141693,1243,-1453,-7637,1704.8016667366028
1738.7199997901917,1245,-1455,-7638,1704.8066666126251
1738.7249999046326,1248,-1458,-7637,1704.811666727066
1738.729999780655,1252,-1461,-7634,1704.8166666030884
1738.7349998950958,1255,-1463,-7627,1704.8216667175293
1738.7399997711182,1259,-1468,-7625,1704.8266665935516
1738.744999885559,1264,-1469,-7627,1704.8316667079926
1738.75,1268,-1471,-7630,1704.8366668224335
1738.7549998760223,1270,-1472,-7632,1704.8416666984558
1738.7599999904633,1271,-1473,-7633,1704.8466668128967
1738.7649998664856,1271,-1477,-7632,1704.851666688919
1738.7699999809265,1272,-1481,-7632,1704.85666680336
1738.7749998569489,1275,-1486,-7634,1704.8616666793823
1738.7799999713898,1282,-1489,-7637,1704.8666667938232
1738.784999847412,1288,-1493,-7640,1704.8716666698456
1738.789999961853,1293,-1497,-7644,1704.8766667842865
1738.7949998378754,1299,-1501,-7643,1704.8816666603088
1738.7999999523165,1305,-1506,-7641,1704.88666677475
1738.8049998283386,1313,-1512,-7641,1704.891666650772
1738.8099999427795,1321,-1516,-7640,1704.896666765213
1738.814999818802,1332,-1521,-7641,1704.9016666412356
1738.8199999332428,1341,-1529,-7643,1704.9066667556763
1738.8249998092651,1352,-1538,-7642,1704.9116666316986
1738.829999923706,1361,-1547,-7640,1704.9166667461395
1738.8349997997284,1367,-1554,-7636,1704.9216666221619
1738.8399999141693,1377,-1561,-7634,1704.9266667366028
1738.8449997901917,1389,-1570,-7634,1704.9316666126251
1738.8499999046326,1401,-1578,-7636,1704.936666727066
1738.854999780655,1415,-1589,-7641,1704.9416666030884
1738.8599998950958,1430,-1599,-7644,1704.9466667175293
1738.8649997711182,1445,-1610,-7648,1704.9516665935516
1738.869999885559,1460,-1620,-7655,1704.9566667079926
1738.875,1474,-1634,-7656,1704.9616668224335
1738.8799998760223,1489,-1649,-7660,1704.9666666984558
1738.8849999904633,1502,-1663,-7661,1704.9716668128967
1738.8899998664856,1516,-1676,-7660,1704.976666688919
1738.8949999809265,1528,-1689,-7659,1704.98166680336
1738.8999998569489,1538,-1700,-7659,1704.9866666793823
1738.9049999713898,1548,-1712,-7659,1704.9916667938232
1738.909999847412,1558,-1726,-7662,1704.9966666698456
1738.914999961853,1566,-1738,-7665,1705.0016667842865
1738.9199998378754,1579,-1753,-7670,1705.0066666603088
1738.9249999523165,1595,-1766,-7674,1705.01166677475
1738.9299998283386,1613,-1780,-7674,1705.016666650772
1738.9349999427795,1631,-1794,-7673,1705.021666765213
1738.939999818802,1644,-1806,-7671,1705.0266666412356
1738.9449999332428,1658,-1818,-7671,1705.0316667556763
1738.9499998092651,1674,-1830,-7676,1705.0366666316986
1738.954999923706,1690,-1843,-7681,1705.0416667461395
1738.9599997997284,1708,-1857,-7684,1705.0466666221619
1738.9649999141693,1722,-1871,-7683,1705.0516667366028
1738.9699997901917,1734,-1884,-7681,1705.0566666126251
1738.9749999046326,1742,-1898,-7677,1705.061666727066
1738.979999780655,1753,-1910,-7674,1705.0666666030884
1738.9849998950958,1762,-1922,-7673,1705.0716667175293
1738.9899997711182,1773,-1934,-7673,1705.0766665935516
1738.994999885559,1786,-1947,-7674,1705.0816667079926
1739.0,1802,-1961,-7675,1705.0866668224335
1739.0049998760223,1816,-1974,-7674,1705.0916666984558
1739.0099999904633,1833,-1986,-7674,1705.0966668128967
1739.0149998664856,1846,-1996,-7674,1705.101666688919
1739.0199999809265,1855,-2006,-7676,1705.10666680336
1739.0249998569489,1867,-2015,-7679,1705.1116666793823
1739.0299999713898,1877,-2026,-7681,1705.1166667938232
1739.034999847412,1886,-2037,-7689,1705.1216666698456
1739.039999961853,1896,-2047,-7699,1705.1266667842865
1739.0449998378754,1906,-2057,-7707,1705.1316666603088
1739.0499999523165,1912,-2070,-7714,1705.13666677475
1739.0549998283386,1918,-2083,-7718,1705.141666650772
1739.0599999427795,1927,-2097,-7717,1705.146666765213
1739.064999818802,1933,-2113,-7717,1705.1516666412356
1739.0699999332428,1943,-2129,-7720,1705.1566667556763
1739.0749998092651,1950,-2145,-7722,1705.1616666316986
1739.079999923706,1959,-2163,-7724,1705.1666667461395
1739.0849997997284,1968,-2180,-7727,1705.1716666221619
1739.0899999141693,1975,-2198,-7727,1705.1766667366028
1739.0949997901917,1983,-2216,-7727,1705.1816666126251
1739.0999999046326,1990,-2235,-7729,1705.186666727066
1739.104999780655,1998,-2253,-7728,1705.1916666030884
1739.1099998950958,2010,-2272,-7728,1705.1966667175293
1739.1149997711182,2024,-2291,-7729,1705.2016665935516
1739.119999885559,2039,-2310,-7731,1705.2066667079926
1739.125,2053,-2330,-7730,1705.2116668224335
1739.1299998760223,2065,-2348,-7728,1705.2166666984558
1739.1349999904633,2075,-2368,-7726,1705.2216668128967
1739.1399998664856,2086,-2387,-7722,1705.226666688919
1739.1449999809265,2095,-2407,-7720,1705.23166680336
1739.1499998569489,2108,-2428,-7723,1705.2366666793823
1739.1549999713898,2118,-2449,-7726,1705.2416667938232
1739.159999847412,2129,-2467,-7731,1705.2466666698456
1739.164999961853,2138,-2485,-7734,1705.2516667842865
1739.1699998378754,2147,-2504,-7737,1705.2566666603088
1739.1749999523165,2157,-2525,-7741,1705.26166677475
1739.1799998283386,2166,-2545,-7741,1705.266666650772
1739.1849999427795,2175,-2564,-7742,1705.271666765213
1739.189999818802,2183,-2580,-7742,1705.2766666412356
1739.1949999332428,2187,-2597,-7742,1705.2816667556763
1739.1999998092651,2190,-2615,-7741,1705.2866666316986
1739.204999923706,2194,-2633,-7742,1705.2916667461395
1739.2099997997284,2194,-2652,-7746,1705.2966666221619
1739.2149999141693,2198,-2671,-7748,1705.3016667366028
1739.2199997901917,2202,-2688,-7752,1705.3066666126251
1739.2249999046326,2207,-2703,-7754,1705.311666727066
1739.229999780655,2217,-2718,-7753,1705.3166666030884
1739.2349998950958,2226,-2732,-7753,1705.3216667175293
1739.2399997711182,2236,-2748,-7753,1705.3266665935516
1739.244999885559,2247,-2766,-7759,1705.3316667079926
1739.25,2256,-2785,-7765,1705.3366668224335
1739.2549998760223,2265,-2803,-7768,1705.3416666984558
1739.2599999904633,2276,-2822,-7773,1705.3466668128967
1739.2649998664856,2288,-2840,-7771,1705.351666688919
1739.2699999809265,2298,-2856,-7766,1705.35666680336
1739.2749998569489,2307,-2872,-7762,1705.3616666793823
1739.2799999713898,2313,-2888,-7759,1705.3666667938232
1739.284999847412,2318,-2903,-7756,1705.3716666698456
1739.289999961853,2323,-2917,-7755,1705.3766667842865
1739.2949998378754,2330,-2934,-7757,1705.3816666603088
1739.2999999523165,2341,-2951,-7757,1705.38666677475
1739.3049998283386,2356,-2969,-7760,1705.391666650772
1739.3099999427795,2371,-2987,-7759,1705.396666765213
1739.314999818802,2382,-3007,-7760,1705.4016666412356
1739.3199999332428,2392,-3025,-7760,1705.4066667556763
1739.3249998092651,2401,-3044,-7764,1705.4116666316986
1739.329999923706,2410,-3062,-7766,1705.4166667461395
1739.3349997997284,2418,-3082,-7766,1705.4216666221619
1739.3399999141693,2425,-3101,-7767,1705.4266667366028
1739.3449997901917,2435,-3121,-7764,1705.4316666126251
1739.3499999046326,2443,-3143,-7766,1705.436666727066
1739.354999780655,2450,-3163,-7766,1705.4416666030884
1739.3599998950958,2455,-3181,-7765,1705.4466667175293
1739.3649997711182,2461,-3200,-7765,1705.4516665935516
1739.369999885559,2468,-3217,-7761,1705.4566667079926
1739.375,2474,-3238,-7757,1705.4616668224335
1739.3799998760223,2481,-3258,-7755,1705.4666666984558
1739.3849999904633,2480,-3277,-7752,1705.4716668128967
1739.3899998664856,2481,-3295,-7752,1705.476666688919
1739.3949999809265,2480,-3312,-7750,1705.48166680336
1739.3999998569489,2481,-3329,-7747,1705.4866666793823
1739.4049999713898,2482,-3347,-7744,1705.4916667938232
1739.409999847412,2484,-3365,-7744,1705.4966666698456
1739.414999961853,2484,-3384,-7748,1705.5016667842865
1739.4199998378754,2483,-3403,-7752,1705.5066666603088
1739.4249999523165,2482,-3421,-7757,1705.51166677475
1739.4299998283386,2480,-3441,-7763,1705.516666650772
1739.4349999427795,2479,-3458,-7765,1705.521666765213
1739.439999818802,2479,-3474,-7768,1705.5266666412356
1739.4449999332428,2479,-3490,-7772,1705.5316667556763
1739.4499998092651,2480,-3502,-7773,1705.5366666316986
1739.454999923706,2481,-3512,-7770,1705.5416667461395
1739.4599997997284,2483,-3522,-7763,1705.5466666221619
1739.4649999141693,2482,-3533,-7756,1705.5516667366028
1739.4699997901917,2481,-3542,-7748,1705.5566666126251
1739.4749999046326,2482,-3549,-7743,1705.561666727066
1739.479999780655,2483,-3557,-7743,1705.5666666030884
1739.4849998950958,2487,-3565,-7746,1705.5716667175293
1739.4899997711182,2490,-3572,-7749,1705.5766665935516
1739.494999885559,2491,-3576,-7749,1705.5816667079926
1739.5,2490,-3577,-7753,1705.5866668224335
1739.5049998760223,2489,-3576,-7756,1705.5916666984558
1739.5099999904633,2488,-3577,-7762,1705.5966668128967
1739.5149998664856,2492,-3580,-7769,1705.601666688919
1739.5199999809265,2494,-3584,-7774,1705.60666680336
1739.5249998569489,2496,-3587,-7778,1705.6116666793823
1739.5299999713898,2497,-3590,-7779,1705.6166667938232
1739.534999847412,2501,-3591,-7779,1705.6216666698456
1739.539999961853,2504,-3595,-7778,1705.6266667842865
1739.5449998378754,2505,-3597,-7774,1705.6316666603088
1739.5499999523165,2505,-3601,-7772,1705.63666677475
1739.5549998283386,2503,-3605,-7770,1705.641666650772
1739.5599999427795,2501,-3608,-7769,1705.646666765213
1739.564999818802,2500,-3611,-7770,1705.6516666412356
1739.5699999332428,2501,-3614,-7772,1705.6566667556763
1739.5749998092651,2505,-3615,-7772,1705.6616666316986
1739.579999923706,2509,-3617,-7775,1705.6666667461395
1739.5849997997284,2512,-3619,-7773,1705.6716666221619
1739.5899999141693,2513,-3619,-7773,1705.6766667366028
1739.5949997901917,2515,-3620,-7773,1705.6816666126251
1739.5999999046326,2523,-3622,-7769,1705.686666727066
1739.604999780655,2532,-3624,-7765,1705.6916666030884
1739.6099998950958,2536,-3629,-7763,1705.6966667175293
1739.6149997711182,2537,-3631,-7762,1705.7016665935516
1739.619999885559,2534,-3635,-7761,1705.7066667079926
1739.625,2530,-3637,-7761,1705.7116668224335
1739.6299998760223,2528,-3635,-7761,1705.7166666984558
1739.6349999904633,2530,-3633,-7761,1705.7216668128967
1739.6399998664856,2535,-3632,-7764,1705.726666688919
1739.6449999809265,2541,-3631,-7766,1705.73166680336
1739.6499998569489,2544,-3634,-7764,1705.7366666793823
1739.6549999713898,2545,-3638,-7759,1705.7416667938232
1739.659999847412,2549,-3641,-7751,1705.7466666698456
1739.664999961853,2554,-3643,-7744,1705.7516667842865
1739.6699998378754,2563,-3644,-7741,1705.7566666603088
1739.6749999523165,2578,-3645,-7742,1705.76166677475
1739.6799998283386,2588,-3645,-7747,1705.766666650772
1739.6849999427795,2597,-3647,-7752,1705.771666765213
1739.689999818802,2604,-3647,-7756,1705.7766666412356
1739.6949999332428,2607,-3648,-7758,1705.7816667556763
1739.6999998092651,2611,-3649,-7758,1705.7866666316986
1739.704999923706,2612,-3650,-7757,1705.7916667461395
1739.7099997997284,2613,-3650,-7757,1705.7966666221619
1739.7149999141693,2610,-3651,-7758,1705.8016667366028
1739.7199997901917,2603,-3650,-7761,1705.8066666126251
1739.7249999046326,2595,-3649,-7762,1705.811666727066
1739.729999780655,2586,-3647,-7758,1705.8166666030884
1739.7349998950958,2579,-3646,-7752,1705.8216667175293
1739.7399997711182,2573,-3646,-7749,1705.8266665935516
1739.744999885559,2568,-3649,-7748,1705.8316667079926
1739.75,2563,-3655,-7750,1705.8366668224335
1739.7549998760223,2558,-3659,-7753,1705.8416666984558
1739.7599999904633,2555,-3664,-7753,1705.8466668128967
1739.7649998664856,2552,-3669,-7751,1705.851666688919
1739.7699999809265,2548,-3675,-7750,1705.85666680336
1739.7749998569489,2549,-3681,-7750,1705.8616666793823
1739.7799999713898,2549,-3686,-7755,1705.8666667938232
1739.784999847412,2548,-3690,-7760,1705.8716666698456
1739.789999961853,2547,-3695,-7765,1705.8766667842865
1739.7949998378754,2543,-3700,-7771,1705.8816666603088
1739.7999999523165,2539,-3706,-7773,1705.88666677475
1739.8049998283386,2536,-3714,-7773,1705.891666650772
1739.8099999427795,2535,-3724,-7770,1705.896666765213
1739.814999818802,2534,-3732,-7769,1705.9016666412356
1739.8199999332428,2530,-3740,-7768,1705.9066667556763
1739.8249998092651,2525,-3747,-7769,1705.9116666316986
1739.829999923706,2519,-3754,-7771,1705.9166667461395
1739.8349997997284,2517,-3761,-7771,1705.9216666221619
1739.8399999141693,2519,-3770,-7771,1705.9266667366028
1739.8449997901917,2525,-3781,-7770,1705.9316666126251
1739.8499999046326,2530,-3792,-7771,1705.936666727066
1739.854999780655,2531,-3805,-7775,1705.9416666030884
1739.8599998950958,2531,-3818,-7779,1705.9466667175293
1739.8649997711182,2530,-3828,-7781,1705.9516665935516
1739.869999885559,2528,-3839,-7783,1705.9566667079926
1739.875,2528,-3848,-7782,1705.9616668224335
1739.8799998760223,2530,-3858,-7780,1705.9666666984558
1739.8849999904633,2533,-3869,-7777,1705.9716668128967
1739.8899998664856,2536,-3881,-7773,1705.976666688919
1739.8949999809265,2536,-3891,-7768,1705.98166680336
1739.8999998569489,2536,-3904,-7764,1705.9866666793823
1739.9049999713898,2537,-3915,-7761,1705.9916667938232
1739.909999847412,2539,-3925,-7763,1705.9966666698456
1739.914999961853,2543,-3934,-7764,1706.0016667842865
1739.9199998378754,2545,-3945,-7764,1706.0066666603088
1739.9249999523165,2541,-3955,-7760,1706.01166677475
1739.9299998283386,2535,-3966,-7754,1706.016666650772
1739.9349999427795,2529,-3974,-7749,1706.021666765213
1739.939999818802,2524,-3983,-7749,1706.0266666412356
1739.9449999332428,2524,-3992,-7749,1706.0316667556763
1739.9499998092651,2523,-4003,-7748,1706.0366666316986
1739.954999923706,2521,-4013,-7749,1706.0416667461395
1739.9599997997284,2520,-4022,-7749,1706.0466666221619
1739.9649999141693,2519,-4032,-7749,1706.0516667366028
1739.9699997901917,2520,-4041,-7748,1706.0566666126251
1739.9749999046326,2523,-4050,-7747,1706.061666727066
1739.979999780655,2524,-4059,-7745,1706.0666666030884
1739.9849998950958,2526,-4068,-7746,1706.0716667175293
1739.9899997711182,2528,-4075,-7745,1706.0766665935516
1739.994999885559,2532,-4084,-7740,1706.0816667079926
1740.0,2536,-4097,-7738,1706.0866668224335
1740.0049998760223,2539,-4109,-7741,1706.0916666984558
1740.0099999904633,2541,-4120,-7745,1706.0966668128967
1740.0149998664856,2541,-4130,-7746,1706.101666688919
1740.0199999809265,2540,-4138,-7745,1706.10666680336
1740.0249998569489,2541,-4145,-7744,1706.1116666793823
1740.0299999713898,2543,-4153,-7740,1706.1166667938232
1740.034999847412,2545,-4159,-7735,1706.1216666698456
1740.039999961853,2549,-4164,-7729,1706.1266667842865
1740.0449998378754,2549,-4171,-7723,1706.1316666603088
1740.0499999523165,2547,-4176,-7721,1706.13666677475
1740.0549998283386,2547,-4182,-7722,1706.141666650772
1740.0599999427795,2547,-4188,-7725,1706.146666765213
1740.064999818802,2547,-4194,-7728,1706.1516666412356
1740.0699999332428,2548,-4203,-7729,1706.1566667556763
1740.0749998092651,2550,-4211,-7730,1706.1616666316986
1740.079999923706,2552,-4219,-7729,1706.1666667461395
1740.0849997997284,2554,-4224,-7728,1706.1716666221619
1740.0899999141693,2557,-4228,-7729,1706.1766667366028
1740.0949997901917,2557,-4234,-7727,1706.1816666126251
1740.0999999046326,2557,-4238,-7724,1706.186666727066
1740.104999780655,2558,-4242,-7721,1706.1916666030884
1740.1099998950958,2558,-4247,-7720,1706.1966667175293
1740.1149997711182,2555,-4252,-7720,1706.2016665935516
1740.119999885559,2550,-4255,-7720,1706.2066667079926
1740.125,2547,-4260,-7724,1706.2116668224335
1740.1299998760223,2542,-4265,-7729,1706.2166666984558
1740.1349999904633,2541,-4269,-7733,1706.2216668128967
1740.1399998664856,2540,-4272,-7737,1706.226666688919
1740.1449999809265,2536,-4274,-7738,1706.23166680336
1740.1499998569489,2533,-4278,-7739,1706.2366666793823
1740.1549999713898,2529,-4281,-7738,1706.2416667938232
1740.159999847412,2527,-4284,-7738,1706.2466666698456
1740.164999961853,2525,-4288,-7734,1706.2516667842865
1740.1699998378754,2523,-4290,-7729,1706.2566666603088
1740.1749999523165,2525,-4294,-7723,1706.26166677475
1740.1799998283386,2526,-4298,-7719,1706.266666650772
1740.1849999427795,2526,-4301,-7716,1706.271666765213
1740.189999818802,2526,-4303,-7713,1706.2766666412356
1740.1949999332428,2525,-4304,-7713,1706.2816667556763
1740.1999998092651,2524,-4308,-7714,1706.2866666316986
1740.204999923706,2524,-4312,-7717,1706.2916667461395
1740.2099997997284,2526,-4317,-7718,1706.2966666221619
1740.2149999141693,2526,-4321,-7719,1706.3016667366028
1740.2199997901917,2524,-4324,-7715,1706.3066666126251
1740.2249999046326,2524,-4328,-7713,1706.311666727066
1740.229999780655,2524,-4331,-7710,1706.3166666030884
1740.2349998950958,2523,-4333,-7708,1706.3216667175293
1740.2399997711182,2527,-4337,-7707,1706.3266665935516
1740.244999885559,2531,-4340,-7707,1706.3316667079926
1740.25,2536,-4342,-7706,1706.3366668224335
1740.2549998760223,2540,-4344,-7704,1706.3416666984558
1740.2599999904633,2546,-4346,-7705,1706.3466668128967
1740.2649998664856,2551,-4347,-7705,1706.351666688919
1740.2699999809265,2558,-4346,-7707,1706.35666680336
1740.2749998569489,2568,-4345,-7707,1706.3616666793823
1740.2799999713898,2573,-4344,-7708,1706.3666667938232
1740.284999847412,2577,-4342,-7711,1706.3716666698456
1740.289999961853,2580,-4341,-7709,1706.3766667842865
1740.2949998378754,2582,-4340,-7706,1706.3816666603088
1740.2999999523165,2583,-4338,-7704,1706.38666677475
1740.3049998283386,2583,-4335,-7701,1706.391666650772
1740.3099999427795,2586,-4331,-7703,1706.396666765213
1740.314999818802,2590,-4327,-7705,1706.4016666412356
1740.3199999332428,2594,-4322,-7705,1706.4066667556763
1740.3249998092651,2600,-4318,-7705,1706.4116666316986
1740.329999923706,2605,-4312,-7702,1706.4166667461395
1740.3349997997284,2609,-4305,-7699,1706.4216666221619
1740.3399999141693,2614,-4298,-7698,1706.4266667366028
1740.3449997901917,2620,-4292,-7697,1706.4316666126251
1740.3499999046326,2626,-4287,-7693,1706.436666727066
1740.354999780655,2631,-4283,-7689,1706.4416666030884
1740.3599998950958,2637,-4279,-7685,1706.4466667175293
1740.3649997711182,2641,-4275,-7683,1706.4516665935516
1740.369999885559,2645,-4271,-7682,1706.4566667079926
1740.375,2649,-4267,-7680,1706.4616668224335
1740.3799998760223,2651,-4264,-7679,1706.4666666984558
1740.3849999904633,2655,-4260,-7678,1706.4716668128967
1740.3899998664856,2659,-4256,-7677,1706.476666688919
1740.3949999809265,2663,-4252,-7674,1706.48166680336
1740.3999998569489,2666,-4250,-7672,1706.4866666793823
1740.4049999713898,2671,-4250,-7671,1706.4916667938232
1740.409999847412,2670,-4251,-7670,1706.4966666698456
1740.414999961853,2667,-4254,-7666,1706.5016667842865
1740.4199998378754,2668,-4255,-7667,1706.5066666603088
1740.4249999523165,2670,-4256,-7668,1706.51166677475
1740.4299998283386,2673,-4258,-7671,1706.516666650772
1740.4349999427795,2677,-4260,-7675,1706.521666765213
1740.439999818802,2679,-4264,-7675,1706.5266666412356
1740.4449999332428,2679,-4269,-7674,1706.5316667556763
1740.4499998092651,2677,-4271,-7671,1706.5366666316986
1740.454999923706,2673,-4275,-7667,1706.5416667461395
1740.4599997997284,2671,-4279,-7663,1706.5466666221619
1740.4649999141693,2670,-4285,-7660,1706.5516667366028
1740.4699997901917,2671,-4292,-7661,1706.5566666126251
1740.4749999046326,2672,-4296,-7664,1706.561666727066
1740.479999780655,2672,-4299,-7667,1706.5666666030884
1740.4849998950958,2672,-4302,-7669,1706.5716667175293
1740.4899997711182,2669,-4305,-7668,1706.5766665935516
1740.494999885559,2668,-4312,-7667,1706.5816667079926
1740.5,2668,-4319,-7668,1706.5866668224335
1740.5049998760223,2670,-4326,-7670,1706.5916666984558
1740.5099999904633,2672,-4333,-7673,1706.5966668128967
1740.5149998664856,2672,-4338,-7674,1706.601666688919
1740.5199999809265,2674,-4343,-7676,1706.60666680336
1740.5249998569489,2675,-4350,-7679,1706.6116666793823
1740.5299999713898,2675,-4356,-7679,1706.6166667938232
1740.534999847412,2675,-4361,-7677,1706.6216666698456
1740.539999961853,2676,-4365,-7679,1706.6266667842865
1740.5449998378754,2677,-4370,-7681,1706.6316666603088
1740.5499999523165,2679,-4374,-7684,1706.63666677475
1740.5549998283386,2683,-4378,-7687,1706.641666650772
1740.5599999427795,2686,-4383,-7688,1706.646666765213
1740.564999818802,2687,-4385,-7685,1706.6516666412356
1740.5699999332428,2689,-4388,-7681,1706.6566667556763
1740.5749998092651,2691,-4391,-7676,1706.6616666316986
1740.579999923706,2692,-4394,-7669,1706.6666667461395
1740.5849997997284,2695,-4398,-7665,1706.6716666221619
1740.5899999141693,2695,-4401,-7664,1706.6766667366028
1740.5949997901917,2691,-4406,-7664,1706.6816666126251
1740.5999999046326,2687,-4411,-7668,1706.686666727066
1740.604999780655,2683,-4417,-7671,1706.6916666030884
1740.6099998950958,2682,-4420,-7672,1706.6966667175293
1740.6149997711182,2685,-4423,-7670,1706.7016665935516
1740.619999885559,2688,-4425,-7670,1706.7066667079926
1740.625,2692,-4425,-7668,1706.7116668224335
1740.6299998760223,2693,-4426,-7668,1706.7166666984558
1740.6349999904633,2696,-4428,-7667,1706.7216668128967
1740.6399998664856,2700,-4432,-7665,1706.726666688919
1740.6449999809265,2707,-4435,-7661,1706.73166680336
1740.6499998569489,2716,-4436,-7657,1706.7366666793823
1740.6549999713898,2722,-4438,-7653,1706.7416667938232
1740.659999847412,2726,-4437,-7650,1706.7466666698456
1740.664999961853,2727,-4439,-7647,1706.7516667842865
1740.6699998378754,2727,-4441,-7646,1706.7566666603088
1740.6749999523165,2730,-4441,-7642,1706.76166677475
1740.6799998283386,2736,-4443,-7641,1706.766666650772
1740.6849999427795,2743,-4446,-7640,1706.771666765213
1740.689999818802,2750,-4448,-7635,1706.7766666412356
1740.6949999332428,2759,-4452,-7631,1706.7816667556763
1740.6999998092651,2764,-4455,-7626,1706.7866666316986
1740.704999923706,2770,-4454,-7622,1706.7916667461395
1740.7099997997284,2774,-4453,-7624,1706.7966666221619
1740.7149999141693,2776,-4451,-7622,1706.8016667366028
1740.7199997901917,2779,-4448,-7622,1706.8066666126251
1740.7249999046326,2781,-4448,-7619,1706.811666727066
1740.729999780655,2782,-4448,-7617,1706.8166666030884
1740.7349998950958,2786,-4451,-7613,1706.8216667175293
1740.7399997711182,2791,-4455,-7608,1706.8266665935516
1740.744999885559,2795,-4458,-7608,1706.8316667079926
1740.75,2800,-4462,-7603,1706.8366668224335
1740.7549998760223,2802,-4467,-7601,1706.8416666984558
1740.7599999904633,2803,-4473,-7599,1706.8466668128967
1740.7649998664856,2803,-4477,-7596,1706.851666688919
1740.7699999809265,2804,-4481,-7592,1706.85666680336
1740.7749998569489,2803,-4487,-7593,1706.8616666793823
1740.7799999713898,2801,-4493,-7593,1706.8666667938232
1740.784999847412,2800,-4500,-7594,1706.8716666698456
1740.789999961853,2800,-4507,-7590,1706.8766667842865
1740.7949998378754,2800,-4512,-7584,1706.8816666603088
1740.7999999523165,2801,-4515,-7578,1706.88666677475
1740.8049998283386,2800,-4518,-7573,1706.891666650772
1740.8099999427795,2795,-4521,-7569,1706.896666765213
1740.814999818802,2791,-4525,-7569,1706.9016666412356
1740.8199999332428,2787,-4531,-7571,1706.9066667556763
1740.8249998092651,2788,-4540,-7569,1706.9116666316986
1740.829999923706,2787,-4550,-7565,1706.9166667461395
1740.8349997997284,2786,-4560,-7561,1706.9216666221619
1740.8399999141693,2785,-4569,-7556,1706.9266667366028
1740.8449997901917,2784,-4576,-7553,1706.9316666126251
1740.8499999046326,2784,-4587,-7555,1706.936666727066
1740.854999780655,2785,-4600,-7551,1706.9416666030884
1740.8599998950958,2785,-4611,-7548,1706.9466667175293
1740.8649997711182,2785,-4622,-7546,1706.9516665935516
1740.869999885559,2787,-4632,-7544,1706.9566667079926
1740.875,2788,-4641,-7542,1706.9616668224335
1740.8799998760223,2791,-4649,-7540,1706.9666666984558
1740.8849999904633,2796,-4657,-7537,1706.9716668128967
1740.8899998664856,2800,-4662,-7537,1706.976666688919
1740.8949999809265,2803,-4668,-7539,1706.98166680336
1740.8999998569489,2802,-4674,-7542,1706.9866666793823
1740.9049999713898,2802,-4679,-7544,1706.9916667938232
1740.909999847412,2804,-4684,-7546,1706.9966666698456
1740.914999961853,2808,-4688,-7548,1707.0016667842865
1740.9199998378754,2814,-4691,-7546,1707.0066666603088
1740.9249999523165,2823,-4693,-7541,1707.01166677475
1740.9299998283386,2831,-4695,-7532,1707.016666650772
1740.9349999427795,2839,-4699,-7525,1707.021666765213
1740.939999818802,2849,-4705,-7525,1707.0266666412356
1740.9449999332428,2857,-4709,-7525,1707.0316667556763
1740.9499998092651,2863,-4715,-7524,1707.0366666316986
1740.954999923706,2866,-4721,-7524,1707.0416667461395
1740.9599997997284,2869,-4726,-7522,1707.0466666221619
1740.9649999141693,2873,-4732,-7520,1707.0516667366028
1740.9699997901917,2876,-4736,-7519,1707.0566666126251
1740.9749999046326,2882,-4741,-7520,1707.061666727066
1740.979999780655,2884,-4746,-7518,1707.0666666030884
1740.9849998950958,2887,-4750,-7513,1707.0716667175293
1740.9899997711182,2889,-4755,-7511,1707.0766665935516
1740.994999885559,2892,-4756,-7510,1707.0816667079926
1741.0,2895,-4757,-7508,1707.0866668224335
1741.0049998760223,2897,-4759,-7508,1707.0916666984558
1741.0099999904633,2899,-4764,-7510,1707.0966668128967
1741.0149998664856,2902,-4769,-7514,1707.101666688919
1741.0199999809265,2902,-4773,-7516,1707.10666680336
1741.0249998569489,2903,-4777,-7518,1707.1116666793823
1741.0299999713898,2904,-4783,-7516,1707.1166667938232
1741.034999847412,2905,-4789,-7515,1707.1216666698456
1741.039999961853,2908,-4794,-7513,1707.1266667842865
1741.0449998378754,2909,-4799,-7515,1707.1316666603088
1741.0499999523165,2908,-4804,-7514,1707.13666677475
1741.0549998283386,2903,-4808,-7515,1707.141666650772
1741.0599999427795,2898,-4814,-7514,1707.146666765213
1741.064999818802,2894,-4821,-7509,1707.1516666412356
1741.0699999332428,2893,-4830,-7505,1707.1566667556763
1741.0749998092651,2897,-4839,-7501,1707.1616666316986
1741.079999923706,2902,-4847,-7495,1707.1666667461395
1741.0849997997284,2905,-4854,-7492,1707.1716666221619
1741.0899999141693,2908,-4862,-7490,1707.1766667366028
1741.0949997901917,2909,-4870,-7492,1707.1816666126251
1741.0999999046326,2911,-4877,-7496,1707.186666727066
1741.104999780655,2911,-4883,-7498,1707.1916666030884
1741.1099998950958,2911,-4888,-7502,1707.1966667175293
1741.1149997711182,2912,-4892,-7505,1707.2016665935516
1741.119999885559,2911,-4895,-7503,1707.2066667079926
1741.125,2910,-4901,-7500,1707.2116668224335
1741.1299998760223,2908,-4907,-7492,1707.2166666984558
1741.1349999904633,2908,-4913,-7486,1707.2216668128967
1741.1399998664856,2911,-4920,-7481,1707.226666688919
1741.1449999809265,2914,-4926,-7480,1707.23166680336
1741.1499998569489,2913,-4930,-7477,1707.2366666793823
1741.1549999713898,2913,-4934,-7476,1707.2416667938232
1741.159999847412,2911,-4937,-7473,1707.2466666698456
1741.164999961853,2912,-4939,-7470,1707.2516667842865
1741.1699998378754,2916,-4941,-7467,1707.2566666603088
1741.1749999523165,2919,-4942,-7468,1707.26166677475
1741.1799998283386,2923,-4945,-7469,1707.266666650772
1741.1849999427795,2926,-4948,-7472,1707.271666765213
1741.189999818802,2926,-4951,-7475,1707.2766666412356
1741.1949999332428,2929,-4954,-7477,1707.2816667556763
1741.1999998092651,2930,-4958,-7474,1707.2866666316986
1741.204999923706,2933,-4962,-7469,1707.2916667461395
1741.2099997997284,2937,-4967,-7461,1707.2966666221619
1741.2149999141693,2940,-4971,-7453,1707.3016667366028
1741.2199997901917,2943,-4975,-7443,1707.3066666126251
1741.2249999046326,2945,-4981,-7440,1707.311666727066
1741.229999780655,2948,-4987,-7436,1707.3166666030884
1741.2349998950958,2952,-4992,-7433,1707.3216667175293
1741.2399997711182,2956,-4998,-7432,1707.3266665935516
1741.244999885559,2959,-5003,-7430,1707.3316667079926
1741.25,2962,-5009,-7427,1707.3366668224335
1741.2549998760223,2963,-5013,-7423,1707.3416666984558
1741.2599999904633,2965,-5018,-7420,1707.3466668128967
1741.2649998664856,2969,-5022,-7415,1707.351666688919
1741.2699999809265,2973,-5024,-7411,1707.35666680336
1741.2749998569489,2980,-5026,-7410,1707.3616666793823
1741.2799999713898,2986,-5027,-7410,1707.3666667938232
1741.284999847412,2989,-5030,-7410,1707.3716666698456
1741.289999961853,2993,-5032,-7407,1707.3766667842865
1741.2949998378754,2996,-5033,-7404,1707.3816666603088
1741.2999999523165,2999,-5034,-7404,1707.38666677475
1741.3049998283386,3001,-5034,-7403,1707.391666650772
1741.3099999427795,3002,-5034,-7407,1707.396666765213
1741.314999818802,3002,-5033,-7408,1707.4016666412356
1741.3199999332428,3002,-5032,-7403,1707.4066667556763
1741.3249998092651,3002,-5031,-7396,1707.4116666316986
1741.329999923706,3004,-5031,-7390,1707.4166667461395
1741.3349997997284,3007,-5031,-7387,1707.4216666221619
1741.3399999141693,3011,-5030,-7383,1707.4266667366028
1741.3449997901917,3015,-5032,-7380,1707.4316666126251
1741.3499999046326,3018,-5035,-7379,1707.436666727066
1741.354999780655,3019,-5038,-7380,1707.4416666030884
1741.3599998950958,3023,-5041,-7380,1707.4466667175293
1741.3649997711182,3026,-5044,-7378,1707.4516665935516
1741.369999885559,3029,-5046,-7374,1707.4566667079926
1741.375,3034,-5050,-7369,1707.4616668224335
1741.3799998760223,3036,-5053,-7368,1707.4666666984558
1741.3849999904633,3037,-5058,-7365,1707.4716668128967
1741.3899998664856,3038,-5061,-7364,1707.476666688919
1741.3949999809265,3040,-5063,-7364,1707.48166680336
1741.3999998569489,3045,-5066,-7359,1707.4866666793823
1741.4049999713898,3052,-5067,-7358,1707.4916667938232
1741.409999847412,3061,-5069,-7357,1707.4966666698456
1741.414999961853,3067,-5074,-7353,1707.5016667842865
1741.4199998378754,3072,-5078,-7351,1707.5066666603088
1741.4249999523165,3078,-5082,-7350,1707.51166677475
1741.4299998283386,3084,-5085,-7353,1707.516666650772
1741.4349999427795,3089,-5087,-7357,1707.521666765213
1741.439999818802,3094,-5089,-7360,1707.5266666412356
1741.4449999332428,3098,-5090,-7364,1707.5316667556763
1741.4499998092651,3100,-5089,-7366,1707.5366666316986
1741.454999923706,3101,-5090,-7368,1707.5416667461395
1741.4599997997284,3101,-5089,-7367,1707.5466666221619
1741.4649999141693,3101,-5089,-7363,1707.5516667366028
1741.4699997901917,3103,-5088,-7362,1707.5566666126251
1741.4749999046326,3104,-5089,-7354,1707.561666727066
1741.479999780655,3103,-5089,-7349,1707.5666666030884
1741.4849998950958,3103,-5088,-7344,1707.5716667175293
1741.4899997711182,3103,-5088,-7339,1707.5766665935516
1741.494999885559,3104,-5085,-7337,1707.5816667079926
1741.5,3106,-5084,-7337,1707.5866668224335
1741.5049998760223,3105,-5084,-7339,1707.5916666984558
1741.5099999904633,3106,-5083,-7341,1707.5966668128967
1741.5149998664856,3106,-5084,-7345,1707.601666688919
1741.5199999809265,3105,-5085,-7348,1707.60666680336
1741.5249998569489,3105,-5088,-7353,1707.6116666793823
1741.5299999713898,3103,-5092,-7357,1707.6166667938232
1741.534999847412,3101,-5095,-7355,1707.6216666698456
1741.539999961853,3098,-5098,-7354,1707.6266667842865
1741.5449998378754,3096,-5101,-7355,1707.6316666603088
1741.5499999523165,3093,-5102,-7351,1707.63666677475
1741.5549998283386,3088,-5104,-7351,1707.641666650772
1741.5599999427795,3086,-5107,-7349,1707.646666765213
1741.564999818802,3083,-5109,-7349,1707.6516666412356
1741.5699999332428,3080,-5112,-7352,1707.6566667556763
1741.5749998092651,3077,-5113,-7352,1707.6616666316986
1741.579999923706,3074,-5114,-7352,1707.6666667461395
1741.5849997997284,3071,-5114,-7353,1707.6716666221619
1741.5899999141693,3068,-5114,-7349,1707.6766667366028
1741.5949997901917,3067,-5115,-7343,1707.6816666126251
1741.5999999046326,3067,-5115,-7338,1707.686666727066
1741.604999780655,3066,-5114,-7334,1707.6916666030884
1741.6099998950958,3063,-5114,-7328,1707.6966667175293
1741.6149997711182,3061,-5113,-7326,1707.7016665935516
1741.619999885559,3060,-5110,-7322,1707.7066667079926
1741.625,3060,-5110,-7321,1707.7116668224335
1741.6299998760223,3061,-5111,-7321,1707.7166666984558
1741.6349999904633,3063,-5110,-7322,1707.7216668128967
1741.6399998664856,3064,-5109,-7321,1707.726666688919
1741.6449999809265,3066,-5107,-7318,1707.73166680336
1741.6499998569489,3066,-5105,-7318,1707.7366666793823
1741.6549999713898,3068,-5104,-7318,1707.7416667938232
1741.659999847412,3071,-5103,-7323,1707.7466666698456
1741.664999961853,3075,-5101,-7328,1707.7516667842865
1741.6699998378754,3080,-5100,-7333,1707.7566666603088
1741.6749999523165,3087,-5097,-7333,1707.76166677475
1741.6799998283386,3095,-5096,-7330,1707.766666650772
1741.6849999427795,3104,-5095,-7326,1707.771666765213
1741.689999818802,3113,-5093,-7321,1707.7766666412356
1741.6949999332428,3121,-5091,-7318,1707.7816667556763
1741.6999998092651,3127,-5087,-7317,1707.7866666316986
1741.704999923706,3132,-5085,-7316,1707.7916667461395
1741.7099997997284,3139,-5083,-7316,1707.7966666221619
1741.7149999141693,3143,-5079,-7315,1707.8016667366028
1741.7199997901917,3146,-5076,-7312,1707.8066666126251
1741.7249999046326,3146,-5071,-7314,1707.811666727066
1741.729999780655,3146,-5065,-7314,1707.8166666030884
1741.7349998950958,3148,-5057,-7314,1707.8216667175293
1741.7399997711182,3150,-5049,-7317,1707.8266665935516
1741.744999885559,3152,-5041,-7319,1707.8316667079926
1741.75,3155,-5032,-7320,1707.8366668224335
1741.7549998760223,3159,-5024,-7324,1707.8416666984558
1741.7599999904633,3164,-5014,-7326,1707.8466668128967
1741.7649998664856,3169,-5003,-7330,1707.851666688919
1741.7699999809265,3174,-4992,-7333,1707.85666680336
1741.7749998569489,3176,-4981,-7335,1707.8616666793823
1741.7799999713898,3177,-4970,-7338,1707.8666667938232
1741.784999847412,3178,-4961,-7341,1707.8716666698456
1741.789999961853,3178,-4950,-7342,1707.8766667842865
1741.7949998378754,3179,-4941,-7346,1707.8816666603088
1741.7999999523165,3184,-4932,-7350,1707.88666677475
1741.8049998283386,3188,-4923,-7352,1707.891666650772
1741.8099999427795,3195,-4914,-7357,1707.896666765213
1741.814999818802,3200,-4906,-7358,1707.9016666412356
1741.8199999332428,3204,-4895,-7356,1707.9066667556763
1741.8249998092651,3209,-4886,-7351,1707.9116666316986
1741.829999923706,3211,-4875,-7346,1707.9166667461395
1741.8349997997284,3214,-4867,-7344,1707.9216666221619
1741.8399999141693,3217,-4861,-7344,1707.9266667366028
1741.8449997901917,3219,-4855,-7345,1707.9316666126251
1741.8499999046326,3221,-4851,-7344,1707.936666727066
1741.854999780655,3223,-4845,-7341,1707.9416666030884
1741.8599998950958,3224,-4838,-7341,1707.9466667175293
1741.8649997711182,3225,-4830,-7337,1707.9516665935516
1741.869999885559,3222,-4821,-7335,1707.9566667079926
1741.875,3218,-4816,-7335,1707.9616668224335
1741.8799998760223,3214,-4813,-7335,1707.9666666984558
1741.8849999904633,3211,-4810,-7335,1707.9716668128967
1741.8899998664856,3213,-4807,-7337,1707.976666688919
1741.8949999809265,3216,-4803,-7340,1707.98166680336
1741.8999998569489,3217,-4801,-7346,1707.9866666793823
1741.9049999713898,3216,-4799,-7350,1707.9916667938232
1741.909999847412,3213,-4799,-7354,1707.9966666698456
1741.914999961853,3212,-4798,-7353,1708.0016667842865
1741.9199998378754,3212,-4797,-7355,1708.0066666603088
1741.9249999523165,3214,-4795,-7357,1708.01166677475
1741.9299998283386,3213,-4789,-7354,1708.016666650772
1741.9349999427795,3212,-4784,-7353,1708.021666765213
1741.939999818802,3208,-4781,-7353,1708.0266666412356
1741.9449999332428,3201,-4778,-7354,1708.0316667556763
1741.9499998092651,3197,-4777,-7357,1708.0366666316986
1741.954999923706,3195,-4777,-7360,1708.0416667461395
1741.9599997997284,3193,-4778,-7362,1708.0466666221619
1741.9649999141693,3193,-4778,-7362,1708.0516667366028
1741.9699997901917,3195,-4775,-7363,1708.0566666126251
1741.9749999046326,3195,-4774,-7365,1708.061666727066
1741.979999780655,3194,-4772,-7371,1708.0666666030884
1741.9849998950958,3192,-4769,-7379,1708.0716667175293
1741.9899997711182,3192,-4768,-7385,1708.0766665935516
1741.994999885559,3192,-4765,-7390,1708.0816667079926
1742.0,3195,-4763,-7392,1708.0866668224335
1742.0049998760223,3197,-4761,-7392,1708.0916666984558
1742.0099999904633,3199,-4758,-7393,1708.0966668128967
1742.0149998664856,3203,-4754,-7394,1708.101666688919
1742.0199999809265,3207,-4749,-7396,1708.10666680336
1742.0249998569489,3208,-4743,-7398,1708.1116666793823
1742.0299999713898,3208,-4740,-7396,1708.1166667938232
1742.034999847412,3208,-4738,-7394,1708.1216666698456
1742.039999961853,3207,-4735,-7393,1708.1266667842865
1742.0449998378754,3209,-4732,-7392,1708.1316666603088
1742.0499999523165,3212,-4729,-7392,1708.13666677475
1742.0549998283386,3215,-4727,-7393,1708.141666650772
1742.0599999427795,3218,-4724,-7392,1708.146666765213
1742.064999818802,3219,-4722,-7393,1708.1516666412356
1742.0699999332428,3221,-4720,-7394,1708.1566667556763
1742.0749998092651,3223,-4718,-7394,1708.1616666316986
1742.079999923706,3225,-4716,-7395,1708.1666667461395
1742.0849997997284,3227,-4714,-7393,1708.1716666221619
1742.0899999141693,3231,-4711,-7392,1708.1766667366028
1742.0949997901917,3233,-4708,-7389,1708.1816666126251
1742.0999999046326,3233,-4703,-7389,1708.186666727066
1742.104999780655,3234,-4697,-7391,1708.1916666030884
1742.1099998950958,3234,-4692,-7395,1708.1966667175293
1742.1149997711182,3234,-4687,-7398,1708.2016665935516
1742.119999885559,3234,-4682,-7400,1708.2066667079926
1742.125,3232,-4677,-7398,1708.2116668224335
1742.1299998760223,3229,-4671,-7396,1708.2166666984558
1742.1349999904633,3224,-4667,-7394,1708.2216668128967
1742.1399998664856,3220,-4665,-7394,1708.226666688919
1742.1449999809265,3219,-4660,-7393,1708.23166680336
1742.1499998569489,3221,-4657,-7391,1708.2366666793823
1742.1549999713898,3222,-4653,-7389,1708.2416667938232
1742.159999847412,3223,-4646,-7388,1708.2466666698456
1742.164999961853,3223,-4641,-7384,1708.2516667842865
1742.1699998378754,3222,-4635,-7383,1708.2566666603088
1742.1749999523165,3223,-4633,-7387,1708.26166677475
1742.1799998283386,3225,-4632,-7391,1708.266666650772
1742.1849999427795,3228,-4631,-7396,1708.271666765213
1742.189999818802,3230,-4630,-7398,1708.2766666412356
1742.1949999332428,3230,-4629,-7393,1708.2816667556763
1742.1999998092651,3227,-4627,-7389,1708.2866666316986
1742.204999923706,3222,-4627,-7387,1708.2916667461395
1742.2099997997284,3216,-4629,-7388,1708.2966666221619
1742.2149999141693,3211,-4632,-7390,1708.3016667366028
1742.2199997901917,3205,-4637,-7392,1708.3066666126251
1742.2249999046326,3199,-4642,-7394,1708.311666727066
1742.229999780655,3191,-4647,-7394,1708.3166666030884
1742.2349998950958,3183,-4650,-7395,1708.3216667175293
1742.2399997711182,3174,-4655,-7398,1708.3266665935516
1742.244999885559,3165,-4658,-7399,1708.3316667079926
1742.25,3158,-4664,-7406,1708.3366668224335
1742.2549998760223,3151,-4671,-7406,1708.3416666984558
1742.2599999904633,3146,-4679,-7408,1708.3466668128967
1742.2649998664856,3141,-4689,-7405,1708.351666688919
1742.2699999809265,3136,-4699,-7405,1708.35666680336
1742.2749998569489,3131,-4712,-7404,1708.3616666793823
1742.2799999713898,3125,-4724,-7404,1708.3666667938232
1742.284999847412,3120,-4736,-7404,1708.3716666698456
1742.289999961853,3116,-4746,-7405,1708.3766667842865
1742.2949998378754,3112,-4756,-7407,1708.3816666603088
1742.2999999523165,3107,-4768,-7409,1708.38666677475
1742.3049998283386,3102,-4780,-7409,1708.391666650772
1742.3099999427795,3095,-4792,-7406,1708.396666765213
1742.314999818802,3089,-4804,-7405,1708.4016666412356
1742.3199999332428,3084,-4815,-7407,1708.4066667556763
1742.3249998092651,3079,-4828,-7408,1708.4116666316986
1742.329999923706,3073,-4840,-7414,1708.4166667461395
1742.3349997997284,3066,-4853,-7414,1708.4216666221619
1742.3399999141693,3059,-4865,-7414,1708.4266667366028
1742.3449997901917,3051,-4876,-7413,1708.4316666126251
1742.3499999046326,3046,-4885,-7408,1708.436666727066
1742.354999780655,3046,-4896,-7406,1708.4416666030884
1742.3599998950958,3047,-4904,-7406,1708.4466667175293
1742.3649997711182,3048,-4912,-7405,1708.4516665935516
1742.369999885559,3048,-4920,-7403,1708.4566667079926
1742.375,3040,-4930,-7400,1708.4616668224335
1742.3799998760223,3033,-4940,-7393,1708.4666666984558
1742.3849999904633,3027,-4949,-7390,1708.4716668128967
1742.3899998664856,3025,-4958,-7390,1708.476666688919
1742.3949999809265,3022,-4965,-7392,1708.48166680336
1742.3999998569489,3017,-4972,-7396,1708.4866666793823
1742.4049999713898,3011,-4981,-7400,1708.4916667938232
1742.409999847412,3005,-4987,-7406,1708.4966666698456
1742.414999961853,3000,-4994,-7410,1708.5016667842865
1742.4199998378754,2997,-5000,-7414,1708.5066666603088
1742.4249999523165,2994,-5006,-7416,1708.51166677475
1742.4299998283386,2987,-5014,-7413,1708.516666650772
1742.4349999427795,2981,-5022,-7411,1708.521666765213
1742.439999818802,2973,-5029,-7407,1708.5266666412356
1742.4449999332428,2964,-5037,-7405,1708.5316667556763
1742.4499998092651,2956,-5044,-7405,1708.5366666316986
1742.454999923706,2948,-5053,-7403,1708.5416667461395
1742.4599997997284,2942,-5064,-7396,1708.5466666221619
1742.4649999141693,2935,-5075,-7391,1708.5516667366028
1742.4699997901917,2928,-5086,-7387,1708.5566666126251
1742.4749999046326,2922,-5099,-7385,1708.561666727066
1742.479999780655,2917,-5112,-7386,1708.5666666030884
1742.4849998950958,2911,-5124,-7387,1708.5716667175293
1742.4899997711182,2905,-5136,-7386,1708.5766665935516
1742.494999885559,2896,-5147,-7387,1708.5816667079926
1742.5,2884,-5159,-7390,1708.5866668224335
1742.5049998760223,2871,-5170,-7389,1708.5916666984558
1742.5099999904633,2857,-5185,-7393,1708.5966668128967
1742.5149998664856,2844,-5199,-7395,1708.601666688919
1742.5199999809265,2832,-5213,-7399,1708.60666680336
1742.5249998569489,2821,-5229,-7402,1708.6116666793823
1742.5299999713898,2809,-5245,-7402,1708.6166667938232
1742.534999847412,2799,-5260,-7399,1708.6216666698456
1742.539999961853,2788,-5278,-7392,1708.6266667842865
1742.5449998378754,2778,-5294,-7387,1708.6316666603088
1742.5499999523165,2771,-5309,-7383,1708.63666677475
1742.5549998283386,2762,-5324,-7380,1708.641666650772
1742.5599999427795,2753,-5339,-7378,1708.646666765213
1742.564999818802,2745,-5354,-7376,1708.6516666412356
1742.5699999332428,2735,-5369,-7373,1708.6566667556763
1742.5749998092651,2727,-5384,-7373,1708.6616666316986
1742.579999923706,2719,-5399,-7374,1708.6666667461395
1742.5849997997284,2712,-5413,-7373,1708.6716666221619
1742.5899999141693,2705,-5427,-7370,1708.6766667366028
1742.5949997901917,2697,-5443,-7369,1708.6816666126251
1742.5999999046326,2691,-5458,-7373,1708.686666727066
1742.604999780655,2680,-5474,-7376,1708.6916666030884
1742.6099998950958,2673,-5489,-7377,1708.6966667175293
1742.6149997711182,2667,-5502,-7377,1708.7016665935516
1742.619999885559,2662,-5513,-7379,1708.7066667079926
1742.625,2659,-5523,-7379,1708.7116668224335
1742.6299998760223,2654,-5532,-7376,1708.7166666984558
1742.6349999904633,2647,-5539,-7370,1708.7216668128967
1742.6399998664856,2643,-5547,-7364,1708.726666688919
1742.6449999809265,2639,-5553,-7363,1708.73166680336
1742.6499998569489,2637,-5558,-7363,1708.7366666793823
1742.6549999713898,2637,-5563,-7366,1708.7416667938232
1742.659999847412,2637,-5569,-7370,1708.7466666698456
1742.664999961853,2634,-5573,-7371,1708.7516667842865
1742.6699998378754,2632,-5579,-7371,1708.7566666603088
1742.6749999523165,2631,-5582,-7368,1708.76166677475
1742.6799998283386,2633,-5586,-7364,1708.766666650772
1742.6849999427795,2638,-5588,-7361,1708.771666765213
1742.689999818802,2642,-5591,-7359,1708.7766666412356
1742.6949999332428,2645,-5593,-7363,1708.7816667556763
1742.6999998092651,2648,-5593,-7367,1708.7866666316986
1742.704999923706,2650,-5593,-7374,1708.7916667461395
1742.7099997997284,2653,-5593,-7379,1708.7966666221619
1742.7149999141693,2654,-5592,-7383,1708.8016667366028
1742.7199997901917,2654,-5592,-7382,1708.8066666126251
1742.7249999046326,2649,-5591,-7380,1708.811666727066
1742.729999780655,2646,-5591,-7379,1708.8166666030884
1742.7349998950958,2642,-5589,-7379,1708.8216667175293
1742.7399997711182,2637,-5587,-7380,1708.8266665935516
1742.744999885559,2635,-5584,-7380,1708.8316667079926
1742.75,2633,-5581,-7379,1708.8366668224335
1742.7549998760223,2632,-5580,-7375,1708.8416666984558
1742.7599999904633,2634,-5579,-7375,1708.8466668128967
1742.7649998664856,2635,-5579,-7374,1708.851666688919
1742.7699999809265,2635,-5581,-7371,1708.85666680336
1742.7749998569489,2637,-5582,-7370,1708.8616666793823
1742.7799999713898,2641,-5583,-7368,1708.8666667938232
1742.784999847412,2646,-5584,-7368,1708.8716666698456
1742.789999961853,2649,-5585,-7370,1708.8766667842865
1742.7949998378754,2651,-5587,-7371,1708.8816666603088
1742.7999999523165,2648,-5589,-7371,1708.88666677475
1742.8049998283386,2643,-5591,-7373,1708.891666650772
1742.8099999427795,2642,-5593,-7375,1708.896666765213
1742.814999818802,2643,-5594,-7376,1708.9016666412356
1742.8199999332428,2643,-5596,-7377,1708.9066667556763
1742.8249998092651,2643,-5597,-7371,1708.9116666316986
1742.829999923706,2644,-5599,-7366,1708.9166667461395
1742.8349997997284,2645,-5602,-7363,1708.9216666221619
1742.8399999141693,2647,-5604,-7359,1708.9266667366028
1742.8449997901917,2647,-5606,-7359,1708.9316666126251
1742.8499999046326,2646,-5607,-7358,1708.936666727066
1742.854999780655,2643,-5608,-7357,1708.9416666030884
1742.8599998950958,2640,-5609,-7356,1708.9466667175293
1742.8649997711182,2637,-5610,-7358,1708.9516665935516
1742.869999885559,2636,-5611,-7360,1708.9566667079926
1742.875,2633,-5612,-7358,1708.9616668224335
1742.8799998760223,2628,-5614,-7353,1708.9666666984558
1742.8849999904633,2623,-5617,-7346,1708.9716668128967
1742.8899998664856,2622,-5619,-7341,1708.976666688919
1742.8949999809265,2620,-5620,-7335,1708.98166680336
1742.8999998569489,2623,-5622,-7332,1708.9866666793823
1742.9049999713898,2624,-5622,-7332,1708.9916667938232
1742.909999847412,2624,-5622,-7331,1708.9966666698456
1742.914999961853,2627,-5621,-7332,1709.0016667842865
1742.9199998378754,2630,-5621,-7333,1709.0066666603088
1742.9249999523165,2633,-5621,-7335,1709.01166677475
1742.9299998283386,2634,-5620,-7335,1709.016666650772
1742.9349999427795,2636,-5620,-7330,1709.021666765213
1742.939999818802,2638,-5620,-7326,1709.0266666412356
1742.9449999332428,2636,-5622,-7320,1709.0316667556763
1742.9499998092651,2634,-5623,-7316,1709.0366666316986
1742.954999923706,2633,-5626,-7313,1709.0416667461395
1742.9599997997284,2634,-5626,-7312,1709.0466666221619
1742.9649999141693,2638,-5625,-7312,1709.0516667366028
1742.9699997901917,2642,-5625,-7309,1709.0566666126251
1742.9749999046326,2647,-5625,-7306,1709.061666727066
1742.979999780655,2654,-5625,-7305,1709.0666666030884
1742.9849998950958,2660,-5626,-7307,1709.0716667175293
1742.9899997711182,2668,-5626,-7309,1709.0766665935516
1742.994999885559,2679,-5623,-7313,1709.0816667079926
1743.0,2691,-5621,-7320,1709.0866668224335
1743.0049998760223,2702,-5617,-7322,1709.0916666984558
1743.0099999904633,2711,-5615,-7320,1709.0966668128967
1743.0149998664856,2717,-5611,-7315,1709.101666688919
1743.0199999809265,2723,-5608,-7310,1709.10666680336
1743.0249998569489,2725,-5603,-7303,1709.1116666793823
1743.0299999713898,2727,-5598,-7299,1709.1166667938232
1743.034999847412,2730,-5596,-7297,1709.1216666698456
1743.039999961853,2732,-5594,-7294,1709.1266667842865
1743.0449998378754,2739,-5592,-7289,1709.1316666603088
1743.0499999523165,2744,-5589,-7289,1709.13666677475
1743.0549998283386,2749,-5586,-7290,1709.141666650772
1743.0599999427795,2754,-5583,-7288,1709.146666765213
1743.064999818802,2758,-5581,-7293,1709.1516666412356
1743.0699999332428,2762,-5579,-7292,1709.1566667556763
1743.0749998092651,2766,-5579,-7289,1709.1616666316986
1743.079999923706,2771,-5579,-7289,1709.1666667461395
1743.0849997997284,2776,-5580,-7286,1709.1716666221619
1743.0899999141693,2781,-5580,-7286,1709.1766667366028
1743.0949997901917,2784,-5580,-7286,1709.1816666126251
1743.0999999046326,2785,-5579,-7289,1709.186666727066
1743.104999780655,2785,-5577,-7292,1709.1916666030884
1743.1099998950958,2785,-5575,-7293,1709.1966667175293
1743.1149997711182,2787,-5574,-7291,1709.2016665935516
1743.119999885559,2790,-5574,-7289,1709.2066667079926
1743.125,2792,-5574,-7286,1709.2116668224335
1743.1299998760223,2794,-5574,-7287,1709.2166666984558
1743.1349999904633,2793,-5574,-7287,1709.2216668128967
1743.1399998664856,2790,-5573,-7284,1709.226666688919
1743.1449999809265,2784,-5572,-7285,1709.23166680336
1743.1499998569489,2780,-5573,-7285,1709.2366666793823
1743.1549999713898,2775,-5573,-7284,1709.2416667938232
1743.159999847412,2772,-5573,-7287,1709.2466666698456
1743.164999961853,2767,-5574,-7289,1709.2516667842865
1743.1699998378754,2765,-5574,-7289,1709.2566666603088
1743.1749999523165,2764,-5577,-7293,1709.26166677475
1743.1799998283386,2764,-5580,-7295,1709.266666650772
1743.1849999427795,2761,-5582,-7295,1709.271666765213
1743.189999818802,2757,-5584,-7294,1709.2766666412356
1743.1949999332428,2755,-5585,-7294,1709.2816667556763
1743.1999998092651,2751,-5587,-7292,1709.2866666316986
1743.204999923706,2751,-5589,-7291,1709.2916667461395
1743.2099997997284,2751,-5592,-7288,1709.2966666221619
1743.2149999141693,2752,-5596,-7283,1709.3016667366028
1743.2199997901917,2753,-5599,-7280,1709.3066666126251
1743.2249999046326,2753,-5603,-7274,1709.311666727066
1743.229999780655,2754,-5606,-7272,1709.3166666030884
1743.2349998950958,2754,-5608,-7272,1709.3216667175293
1743.2399997711182,2751,-5610,-7271,1709.3266665935516
1743.244999885559,2750,-5612,-7272,1709.3316667079926
1743.25,2746,-5612,-7273,1709.3366668224335
1743.2549998760223,2743,-5612,-7272,1709.3416666984558
1743.2599999904633,2739,-5611,-7272,1709.3466668128967
1743.2649998664856,2735,-5609,-7271,1709.351666688919
1743.2699999809265,2731,-5608,-7270,1709.35666680336
1743.2749998569489,2733,-5607,-7269,1709.3616666793823
1743.2799999713898,2735,-5607,-7266,1709.3666667938232
1743.284999847412,2740,-5609,-7263,1709.3716666698456
1743.289999961853,2742,-5610,-7262,1709.3766667842865
1743.2949998378754,2742,-5610,-7261,1709.3816666603088
1743.2999999523165,2744,-5608,-7265,1709.38666677475
1743.3049998283386,2745,-5607,-7270,1709.391666650772
1743.3099999427795,2750,-5607,-7271,1709.396666765213
1743.314999818802,2755,-5606,-7271,1709.4016666412356
1743.3199999332428,2758,-5606,-7270,1709.4066667556763
1743.3249998092651,2762,-5607,-7273,1709.4116666316986
1743.329999923706,2765,-5609,-7276,1709.4166667461395
1743.3349997997284,2770,-5610,-7278,1709.4216666221619
1743.3399999141693,2775,-5610,-7282,1709.4266667366028
1743.3449997901917,2782,-5610,-7286,1709.4316666126251
1743.3499999046326,2789,-5609,-7285,1709.436666727066
1743.354999780655,2794,-5608,-7283,1709.4416666030884
1743.3599998950958,2796,-5609,-7283,1709.4466667175293
1743.3649997711182,2796,-5609,-7281,1709.4516665935516
1743.369999885559,2796,-5609,-7282,1709.4566667079926
1743.375,2799,-5612,-7284,1709.4616668224335
1743.3799998760223,2804,-5613,-7282,1709.4666666984558
1743.3849999904633,2810,-5615,-7283,1709.4716668128967
1743.3899998664856,2813,-5614,-7281,1709.476666688919
1743.3949999809265,2814,-5613,-7279,1709.48166680336
1743.3999998569489,2815,-5613,-7281,1709.4866666793823
1743.4049999713898,2815,-5611,-7282,1709.4916667938232
1743.409999847412,2820,-5612,-7283,1709.4966666698456
1743.414999961853,2827,-5611,-7283,1709.5016667842865
1743.4199998378754,2833,-5612,-7282,1709.5066666603088
1743.4249999523165,2837,-5611,-7280,1709.51166677475
1743.4299998283386,2840,-5609,-7280,1709.516666650772
1743.4349999427795,2843,-5607,-7283,1709.521666765213
1743.439999818802,2846,-5604,-7285,1709.5266666412356
1743.4449999332428,2850,-5603,-7288,1709.5316667556763
1743.4499998092651,2855,-5600,-7287,1709.5366666316986
1743.454999923706,2859,-5596,-7284,1709.5416667461395
1743.4599997997284,2863,-5591,-7279,1709.5466666221619
1743.4649999141693,2867,-5587,-7278,1709.5516667366028
1743.4699997901917,2868,-5585,-7273,1709.5566666126251
1743.4749999046326,2870,-5582,-7269,1709.561666727066
1743.479999780655,2871,-5580,-7267,1709.5666666030884
1743.4849998950958,2874,-5576,-7265,1709.5716667175293
1743.4899997711182,2879,-5570,-7266,1709.5766665935516
1743.494999885559,2887,-5563,-7270,1709.5816667079926
1743.5,2893,-5555,-7265,1709.5866668224335
1743.5049998760223,2899,-5547,-7257,1709.5916666984558
1743.5099999904633,2904,-5538,-7249,1709.5966668128967
1743.5149998664856,2908,-5531,-7243,1709.601666688919
1743.5199999809265,2915,-5525,-7242,1709.60666680336
1743.5249998569489,2924,-5515,-7247,1709.6116666793823
1743.5299999713898,2933,-5507,-7252,1709.6166667938232
1743.534999847412,2940,-5498,-7254,1709.6216666698456
1743.539999961853,2947,-5489,-7254,1709.6266667842865
1743.5449998378754,2953,-5480,-7250,1709.6316666603088
1743.5499999523165,2960,-5472,-7245,1709.63666677475
1743.5549998283386,2966,-5463,-7241,1709.641666650772
1743.5599999427795,2973,-5453,-7239,1709.646666765213
1743.564999818802,2978,-5446,-7239,1709.6516666412356
1743.5699999332428,2984,-5438,-7238,1709.6566667556763
1743.5749998092651,2994,-5429,-7238,1709.6616666316986
1743.579999923706,3002,-5420,-7239,1709.6666667461395
1743.5849997997284,3008,-5409,-7237,1709.6716666221619
1743.5899999141693,3015,-5399,-7236,1709.6766667366028
1743.5949997901917,3023,-5387,-7240,1709.6816666126251
1743.5999999046326,3031,-5373,-7244,1709.686666727066
1743.604999780655,3040,-5359,-7250,1709.6916666030884
1743.6099998950958,3048,-5345,-7256,1709.6966667175293
1743.6149997711182,3054,-5332,-7257,1709.7016665935516
1743.619999885559,3061,-5319,-7257,1709.7066667079926
1743.625,3070,-5308,-7261,1709.7116668224335
1743.6299998760223,3078,-5297,-7266,1709.7166666984558
1743.6349999904633,3086,-5284,-7272,1709.7216668128967
1743.6399998664856,3092,-5272,-7277,1709.726666688919
1743.6449999809265,3098,-5261,-7281,1709.73166680336
1743.6499998569489,3105,-5250,-7285,1709.7366666793823
1743.6549999713898,3116,-5241,-7287,1709.7416667938232
1743.659999847412,3126,-5234,-7287,1709.7466666698456
1743.664999961853,3137,-5225,-7284,1709.7516667842865
1743.6699998378754,3146,-5219,-7283,1709.7566666603088
1743.6749999523165,3150,-5212,-7283,1709.76166677475
1743.6799998283386,3154,-5205,-7283,1709.766666650772
1743.6849999427795,3156,-5197,-7282,1709.771666765213
1743.689999818802,3160,-5190,-7276,1709.7766666412356
1743.6949999332428,3166,-5182,-7271,1709.7816667556763
1743.6999998092651,3174,-5175,-7265,1709.7866666316986
1743.704999923706,3182,-5169,-7261,1709.7916667461395
1743.7099997997284,3190,-5162,-7259,1709.7966666221619
1743.7149999141693,3199,-5156,-7257,1709.8016667366028
1743.7199997901917,3208,-5149,-7253,1709.8066666126251
1743.7249999046326,3217,-5143,-7251,1709.811666727066
1743.729999780655,3226,-5136,-7247,1709.8166666030884
1743.7349998950958,3233,-5129,-7242,1709.8216667175293
1743.7399997711182,3238,-5124,-7244,1709.8266665935516
1743.744999885559,3244,-5117,-7244,1709.8316667079926
1743.75,3249,-5110,-7242,1709.8366668224335
1743.7549998760223,3255,-5103,-7241,1709.8416666984558
1743.7599999904633,3265,-5094,-7238,1709.8466668128967
1743.7649998664856,3276,-5086,-7235,1709.851666688919
1743.7699999809265,3286,-5078,-7235,1709.85666680336
1743.7749998569489,3294,-5069,-7235,1709.8616666793823
1743.7799999713898,3303,-5059,-7233,1709.8666667938232
1743.784999847412,3310,-5049,-7233,1709.8716666698456
1743.789999961853,3318,-5039,-7234,1709.8766667842865
1743.7949998378754,3326,-5027,-7235,1709.8816666603088
1743.7999999523165,3335,-5012,-7243,1709.88666677475
1743.8049998283386,3343,-4997,-7253,1709.891666650772
1743.8099999427795,3348,-4983,-7260,1709.896666765213
1743.814999818802,3349,-4969,-7265,1709.9016666412356
1743.8199999332428,3350,-4958,-7270,1709.9066667556763
1743.8249998092651,3351,-4946,-7272,1709.9116666316986
1743.829999923706,3355,-4933,-7277,1709.9166667461395
1743.8349997997284,3358,-4919,-7282,1709.9216666221619
1743.8399999141693,3362,-4904,-7284,1709.9266667366028
1743.8449997901917,3367,-4889,-7285,1709.9316666126251
1743.8499999046326,3371,-4874,-7284,1709.936666727066
1743.854999780655,3376,-4860,-7281,1709.9416666030884
1743.8599998950958,3383,-4845,-7285,1709.9466667175293
1743.8649997711182,3387,-4832,-7287,1709.9516665935516
1743.869999885559,3392,-4816,-7291,1709.9566667079926
1743.875,3396,-4801,-7289,1709.9616668224335
1743.8799998760223,3400,-4786,-7288,1709.9666666984558
1743.8849999904633,3404,-4772,-7287,1709.9716668128967
1743.8899998664856,3408,-4761,-7282,1709.976666688919
1743.8949999809265,3412,-4752,-7283,1709.98166680336
1743.8999998569489,3415,-4745,-7281,1709.9866666793823
1743.9049999713898,3417,-4740,-7281,1709.9916667938232
1743.909999847412,3416,-4734,-7285,1709.9966666698456
1743.914999961853,3415,-4728,-7288,1710.0016667842865
1743.9199998378754,3415,-4723,-7291,1710.0066666603088
1743.9249999523165,3419,-4719,-7289,1710.01166677475
1743.9299998283386,3425,-4716,-7285,1710.016666650772
1743.9349999427795,3431,-4716,-7283,1710.021666765213
1743.939999818802,3434,-4717,-7280,1710.0266666412356
1743.9449999332428,3436,-4717,-7276,1710.0316667556763
1743.9499998092651,3439,-4716,-7272,1710.0366666316986
1743.954999923706,3441,-4715,-7266,1710.0416667461395
1743.9599997997284,3444,-4713,-7265,1710.0466666221619
1743.9649999141693,3445,-4711,-7270,1710.0516667366028
1743.9699997901917,3445,-4709,-7271,1710.0566666126251
1743.9749999046326,3445,-4706,-7275,1710.061666727066
1743.979999780655,3447,-4703,-7277,1710.0666666030884
1743.9849998950958,3449,-4701,-7276,1710.0716667175293
1743.9899997711182,3453,-4699,-7275,1710.0766665935516
1743.994999885559,3456,-4698,-7277,1710.0816667079926
1744.0,3458,-4696,-7280,1710.0866668224335
1744.0049998760223,3461,-4695,-7283,1710.0916666984558
1744.0099999904633,3463,-4693,-7284,1710.0966668128967
1744.0149998664856,3464,-4691,-7285,1710.101666688919
1744.0199999809265,3465,-4688,-7285,1710.10666680336
1744.0249998569489,3467,-4682,-7279,1710.1116666793823
1744.0299999713898,3471,-4677,-7275,1710.1166667938232
1744.034999847412,3476,-4672,-7274,1710.1216666698456
1744.039999961853,3479,-4669,-7271,1710.1266667842865
1744.0449998378754,3483,-4663,-7271,1710.1316666603088
1744.0499999523165,3486,-4659,-7268,1710.13666677475
1744.0549998283386,3490,-4652,-7267,1710.141666650772
1744.0599999427795,3494,-4643,-7266,1710.146666765213
1744.064999818802,3498,-4635,-7265,1710.1516666412356
1744.0699999332428,3502,-4627,-7269,1710.1566667556763
1744.0749998092651,3501,-4621,-7273,1710.1616666316986
1744.079999923706,3500,-4617,-7276,1710.1666667461395
1744.0849997997284,3498,-4613,-7281,1710.1716666221619
1744.0899999141693,3498,-4606,-7279,1710.1766667366028
1744.0949997901917,3499,-4599,-7278,1710.1816666126251
1744.0999999046326,3500,-4588,-7274,1710.186666727066
1744.104999780655,3500,-4579,-7270,1710.1916666030884
1744.1099998950958,3500,-4570,-7267,1710.1966667175293
1744.1149997711182,3503,-4560,-7263,1710.2016665935516
1744.119999885559,3507,-4551,-7260,1710.2066667079926
1744.125,3513,-4543,-7257,1710.2116668224335
1744.1299998760223,3519,-4535,-7256,1710.2166666984558
1744.1349999904633,3523,-4527,-7255,1710.2216668128967
1744.1399998664856,3526,-4520,-7253,1710.226666688919
1744.1449999809265,3527,-4514,-7255,1710.23166680336
1744.1499998569489,3529,-4506,-7256,1710.2366666793823
1744.1549999713898,3532,-4500,-7257,1710.2416667938232
1744.159999847412,3533,-4492,-7258,1710.2466666698456
1744.164999961853,3537,-4483,-7256,1710.2516667842865
1744.1699998378754,3541,-4475,-7255,1710.2566666603088
1744.1749999523165,3547,-4466,-7254,1710.26166677475
1744.1799998283386,3555,-4459,-7255,1710.266666650772
1744.1849999427795,3560,-4451,-7257,1710.271666765213
1744.189999818802,3566,-4442,-7263,1710.2766666412356
1744.1949999332428,3570,-4433,-7271,1710.2816667556763
1744.1999998092651,3574,-4424,-7274,1710.2866666316986
1744.204999923706,3578,-4415,-7277,1710.2916667461395
1744.2099997997284,3581,-4408,-7275,1710.2966666221619
1744.2149999141693,3583,-4400,-7270,1710.3016667366028
1744.2199997901917,3585,-4393,-7262,1710.3066666126251
1744.2249999046326,3586,-4384,-7257,1710.311666727066
1744.229999780655,3587,-4375,-7252,1710.3166666030884
1744.2349998950958,3587,-4364,-7250,1710.3216667175293
1744.2399997711182,3589,-4354,-7250,1710.3266665935516
1744.244999885559,3593,-4342,-7249,1710.3316667079926
1744.25,3597,-4330,-7246,1710.3366668224335
1744.2549998760223,3602,-4318,-7244,1710.3416666984558
1744.2599999904633,3606,-4306,-7245,1710.3466668128967
1744.2649998664856,3610,-4294,-7246,1710.351666688919
1744.2699999809265,3612,-4281,-7248,1710.35666680336
1744.2749998569489,3614,-4267,-7249,1710.3616666793823
1744.2799999713898,3613,-4250,-7246,1710.3666667938232
1744.284999847412,3613,-4232,-7241,1710.3716666698456
1744.289999961853,3613,-4214,-7239,1710.3766667842865
1744.2949998378754,3613,-4198,-7239,1710.3816666603088
1744.2999999523165,3615,-4181,-7238,1710.38666677475
1744.3049998283386,3616,-4164,-7238,1710.391666650772
1744.3099999427795,3616,-4147,-7238,1710.396666765213
1744.314999818802,3617,-4131,-7234,1710.4016666412356
1744.3199999332428,3618,-4113,-7229,1710.4066667556763
1744.3249998092651,3619,-4097,-7224,1710.4116666316986
1744.329999923706,3624,-4080,-7216,1710.4166667461395
1744.3349997997284,3627,-4065,-7208,1710.4216666221619
1744.3399999141693,3628,-4050,-7206,1710.4266667366028
1744.3449997901917,3628,-4035,-7205,1710.4316666126251
1744.3499999046326,3628,-4019,-7207,1710.436666727066
1744.354999780655,3626,-4003,-7208,1710.4416666030884
1744.3599998950958,3624,-3988,-7210,1710.4466667175293
1744.3649997711182,3623,-3971,-7209,1710.4516665935516
1744.369999885559,3623,-3955,-7209,1710.4566667079926
1744.375,3625,-3939,-7211,1710.4616668224335
1744.3799998760223,3627,-3923,-7215,1710.4666666984558
1744.3849999904633,3630,-3909,-7222,1710.4716668128967
1744.3899998664856,3633,-3896,-7227,1710.476666688919
1744.3949999809265,3634,-3880,-7230,1710.48166680336
1744.3999998569489,3637,-3864,-7231,1710.4866666793823
1744.4049999713898,3640,-3850,-7231,1710.4916667938232
1744.409999847412,3642,-3835,-7232,1710.4966666698456
1744.414999961853,3645,-3825,-7234,1710.5016667842865
1744.4199998378754,3647,-3815,-7235,1710.5066666603088
1744.4249999523165,3646,-3808,-7239,1710.51166677475
1744.4299998283386,3645,-3802,-7240,1710.516666650772
1744.4349999427795,3644,-3796,-7246,1710.521666765213
1744.439999818802,3644,-3790,-7246,1710.5266666412356
1744.4449999332428,3645,-3784,-7246,1710.5316667556763
1744.4499998092651,3644,-3777,-7249,1710.5366666316986
1744.454999923706,3645,-3772,-7246,1710.5416667461395
1744.4599997997284,3646,-3766,-7243,1710.5466666221619
1744.4649999141693,3649,-3761,-7242,1710.5516667366028
1744.4699997901917,3650,-3757,-7238,1710.5566666126251
1744.4749999046326,3651,-3752,-7236,1710.561666727066
1744.479999780655,3652,-3747,-7238,1710.5666666030884
1744.4849998950958,3651,-3744,-7240,1710.5716667175293
1744.4899997711182,3651,-3740,-7242,1710.5766665935516
1744.494999885559,3652,-3736,-7245,1710.5816667079926
1744.5,3653,-3733,-7246,1710.5866668224335
1744.5049998760223,3651,-3730,-7245,1710.5916666984558
1744.5099999904633,3650,-3727,-7242,1710.5966668128967
1744.5149998664856,3649,-3724,-7237,1710.601666688919
1744.5199999809265,3648,-3722,-7230,1710.60666680336
1744.5249998569489,3650,-3721,-7232,1710.6116666793823
1744.5299999713898,3654,-3721,-7236,1710.6166667938232
1744.534999847412,3656,-3720,-7244,1710.6216666698456
1744.539999961853,3658,-3720,-7251,1710.6266667842865
1744.5449998378754,3659,-3719,-7254,1710.6316666603088
1744.5499999523165,3658,-3717,-7255,1710.63666677475
1744.5549998283386,3660,-3714,-7256,1710.641666650772
1744.5599999427795,3661,-3711,-7257,1710.646666765213
1744.564999818802,3663,-3707,-7256,1710.6516666412356
1744.5699999332428,3666,-3703,-7255,1710.6566667556763
1744.5749998092651,3669,-3700,-7251,1710.6616666316986
1744.579999923706,3672,-3698,-7247,1710.6666667461395
1744.5849997997284,3676,-3694,-7243,1710.6716666221619
1744.5899999141693,3677,-3692,-7241,1710.6766667366028
1744.5949997901917,3678,-3690,-7239,1710.6816666126251
1744.5999999046326,3677,-3688,-7241,1710.686666727066
1744.604999780655,3676,-3685,-7245,1710.6916666030884
1744.6099998950958,3673,-3684,-7250,1710.6966667175293
1744.6149997711182,3673,-3682,-7250,1710.7016665935516
1744.619999885559,3673,-3681,-7248,1710.7066667079926
1744.625,3673,-3679,-7246,1710.7116668224335
1744.6299998760223,3672,-3676,-7246,1710.7166666984558
1744.6349999904633,3670,-3674,-7247,1710.7216668128967
1744.6399998664856,3667,-3672,-7247,1710.726666688919
1744.6449999809265,3664,-3669,-7247,1710.73166680336
1744.6499998569489,3659,-3668,-7250,1710.7366666793823
1744.6549999713898,3654,-3668,-7253,1710.7416667938232
1744.659999847412,3650,-3671,-7260,1710.7466666698456
1744.664999961853,3646,-3674,-7262,1710.7516667842865
1744.6699998378754,3644,-3676,-7261,1710.7566666603088
1744.6749999523165,3642,-3677,-7260,1710.76166677475
1744.6799998283386,3644,-3679,-7258,1710.766666650772
1744.6849999427795,3644,-3681,-7258,1710.771666765213
1744.689999818802,3645,-3682,-7262,1710.7766666412356
1744.6949999332428,3647,-3684,-7263,1710.7816667556763
1744.6999998092651,3650,-3683,-7262,1710.7866666316986
1744.704999923706,3653,-3683,-7263,1710.7916667461395
1744.7099997997284,3655,-3683,-7262,1710.7966666221619
1744.7149999141693,3656,-3685,-7260,1710.8016667366028
1744.7199997901917,3658,-3688,-7261,1710.8066666126251
1744.7249999046326,3658,-3690,-7260,1710.811666727066
1744.729999780655,3660,-3693,-7260,1710.8166666030884
1744.7349998950958,3663,-3694,-7261,1710.8216667175293
1744.7399997711182,3664,-3696,-7261,1710.8266665935516
1744.744999885559,3665,-3697,-7262,1710.8316667079926
1744.75,3666,-3698,-7261,1710.8366668224335
1744.7549998760223,3668,-3698,-7264,1710.8416666984558
1744.7599999904633,3670,-3697,-7262,1710.8466668128967
1744.7649998664856,3671,-3695,-7258,1710.851666688919
1744.7699999809265,3671,-3694,-7257,1710.85666680336
1744.7749998569489,3671,-3691,-7253,1710.8616666793823
1744.7799999713898,3672,-3688,-7250,1710.8666667938232
1744.784999847412,3675,-3686,-7249,1710.8716666698456
1744.789999961853,3678,-3683,-7253,1710.8766667842865
1744.7949998378754,3682,-3682,-7261,1710.8816666603088
1744.7999999523165,3687,-3680,-7268,1710.88666677475
1744.8049998283386,3692,-3678,-7268,1710.891666650772
1744.8099999427795,3698,-3676,-7263,1710.896666765213
1744.814999818802,3702,-3674,-7259,1710.9016666412356
1744.8199999332428,3707,-3672,-7257,1710.9066667556763
1744.8249998092651,3710,-3670,-7256,1710.9116666316986
1744.829999923706,3713,-3666,-7252,1710.9166667461395
1744.8349997997284,3717,-3660,-7250,1710.9216666221619
1744.8399999141693,3720,-3655,-7242,1710.9266667366028
1744.8449997901917,3724,-3649,-7237,1710.9316666126251
1744.8499999046326,3728,-3645,-7238,1710.936666727066
1744.854999780655,3731,-3640,-7238,1710.9416666030884
1744.8599998950958,3732,-3634,-7240,1710.9466667175293
1744.8649997711182,3731,-3629,-7240,1710.9516665935516
1744.869999885559,3731,-3624,-7239,1710.9566667079926
1744.875,3731,-3618,-7237,1710.9616668224335
1744.8799998760223,3730,-3611,-7233,1710.9666666984558
1744.8849999904633,3731,-3605,-7231,1710.9716668128967
1744.8899998664856,3729,-3598,-7227,1710.976666688919
1744.8949999809265,3728,-3591,-7225,1710.98166680336
1744.8999998569489,3726,-3584,-7222,1710.9866666793823
1744.9049999713898,3723,-3575,-7217,1710.9916667938232
1744.909999847412,3721,-3567,-7214,1710.9966666698456
1744.914999961853,3719,-3560,-7210,1711.0016667842865
1744.9199998378754,3718,-3556,-7207,1711.0066666603088
1744.9249999523165,3721,-3550,-7209,1711.01166677475
1744.9299998283386,3723,-3542,-7209,1711.016666650772
1744.9349999427795,3723,-3532,-7207,1711.021666765213
1744.939999818802,3722,-3522,-7204,1711.0266666412356
1744.9449999332428,3721,-3512,-7199,1711.0316667556763
1744.9499998092651,3720,-3504,-7193,1711.0366666316986
1744.954999923706,3722,-3497,-7188,1711.0416667461395
1744.9599997997284,3723,-3491,-7188,1711.0466666221619
1744.9649999141693,3725,-3487,-7190,1711.0516667366028
1744.9699997901917,3725,-3482,-7193,1711.0566666126251
1744.9749999046326,3726,-3477,-7192,1711.061666727066
1744.979999780655,3726,-3474,-7190,1711.0666666030884
1744.9849998950958,3725,-3471,-7189,1711.0716667175293
1744.9899997711182,3724,-3468,-7184,1711.0766665935516
1744.994999885559,3722,-3466,-7185,1711.0816667079926
1745.0,3721,-3464,-7185,1711.0866668224335
1745.0049998760223,3718,-3463,-7188,1711.0916666984558
1745.0099999904633,3717,-3461,-7191,1711.0966668128967
1745.0149998664856,3717,-3459,-7193,1711.101666688919
1745.0199999809265,3716,-3457,-7194,1711.10666680336
1745.0249998569489,3715,-3455,-7192,1711.1116666793823
1745.0299999713898,3713,-3455,-7189,1711.1166667938232
1745.034999847412,3710,-3454,-7188,1711.1216666698456
1745.039999961853,3707,-3455,-7189,1711.1266667842865
1745.0449998378754,3703,-3455,-7192,1711.1316666603088
1745.0499999523165,3703,-3456,-7194,1711.13666677475
1745.0549998283386,3702,-3456,-7199,1711.141666650772
1745.0599999427795,3701,-3458,-7206,1711.146666765213
1745.064999818802,3702,-3459,-7213,1711.1516666412356
1745.0699999332428,3703,-3461,-7225,1711.1566667556763
1745.0749998092651,3704,-3462,-7230,1711.1616666316986
1745.079999923706,3704,-3462,-7232,1711.1666667461395
1745.0849997997284,3704,-3460,-7233,1711.1716666221619
1745.0899999141693,3705,-3458,-7233,1711.1766667366028
1745.0949997901917,3706,-3456,-7233,1711.1816666126251
1745.0999999046326,3705,-3454,-7232,1711.186666727066
1745.104999780655,3703,-3452,-7230,1711.1916666030884
1745.1099998950958,3702,-3450,-7229,1711.1966667175293
1745.1149997711182,3700,-3449,-7228,1711.2016665935516
1745.119999885559,3700,-3449,-7227,1711.2066667079926
1745.125,3703,-3447,-7227,1711.2116668224335
1745.1299998760223,3704,-3445,-7226,1711.2166666984558
1745.1349999904633,3704,-3441,-7222,1711.2216668128967
1745.1399998664856,3705,-3435,-7214,1711.226666688919
1745.1449999809265,3705,-3431,-7209,1711.23166680336
1745.1499998569489,3705,-3427,-7204,1711.2366666793823
1745.1549999713898,3705,-3424,-7205,1711.2416667938232
1745.159999847412,3705,-3420,-7206,1711.2466666698456
1745.164999961853,3704,-3415,-7212,1711.2516667842865
1745.1699998378754,3702,-3410,-7219,1711.2566666603088
1745.1749999523165,3699,-3407,-7225,1711.26166677475
1745.1799998283386,3697,-3401,-7233,1711.266666650772
1745.1849999427795,3695,-3397,-7237,1711.271666765213
1745.189999818802,3691,-3391,-7237,1711.2766666412356
1745.1949999332428,3688,-3386,-7237,1711.2816667556763
1745.1999998092651,3683,-3382,-7239,1711.2866666316986
1745.204999923706,3680,-3377,-7238,1711.2916667461395
1745.2099997997284,3681,-3375,-7238,1711.2966666221619
1745.2149999141693,3683,-3373,-7239,1711.3016667366028
1745.2199997901917,3685,-3371,-7233,1711.3066666126251
1745.2249999046326,3687,-3366,-7234,1711.311666727066
1745.229999780655,3689,-3359,-7238,1711.3166666030884
1745.2349998950958,3690,-3350,-7238,1711.3216667175293
1745.2399997711182,3688,-3339,-7244,1711.3266665935516
1745.244999885559,3687,-3326,-7246,1711.3316667079926
1745.25,3686,-3314,-7244,1711.3366668224335
1745.2549998760223,3683,-3301,-7242,1711.3416666984558
1745.2599999904633,3678,-3290,-7244,1711.3466668128967
1745.2649998664856,3671,-3281,-7245,1711.351666688919
1745.2699999809265,3664,-3270,-7249,1711.35666680336
1745.2749998569489,3658,-3256,-7252,1711.3616666793823
1745.2799999713898,3654,-3243,-7253,1711.3666667938232
1745.284999847412,3650,-3228,-7255,1711.3716666698456
1745.289999961853,3647,-3217,-7256,1711.3766667842865
1745.2949998378754,3642,-3207,-7259,1711.3816666603088
1745.2999999523165,3638,-3198,-7261,1711.38666677475
1745.3049998283386,3636,-3188,-7262,1711.391666650772
1745.3099999427795,3633,-3177,-7263,1711.396666765213
1745.314999818802,3630,-3165,-7265,1711.4016666412356
1745.3199999332428,3626,-3154,-7266,1711.4066667556763
1745.3249998092651,3620,-3144,-7268,1711.4116666316986
1745.329999923706,3614,-3133,-7271,1711.4166667461395
1745.3349997997284,3607,-3123,-7270,1711.4216666221619
1745.3399999141693,3601,-3113,-7267,1711.4266667366028
1745.3449997901917,3597,-3100,-7261,1711.4316666126251
1745.3499999046326,3596,-3092,-7257,1711.436666727066
1745.354999780655,3595,-3083,-7253,1711.4416666030884
1745.3599998950958,3596,-3077,-7251,1711.4466667175293
1745.3649997711182,3595,-3070,-7252,1711.4516665935516
1745.369999885559,3593,-3062,-7256,1711.4566667079926
1745.375,3591,-3053,-7258,1711.4616668224335
1745.3799998760223,3588,-3045,-7262,1711.4666666984558
1745.3849999904633,3585,-3038,-7267,1711.4716668128967
1745.3899998664856,3582,-3032,-7271,1711.476666688919
1745.3949999809265,3580,-3029,-7271,1711.48166680336
1745.3999998569489,3577,-3025,-7278,1711.4866666793823
1745.4049999713898,3574,-3021,-7285,1711.4916667938232
1745.409999847412,3568,-3016,-7290,1711.4966666698456
1745.414999961853,3562,-3012,-7292,1711.5016667842865
1745.4199998378754,3557,-3005,-7289,1711.5066666603088
1745.4249999523165,3553,-2999,-7287,1711.51166677475
1745.4299998283386,3550,-2992,-7284,1711.516666650772
1745.4349999427795,3549,-2985,-7280,1711.521666765213
1745.439999818802,3547,-2981,-7279,1711.5266666412356
1745.4449999332428,3547,-2977,-7276,1711.5316667556763
1745.4499998092651,3547,-2976,-7277,1711.5366666316986
1745.454999923706,3547,-2975,-7278,1711.5416667461395
1745.4599997997284,3547,-2972,-7284,1711.5466666221619
1745.4649999141693,3548,-2971,-7290,1711.5516667366028
1745.4699997901917,3546,-2968,-7292,1711.5566666126251
1745.4749999046326,3545,-2966,-7294,1711.561666727066
1745.479999780655,3544,-2965,-7291,1711.5666666030884
1745.4849998950958,3543,-2961,-7287,1711.5716667175293
1745.4899997711182,3543,-2958,-7287,1711.5766665935516
1745.494999885559,3541,-2953,-7291,1711.5816667079926
1745.5,3539,-2948,-7296,1711.5866668224335
1745.5049998760223,3539,-2944,-7305,1711.5916666984558
1745.5099999904633,3538,-2940,-7307,1711.5966668128967
1745.5149998664856,3539,-2936,-7306,1711.601666688919
1745.5199999809265,3538,-2931,-7304,1711.60666680336
1745.5249998569489,3536,-2925,-7298,1711.6116666793823
1745.5299999713898,3533,-2918,-7300,1711.6166667938232
1745.534999847412,3529,-2912,-7302,1711.6216666698456
1745.539999961853,3524,-2908,-7301,1711.6266667842865
1745.5449998378754,3521,-2904,-7300,1711.6316666603088
1745.5499999523165,3520,-2899,-7293,1711.63666677475
1745.5549998283386,3518,-2893,-7284,1711.641666650772
1745.5599999427795,3519,-2888,-7278,1711.646666765213
1745.564999818802,3518,-2883,-7271,1711.6516666412356
1745.5699999332428,3521,-2879,-7266,1711.6566667556763
1745.5749998092651,3522,-2873,-7260,1711.6616666316986
1745.579999923706,3524,-2866,-7256,1711.6666667461395
1745.5849997997284,3523,-2858,-7254,1711.6716666221619
1745.5899999141693,3523,-2851,-7252,1711.6766667366028
1745.5949997901917,3521,-2846,-7254,1711.6816666126251
1745.5999999046326,3516,-2840,-7258,1711.686666727066
1745.604999780655,3514,-2834,-7259,1711.6916666030884
1745.6099998950958,3510,-2827,-7263,1711.6966667175293
1745.6149997711182,3506,-2820,-7265,1711.7016665935516
1745.619999885559,3504,-2812,-7263,1711.7066667079926
1745.625,3499,-2802,-7262,1711.7116668224335
1745.6299998760223,3495,-2791,-7257,1711.7166666984558
1745.6349999904633,3492,-2780,-7252,1711.7216668128967
1745.6399998664856,3487,-2770,-7254,1711.726666688919
1745.6449999809265,3482,-2760,-7255,1711.73166680336
1745.6499998569489,3475,-2751,-7256,1711.7366666793823
1745.6549999713898,3469,-2741,-7256,1711.7416667938232
1745.659999847412,3462,-2729,-7253,1711.7466666698456
1745.664999961853,3457,-2718,-7255,1711.7516667842865
1745.6699998378754,3449,-2707,-7261,1711.7566666603088
1745.6749999523165,3441,-2694,-7267,1711.76166677475
1745.6799998283386,3435,-2682,-7273,1711.766666650772
1745.6849999427795,3428,-2670,-7278,1711.771666765213
1745.689999818802,3423,-2657,-7282,1711.7766666412356
1745.6949999332428,3418,-2647,-7286,1711.7816667556763
1745.6999998092651,3411,-2638,-7290,1711.7866666316986
1745.704999923706,3405,-2630,-7295,1711.7916667461395
1745.7099997997284,3397,-2623,-7299,1711.7966666221619
1745.7149999141693,3389,-2614,-7302,1711.8016667366028
1745.7199997901917,3383,-2605,-7305,1711.8066666126251
1745.7249999046326,3376,-2597,-7310,1711.811666727066
1745.729999780655,3369,-2590,-7315,1711.8166666030884
1745.7349998950958,3364,-2582,-7320,1711.8216667175293
1745.7399997711182,3360,-2574,-7320,1711.8266665935516
1745.744999885559,3355,-2567,-7317,1711.8316667079926
1745.75,3349,-2562,-7315,1711.8366668224335
1745.7549998760223,3341,-2560,-7309,1711.8416666984558
1745.7599999904633,3334,-2559,-7305,1711.8466668128967
1745.7649998664856,3328,-2558,-7303,1711.851666688919
1745.7699999809265,3324,-2556,-7302,1711.85666680336
1745.7749998569489,3321,-2554,-7301,1711.8616666793823
1745.7799999713898,3319,-2554,-7302,1711.8666667938232
1745.784999847412,3318,-2554,-7304,1711.8716666698456
1745.789999961853,3317,-2555,-7307,1711.8766667842865
1745.7949998378754,3317,-2557,-7318,1711.8816666603088
1745.7999999523165,3316,-2557,-7328,1711.88666677475
1745.8049998283386,3316,-2558,-7337,1711.891666650772
1745.8099999427795,3316,-2560,-7343,1711.896666765213
1745.814999818802,3317,-2561,-7346,1711.9016666412356
1745.8199999332428,3319,-2563,-7347,1711.9066667556763
1745.8249998092651,3320,-2570,-7349,1711.9116666316986
1745.829999923706,3320,-2576,-7354,1711.9166667461395
1745.8349997997284,3318,-2581,-7361,1711.9216666221619
1745.8399999141693,3318,-2589,-7366,1711.9266667366028
1745.8449997901917,3318,-2596,-7369,1711.9316666126251
1745.8499999046326,3320,-2605,-7372,1711.936666727066
1745.854999780655,3321,-2612,-7369,1711.9416666030884
1745.8599998950958,3319,-2618,-7361,1711.9466667175293
1745.8649997711182,3317,-2624,-7353,1711.9516665935516
1745.869999885559,3314,-2631,-7347,1711.9566667079926
1745.875,3313,-2636,-7341,1711.9616668224335
1745.8799998760223,3315,-2642,-7334,1711.9666666984558
1745.8849999904633,3320,-2648,-7329,1711.9716668128967
1745.8899998664856,3325,-2651,-7323,1711.976666688919
1745.8949999809265,3330,-2653,-7318,1711.98166680336
1745.8999998569489,3334,-2651,-7319,1711.9866666793823
1745.9049999713898,3335,-2648,-7319,1711.9916667938232
1745.909999847412,3336,-2645,-7319,1711.9966666698456
1745.914999961853,3338,-2642,-7317,1712.0016667842865
1745.9199998378754,3342,-2640,-7316,1712.0066666603088
1745.9249999523165,3345,-2636,-7316,1712.01166677475
1745.9299998283386,3349,-2633,-7316,1712.016666650772
1745.9349999427795,3349,-2629,-7316,1712.021666765213
1745.939999818802,3348,-2625,-7317,1712.0266666412356
1745.9449999332428,3348,-2620,-7319,1712.0316667556763
1745.9499998092651,3348,-2613,-7321,1712.0366666316986
1745.954999923706,3348,-2607,-7322,1712.0416667461395
1745.9599997997284,3348,-2601,-7321,1712.0466666221619
1745.9649999141693,3346,-2593,-7317,1712.0516667366028
1745.9699997901917,3344,-2587,-7311,1712.0566666126251
1745.9749999046326,3339,-2581,-7308,1712.061666727066
1745.979999780655,3335,-2575,-7306,1712.0666666030884
1745.9849998950958,3331,-2568,-7305,1712.0716667175293
1745.9899997711182,3325,-2558,-7305,1712.0766665935516
1745.994999885559,3320,-2549,-7303,1712.0816667079926
1746.0,3313,-2535,-7307,1712.0866668224335
1746.0049998760223,3306,-2523,-7312,1712.0916666984558
1746.0099999904633,3299,-2512,-7314,1712.0966668128967
1746.0149998664856,3291,-2503,-7322,1712.101666688919
1746.0199999809265,3279,-2493,-7330,1712.10666680336
1746.0249998569489,3269,-2482,-7336,1712.1116666793823
1746.0299999713898,3257,-2471,-7339,1712.1166667938232
1746.034999847412,3247,-2460,-7340,1712.1216666698456
1746.039999961853,3238,-2448,-7336,1712.1266667842865
1746.0449998378754,3230,-2438,-7334,1712.1316666603088
1746.0499999523165,3221,-2428,-7333,1712.13666677475
1746.0549998283386,3213,-2419,-7332,1712.141666650772
1746.0599999427795,3205,-2411,-7333,1712.146666765213
1746.064999818802,3196,-2404,-7333,1712.1516666412356
1746.0699999332428,3187,-2398,-7329,1712.1566667556763
1746.0749998092651,3177,-2394,-7325,1712.1616666316986
1746.079999923706,3167,-2391,-7323,1712.1666667461395
1746.0849997997284,3159,-2389,-7321,1712.1716666221619
1746.0899999141693,3152,-2390,-7325,1712.1766667366028
1746.0949997901917,3145,-2390,-7335,1712.1816666126251
1746.0999999046326,3141,-2391,-7345,1712.186666727066
1746.104999780655,3135,-2392,-7358,1712.1916666030884
1746.1099998950958,3133,-2393,-7365,1712.1966667175293
1746.1149997711182,3132,-2396,-7368,1712.2016665935516
1746.119999885559,3132,-2400,-7371,1712.2066667079926
1746.125,3133,-2405,-7373,1712.2116668224335
1746.1299998760223,3130,-2408,-7374,1712.2166666984558
1746.1349999904633,3129,-2408,-7372,1712.2216668128967
1746.1399998664856,3127,-2410,-7372,1712.226666688919
1746.1449999809265,3125,-2411,-7374,1712.23166680336
1746.1499998569489,3122,-2412,-7377,1712.2366666793823
1746.1549999713898,3117,-2414,-7382,1712.2416667938232
1746.159999847412,3110,-2414,-7387,1712.2466666698456
1746.164999961853,3103,-2415,-7392,1712.2516667842865
1746.1699998378754,3095,-2415,-7394,1712.2566666603088
1746.1749999523165,3089,-2416,-7399,1712.26166677475
1746.1799998283386,3087,-2419,-7401,1712.266666650772
1746.1849999427795,3084,-2420,-7403,1712.271666765213
1746.189999818802,3082,-2422,-7404,1712.2766666412356
1746.1949999332428,3083,-2425,-7403,1712.2816667556763
1746.1999998092651,3081,-2426,-7401,1712.2866666316986
1746.204999923706,3080,-2428,-7401,1712.2916667461395
1746.2099997997284,3078,-2430,-7402,1712.2966666221619
1746.2149999141693,3077,-2432,-7405,1712.3016667366028
1746.2199997901917,3077,-2435,-7407,1712.3066666126251
1746.2249999046326,3081,-2436,-7410,1712.311666727066
1746.229999780655,3085,-2437,-7413,1712.3166666030884
1746.2349998950958,3089,-2437,-7415,1712.3216667175293
1746.2399997711182,3093,-2437,-7420,1712.3266665935516
1746.244999885559,3096,-2437,-7425,1712.3316667079926
1746.25,3095,-2438,-7430,1712.3366668224335
1746.2549998760223,3095,-2437,-7432,1712.3416666984558
1746.2599999904633,3094,-2438,-7432,1712.3466668128967
1746.2649998664856,3092,-2439,-7431,1712.351666688919
1746.2699999809265,3091,-2439,-7430,1712.35666680336
1746.2749998569489,3089,-2441,-7424,1712.3616666793823
1746.2799999713898,3088,-2441,-7421,1712.3666667938232
1746.284999847412,3086,-2439,-7416,1712.3716666698456
1746.289999961853,3085,-2438,-7411,1712.3766667842865
1746.2949998378754,3084,-2435,-7406,1712.3816666603088
1746.2999999523165,3085,-2432,-7400,1712.38666677475
1746.3049998283386,3085,-2429,-7390,1712.391666650772
1746.3099999427795,3086,-2428,-7382,1712.396666765213
1746.314999818802,3087,-2427,-7377,1712.4016666412356
1746.3199999332428,3086,-2425,-7370,1712.4066667556763
1746.3249998092651,3087,-2423,-7371,1712.4116666316986
1746.329999923706,3086,-2421,-7372,1712.4166667461395
1746.3349997997284,3087,-2418,-7373,1712.4216666221619
1746.3399999141693,3088,-2413,-7374,1712.4266667366028
1746.3449997901917,3087,-2408,-7374,1712.4316666126251
1746.3499999046326,3087,-2402,-7370,1712.436666727066
1746.354999780655,3086,-2396,-7366,1712.4416666030884
1746.3599998950958,3083,-2392,-7363,1712.4466667175293
1746.3649997711182,3080,-2386,-7365,1712.4516665935516
1746.369999885559,3077,-2380,-7370,1712.4566667079926
1746.375,3073,-2376,-7375,1712.4616668224335
1746.3799998760223,3071,-2373,-7379,1712.4666666984558
1746.3849999904633,3072,-2369,-7380,1712.4716668128967
1746.3899998664856,3071,-2363,-7383,1712.476666688919
1746.3949999809265,3069,-2358,-7382,1712.48166680336
1746.3999998569489,3067,-2350,-7384,1712.4866666793823
1746.4049999713898,3062,-2345,-7384,1712.4916667938232
1746.409999847412,3055,-2340,-7389,1712.4966666698456
1746.414999961853,3048,-2337,-7391,1712.5016667842865
1746.4199998378754,3040,-2336,-7394,1712.5066666603088
1746.4249999523165,3032,-2333,-7396,1712.51166677475
1746.4299998283386,3025,-2330,-7394,1712.516666650772
1746.4349999427795,3019,-2326,-7390,1712.521666765213
1746.439999818802,3011,-2320,-7389,1712.5266666412356
1746.4449999332428,3000,-2317,-7388,1712.5316667556763
1746.4499998092651,2991,-2315,-7392,1712.5366666316986
1746.454999923706,2983,-2311,-7399,1712.5416667461395
1746.4599997997284,2975,-2309,-7404,1712.5466666221619
1746.4649999141693,2974,-2306,-7406,1712.5516667366028
1746.4699997901917,2974,-2302,-7406,1712.5566666126251
1746.4749999046326,2973,-2301,-7405,1712.561666727066
1746.479999780655,2970,-2302,-7410,1712.5666666030884
1746.4849998950958,2967,-2302,-7412,1712.5716667175293
1746.4899997711182,2966,-2304,-7418,1712.5766665935516
1746.494999885559,2967,-2308,-7422,1712.5816667079926
1746.5,2972,-2309,-7423,1712.5866668224335
1746.5049998760223,2977,-2313,-7423,1712.5916666984558
1746.5099999904633,2979,-2314,-7418,1712.5966668128967
1746.5149998664856,2979,-2315,-7413,1712.601666688919
1746.5199999809265,2980,-2317,-7415,1712.60666680336
1746.5249998569489,2983,-2316,-7418,1712.6116666793823
1746.5299999713898,2989,-2319,-7422,1712.6166667938232
1746.534999847412,2995,-2321,-7424,1712.6216666698456
1746.539999961853,3000,-2323,-7421,1712.6266667842865
1746.5449998378754,3004,-2323,-7420,1712.6316666603088
1746.5499999523165,3006,-2322,-7419,1712.63666677475
1746.5549998283386,3008,-2320,-7418,1712.641666650772
1746.5599999427795,3010,-2319,-7418,1712.646666765213
1746.564999818802,3012,-2317,-7414,1712.6516666412356
1746.5699999332428,3012,-2317,-7412,1712.6566667556763
1746.5749998092651,3010,-2320,-7407,1712.6616666316986
1746.579999923706,3008,-2323,-7406,1712.6666667461395
1746.5849997997284,3002,-2327,-7409,1712.6716666221619
1746.5899999141693,2998,-2329,-7411,1712.6766667366028
1746.5949997901917,2995,-2330,-7413,1712.6816666126251
1746.5999999046326,2994,-2329,-7416,1712.686666727066
1746.604999780655,2996,-2329,-7421,1712.6916666030884
1746.6099998950958,2997,-2329,-7426,1712.6966667175293
1746.6149997711182,2997,-2330,-7432,1712.7016665935516
1746.619999885559,2996,-2330,-7436,1712.7066667079926
1746.625,2995,-2329,-7434,1712.7116668224335
1746.6299998760223,2995,-2328,-7432,1712.7166666984558
1746.6349999904633,2996,-2327,-7432,1712.7216668128967
1746.6399998664856,2997,-2328,-7438,1712.726666688919
1746.6449999809265,2996,-2330,-7448,1712.73166680336
1746.6499998569489,2995,-2332,-7453,1712.7366666793823
1746.6549999713898,2995,-2335,-7458,1712.7416667938232
1746.659999847412,2995,-2341,-7459,1712.7466666698456
1746.664999961853,2996,-2346,-7456,1712.7516667842865
1746.6699998378754,2998,-2350,-7449,1712.7566666603088
1746.6749999523165,3002,-2357,-7449,1712.76166677475
1746.6799998283386,3005,-2362,-7448,1712.766666650772
1746.6849999427795,3008,-2365,-7451,1712.771666765213
1746.689999818802,3010,-2369,-7456,1712.7766666412356
1746.6949999332428,3011,-2370,-7455,1712.7816667556763
1746.6999998092651,3015,-2372,-7451,1712.7866666316986
1746.704999923706,3019,-2374,-7446,1712.7916667461395
1746.7099997997284,3023,-2375,-7440,1712.7966666221619
1746.7149999141693,3027,-2377,-7439,1712.8016667366028
1746.7199997901917,3031,-2378,-7440,1712.8066666126251
1746.7249999046326,3034,-2378,-7444,1712.811666727066
1746.729999780655,3038,-2380,-7446,1712.8166666030884
1746.7349998950958,3041,-2381,-7447,1712.8216667175293
1746.7399997711182,3043,-2381,-7445,1712.8266665935516
1746.744999885559,3044,-2384,-7444,1712.8316667079926
1746.75,3042,-2386,-7446,1712.8366668224335
1746.7549998760223,3039,-2388,-7447,1712.8416666984558
1746.7599999904633,3037,-2387,-7449,1712.8466668128967
1746.7649998664856,3035,-2386,-7449,1712.851666688919
1746.7699999809265,3032,-2387,-7448,1712.85666680336
1746.7749998569489,3029,-2389,-7447,1712.8616666793823
1746.7799999713898,3026,-2392,-7446,1712.8666667938232
1746.784999847412,3024,-2394,-7447,1712.8716666698456
1746.789999961853,3023,-2396,-7450,1712.8766667842865
1746.7949998378754,3023,-2399,-7454,1712.8816666603088
1746.7999999523165,3024,-2402,-7455,1712.88666677475
1746.8049998283386,3027,-2405,-7454,1712.891666650772
1746.8099999427795,3029,-2409,-7454,1712.896666765213
1746.814999818802,3033,-2412,-7454,1712.9016666412356
1746.8199999332428,3036,-2414,-7453,1712.9066667556763
1746.8249998092651,3038,-2418,-7454,1712.9116666316986
1746.829999923706,3043,-2423,-7454,1712.9166667461395
1746.8349997997284,3046,-2427,-7454,1712.9216666221619
1746.8399999141693,3049,-2430,-7452,1712.9266667366028
1746.8449997901917,3054,-2432,-7450,1712.9316666126251
1746.8499999046326,3057,-2433,-7450,1712.936666727066
1746.854999780655,3058,-2434,-7453,1712.9416666030884
1746.8599998950958,3061,-2437,-7457,1712.9466667175293
1746.8649997711182,3064,-2441,-7461,1712.9516665935516
1746.869999885559,3065,-2444,-7460,1712.9566667079926
1746.875,3070,-2450,-7456,1712.9616668224335
1746.8799998760223,3074,-2454,-7449,1712.9666666984558
1746.8849999904633,3078,-2459,-7447,1712.9716668128967
1746.8899998664856,3080,-2463,-7448,1712.976666688919
1746.8949999809265,3081,-2466,-7448,1712.98166680336
1746.8999998569489,3084,-2469,-7449,1712.9866666793823
1746.9049999713898,3087,-2473,-7449,1712.9916667938232
1746.909999847412,3091,-2475,-7449,1712.9966666698456
1746.914999961853,3095,-2478,-7451,1713.0016667842865
1746.9199998378754,3098,-2480,-7453,1713.0066666603088
1746.9249999523165,3100,-2481,-7456,1713.01166677475
1746.9299998283386,3101,-2483,-7456,1713.016666650772
1746.9349999427795,3102,-2484,-7456,1713.021666765213
1746.939999818802,3104,-2486,-7454,1713.0266666412356
1746.9449999332428,3109,-2488,-7452,1713.0316667556763
1746.9499998092651,3113,-2490,-7453,1713.0366666316986
1746.954999923706,3118,-2494,-7456,1713.0416667461395
1746.9599997997284,3121,-2499,-7455,1713.0466666221619
1746.9649999141693,3122,-2503,-7450,1713.0516667366028
1746.9699997901917,3122,-2507,-7446,1713.0566666126251
1746.9749999046326,3120,-2511,-7441,1713.061666727066
1746.979999780655,3119,-2514,-7438,1713.0666666030884
1746.9849998950958,3118,-2516,-7440,1713.0716667175293
1746.9899997711182,3118,-2520,-7442,1713.0766665935516
1746.994999885559,3121,-2521,-7441,1713.0816667079926
1747.0,3123,-2523,-7443,1713.0866668224335
1747.0049998760223,3126,-2525,-7443,1713.0916666984558
1747.0099999904633,3129,-2526,-7439,1713.0966668128967
1747.0149998664856,3132,-2526,-7438,1713.101666688919
1747.0199999809265,3136,-2529,-7432,1713.10666680336
1747.0249998569489,3138,-2532,-7426,1713.1116666793823
1747.0299999713898,3138,-2536,-7423,1713.1166667938232
1747.034999847412,3139,-2540,-7422,1713.1216666698456
1747.039999961853,3140,-2542,-7422,1713.1266667842865
1747.0449998378754,3143,-2545,-7422,1713.1316666603088
1747.0499999523165,3146,-2548,-7421,1713.13666677475
1747.0549998283386,3149,-2553,-7417,1713.141666650772
1747.0599999427795,3153,-2557,-7412,1713.146666765213
1747.064999818802,3155,-2560,-7409,1713.1516666412356
1747.0699999332428,3158,-2563,-7408,1713.1566667556763
1747.0749998092651,3162,-2566,-7408,1713.1616666316986
1747.079999923706,3167,-2570,-7409,1713.1666667461395
1747.0849997997284,3171,-2575,-7410,1713.1716666221619
1747.0899999141693,3174,-2580,-7409,1713.1766667366028
1747.0949997901917,3177,-2585,-7411,1713.1816666126251
1747.0999999046326,3179,-2590,-7411,1713.186666727066
1747.104999780655,3181,-2595,-7412,1713.1916666030884
1747.1099998950958,3183,-2600,-7413,1713.1966667175293
1747.1149997711182,3183,-2604,-7413,1713.2016665935516
1747.119999885559,3185,-2608,-7411,1713.2066667079926
1747.125,3187,-2612,-7410,1713.2116668224335
1747.1299998760223,3190,-2617,-7414,1713.2166666984558
1747.1349999904633,3193,-2623,-7414,1713.2216668128967
1747.1399998664856,3196,-2629,-7413,1713.226666688919
1747.1449999809265,3198,-2635,-7412,1713.23166680336
1747.1499998569489,3202,-2640,-7410,1713.2366666793823
1747.1549999713898,3206,-2646,-7409,1713.2416667938232
1747.159999847412,3210,-2651,-7408,1713.2466666698456
1747.164999961853,3216,-2656,-7404,1713.2516667842865
1747.1699998378754,3218,-2660,-7400,1713.2566666603088
1747.1749999523165,3220,-2664,-7395,1713.26166677475
1747.1799998283386,3223,-2669,-7391,1713.266666650772
1747.1849999427795,3225,-2673,-7392,1713.271666765213
1747.189999818802,3230,-2676,-7394,1713.2766666412356
1747.1949999332428,3235,-2678,-7396,1713.2816667556763
1747.1999998092651,3241,-2677,-7398,1713.2866666316986
1747.204999923706,3246,-2677,-7398,1713.2916667461395
1747.2099997997284,3251,-2677,-7397,1713.2966666221619
1747.2149999141693,3254,-2677,-7397,1713.3016667366028
1747.2199997901917,3258,-2678,-7400,1713.3066666126251
1747.2249999046326,3262,-2679,-7397,1713.311666727066
1747.229999780655,3265,-2678,-7398,1713.3166666030884
1747.2349998950958,3269,-2677,-7393,1713.3216667175293
1747.2399997711182,3273,-2677,-7385,1713.3266665935516
1747.244999885559,3276,-2677,-7380,1713.3316667079926
1747.25,3279,-2678,-7379,1713.3366668224335
1747.2549998760223,3282,-2679,-7377,1713.3416666984558
1747.2599999904633,3285,-2678,-7378,1713.3466668128967
1747.2649998664856,3287,-2678,-7376,1713.351666688919
1747.2699999809265,3287,-2676,-7379,1713.35666680336
1747.2749998569489,3287,-2671,-7380,1713.3616666793823
1747.2799999713898,3286,-2667,-7381,1713.3666667938232
1747.284999847412,3285,-2661,-7385,1713.3716666698456
1747.289999961853,3285,-2654,-7385,1713.3766667842865
1747.2949998378754,3286,-2648,-7385,1713.3816666603088
1747.2999999523165,3283,-2642,-7379,1713.38666677475
1747.3049998283386,3280,-2638,-7371,1713.391666650772
1747.3099999427795,3277,-2633,-7363,1713.396666765213
1747.314999818802,3274,-2627,-7359,1713.4016666412356
1747.3199999332428,3274,-2619,-7355,1713.4066667556763
1747.3249998092651,3273,-2610,-7356,1713.4116666316986
1747.329999923706,3271,-2599,-7358,1713.4166667461395
1747.3349997997284,3269,-2589,-7360,1713.4216666221619
1747.3399999141693,3267,-2581,-7359,1713.4266667366028
1747.3449997901917,3264,-2573,-7360,1713.4316666126251
1747.3499999046326,3262,-2564,-7363,1713.436666727066
1747.354999780655,3260,-2556,-7363,1713.4416666030884
1747.3599998950958,3257,-2549,-7369,1713.4466667175293
1747.3649997711182,3251,-2540,-7372,1713.4516665935516
1747.369999885559,3246,-2532,-7373,1713.4566667079926
1747.375,3242,-2524,-7372,1713.4616668224335
1747.3799998760223,3237,-2515,-7368,1713.4666666984558
1747.3849999904633,3236,-2508,-7363,1713.4716668128967
1747.3899998664856,3231,-2500,-7361,1713.476666688919
1747.3949999809265,3226,-2493,-7362,1713.48166680336
1747.3999998569489,3225,-2486,-7366,1713.4866666793823
1747.4049999713898,3221,-2477,-7370,1713.4916667938232
1747.409999847412,3219,-2470,-7373,1713.4966666698456
1747.414999961853,3216,-2462,-7375,1713.5016667842865
1747.4199998378754,3211,-2455,-7375,1713.5066666603088
1747.4249999523165,3206,-2448,-7373,1713.51166677475
1747.4299998283386,3204,-2441,-7369,1713.516666650772
1747.4349999427795,3204,-2434,-7368,1713.521666765213
1747.439999818802,3205,-2426,-7369,1713.5266666412356
1747.4449999332428,3205,-2416,-7372,1713.5316667556763
1747.4499998092651,3203,-2405,-7377,1713.5366666316986
1747.454999923706,3202,-2396,-7380,1713.5416667461395
1747.4599997997284,3202,-2388,-7381,1713.5466666221619
1747.4649999141693,3200,-2380,-7381,1713.5516667366028
1747.4699997901917,3199,-2374,-7376,1713.5566666126251
1747.4749999046326,3195,-2368,-7373,1713.561666727066
1747.479999780655,3189,-2361,-7364,1713.5666666030884
1747.4849998950958,3186,-2354,-7360,1713.5716667175293
1747.4899997711182,3182,-2347,-7358,1713.5766665935516
1747.494999885559,3179,-2340,-7358,1713.5816667079926
1747.5,3176,-2333,-7363,1713.5866668224335
1747.5049998760223,3171,-2326,-7370,1713.5916666984558
1747.5099999904633,3168,-2320,-7375,1713.5966668128967
1747.5149998664856,3164,-2313,-7380,1713.601666688919
1747.5199999809265,3159,-2304,-7383,1713.60666680336
1747.5249998569489,3155,-2295,-7384,1713.6116666793823
1747.5299999713898,3151,-2286,-7385,1713.6166667938232
1747.534999847412,3148,-2276,-7384,1713.6216666698456
1747.539999961853,3141,-2265,-7387,1713.6266667842865
1747.5449998378754,3133,-2254,-7386,1713.6316666603088
1747.5499999523165,3124,-2239,-7385,1713.63666677475
1747.5549998283386,3118,-2227,-7384,1713.641666650772
1747.5599999427795,3114,-2214,-7379,1713.646666765213
1747.564999818802,3107,-2202,-7379,1713.6516666412356
1747.5699999332428,3102,-2191,-7377,1713.6566667556763
1747.5749998092651,3097,-2183,-7372,1713.6616666316986
1747.579999923706,3092,-2175,-7370,1713.6666667461395
1747.5849997997284,3088,-2169,-7366,1713.6716666221619
1747.5899999141693,3086,-2162,-7362,1713.6766667366028
1747.5949997901917,3083,-2155,-7362,1713.6816666126251
1747.5999999046326,3081,-2148,-7362,1713.686666727066
1747.604999780655,3078,-2142,-7362,1713.6916666030884
1747.6099998950958,3076,-2136,-7362,1713.6966667175293
1747.6149997711182,3071,-2130,-7361,1713.7016665935516
1747.619999885559,3065,-2126,-7361,1713.7066667079926
1747.625,3058,-2123,-7363,1713.7116668224335
1747.6299998760223,3054,-2120,-7368,1713.7166666984558
1747.6349999904633,3050,-2117,-7370,1713.7216668128967
1747.6399998664856,3046,-2116,-7372,1713.726666688919
1747.6449999809265,3045,-2115,-7368,1713.73166680336
1747.6499998569489,3049,-2116,-7359,1713.7366666793823
1747.6549999713898,3051,-2117,-7349,1713.7416667938232
1747.659999847412,3053,-2117,-7342,1713.7466666698456
1747.664999961853,3052,-2115,-7340,1713.7516667842865
1747.6699998378754,3052,-2111,-7339,1713.7566666603088
1747.6749999523165,3050,-2105,-7338,1713.76166677475
1747.6799998283386,3049,-2102,-7333,1713.766666650772
1747.6849999427795,3049,-2100,-7330,1713.771666765213
1747.689999818802,3047,-2099,-7328,1713.7766666412356
1747.6949999332428,3045,-2099,-7327,1713.7816667556763
1747.6999998092651,3047,-2099,-7325,1713.7866666316986
1747.704999923706,3048,-2099,-7323,1713.7916667461395
1747.7099997997284,3050,-2100,-7317,1713.7966666221619
1747.7149999141693,3051,-2099,-7311,1713.8016667366028
1747.7199997901917,3052,-2098,-7304,1713.8066666126251
1747.7249999046326,3053,-2096,-7298,1713.811666727066
1747.729999780655,3053,-2093,-7295,1713.8166666030884
1747.7349998950958,3054,-2090,-7295,1713.8216667175293
1747.7399997711182,3055,-2087,-7298,1713.8266665935516
1747.744999885559,3056,-2086,-7300,1713.8316667079926
1747.75,3055,-2083,-7302,1713.8366668224335
1747.7549998760223,3053,-2080,-7304,1713.8416666984558
1747.7599999904633,3050,-2076,-7305,1713.8466668128967
1747.7649998664856,3045,-2072,-7306,1713.851666688919
1747.7699999809265,3042,-2068,-7307,1713.85666680336
1747.7749998569489,3039,-2063,-7309,1713.8616666793823
1747.7799999713898,3038,-2056,-7312,1713.8666667938232
1747.784999847412,3036,-2051,-7317,1713.8716666698456
1747.789999961853,3033,-2045,-7320,1713.8766667842865
1747.7949998378754,3029,-2040,-7319,1713.8816666603088
1747.7999999523165,3021,-2036,-7318,1713.88666677475
1747.8049998283386,3014,-2031,-7314,1713.891666650772
1747.8099999427795,3008,-2027,-7316,1713.896666765213
1747.814999818802,3003,-2024,-7320,1713.9016666412356
1747.8199999332428,2999,-2021,-7323,1713.9066667556763
1747.8249998092651,2997,-2018,-7328,1713.9116666316986
1747.829999923706,2996,-2014,-7329,1713.9166667461395
1747.8349997997284,2995,-2011,-7332,1713.9216666221619
1747.8399999141693,2993,-2007,-7339,1713.9266667366028
1747.8449997901917,2988,-2004,-7344,1713.9316666126251
1747.8499999046326,2984,-2001,-7345,1713.936666727066
1747.854999780655,2979,-1999,-7347,1713.9416666030884
1747.8599998950958,2974,-1995,-7347,1713.9466667175293
1747.8649997711182,2968,-1991,-7345,1713.9516665935516
1747.869999885559,2963,-1987,-7346,1713.9566667079926
1747.875,2957,-1980,-7345,1713.9616668224335
1747.8799998760223,2950,-1973,-7344,1713.9666666984558
1747.8849999904633,2940,-1966,-7345,1713.9716668128967
1747.8899998664856,2931,-1958,-7345,1713.976666688919
1747.8949999809265,2923,-1952,-7350,1713.98166680336
1747.8999998569489,2916,-1944,-7352,1713.9866666793823
1747.9049999713898,2911,-1936,-7353,1713.9916667938232
1747.909999847412,2905,-1928,-7353,1713.9966666698456
1747.914999961853,2897,-1919,-7351,1714.0016667842865
1747.9199998378754,2889,-1909,-7348,1714.0066666603088
1747.9249999523165,2879,-1899,-7345,1714.01166677475
1747.9299998283386,2871,-1890,-7341,1714.016666650772
1747.9349999427795,2863,-1880,-7339,1714.021666765213
1747.939999818802,2856,-1870,-7336,1714.0266666412356
1747.9449999332428,2848,-1856,-7334,1714.0316667556763
1747.9499998092651,2839,-1841,-7333,1714.0366666316986
1747.954999923706,2831,-1823,-7332,1714.0416667461395
1747.9599997997284,2821,-1806,-7335,1714.0466666221619
1747.9649999141693,2810,-1789,-7338,1714.0516667366028
1747.9699997901917,2797,-1773,-7341,1714.0566666126251
1747.9749999046326,2782,-1759,-7344,1714.061666727066
1747.979999780655,2767,-1744,-7347,1714.0666666030884
1747.9849998950958,2752,-1732,-7347,1714.0716667175293
1747.9899997711182,2738,-1716,-7346,1714.0766665935516
1747.994999885559,2724,-1701,-7345,1714.0816667079926
1748.0,2698,-1677,-7341,1714.0866668224335
1748.0049998760223,2677,-1651,-7337,1714.0916666984558
1748.0099999904633,2655,-1626,-7336,1714.0966668128967
1748.0149998664856,2634,-1601,-7333,1714.101666688919
1748.0199999809265,2612,-1575,-7327,1714.10666680336
1748.0249998569489,2585,-1551,-7324,1714.1116666793823
1748.0299999713898,2558,-1525,-7321,1714.1166667938232
1748.034999847412,2531,-1499,-7322,1714.1216666698456
1748.039999961853,2503,-1475,-7323,1714.1266667842865
1748.0449998378754,2481,-1449,-7323,1714.1316666603088
1748.0499999523165,2458,-1426,-7323,1714.13666677475
1748.0549998283386,2436,-1405,-7323,1714.141666650772
1748.0599999427795,2413,-1384,-7322,1714.146666765213
1748.064999818802,2392,-1363,-7325,1714.1516666412356
1748.0699999332428,2367,-1341,-7327,1714.1566667556763
1748.0749998092651,2342,-1318,-7326,1714.1616666316986
1748.079999923706,2314,-1296,-7326,1714.1666667461395
1748.0849997997284,2284,-1275,-7325,1714.1716666221619
1748.0899999141693,2251,-1254,-7322,1714.1766667366028
1748.0949997901917,2217,-1232,-7320,1714.1816666126251
1748.0999999046326,2183,-1210,-7315,1714.186666727066
1748.104999780655,2154,-1189,-7312,1714.1916666030884
1748.1099998950958,2127,-1171,-7311,1714.1966667175293
1748.1149997711182,2101,-1153,-7308,1714.2016665935516
1748.119999885559,2075,-1134,-7308,1714.2066667079926
1748.125,2050,-1114,-7308,1714.2116668224335
1748.1299998760223,2027,-1092,-7311,1714.2166666984558
1748.1349999904633,2005,-1069,-7314,1714.2216668128967
1748.1399998664856,1986,-1046,-7318,1714.226666688919
1748.1449999809265,1963,-1025,-7318,1714.23166680336
1748.1499998569489,1937,-1005,-7312,1714.2366666793823
1748.1549999713898,1910,-988,-7307,1714.2416667938232
1748.159999847412,1885,-971,-7304,1714.2466666698456
1748.164999961853,1861,-957,-7302,1714.2516667842865
1748.1699998378754,1838,-944,-7302,1714.2566666603088
1748.1749999523165,1816,-931,-7299,1714.26166677475
1748.1799998283386,1798,-920,-7294,1714.266666650772
1748.1849999427795,1783,-910,-7285,1714.271666765213
1748.189999818802,1769,-900,-7276,1714.2766666412356
1748.1949999332428,1755,-889,-7266,1714.2816667556763
1748.1999998092651,1741,-878,-7262,1714.2866666316986
1748.204999923706,1727,-867,-7258,1714.2916667461395
1748.2099997997284,1714,-857,-7254,1714.2966666221619
1748.2149999141693,1704,-852,-7255,1714.3016667366028
1748.2199997901917,1693,-846,-7255,1714.3066666126251
1748.2249999046326,1680,-840,-7256,1714.311666727066
1748.229999780655,1668,-833,-7254,1714.3166666030884
1748.2349998950958,1654,-823,-7250,1714.3216667175293
1748.2399997711182,1640,-815,-7243,1714.3266665935516
1748.244999885559,1627,-807,-7236,1714.3316667079926
1748.25,1612,-799,-7233,1714.3366668224335
1748.2549998760223,1596,-792,-7228,1714.3416666984558
1748.2599999904633,1581,-785,-7228,1714.3466668128967
1748.2649998664856,1568,-776,-7228,1714.351666688919
1748.2699999809265,1556,-767,-7230,1714.35666680336
1748.2749998569489,1544,-758,-7229,1714.3616666793823
1748.2799999713898,1531,-747,-7224,1714.3666667938232
1748.284999847412,1517,-737,-7220,1714.3716666698456
1748.289999961853,1504,-726,-7216,1714.3766667842865
1748.2949998378754,1489,-715,-7214,1714.3816666603088
1748.2999999523165,1471,-706,-7215,1714.38666677475
1748.3049998283386,1451,-696,-7212,1714.391666650772
1748.3099999427795,1426,-688,-7211,1714.396666765213
1748.314999818802,1402,-678,-7210,1714.4016666412356
1748.3199999332428,1378,-670,-7209,1714.4066667556763
1748.3249998092651,1354,-659,-7208,1714.4116666316986
1748.329999923706,1332,-649,-7205,1714.4166667461395
1748.3349997997284,1310,-639,-7202,1714.4216666221619
1748.3399999141693,1287,-628,-7197,1714.4266667366028
1748.3449997901917,1264,-618,-7194,1714.4316666126251
1748.3499999046326,1238,-608,-7193,1714.436666727066
1748.354999780655,1210,-598,-7190,1714.4416666030884
1748.3599998950958,1181,-588,-7188,1714.4466667175293
1748.3649997711182,1150,-579,-7184,1714.4516665935516
1748.369999885559,1120,-572,-7180,1714.4566667079926
1748.375,1089,-563,-7178,1714.4616668224335
1748.3799998760223,1056,-554,-7172,1714.4666666984558
1748.3849999904633,1022,-545,-7166,1714.4716668128967
1748.3899998664856,988,-537,-7157,1714.476666688919
1748.3949999809265,954,-528,-7151,1714.48166680336
1748.3999998569489,923,-520,-7145,1714.4866666793823
1748.4049999713898,894,-512,-7139,1714.4916667938232
1748.409999847412,866,-504,-7132,1714.4966666698456
1748.414999961853,839,-496,-7130,1714.5016667842865
1748.4199998378754,811,-487,-7126,1714.5066666603088
1748.4249999523165,782,-479,-7125,1714.51166677475
1748.4299998283386,753,-472,-7127,1714.516666650772
1748.4349999427795,724,-464,-7124,1714.521666765213
1748.439999818802,698,-457,-7122,1714.5266666412356
1748.4449999332428,677,-452,-7118,1714.5316667556763
1748.4499998092651,661,-446,-7116,1714.5366666316986
1748.454999923706,647,-443,-7115,1714.5416667461395
1748.4599997997284,634,-442,-7114,1714.5466666221619
1748.4649999141693,624,-440,-7114,1714.5516667366028
1748.4699997901917,614,-439,-7111,1714.5566666126251
1748.4749999046326,603,-439,-7108,1714.561666727066
1748.479999780655,594,-438,-7108,1714.5666666030884
1748.4849998950958,585,-438,-7106,1714.5716667175293
1748.4899997711182,577,-439,-7106,1714.5766665935516
1748.494999885559,573,-440,-7106,1714.5816667079926
1748.5,575,-442,-7106,1714.5866668224335
1748.5049998760223,580,-445,-7106,1714.5916666984558
1748.5099999904633,587,-447,-7106,1714.5966668128967
1748.5149998664856,594,-449,-7104,1714.601666688919
1748.5199999809265,603,-451,-7101,1714.60666680336
1748.5249998569489,612,-454,-7099,1714.6116666793823
1748.5299999713898,621,-457,-7100,1714.6166667938232
1748.534999847412,631,-459,-7103,1714.6216666698456
1748.539999961853,642,-461,-7105,1714.6266667842865
1748.5449998378754,653,-463,-7108,1714.6316666603088
1748.5499999523165,668,-464,-7109,1714.63666677475
1748.5549998283386,686,-465,-7109,1714.641666650772
1748.5599999427795,704,-467,-7110,1714.646666765213
1748.564999818802,721,-469,-7110,1714.6516666412356
1748.5699999332428,739,-472,-7110,1714.6566667556763
1748.5749998092651,757,-476,-7111,1714.6616666316986
1748.579999923706,778,-481,-7111,1714.6666667461395
1748.5849997997284,800,-486,-7111,1714.6716666221619
1748.5899999141693,822,-491,-7114,1714.6766667366028
1748.5949997901917,842,-495,-7117,1714.6816666126251
1748.5999999046326,860,-501,-7124,1714.686666727066
1748.604999780655,877,-507,-7131,1714.6916666030884
1748.6099998950958,896,-513,-7138,1714.6966667175293
1748.6149997711182,915,-519,-7140,1714.7016665935516
1748.619999885559,935,-524,-7140,1714.7066667079926
1748.625,956,-529,-7144,1714.7116668224335
1748.6299998760223,977,-534,-7149,1714.7166666984558
1748.6349999904633,997,-539,-7152,1714.7216668128967
1748.6399998664856,1016,-544,-7153,1714.726666688919
1748.6449999809265,1033,-549,-7153,1714.73166680336
1748.6499998569489,1049,-553,-7150,1714.7366666793823
1748.6549999713898,1065,-557,-7150,1714.7416667938232
1748.659999847412,1080,-561,-7154,1714.7466666698456
1748.664999961853,1096,-566,-7158,1714.7516667842865
1748.6699998378754,1112,-573,-7164,1714.7566666603088
1748.6749999523165,1131,-581,-7169,1714.76166677475
1748.6799998283386,1147,-589,-7173,1714.766666650772
1748.6849999427795,1167,-596,-7182,1714.771666765213
1748.689999818802,1187,-603,-7188,1714.7766666412356
1748.6949999332428,1207,-609,-7195,1714.7816667556763
1748.6999998092651,1228,-615,-7198,1714.7866666316986
1748.704999923706,1247,-620,-7197,1714.7916667461395
1748.7099997997284,1263,-624,-7195,1714.7966666221619
1748.7149999141693,1277,-630,-7194,1714.8016667366028
1748.7199997901917,1290,-634,-7194,1714.8066666126251
1748.7249999046326,1304,-638,-7197,1714.811666727066
1748.729999780655,1316,-641,-7199,1714.8166666030884
1748.7349998950958,1329,-644,-7198,1714.8216667175293
1748.7399997711182,1343,-645,-7192,1714.8266665935516
1748.744999885559,1356,-646,-7183,1714.8316667079926
1748.75,1369,-649,-7177,1714.8366668224335
1748.7549998760223,1385,-651,-7172,1714.8416666984558
1748.7599999904633,1399,-654,-7171,1714.8466668128967
1748.7649998664856,1415,-658,-7173,1714.851666688919
1748.7699999809265,1425,-661,-7173,1714.85666680336
1748.7749998569489,1432,-665,-7178,1714.8616666793823
1748.7799999713898,1436,-670,-7185,1714.8666667938232
1748.784999847412,1442,-676,-7192,1714.8716666698456
1748.789999961853,1448,-682,-7197,1714.8766667842865
1748.7949998378754,1457,-687,-7199,1714.8816666603088
1748.7999999523165,1467,-691,-7198,1714.88666677475
1748.8049998283386,1478,-695,-7198,1714.891666650772
1748.8099999427795,1490,-699,-7196,1714.896666765213
1748.814999818802,1498,-702,-7196,1714.9016666412356
1748.8199999332428,1504,-703,-7195,1714.9066667556763
1748.8249998092651,1513,-705,-7188,1714.9116666316986
1748.829999923706,1523,-707,-7185,1714.9166667461395
1748.8349997997284,1535,-712,-7184,1714.9216666221619
1748.8399999141693,1547,-716,-7184,1714.9266667366028
1748.8449997901917,1557,-721,-7186,1714.9316666126251
1748.8499999046326,1564,-724,-7191,1714.936666727066
1748.854999780655,1568,-725,-7195,1714.9416666030884
1748.8599998950958,1572,-727,-7200,1714.9466667175293
1748.8649997711182,1577,-729,-7202,1714.9516665935516
1748.869999885559,1581,-732,-7206,1714.9566667079926
1748.875,1584,-734,-7208,1714.9616668224335
1748.8799998760223,1587,-736,-7209,1714.9666666984558
1748.8849999904633,1593,-737,-7209,1714.9716668128967
1748.8899998664856,1600,-738,-7207,1714.976666688919
1748.8949999809265,1609,-738,-7205,1714.98166680336
1748.8999998569489,1621,-739,-7202,1714.9866666793823
1748.9049999713898,1634,-739,-7198,1714.9916667938232
1748.909999847412,1644,-739,-7197,1714.9966666698456
