t,x,y,z,time_from_sync
3830.1050000190735,-142.3553466796875,-86.2646484375,-76.1517333984375,3791.038333415985
3830.18499994278,-142.05322265625,-86.3031005859375,-76.6241455078125,3791.1183333396916
3830.2599999904633,-140.2569580078125,-86.209716796875,-78.3050537109375,3791.193333387375
3830.339999914169,-139.8394775390625,-86.099853515625,-78.585205078125,3791.2733333110805
3830.414999961853,-140.5426025390625,-86.1163330078125,-78.4478759765625,3791.3483333587646
3830.494999885559,-140.0921630859375,-86.033935546875,-78.90380859375,3791.4283332824707
3830.569999933243,-140.3887939453125,-85.8746337890625,-79.508056640625,3791.5033333301544
3830.649999856949,-140.3668212890625,-85.71533203125,-79.0521240234375,3791.5833332538605
3830.724999904633,-141.1578369140625,-85.6439208984375,-78.0413818359375,3791.6583333015446
3830.805000066757,-141.448974609375,-85.517578125,-77.288818359375,3791.738333463669
3830.8799998760223,-140.9820556640625,-85.3143310546875,-77.1075439453125,3791.813333272934
3830.960000038147,-142.5091552734375,-85.2484130859375,-75.1739501953125,3791.8933334350586
3831.035000085831,-145.01953125,-85.2703857421875,-72.784423828125,3791.9683334827428
3831.1150000095367,-146.2939453125,-85.2264404296875,-70.9112548828125,3792.0483334064484
3831.190000057221,-147.76611328125,-85.10009765625,-69.6258544921875,3792.1233334541325
3831.2699999809274,-150.09521484375,-85.0067138671875,-67.56591796875,3792.203333377839
3831.34500002861,-152.3858642578125,-84.9957275390625,-64.9346923828125,3792.2783334255214
3831.424999952316,-154.3963623046875,-84.957275390625,-63.28125,3792.3583333492275
3831.5,-154.6600341796875,-84.869384765625,-62.9791259765625,3792.4333333969116
3831.579999923706,-154.940185546875,-84.781494140625,-62.4298095703125,3792.5133333206177
3831.6549999713898,-155.8685302734375,-84.7979736328125,-61.798095703125,3792.5883333683014
3831.734999895096,-155.3302001953125,-84.6771240234375,-63.358154296875,3792.6683332920074
3831.80999994278,-154.9346923828125,-84.55078125,-64.1162109375,3792.7433333396916
3831.8899998664856,-154.412841796875,-84.55078125,-65.0994873046875,3792.823333263397
3831.964999914169,-153.160400390625,-84.5233154296875,-66.8902587890625,3792.8983333110805
3832.045000076294,-150.831298828125,-84.429931640625,-69.0545654296875,3792.9783334732056
3832.119999885559,-148.8043212890625,-84.364013671875,-71.158447265625,3793.0533332824707
3832.200000047684,-147.3541259765625,-84.320068359375,-73.1854248046875,3793.133333444596
3832.274999856949,-145.909423828125,-84.320068359375,-74.6630859375,3793.2083332538605
3832.3550000190735,-143.3111572265625,-84.3255615234375,-76.7559814453125,3793.288333415985
3832.430000066757,-142.4761962890625,-84.375,-78.06884765625,3793.363333463669
3832.5099999904633,-141.1907958984375,-84.5068359375,-79.1839599609375,3793.443333387375
3832.585000038147,-140.60302734375,-84.6002197265625,-80.606689453125,3793.5183334350586
3832.664999961853,-139.7186279296875,-84.693603515625,-80.8099365234375,3793.5983333587646
3832.7400000095367,-139.405517578125,-84.83642578125,-81.71630859375,3793.6733334064484
3832.819999933243,-138.27392578125,-84.8968505859375,-83.067626953125,3793.7533333301544
3832.8949999809274,-138.3563232421875,-84.891357421875,-83.551025390625,3793.828333377839
3832.974999904633,-137.7191162109375,-85.001220703125,-83.4027099609375,3793.9083333015446
3833.049999952316,-137.2576904296875,-85.1220703125,-83.8751220703125,3793.9833333492275
3833.1299998760223,-136.9720458984375,-85.264892578125,-84.1168212890625,3794.063333272934
3833.204999923706,-137.83447265625,-85.3143310546875,-83.419189453125,3794.1383333206177
3833.285000085831,-138.36181640625,-85.3253173828125,-83.001708984375,3794.2183334827428
3833.359999895096,-138.944091796875,-85.3802490234375,-82.6776123046875,3794.2933332920074
3833.440000057221,-139.207763671875,-85.4022216796875,-82.0074462890625,3794.3733334541325
3833.5149998664856,-138.97705078125,-85.2978515625,-81.7877197265625,3794.448333263397
3833.59500002861,-139.24072265625,-85.2484130859375,-81.177978515625,3794.5283334255214
3833.670000076294,-139.3890380859375,-85.18798828125,-80.9527587890625,3794.6033334732056
3833.75,-139.28466796875,-85.01220703125,-80.8868408203125,3794.6833333969116
3833.825000047684,-138.69140625,-84.8968505859375,-80.6341552734375,3794.758333444596
3833.9049999713898,-139.0045166015625,-84.6881103515625,-80.83740234375,3794.8383333683014
3833.9800000190735,-139.141845703125,-84.4683837890625,-81.0736083984375,3794.913333415985
3834.05999994278,-139.7900390625,-84.3255615234375,-80.9033203125,3794.9933333396916
3834.1349999904633,-140.20751953125,-84.1717529296875,-80.782470703125,3795.068333387375
3834.214999914169,-139.141845703125,-83.880615234375,-82.2381591796875,3795.1483333110805
3834.289999961853,-139.37255859375,-83.5455322265625,-82.6226806640625,3795.2233333587646
3834.369999885559,-140.0482177734375,-83.43017578125,-82.496337890625,3795.3033332824707
3834.444999933243,-140.6634521484375,-83.3807373046875,-82.012939453125,3795.3783333301544
3834.524999856949,-140.8941650390625,-83.3697509765625,-81.5570068359375,3795.4583332538605
3834.599999904633,-142.020263671875,-83.408203125,-80.68359375,3795.5333333015446
3834.680000066757,-142.3553466796875,-83.485107421875,-79.8486328125,3795.613333463669
3834.7549998760223,-143.28369140625,-83.441162109375,-79.1070556640625,3795.688333272934
3834.835000038147,-144.6185302734375,-83.5675048828125,-77.7777099609375,3795.7683334350586
3834.910000085831,-147.1124267578125,-83.7762451171875,-75.82763671875,3795.8433334827428
3834.9900000095367,-148.8702392578125,-83.946533203125,-74.6136474609375,3795.9233334064484
3835.065000057221,-150.2984619140625,-84.0728759765625,-72.6800537109375,3795.9983334541325
3835.1449999809274,-153.03955078125,-84.3365478515625,-69.927978515625,3796.078333377839
3835.22000002861,-154.588623046875,-84.5452880859375,-68.22509765625,3796.1533334255214
3835.299999952316,-155.3411865234375,-84.693603515625,-67.554931640625,3796.2333333492275
3835.375,-155.2642822265625,-84.7979736328125,-67.3846435546875,3796.3083333969116
3835.454999923706,-155.3302001953125,-84.9847412109375,-67.071533203125,3796.3883333206177
3835.5299999713898,-155.50048828125,-85.14404296875,-67.093505859375,3796.4633333683014
3835.609999895096,-154.1326904296875,-85.2703857421875,-68.3404541015625,3796.5433332920074
3835.68499994278,-152.523193359375,-85.3802490234375,-69.642333984375,3796.6183333396916
3835.7649998664856,-152.720947265625,-85.53955078125,-70.9552001953125,3796.698333263397
3835.839999914169,-150.6829833984375,-85.6549072265625,-72.718505859375,3796.7733333110805
3835.920000076294,-146.8048095703125,-85.6658935546875,-76.1737060546875,3796.8533334732056
3835.994999885559,-144.8822021484375,-85.7098388671875,-78.6346435546875,3796.9283332824707
3836.075000047684,-143.009033203125,-85.7373046875,-81.1175537109375,3797.008333444596
3836.149999856949,-140.5316162109375,-85.6549072265625,-84.0673828125,3797.0833332538605
3836.2300000190735,-138.9111328125,-85.638427734375,-86.429443359375,3797.163333415985
3836.305000066757,-137.5103759765625,-85.6109619140625,-88.0718994140625,3797.238333463669
3836.3849999904633,-136.2030029296875,-85.5010986328125,-89.2254638671875,3797.318333387375
3836.460000038147,-135.120849609375,-85.3857421875,-89.4342041015625,3797.3933334350586
3836.539999961853,-134.4342041015625,-85.25390625,-89.527587890625,3797.4733333587646
3836.6150000095367,-135.3515625,-85.166015625,-88.7530517578125,3797.5483334064484
3836.694999933243,-136.23046875,-85.133056640625,-87.9180908203125,3797.6283333301544
3836.7699999809274,-136.5216064453125,-85.0286865234375,-86.275634765625,3797.703333377839
3836.849999904633,-136.856689453125,-84.9078369140625,-84.6826171875,3797.7833333015446
3836.924999952316,-139.06494140625,-84.825439453125,-83.0291748046875,3797.8583333492275
3837.0049998760223,-141.1468505859375,-84.693603515625,-81.40869140625,3797.938333272934
3837.079999923706,-141.9268798828125,-84.52880859375,-80.0958251953125,3798.0133333206177
3837.160000085831,-144.29443359375,-84.30908203125,-78.75,3798.0933334827428
3837.234999895096,-146.31591796875,-84.2486572265625,-76.8218994140625,3798.1683332920074
3837.315000057221,-148.3868408203125,-84.1387939453125,-75.3826904296875,3798.2483334541325
3837.3899998664856,-149.622802734375,-84.012451171875,-74.55322265625,3798.323333263397
3837.47000002861,-149.6942138671875,-83.8641357421875,-73.9654541015625,3798.4033334255214
3837.545000076294,-150.4522705078125,-83.7542724609375,-72.9931640625,3798.4783334732056
3837.625,-152.1112060546875,-83.792724609375,-71.4495849609375,3798.5583333969116
3837.700000047684,-150.985107421875,-83.7652587890625,-71.74072265625,3798.633333444596
3837.7799999713898,-149.974365234375,-83.7103271484375,-72.9931640625,3798.7133333683014
3837.8550000190735,-149.4085693359375,-83.5894775390625,-73.092041015625,3798.788333415985
3837.93499994278,-149.864501953125,-83.583984375,-73.564453125,3798.8683333396916
3838.0099999904633,-148.8043212890625,-83.6114501953125,-74.3115234375,3798.943333387375
3838.089999914169,-147.974853515625,-83.660888671875,-75.2618408203125,3799.0233333110805
3838.164999961853,-147.15087890625,-83.748779296875,-75.8056640625,3799.0983333587646
3838.244999885559,-146.744384765625,-83.968505859375,-76.0089111328125,3799.1783332824707
3838.319999933243,-145.8709716796875,-84.13330078125,-76.761474609375,3799.2533333301544
3838.399999856949,-146.6290283203125,-84.287109375,-76.66259765625,3799.3333332538605
3838.474999904633,-147.403564453125,-84.5343017578125,-75.7781982421875,3799.4083333015446
3838.555000066757,-147.63427734375,-84.8199462890625,-75.2398681640625,3799.488333463669
3838.6299998760223,-147.919921875,-85.001220703125,-74.871826171875,3799.563333272934
3838.710000038147,-148.568115234375,-85.2044677734375,-73.9544677734375,3799.6433334350586
3838.785000085831,-151.259765625,-85.5560302734375,-71.279296875,3799.7183334827428
3838.8650000095367,-152.5946044921875,-85.8306884765625,-69.7247314453125,3799.7983334064484
3838.940000057221,-153.43505859375,-85.9844970703125,-68.433837890625,3799.8733334541325
3839.0199999809274,-155.6707763671875,-86.099853515625,-66.51123046875,3799.953333377839
3839.09500002861,-158.433837890625,-86.30859375,-64.0777587890625,3800.0283334255214
3839.174999952316,-159.78515625,-86.4404296875,-62.7593994140625,3800.1083333492275
3839.25,-160.6585693359375,-86.5447998046875,-61.5618896484375,3800.1833333969116
3839.329999923706,-162.5152587890625,-86.671142578125,-60.00732421875,3800.2633333206177
3839.4049999713898,-164.2401123046875,-86.7205810546875,-58.194580078125,3800.3383333683014
3839.484999895096,-164.1851806640625,-86.72607421875,-57.777099609375,3800.4183332920074
3839.55999994278,-165.179443359375,-86.7755126953125,-56.041259765625,3800.4933333396916
3839.6399998664856,-166.7724609375,-86.8084716796875,-53.887939453125,3800.573333263397
3839.714999914169,-166.552734375,-86.7645263671875,-52.767333984375,3800.6483333110805
3839.795000076294,-165.8660888671875,-86.6436767578125,-52.3992919921875,3800.7283334732056
3839.869999885559,-166.8878173828125,-86.5008544921875,-52.3773193359375,3800.8033332824707
3839.950000047684,-164.0972900390625,-86.3140869140625,-53.096923828125,3800.883333444596
3840.024999856949,-162.7459716796875,-86.0504150390625,-53.9263916015625,3800.9583332538605
3840.1050000190735,-162.3779296875,-85.8087158203125,-54.16259765625,3801.038333415985
3840.180000066757,-162.1636962890625,-85.60546875,-54.569091796875,3801.113333463669
3840.2599999904633,-160.5706787109375,-85.308837890625,-56.4422607421875,3801.193333387375
3840.335000038147,-159.0545654296875,-84.9462890625,-58.1341552734375,3801.2683334350586
3840.414999961853,-156.7034912109375,-84.6002197265625,-59.0570068359375,3801.3483333587646
3840.4900000095367,-156.500244140625,-84.30908203125,-59.3975830078125,3801.4233334064484
3840.569999933243,-155.423583984375,-84.0509033203125,-60.2435302734375,3801.5033333301544
3840.6449999809274,-154.083251953125,-83.792724609375,-61.556396484375,3801.578333377839
3840.724999904633,-153.599853515625,-83.5400390625,-62.0013427734375,3801.6583333015446
3840.799999952316,-153.468017578125,-83.3258056640625,-61.9464111328125,3801.7333333492275
3840.8799998760223,-153.896484375,-83.2269287109375,-61.7486572265625,3801.813333272934
3840.954999923706,-154.3798828125,-83.1829833984375,-61.3970947265625,3801.8883333206177
3841.035000085831,-154.5721435546875,-83.14453125,-61.0784912109375,3801.9683334827428
3841.109999895096,-154.105224609375,-83.07861328125,-59.9359130859375,3802.0433332920074
3841.190000057221,-155.8355712890625,-83.1280517578125,-58.82080078125,3802.1233334541325
3841.2649998664856,-156.5936279296875,-83.2818603515625,-57.161865234375,3802.198333263397
3841.34500002861,-158.323974609375,-83.4136962890625,-55.21728515625,3802.2783334255214
3841.420000076294,-159.4281005859375,-83.5675048828125,-52.833251953125,3802.3533334732056
3841.5,-161.89453125,-83.7652587890625,-51.1962890625,3802.4333333969116
3841.575000047684,-164.1192626953125,-83.8916015625,-49.163818359375,3802.508333444596
3841.6549999713898,-166.1077880859375,-84.1278076171875,-47.0709228515625,3802.5883333683014
3841.7300000190735,-166.893310546875,-84.26513671875,-45.4010009765625,3802.663333415985
3841.80999994278,-168.3160400390625,-84.462890625,-43.4344482421875,3802.7433333396916
3841.8849999904633,-170.859375,-84.6990966796875,-41.0723876953125,3802.818333387375
3841.964999914169,-172.001953125,-84.9517822265625,-40.177001953125,3802.8983333110805
3842.039999961853,-172.254638671875,-85.0946044921875,-39.7210693359375,3802.9733333587646
3842.119999885559,-172.8973388671875,-85.3143310546875,-39.111328125,3803.0533332824707
3842.194999933243,-173.49609375,-85.528564453125,-38.6279296875,3803.1283333301544
3842.274999856949,-172.6446533203125,-85.693359375,-38.463134765625,3803.2083332538605
3842.349999904633,-170.96923828125,-85.8966064453125,-39.96826171875,3803.2833333015446
3842.430000066757,-169.112548828125,-86.055908203125,-42.2698974609375,3803.363333463669
3842.5049998760223,-167.969970703125,-86.2042236328125,-44.2144775390625,3803.438333272934
3842.585000038147,-165.1959228515625,-86.3140869140625,-47.1807861328125,3803.5183334350586
3842.660000085831,-161.03759765625,-86.341552734375,-50.6304931640625,3803.5933334827428
3842.7400000095367,-158.0328369140625,-86.385498046875,-52.701416015625,3803.6733334064484
3842.815000057221,-155.01708984375,-86.451416015625,-55.2996826171875,3803.7483334541325
3842.8949999809274,-150.6884765625,-86.4459228515625,-58.9801025390625,3803.828333377839
3842.97000002861,-146.151123046875,-86.3800048828125,-62.281494140625,3803.9033334255214
3843.049999952316,-142.5311279296875,-86.1492919921875,-65.181884765625,3803.9833333492275
3843.125,-140.855712890625,-86.0174560546875,-65.928955078125,3804.0583333969116
3843.204999923706,-139.54833984375,-85.9130859375,-66.9012451171875,3804.1383333206177
3843.2799999713898,-138.746337890625,-85.80322265625,-67.43408203125,3804.2133333683014
3843.359999895096,-136.95556640625,-85.60546875,-67.8515625,3804.2933332920074
3843.43499994278,-136.2799072265625,-85.4296875,-67.6373291015625,3804.3683333396916
3843.5149998664856,-136.2030029296875,-85.23193359375,-66.390380859375,3804.448333263397
3843.589999914169,-137.274169921875,-85.10009765625,-64.9346923828125,3804.5233333110805
3843.670000076294,-137.779541015625,-84.8858642578125,-62.9461669921875,3804.6033334732056
3843.744999885559,-138.515625,-84.70458984375,-60.787353515625,3804.6783332824707
3843.825000047684,-141.3775634765625,-84.5892333984375,-58.2989501953125,3804.758333444596
3843.899999856949,-142.8662109375,-84.495849609375,-56.1346435546875,3804.8333332538605
3843.9800000190735,-143.668212890625,-84.35302734375,-54.2230224609375,3804.913333415985
3844.055000066757,-144.4647216796875,-84.166259765625,-52.71240234375,3804.988333463669
3844.1349999904633,-145.3875732421875,-83.8751220703125,-50.9820556640625,3805.068333387375
3844.210000038147,-146.656494140625,-83.638916015625,-49.8394775390625,3805.1433334350586
3844.289999961853,-146.1236572265625,-83.485107421875,-48.8287353515625,3805.2233333587646
3844.3650000095367,-147.161865234375,-83.3477783203125,-48.021240234375,3805.2983334064484
3844.444999933243,-147.23876953125,-83.2049560546875,-47.26318359375,3805.3783333301544
3844.5199999809274,-146.8157958984375,-83.0731201171875,-47.076416015625,3805.453333377839
3844.599999904633,-146.810302734375,-82.9632568359375,-46.6094970703125,3805.5333333015446
3844.674999952316,-146.8487548828125,-82.8094482421875,-45.889892578125,3805.6083333492275
3844.7549998760223,-146.93115234375,-82.72705078125,-45.2362060546875,3805.688333272934
3844.829999923706,-147.28271484375,-82.803955078125,-44.285888671875,3805.7633333206177
3844.910000085831,-147.359619140625,-82.9632568359375,-43.2257080078125,3805.8433334827428
3844.984999895096,-147.2113037109375,-82.9742431640625,-42.5555419921875,3805.9183332920074
3845.065000057221,-148.9361572265625,-83.111572265625,-41.2371826171875,3805.9983334541325
3845.1399998664856,-148.7109375,-83.2379150390625,-40.1385498046875,3806.073333263397
3845.22000002861,-148.656005859375,-83.3258056640625,-39.6441650390625,3806.1533334255214
3845.295000076294,-149.886474609375,-83.4906005859375,-38.1060791015625,3806.2283334732056
3845.375,-151.7156982421875,-83.78173828125,-36.2384033203125,3806.3083333969116
3845.450000047684,-152.20458984375,-83.9630126953125,-35.44189453125,3806.383333444596
3845.5299999713898,-152.6824951171875,-84.100341796875,-34.5465087890625,3806.4633333683014
3845.6050000190735,-153.7811279296875,-84.166259765625,-32.9754638671875,3806.538333415985
3845.68499994278,-155.994873046875,-84.4134521484375,-31.2506103515625,3806.6183333396916
3845.7599999904633,-157.3187255859375,-84.6551513671875,-29.2950439453125,3806.693333387375
3845.839999914169,-157.12646484375,-84.781494140625,-28.6578369140625,3806.7733333110805
3845.914999961853,-158.763427734375,-84.9517822265625,-27.2021484375,3806.8483333587646
3845.994999885559,-161.334228515625,-85.1055908203125,-24.6697998046875,3806.9283332824707
3846.069999933243,-160.8233642578125,-85.2264404296875,-25.0927734375,3807.0033333301544
3846.149999856949,-158.5162353515625,-85.18798828125,-26.69677734375,3807.0833332538605
3846.224999904633,-157.21435546875,-85.1715087890625,-27.7679443359375,3807.1583333015446
3846.305000066757,-156.2310791015625,-85.242919921875,-28.6358642578125,3807.238333463669
3846.3799998760223,-153.270263671875,-85.2374267578125,-30.2618408203125,3807.313333272934
3846.460000038147,-150.985107421875,-85.286865234375,-32.069091796875,3807.3933334350586
3846.535000085831,-148.282470703125,-85.2374267578125,-34.5135498046875,3807.4683334827428
3846.6150000095367,-145.8270263671875,-85.0946044921875,-36.3702392578125,3807.5483334064484
3846.690000057221,-143.3111572265625,-85.01220703125,-37.85888671875,3807.6233334541325
3846.7699999809274,-141.3226318359375,-84.8583984375,-39.342041015625,3807.703333377839
3846.84500002861,-140.328369140625,-84.781494140625,-39.7869873046875,3807.7783334255214
3846.924999952316,-138.9605712890625,-84.7540283203125,-39.7760009765625,3807.8583333492275
3847.0,-138.3563232421875,-84.737548828125,-40.2813720703125,3807.9333333969116
3847.079999923706,-137.867431640625,-84.66064453125,-40.155029296875,3808.0133333206177
3847.1549999713898,-137.5048828125,-84.61669921875,-39.88037109375,3808.0883333683014
3847.234999895096,-137.8179931640625,-84.605712890625,-39.1552734375,3808.1683332920074
3847.30999994278,-139.4549560546875,-84.6551513671875,-37.518310546875,3808.2433333396916
3847.3899998664856,-140.6744384765625,-84.70458984375,-36.0845947265625,3808.323333263397
3847.464999914169,-141.7181396484375,-84.7540283203125,-34.4146728515625,3808.3983333110805
3847.545000076294,-143.1298828125,-84.8309326171875,-32.9754638671875,3808.4783334732056
3847.619999885559,-144.3438720703125,-84.8583984375,-31.2725830078125,3808.5533332824707
3847.700000047684,-145.26123046875,-84.8199462890625,-29.50927734375,3808.633333444596
3847.774999856949,-146.3543701171875,-84.781494140625,-28.828125,3808.7083332538605
3847.8550000190735,-146.239013671875,-84.6826171875,-27.92724609375,3808.788333415985
3847.930000066757,-147.0904541015625,-84.649658203125,-26.7462158203125,3808.863333463669
3848.0099999904633,-146.9805908203125,-84.5123291015625,-26.2188720703125,3808.943333387375
3848.085000038147,-147.1453857421875,-84.35302734375,-25.740966796875,3809.0183334350586
3848.164999961853,-147.5738525390625,-84.144287109375,-25.6695556640625,3809.0983333587646
3848.2400000095367,-148.3099365234375,-84.0179443359375,-24.9609375,3809.1733334064484
3848.319999933243,-148.623046875,-83.924560546875,-24.1644287109375,3809.2533333301544
3848.3949999809274,-148.4417724609375,-83.7872314453125,-23.807373046875,3809.328333377839
3848.474999904633,-148.359375,-83.5565185546875,-23.280029296875,3809.4083333015446
3848.549999952316,-148.809814453125,-83.4356689453125,-22.313232421875,3809.4833333492275
3848.6299998760223,-149.501953125,-83.375244140625,-20.797119140625,3809.563333272934
3848.704999923706,-150.1666259765625,-83.2049560546875,-20.3961181640625,3809.6383333206177
3848.785000085831,-151.7431640625,-83.12255859375,-19.434814453125,3809.7183334827428
3848.859999895096,-153.4130859375,-83.0841064453125,-18.7701416015625,3809.7933332920074
3848.940000057221,-153.6163330078125,-83.023681640625,-17.7813720703125,3809.8733334541325
3849.0149998664856,-154.51171875,-83.001708984375,-16.8804931640625,3809.948333263397
3849.09500002861,-154.434814453125,-82.9083251953125,-16.622314453125,3810.0283334255214
3849.170000076294,-154.4732666015625,-82.913818359375,-15.567626953125,3810.1033334732056
3849.25,-153.8140869140625,-82.913818359375,-15.0018310546875,3810.1833333969116
3849.325000047684,-152.479248046875,-82.85888671875,-15.1171875,3810.258333444596
3849.4049999713898,-152.3638916015625,-82.8369140625,-14.765625,3810.3383333683014
3849.4800000190735,-152.742919921875,-82.891845703125,-14.43603515625,3810.413333415985
3849.55999994278,-152.42431640625,-82.99072265625,-14.7821044921875,3810.4933333396916
3849.6349999904633,-151.5618896484375,-83.03466796875,-15.040283203125,3810.568333387375
3849.714999914169,-150.6829833984375,-83.14453125,-15.3753662109375,3810.6483333110805
3849.789999961853,-151.0235595703125,-83.2489013671875,-14.754638671875,3810.7233333587646
3849.869999885559,-150.9466552734375,-83.43017578125,-14.6282958984375,3810.8033332824707
3849.944999933243,-149.52392578125,-83.4906005859375,-15.64453125,3810.8783333301544
3850.024999856949,-147.6947021484375,-83.419189453125,-16.72119140625,3810.9583332538605
3850.099999904633,-148.1231689453125,-83.4576416015625,-17.0947265625,3811.0333333015446
3850.180000066757,-147.9693603515625,-83.6224365234375,-16.3916015625,3811.113333463669
3850.2549998760223,-147.0135498046875,-83.682861328125,-17.24853515625,3811.188333272934
3850.335000038147,-145.04150390625,-83.7432861328125,-17.7044677734375,3811.2683334350586
3850.410000085831,-145.228271484375,-83.7982177734375,-17.5836181640625,3811.3433334827428
3850.4900000095367,-144.3218994140625,-83.9190673828125,-17.061767578125,3811.4233334064484
3850.565000057221,-143.9044189453125,-84.00146484375,-17.314453125,3811.4983334541325
3850.6449999809274,-143.4100341796875,-84.0838623046875,-17.9681396484375,3811.578333377839
3850.72000002861,-143.06396484375,-84.100341796875,-17.9351806640625,3811.6533334255214
3850.799999952316,-142.7288818359375,-84.2486572265625,-17.017822265625,3811.7333333492275
3850.875,-142.3663330078125,-84.3804931640625,-16.8914794921875,3811.8083333969116
3850.954999923706,-140.5535888671875,-84.4024658203125,-16.885986328125,3811.8883333206177
3851.0299999713898,-141.2677001953125,-84.451904296875,-16.5179443359375,3811.9633333683014
3851.109999895096,-142.8277587890625,-84.6826171875,-15.018310546875,3812.0433332920074
3851.18499994278,-142.84423828125,-84.8089599609375,-14.7161865234375,3812.1183333396916
3851.2649998664856,-143.404541015625,-84.825439453125,-14.8974609375,3812.198333263397
3851.339999914169,-143.0419921875,-84.8419189453125,-14.0460205078125,3812.2733333110805
3851.420000076294,-145.04150390625,-85.0341796875,-12.2662353515625,3812.3533334732056
3851.494999885559,-146.1346435546875,-85.0946044921875,-11.93115234375,3812.4283332824707
3851.575000047684,-145.821533203125,-85.089111328125,-11.7498779296875,3812.508333444596
3851.649999856949,-146.041259765625,-85.1275634765625,-11.0247802734375,3812.5833332538605
3851.7300000190735,-147.01904296875,-85.1495361328125,-10.3326416015625,3812.663333415985
3851.805000066757,-147.41455078125,-85.25390625,-8.9208984375,3812.738333463669
3851.8849999904633,-148.2330322265625,-85.2703857421875,-8.514404296875,3812.818333387375
3851.960000038147,-148.6614990234375,-85.2264404296875,-8.0859375,3812.8933334350586
3852.039999961853,-149.644775390625,-85.2978515625,-6.668701171875,3812.9733333587646
3852.1150000095367,-149.666748046875,-85.31982421875,-5.69091796875,3813.0483334064484
3852.194999933243,-148.8043212890625,-85.2484130859375,-6.4105224609375,3813.1283333301544
3852.2699999809274,-147.8814697265625,-85.18798828125,-6.5753173828125,3813.203333377839
3852.349999904633,-146.9586181640625,-85.1165771484375,-6.5313720703125,3813.2833333015446
3852.424999952316,-145.3216552734375,-85.0396728515625,-7.0587158203125,3813.3583333492275
3852.5049998760223,-144.8162841796875,-84.913330078125,-7.9541015625,3813.438333272934
3852.579999923706,-143.3935546875,-84.79248046875,-9.2669677734375,3813.5133333206177
3852.660000085831,-143.1024169921875,-84.6826171875,-10.9423828125,3813.5933334827428
3852.734999895096,-140.8612060546875,-84.5233154296875,-12.3211669921875,3813.6683332920074
3852.815000057221,-138.966064453125,-84.2596435546875,-14.326171875,3813.7483334541325
3852.8899998664856,-137.6312255859375,-84.0234375,-16.160888671875,3813.823333263397
3852.97000002861,-136.702880859375,-83.8531494140625,-17.1661376953125,3813.9033334255214
3853.045000076294,-135.41748046875,-83.726806640625,-18.5394287109375,3813.9783334732056
3853.125,-133.4674072265625,-83.507080078125,-19.698486328125,3814.0583333969116
3853.200000047684,-132.451171875,-83.4356689453125,-19.951171875,3814.133333444596
3853.2799999713898,-131.2811279296875,-83.3203125,-20.5389404296875,3814.2133333683014
3853.3550000190735,-130.8251953125,-83.221435546875,-21.5716552734375,3814.288333415985
3853.43499994278,-130.2593994140625,-83.1390380859375,-22.1484375,3814.3683333396916
3853.5099999904633,-129.210205078125,-83.1170654296875,-22.1319580078125,3814.443333387375
3853.589999914169,-129.5343017578125,-83.1280517578125,-22.2418212890625,3814.5233333110805
3853.664999961853,-130.3472900390625,-83.232421875,-21.6265869140625,3814.5983333587646
3853.744999885559,-130.4351806640625,-83.34228515625,-21.0552978515625,3814.6783332824707
3853.819999933243,-130.01220703125,-83.3587646484375,-20.7476806640625,3814.7533333301544
3853.899999856949,-130.8197021484375,-83.408203125,-19.984130859375,3814.8333332538605
3853.974999904633,-130.792236328125,-83.4686279296875,-19.2095947265625,3814.9083333015446
3854.055000066757,-131.143798828125,-83.507080078125,-18.8031005859375,3814.988333463669
3854.1299998760223,-131.02294921875,-83.507080078125,-18.665771484375,3815.063333272934
3854.210000038147,-130.1275634765625,-83.4466552734375,-18.65478515625,3815.1433334350586
3854.285000085831,-129.1058349609375,-83.3587646484375,-18.8525390625,3815.2183334827428
3854.3650000095367,-128.9959716796875,-83.3697509765625,-19.1162109375,3815.2983334064484
3854.440000057221,-128.3367919921875,-83.353271484375,-19.3634033203125,3815.3733334541325
3854.5199999809274,-126.9305419921875,-83.2598876953125,-20.3521728515625,3815.453333377839
3854.59500002861,-126.4471435546875,-83.221435546875,-20.841064453125,3815.5283334255214
3854.674999952316,-126.2603759765625,-83.243408203125,-21.3299560546875,3815.6083333492275
3854.75,-125.8099365234375,-83.25439453125,-21.4398193359375,3815.6833333969116
3854.829999923706,-125.4034423828125,-83.2818603515625,-21.6046142578125,3815.7633333206177
3854.9049999713898,-125.3265380859375,-83.2928466796875,-21.24755859375,3815.8383333683014
3854.984999895096,-125.5792236328125,-83.5015869140625,-20.2587890625,3815.9183332920074
3855.05999994278,-126.068115234375,-83.6883544921875,-19.31396484375,3815.9933333396916
3855.1399998664856,-125.606689453125,-83.8421630859375,-18.193359375,3816.073333263397
3855.214999914169,-126.9854736328125,-83.9630126953125,-17.259521484375,3816.1483333110805
3855.295000076294,-128.5345458984375,-84.2266845703125,-15.35888671875,3816.2283334732056
3855.369999885559,-130.7647705078125,-84.44091796875,-13.7109375,3816.3033332824707
3855.450000047684,-132.1875,-84.6002197265625,-12.4420166015625,3816.383333444596
3855.524999856949,-133.5662841796875,-84.70458984375,-11.5411376953125,3816.4583332538605
3855.6050000190735,-134.703369140625,-84.803466796875,-10.3271484375,3816.538333415985
3855.680000066757,-135.7470703125,-84.92431640625,-8.8385009765625,3816.613333463669
3855.7599999904633,-135.9393310546875,-84.979248046875,-8.0419921875,3816.693333387375
3855.835000038147,-135.52734375,-84.913330078125,-7.8277587890625,3816.7683334350586
3855.914999961853,-135.2691650390625,-84.90234375,-6.9927978515625,3816.8483333587646
3855.9900000095367,-135.9173583984375,-84.9462890625,-6.295166015625,3816.9233334064484
3856.069999933243,-135.3790283203125,-84.913330078125,-6.690673828125,3817.0033333301544
3856.1449999809274,-134.857177734375,-84.7979736328125,-7.3883056640625,3817.078333377839
3856.224999904633,-134.857177734375,-84.6826171875,-7.7508544921875,3817.1583333015446
3856.299999952316,-134.1705322265625,-84.517822265625,-8.94287109375,3817.2333333492275
3856.3799998760223,-133.5333251953125,-84.4134521484375,-9.8822021484375,3817.313333272934
3856.454999923706,-133.5882568359375,-84.3255615234375,-10.404052734375,3817.3883333206177
3856.535000085831,-131.9293212890625,-84.22119140625,-10.7830810546875,3817.4683334827428
3856.609999895096,-131.824951171875,-84.166259765625,-10.634765625,3817.5433332920074
3856.690000057221,-132.5885009765625,-84.2266845703125,-10.096435546875,3817.6233334541325
3856.7649998664856,-131.165771484375,-84.2047119140625,-9.8382568359375,3817.698333263397
3856.84500002861,-131.9952392578125,-84.1552734375,-9.7393798828125,3817.7783334255214
3856.920000076294,-132.71484375,-84.22119140625,-9.3548583984375,3817.8533334732056
3857.0,-133.890380859375,-84.385986328125,-8.3770751953125,3817.9333333969116
3857.075000047684,-135.032958984375,-84.561767578125,-7.5146484375,3818.008333444596
3857.1549999713898,-136.175537109375,-84.7265625,-6.8170166015625,3818.0883333683014
3857.2300000190735,-137.26318359375,-84.90234375,-5.921630859375,3818.163333415985
3857.30999994278,-138.251953125,-85.01220703125,-5.361328125,3818.2433333396916
3857.3849999904633,-138.36181640625,-85.177001953125,-5.438232421875,3818.318333387375
3857.464999914169,-138.6968994140625,-85.2703857421875,-5.80078125,3818.3983333110805
3857.539999961853,-137.603759765625,-85.341796875,-6.8060302734375,3818.4733333587646
3857.619999885559,-137.197265625,-85.3912353515625,-8.0145263671875,3818.5533332824707
3857.694999933243,-135.3570556640625,-85.3857421875,-9.5635986328125,3818.6283333301544
3857.774999856949,-133.3575439453125,-85.308837890625,-11.3818359375,3818.7083332538605
3857.849999904633,-130.8251953125,-85.2978515625,-12.908935546875,3818.7833333015446
3857.930000066757,-129.8638916015625,-85.2374267578125,-14.578857421875,3818.863333463669
3858.0049998760223,-128.4027099609375,-85.198974609375,-16.083984375,3818.938333272934
3858.085000038147,-126.8646240234375,-85.078125,-17.303466796875,3819.0183334350586
3858.160000085831,-125.0518798828125,-85.01220703125,-18.2098388671875,3819.0933334827428
3858.2400000095367,-124.8760986328125,-85.0286865234375,-18.03955078125,3819.1733334064484
3858.315000057221,-125.31005859375,-85.0836181640625,-17.633056640625,3819.2483334541325
3858.3949999809274,-125.1947021484375,-85.0726318359375,-16.468505859375,3819.328333377839
3858.47000002861,-124.815673828125,-85.045166015625,-15.88623046875,3819.4033334255214
3858.549999952316,-125.419921875,-84.9847412109375,-15.040283203125,3819.4833333492275
3858.625,-126.2603759765625,-84.979248046875,-13.51318359375,3819.5583333969116
3858.704999923706,-127.781982421875,-85.0067138671875,-11.8267822265625,3819.6383333206177
3858.7799999713898,-128.60595703125,-85.0341796875,-9.66796875,3819.7133333683014
3858.859999895096,-130.8416748046875,-85.0616455078125,-7.4542236328125,3819.7933332920074
3858.93499994278,-132.220458984375,-85.155029296875,-4.493408203125,3819.8683333396916
3859.0149998664856,-134.75830078125,-85.2484130859375,-1.20849609375,3819.948333263397
3859.089999914169,-137.1697998046875,-85.242919921875,0.9832763671875,3820.0233333110805
3859.170000076294,-139.888916015625,-85.1934814453125,3.7408447265625,3820.1033334732056
3859.244999885559,-143.250732421875,-85.23193359375,7.1026611328125,3820.1783332824707
3859.325000047684,-144.4757080078125,-85.155029296875,9.3603515625,3820.258333444596
3859.399999856949,-145.689697265625,-85.067138671875,11.1126708984375,3820.3333332538605
3859.4800000190735,-146.953125,-84.9188232421875,12.886962890625,3820.413333415985
3859.555000066757,-147.19482421875,-84.7705078125,14.0570068359375,3820.488333463669
3859.6349999904633,-148.3758544921875,-84.6221923828125,14.56787109375,3820.568333387375
3859.710000038147,-147.667236328125,-84.5068359375,14.952392578125,3820.6433334350586
3859.789999961853,-147.3980712890625,-84.364013671875,14.4085693359375,3820.7233333587646
3859.8650000095367,-147.864990234375,-84.2816162109375,14.08447265625,3820.7983334064484
3859.944999933243,-146.898193359375,-84.166259765625,13.2989501953125,3820.8783333301544
3860.0199999809274,-145.78857421875,-84.0618896484375,12.5244140625,3820.953333377839
3860.099999904633,-145.733642578125,-83.9739990234375,11.05224609375,3821.0333333015446
3860.174999952316,-144.766845703125,-83.924560546875,9.7064208984375,3821.1083333492275
3860.2549998760223,-143.426513671875,-83.8641357421875,8.2122802734375,3821.188333272934
3860.329999923706,-141.6851806640625,-83.8092041015625,6.9818115234375,3821.2633333206177
3860.410000085831,-139.98779296875,-83.7762451171875,5.7073974609375,3821.3433334827428
3860.484999895096,-138.3453369140625,-83.726806640625,4.3121337890625,3821.4183332920074
3860.565000057221,-135.999755859375,-83.6663818359375,2.7081298828125,3821.4983334541325
3860.6399998664856,-134.1156005859375,-83.5400390625,0.9173583984375,3821.573333263397
3860.72000002861,-132.8741455078125,-83.51806640625,-0.087890625,3821.6533334255214
3860.795000076294,-131.802978515625,-83.49609375,-1.51611328125,3821.7283334732056
3860.875,-130.726318359375,-83.463134765625,-2.9058837890625,3821.8083333969116
3860.950000047684,-128.935546875,-83.375244140625,-4.6856689453125,3821.883333444596
3861.0299999713898,-128.3038330078125,-83.3587646484375,-5.6414794921875,3821.9633333683014
3861.1050000190735,-127.08984375,-83.375244140625,-6.591796875,3822.038333415985
3861.18499994278,-125.9527587890625,-83.485107421875,-6.976318359375,3822.1183333396916
3861.2599999904633,-126.5240478515625,-83.616943359375,-7.2894287109375,3822.193333387375
3861.339999914169,-125.947265625,-83.726806640625,-7.086181640625,3822.2733333110805
3861.414999961853,-126.0791015625,-83.814697265625,-7.2509765625,3822.3483333587646
3861.494999885559,-126.8701171875,-84.0399169921875,-6.5753173828125,3822.4283332824707
3861.569999933243,-126.826171875,-84.2431640625,-5.5426025390625,3822.5033333301544
3861.649999856949,-127.63916015625,-84.35302734375,-4.9383544921875,3822.5833332538605
3861.724999904633,-128.16650390625,-84.48486328125,-4.4439697265625,3822.6583333015446
3861.805000066757,-128.759765625,-84.6002197265625,-3.5980224609375,3822.738333463669
3861.8799998760223,-129.078369140625,-84.7265625,-2.65869140625,3822.813333272934
3861.960000038147,-129.913330078125,-84.8199462890625,-2.142333984375,3822.8933334350586
3862.035000085831,-130.45166015625,-84.8419189453125,-1.9171142578125,3822.9683334827428
3862.1150000095367,-131.033935546875,-84.8583984375,-1.5435791015625,3823.0483334064484
3862.190000057221,-132.088623046875,-84.9517822265625,-0.8843994140625,3823.1233334541325
3862.2699999809274,-133.5003662109375,-85.0286865234375,-0.087890625,3823.203333377839
3862.34500002861,-133.4454345703125,-85.1385498046875,1.1260986328125,3823.2783334255214
3862.424999952316,-135.615234375,-85.2593994140625,2.0489501953125,3823.3583333492275
3862.5,-136.5380859375,-85.4351806640625,2.955322265625,3823.4333333969116
3862.579999923706,-138.328857421875,-85.5340576171875,3.702392578125,3823.5133333206177
3862.6549999713898,-138.9056396484375,-85.60546875,4.976806640625,3823.5883333683014
3862.734999895096,-140.306396484375,-85.7098388671875,5.6854248046875,3823.6683332920074
3862.80999994278,-142.2015380859375,-85.8526611328125,7.03125,3823.7433333396916
3862.8899998664856,-143.031005859375,-85.9735107421875,8.2452392578125,3823.823333263397
3862.964999914169,-145.3985595703125,-86.0833740234375,9.82177734375,3823.8983333110805
3863.045000076294,-147.1453857421875,-86.231689453125,12.1563720703125,3823.9783334732056
3863.119999885559,-149.0350341796875,-86.30859375,13.7713623046875,3824.0533332824707
3863.200000047684,-151.2542724609375,-86.4019775390625,14.8809814453125,3824.133333444596
3863.274999856949,-153.0670166015625,-86.3909912109375,15.4852294921875,3824.2083332538605
3863.3550000190735,-153.8470458984375,-86.3580322265625,15.3369140625,3824.288333415985
3863.430000066757,-153.39111328125,-86.3250732421875,14.853515625,3824.363333463669
3863.5099999904633,-154.6435546875,-86.341552734375,15.5126953125,3824.443333387375
3863.585000038147,-156.3958740234375,-86.385498046875,16.32568359375,3824.5183334350586
3863.664999961853,-157.08251953125,-86.4019775390625,17.2430419921875,3824.5983333587646
3863.7400000095367,-156.4947509765625,-86.3909912109375,16.875,3824.6733334064484
3863.819999933243,-158.0712890625,-86.3360595703125,17.2265625,3824.7533333301544
3863.8949999809274,-159.7027587890625,-86.3031005859375,18.0120849609375,3824.828333377839
3863.974999904633,-160.64208984375,-86.2371826171875,18.314208984375,3824.9083333015446
3864.049999952316,-160.29052734375,-86.1932373046875,18.9404296875,3824.9833333492275
3864.1299998760223,-159.9224853515625,-86.099853515625,18.8580322265625,3825.063333272934
3864.204999923706,-162.0758056640625,-86.0723876953125,19.5721435546875,3825.1383333206177
3864.285000085831,-164.15771484375,-86.0394287109375,21.2530517578125,3825.2183334827428
3864.359999895096,-165.322265625,-86.0174560546875,22.3516845703125,3825.2933332920074
3864.440000057221,-165.5255126953125,-85.9515380859375,21.829833984375,3825.3733334541325
3864.5149998664856,-165.926513671875,-85.8746337890625,21.7034912109375,3825.448333263397
3864.59500002861,-165.6683349609375,-85.8306884765625,21.1322021484375,3825.5283334255214
3864.670000076294,-164.058837890625,-85.7208251953125,19.808349609375,3825.6033334732056
3864.75,-162.6470947265625,-85.616455078125,18.544921875,3825.6833333969116
3864.825000047684,-163.509521484375,-85.5230712890625,17.698974609375,3825.758333444596
3864.9049999713898,-161.773681640625,-85.4571533203125,16.58935546875,3825.8383333683014
3864.9800000190735,-160.631103515625,-85.341796875,15.1995849609375,3825.913333415985
3865.05999994278,-159.7137451171875,-85.286865234375,14.6942138671875,3825.9933333396916
3865.1349999904633,-159.67529296875,-85.2154541015625,14.23828125,3826.068333387375
3865.214999914169,-161.1309814453125,-85.2099609375,15.150146484375,3826.1483333110805
3865.289999961853,-160.81787109375,-85.155029296875,15.0128173828125,3826.2233333587646
3865.369999885559,-160.279541015625,-85.067138671875,15.2874755859375,3826.3033332824707
3865.444999933243,-160.3619384765625,-85.023193359375,15.7049560546875,3826.3783333301544
3865.524999856949,-162.66357421875,-85.0067138671875,17.435302734375,3826.4583332538605
3865.599999904633,-163.7347412109375,-85.045166015625,18.6328125,3826.5333333015446
3865.680000066757,-163.377685546875,-85.01220703125,19.84130859375,3826.613333463669
3865.7549998760223,-164.190673828125,-84.9517822265625,21.522216796875,3826.688333272934
3865.835000038147,-166.0418701171875,-84.9462890625,24.1424560546875,3826.7683334350586
3865.910000085831,-168.9697265625,-84.9407958984375,25.872802734375,3826.8433334827428
3865.9900000095367,-170.1947021484375,-84.90234375,27.169189453125,3826.9233334064484
3866.065000057221,-171.661376953125,-84.869384765625,28.3172607421875,3826.9983334541325
3866.1449999809274,-172.7215576171875,-84.8583984375,30.157470703125,3827.078333377839
3866.22000002861,-175.80322265625,-84.8419189453125,32.1240234375,3827.1533334255214
3866.299999952316,-176.8414306640625,-84.83642578125,33.5357666015625,3827.2333333492275
3866.375,-176.4788818359375,-84.803466796875,34.0301513671875,3827.3083333969116
3866.454999923706,-176.4898681640625,-84.759521484375,33.892822265625,3827.3883333206177
3866.5299999713898,-177.6654052734375,-84.7100830078125,34.3707275390625,3827.4633333683014
3866.609999895096,-178.08837890625,-84.693603515625,33.94775390625,3827.5433332920074
3866.68499994278,-177.550048828125,-84.6826171875,32.4151611328125,3827.6183333396916
3866.7649998664856,-176.0943603515625,-84.6551513671875,30.43212890625,3827.698333263397
3866.839999914169,-173.397216796875,-84.583740234375,28.004150390625,3827.7733333110805
3866.920000076294,-170.4693603515625,-84.57275390625,25.015869140625,3827.8533334732056
3866.994999885559,-167.71728515625,-84.4683837890625,22.005615234375,3827.9283332824707
3867.075000047684,-163.5589599609375,-84.4134521484375,18.2098388671875,3828.008333444596
3867.149999856949,-159.9334716796875,-84.30908203125,14.5623779296875,3828.0833332538605
3867.2300000190735,-157.4066162109375,-84.2156982421875,10.8984375,3828.163333415985
3867.305000066757,-153.4075927734375,-84.078369140625,7.5311279296875,3828.238333463669
3867.3849999904633,-149.798583984375,-83.968505859375,4.85595703125,3828.318333387375
3867.460000038147,-146.282958984375,-83.8531494140625,2.0379638671875,3828.3933334350586
3867.539999961853,-144.0692138671875,-83.7982177734375,0.0604248046875,3828.4733333587646
3867.6150000095367,-141.7071533203125,-83.7322998046875,-1.4227294921875,3828.5483334064484
3867.694999933243,-140.5426025390625,-83.748779296875,-2.83447265625,3828.6283333301544
3867.7699999809274,-140.086669921875,-83.792724609375,-3.966064453125,3828.703333377839
3867.849999904633,-138.9111328125,-83.7432861328125,-4.822998046875,3828.7833333015446
3867.924999952316,-138.394775390625,-83.8201904296875,-4.6307373046875,3828.8583333492275
3868.0049998760223,-138.69140625,-83.946533203125,-4.1473388671875,3828.938333272934
3868.079999923706,-140.745849609375,-84.210205078125,-2.4554443359375,3829.0133333206177
3868.160000085831,-142.2674560546875,-84.4189453125,-0.4559326171875,3829.0933334827428
3868.234999895096,-143.5748291015625,-84.5068359375,1.0546875,3829.1683332920074
3868.315000057221,-145.3765869140625,-84.671630859375,3.1640625,3829.2483334541325
3868.3899998664856,-147.65625,-84.83642578125,5.9765625,3829.323333263397
3868.47000002861,-149.21630859375,-84.9627685546875,8.1903076171875,3829.4033334255214
3868.545000076294,-151.578369140625,-85.0836181640625,9.9481201171875,3829.4783334732056
3868.625,-152.2100830078125,-85.0836181640625,10.8929443359375,3829.5583333969116
3868.700000047684,-153.0670166015625,-85.0946044921875,11.5191650390625,3829.633333444596
3868.7799999713898,-154.4842529296875,-85.0946044921875,11.920166015625,3829.7133333683014
3868.8550000190735,-155.1873779296875,-85.0506591796875,11.3323974609375,3829.788333415985
3868.93499994278,-155.8135986328125,-85.01220703125,11.2005615234375,3829.8683333396916
3869.0099999904633,-155.4840087890625,-85.01220703125,10.2337646484375,3829.943333387375
3869.089999914169,-154.4622802734375,-84.9298095703125,8.9703369140625,3830.0233333110805
3869.164999961853,-153.5174560546875,-84.88037109375,7.7838134765625,3830.0983333587646
3869.244999885559,-153.7042236328125,-84.847412109375,6.9158935546875,3830.1783332824707
3869.319999933243,-152.8582763671875,-84.8419189453125,6.141357421875,3830.2533333301544
3869.399999856949,-150.589599609375,-84.7979736328125,5.07568359375,3830.3333332538605
3869.474999904633,-149.3316650390625,-84.7265625,3.6474609375,3830.4083333015446
3869.555000066757,-148.743896484375,-84.6551513671875,3.2080078125,3830.488333463669
3869.6299998760223,-148.271484375,-84.5947265625,2.625732421875,3830.563333272934
3869.710000038147,-147.601318359375,-84.561767578125,1.988525390625,3830.6433334350586
3869.785000085831,-147.67822265625,-84.539794921875,2.1368408203125,3830.7183334827428
3869.8650000095367,-147.8375244140625,-84.5123291015625,2.900390625,3830.7983334064484
3869.940000057221,-147.535400390625,-84.48486328125,2.74658203125,3830.8733334541325
3870.0199999809274,-147.7496337890625,-84.5233154296875,3.427734375,3830.953333377839
3870.09500002861,-148.414306640625,-84.5452880859375,3.4771728515625,3831.0283334255214
3870.174999952316,-149.2657470703125,-84.57275390625,3.9605712890625,3831.1083333492275
3870.25,-149.534912109375,-84.55078125,4.1748046875,3831.1833333969116
3870.329999923706,-151.19384765625,-84.61669921875,5.306396484375,3831.2633333206177
3870.4049999713898,-153.3251953125,-84.693603515625,6.83349609375,3831.3383333683014
3870.484999895096,-154.2425537109375,-84.737548828125,8.0694580078125,3831.4183332920074
3870.55999994278,-154.2645263671875,-84.759521484375,8.5858154296875,3831.4933333396916
3870.6399998664856,-155.950927734375,-84.7430419921875,9.4866943359375,3831.573333263397
3870.714999914169,-155.555419921875,-84.7540283203125,10.17333984375,3831.6483333110805
3870.795000076294,-156.082763671875,-84.7210693359375,10.4425048828125,3831.7283334732056
3870.869999885559,-157.30224609375,-84.7430419921875,10.6182861328125,3831.8033332824707
3870.950000047684,-157.2198486328125,-84.7210693359375,10.107421875,3831.883333444596
3871.024999856949,-156.90673828125,-84.61669921875,9.3768310546875,3831.9583332538605
3871.1050000190735,-156.038818359375,-84.5672607421875,8.3331298828125,3832.038333415985
3871.180000066757,-154.0777587890625,-84.48486328125,7.3004150390625,3832.113333463669
3871.2599999904633,-152.9681396484375,-84.462890625,5.9930419921875,3832.193333387375
3871.335000038147,-152.2869873046875,-84.3585205078125,4.89990234375,3832.2683334350586
3871.414999961853,-151.534423828125,-84.2376708984375,3.5650634765625,3832.3483333587646
3871.4900000095367,-150.09521484375,-84.1497802734375,1.8621826171875,3832.4233334064484
3871.569999933243,-148.9471435546875,-84.0618896484375,0.692138671875,3832.5033333301544
3871.6449999809274,-147.7056884765625,-84.00146484375,-0.076904296875,3832.578333377839
3871.724999904633,-147.1124267578125,-83.9190673828125,-1.329345703125,3832.6583333015446
3871.799999952316,-145.316162109375,-83.7762451171875,-3.0267333984375,3832.7333333492275
3871.8799998760223,-144.327392578125,-83.6224365234375,-4.5538330078125,3832.813333272934
3871.954999923706,-143.8385009765625,-83.5565185546875,-5.3887939453125,3832.8883333206177
3872.035000085831,-143.6627197265625,-83.551025390625,-6.064453125,3832.9683334827428
3872.109999895096,-143.909912109375,-83.5345458984375,-6.8389892578125,3833.0433332920074
3872.190000057221,-143.8055419921875,-83.5455322265625,-7.3333740234375,3833.1233334541325
3872.2649998664856,-143.8055419921875,-83.583984375,-7.7398681640625,3833.198333263397
3872.34500002861,-143.85498046875,-83.638916015625,-7.987060546875,3833.2783334255214
3872.420000076294,-144.4866943359375,-83.638916015625,-8.1463623046875,3833.3533334732056
3872.5,-144.84375,-83.704833984375,-7.4981689453125,3833.4333333969116
3872.575000047684,-145.48095703125,-83.792724609375,-6.48193359375,3833.508333444596
3872.6549999713898,-146.66748046875,-83.91357421875,-5.38330078125,3833.5883333683014
3872.7300000190735,-147.183837890625,-84.0179443359375,-4.50439453125,3833.663333415985
3872.80999994278,-148.2330322265625,-84.0673828125,-3.33984375,3833.7433333396916
3872.8849999904633,-149.3206787109375,-84.166259765625,-1.318359375,3833.818333387375
3872.964999914169,-149.798583984375,-84.2596435546875,-0.4229736328125,3833.8983333110805
3873.039999961853,-150.1666259765625,-84.3365478515625,0.0714111328125,3833.9733333587646
3873.119999885559,-151.270751953125,-84.3310546875,0.8184814453125,3834.0533332824707
3873.194999933243,-152.3583984375,-84.4134521484375,1.4666748046875,3834.1283333301544
3873.274999856949,-152.9681396484375,-84.4683837890625,2.6971435546875,3834.2083332538605
3873.349999904633,-154.2095947265625,-84.55078125,3.2958984375,3834.2833333015446
3873.430000066757,-153.2977294921875,-84.48486328125,2.977294921875,3834.363333463669
3873.5049998760223,-153.2757568359375,-84.4354248046875,2.4664306640625,3834.438333272934
3873.585000038147,-152.7703857421875,-84.3310546875,2.0050048828125,3834.5183334350586
3873.660000085831,-151.435546875,-84.26513671875,1.175537109375,3834.5933334827428
3873.7400000095367,-150.4742431640625,-84.17724609375,0.3076171875,3834.6733334064484
3873.815000057221,-149.0130615234375,-84.0618896484375,-0.85693359375,3834.7483334541325
3873.8949999809274,-147.5628662109375,-83.9300537109375,-1.6973876953125,3834.828333377839
3873.97000002861,-147.3870849609375,-83.8970947265625,-2.362060546875,3834.9033334255214
3874.049999952316,-146.8487548828125,-83.8092041015625,-3.1365966796875,3834.9833333492275
3874.125,-145.7391357421875,-83.64990234375,-4.185791015625,3835.0583333969116
3874.204999923706,-145.810546875,-83.5455322265625,-5.20751953125,3835.1383333206177
3874.2799999713898,-145.72265625,-83.51806640625,-5.1251220703125,3835.2133333683014
3874.359999895096,-146.2060546875,-83.5015869140625,-5.20751953125,3835.2933332920074
3874.43499994278,-146.66748046875,-83.4466552734375,-4.471435546875,3835.3683333396916
3874.5149998664856,-147.9254150390625,-83.463134765625,-3.22998046875,3835.448333263397
3874.589999914169,-149.073486328125,-83.4356689453125,-2.164306640625,3835.5233333110805
3874.670000076294,-150.0018310546875,-83.4796142578125,-0.6536865234375,3835.6033334732056
3874.744999885559,-150.6829833984375,-83.5235595703125,1.0272216796875,3835.6783332824707
3874.825000047684,-152.138671875,-83.49609375,2.3895263671875,3835.758333444596
3874.899999856949,-152.567138671875,-83.4466552734375,3.6749267578125,3835.8333332538605
3874.9800000190735,-153.6822509765625,-83.4027099609375,4.6527099609375,3835.913333415985
3875.055000066757,-155.28076171875,-83.4027099609375,5.3668212890625,3835.988333463669
3875.1349999904633,-156.2860107421875,-83.419189453125,6.668701171875,3836.068333387375
3875.210000038147,-157.950439453125,-83.47412109375,7.987060546875,3836.1433334350586
3875.289999961853,-158.9996337890625,-83.507080078125,8.6956787109375,3836.2233333587646
3875.3650000095367,-159.884033203125,-83.5675048828125,9.404296875,3836.2983334064484
3875.444999933243,-160.4608154296875,-83.5784912109375,9.6734619140625,3836.3783333301544
3875.5199999809274,-159.884033203125,-83.51806640625,9.1680908203125,3836.453333377839
3875.599999904633,-159.1754150390625,-83.4796142578125,8.59130859375,3836.5333333015446
3875.674999952316,-159.1754150390625,-83.529052734375,8.3001708984375,3836.6083333492275
3875.7549998760223,-157.587890625,-83.5784912109375,7.1575927734375,3836.688333272934
3875.829999923706,-155.7147216796875,-83.594970703125,5.69091796875,3836.7633333206177
3875.910000085831,-154.1986083984375,-83.616943359375,4.4219970703125,3836.8433334827428
3875.984999895096,-153.819580078125,-83.6663818359375,3.8397216796875,3836.9183332920074
3876.065000057221,-153.2098388671875,-83.7762451171875,3.09814453125,3836.9983334541325
3876.1399998664856,-151.5179443359375,-83.7872314453125,1.845703125,3837.073333263397
3876.22000002861,-150.303955078125,-83.8531494140625,1.318359375,3837.1533334255214
3876.295000076294,-149.2218017578125,-83.8531494140625,0.5548095703125,3837.2283334732056
3876.375,-148.721923828125,-83.946533203125,-0.0384521484375,3837.3083333969116
3876.450000047684,-148.3209228515625,-84.012451171875,0.0384521484375,3837.383333444596
3876.5299999713898,-147.5958251953125,-84.0509033203125,-0.54931640625,3837.4633333683014
3876.6050000190735,-147.041015625,-84.0509033203125,-0.6866455078125,3837.538333415985
3876.68499994278,-147.7001953125,-84.08935546875,-0.439453125,3837.6183333396916
3876.7599999904633,-149.08447265625,-84.2431640625,0.6976318359375,3837.693333387375
3876.839999914169,-150.6005859375,-84.3695068359375,2.010498046875,3837.7733333110805
3876.914999961853,-151.6387939453125,-84.451904296875,3.3343505859375,3837.8483333587646
3876.994999885559,-152.083740234375,-84.4189453125,3.84521484375,3837.9283332824707
3877.069999933243,-152.852783203125,-84.451904296875,4.8175048828125,3838.0033333301544
3877.149999856949,-155.4510498046875,-84.5562744140625,6.9488525390625,3838.0833332538605
3877.224999904633,-156.37939453125,-84.638671875,8.778076171875,3838.1583333015446
3877.305000066757,-156.86279296875,-84.5947265625,9.569091796875,3838.238333463669
3877.3799998760223,-157.6263427734375,-84.539794921875,9.99755859375,3838.313333272934
3877.460000038147,-159.49951171875,-84.473876953125,11.107177734375,3838.3933334350586
3877.535000085831,-161.0870361328125,-84.4793701171875,12.623291015625,3838.4683334827428
3877.6150000095367,-160.2740478515625,-84.4134521484375,12.7276611328125,3838.5483334064484
3877.690000057221,-159.0325927734375,-84.3310546875,11.6839599609375,3838.6233334541325
3877.7699999809274,-158.4393310546875,-84.254150390625,10.447998046875,3838.703333377839
3877.84500002861,-157.60986328125,-84.1607666015625,8.975830078125,3838.7783334255214
3877.924999952316,-156.697998046875,-84.0728759765625,7.0751953125,3838.8583333492275
3878.0,-154.8028564453125,-83.924560546875,5.03173828125,3838.9333333969116
3878.079999923706,-152.490234375,-83.792724609375,2.6092529296875,3839.0133333206177
3878.1549999713898,-151.3421630859375,-83.5784912109375,0.955810546875,3839.0883333683014
3878.234999895096,-149.8974609375,-83.47412109375,-0.4010009765625,3839.1683332920074
3878.30999994278,-148.4088134765625,-83.3587646484375,-1.9610595703125,3839.2433333396916
3878.3899998664856,-146.8212890625,-83.2763671875,-2.9827880859375,3839.323333263397
3878.464999914169,-146.502685546875,-83.111572265625,-3.614501953125,3839.3983333110805
3878.545000076294,-146.5850830078125,-83.0401611328125,-4.04296875,3839.4783334732056
3878.619999885559,-146.71142578125,-82.9522705078125,-4.46044921875,3839.5533332824707
3878.700000047684,-146.1785888671875,-82.9522705078125,-4.207763671875,3839.633333444596
3878.774999856949,-146.9036865234375,-83.0072021484375,-3.5870361328125,3839.7083332538605
3878.8550000190735,-147.0849609375,-83.0126953125,-2.8509521484375,3839.788333415985
3878.930000066757,-147.8594970703125,-83.0072021484375,-2.1478271484375,3839.863333463669
3879.0099999904633,-149.9688720703125,-83.089599609375,-0.50537109375,3839.943333387375
3879.085000038147,-151.5728759765625,-83.2049560546875,1.0821533203125,3840.0183334350586
3879.164999961853,-153.094482421875,-83.265380859375,2.39501953125,3840.0983333587646
3879.2400000095367,-154.3194580078125,-83.34228515625,3.856201171875,3840.1733334064484
3879.319999933243,-155.0555419921875,-83.38623046875,5.526123046875,3840.2533333301544
3879.3949999809274,-157.4395751953125,-83.4466552734375,7.4542236328125,3840.328333377839
3879.474999904633,-160.5047607421875,-83.60595703125,10.2667236328125,3840.4083333015446
3879.549999952316,-161.9219970703125,-83.7158203125,11.9970703125,3840.4833333492275
3879.6299998760223,-163.751220703125,-83.748779296875,13.5516357421875,3840.563333272934
3879.704999923706,-165.4595947265625,-83.8311767578125,15.380859375,3840.6383333206177
3879.785000085831,-166.904296875,-83.8751220703125,17.0947265625,3840.7183334827428
3879.859999895096,-167.156982421875,-83.9080810546875,17.46826171875,3840.7933332920074
3879.940000057221,-166.728515625,-83.9739990234375,17.6220703125,3840.8733334541325
3880.0149998664856,-167.3822021484375,-84.012451171875,17.4188232421875,3840.948333263397
3880.09500002861,-166.805419921875,-84.00146484375,16.710205078125,3841.0283334255214
3880.170000076294,-165.3826904296875,-84.056396484375,16.2982177734375,3841.1033334732056
3880.25,-164.2950439453125,-84.100341796875,15.1885986328125,3841.1833333969116
3880.325000047684,-162.740478515625,-84.111328125,13.7713623046875,3841.258333444596
3880.4049999713898,-159.4061279296875,-84.0069580078125,10.8599853515625,3841.3383333683014
3880.4800000190735,-156.390380859375,-83.9794921875,8.41552734375,3841.413333415985
3880.55999994278,-153.65478515625,-83.880615234375,6.2567138671875,3841.4933333396916
3880.6349999904633,-152.2265625,-83.82568359375,4.19677734375,3841.568333387375
3880.714999914169,-150.721435546875,-83.8201904296875,1.9775390625,3841.6483333110805
3880.789999961853,-149.58984375,-83.814697265625,-0.0384521484375,3841.7233333587646
3880.869999885559,-148.095703125,-83.836669921875,-1.58203125,3841.8033332824707
3880.944999933243,-147.030029296875,-83.8037109375,-3.0047607421875,3841.8783333301544
3881.024999856949,-145.8984375,-83.7762451171875,-3.9276123046875,3841.9583332538605
3881.099999904633,-145.7666015625,-83.7872314453125,-4.46044921875,3842.0333333015446
3881.180000066757,-145.601806640625,-83.8037109375,-4.4384765625,3842.113333463669
3881.2549998760223,-146.9256591796875,-83.880615234375,-3.636474609375,3842.188333272934
3881.335000038147,-148.46923828125,-83.9794921875,-2.74658203125,3842.2683334350586
3881.410000085831,-149.4085693359375,-84.00146484375,-2.109375,3842.3433334827428
3881.4900000095367,-151.1444091796875,-84.08935546875,-0.87890625,3842.4233334064484
3881.565000057221,-153.30322265625,-84.1717529296875,0.7086181640625,3842.4983334541325
3881.6449999809274,-154.632568359375,-84.2431640625,2.603759765625,3842.578333377839
3881.72000002861,-155.8026123046875,-84.3035888671875,4.1253662109375,3842.6533334255214
3881.799999952316,-157.906494140625,-84.3310546875,6.0479736328125,3842.7333333492275
3881.875,-159.5599365234375,-84.35302734375,8.2452392578125,3842.8083333969116
3881.954999923706,-162.04833984375,-84.4134521484375,11.162109375,3842.8883333206177
3882.0299999713898,-165.311279296875,-84.5233154296875,14.9578857421875,3842.9633333683014
3882.109999895096,-168.8873291015625,-84.583740234375,18.6602783203125,3843.0433332920074
3882.18499994278,-170.936279296875,-84.6221923828125,20.950927734375,3843.1183333396916
3882.2649998664856,-172.781982421875,-84.5892333984375,23.00537109375,3843.198333263397
3882.339999914169,-175.3033447265625,-84.5947265625,25.499267578125,3843.2733333110805
3882.420000076294,-177.989501953125,-84.55078125,27.762451171875,3843.3533334732056
3882.494999885559,-178.472900390625,-84.605712890625,28.1414794921875,3843.4283332824707
3882.575000047684,-177.2259521484375,-84.5452880859375,27.6141357421875,3843.508333444596
3882.649999856949,-176.6436767578125,-84.495849609375,27.2845458984375,3843.5833332538605
3882.7300000190735,-174.6771240234375,-84.5123291015625,27.4273681640625,3843.663333415985
3882.805000066757,-173.726806640625,-84.5233154296875,25.784912109375,3843.738333463669
3882.8849999904633,-169.8431396484375,-84.5013427734375,22.467041015625,3843.818333387375
3882.960000038147,-165.6298828125,-84.429931640625,19.05029296875,3843.8933334350586
3883.039999961853,-162.6470947265625,-84.3695068359375,16.10595703125,3843.9733333587646
3883.1150000095367,-159.76318359375,-84.320068359375,13.7493896484375,3844.0483334064484
3883.194999933243,-156.346435546875,-84.2266845703125,9.3988037109375,3844.1283333301544
3883.2699999809274,-152.0782470703125,-84.056396484375,5.25146484375,3844.203333377839
3883.349999904633,-148.2659912109375,-83.8311767578125,1.845703125,3844.2833333015446
3883.424999952316,-145.56884765625,-83.6883544921875,-0.9613037109375,3844.3583333492275
3883.5049998760223,-142.064208984375,-83.5455322265625,-4.163818359375,3844.438333272934
3883.579999923706,-139.5208740234375,-83.38623046875,-6.6851806640625,3844.5133333206177
3883.660000085831,-137.032470703125,-83.177490234375,-9.1021728515625,3844.5933334827428
3883.734999895096,-134.0826416015625,-83.0511474609375,-10.7611083984375,3844.6683332920074
3883.815000057221,-132.769775390625,-83.056640625,-11.79931640625,3844.7483334541325
3883.8899998664856,-131.2591552734375,-83.1280517578125,-11.9256591796875,3844.823333263397
3883.97000002861,-130.1715087890625,-83.1280517578125,-12.2222900390625,3844.9033334255214
3884.045000076294,-129.7705078125,-83.243408203125,-11.8157958984375,3844.9783334732056
3884.125,-129.935302734375,-83.3917236328125,-11.129150390625,3845.0583333969116
3884.200000047684,-130.45166015625,-83.6444091796875,-9.8272705078125,3845.133333444596
3884.2799999713898,-132.6214599609375,-83.9520263671875,-8.0584716796875,3845.2133333683014
3884.3550000190735,-134.637451171875,-84.19921875,-5.6854248046875,3845.288333415985
3884.43499994278,-136.86767578125,-84.3914794921875,-2.70263671875,3845.3683333396916
3884.5099999904633,-139.229736328125,-84.5782470703125,0.2691650390625,3845.443333387375
3884.589999914169,-141.87744140625,-84.803466796875,4.010009765625,3845.5233333110805
3884.664999961853,-145.12939453125,-84.9737548828125,7.7069091796875,3845.5983333587646
3884.744999885559,-147.886962890625,-85.0341796875,10.83251953125,3845.6783332824707
3884.819999933243,-150.8807373046875,-85.078125,13.6669921875,3845.7533333301544
3884.899999856949,-154.3084716796875,-85.177001953125,17.6385498046875,3845.8333332538605
3884.974999904633,-156.016845703125,-85.1605224609375,20.3082275390625,3845.9083333015446
3885.055000066757,-157.005615234375,-85.111083984375,21.6156005859375,3845.988333463669
3885.1299998760223,-157.0330810546875,-84.9847412109375,22.115478515625,3846.063333272934
3885.210000038147,-155.8135986328125,-84.814453125,21.851806640625,3846.1433334350586
3885.285000085831,-153.138427734375,-84.6112060546875,20.1214599609375,3846.2183334827428
3885.3650000095367,-150.084228515625,-84.3310546875,18.45703125,3846.2983334064484
3885.440000057221,-146.964111328125,-84.0399169921875,15.545654296875,3846.3733334541325
3885.5199999809274,-144.4207763671875,-83.7158203125,12.4969482421875,3846.453333377839
3885.59500002861,-141.1578369140625,-83.3258056640625,9.7723388671875,3846.5283334255214
3885.674999952316,-137.779541015625,-82.869873046875,7.0257568359375,3846.6083333492275
3885.75,-134.7747802734375,-82.496337890625,5.306396484375,3846.6833333969116
3885.829999923706,-132.1929931640625,-82.19970703125,4.1912841796875,3846.7633333206177
3885.9049999713898,-131.099853515625,-82.0074462890625,3.6859130859375,3846.8383333683014
3885.984999895096,-129.08935546875,-81.7987060546875,3.856201171875,3846.9183332920074
3886.05999994278,-128.177490234375,-81.6778564453125,4.2572021484375,3846.9933333396916
3886.1399998664856,-127.33154296875,-81.6668701171875,5.42724609375,3847.073333263397
3886.214999914169,-127.8863525390625,-81.7547607421875,6.8389892578125,3847.1483333110805
3886.295000076294,-128.792724609375,-81.9744873046875,8.6297607421875,3847.2283334732056
3886.369999885559,-129.869384765625,-82.254638671875,10.7940673828125,3847.3033332824707
3886.450000047684,-131.63818359375,-82.6336669921875,13.5626220703125,3847.383333444596
3886.524999856949,-133.5772705078125,-83.067626953125,16.9024658203125,3847.4583332538605
3886.6050000190735,-136.5435791015625,-83.529052734375,21.1651611328125,3847.538333415985
3886.680000066757,-139.37255859375,-83.946533203125,25.257568359375,3847.613333463669
3886.7599999904633,-142.5201416015625,-84.3585205078125,30.355224609375,3847.693333387375
3886.835000038147,-146.9586181640625,-84.7705078125,35.6451416015625,3847.7683334350586
3886.914999961853,-151.6058349609375,-85.1715087890625,41.4019775390625,3847.8483333587646
3886.9900000095367,-156.214599609375,-85.4791259765625,46.25244140625,3847.9233334064484
3887.069999933243,-161.3507080078125,-85.7867431640625,52.05322265625,3848.0033333301544
3887.1449999809274,-166.278076171875,-86.0394287109375,57.0904541015625,3848.078333377839
3887.224999904633,-171.859130859375,-86.28662109375,62.281494140625,3848.1583333015446
3887.299999952316,-176.7095947265625,-86.5008544921875,66.9781494140625,3848.2333333492275
3887.3799998760223,177.989501953125,-86.759033203125,71.5484619140625,3848.313333272934
3887.454999923706,173.86962890625,-86.9952392578125,74.42138671875,3848.3883333206177
3887.535000085831,169.0081787109375,-87.2479248046875,77.2174072265625,3848.4683334827428
3887.609999895096,163.388671875,-87.4566650390625,81.6119384765625,3848.5433332920074
3887.690000057221,157.071533203125,-87.6544189453125,86.934814453125,3848.6233334541325
3887.7649998664856,151.1114501953125,-87.8411865234375,91.2908935546875,3848.698333263397
3887.84500002861,143.4210205078125,-88.033447265625,97.196044921875,3848.7783334255214
3887.920000076294,136.3018798828125,-88.1817626953125,102.886962890625,3848.8533334732056
3888.0,127.2821044921875,-88.2806396484375,110.10498046875,3848.9333333969116
3888.075000047684,119.06982421875,-88.3026123046875,116.806640625,3849.008333444596
3888.1549999713898,111.368408203125,-88.2476806640625,122.882080078125,3849.0883333683014
3888.2300000190735,107.0782470703125,-88.1927490234375,126.1065673828125,3849.163333415985
3888.30999994278,103.9141845703125,-88.1158447265625,128.1390380859375,3849.2433333396916
3888.3849999904633,101.2115478515625,-88.0059814453125,129.5947265625,3849.318333387375
3888.464999914169,101.27197265625,-87.901611328125,128.4906005859375,3849.3983333110805
3888.539999961853,102.161865234375,-87.7203369140625,127.320556640625,3849.4733333587646
3888.619999885559,101.9091796875,-87.5225830078125,126.5130615234375,3849.5533332824707
3888.694999933243,101.7388916015625,-87.4127197265625,126.002197265625,3849.6283333301544
3888.774999856949,100.469970703125,-87.2808837890625,126.2493896484375,3849.7083332538605
3888.849999904633,100.0469970703125,-87.25341796875,125.4803466796875,3849.7833333015446
3888.930000066757,100.0140380859375,-87.29736328125,124.3597412109375,3849.863333463669
3889.0049998760223,99.5416259765625,-87.42919921875,123.8214111328125,3849.938333272934
3889.085000038147,97.8607177734375,-87.615966796875,124.486083984375,3850.0183334350586
3889.160000085831,95.3338623046875,-87.7752685546875,126.1395263671875,3850.0933334827428
3889.2400000095367,90.3900146484375,-87.791748046875,130.2813720703125,3850.1733334064484
3889.315000057221,86.495361328125,-87.64892578125,133.4674072265625,3850.2483334541325
3889.3949999809274,83.3642578125,-87.451171875,135.626220703125,3850.328333377839
3889.47000002861,81.3592529296875,-87.3358154296875,136.318359375,3850.4033334255214
3889.549999952316,79.8760986328125,-87.2039794921875,136.6259765625,3850.4833333492275
3889.625,78.563232421875,-87.0391845703125,136.8072509765625,3850.5583333969116
3889.704999923706,76.739501953125,-86.9403076171875,137.098388671875,3850.6383333206177
3889.7799999713898,75.201416015625,-86.8634033203125,137.4444580078125,3850.7133333683014
3889.859999895096,73.1085205078125,-86.8084716796875,138.4112548828125,3850.7933332920074
3889.93499994278,70.6036376953125,-86.77001953125,139.7735595703125,3850.8683333396916
3890.0149998664856,68.1646728515625,-86.781005859375,140.91064453125,3850.948333263397
3890.089999914169,66.082763671875,-86.7864990234375,141.70166015625,3851.0233333110805
3890.170000076294,63.468017578125,-86.81396484375,142.767333984375,3851.1033334732056
3890.244999885559,61.6937255859375,-86.8304443359375,143.0584716796875,3851.1783332824707
3890.325000047684,60.13916015625,-86.7974853515625,143.184814453125,3851.258333444596
3890.399999856949,58.46923828125,-86.737060546875,143.3221435546875,3851.3333332538605
3890.4800000190735,56.66748046875,-86.649169921875,143.26171875,3851.413333415985
3890.555000066757,55.1019287109375,-86.5557861328125,143.2012939453125,3851.488333463669
3890.6349999904633,53.0145263671875,-86.4349365234375,143.4210205078125,3851.568333387375
3890.710000038147,51.591796875,-86.3360595703125,143.096923828125,3851.6433334350586
3890.789999961853,50.5645751953125,-86.2042236328125,142.2509765625,3851.7233333587646
3890.8650000095367,50.020751953125,-86.02294921875,141.1798095703125,3851.7983334064484
3890.944999933243,49.3505859375,-85.814208984375,139.8834228515625,3851.8783333301544
3891.0199999809274,48.7738037109375,-85.5999755859375,138.4661865234375,3851.953333377839
3891.099999904633,47.83447265625,-85.352783203125,137.2686767578125,3852.0333333015446
3891.174999952316,46.6424560546875,-85.1165771484375,136.2139892578125,3852.1083333492275
3891.2549998760223,45.63720703125,-84.913330078125,135.010986328125,3852.188333272934
3891.329999923706,44.4891357421875,-84.7430419921875,134.1815185546875,3852.2633333206177
3891.410000085831,43.1103515625,-84.57275390625,133.560791015625,3852.3433334827428
3891.484999895096,41.77001953125,-84.429931640625,133.0499267578125,3852.4183332920074
3891.565000057221,40.25390625,-84.276123046875,132.593994140625,3852.4983334541325
3891.6399998664856,38.9959716796875,-84.1497802734375,132.022705078125,3852.573333263397
3891.72000002861,37.7490234375,-84.034423828125,131.1492919921875,3852.6533334255214
3891.795000076294,37.3809814453125,-83.9520263671875,130.0177001953125,3852.7283334732056
3891.875,36.837158203125,-83.8641357421875,128.836669921875,3852.8083333969116
3891.950000047684,36.2713623046875,-83.7982177734375,127.63916015625,3852.883333444596
3892.0299999713898,35.6781005859375,-83.7432861328125,126.38671875,3852.9633333683014
3892.1050000190735,35.13427734375,-83.682861328125,125.233154296875,3853.038333415985
3892.18499994278,34.2059326171875,-83.6444091796875,123.94775390625,3853.1183333396916
3892.2599999904633,33.6126708984375,-83.616943359375,122.7227783203125,3853.193333387375
3892.339999914169,32.6129150390625,-83.5894775390625,121.57470703125,3853.2733333110805
3892.414999961853,31.70654296875,-83.5784912109375,120.6463623046875,3853.3483333587646
3892.494999885559,30.399169921875,-83.572998046875,119.794921875,3853.4283332824707
3892.569999933243,29.3389892578125,-83.572998046875,119.212646484375,3853.5033333301544
3892.649999856949,27.718505859375,-83.6004638671875,118.9324951171875,3853.5833332538605
3892.724999904633,25.9442138671875,-83.6444091796875,118.685302734375,3853.6583333015446
3892.805000066757,24.290771484375,-83.7213134765625,118.9324951171875,3853.738333463669
3892.8799998760223,22.6483154296875,-83.7762451171875,119.168701171875,3853.813333272934
3892.960000038147,20.7421875,-83.858642578125,119.805908203125,3853.8933334350586
3893.035000085831,19.3304443359375,-83.935546875,120.5419921875,3853.9683334827428
3893.1150000095367,17.896728515625,-84.0234375,121.552734375,3854.0483334064484
3893.190000057221,16.6497802734375,-84.1058349609375,122.2393798828125,3854.1233334541325
3893.2699999809274,15.9521484375,-84.1937255859375,123.013916015625,3854.203333377839
3893.34500002861,15.4412841796875,-84.2596435546875,123.782958984375,3854.2783334255214
3893.424999952316,14.4085693359375,-84.3310546875,124.2938232421875,3854.3583333492275
3893.5,13.1781005859375,-84.364013671875,124.749755859375,3854.4333333969116
3893.579999923706,12.19482421875,-84.407958984375,125.31005859375,3854.5133333206177
3893.6549999713898,11.1676025390625,-84.451904296875,125.8319091796875,3854.5883333683014
3893.734999895096,9.459228515625,-84.4903564453125,125.771484375,3854.6683332920074
3893.80999994278,7.7838134765625,-84.5123291015625,125.8978271484375,3854.7433333396916
3893.8899998664856,5.8831787109375,-84.52880859375,125.5462646484375,3854.823333263397
3893.964999914169,4.4000244140625,-84.5562744140625,125.101318359375,3854.8983333110805
3894.045000076294,2.9827880859375,-84.57275390625,124.5135498046875,3854.9783334732056
3894.119999885559,1.42822265625,-84.6002197265625,123.431396484375,3855.0533332824707
3894.200000047684,0.7635498046875,-84.649658203125,122.0745849609375,3855.133333444596
3894.274999856949,0.186767578125,-84.693603515625,120.926513671875,3855.2083332538605
3894.3550000190735,-0.94482421875,-84.7650146484375,119.3609619140625,3855.288333415985
3894.430000066757,-1.4776611328125,-84.8419189453125,118.0755615234375,3855.363333463669
3894.5099999904633,-2.04345703125,-84.9517822265625,117.1307373046875,3855.443333387375
3894.585000038147,-2.6971435546875,-85.0396728515625,116.2957763671875,3855.5183334350586
3894.664999961853,-3.6309814453125,-85.1385498046875,115.3125,3855.5983333587646
3894.7400000095367,-4.1143798828125,-85.242919921875,114.8785400390625,3855.6733334064484
3894.819999933243,-5.526123046875,-85.3253173828125,114.224853515625,3855.7533333301544
3894.8949999809274,-6.932373046875,-85.4132080078125,113.6700439453125,3855.828333377839
3894.974999904633,-7.635498046875,-85.506591796875,113.1536865234375,3855.9083333015446
3895.049999952316,-8.1793212890625,-85.60546875,112.379150390625,3855.9833333492275
3895.1299998760223,-8.0859375,-85.682373046875,111.42333984375,3856.063333272934
3895.204999923706,-7.3828125,-85.7537841796875,110.3082275390625,3856.1383333206177
3895.285000085831,-7.1246337890625,-85.814208984375,109.3304443359375,3856.2183334827428
3895.359999895096,-7.294921875,-85.8636474609375,108.3197021484375,3856.2933332920074
3895.440000057221,-7.0916748046875,-85.9130859375,107.5286865234375,3856.3733334541325
3895.5149998664856,-6.92138671875,-85.93505859375,106.995849609375,3856.448333263397
3895.59500002861,-7.349853515625,-85.9405517578125,106.6552734375,3856.5283334255214
3895.670000076294,-6.9488525390625,-85.946044921875,106.5673828125,3856.6033334732056
3895.75,-7.91015625,-85.946044921875,105.97412109375,3856.6833333969116
3895.825000047684,-6.92138671875,-85.93505859375,105.963134765625,3856.758333444596
3895.9049999713898,-8.0364990234375,-85.9295654296875,105.6610107421875,3856.8383333683014
3895.9800000190735,-7.5750732421875,-85.946044921875,105.5621337890625,3856.913333415985
3896.05999994278,-6.5753173828125,-85.97900390625,105.7708740234375,3856.9933333396916
3896.1349999904633,-6.87744140625,-86.0284423828125,105.908203125,3857.068333387375
3896.214999914169,-7.305908203125,-86.0888671875,106.3092041015625,3857.1483333110805
3896.289999961853,-9.7283935546875,-86.1328125,106.6058349609375,3857.2233333587646
3896.369999885559,-10.6292724609375,-86.2042236328125,107.808837890625,3857.3033332824707
3896.444999933243,-13.172607421875,-86.2811279296875,108.9788818359375,3857.3783333301544
3896.524999856949,-16.160888671875,-86.3690185546875,110.885009765625,3857.4583332538605
3896.599999904633,-18.52294921875,-86.4239501953125,113.345947265625,3857.5333333015446
3896.680000066757,-22.774658203125,-86.4898681640625,115.46630859375,3857.613333463669
3896.7549998760223,-26.0101318359375,-86.5338134765625,117.79541015625,3857.688333272934
3896.835000038147,-30.0750732421875,-86.5667724609375,120.289306640625,3857.7683334350586
3896.910000085831,-33.6785888671875,-86.5887451171875,122.4041748046875,3857.8433334827428
3896.9900000095367,-36.375732421875,-86.6162109375,124.617919921875,3857.9233334064484
3897.065000057221,-39.9188232421875,-86.6546630859375,126.661376953125,3857.9983334541325
3897.1449999809274,-42.8961181640625,-86.715087890625,128.529052734375,3858.078333377839
3897.22000002861,-46.417236328125,-86.7535400390625,130.1220703125,3858.1533334255214
3897.299999952316,-49.6746826171875,-86.81396484375,131.3580322265625,3858.2333333492275
3897.375,-53.2177734375,-86.85791015625,132.6654052734375,3858.3083333969116
3897.454999923706,-56.31591796875,-86.912841796875,133.9398193359375,3858.3883333206177
3897.5299999713898,-59.8095703125,-86.934814453125,135.4833984375,3858.4633333683014
3897.609999895096,-63.050537109375,-86.934814453125,136.922607421875,3858.5433332920074
3897.68499994278,-66.478271484375,-86.8853759765625,138.0816650390625,3858.6183333396916
3897.7649998664856,-69.576416015625,-86.7864990234375,139.3505859375,3858.698333263397
3897.839999914169,-72.61962890625,-86.6546630859375,140.1141357421875,3858.7733333110805
3897.920000076294,-75.30029296875,-86.451416015625,140.80078125,3858.8533334732056
3897.994999885559,-77.5140380859375,-86.2371826171875,140.888671875,3858.9283332824707
3898.075000047684,-79.6014404296875,-85.968017578125,140.789794921875,3859.008333444596
3898.149999856949,-81.0296630859375,-85.704345703125,140.4656982421875,3859.0833332538605
3898.2300000190735,-82.232666015625,-85.418701171875,139.74609375,3859.163333415985
3898.305000066757,-83.221435546875,-85.1824951171875,138.834228515625,3859.238333463669
3898.3849999904633,-84.0399169921875,-84.9847412109375,137.70263671875,3859.318333387375
3898.460000038147,-84.8638916015625,-84.8089599609375,136.7083740234375,3859.3933334350586
3898.539999961853,-85.8746337890625,-84.671630859375,135.7965087890625,3859.4733333587646
3898.6150000095367,-86.7425537109375,-84.583740234375,134.923095703125,3859.5483334064484
3898.694999933243,-87.4896240234375,-84.5452880859375,134.0716552734375,3859.6283333301544
3898.7699999809274,-88.011474609375,-84.583740234375,133.2476806640625,3859.703333377839
3898.849999904633,-88.406982421875,-84.6551513671875,132.396240234375,3859.7833333015446
3898.924999952316,-88.670654296875,-84.7540283203125,131.5777587890625,3859.8583333492275
3899.0049998760223,-88.79150390625,-84.90234375,130.5450439453125,3859.938333272934
3899.079999923706,-88.978271484375,-85.067138671875,129.4683837890625,3860.0133333206177
3899.160000085831,-88.8079833984375,-85.2978515625,128.2708740234375,3860.0933334827428
3899.234999895096,-88.5113525390625,-85.528564453125,126.9964599609375,3860.1683332920074
3899.315000057221,-88.0609130859375,-85.7977294921875,125.4364013671875,3860.2483334541325
3899.3899998664856,-87.4346923828125,-86.0614013671875,123.90380859375,3860.323333263397
3899.47000002861,-86.6436767578125,-86.3250732421875,122.1514892578125,3860.4033334255214
3899.545000076294,-85.792236328125,-86.561279296875,120.5419921875,3860.4783334732056
3899.625,-84.7430419921875,-86.8084716796875,118.773193359375,3860.5583333969116
3899.700000047684,-83.6773681640625,-87.022705078125,117.1746826171875,3860.633333444596
3899.7799999713898,-82.5567626953125,-87.220458984375,115.5706787109375,3860.7133333683014
3899.8550000190735,-82.122802734375,-87.374267578125,114.2633056640625,3860.788333415985
3899.93499994278,-81.4581298828125,-87.5115966796875,113.0767822265625,3860.8683333396916
3900.0099999904633,-80.79345703125,-87.60498046875,112.4285888671875,3860.943333387375
3900.089999914169,-80.386962890625,-87.69287109375,111.95068359375,3861.0233333110805
3900.164999961853,-80.0079345703125,-87.7313232421875,111.873779296875,3861.0983333587646
3900.244999885559,-80.1727294921875,-87.747802734375,112.3516845703125,3861.1783332824707
3900.319999933243,-80.408935546875,-87.7313232421875,113.1536865234375,3861.2533333301544
3900.399999856949,-81.3812255859375,-87.7093505859375,114.1314697265625,3861.3333332538605
3900.474999904633,-82.781982421875,-87.6654052734375,115.5487060546875,3861.4083333015446
3900.555000066757,-83.86962890625,-87.593994140625,116.971435546875,3861.488333463669
3900.6299998760223,-85.001220703125,-87.51708984375,118.465576171875,3861.563333272934
3900.710000038147,-85.95703125,-87.4346923828125,120.2508544921875,3861.6433334350586
3900.785000085831,-86.9403076171875,-87.3248291015625,121.9537353515625,3861.7183334827428
3900.8650000095367,-88.0169677734375,-87.2039794921875,123.662109375,3861.7983334064484
3900.940000057221,-89.1925048828125,-87.0831298828125,125.299072265625,3861.8733334541325
3901.0199999809274,-90.384521484375,-86.9677734375,126.7218017578125,3861.953333377839
3901.09500002861,-91.0546875,-86.868896484375,128.0181884765625,3862.0283334255214
3901.174999952316,-91.878662109375,-86.77001953125,129.320068359375,3862.1083333492275
3901.25,-92.8509521484375,-86.671142578125,130.0286865234375,3862.1833333969116
3901.329999923706,-93.4002685546875,-86.5777587890625,130.7373046875,3862.2633333206177
3901.4049999713898,-93.7847900390625,-86.495361328125,131.19873046875,3862.3383333683014
3901.484999895096,-94.361572265625,-86.4019775390625,131.5447998046875,3862.4183332920074
3901.55999994278,-94.581298828125,-86.3360595703125,131.77001953125,3862.4933333396916
3901.6399998664856,-94.5098876953125,-86.2811279296875,132.000732421875,3862.573333263397
3901.714999914169,-94.515380859375,-86.231689453125,132.099609375,3862.6483333110805
3901.795000076294,-94.59228515625,-86.1932373046875,132.2149658203125,3862.7283334732056
3901.869999885559,-94.7735595703125,-86.165771484375,132.3358154296875,3862.8033332824707
3901.950000047684,-94.74609375,-86.1492919921875,132.4017333984375,3862.883333444596
3902.024999856949,-94.8724365234375,-86.143798828125,132.440185546875,3862.9583332538605
3902.1050000190735,-94.8614501953125,-86.143798828125,132.60498046875,3863.038333415985
3902.180000066757,-94.7955322265625,-86.1712646484375,132.6983642578125,3863.113333463669
3902.2599999904633,-94.954833984375,-86.1932373046875,132.6324462890625,3863.193333387375
3902.335000038147,-94.910888671875,-86.2261962890625,132.6104736328125,3863.2683334350586
3902.414999961853,-94.8175048828125,-86.2591552734375,132.5775146484375,3863.3483333587646
3902.4900000095367,-94.76806640625,-86.28662109375,132.4346923828125,3863.4233334064484
3902.569999933243,-94.37255859375,-86.3250732421875,132.154541015625,3863.5033333301544
3902.6449999809274,-94.1748046875,-86.3800048828125,131.6876220703125,3863.578333377839
3902.724999904633,-93.53759765625,-86.429443359375,131.165771484375,3863.6583333015446
3902.799999952316,-93.240966796875,-86.4678955078125,130.5560302734375,3863.7333333492275
3902.8799998760223,-92.5048828125,-86.4898681640625,130.05615234375,3863.813333272934
3902.954999923706,-91.9500732421875,-86.517333984375,129.4024658203125,3863.8883333206177
3903.035000085831,-91.2249755859375,-86.55029296875,128.6883544921875,3863.9683334827428
3903.109999895096,-90.5987548828125,-86.572265625,127.96875,3864.0433332920074
3903.190000057221,-90.120849609375,-86.5887451171875,127.3260498046875,3864.1233334541325
3903.2649998664856,-89.659423828125,-86.5997314453125,126.859130859375,3864.198333263397
3903.34500002861,-89.23095703125,-86.6162109375,126.45263671875,3864.2783334255214
3903.420000076294,-89.09912109375,-86.627197265625,126.1944580078125,3864.3533334732056
3903.5,-88.956298828125,-86.649169921875,126.0186767578125,3864.4333333969116
3903.575000047684,-88.857421875,-86.671142578125,125.958251953125,3864.508333444596
3903.6549999713898,-88.76953125,-86.715087890625,125.9197998046875,3864.5883333683014
3903.7300000190735,-88.8134765625,-86.737060546875,125.9637451171875,3864.663333415985
3903.80999994278,-88.9013671875,-86.7864990234375,126.123046875,3864.7433333396916
3903.8849999904633,-89.132080078125,-86.824951171875,126.3372802734375,3864.818333387375
3903.964999914169,-89.329833984375,-86.8798828125,126.5350341796875,3864.8983333110805
3904.039999961853,-89.5111083984375,-86.9293212890625,126.7108154296875,3864.9733333587646
3904.119999885559,-89.6099853515625,-87.0062255859375,126.8756103515625,3865.0533332824707
3904.194999933243,-89.75830078125,-87.0556640625,126.9964599609375,3865.1283333301544
3904.274999856949,-89.8846435546875,-87.1051025390625,126.9854736328125,3865.2083332538605
3904.349999904633,-89.9395751953125,-87.132568359375,126.990966796875,3865.2833333015446
3904.430000066757,-89.7088623046875,-87.1435546875,126.9195556640625,3865.363333463669
3904.5049998760223,-89.8406982421875,-87.1490478515625,126.7327880859375,3865.438333272934
3904.585000038147,-89.461669921875,-87.1490478515625,126.4141845703125,3865.5183334350586
3904.660000085831,-88.92333984375,-87.1490478515625,125.9967041015625,3865.5933334827428
3904.7400000095367,-88.5003662109375,-87.12158203125,125.595703125,3865.6733334064484
3904.815000057221,-88.30810546875,-87.088623046875,125.321044921875,3865.7483334541325
3904.8949999809274,-88.0718994140625,-87.0391845703125,125.233154296875,3865.828333377839
3904.97000002861,-88.1103515625,-86.978759765625,125.2716064453125,3865.9033334255214
3905.049999952316,-88.3905029296875,-86.923828125,125.4364013671875,3865.9833333492275
3905.125,-88.74755859375,-86.868896484375,125.83740234375,3866.0583333969116
3905.204999923706,-89.088134765625,-86.8194580078125,126.3812255859375,3866.1383333206177
3905.2799999713898,-89.6484375,-86.7645263671875,126.990966796875,3866.2133333683014
3905.359999895096,-90.274658203125,-86.715087890625,127.6885986328125,3866.2933332920074
3905.43499994278,-90.8074951171875,-86.6656494140625,128.2818603515625,3866.3683333396916
3905.5149998664856,-91.5106201171875,-86.627197265625,128.8531494140625,3866.448333263397
3905.589999914169,-92.0709228515625,-86.6107177734375,129.35302734375,3866.5233333110805
3905.670000076294,-92.4114990234375,-86.5997314453125,129.9298095703125,3866.6033334732056
3905.744999885559,-92.7081298828125,-86.583251953125,130.4296875,3866.6783332824707
3905.825000047684,-92.8509521484375,-86.5667724609375,130.8746337890625,3866.758333444596
3905.899999856949,-93.1146240234375,-86.55029296875,131.2591552734375,3866.8333332538605
3905.9800000190735,-93.284912109375,-86.5447998046875,131.715087890625,3866.913333415985
3906.055000066757,-93.4552001953125,-86.55029296875,132.088623046875,3866.988333463669
3906.1349999904633,-93.636474609375,-86.572265625,132.4951171875,3867.068333387375
3906.210000038147,-93.9056396484375,-86.5887451171875,132.8521728515625,3867.1433334350586
3906.289999961853,-94.141845703125,-86.6162109375,133.2696533203125,3867.2233333587646
3906.3650000095367,-94.5867919921875,-86.6326904296875,133.8958740234375,3867.2983334064484
3906.444999933243,-94.98779296875,-86.6436767578125,134.4891357421875,3867.3783333301544
3906.5199999809274,-95.3668212890625,-86.649169921875,135.032958984375,3867.453333377839
3906.599999904633,-95.877685546875,-86.66015625,135.59326171875,3867.5333333015446
3906.674999952316,-96.361083984375,-86.66015625,136.087646484375,3867.6083333492275
3906.7549998760223,-96.78955078125,-86.649169921875,136.38427734375,3867.688333272934
3906.829999923706,-97.1026611328125,-86.6217041015625,136.636962890625,3867.7633333206177
3906.910000085831,-97.3443603515625,-86.59423828125,136.6424560546875,3867.8433334827428
3906.984999895096,-97.503662109375,-86.5667724609375,136.439208984375,3867.9183332920074
3907.065000057221,-97.459716796875,-86.539306640625,135.977783203125,3867.9983334541325
3907.1399998664856,-97.1905517578125,-86.50634765625,135.4449462890625,3868.073333263397
3907.22000002861,-96.8389892578125,-86.46240234375,134.7967529296875,3868.1533334255214
3907.295000076294,-96.295166015625,-86.429443359375,134.05517578125,3868.2283334732056
3907.375,-95.69091796875,-86.3909912109375,133.2861328125,3868.3083333969116
3907.450000047684,-95.1580810546875,-86.341552734375,132.4237060546875,3868.383333444596
3907.5299999713898,-94.603271484375,-86.30859375,131.6162109375,3868.4633333683014
3907.6050000190735,-94.1912841796875,-86.28662109375,130.7757568359375,3868.538333415985
3907.68499994278,-93.614501953125,-86.275634765625,129.979248046875,3868.6183333396916
3907.7599999904633,-93.1640625,-86.2591552734375,129.3310546875,3868.693333387375
3907.839999914169,-92.7081298828125,-86.2481689453125,128.759765625,3868.7733333110805
3907.914999961853,-92.3126220703125,-86.2371826171875,128.287353515625,3868.8483333587646
3907.994999885559,-92.0269775390625,-86.231689453125,127.8973388671875,3868.9283332824707
3908.069999933243,-91.9281005859375,-86.220703125,127.55126953125,3869.0033333301544
3908.149999856949,-91.7742919921875,-86.2371826171875,127.298583984375,3869.0833332538605
3908.224999904633,-91.7578125,-86.24267578125,127.188720703125,3869.1583333015446
3908.305000066757,-91.6973876953125,-86.2701416015625,127.056884765625,3869.238333463669
3908.3799998760223,-91.7083740234375,-86.297607421875,127.0294189453125,3869.313333272934
3908.460000038147,-91.7633056640625,-86.33056640625,127.1942138671875,3869.3933334350586
3908.535000085831,-91.9775390625,-86.3470458984375,127.4139404296875,3869.4683334827428
3908.6150000095367,-92.35107421875,-86.37451171875,127.8094482421875,3869.5483334064484
3908.690000057221,-92.8619384765625,-86.407470703125,128.3258056640625,3869.6233334541325
3908.7699999809274,-93.4991455078125,-86.4569091796875,129.0069580078125,3869.703333377839
3908.84500002861,-94.1363525390625,-86.4898681640625,129.627685546875,3869.7783334255214
3908.924999952316,-94.9713134765625,-86.517333984375,130.2484130859375,3869.8583333492275
3909.0,-95.5975341796875,-86.55029296875,130.80322265625,3869.9333333969116
3909.079999923706,-96.0809326171875,-86.5777587890625,131.1273193359375,3870.0133333206177
3909.1549999713898,-96.4984130859375,-86.6107177734375,131.3470458984375,3870.0883333683014
3909.234999895096,-96.734619140625,-86.649169921875,131.517333984375,3870.1683332920074
3909.30999994278,-96.8609619140625,-86.6876220703125,131.4898681640625,3870.2433333396916
3909.3899998664856,-96.78955078125,-86.748046875,131.30859375,3870.323333263397
3909.464999914169,-96.52587890625,-86.7919921875,131.044921875,3870.3983333110805
3909.545000076294,-96.1798095703125,-86.8359375,130.6549072265625,3870.4783334732056
3909.619999885559,-95.8062744140625,-86.8634033203125,130.2044677734375,3870.5533332824707
3909.700000047684,-95.4107666015625,-86.90185546875,129.6002197265625,3870.633333444596
3909.774999856949,-95.1031494140625,-86.9403076171875,129.1387939453125,3870.7083332538605
3909.8550000190735,-94.7735595703125,-86.9842529296875,128.6993408203125,3870.788333415985
3909.930000066757,-94.76806640625,-87.0172119140625,128.408203125,3870.863333463669
3910.0099999904633,-94.8504638671875,-87.044677734375,128.21044921875,3870.943333387375
3910.085000038147,-94.85595703125,-87.0611572265625,128.12255859375,3871.0183334350586
3910.164999961853,-94.7515869140625,-87.07763671875,128.089599609375,3871.0983333587646
3910.2400000095367,-94.7515869140625,-87.0831298828125,127.9248046875,3871.1733334064484
3910.319999933243,-94.658203125,-87.0941162109375,127.7325439453125,3871.2533333301544
3910.3949999809274,-94.4879150390625,-87.088623046875,127.50732421875,3871.328333377839
3910.474999904633,-94.3560791015625,-87.088623046875,127.24365234375,3871.4083333015446
3910.549999952316,-94.053955078125,-87.0611572265625,126.9744873046875,3871.4833333492275
3910.6299998760223,-93.4442138671875,-87.0281982421875,126.76025390625,3871.563333272934
3910.704999923706,-93.18603515625,-86.9677734375,126.529541015625,3871.6383333206177
3910.785000085831,-92.52685546875,-86.912841796875,126.4031982421875,3871.7183334827428
3910.859999895096,-92.120361328125,-86.8634033203125,126.3262939453125,3871.7933332920074
3910.940000057221,-91.5875244140625,-86.81396484375,126.573486328125,3871.8733334541325
3911.0149998664856,-91.373291015625,-86.7645263671875,126.8536376953125,3871.948333263397
3911.09500002861,-91.439208984375,-86.7205810546875,127.408447265625,3872.0283334255214
3911.170000076294,-91.669921875,-86.6656494140625,127.9412841796875,3872.1033334732056
3911.25,-91.8511962890625,-86.6162109375,128.485107421875,3872.1833333969116
3911.325000047684,-92.1478271484375,-86.5667724609375,128.990478515625,3872.258333444596
3911.4049999713898,-92.5927734375,-86.5228271484375,129.649658203125,3872.3383333683014
3911.4800000190735,-93.043212890625,-86.484375,130.25390625,3872.413333415985
3911.55999994278,-93.4881591796875,-86.4349365234375,130.902099609375,3872.4933333396916
3911.6349999904633,-93.8946533203125,-86.3800048828125,131.5118408203125,3872.568333387375
3911.714999914169,-94.21875,-86.33056640625,132.1051025390625,3872.6483333110805
3911.789999961853,-94.4659423828125,-86.275634765625,132.5885009765625,3872.7233333587646
3911.869999885559,-94.7296142578125,-86.2261962890625,133.0169677734375,3872.8033332824707
3911.944999933243,-94.844970703125,-86.1932373046875,133.4124755859375,3872.8783333301544
3912.024999856949,-94.98779296875,-86.1767578125,133.76953125,3872.9583332538605
3912.099999904633,-95.064697265625,-86.1712646484375,134.01123046875,3873.0333333015446
3912.180000066757,-95.44921875,-86.165771484375,134.3572998046875,3873.113333463669
3912.2549998760223,-95.69091796875,-86.165771484375,134.769287109375,3873.188333272934
3912.335000038147,-95.9930419921875,-86.1767578125,135.318603515625,3873.2683334350586
3912.410000085831,-96.4599609375,-86.19873046875,135.87890625,3873.3433334827428
3912.4900000095367,-96.9708251953125,-86.2591552734375,136.494140625,3873.4233334064484
3912.565000057221,-97.3388671875,-86.3140869140625,137.1258544921875,3873.4983334541325
3912.6449999809274,-97.8057861328125,-86.3800048828125,137.8564453125,3873.578333377839
3912.72000002861,-98.184814453125,-86.4459228515625,138.4552001953125,3873.6533334255214
3912.799999952316,-98.5198974609375,-86.50634765625,139.1253662109375,3873.7333333492275
3912.875,-98.59130859375,-86.5667724609375,139.581298828125,3873.8083333969116
3912.954999923706,-98.81103515625,-86.6436767578125,140.020751953125,3873.8883333206177
3913.0299999713898,-98.9373779296875,-86.7095947265625,140.3009033203125,3873.9633333683014
3913.109999895096,-98.865966796875,-86.7919921875,140.548095703125,3874.0433332920074
3913.18499994278,-98.646240234375,-86.8414306640625,140.5316162109375,3874.1183333396916
3913.2649998664856,-98.2781982421875,-86.8743896484375,140.350341796875,3874.198333263397
3913.339999914169,-97.6519775390625,-86.90185546875,140.009765625,3874.2733333110805
3913.420000076294,-96.8609619140625,-86.912841796875,139.5318603515625,3874.3533334732056
3913.494999885559,-96.0040283203125,-86.9183349609375,138.88916015625,3874.4283332824707
3913.575000047684,-95.3997802734375,-86.9183349609375,138.1146240234375,3874.508333444596
3913.649999856949,-94.37255859375,-86.90185546875,137.4334716796875,3874.5833332538605
3913.7300000190735,-93.636474609375,-86.8634033203125,136.56005859375,3874.663333415985
3913.805000066757,-92.8564453125,-86.824951171875,135.7745361328125,3874.738333463669
3913.8849999904633,-92.2467041015625,-86.7864990234375,135.1483154296875,3874.818333387375
3913.960000038147,-92.0379638671875,-86.7535400390625,134.5880126953125,3874.8933334350586
3914.039999961853,-92.08740234375,-86.7315673828125,134.197998046875,3874.9733333587646
3914.1150000095367,-92.197265625,-86.693115234375,134.05517578125,3875.0483334064484
3914.194999933243,-92.1368408203125,-86.66015625,134.0496826171875,3875.1283333301544
3914.2699999809274,-92.186279296875,-86.6326904296875,134.1265869140625,3875.203333377839
3914.349999904633,-92.4334716796875,-86.6162109375,134.2474365234375,3875.2833333015446
3914.424999952316,-92.6422119140625,-86.6107177734375,134.5330810546875,3875.3583333492275
3914.5049998760223,-92.9168701171875,-86.6107177734375,134.84619140625,3875.438333272934
3914.579999923706,-93.197021484375,-86.6217041015625,135.186767578125,3875.5133333206177
3914.660000085831,-93.49365234375,-86.6326904296875,135.5987548828125,3875.5933334827428
3914.734999895096,-93.7847900390625,-86.649169921875,135.889892578125,3875.6683332920074
3914.815000057221,-94.075927734375,-86.671142578125,136.241455078125,3875.7483334541325
3914.8899998664856,-94.21875,-86.7041015625,136.483154296875,3875.823333263397
3914.97000002861,-94.295654296875,-86.748046875,136.7138671875,3875.9033334255214
3915.045000076294,-94.28466796875,-86.7974853515625,136.900634765625,3875.9783334732056
3915.125,-94.37255859375,-86.846923828125,137.0269775390625,3876.0583333969116
3915.200000047684,-94.28466796875,-86.8798828125,137.164306640625,3876.133333444596
3915.2799999713898,-94.24072265625,-86.912841796875,137.208251953125,3876.2133333683014
3915.3550000190735,-94.251708984375,-86.9403076171875,137.274169921875,3876.288333415985
3915.43499994278,-94.28466796875,-86.9732666015625,137.4609375,3876.3683333396916
3915.5099999904633,-94.2681884765625,-87.0062255859375,137.5872802734375,3876.443333387375
3915.589999914169,-94.3560791015625,-87.0391845703125,137.9498291015625,3876.5233333110805
3915.664999961853,-94.493408203125,-87.0611572265625,138.460693359375,3876.5983333587646
3915.744999885559,-94.9053955078125,-87.088623046875,139.3121337890625,3876.6783332824707
3915.819999933243,-95.3668212890625,-87.1051025390625,140.2020263671875,3876.7533333301544
3915.899999856949,-96.0150146484375,-87.132568359375,141.4324951171875,3876.8333332538605
3915.974999904633,-96.580810546875,-87.1490478515625,142.6519775390625,3876.9083333015446
3916.055000066757,-97.371826171875,-87.1820068359375,144.151611328125,3876.988333463669
3916.1299998760223,-98.2452392578125,-87.1929931640625,145.7061767578125,3877.063333272934
3916.210000038147,-99.129638671875,-87.198486328125,147.3870849609375,3877.1433334350586
3916.285000085831,-100.04150390625,-87.2039794921875,148.9910888671875,3877.2183334827428
3916.3650000095367,-100.8599853515625,-87.20947265625,150.633544921875,3877.2983334064484
3916.440000057221,-101.5960693359375,-87.2149658203125,152.0233154296875,3877.3733334541325
3916.5199999809274,-102.4639892578125,-87.220458984375,153.402099609375,3877.453333377839
3916.59500002861,-102.9693603515625,-87.220458984375,154.57763671875,3877.5283334255214
3916.674999952316,-103.3319091796875,-87.20947265625,155.5828857421875,3877.6083333492275
3916.75,-103.9306640625,-87.198486328125,156.2530517578125,3877.6833333969116
3916.829999923706,-104.1339111328125,-87.1929931640625,156.7474365234375,3877.7633333206177
3916.9049999713898,-104.4415283203125,-87.1820068359375,157.060546875,3877.8383333683014
3916.984999895096,-104.501953125,-87.1435546875,157.32421875,3877.9183332920074
3917.05999994278,-104.315185546875,-87.0941162109375,157.291259765625,3877.9933333396916
3917.1399998664856,-104.1778564453125,-87.0556640625,156.99462890625,3878.073333263397
3917.214999914169,-103.963623046875,-87.01171875,156.5771484375,3878.1483333110805
3917.295000076294,-103.42529296875,-86.9512939453125,156.005859375,3878.2283334732056
3917.369999885559,-102.98583984375,-86.890869140625,155.302734375,3878.3033332824707
3917.450000047684,-102.579345703125,-86.8359375,154.423828125,3878.383333444596
3917.524999856949,-102.0025634765625,-86.781005859375,153.52294921875,3878.4583332538605
3917.6050000190735,-101.326904296875,-86.7041015625,152.42431640625,3878.538333415985
3917.680000066757,-100.6622314453125,-86.6326904296875,151.2213134765625,3878.613333463669
3917.7599999904633,-99.986572265625,-86.5667724609375,149.930419921875,3878.693333387375
3917.835000038147,-99.283447265625,-86.5118408203125,148.7493896484375,3878.7683334350586
3917.914999961853,-98.28369140625,-86.4569091796875,147.45849609375,3878.8483333587646
3917.9900000095367,-97.3388671875,-86.4129638671875,146.239013671875,3878.9233334064484
3918.069999933243,-96.5643310546875,-86.3909912109375,144.9755859375,3879.0033333301544
3918.1449999809274,-95.6689453125,-86.37451171875,143.778076171875,3879.078333377839
3918.224999904633,-94.6197509765625,-86.363525390625,142.679443359375,3879.1583333015446
3918.299999952316,-93.88916015625,-86.3690185546875,141.7071533203125,3879.2333333492275
3918.3799998760223,-93.043212890625,-86.3909912109375,140.6744384765625,3879.313333272934
3918.454999923706,-92.493896484375,-86.4129638671875,139.954833984375,3879.3883333206177
3918.535000085831,-91.988525390625,-86.4349365234375,139.2681884765625,3879.4683334827428
3918.609999895096,-91.724853515625,-86.4788818359375,138.7408447265625,3879.5433332920074
3918.690000057221,-91.4007568359375,-86.5447998046875,138.515625,3879.6233334541325
3918.7649998664856,-91.2689208984375,-86.59423828125,138.49365234375,3879.698333263397
3918.84500002861,-91.1920166015625,-86.6436767578125,138.84521484375,3879.7783334255214
3918.920000076294,-91.42822265625,-86.7315673828125,139.119873046875,3879.8533334732056
3919.0,-91.86767578125,-86.781005859375,139.801025390625,3879.9333333969116
3919.075000047684,-92.5762939453125,-86.8304443359375,140.73486328125,3880.008333444596
3919.1549999713898,-93.515625,-86.9073486328125,142.119140625,3880.0883333683014
3919.2300000190735,-94.779052734375,-86.9512939453125,143.59130859375,3880.163333415985
3919.30999994278,-96.1248779296875,-87.000732421875,145.491943359375,3880.2433333396916
3919.3849999904633,-97.6629638671875,-87.044677734375,147.37060546875,3880.318333387375
3919.464999914169,-99.832763671875,-87.0611572265625,149.622802734375,3880.3983333110805
3919.539999961853,-101.4312744140625,-87.07763671875,152.1002197265625,3880.4733333587646
3919.619999885559,-103.24951171875,-87.088623046875,154.984130859375,3880.5533332824707
3919.694999933243,-105.084228515625,-87.0831298828125,157.7691650390625,3880.6283333301544
3919.774999856949,-107.1002197265625,-87.07763671875,160.6585693359375,3880.7083332538605
3919.849999904633,-109.0283203125,-87.066650390625,163.32275390625,3880.7833333015446
3919.930000066757,-111.0552978515625,-87.0556640625,166.1297607421875,3880.863333463669
3920.0049998760223,-112.4835205078125,-87.03369140625,168.3489990234375,3880.938333272934
3920.085000038147,-114.0380859375,-87.0281982421875,170.650634765625,3881.0183334350586
3920.160000085831,-115.059814453125,-87.0281982421875,172.6171875,3881.0933334827428
3920.2400000095367,-115.9002685546875,-87.0281982421875,174.26513671875,3881.1733334064484
3920.315000057221,-116.52099609375,-87.0501708984375,175.4901123046875,3881.2483334541325
3920.3949999809274,-116.6802978515625,-87.0556640625,176.220703125,3881.328333377839
3920.47000002861,-116.6253662109375,-87.07763671875,176.473388671875,3881.4033334255214
3920.549999952316,-115.9002685546875,-87.0721435546875,176.2921142578125,3881.4833333492275
3920.625,-115.0927734375,-87.088623046875,175.594482421875,3881.5583333969116
3920.704999923706,-113.9007568359375,-87.0941162109375,174.6221923828125,3881.6383333206177
3920.7799999713898,-112.269287109375,-87.07763671875,173.34228515625,3881.7133333683014
3920.859999895096,-110.445556640625,-87.0721435546875,171.5130615234375,3881.7933332920074
3920.93499994278,-108.5284423828125,-87.0391845703125,169.859619140625,3881.8683333396916
3921.0149998664856,-106.622314453125,-87.000732421875,167.596435546875,3881.948333263397
3921.089999914169,-104.8590087890625,-86.9512939453125,165.531005859375,3882.0233333110805
3921.170000076294,-102.996826171875,-86.8798828125,163.5040283203125,3882.1033334732056
3921.244999885559,-101.3818359375,-86.81396484375,161.2518310546875,3882.1783332824707
3921.325000047684,-99.55810546875,-86.7315673828125,159.2742919921875,3882.258333444596
3921.399999856949,-98.052978515625,-86.6436767578125,157.3956298828125,3882.3333332538605
3921.4800000190735,-96.646728515625,-86.5557861328125,155.4345703125,3882.413333415985
3921.555000066757,-95.3118896484375,-86.473388671875,153.74267578125,3882.488333463669
3921.6349999904633,-93.7628173828125,-86.3909912109375,152.0123291015625,3882.568333387375
3921.710000038147,-92.3785400390625,-86.3250732421875,150.4742431640625,3882.6433334350586
3921.789999961853,-90.999755859375,-86.2646484375,148.831787109375,3882.7233333587646
3921.8650000095367,-89.8681640625,-86.220703125,147.3046875,3882.7983334064484
3921.944999933243,-88.5882568359375,-86.209716796875,145.6842041015625,3882.8783333301544
3922.0199999809274,-87.34130859375,-86.1932373046875,144.1680908203125,3882.953333377839
3922.099999904633,-86.0833740234375,-86.2042236328125,142.6080322265625,3883.0333333015446
3922.174999952316,-84.9407958984375,-86.2481689453125,141.064453125,3883.1083333492275
3922.2549998760223,-83.8201904296875,-86.275634765625,139.537353515625,3883.188333272934
3922.329999923706,-82.8424072265625,-86.3470458984375,138.087158203125,3883.2633333206177
3922.410000085831,-81.826171875,-86.4404296875,136.58203125,3883.3433334827428
3922.484999895096,-80.88134765625,-86.5228271484375,135.3350830078125,3883.4183332920074
3922.565000057221,-80.0244140625,-86.6326904296875,134.1650390625,3883.4983334541325
3922.6399998664856,-79.51904296875,-86.7425537109375,133.2806396484375,3883.573333263397
3922.72000002861,-79.3817138671875,-86.8414306640625,132.56103515625,3883.6533334255214
3922.795000076294,-79.486083984375,-86.9512939453125,132.20947265625,3883.7283334732056
3922.875,-80.0079345703125,-87.0611572265625,132.1160888671875,3883.8083333969116
3922.950000047684,-80.7275390625,-87.132568359375,132.572021484375,3883.883333444596
3923.0299999713898,-81.7987060546875,-87.2369384765625,133.2421875,3883.9633333683014
3923.1050000190735,-83.375244140625,-87.29736328125,134.47265625,3884.038333415985
3923.18499994278,-85.0396728515625,-87.3468017578125,136.142578125,3884.1183333396916
3923.2599999904633,-87.0556640625,-87.38525390625,137.801513671875,3884.193333387375
3923.339999914169,-89.05517578125,-87.38525390625,139.94384765625,3884.2733333110805
3923.414999961853,-91.395263671875,-87.3687744140625,141.8499755859375,3884.3483333587646
3923.494999885559,-93.6639404296875,-87.34130859375,143.9703369140625,3884.4283332824707
3923.569999933243,-95.82275390625,-87.2698974609375,145.8050537109375,3884.5033333301544
3923.649999856949,-98.009033203125,-87.198486328125,147.4969482421875,3884.5833332538605
3923.724999904633,-99.6954345703125,-87.1160888671875,149.029541015625,3884.6583333015446
3923.805000066757,-101.2939453125,-87.0281982421875,150.3314208984375,3884.738333463669
3923.8799998760223,-102.5738525390625,-86.956787109375,151.5673828125,3884.813333272934
3923.960000038147,-103.6395263671875,-86.8634033203125,152.413330078125,3884.8933334350586
3924.035000085831,-104.359130859375,-86.7919921875,152.962646484375,3884.9683334827428
3924.1150000095367,-104.7381591796875,-86.72607421875,153.3636474609375,3885.0483334064484
3924.190000057221,-104.7161865234375,-86.6546630859375,153.5174560546875,3885.1233334541325
3924.2699999809274,-104.710693359375,-86.6162109375,153.5009765625,3885.203333377839
3924.34500002861,-104.4580078125,-86.583251953125,153.3526611328125,3885.2783334255214
3924.424999952316,-103.941650390625,-86.5228271484375,152.9461669921875,3885.3583333492275
3924.5,-103.3209228515625,-86.50634765625,152.479248046875,3885.4333333969116
3924.579999923706,-102.469482421875,-86.4678955078125,151.9244384765625,3885.5133333206177
3924.6549999713898,-101.513671875,-86.4404296875,151.19384765625,3885.5883333683014
3924.734999895096,-100.6622314453125,-86.4349365234375,150.523681640625,3885.6683332920074
3924.80999994278,-99.678955078125,-86.4129638671875,149.8974609375,3885.7433333396916
3924.8899998664856,-98.6846923828125,-86.407470703125,149.2877197265625,3885.823333263397
3924.964999914169,-98.02001953125,-86.4019775390625,148.963623046875,3885.8983333110805
3925.045000076294,-97.58056640625,-86.407470703125,148.656005859375,3885.9783334732056
3925.119999885559,-97.3773193359375,-86.4239501953125,148.721923828125,3886.0533332824707
3925.200000047684,-97.3663330078125,-86.41845703125,149.0130615234375,3886.133333444596
3925.274999856949,-97.58056640625,-86.4349365234375,149.600830078125,3886.2083332538605
3925.3550000190735,-98.206787109375,-86.4569091796875,150.413818359375,3886.288333415985
3925.430000066757,-98.8714599609375,-86.4678955078125,151.534423828125,3886.363333463669
3925.5099999904633,-99.986572265625,-86.50634765625,153.03955078125,3886.443333387375
3925.585000038147,-101.239013671875,-86.5228271484375,154.852294921875,3886.5183334350586
3925.664999961853,-102.5958251953125,-86.5447998046875,156.8243408203125,3886.5983333587646
3925.7400000095367,-104.0240478515625,-86.5887451171875,158.8568115234375,3886.6733334064484
3925.819999933243,-105.6170654296875,-86.6162109375,161.2188720703125,3886.7533333301544
3925.8949999809274,-107.1551513671875,-86.66015625,163.3172607421875,3886.828333377839
3925.974999904633,-108.885498046875,-86.7041015625,165.7177734375,3886.9083333015446
3926.049999952316,-110.2203369140625,-86.7425537109375,167.783203125,3886.9833333492275
3926.1299998760223,-111.884765625,-86.8084716796875,169.552001953125,3887.063333272934
3926.204999923706,-113.0548095703125,-86.85791015625,171.221923828125,3887.1383333206177
3926.285000085831,-113.807373046875,-86.9073486328125,172.4139404296875,3887.2183334827428
3926.359999895096,-114.4281005859375,-86.9732666015625,173.1939697265625,3887.2933332920074
3926.440000057221,-114.5379638671875,-87.0172119140625,173.7158203125,3887.3733334541325
3926.5149998664856,-114.2138671875,-87.0611572265625,173.5565185546875,3887.448333263397
3926.59500002861,-113.521728515625,-87.1270751953125,173.0950927734375,3887.5283334255214
3926.670000076294,-112.2528076171875,-87.16552734375,171.925048828125,3887.6033334732056
3926.75,-110.709228515625,-87.220458984375,170.2880859375,3887.6833333969116
3926.825000047684,-108.87451171875,-87.264404296875,168.4423828125,3887.758333444596
3926.9049999713898,-106.204833984375,-87.286376953125,165.8441162109375,3887.8383333683014
3926.9800000190735,-103.546142578125,-87.3193359375,163.037109375,3887.913333415985
3927.05999994278,-100.733642578125,-87.3138427734375,160.1861572265625,3887.9933333396916
3927.1349999904633,-97.9705810546875,-87.3028564453125,157.0880126953125,3888.068333387375
3927.214999914169,-95.196533203125,-87.2808837890625,154.2535400390625,3888.1483333110805
3927.289999961853,-92.61474609375,-87.2259521484375,151.8145751953125,3888.2233333587646
3927.369999885559,-90.1263427734375,-87.1710205078125,149.359130859375,3888.3033332824707
3927.444999933243,-88.35205078125,-87.1051025390625,147.72216796875,3888.3783333301544
3927.524999856949,-86.671142578125,-87.0172119140625,146.217041015625,3888.4583332538605
3927.599999904633,-85.78125,-86.9512939453125,145.1458740234375,3888.5333333015446
3927.680000066757,-85.1055908203125,-86.8634033203125,144.64599609375,3888.613333463669
3927.7549998760223,-84.6771240234375,-86.7974853515625,144.6240234375,3888.688333272934
3927.835000038147,-84.7705078125,-86.748046875,144.86572265625,3888.7683334350586
3927.910000085831,-85.2044677734375,-86.693115234375,145.43701171875,3888.8433334827428
3927.9900000095367,-86.0394287109375,-86.6546630859375,146.282958984375,3888.9233334064484
3928.065000057221,-87.1600341796875,-86.605224609375,147.469482421875,3888.9983334541325
3928.1449999809274,-88.59375,-86.55029296875,148.8262939453125,3889.078333377839
3928.22000002861,-89.8516845703125,-86.5283203125,150.1666259765625,3889.1533334255214
3928.299999952316,-91.3568115234375,-86.4898681640625,151.67724609375,3889.2333333492275
3928.375,-92.867431640625,-86.4678955078125,152.984619140625,3889.3083333969116
3928.454999923706,-94.471435546875,-86.4569091796875,154.346923828125,3889.3883333206177
3928.5299999713898,-95.7733154296875,-86.4239501953125,155.6048583984375,3889.4633333683014
3928.609999895096,-96.9049072265625,-86.4239501953125,156.4727783203125,3889.5433332920074
3928.68499994278,-97.9156494140625,-86.41845703125,157.236328125,3889.6183333396916
3928.7649998664856,-98.5418701171875,-86.4129638671875,157.730712890625,3889.698333263397
3928.839999914169,-99.07470703125,-86.4349365234375,158.0548095703125,3889.7733333110805
3928.920000076294,-99.3878173828125,-86.451416015625,158.2745361328125,3889.8533334732056
3928.994999885559,-99.503173828125,-86.4788818359375,158.115234375,3889.9283332824707
3929.075000047684,-99.459228515625,-86.5228271484375,158.02734375,3890.008333444596
3929.149999856949,-99.1790771484375,-86.5557861328125,157.7691650390625,3890.0833332538605
3929.2300000190735,-98.865966796875,-86.5997314453125,157.379150390625,3890.163333415985
3929.305000066757,-98.492431640625,-86.63818359375,157.093505859375,3890.238333463669
3929.3849999904633,-97.987060546875,-86.68212890625,156.64306640625,3890.318333387375
3929.460000038147,-97.53662109375,-86.72607421875,156.3189697265625,3890.3933334350586
3929.539999961853,-97.00927734375,-86.759033203125,156.005859375,3890.4733333587646
3929.6150000095367,-96.7950439453125,-86.7864990234375,155.7916259765625,3890.5483334064484
3929.694999933243,-96.6357421875,-86.8304443359375,155.6707763671875,3890.6283333301544
3929.7699999809274,-96.416015625,-86.846923828125,155.687255859375,3890.703333377839
3929.849999904633,-96.1907958984375,-86.8853759765625,155.8465576171875,3890.7833333015446
3929.924999952316,-96.1029052734375,-86.912841796875,156.15966796875,3890.8583333492275
3930.0049998760223,-96.163330078125,-86.9403076171875,156.522216796875,3890.938333272934
