t,x,y,z,time_from_sync
3817.619999885559,0.0595703125,0.0595703125,0.87841796875,3791.0008333126702
3817.6299998760223,0.0595703125,0.0595703125,0.87841796875,3791.0108333031335
3817.6399998664856,0.08056640625,0.02294921875,1.1875,3791.0208332935968
3817.650000095368,0.08056640625,0.02294921875,1.1875,3791.030833522479
3817.660000085831,0.08447265625,0.09326171875,0.96044921875,3791.0408335129423
3817.670000076294,0.08447265625,0.09326171875,0.96044921875,3791.050833503405
3817.680000066757,0.0595703125,0.0390625,1.0771484375,3791.0608334938684
3817.690000057221,0.0595703125,0.0390625,1.0771484375,3791.070833484332
3817.700000047684,0.0888671875,0.0263671875,1.13134765625,3791.0808334747953
3817.710000038147,0.0888671875,0.0263671875,1.13134765625,3791.090833465258
3817.72000002861,0.07275390625,0.0205078125,1.0166015625,3791.100833455721
3817.7300000190735,0.07275390625,0.0205078125,1.0166015625,3791.1108334461846
3817.7400000095367,0.0693359375,0.03173828125,0.9306640625,3791.120833436648
3817.75,0.0693359375,0.03173828125,0.9306640625,3791.130833427111
3817.7599999904633,0.0869140625,-0.03759765625,0.955078125,3791.1408334175744
3817.7699999809274,0.0869140625,-0.03759765625,0.955078125,3791.1508334080386
3817.7799999713898,0.10400390625,0.0546875,0.9306640625,3791.160833398501
3817.789999961853,0.10400390625,0.0546875,0.9306640625,3791.170833388964
3817.799999952316,0.09228515625,0.0048828125,1.09765625,3791.180833379427
3817.80999994278,0.09228515625,0.0048828125,1.09765625,3791.190833369891
3817.819999933243,0.0537109375,-0.00537109375,1.08740234375,3791.200833360354
3817.829999923706,0.0537109375,-0.00537109375,1.08740234375,3791.210833350817
3817.839999914169,0.06005859375,0.06005859375,0.86181640625,3791.22083334128
3817.849999904633,0.06005859375,0.06005859375,0.86181640625,3791.230833331744
3817.859999895096,0.04443359375,-0.015625,0.82666015625,3791.240833322207
3817.869999885559,0.04443359375,-0.015625,0.82666015625,3791.2508333126702
3817.8799998760223,0.1064453125,0.0263671875,0.78125,3791.2608333031335
3817.8899998664856,0.1064453125,0.0263671875,0.78125,3791.2708332935968
3817.900000095368,0.0751953125,-0.01904296875,1.0302734375,3791.280833522479
3817.910000085831,0.0751953125,-0.01904296875,1.0302734375,3791.2908335129423
3817.920000076294,0.056640625,0.021484375,0.86572265625,3791.300833503405
3817.930000066757,0.056640625,0.021484375,0.86572265625,3791.3108334938684
3817.940000057221,0.02197265625,0.0390625,0.859375,3791.320833484332
3817.950000047684,0.02197265625,0.0390625,0.859375,3791.3308334747953
3817.960000038147,0.1142578125,0.01611328125,0.96533203125,3791.340833465258
3817.97000002861,0.1142578125,0.01611328125,0.96533203125,3791.350833455721
3817.9800000190735,0.134765625,0.0400390625,1.05859375,3791.3608334461846
3817.9900000095367,0.134765625,0.0400390625,1.05859375,3791.370833436648
3818.0,0.0634765625,0.01220703125,1.24560546875,3791.380833427111
3818.0099999904633,0.0634765625,0.01220703125,1.24560546875,3791.3908334175744
3818.0199999809274,0.0419921875,0.01123046875,1.13818359375,3791.4008334080386
3818.0299999713898,0.0419921875,0.01123046875,1.13818359375,3791.410833398501
3818.039999961853,0.03857421875,0.0263671875,0.91162109375,3791.420833388964
3818.049999952316,0.03857421875,0.0263671875,0.91162109375,3791.430833379427
3818.05999994278,0.078125,-0.01904296875,0.8701171875,3791.440833369891
3818.069999933243,0.078125,-0.01904296875,0.8701171875,3791.450833360354
3818.079999923706,0.12890625,-0.025390625,1.041015625,3791.460833350817
3818.089999914169,0.12890625,-0.025390625,1.041015625,3791.47083334128
3818.099999904633,0.07958984375,0.01123046875,0.7470703125,3791.480833331744
3818.109999895096,0.07958984375,0.01123046875,0.7470703125,3791.490833322207
3818.119999885559,0.03662109375,-0.00537109375,1.05712890625,3791.5008333126702
3818.1299998760223,0.03662109375,-0.00537109375,1.05712890625,3791.5108333031335
3818.1399998664856,0.07080078125,-0.03564453125,0.9990234375,3791.5208332935968
3818.150000095368,0.07080078125,-0.03564453125,0.9990234375,3791.530833522479
3818.160000085831,0.0576171875,-0.0205078125,1.00439453125,3791.5408335129423
3818.170000076294,0.0576171875,-0.0205078125,1.00439453125,3791.550833503405
3818.180000066757,0.11669921875,0.0009765625,1.072265625,3791.5608334938684
3818.190000057221,0.11669921875,0.0009765625,1.072265625,3791.570833484332
3818.200000047684,0.05615234375,-0.02001953125,0.923828125,3791.5808334747953
3818.210000038147,0.05615234375,-0.02001953125,0.923828125,3791.590833465258
3818.22000002861,0.0615234375,0.02587890625,1.05517578125,3791.600833455721
3818.2300000190735,0.0615234375,0.02587890625,1.05517578125,3791.6108334461846
3818.2400000095367,0.04296875,-0.048828125,1.1064453125,3791.620833436648
3818.25,0.04296875,-0.048828125,1.1064453125,3791.630833427111
3818.2599999904633,0.05419921875,0.0380859375,0.962890625,3791.6408334175744
3818.2699999809274,0.05419921875,0.0380859375,0.962890625,3791.6508334080386
3818.2799999713898,0.0849609375,0.04248046875,0.98974609375,3791.660833398501
3818.289999961853,0.0849609375,0.04248046875,0.98974609375,3791.670833388964
3818.299999952316,0.08935546875,0.0,0.97900390625,3791.680833379427
3818.30999994278,0.08935546875,0.0,0.97900390625,3791.690833369891
3818.319999933243,0.04931640625,0.03125,0.91064453125,3791.700833360354
3818.329999923706,0.04931640625,0.03125,0.91064453125,3791.710833350817
3818.339999914169,0.0576171875,-0.0029296875,0.98486328125,3791.72083334128
3818.349999904633,0.0576171875,-0.0029296875,0.98486328125,3791.730833331744
3818.359999895096,0.0947265625,0.0029296875,0.9521484375,3791.740833322207
3818.369999885559,0.0947265625,0.0029296875,0.9521484375,3791.7508333126702
3818.3799998760223,0.03076171875,0.0009765625,0.93115234375,3791.7608333031335
3818.3899998664856,0.03076171875,0.0009765625,0.93115234375,3791.7708332935968
3818.400000095368,0.099609375,-0.02734375,1.0400390625,3791.780833522479
3818.410000085831,0.099609375,-0.02734375,1.0400390625,3791.7908335129423
3818.420000076294,0.056640625,0.02392578125,1.2314453125,3791.800833503405
3818.430000066757,0.056640625,0.02392578125,1.2314453125,3791.8108334938684
3818.440000057221,0.04296875,-0.00732421875,1.25927734375,3791.820833484332
3818.450000047684,0.04296875,-0.00732421875,1.25927734375,3791.8308334747953
3818.460000038147,0.0673828125,-0.03076171875,1.42333984375,3791.840833465258
3818.47000002861,0.0673828125,-0.03076171875,1.42333984375,3791.850833455721
3818.4800000190735,0.08740234375,0.0361328125,1.25537109375,3791.8608334461846
3818.4900000095367,0.08740234375,0.0361328125,1.25537109375,3791.870833436648
3818.5,0.0546875,0.0263671875,1.08740234375,3791.880833427111
3818.5099999904633,0.0546875,0.0263671875,1.08740234375,3791.8908334175744
3818.5199999809274,0.04248046875,0.0078125,1.09716796875,3791.9008334080386
3818.5299999713898,0.04248046875,0.0078125,1.09716796875,3791.910833398501
3818.535000085831,0.0166015625,0.048828125,0.77734375,3791.9158335129423
3818.539999961853,0.02099609375,0.03662109375,0.775390625,3791.920833388964
3818.555000066757,0.02099609375,0.03662109375,0.775390625,3791.9358334938684
3818.569999933243,0.02099609375,0.03662109375,0.775390625,3791.950833360354
3818.579999923706,0.07958984375,0.00146484375,0.68310546875,3791.960833350817
3818.589999914169,0.07958984375,0.00146484375,0.68310546875,3791.97083334128
3818.599999904633,0.06787109375,0.0283203125,0.8486328125,3791.980833331744
3818.609999895096,0.06787109375,0.0283203125,0.8486328125,3791.990833322207
3818.619999885559,0.07373046875,-0.01806640625,0.921875,3792.0008333126702
3818.6299998760223,0.07373046875,-0.01806640625,0.921875,3792.0108333031335
3818.6399998664856,0.01611328125,0.0390625,0.9541015625,3792.0208332935968
3818.650000095368,0.01611328125,0.0390625,0.9541015625,3792.030833522479
3818.660000085831,0.04248046875,0.02880859375,0.99072265625,3792.0408335129423
3818.670000076294,0.04248046875,0.02880859375,0.99072265625,3792.050833503405
3818.680000066757,0.07666015625,-0.02685546875,0.97998046875,3792.0608334938684
3818.690000057221,0.0634765625,0.02294921875,1.10693359375,3792.070833484332
3818.700000047684,0.0634765625,0.02294921875,1.10693359375,3792.0808334747953
3818.710000038147,0.0419921875,-0.02587890625,1.26171875,3792.090833465258
3818.72000002861,0.0419921875,-0.02587890625,1.26171875,3792.100833455721
3818.7300000190735,0.056640625,0.01611328125,1.259765625,3792.1108334461846
3818.7400000095367,0.056640625,0.01611328125,1.259765625,3792.120833436648
3818.75,-0.001953125,0.04931640625,1.04833984375,3792.130833427111
3818.7599999904633,-0.001953125,0.04931640625,1.04833984375,3792.1408334175744
3818.7699999809274,0.0791015625,-0.01806640625,1.126953125,3792.1508334080386
3818.7799999713898,0.0791015625,-0.01806640625,1.126953125,3792.160833398501
3818.789999961853,0.08984375,-0.00048828125,1.10791015625,3792.170833388964
3818.799999952316,0.08984375,-0.00048828125,1.10791015625,3792.180833379427
3818.80999994278,0.00634765625,0.056640625,0.9677734375,3792.190833369891
3818.819999933243,0.00634765625,0.056640625,0.9677734375,3792.200833360354
3818.829999923706,0.01953125,-0.06689453125,1.03173828125,3792.210833350817
3818.839999914169,0.01953125,-0.06689453125,1.03173828125,3792.22083334128
3818.849999904633,0.06298828125,0.06103515625,1.04150390625,3792.230833331744
3818.859999895096,0.06298828125,0.06103515625,1.04150390625,3792.240833322207
3818.869999885559,0.02294921875,-0.046875,0.8857421875,3792.2508333126702
3818.8799998760223,0.02294921875,-0.046875,0.8857421875,3792.2608333031335
3818.8899998664856,0.083984375,-0.00537109375,1.12451171875,3792.2708332935968
3818.900000095368,0.083984375,-0.00537109375,1.12451171875,3792.280833522479
3818.910000085831,0.05419921875,0.0029296875,0.927734375,3792.2908335129423
3818.920000076294,0.05419921875,0.0029296875,0.927734375,3792.300833503405
3818.930000066757,0.00048828125,-0.01953125,0.9169921875,3792.3108334938684
3818.940000057221,0.00048828125,-0.01953125,0.9169921875,3792.320833484332
3818.950000047684,0.064453125,0.02587890625,1.02783203125,3792.3308334747953
3818.960000038147,0.064453125,0.02587890625,1.02783203125,3792.340833465258
3818.97000002861,0.044921875,0.033203125,1.080078125,3792.350833455721
3818.9800000190735,0.044921875,0.033203125,1.080078125,3792.3608334461846
3818.9900000095367,0.06787109375,0.06982421875,0.92529296875,3792.370833436648
3819.0,0.06787109375,0.06982421875,0.92529296875,3792.380833427111
3819.0099999904633,0.03466796875,-0.03466796875,1.16259765625,3792.3908334175744
3819.0199999809274,0.03466796875,-0.03466796875,1.16259765625,3792.4008334080386
3819.0299999713898,0.0166015625,0.08740234375,1.15283203125,3792.410833398501
3819.039999961853,0.0166015625,0.08740234375,1.15283203125,3792.420833388964
3819.049999952316,0.0087890625,-0.05126953125,0.96240234375,3792.430833379427
3819.05999994278,0.0087890625,-0.05126953125,0.96240234375,3792.440833369891
3819.069999933243,0.0556640625,0.03173828125,1.17138671875,3792.450833360354
3819.079999923706,0.0556640625,0.03173828125,1.17138671875,3792.460833350817
3819.089999914169,0.04296875,-0.0185546875,1.14404296875,3792.47083334128
3819.099999904633,0.04296875,-0.0185546875,1.14404296875,3792.480833331744
3819.109999895096,0.009765625,-0.01171875,1.27880859375,3792.490833322207
3819.119999885559,0.009765625,-0.01171875,1.27880859375,3792.5008333126702
3819.1299998760223,0.05078125,0.04541015625,1.19091796875,3792.5108333031335
3819.1399998664856,0.05078125,0.04541015625,1.19091796875,3792.5208332935968
3819.150000095368,0.02978515625,-0.03076171875,1.29931640625,3792.530833522479
3819.160000085831,0.02978515625,-0.03076171875,1.29931640625,3792.5408335129423
3819.170000076294,0.0751953125,-0.001953125,1.169921875,3792.550833503405
3819.180000066757,0.0751953125,-0.001953125,1.169921875,3792.5608334938684
3819.190000057221,0.017578125,0.02880859375,0.90283203125,3792.570833484332
3819.200000047684,0.017578125,0.02880859375,0.90283203125,3792.5808334747953
3819.210000038147,0.0322265625,0.0380859375,0.82861328125,3792.590833465258
3819.22000002861,0.0322265625,0.0380859375,0.82861328125,3792.600833455721
3819.2300000190735,0.03173828125,-0.0166015625,0.85791015625,3792.6108334461846
3819.2400000095367,0.03173828125,-0.0166015625,0.85791015625,3792.620833436648
3819.25,0.02099609375,-0.0185546875,0.79443359375,3792.630833427111
3819.2599999904633,0.02099609375,-0.0185546875,0.79443359375,3792.6408334175744
3819.2699999809274,0.05615234375,0.017578125,0.97998046875,3792.6508334080386
3819.2799999713898,0.05615234375,0.017578125,0.97998046875,3792.660833398501
3819.289999961853,0.046875,-0.00146484375,0.9658203125,3792.670833388964
3819.299999952316,0.046875,-0.00146484375,0.9658203125,3792.680833379427
3819.30999994278,0.00830078125,0.00927734375,0.890625,3792.690833369891
3819.319999933243,0.00830078125,0.00927734375,0.890625,3792.700833360354
3819.329999923706,0.0341796875,0.01318359375,1.060546875,3792.710833350817
3819.339999914169,0.0341796875,0.01318359375,1.060546875,3792.72083334128
3819.349999904633,0.04638671875,0.0166015625,1.2451171875,3792.730833331744
3819.359999895096,0.04638671875,0.0166015625,1.2451171875,3792.740833322207
3819.369999885559,0.01904296875,-0.02197265625,1.14599609375,3792.7508333126702
3819.3799998760223,0.01904296875,-0.02197265625,1.14599609375,3792.7608333031335
3819.3899998664856,0.068359375,0.01904296875,1.0791015625,3792.7708332935968
3819.400000095368,0.068359375,0.01904296875,1.0791015625,3792.780833522479
3819.410000085831,0.05029296875,0.005859375,1.2392578125,3792.7908335129423
3819.420000076294,0.05029296875,0.005859375,1.2392578125,3792.800833503405
3819.430000066757,0.0361328125,-0.0205078125,0.95703125,3792.8108334938684
3819.440000057221,0.0361328125,-0.0205078125,0.95703125,3792.820833484332
3819.450000047684,0.03759765625,0.0283203125,0.921875,3792.8308334747953
3819.460000038147,0.03759765625,0.0283203125,0.921875,3792.840833465258
3819.47000002861,0.10400390625,0.0283203125,1.158203125,3792.850833455721
3819.4800000190735,0.10400390625,0.0283203125,1.158203125,3792.8608334461846
3819.4900000095367,0.021484375,-0.04541015625,0.94580078125,3792.870833436648
3819.5,0.021484375,-0.04541015625,0.94580078125,3792.880833427111
3819.5099999904633,0.02783203125,0.0283203125,0.90966796875,3792.8908334175744
3819.5199999809274,0.02783203125,0.0283203125,0.90966796875,3792.9008334080386
3819.5299999713898,0.04296875,-0.02734375,1.13818359375,3792.910833398501
3819.535000085831,0.04296875,-0.02734375,1.13818359375,3792.9158335129423
3819.539999961853,0.06201171875,0.01318359375,1.05712890625,3792.920833388964
3819.55999994278,0.0009765625,-0.01171875,0.8798828125,3792.940833369891
3819.575000047684,0.0009765625,-0.01171875,0.8798828125,3792.9558334747953
3819.585000038147,0.0009765625,-0.01171875,0.8798828125,3792.965833465258
3819.59500002861,0.07568359375,-0.01416015625,1.15771484375,3792.975833455721
3819.6050000190735,0.07568359375,-0.01416015625,1.15771484375,3792.9858334461846
3819.6150000095367,0.0703125,-0.01318359375,0.93359375,3792.995833436648
3819.625,0.0703125,-0.01318359375,0.93359375,3793.005833427111
3819.6349999904633,0.0439453125,0.01025390625,1.06884765625,3793.0158334175744
3819.6449999809274,0.0439453125,0.01025390625,1.06884765625,3793.0258334080386
3819.6549999713898,0.05126953125,-0.0283203125,1.03271484375,3793.035833398501
3819.664999961853,0.05126953125,-0.0283203125,1.03271484375,3793.045833388964
3819.674999952316,0.03857421875,0.00830078125,0.87548828125,3793.055833379427
3819.68499994278,0.03857421875,0.00830078125,0.87548828125,3793.065833369891
3819.694999933243,0.05859375,-0.021484375,0.85107421875,3793.075833360354
3819.704999923706,0.05859375,-0.021484375,0.85107421875,3793.085833350817
3819.714999914169,0.0595703125,-0.0283203125,0.89501953125,3793.09583334128
3819.724999904633,0.0595703125,-0.0283203125,0.89501953125,3793.105833331744
3819.734999895096,0.076171875,0.01806640625,0.8115234375,3793.115833322207
3819.744999885559,0.076171875,0.01806640625,0.8115234375,3793.1258333126702
3819.7549998760223,0.03369140625,-0.02099609375,0.9736328125,3793.1358333031335
3819.7649998664856,0.03369140625,-0.02099609375,0.9736328125,3793.1458332935968
3819.775000095368,0.064453125,-0.0322265625,0.9560546875,3793.155833522479
3819.785000085831,0.064453125,-0.0322265625,0.9560546875,3793.1658335129423
3819.795000076294,0.06298828125,-0.009765625,1.1875,3793.175833503405
3819.805000066757,0.06298828125,-0.009765625,1.1875,3793.1858334938684
3819.815000057221,0.09423828125,-0.01904296875,1.3740234375,3793.195833484332
3819.825000047684,0.09423828125,-0.01904296875,1.3740234375,3793.2058334747953
3819.835000038147,0.04736328125,-0.01513671875,1.44189453125,3793.215833465258
3819.84500002861,0.04736328125,-0.01513671875,1.44189453125,3793.225833455721
3819.8550000190735,0.07080078125,-0.0087890625,1.53369140625,3793.2358334461846
3819.8650000095367,0.07080078125,-0.0087890625,1.53369140625,3793.245833436648
3819.875,0.05908203125,-0.0205078125,1.509765625,3793.255833427111
3819.8849999904633,0.05908203125,-0.0205078125,1.509765625,3793.2658334175744
3819.8949999809274,0.02099609375,0.0224609375,1.21533203125,3793.2758334080386
3819.9049999713898,0.02099609375,0.0224609375,1.21533203125,3793.285833398501
3819.914999961853,0.0869140625,0.0078125,1.1982421875,3793.295833388964
3819.924999952316,0.0869140625,0.0078125,1.1982421875,3793.305833379427
3819.93499994278,0.02978515625,-0.0234375,0.908203125,3793.315833369891
3819.944999933243,0.02978515625,-0.0234375,0.908203125,3793.325833360354
3819.954999923706,0.03271484375,0.00537109375,0.62060546875,3793.335833350817
3819.964999914169,0.03271484375,0.00537109375,0.62060546875,3793.34583334128
3819.974999904633,0.03857421875,-0.0537109375,0.6533203125,3793.355833331744
3819.984999895096,0.03857421875,-0.0537109375,0.6533203125,3793.365833322207
3819.994999885559,0.1005859375,0.03369140625,0.560546875,3793.3758333126702
3820.0049998760223,0.1005859375,0.03369140625,0.560546875,3793.3858333031335
3820.0149998664856,0.0302734375,-0.0263671875,0.43115234375,3793.3958332935968
3820.025000095368,0.0302734375,-0.0263671875,0.43115234375,3793.405833522479
3820.035000085831,0.0791015625,-0.00732421875,0.75341796875,3793.4158335129423
3820.045000076294,0.0791015625,-0.00732421875,0.75341796875,3793.425833503405
3820.055000066757,0.03662109375,-0.02783203125,0.54931640625,3793.4358334938684
3820.065000057221,0.03662109375,-0.02783203125,0.54931640625,3793.445833484332
3820.075000047684,0.04931640625,-0.00048828125,0.76318359375,3793.4558334747953
3820.085000038147,0.04931640625,-0.00048828125,0.76318359375,3793.465833465258
3820.09500002861,0.0634765625,-0.0419921875,0.83251953125,3793.475833455721
3820.1050000190735,0.0634765625,-0.0419921875,0.83251953125,3793.4858334461846
3820.1150000095367,0.05126953125,0.01123046875,0.6787109375,3793.495833436648
3820.125,0.05126953125,0.01123046875,0.6787109375,3793.505833427111
3820.1349999904633,0.0498046875,-0.02490234375,0.755859375,3793.5158334175744
3820.1449999809274,0.0498046875,-0.02490234375,0.755859375,3793.5258334080386
3820.1549999713898,0.08544921875,0.00244140625,1.03759765625,3793.535833398501
3820.164999961853,0.08544921875,0.00244140625,1.03759765625,3793.545833388964
3820.174999952316,0.04736328125,0.013671875,0.82421875,3793.555833379427
3820.18499994278,0.04736328125,0.013671875,0.82421875,3793.565833369891
3820.194999933243,0.07177734375,-0.03955078125,1.12939453125,3793.575833360354
3820.204999923706,0.07177734375,-0.03955078125,1.12939453125,3793.585833350817
3820.214999914169,0.06982421875,-0.03466796875,1.02978515625,3793.59583334128
3820.224999904633,0.06982421875,-0.03466796875,1.02978515625,3793.605833331744
3820.234999895096,0.06201171875,0.00341796875,0.9580078125,3793.615833322207
3820.244999885559,0.06201171875,0.00341796875,0.9580078125,3793.6258333126702
3820.2549998760223,0.111328125,-0.04931640625,1.015625,3793.6358333031335
3820.2649998664856,0.111328125,-0.04931640625,1.015625,3793.6458332935968
3820.275000095368,0.07421875,-0.0634765625,1.0908203125,3793.655833522479
3820.285000085831,0.07421875,-0.0634765625,1.0908203125,3793.6658335129423
3820.295000076294,0.11376953125,-0.0439453125,1.06982421875,3793.675833503405
3820.305000066757,0.11376953125,-0.0439453125,1.06982421875,3793.6858334938684
3820.315000057221,0.11376953125,-0.04296875,1.23046875,3793.695833484332
3820.325000047684,0.11376953125,-0.04296875,1.23046875,3793.7058334747953
3820.335000038147,0.08544921875,-0.02783203125,1.20068359375,3793.715833465258
3820.34500002861,0.0634765625,-0.07958984375,1.337890625,3793.725833455721
3820.3550000190735,0.0634765625,-0.07958984375,1.337890625,3793.7358334461846
3820.3650000095367,0.060546875,-0.0087890625,1.28515625,3793.745833436648
3820.375,0.060546875,-0.0087890625,1.28515625,3793.755833427111
3820.3849999904633,0.0341796875,-0.03076171875,1.02880859375,3793.7658334175744
3820.3949999809274,0.0341796875,-0.03076171875,1.02880859375,3793.7758334080386
3820.4049999713898,0.08154296875,-0.03857421875,1.2080078125,3793.785833398501
3820.414999961853,0.08154296875,-0.03857421875,1.2080078125,3793.795833388964
3820.424999952316,0.0947265625,-0.00390625,1.01611328125,3793.805833379427
3820.43499994278,0.0947265625,-0.00390625,1.01611328125,3793.815833369891
3820.444999933243,0.0439453125,-0.037109375,0.7626953125,3793.825833360354
3820.454999923706,0.0439453125,-0.037109375,0.7626953125,3793.835833350817
3820.464999914169,0.09619140625,-0.017578125,0.6513671875,3793.84583334128
3820.474999904633,0.09619140625,-0.017578125,0.6513671875,3793.855833331744
3820.484999895096,0.07763671875,0.01318359375,0.60400390625,3793.865833322207
3820.494999885559,0.07763671875,0.01318359375,0.60400390625,3793.8758333126702
3820.5049998760223,0.068359375,0.0205078125,0.7099609375,3793.8858333031335
3820.5149998664856,0.068359375,0.0205078125,0.7099609375,3793.8958332935968
3820.525000095368,0.0439453125,0.00390625,0.70751953125,3793.905833522479
3820.535000085831,0.0439453125,0.00390625,0.70751953125,3793.9158335129423
3820.539999961853,0.0439453125,0.00390625,0.70751953125,3793.920833388964
3820.545000076294,0.05029296875,0.01513671875,0.7578125,3793.925833503405
3820.565000057221,0.0654296875,-0.02197265625,0.84130859375,3793.945833484332
3820.575000047684,0.0654296875,-0.02197265625,0.84130859375,3793.9558334747953
3820.585000038147,0.10302734375,-0.0654296875,0.951171875,3793.965833465258
3820.59500002861,0.10302734375,-0.0654296875,0.951171875,3793.975833455721
3820.6050000190735,0.0986328125,-0.02197265625,1.0283203125,3793.9858334461846
3820.6150000095367,0.0986328125,-0.02197265625,1.0283203125,3793.995833436648
3820.625,0.14599609375,-0.05615234375,1.248046875,3794.005833427111
3820.6349999904633,0.14599609375,-0.05615234375,1.248046875,3794.0158334175744
3820.6449999809274,0.05859375,-0.02490234375,1.5244140625,3794.0258334080386
3820.6549999713898,0.05859375,-0.02490234375,1.5244140625,3794.035833398501
3820.664999961853,0.0576171875,-0.021484375,1.40087890625,3794.045833388964
3820.674999952316,0.0576171875,-0.021484375,1.40087890625,3794.055833379427
3820.68499994278,0.0625,-0.04541015625,1.0791015625,3794.065833369891
3820.694999933243,0.0625,-0.04541015625,1.0791015625,3794.075833360354
3820.704999923706,0.0859375,0.02294921875,0.953125,3794.085833350817
3820.714999914169,0.0859375,0.02294921875,0.953125,3794.09583334128
3820.724999904633,0.115234375,-0.0732421875,0.83642578125,3794.105833331744
3820.734999895096,0.115234375,-0.0732421875,0.83642578125,3794.115833322207
3820.744999885559,0.08203125,-0.02783203125,1.078125,3794.1258333126702
3820.7549998760223,0.08203125,-0.02783203125,1.078125,3794.1358333031335
3820.7649998664856,0.02783203125,0.01806640625,0.68359375,3794.1458332935968
3820.775000095368,0.02783203125,0.01806640625,0.68359375,3794.155833522479
3820.785000085831,0.0537109375,-0.02880859375,0.7041015625,3794.1658335129423
3820.795000076294,0.0537109375,-0.02880859375,0.7041015625,3794.175833503405
3820.805000066757,0.14892578125,0.009765625,0.76953125,3794.1858334938684
3820.815000057221,0.14892578125,0.009765625,0.76953125,3794.195833484332
3820.825000047684,0.072265625,-0.0478515625,0.85888671875,3794.2058334747953
3820.835000038147,0.072265625,-0.0478515625,0.85888671875,3794.215833465258
3820.84500002861,0.1162109375,0.0146484375,1.07861328125,3794.225833455721
3820.8550000190735,0.1162109375,0.0146484375,1.07861328125,3794.2358334461846
3820.8650000095367,0.048828125,-0.0283203125,1.0576171875,3794.245833436648
3820.875,0.048828125,-0.0283203125,1.0576171875,3794.255833427111
3820.8849999904633,0.08251953125,0.06005859375,1.09423828125,3794.2658334175744
3820.8949999809274,0.08251953125,0.06005859375,1.09423828125,3794.2758334080386
3820.9049999713898,0.10986328125,-0.0517578125,1.35400390625,3794.285833398501
3820.914999961853,0.10986328125,-0.0517578125,1.35400390625,3794.295833388964
3820.924999952316,0.1044921875,-0.00439453125,1.31494140625,3794.305833379427
3820.93499994278,0.1044921875,-0.00439453125,1.31494140625,3794.315833369891
3820.944999933243,0.06689453125,-0.0029296875,1.080078125,3794.325833360354
3820.954999923706,0.06689453125,-0.0029296875,1.080078125,3794.335833350817
3820.964999914169,0.083984375,0.02490234375,1.275390625,3794.34583334128
3820.974999904633,0.083984375,0.02490234375,1.275390625,3794.355833331744
3820.984999895096,0.13623046875,0.03076171875,1.21044921875,3794.365833322207
3820.994999885559,0.13623046875,0.03076171875,1.21044921875,3794.3758333126702
3821.0049998760223,0.07177734375,-0.04296875,1.0244140625,3794.3858333031335
3821.0149998664856,0.07177734375,-0.04296875,1.0244140625,3794.3958332935968
3821.025000095368,0.09423828125,0.03759765625,0.84423828125,3794.405833522479
3821.035000085831,0.09423828125,0.03759765625,0.84423828125,3794.4158335129423
3821.045000076294,0.04638671875,0.0,0.81591796875,3794.425833503405
3821.055000066757,0.04638671875,0.0,0.81591796875,3794.4358334938684
3821.065000057221,0.06494140625,0.0107421875,0.73876953125,3794.445833484332
3821.075000047684,0.06494140625,0.0107421875,0.73876953125,3794.4558334747953
3821.085000038147,0.02685546875,0.0009765625,0.80615234375,3794.465833465258
3821.09500002861,0.02685546875,0.0009765625,0.80615234375,3794.475833455721
3821.1050000190735,0.0888671875,0.03466796875,0.71435546875,3794.4858334461846
3821.1150000095367,0.0888671875,0.03466796875,0.71435546875,3794.495833436648
3821.125,0.09033203125,-0.01171875,0.71826171875,3794.505833427111
3821.1349999904633,0.09033203125,-0.01171875,0.71826171875,3794.5158334175744
3821.1449999809274,0.06787109375,0.0244140625,0.8037109375,3794.5258334080386
3821.1549999713898,0.06787109375,0.0244140625,0.8037109375,3794.535833398501
3821.164999961853,0.04833984375,-0.03369140625,0.8916015625,3794.545833388964
3821.174999952316,0.04833984375,-0.03369140625,0.8916015625,3794.555833379427
3821.18499994278,0.08642578125,0.0126953125,1.0009765625,3794.565833369891
3821.194999933243,0.08642578125,0.0126953125,1.0009765625,3794.575833360354
3821.204999923706,0.06591796875,0.0078125,0.92578125,3794.585833350817
3821.214999914169,0.06591796875,0.0078125,0.92578125,3794.59583334128
3821.224999904633,0.07275390625,0.00341796875,1.28076171875,3794.605833331744
3821.234999895096,0.07275390625,0.00341796875,1.28076171875,3794.615833322207
3821.244999885559,0.095703125,0.01318359375,1.1884765625,3794.6258333126702
3821.2549998760223,0.095703125,0.01318359375,1.1884765625,3794.6358333031335
3821.2649998664856,0.05078125,0.00537109375,1.0380859375,3794.6458332935968
3821.275000095368,0.05078125,0.00537109375,1.0380859375,3794.655833522479
3821.285000085831,0.08837890625,-0.02392578125,1.17236328125,3794.6658335129423
3821.295000076294,0.08837890625,-0.02392578125,1.17236328125,3794.675833503405
3821.305000066757,0.04296875,0.00927734375,1.072265625,3794.6858334938684
3821.315000057221,0.04296875,0.00927734375,1.072265625,3794.695833484332
3821.325000047684,0.0693359375,0.01953125,0.8115234375,3794.7058334747953
3821.335000038147,0.0693359375,0.01953125,0.8115234375,3794.715833465258
3821.34500002861,0.06396484375,-0.03173828125,0.83642578125,3794.725833455721
3821.3550000190735,0.06396484375,-0.03173828125,0.83642578125,3794.7358334461846
3821.3650000095367,0.09423828125,0.04296875,0.849609375,3794.745833436648
3821.375,0.09423828125,0.04296875,0.849609375,3794.755833427111
3821.3849999904633,0.02978515625,0.0244140625,0.75390625,3794.7658334175744
3821.3949999809274,0.02978515625,0.0244140625,0.75390625,3794.7758334080386
3821.4049999713898,0.07080078125,0.0380859375,0.77685546875,3794.785833398501
3821.414999961853,0.07080078125,0.0380859375,0.77685546875,3794.795833388964
3821.424999952316,0.056640625,-0.02734375,0.912109375,3794.805833379427
3821.43499994278,0.056640625,-0.02734375,0.912109375,3794.815833369891
3821.444999933243,0.06005859375,-0.01708984375,0.912109375,3794.825833360354
3821.454999923706,0.06005859375,-0.01708984375,0.912109375,3794.835833350817
3821.464999914169,0.0595703125,-0.0029296875,1.02783203125,3794.84583334128
3821.474999904633,0.0595703125,-0.0029296875,1.02783203125,3794.855833331744
3821.484999895096,0.072265625,-0.00146484375,1.20703125,3794.865833322207
3821.494999885559,0.072265625,-0.00146484375,1.20703125,3794.8758333126702
3821.5049998760223,0.0849609375,-0.03125,1.14697265625,3794.8858333031335
3821.5149998664856,0.0849609375,-0.03125,1.14697265625,3794.8958332935968
3821.525000095368,0.06591796875,0.03759765625,1.3388671875,3794.905833522479
3821.535000085831,0.06591796875,0.03759765625,1.3388671875,3794.9158335129423
3821.539999961853,0.0791015625,-0.00830078125,1.380859375,3794.920833388964
3821.545000076294,0.0791015625,-0.00830078125,1.380859375,3794.925833503405
3821.565000057221,0.05126953125,0.01318359375,1.30712890625,3794.945833484332
3821.575000047684,0.05126953125,0.01318359375,1.30712890625,3794.9558334747953
3821.585000038147,0.06396484375,0.05859375,1.060546875,3794.965833465258
3821.59500002861,0.06396484375,0.05859375,1.060546875,3794.975833455721
3821.6050000190735,0.0693359375,0.01806640625,1.34912109375,3794.9858334461846
3821.6150000095367,0.0693359375,0.01806640625,1.34912109375,3794.995833436648
3821.625,0.08642578125,0.04052734375,1.14501953125,3795.005833427111
3821.6349999904633,0.08642578125,0.04052734375,1.14501953125,3795.0158334175744
3821.6449999809274,0.01708984375,0.015625,0.86767578125,3795.0258334080386
3821.6549999713898,0.01708984375,0.015625,0.86767578125,3795.035833398501
3821.664999961853,0.07568359375,0.017578125,0.89892578125,3795.045833388964
3821.674999952316,0.07568359375,0.017578125,0.89892578125,3795.055833379427
3821.68499994278,0.04638671875,0.01318359375,0.7568359375,3795.065833369891
3821.694999933243,0.04638671875,0.01318359375,0.7568359375,3795.075833360354
3821.704999923706,0.02001953125,-0.021484375,0.8251953125,3795.085833350817
3821.714999914169,0.02001953125,-0.021484375,0.8251953125,3795.09583334128
3821.724999904633,0.06884765625,0.01611328125,0.99462890625,3795.105833331744
3821.734999895096,0.06884765625,0.01611328125,0.99462890625,3795.115833322207
3821.744999885559,0.03466796875,-0.00048828125,1.04931640625,3795.1258333126702
3821.7549998760223,0.03466796875,-0.00048828125,1.04931640625,3795.1358333031335
3821.7649998664856,0.05810546875,0.03369140625,1.09619140625,3795.1458332935968
3821.775000095368,0.05810546875,0.03369140625,1.09619140625,3795.155833522479
3821.785000085831,0.04150390625,0.00244140625,1.16845703125,3795.1658335129423
3821.795000076294,0.04150390625,0.00244140625,1.16845703125,3795.175833503405
3821.805000066757,0.08056640625,0.05712890625,1.17529296875,3795.1858334938684
3821.815000057221,0.08056640625,0.05712890625,1.17529296875,3795.195833484332
3821.825000047684,0.01513671875,-0.00341796875,1.14794921875,3795.2058334747953
3821.835000038147,0.01513671875,-0.00341796875,1.14794921875,3795.215833465258
3821.84500002861,0.02880859375,0.01513671875,0.87109375,3795.225833455721
3821.8550000190735,0.02880859375,0.01513671875,0.87109375,3795.2358334461846
3821.8650000095367,0.052734375,-0.0107421875,1.013671875,3795.245833436648
3821.875,0.052734375,-0.0107421875,1.013671875,3795.255833427111
3821.8849999904633,0.087890625,0.025390625,0.9375,3795.2658334175744
3821.8949999809274,0.087890625,0.025390625,0.9375,3795.2758334080386
3821.9049999713898,0.0107421875,-0.00634765625,0.85107421875,3795.285833398501
3821.914999961853,0.0107421875,-0.00634765625,0.85107421875,3795.295833388964
3821.924999952316,0.05029296875,0.033203125,0.98193359375,3795.305833379427
3821.93499994278,0.05029296875,0.033203125,0.98193359375,3795.315833369891
3821.944999933243,0.04296875,0.0087890625,1.07861328125,3795.325833360354
3821.954999923706,0.04296875,0.0087890625,1.07861328125,3795.335833350817
3821.964999914169,0.021484375,0.0283203125,1.14892578125,3795.34583334128
3821.974999904633,0.021484375,0.0283203125,1.14892578125,3795.355833331744
3821.984999895096,0.03857421875,-0.009765625,1.16650390625,3795.365833322207
3821.994999885559,0.03857421875,-0.009765625,1.16650390625,3795.3758333126702
3822.0049998760223,0.0390625,0.02197265625,1.11962890625,3795.3858333031335
3822.0149998664856,0.0390625,0.02197265625,1.11962890625,3795.3958332935968
3822.025000095368,0.03125,-0.01953125,1.083984375,3795.405833522479
3822.035000085831,0.03125,-0.01953125,1.083984375,3795.4158335129423
3822.045000076294,0.03173828125,-0.00927734375,1.376953125,3795.425833503405
3822.055000066757,0.03173828125,-0.00927734375,1.376953125,3795.4358334938684
3822.065000057221,0.0458984375,0.03271484375,1.27880859375,3795.445833484332
3822.075000047684,0.0458984375,0.03271484375,1.27880859375,3795.4558334747953
3822.085000038147,0.01025390625,-0.00048828125,1.26953125,3795.465833465258
3822.09500002861,0.01025390625,-0.00048828125,1.26953125,3795.475833455721
3822.1050000190735,0.05859375,-0.02392578125,1.1767578125,3795.4858334461846
3822.1150000095367,0.05859375,-0.02392578125,1.1767578125,3795.495833436648
3822.125,-0.005859375,0.02392578125,1.1240234375,3795.505833427111
3822.1349999904633,-0.005859375,0.02392578125,1.1240234375,3795.5158334175744
3822.1449999809274,0.01123046875,0.04541015625,1.0556640625,3795.5258334080386
3822.1549999713898,0.01123046875,0.04541015625,1.0556640625,3795.535833398501
3822.164999961853,0.03466796875,-0.046875,1.15576171875,3795.545833388964
3822.174999952316,0.03466796875,-0.046875,1.15576171875,3795.555833379427
3822.18499994278,0.0322265625,0.04248046875,0.98095703125,3795.565833369891
3822.194999933243,0.0322265625,0.04248046875,0.98095703125,3795.575833360354
3822.204999923706,0.01806640625,-0.02197265625,0.9599609375,3795.585833350817
3822.214999914169,0.01806640625,-0.02197265625,0.9599609375,3795.59583334128
3822.224999904633,0.0537109375,0.0224609375,0.86669921875,3795.605833331744
3822.234999895096,0.0537109375,0.0224609375,0.86669921875,3795.615833322207
3822.244999885559,0.0205078125,-0.01611328125,0.880859375,3795.6258333126702
3822.2549998760223,0.0205078125,-0.01611328125,0.880859375,3795.6358333031335
3822.2649998664856,0.00341796875,0.00341796875,0.78857421875,3795.6458332935968
3822.275000095368,0.00341796875,0.00341796875,0.78857421875,3795.655833522479
3822.285000085831,0.00830078125,0.02490234375,0.85693359375,3795.6658335129423
3822.295000076294,0.00830078125,0.02490234375,0.85693359375,3795.675833503405
3822.305000066757,0.0146484375,0.01220703125,0.99462890625,3795.6858334938684
3822.315000057221,0.0146484375,0.01220703125,0.99462890625,3795.695833484332
3822.325000047684,0.068359375,-0.02587890625,0.8603515625,3795.7058334747953
3822.335000038147,0.068359375,-0.02587890625,0.8603515625,3795.715833465258
3822.34500002861,0.03271484375,0.0009765625,1.06201171875,3795.725833455721
3822.3550000190735,0.03271484375,0.0009765625,1.06201171875,3795.7358334461846
3822.3650000095367,0.03173828125,0.0,1.0439453125,3795.745833436648
3822.375,0.03173828125,0.0,1.0439453125,3795.755833427111
3822.3849999904633,0.0107421875,-0.00390625,1.19580078125,3795.7658334175744
3822.3949999809274,0.0107421875,-0.00390625,1.19580078125,3795.7758334080386
3822.4049999713898,0.04345703125,-0.00732421875,1.1318359375,3795.785833398501
3822.414999961853,0.04345703125,-0.00732421875,1.1318359375,3795.795833388964
3822.424999952316,0.0478515625,-0.03369140625,1.36181640625,3795.805833379427
3822.43499994278,0.0478515625,-0.03369140625,1.36181640625,3795.815833369891
3822.444999933243,0.0576171875,-0.0029296875,1.23046875,3795.825833360354
3822.454999923706,0.0576171875,-0.0029296875,1.23046875,3795.835833350817
3822.464999914169,0.0380859375,-0.03466796875,1.13623046875,3795.84583334128
3822.474999904633,0.0380859375,-0.03466796875,1.13623046875,3795.855833331744
3822.484999895096,0.03955078125,-0.01318359375,1.2490234375,3795.865833322207
3822.494999885559,0.03955078125,-0.01318359375,1.2490234375,3795.8758333126702
3822.5049998760223,0.03466796875,0.00341796875,1.07373046875,3795.8858333031335
3822.5149998664856,0.03466796875,0.00341796875,1.07373046875,3795.8958332935968
3822.525000095368,-0.00634765625,-0.0107421875,0.85546875,3795.905833522479
3822.535000085831,-0.00634765625,-0.0107421875,0.85546875,3795.9158335129423
3822.539999961853,0.05859375,-0.0087890625,0.84765625,3795.920833388964
3822.545000076294,0.0439453125,-0.00244140625,1.01123046875,3795.925833503405
3822.565000057221,0.0439453125,-0.00244140625,1.01123046875,3795.945833484332
3822.575000047684,0.0439453125,-0.00244140625,1.01123046875,3795.9558334747953
3822.585000038147,0.03466796875,-0.00341796875,0.89501953125,3795.965833465258
3822.59500002861,0.03466796875,-0.00341796875,0.89501953125,3795.975833455721
3822.6050000190735,0.01611328125,-0.02392578125,0.97900390625,3795.9858334461846
3822.6150000095367,0.01611328125,-0.02392578125,0.97900390625,3795.995833436648
3822.625,0.05712890625,0.02490234375,0.96337890625,3796.005833427111
3822.6349999904633,0.05712890625,0.02490234375,0.96337890625,3796.0158334175744
3822.6449999809274,0.02392578125,-0.02587890625,0.95947265625,3796.0258334080386
3822.6549999713898,0.02392578125,-0.02587890625,0.95947265625,3796.035833398501
3822.664999961853,0.08349609375,0.0263671875,1.0439453125,3796.045833388964
3822.674999952316,0.08349609375,0.0263671875,1.0439453125,3796.055833379427
3822.68499994278,0.0419921875,-0.037109375,1.30517578125,3796.065833369891
3822.694999933243,0.0419921875,-0.037109375,1.30517578125,3796.075833360354
3822.704999923706,0.046875,-0.01953125,1.23095703125,3796.085833350817
3822.714999914169,0.046875,-0.01953125,1.23095703125,3796.09583334128
3822.724999904633,-0.01611328125,-0.00439453125,1.19580078125,3796.105833331744
3822.734999895096,-0.01611328125,-0.00439453125,1.19580078125,3796.115833322207
3822.744999885559,0.05078125,-0.01123046875,1.138671875,3796.1258333126702
3822.7549998760223,0.05078125,-0.01123046875,1.138671875,3796.1358333031335
3822.7649998664856,0.08837890625,-0.00537109375,0.97900390625,3796.1458332935968
3822.775000095368,0.08837890625,-0.00537109375,0.97900390625,3796.155833522479
3822.785000085831,0.04296875,-0.01416015625,1.02001953125,3796.1658335129423
3822.795000076294,0.04296875,-0.01416015625,1.02001953125,3796.175833503405
3822.805000066757,0.03515625,-0.01171875,1.07568359375,3796.1858334938684
3822.815000057221,0.03515625,-0.01171875,1.07568359375,3796.195833484332
3822.825000047684,0.00439453125,0.0302734375,0.81494140625,3796.2058334747953
3822.835000038147,0.00439453125,0.0302734375,0.81494140625,3796.215833465258
3822.84500002861,0.06884765625,0.0,0.6552734375,3796.225833455721
3822.8550000190735,0.06884765625,0.0,0.6552734375,3796.2358334461846
3822.8650000095367,0.06005859375,-0.029296875,0.8310546875,3796.245833436648
3822.875,0.06005859375,-0.029296875,0.8310546875,3796.255833427111
3822.8849999904633,0.0380859375,-0.00927734375,0.51220703125,3796.2658334175744
3822.8949999809274,0.0380859375,-0.00927734375,0.51220703125,3796.2758334080386
3822.9049999713898,0.02685546875,-0.01123046875,0.7353515625,3796.285833398501
3822.914999961853,0.02685546875,-0.01123046875,0.7353515625,3796.295833388964
3822.924999952316,0.07666015625,-0.01708984375,0.93359375,3796.305833379427
3822.93499994278,0.07666015625,-0.01708984375,0.93359375,3796.315833369891
3822.944999933243,0.029296875,-0.00244140625,0.833984375,3796.325833360354
3822.954999923706,0.029296875,-0.00244140625,0.833984375,3796.335833350817
3822.964999914169,0.04931640625,-0.03662109375,0.9970703125,3796.34583334128
3822.974999904633,0.04931640625,-0.03662109375,0.9970703125,3796.355833331744
3822.984999895096,0.107421875,-0.0556640625,1.15478515625,3796.365833322207
3822.994999885559,0.107421875,-0.0556640625,1.15478515625,3796.3758333126702
3823.0049998760223,0.08056640625,-0.00048828125,1.3310546875,3796.3858333031335
3823.0149998664856,0.08056640625,-0.00048828125,1.3310546875,3796.3958332935968
3823.025000095368,0.05859375,-0.06591796875,1.27685546875,3796.405833522479
3823.035000085831,0.05859375,-0.06591796875,1.27685546875,3796.4158335129423
3823.045000076294,0.05029296875,0.0283203125,1.08056640625,3796.425833503405
3823.055000066757,0.05029296875,0.0283203125,1.08056640625,3796.4358334938684
3823.065000057221,0.09521484375,0.0322265625,1.03271484375,3796.445833484332
3823.075000047684,0.09521484375,0.0322265625,1.03271484375,3796.4558334747953
3823.085000038147,0.07373046875,-0.0078125,1.02099609375,3796.465833465258
3823.09500002861,0.07373046875,-0.0078125,1.02099609375,3796.475833455721
3823.1050000190735,0.060546875,0.00146484375,0.974609375,3796.4858334461846
3823.1150000095367,0.060546875,0.00146484375,0.974609375,3796.495833436648
3823.125,0.03173828125,0.0009765625,1.0068359375,3796.505833427111
3823.1349999904633,0.03173828125,0.0009765625,1.0068359375,3796.5158334175744
3823.1449999809274,0.05029296875,0.03564453125,0.82470703125,3796.5258334080386
3823.1549999713898,0.05029296875,0.03564453125,0.82470703125,3796.535833398501
3823.164999961853,0.02392578125,-0.0693359375,0.642578125,3796.545833388964
3823.174999952316,0.02392578125,-0.0693359375,0.642578125,3796.555833379427
3823.18499994278,0.10693359375,0.03173828125,0.74658203125,3796.565833369891
3823.194999933243,0.10693359375,0.03173828125,0.74658203125,3796.575833360354
3823.204999923706,0.02490234375,-0.02880859375,0.56005859375,3796.585833350817
3823.214999914169,0.02490234375,-0.02880859375,0.56005859375,3796.59583334128
3823.224999904633,0.044921875,0.0185546875,0.63916015625,3796.605833331744
3823.234999895096,0.044921875,0.0185546875,0.63916015625,3796.615833322207
3823.244999885559,0.03662109375,-0.06103515625,0.775390625,3796.6258333126702
3823.2549998760223,0.03662109375,-0.06103515625,0.775390625,3796.6358333031335
3823.2649998664856,0.08447265625,0.00927734375,0.7294921875,3796.6458332935968
3823.275000095368,0.08447265625,0.00927734375,0.7294921875,3796.655833522479
3823.285000085831,0.0625,-0.0244140625,0.736328125,3796.6658335129423
3823.295000076294,0.0625,-0.0244140625,0.736328125,3796.675833503405
3823.305000066757,0.1044921875,-0.04931640625,1.12890625,3796.6858334938684
3823.315000057221,0.1044921875,-0.04931640625,1.12890625,3796.695833484332
3823.325000047684,0.08984375,-0.01318359375,1.125,3796.7058334747953
3823.335000038147,0.08984375,-0.01318359375,1.125,3796.715833465258
3823.34500002861,0.107421875,-0.001953125,1.32958984375,3796.725833455721
3823.3550000190735,0.107421875,-0.001953125,1.32958984375,3796.7358334461846
3823.3650000095367,0.140625,-0.03173828125,1.48095703125,3796.745833436648
3823.375,0.140625,-0.03173828125,1.48095703125,3796.755833427111
3823.3849999904633,0.13427734375,0.037109375,1.57275390625,3796.7658334175744
3823.3949999809274,0.13427734375,0.037109375,1.57275390625,3796.7758334080386
3823.4049999713898,0.09033203125,0.01806640625,1.39306640625,3796.785833398501
3823.414999961853,0.09033203125,0.01806640625,1.39306640625,3796.795833388964
3823.424999952316,0.07177734375,0.0126953125,1.5087890625,3796.805833379427
3823.43499994278,0.07177734375,0.0126953125,1.5087890625,3796.815833369891
3823.444999933243,0.08203125,0.03662109375,1.2451171875,3796.825833360354
3823.454999923706,0.08203125,0.03662109375,1.2451171875,3796.835833350817
3823.464999914169,0.02197265625,-0.03662109375,1.0625,3796.84583334128
3823.474999904633,0.02197265625,-0.03662109375,1.0625,3796.855833331744
3823.484999895096,0.07763671875,0.009765625,0.92626953125,3796.865833322207
3823.494999885559,0.07763671875,0.009765625,0.92626953125,3796.8758333126702
3823.5049998760223,0.08642578125,-0.0400390625,0.78955078125,3796.8858333031335
3823.5149998664856,0.08642578125,-0.0400390625,0.78955078125,3796.8958332935968
3823.525000095368,0.08251953125,0.01220703125,0.68994140625,3796.905833522479
3823.535000085831,0.08251953125,0.01220703125,0.68994140625,3796.9158335129423
3823.539999961853,0.0546875,0.0166015625,0.64013671875,3796.920833388964
3823.545000076294,0.06494140625,-0.0087890625,0.73876953125,3796.925833503405
3823.565000057221,0.06494140625,-0.0087890625,0.73876953125,3796.945833484332
3823.575000047684,0.06494140625,-0.0087890625,0.73876953125,3796.9558334747953
3823.585000038147,0.05859375,0.0263671875,0.578125,3796.965833465258
3823.59500002861,0.05859375,0.0263671875,0.578125,3796.975833455721
3823.6050000190735,0.044921875,0.0107421875,0.6953125,3796.9858334461846
3823.6150000095367,0.044921875,0.0107421875,0.6953125,3796.995833436648
3823.625,0.1103515625,-0.00732421875,0.97607421875,3797.005833427111
3823.6349999904633,0.1103515625,-0.00732421875,0.97607421875,3797.0158334175744
3823.6449999809274,0.07373046875,0.02685546875,0.89599609375,3797.0258334080386
3823.6549999713898,0.07373046875,0.02685546875,0.89599609375,3797.035833398501
3823.664999961853,0.07421875,0.076171875,0.98193359375,3797.045833388964
3823.674999952316,0.07958984375,-0.0126953125,1.1181640625,3797.055833379427
3823.68499994278,0.07958984375,-0.0126953125,1.1181640625,3797.065833369891
3823.694999933243,0.11328125,0.0322265625,1.00830078125,3797.075833360354
3823.704999923706,0.11328125,0.0322265625,1.00830078125,3797.085833350817
3823.714999914169,0.068359375,0.0029296875,1.1015625,3797.09583334128
3823.724999904633,0.068359375,0.0029296875,1.1015625,3797.105833331744
3823.734999895096,0.09033203125,-0.03466796875,1.04150390625,3797.115833322207
3823.744999885559,0.09033203125,-0.03466796875,1.04150390625,3797.1258333126702
3823.7549998760223,0.07861328125,-0.0068359375,1.01220703125,3797.1358333031335
3823.7649998664856,0.07861328125,-0.0068359375,1.01220703125,3797.1458332935968
3823.775000095368,0.10205078125,-0.01025390625,0.90771484375,3797.155833522479
3823.785000085831,0.10205078125,-0.01025390625,0.90771484375,3797.1658335129423
3823.795000076294,0.07666015625,-0.06103515625,0.91796875,3797.175833503405
3823.805000066757,0.07666015625,-0.06103515625,0.91796875,3797.1858334938684
3823.815000057221,0.0927734375,0.044921875,0.92919921875,3797.195833484332
3823.825000047684,0.0927734375,0.044921875,0.92919921875,3797.2058334747953
3823.835000038147,0.05322265625,-0.06494140625,0.8154296875,3797.215833465258
3823.84500002861,0.05322265625,-0.06494140625,0.8154296875,3797.225833455721
3823.8550000190735,0.0419921875,0.0009765625,0.95947265625,3797.2358334461846
3823.8650000095367,0.0419921875,0.0009765625,0.95947265625,3797.245833436648
3823.875,0.0654296875,-0.00732421875,0.78125,3797.255833427111
3823.8849999904633,0.0654296875,-0.00732421875,0.78125,3797.2658334175744
3823.8949999809274,0.08544921875,-0.02294921875,0.8515625,3797.2758334080386
3823.9049999713898,0.08544921875,-0.02294921875,0.8515625,3797.285833398501
3823.914999961853,0.10205078125,0.0009765625,0.86767578125,3797.295833388964
3823.924999952316,0.10205078125,0.0009765625,0.86767578125,3797.305833379427
3823.93499994278,0.06591796875,-0.04931640625,1.09228515625,3797.315833369891
3823.944999933243,0.06591796875,-0.04931640625,1.09228515625,3797.325833360354
3823.954999923706,0.08203125,0.01904296875,1.08251953125,3797.335833350817
3823.964999914169,0.08203125,0.01904296875,1.08251953125,3797.34583334128
3823.974999904633,0.009765625,-0.0361328125,0.9287109375,3797.355833331744
3823.984999895096,0.009765625,-0.0361328125,0.9287109375,3797.365833322207
3823.994999885559,0.10400390625,-0.02587890625,1.06787109375,3797.3758333126702
3824.0049998760223,0.10400390625,-0.02587890625,1.06787109375,3797.3858333031335
3824.0149998664856,0.08837890625,-0.0087890625,1.11767578125,3797.3958332935968
3824.025000095368,0.08837890625,-0.0087890625,1.11767578125,3797.405833522479
3824.035000085831,0.06396484375,-0.02734375,0.97216796875,3797.4158335129423
3824.045000076294,0.06396484375,-0.02734375,0.97216796875,3797.425833503405
3824.055000066757,0.033203125,-0.087890625,0.96142578125,3797.4358334938684
3824.065000057221,0.033203125,-0.087890625,0.96142578125,3797.445833484332
3824.075000047684,0.1064453125,-0.00927734375,0.89697265625,3797.4558334747953
3824.085000038147,0.1064453125,-0.00927734375,0.89697265625,3797.465833465258
3824.09500002861,0.0927734375,-0.06103515625,0.89501953125,3797.475833455721
3824.1050000190735,0.0927734375,-0.06103515625,0.89501953125,3797.4858334461846
3824.1150000095367,0.09130859375,-0.01416015625,1.0859375,3797.495833436648
3824.125,0.09130859375,-0.01416015625,1.0859375,3797.505833427111
3824.1349999904633,0.05078125,-0.02880859375,0.8154296875,3797.5158334175744
3824.1449999809274,0.05078125,-0.02880859375,0.8154296875,3797.5258334080386
3824.1549999713898,0.03759765625,-0.01806640625,1.02197265625,3797.535833398501
3824.164999961853,0.03759765625,-0.01806640625,1.02197265625,3797.545833388964
3824.174999952316,0.099609375,-0.06982421875,1.1259765625,3797.555833379427
3824.18499994278,0.099609375,-0.06982421875,1.1259765625,3797.565833369891
3824.194999933243,0.0732421875,-0.03076171875,1.435546875,3797.575833360354
3824.204999923706,0.0732421875,-0.03076171875,1.435546875,3797.585833350817
3824.214999914169,0.11083984375,-0.025390625,1.3359375,3797.59583334128
3824.224999904633,0.11083984375,-0.025390625,1.3359375,3797.605833331744
3824.234999895096,0.04736328125,-0.060546875,1.2919921875,3797.615833322207
3824.244999885559,0.04736328125,-0.060546875,1.2919921875,3797.6258333126702
3824.2549998760223,0.04736328125,0.0390625,1.1181640625,3797.6358333031335
3824.2649998664856,0.04736328125,0.0390625,1.1181640625,3797.6458332935968
3824.275000095368,0.04052734375,-0.03955078125,1.03076171875,3797.655833522479
3824.285000085831,0.04052734375,-0.03955078125,1.03076171875,3797.6658335129423
3824.295000076294,0.07568359375,-0.02099609375,0.94091796875,3797.675833503405
3824.305000066757,0.07568359375,-0.02099609375,0.94091796875,3797.6858334938684
3824.315000057221,0.07666015625,0.0048828125,0.86767578125,3797.695833484332
3824.325000047684,0.07666015625,0.0048828125,0.86767578125,3797.7058334747953
3824.335000038147,0.04248046875,0.0107421875,0.63818359375,3797.715833465258
3824.34500002861,0.04248046875,0.0107421875,0.63818359375,3797.725833455721
3824.3550000190735,0.037109375,-0.00732421875,0.7373046875,3797.7358334461846
3824.3650000095367,0.037109375,-0.00732421875,0.7373046875,3797.745833436648
3824.375,0.0478515625,-0.03271484375,0.69482421875,3797.755833427111
3824.3849999904633,0.0478515625,-0.03271484375,0.69482421875,3797.7658334175744
3824.3949999809274,0.0888671875,0.0029296875,0.52685546875,3797.7758334080386
3824.4049999713898,0.0888671875,0.0029296875,0.52685546875,3797.785833398501
3824.414999961853,0.0458984375,-0.01953125,0.83642578125,3797.795833388964
3824.424999952316,0.0458984375,-0.01953125,0.83642578125,3797.805833379427
3824.43499994278,0.10107421875,-0.02978515625,0.88330078125,3797.815833369891
3824.444999933243,0.10107421875,-0.02978515625,0.88330078125,3797.825833360354
3824.454999923706,0.0732421875,-0.0341796875,1.146484375,3797.835833350817
3824.464999914169,0.0732421875,-0.0341796875,1.146484375,3797.84583334128
3824.474999904633,0.05322265625,-0.02783203125,1.24560546875,3797.855833331744
3824.484999895096,0.05322265625,-0.02783203125,1.24560546875,3797.865833322207
3824.494999885559,0.041015625,-0.09814453125,1.296875,3797.8758333126702
3824.5049998760223,0.041015625,-0.09814453125,1.296875,3797.8858333031335
3824.5149998664856,0.09912109375,-0.01220703125,1.29248046875,3797.8958332935968
3824.525000095368,0.09912109375,-0.01220703125,1.29248046875,3797.905833522479
3824.535000085831,0.0556640625,-0.04443359375,1.54248046875,3797.9158335129423
3824.539999961853,0.0556640625,-0.04443359375,1.54248046875,3797.920833388964
3824.545000076294,0.056640625,-0.03759765625,1.55224609375,3797.925833503405
3824.565000057221,0.021484375,0.01611328125,1.37109375,3797.945833484332
3824.585000038147,0.021484375,0.01611328125,1.37109375,3797.965833465258
3824.59500002861,0.04931640625,-0.01123046875,1.13330078125,3797.975833455721
3824.6050000190735,0.04931640625,-0.01123046875,1.13330078125,3797.9858334461846
3824.6150000095367,0.06494140625,0.0234375,0.908203125,3797.995833436648
3824.625,0.06494140625,0.0234375,0.908203125,3798.005833427111
3824.6349999904633,0.0556640625,0.0224609375,1.0576171875,3798.0158334175744
3824.6449999809274,0.0556640625,0.0224609375,1.0576171875,3798.0258334080386
3824.6549999713898,0.04150390625,-0.0009765625,0.8759765625,3798.035833398501
3824.664999961853,0.04150390625,-0.0009765625,0.8759765625,3798.045833388964
3824.674999952316,-0.0029296875,0.01025390625,0.82275390625,3798.055833379427
3824.68499994278,-0.0029296875,0.01025390625,0.82275390625,3798.065833369891
3824.694999933243,0.0693359375,0.0478515625,0.79638671875,3798.075833360354
3824.704999923706,0.0693359375,0.0478515625,0.79638671875,3798.085833350817
3824.714999914169,0.033203125,-0.0419921875,0.6826171875,3798.09583334128
3824.724999904633,0.033203125,-0.0419921875,0.6826171875,3798.105833331744
3824.734999895096,0.04833984375,0.0498046875,0.6904296875,3798.115833322207
3824.744999885559,0.04833984375,0.0498046875,0.6904296875,3798.1258333126702
3824.7549998760223,0.01806640625,-0.07275390625,0.96923828125,3798.1358333031335
3824.7649998664856,0.01806640625,-0.07275390625,0.96923828125,3798.1458332935968
3824.775000095368,0.025390625,0.013671875,0.98876953125,3798.155833522479
3824.785000085831,0.025390625,0.013671875,0.98876953125,3798.1658335129423
3824.795000076294,-0.025390625,-0.01220703125,0.8369140625,3798.175833503405
3824.805000066757,-0.025390625,-0.01220703125,0.8369140625,3798.1858334938684
3824.815000057221,0.1044921875,0.01171875,1.13525390625,3798.195833484332
3824.825000047684,0.1044921875,0.01171875,1.13525390625,3798.2058334747953
3824.835000038147,0.08349609375,-0.01513671875,1.2470703125,3798.215833465258
3824.84500002861,0.08349609375,-0.01513671875,1.2470703125,3798.225833455721
3824.8550000190735,0.02587890625,0.0380859375,1.25244140625,3798.2358334461846
3824.8650000095367,0.02587890625,0.0380859375,1.25244140625,3798.245833436648
3824.875,-0.00439453125,-0.00439453125,1.3349609375,3798.255833427111
3824.8849999904633,-0.00439453125,-0.00439453125,1.3349609375,3798.2658334175744
3824.8949999809274,0.04052734375,0.037109375,1.06591796875,3798.2758334080386
3824.9049999713898,0.04052734375,0.037109375,1.06591796875,3798.285833398501
3824.914999961853,0.048828125,0.0029296875,0.923828125,3798.295833388964
3824.924999952316,0.048828125,0.0029296875,0.923828125,3798.305833379427
3824.93499994278,0.03076171875,-0.01123046875,1.11572265625,3798.315833369891
3824.944999933243,0.03076171875,-0.01123046875,1.11572265625,3798.325833360354
3824.954999923706,0.03076171875,0.07080078125,0.7275390625,3798.335833350817
3824.964999914169,0.03076171875,0.07080078125,0.7275390625,3798.34583334128
3824.974999904633,0.02001953125,-0.02587890625,0.96728515625,3798.355833331744
3824.984999895096,0.02001953125,-0.02587890625,0.96728515625,3798.365833322207
3824.994999885559,0.0537109375,0.02783203125,1.07080078125,3798.3758333126702
3825.0049998760223,0.0537109375,0.02783203125,1.07080078125,3798.3858333031335
3825.0149998664856,0.00244140625,-0.01171875,0.90576171875,3798.3958332935968
3825.025000095368,0.00244140625,-0.01171875,0.90576171875,3798.405833522479
3825.035000085831,0.06494140625,0.01318359375,0.8720703125,3798.4158335129423
3825.045000076294,0.06494140625,0.01318359375,0.8720703125,3798.425833503405
3825.055000066757,0.044921875,0.01171875,0.94287109375,3798.4358334938684
3825.065000057221,0.044921875,0.01171875,0.94287109375,3798.445833484332
3825.075000047684,0.02880859375,-0.013671875,1.11181640625,3798.4558334747953
3825.085000038147,0.02880859375,-0.013671875,1.11181640625,3798.465833465258
3825.09500002861,-0.00830078125,-0.0048828125,1.123046875,3798.475833455721
3825.1050000190735,-0.00830078125,-0.0048828125,1.123046875,3798.4858334461846
3825.1150000095367,0.02490234375,0.04248046875,1.0185546875,3798.495833436648
3825.125,0.02490234375,0.04248046875,1.0185546875,3798.505833427111
3825.1349999904633,0.072265625,0.03125,1.1064453125,3798.5158334175744
3825.1449999809274,0.072265625,0.03125,1.1064453125,3798.5258334080386
3825.1549999713898,0.05517578125,0.04052734375,1.09375,3798.535833398501
3825.164999961853,0.05517578125,0.04052734375,1.09375,3798.545833388964
3825.174999952316,0.00927734375,0.02685546875,0.88232421875,3798.555833379427
3825.18499994278,0.00927734375,0.02685546875,0.88232421875,3798.565833369891
3825.194999933243,0.06103515625,-0.0029296875,1.10791015625,3798.575833360354
3825.204999923706,0.06103515625,-0.0029296875,1.10791015625,3798.585833350817
3825.214999914169,0.04541015625,0.0341796875,0.935546875,3798.59583334128
3825.224999904633,0.04541015625,0.0341796875,0.935546875,3798.605833331744
3825.234999895096,-0.00439453125,0.0009765625,0.96728515625,3798.615833322207
3825.244999885559,-0.00439453125,0.0009765625,0.96728515625,3798.6258333126702
3825.2549998760223,0.0771484375,0.0205078125,1.12890625,3798.6358333031335
3825.2649998664856,0.0771484375,0.0205078125,1.12890625,3798.6458332935968
3825.275000095368,0.02294921875,-0.01611328125,1.07568359375,3798.655833522479
3825.285000085831,0.02294921875,-0.01611328125,1.07568359375,3798.6658335129423
3825.295000076294,-0.0107421875,0.04833984375,1.150390625,3798.675833503405
3825.305000066757,-0.0107421875,0.04833984375,1.150390625,3798.6858334938684
3825.315000057221,-0.01806640625,-0.04736328125,1.13037109375,3798.695833484332
3825.325000047684,-0.01806640625,-0.04736328125,1.13037109375,3798.7058334747953
3825.335000038147,0.02734375,0.04345703125,1.083984375,3798.715833465258
3825.34500002861,0.02734375,0.04345703125,1.083984375,3798.725833455721
3825.3550000190735,0.0341796875,0.04931640625,1.20556640625,3798.7358334461846
3825.3650000095367,0.0341796875,0.04931640625,1.20556640625,3798.745833436648
3825.375,0.0078125,0.025390625,1.216796875,3798.755833427111
3825.3849999904633,0.0078125,0.025390625,1.216796875,3798.7658334175744
3825.3949999809274,0.0048828125,0.064453125,1.228515625,3798.7758334080386
3825.4049999713898,0.0048828125,0.064453125,1.228515625,3798.785833398501
3825.414999961853,0.03076171875,0.033203125,1.126953125,3798.795833388964
3825.424999952316,0.03076171875,0.033203125,1.126953125,3798.805833379427
3825.43499994278,0.04736328125,0.0283203125,1.09912109375,3798.815833369891
3825.444999933243,0.04736328125,0.0283203125,1.09912109375,3798.825833360354
3825.454999923706,0.01708984375,0.00048828125,0.9951171875,3798.835833350817
3825.464999914169,0.01708984375,0.00048828125,0.9951171875,3798.84583334128
3825.474999904633,0.01904296875,0.03125,0.94482421875,3798.855833331744
3825.484999895096,0.01904296875,0.03125,0.94482421875,3798.865833322207
3825.494999885559,-0.02490234375,0.0263671875,1.0087890625,3798.8758333126702
3825.5049998760223,-0.02490234375,0.0263671875,1.0087890625,3798.8858333031335
3825.5149998664856,0.02099609375,-0.005859375,0.97509765625,3798.8958332935968
3825.525000095368,0.02099609375,-0.005859375,0.97509765625,3798.905833522479
3825.535000085831,0.02734375,0.01171875,0.9814453125,3798.9158335129423
3825.539999961853,0.02734375,0.01171875,0.9814453125,3798.920833388964
3825.545000076294,0.05859375,0.09326171875,1.07666015625,3798.925833503405
3825.565000057221,0.05859375,0.09326171875,1.07666015625,3798.945833484332
3825.575000047684,-0.0126953125,0.01123046875,1.263671875,3798.9558334747953
3825.585000038147,-0.0126953125,0.01123046875,1.263671875,3798.965833465258
3825.59500002861,0.015625,0.0830078125,1.24365234375,3798.975833455721
3825.6050000190735,0.015625,0.0830078125,1.24365234375,3798.9858334461846
3825.6150000095367,-0.044921875,0.07958984375,1.26611328125,3798.995833436648
3825.625,-0.044921875,0.07958984375,1.26611328125,3799.005833427111
3825.6349999904633,0.02783203125,0.025390625,1.3994140625,3799.0158334175744
3825.6449999809274,0.02783203125,0.025390625,1.3994140625,3799.0258334080386
3825.6549999713898,-0.013671875,0.01318359375,1.1318359375,3799.035833398501
3825.664999961853,-0.013671875,0.01318359375,1.1318359375,3799.045833388964
3825.674999952316,-0.00537109375,0.06396484375,1.0224609375,3799.055833379427
3825.68499994278,-0.00537109375,0.06396484375,1.0224609375,3799.065833369891
3825.694999933243,0.01904296875,0.00048828125,1.08251953125,3799.075833360354
3825.704999923706,0.01904296875,0.00048828125,1.08251953125,3799.085833350817
3825.714999914169,0.01025390625,0.01904296875,0.9736328125,3799.09583334128
3825.724999904633,0.01025390625,0.01904296875,0.9736328125,3799.105833331744
3825.734999895096,0.015625,0.037109375,0.78515625,3799.115833322207
3825.744999885559,0.015625,0.037109375,0.78515625,3799.1258333126702
3825.7549998760223,0.02734375,0.0126953125,0.7900390625,3799.1358333031335
3825.7649998664856,0.02734375,0.0126953125,0.7900390625,3799.1458332935968
3825.775000095368,0.0419921875,0.01416015625,0.7724609375,3799.155833522479
3825.785000085831,0.0419921875,0.01416015625,0.7724609375,3799.1658335129423
3825.795000076294,-0.0146484375,-0.00048828125,0.86865234375,3799.175833503405
3825.805000066757,-0.0146484375,-0.00048828125,0.86865234375,3799.1858334938684
3825.815000057221,0.0244140625,0.041015625,0.8095703125,3799.195833484332
3825.825000047684,0.0244140625,0.041015625,0.8095703125,3799.2058334747953
3825.835000038147,0.03173828125,-0.01318359375,1.0947265625,3799.215833465258
3825.84500002861,0.03173828125,-0.01318359375,1.0947265625,3799.225833455721
3825.8550000190735,0.0712890625,0.03271484375,1.1123046875,3799.2358334461846
3825.8650000095367,0.0712890625,0.03271484375,1.1123046875,3799.245833436648
3825.875,-0.0224609375,0.02392578125,1.11083984375,3799.255833427111
3825.8849999904633,-0.0224609375,0.02392578125,1.11083984375,3799.2658334175744
3825.8949999809274,0.015625,0.04443359375,1.13671875,3799.2758334080386
3825.9049999713898,0.015625,0.04443359375,1.13671875,3799.285833398501
3825.914999961853,0.03759765625,-0.00537109375,1.18603515625,3799.295833388964
3825.924999952316,0.03759765625,-0.00537109375,1.18603515625,3799.305833379427
3825.93499994278,0.06005859375,0.060546875,1.58837890625,3799.315833369891
3825.944999933243,0.06005859375,0.060546875,1.58837890625,3799.325833360354
3825.954999923706,0.0244140625,-0.01123046875,1.54296875,3799.335833350817
3825.964999914169,0.0244140625,-0.01123046875,1.54296875,3799.34583334128
3825.974999904633,0.0146484375,0.099609375,1.28662109375,3799.355833331744
3825.984999895096,0.0146484375,0.099609375,1.28662109375,3799.365833322207
3825.994999885559,-0.00634765625,0.03369140625,1.00341796875,3799.3758333126702
3826.0049998760223,-0.00634765625,0.03369140625,1.00341796875,3799.3858333031335
3826.0149998664856,0.0322265625,-0.05517578125,1.2119140625,3799.3958332935968
3826.025000095368,0.0322265625,-0.05517578125,1.2119140625,3799.405833522479
3826.035000085831,0.05419921875,0.04931640625,0.95458984375,3799.4158335129423
3826.045000076294,0.05419921875,0.04931640625,0.95458984375,3799.425833503405
3826.055000066757,0.01123046875,0.04931640625,0.9384765625,3799.4358334938684
3826.065000057221,0.01123046875,0.04931640625,0.9384765625,3799.445833484332
3826.075000047684,0.02490234375,0.02001953125,0.85400390625,3799.4558334747953
3826.085000038147,0.02490234375,0.02001953125,0.85400390625,3799.465833465258
3826.09500002861,0.00927734375,-0.001953125,0.8642578125,3799.475833455721
3826.1050000190735,0.00927734375,-0.001953125,0.8642578125,3799.4858334461846
3826.1150000095367,0.02685546875,0.00244140625,0.79296875,3799.495833436648
3826.125,0.02685546875,0.00244140625,0.79296875,3799.505833427111
3826.1349999904633,0.0185546875,-0.0224609375,0.81982421875,3799.5158334175744
3826.1449999809274,0.0185546875,-0.0224609375,0.81982421875,3799.5258334080386
3826.1549999713898,0.0302734375,0.009765625,0.7109375,3799.535833398501
3826.164999961853,0.0302734375,0.009765625,0.7109375,3799.545833388964
3826.174999952316,0.02978515625,-0.009765625,0.8349609375,3799.555833379427
3826.18499994278,0.02978515625,-0.009765625,0.8349609375,3799.565833369891
3826.194999933243,0.04541015625,0.0048828125,0.97900390625,3799.575833360354
3826.204999923706,0.04541015625,0.0048828125,0.97900390625,3799.585833350817
3826.214999914169,0.033203125,-0.00537109375,1.03662109375,3799.59583334128
3826.224999904633,0.033203125,-0.00537109375,1.03662109375,3799.605833331744
3826.234999895096,0.06103515625,-0.00341796875,0.916015625,3799.615833322207
3826.244999885559,0.06103515625,-0.00341796875,0.916015625,3799.6258333126702
3826.2549998760223,0.0791015625,0.0771484375,1.00830078125,3799.6358333031335
3826.2649998664856,0.0791015625,0.0771484375,1.00830078125,3799.6458332935968
3826.275000095368,0.01904296875,-0.0185546875,1.24658203125,3799.655833522479
3826.285000085831,0.01904296875,-0.0185546875,1.24658203125,3799.6658335129423
3826.295000076294,0.041015625,0.0205078125,1.126953125,3799.675833503405
3826.305000066757,0.041015625,0.0205078125,1.126953125,3799.6858334938684
3826.315000057221,0.0224609375,0.03271484375,1.03271484375,3799.695833484332
3826.325000047684,0.0224609375,0.03271484375,1.03271484375,3799.7058334747953
3826.335000038147,0.11181640625,0.00439453125,1.171875,3799.715833465258
3826.34500002861,0.11181640625,0.00439453125,1.171875,3799.725833455721
3826.3550000190735,0.04833984375,-0.033203125,1.12255859375,3799.7358334461846
3826.3650000095367,0.04833984375,-0.033203125,1.12255859375,3799.745833436648
3826.375,0.05029296875,0.04736328125,0.9794921875,3799.755833427111
3826.3849999904633,0.05029296875,0.04736328125,0.9794921875,3799.7658334175744
3826.3949999809274,0.013671875,-0.02587890625,0.87109375,3799.7758334080386
3826.4049999713898,0.013671875,-0.02587890625,0.87109375,3799.785833398501
3826.414999961853,0.05517578125,-0.0048828125,0.70947265625,3799.795833388964
3826.424999952316,0.05517578125,-0.0048828125,0.70947265625,3799.805833379427
3826.43499994278,-0.01220703125,-0.0302734375,0.5185546875,3799.815833369891
3826.444999933243,-0.01220703125,-0.0302734375,0.5185546875,3799.825833360354
3826.454999923706,0.07568359375,-0.00341796875,0.6787109375,3799.835833350817
3826.464999914169,0.07568359375,-0.00341796875,0.6787109375,3799.84583334128
3826.474999904633,0.0791015625,0.02880859375,0.8212890625,3799.855833331744
3826.484999895096,0.0791015625,0.02880859375,0.8212890625,3799.865833322207
3826.494999885559,0.0537109375,-0.0185546875,0.88330078125,3799.8758333126702
3826.5049998760223,0.0537109375,-0.0185546875,0.88330078125,3799.8858333031335
3826.5149998664856,0.06884765625,0.01220703125,1.00146484375,3799.8958332935968
3826.525000095368,0.06884765625,0.01220703125,1.00146484375,3799.905833522479
3826.535000085831,0.07421875,0.03759765625,0.9150390625,3799.9158335129423
3826.539999961853,0.07421875,0.03759765625,0.9150390625,3799.920833388964
3826.545000076294,0.0751953125,-0.03076171875,0.88427734375,3799.925833503405
3826.55999994278,0.07470703125,-0.00830078125,0.92431640625,3799.940833369891
3826.575000047684,0.07470703125,-0.00830078125,0.92431640625,3799.9558334747953
3826.585000038147,0.07470703125,-0.00830078125,0.92431640625,3799.965833465258
3826.59500002861,0.08447265625,0.013671875,1.0478515625,3799.975833455721
3826.6050000190735,0.08447265625,0.013671875,1.0478515625,3799.9858334461846
3826.6150000095367,0.076171875,0.013671875,1.07666015625,3799.995833436648
3826.625,0.076171875,0.013671875,1.07666015625,3800.005833427111
3826.6349999904633,0.08642578125,0.01953125,0.90673828125,3800.0158334175744
3826.6449999809274,0.08642578125,0.01953125,0.90673828125,3800.0258334080386
3826.6549999713898,0.08935546875,-0.03076171875,1.03173828125,3800.035833398501
3826.664999961853,0.08935546875,-0.03076171875,1.03173828125,3800.045833388964
3826.674999952316,0.109375,-0.00537109375,1.103515625,3800.055833379427
3826.68499994278,0.109375,-0.00537109375,1.103515625,3800.065833369891
3826.694999933243,0.0498046875,-0.04345703125,1.02197265625,3800.075833360354
3826.704999923706,0.0498046875,-0.04345703125,1.02197265625,3800.085833350817
3826.714999914169,0.11083984375,0.04345703125,1.326171875,3800.09583334128
3826.724999904633,0.11083984375,0.04345703125,1.326171875,3800.105833331744
3826.734999895096,0.080078125,0.0029296875,1.2890625,3800.115833322207
3826.744999885559,0.080078125,0.0029296875,1.2890625,3800.1258333126702
3826.7549998760223,0.0634765625,-0.03466796875,1.1201171875,3800.1358333031335
3826.7649998664856,0.0634765625,-0.03466796875,1.1201171875,3800.1458332935968
3826.775000095368,0.0703125,-0.0283203125,1.10302734375,3800.155833522479
3826.785000085831,0.0703125,-0.0283203125,1.10302734375,3800.1658335129423
3826.795000076294,0.0419921875,-0.0205078125,0.73974609375,3800.175833503405
3826.805000066757,0.0419921875,-0.0205078125,0.73974609375,3800.1858334938684
3826.815000057221,0.07763671875,-0.0146484375,0.83056640625,3800.195833484332
3826.825000047684,0.07763671875,-0.0146484375,0.83056640625,3800.2058334747953
3826.835000038147,0.05810546875,-0.05126953125,0.92626953125,3800.215833465258
3826.84500002861,0.05810546875,-0.05126953125,0.92626953125,3800.225833455721
3826.8550000190735,0.0615234375,0.0478515625,0.60595703125,3800.2358334461846
3826.8650000095367,0.0615234375,0.0478515625,0.60595703125,3800.245833436648
3826.875,0.0419921875,-0.0087890625,0.68310546875,3800.255833427111
3826.8849999904633,0.0419921875,-0.0087890625,0.68310546875,3800.2658334175744
3826.8949999809274,0.08642578125,0.03125,0.66943359375,3800.2758334080386
3826.9049999713898,0.08642578125,0.03125,0.66943359375,3800.285833398501
3826.914999961853,0.07470703125,-0.0126953125,0.74462890625,3800.295833388964
3826.924999952316,0.07470703125,-0.0126953125,0.74462890625,3800.305833379427
3826.93499994278,0.0947265625,0.0029296875,0.98095703125,3800.315833369891
3826.944999933243,0.0947265625,0.0029296875,0.98095703125,3800.325833360354
3826.954999923706,0.02978515625,-0.037109375,0.9228515625,3800.335833350817
3826.964999914169,0.02978515625,-0.037109375,0.9228515625,3800.34583334128
3826.974999904633,0.07177734375,0.01171875,1.1611328125,3800.355833331744
3826.984999895096,0.0712890625,0.013671875,1.119140625,3800.365833322207
3826.994999885559,0.0712890625,0.013671875,1.119140625,3800.3758333126702
3827.0049998760223,0.05224609375,-0.0458984375,1.0361328125,3800.3858333031335
3827.0149998664856,0.05224609375,-0.0458984375,1.0361328125,3800.3958332935968
3827.025000095368,0.09765625,-0.0078125,1.12109375,3800.405833522479
3827.035000085831,0.09765625,-0.0078125,1.12109375,3800.4158335129423
3827.045000076294,0.08935546875,-0.02197265625,1.04931640625,3800.425833503405
3827.055000066757,0.08935546875,-0.02197265625,1.04931640625,3800.4358334938684
3827.065000057221,0.07421875,0.00439453125,0.9208984375,3800.445833484332
3827.075000047684,0.07421875,0.00439453125,0.9208984375,3800.4558334747953
3827.085000038147,0.10986328125,-0.0390625,1.15576171875,3800.465833465258
3827.09500002861,0.10986328125,-0.0390625,1.15576171875,3800.475833455721
3827.1050000190735,0.115234375,-0.009765625,1.083984375,3800.4858334461846
3827.1150000095367,0.115234375,-0.009765625,1.083984375,3800.495833436648
3827.125,0.037109375,-0.029296875,1.16064453125,3800.505833427111
3827.1349999904633,0.037109375,-0.029296875,1.16064453125,3800.5158334175744
3827.1449999809274,0.068359375,-0.05810546875,1.23291015625,3800.5258334080386
3827.1549999713898,0.068359375,-0.05810546875,1.23291015625,3800.535833398501
3827.164999961853,0.07080078125,0.0048828125,1.03759765625,3800.545833388964
3827.174999952316,0.07080078125,0.0048828125,1.03759765625,3800.555833379427
3827.18499994278,0.08154296875,0.005859375,0.95458984375,3800.565833369891
3827.194999933243,0.08154296875,0.005859375,0.95458984375,3800.575833360354
3827.204999923706,0.08203125,-0.00048828125,1.142578125,3800.585833350817
3827.214999914169,0.08203125,-0.00048828125,1.142578125,3800.59583334128
3827.224999904633,0.052734375,0.03857421875,0.83740234375,3800.605833331744
3827.234999895096,0.052734375,0.03857421875,0.83740234375,3800.615833322207
3827.244999885559,0.05908203125,-0.0048828125,0.84716796875,3800.6258333126702
3827.2549998760223,0.05908203125,-0.0048828125,0.84716796875,3800.6358333031335
3827.2649998664856,0.1123046875,0.0185546875,0.98486328125,3800.6458332935968
3827.275000095368,0.1123046875,0.0185546875,0.98486328125,3800.655833522479
3827.285000085831,0.09326171875,0.06640625,0.91015625,3800.6658335129423
3827.295000076294,0.09326171875,0.06640625,0.91015625,3800.675833503405
3827.305000066757,0.0712890625,0.02294921875,1.06201171875,3800.6858334938684
3827.315000057221,0.0712890625,0.02294921875,1.06201171875,3800.695833484332
3827.325000047684,0.07666015625,0.025390625,0.97607421875,3800.7058334747953
3827.335000038147,0.07666015625,0.025390625,0.97607421875,3800.715833465258
3827.34500002861,0.0517578125,0.01220703125,0.8564453125,3800.725833455721
3827.3550000190735,0.0517578125,0.01220703125,0.8564453125,3800.7358334461846
3827.3650000095367,0.09814453125,0.009765625,1.0830078125,3800.745833436648
3827.375,0.09814453125,0.009765625,1.0830078125,3800.755833427111
3827.3849999904633,0.05419921875,-0.01513671875,1.08837890625,3800.7658334175744
3827.3949999809274,0.05419921875,-0.01513671875,1.08837890625,3800.7758334080386
3827.4049999713898,0.06103515625,0.0458984375,1.12060546875,3800.785833398501
3827.414999961853,0.06103515625,0.0458984375,1.12060546875,3800.795833388964
3827.424999952316,0.04541015625,0.00927734375,1.0859375,3800.805833379427
3827.43499994278,0.04541015625,0.00927734375,1.0859375,3800.815833369891
3827.444999933243,0.04150390625,0.02001953125,0.6435546875,3800.825833360354
3827.454999923706,0.04150390625,0.02001953125,0.6435546875,3800.835833350817
3827.464999914169,0.07470703125,0.0263671875,0.935546875,3800.84583334128
3827.474999904633,0.07470703125,0.0263671875,0.935546875,3800.855833331744
3827.484999895096,0.0712890625,0.02978515625,0.67333984375,3800.865833322207
3827.494999885559,0.0712890625,0.02978515625,0.67333984375,3800.8758333126702
3827.5049998760223,0.0078125,0.01416015625,0.47900390625,3800.8858333031335
3827.5149998664856,0.0078125,0.01416015625,0.47900390625,3800.8958332935968
3827.525000095368,0.07421875,-0.005859375,0.70556640625,3800.905833522479
3827.535000085831,0.07421875,-0.005859375,0.70556640625,3800.9158335129423
3827.539999961853,0.05078125,-0.0048828125,0.64892578125,3800.920833388964
3827.545000076294,0.05078125,-0.0048828125,0.64892578125,3800.925833503405
3827.565000057221,0.05615234375,0.04931640625,0.74267578125,3800.945833484332
3827.575000047684,0.05615234375,0.04931640625,0.74267578125,3800.9558334747953
3827.585000038147,0.09912109375,0.01318359375,1.05029296875,3800.965833465258
3827.59500002861,0.09912109375,0.01318359375,1.05029296875,3800.975833455721
3827.6050000190735,0.07177734375,0.07958984375,1.13720703125,3800.9858334461846
3827.6150000095367,0.07177734375,0.07958984375,1.13720703125,3800.995833436648
3827.625,0.0556640625,0.0048828125,1.193359375,3801.005833427111
3827.6349999904633,0.0556640625,0.0048828125,1.193359375,3801.0158334175744
3827.6449999809274,0.078125,0.04296875,1.4375,3801.0258334080386
3827.6549999713898,0.078125,0.04296875,1.4375,3801.035833398501
3827.664999961853,0.10302734375,0.05029296875,1.03955078125,3801.045833388964
3827.674999952316,0.10302734375,0.05029296875,1.03955078125,3801.055833379427
3827.68499994278,0.0693359375,-0.00146484375,1.103515625,3801.065833369891
3827.694999933243,0.0693359375,-0.00146484375,1.103515625,3801.075833360354
3827.704999923706,0.0771484375,0.046875,1.2509765625,3801.085833350817
3827.714999914169,0.0771484375,0.046875,1.2509765625,3801.09583334128
3827.724999904633,0.013671875,0.02001953125,1.04248046875,3801.105833331744
3827.734999895096,0.013671875,0.02001953125,1.04248046875,3801.115833322207
3827.744999885559,0.09619140625,0.05126953125,1.05908203125,3801.1258333126702
3827.7549998760223,0.09619140625,0.05126953125,1.05908203125,3801.1358333031335
3827.7649998664856,0.05419921875,-0.02685546875,0.8828125,3801.1458332935968
3827.775000095368,0.05419921875,-0.02685546875,0.8828125,3801.155833522479
3827.785000085831,0.076171875,0.0458984375,0.84912109375,3801.1658335129423
3827.795000076294,0.076171875,0.0458984375,0.84912109375,3801.175833503405
3827.805000066757,0.0107421875,-0.009765625,0.822265625,3801.1858334938684
3827.815000057221,0.0107421875,-0.009765625,0.822265625,3801.195833484332
3827.825000047684,0.02392578125,0.048828125,0.71630859375,3801.2058334747953
3827.835000038147,0.02392578125,0.048828125,0.71630859375,3801.215833465258
3827.84500002861,0.0537109375,0.0107421875,0.9296875,3801.225833455721
3827.8550000190735,0.0537109375,0.0107421875,0.9296875,3801.2358334461846
3827.8650000095367,0.08056640625,0.04150390625,0.93798828125,3801.245833436648
3827.875,0.08056640625,0.04150390625,0.93798828125,3801.255833427111
3827.8849999904633,0.02587890625,0.037109375,0.70849609375,3801.2658334175744
3827.8949999809274,0.02587890625,0.037109375,0.70849609375,3801.2758334080386
3827.9049999713898,0.0625,0.03759765625,0.9677734375,3801.285833398501
3827.914999961853,0.0625,0.03759765625,0.9677734375,3801.295833388964
3827.924999952316,0.078125,0.04541015625,0.837890625,3801.305833379427
3827.93499994278,0.078125,0.04541015625,0.837890625,3801.315833369891
3827.944999933243,-0.0009765625,0.0478515625,1.00146484375,3801.325833360354
3827.954999923706,-0.0009765625,0.0478515625,1.00146484375,3801.335833350817
3827.964999914169,0.11181640625,0.0595703125,1.06396484375,3801.34583334128
3827.974999904633,0.11181640625,0.0595703125,1.06396484375,3801.355833331744
3827.984999895096,0.0810546875,0.078125,1.20849609375,3801.365833322207
3827.994999885559,0.0810546875,0.078125,1.20849609375,3801.3758333126702
3828.0049998760223,0.0859375,0.09912109375,1.1865234375,3801.3858333031335
3828.0149998664856,0.0859375,0.09912109375,1.1865234375,3801.3958332935968
3828.025000095368,0.03955078125,0.041015625,1.375,3801.405833522479
3828.035000085831,0.03955078125,0.041015625,1.375,3801.4158335129423
3828.045000076294,0.048828125,0.08935546875,1.14453125,3801.425833503405
3828.055000066757,0.048828125,0.08935546875,1.14453125,3801.4358334938684
3828.065000057221,0.0458984375,0.046875,0.98095703125,3801.445833484332
3828.075000047684,0.0458984375,0.046875,0.98095703125,3801.4558334747953
3828.085000038147,0.0712890625,0.05224609375,1.140625,3801.465833465258
3828.09500002861,0.0712890625,0.05224609375,1.140625,3801.475833455721
3828.1050000190735,0.0517578125,0.03466796875,0.97265625,3801.4858334461846
3828.1150000095367,0.0517578125,0.03466796875,0.97265625,3801.495833436648
3828.125,0.02587890625,0.06103515625,0.94921875,3801.505833427111
3828.1349999904633,0.02587890625,0.06103515625,0.94921875,3801.5158334175744
3828.1449999809274,0.0361328125,0.04638671875,0.8701171875,3801.5258334080386
3828.1549999713898,0.0361328125,0.04638671875,0.8701171875,3801.535833398501
3828.164999961853,0.05517578125,0.06201171875,1.01123046875,3801.545833388964
3828.174999952316,0.05517578125,0.06201171875,1.01123046875,3801.555833379427
3828.18499994278,0.056640625,0.04345703125,0.93603515625,3801.565833369891
3828.194999933243,0.056640625,0.04345703125,0.93603515625,3801.575833360354
3828.204999923706,0.02685546875,0.0439453125,1.037109375,3801.585833350817
3828.214999914169,0.02685546875,0.0439453125,1.037109375,3801.59583334128
3828.224999904633,0.0439453125,0.072265625,1.115234375,3801.605833331744
3828.234999895096,0.0439453125,0.072265625,1.115234375,3801.615833322207
3828.244999885559,0.01025390625,0.015625,0.9892578125,3801.6258333126702
3828.2549998760223,0.01025390625,0.015625,0.9892578125,3801.6358333031335
3828.2649998664856,0.0263671875,0.08447265625,1.013671875,3801.6458332935968
3828.275000095368,0.0263671875,0.08447265625,1.013671875,3801.655833522479
3828.285000085831,0.044921875,0.009765625,1.33642578125,3801.6658335129423
3828.295000076294,0.044921875,0.009765625,1.33642578125,3801.675833503405
3828.305000066757,0.060546875,0.0634765625,1.10009765625,3801.6858334938684
3828.315000057221,0.060546875,0.0634765625,1.10009765625,3801.695833484332
3828.325000047684,-0.0166015625,0.03466796875,0.96728515625,3801.7058334747953
3828.335000038147,-0.0166015625,0.03466796875,0.96728515625,3801.715833465258
3828.34500002861,0.05908203125,0.021484375,0.9912109375,3801.725833455721
3828.3550000190735,0.05908203125,0.021484375,0.9912109375,3801.7358334461846
3828.3650000095367,0.0625,0.0400390625,0.7275390625,3801.745833436648
3828.375,0.0625,0.0400390625,0.7275390625,3801.755833427111
3828.3849999904633,0.02392578125,0.00341796875,0.78955078125,3801.7658334175744
3828.3949999809274,0.02392578125,0.00341796875,0.78955078125,3801.7758334080386
3828.4049999713898,0.0546875,0.02392578125,0.85791015625,3801.785833398501
3828.414999961853,0.0546875,0.02392578125,0.85791015625,3801.795833388964
3828.424999952316,0.00634765625,0.021484375,0.97802734375,3801.805833379427
3828.43499994278,0.00634765625,0.021484375,0.97802734375,3801.815833369891
3828.444999933243,0.0498046875,0.04736328125,1.01416015625,3801.825833360354
3828.454999923706,0.0498046875,0.04736328125,1.01416015625,3801.835833350817
3828.464999914169,0.009765625,-0.00439453125,1.03125,3801.84583334128
3828.474999904633,0.009765625,-0.00439453125,1.03125,3801.855833331744
3828.484999895096,0.06201171875,0.068359375,1.05224609375,3801.865833322207
3828.494999885559,0.06201171875,0.068359375,1.05224609375,3801.8758333126702
3828.5049998760223,0.02783203125,-0.01611328125,1.052734375,3801.8858333031335
3828.5149998664856,0.02783203125,-0.01611328125,1.052734375,3801.8958332935968
3828.525000095368,0.02001953125,0.02490234375,1.3212890625,3801.905833522479
3828.535000085831,0.02001953125,0.02490234375,1.3212890625,3801.9158335129423
3828.539999961853,-0.033203125,0.025390625,1.05078125,3801.920833388964
3828.545000076294,-0.033203125,0.025390625,1.05078125,3801.925833503405
3828.565000057221,0.02880859375,0.060546875,1.38134765625,3801.945833484332
3828.575000047684,0.02880859375,0.060546875,1.38134765625,3801.9558334747953
3828.585000038147,0.03076171875,0.033203125,1.29296875,3801.965833465258
3828.59500002861,0.03076171875,0.033203125,1.29296875,3801.975833455721
3828.6050000190735,0.0498046875,0.02978515625,1.49609375,3801.9858334461846
3828.6150000095367,0.0498046875,0.02978515625,1.49609375,3801.995833436648
3828.625,0.0146484375,0.0615234375,1.3662109375,3802.005833427111
3828.6349999904633,0.0146484375,0.0615234375,1.3662109375,3802.0158334175744
3828.6449999809274,-0.0419921875,0.03564453125,1.15966796875,3802.0258334080386
3828.6549999713898,-0.0419921875,0.03564453125,1.15966796875,3802.035833398501
3828.664999961853,0.01123046875,0.0400390625,1.23193359375,3802.045833388964
3828.674999952316,0.01123046875,0.0400390625,1.23193359375,3802.055833379427
3828.68499994278,0.0283203125,0.02197265625,1.1416015625,3802.065833369891
3828.694999933243,0.0283203125,0.02197265625,1.1416015625,3802.075833360354
3828.704999923706,0.013671875,0.0478515625,0.904296875,3802.085833350817
3828.714999914169,0.013671875,0.0478515625,0.904296875,3802.09583334128
3828.724999904633,-0.0078125,-0.01611328125,1.00927734375,3802.105833331744
3828.734999895096,-0.0078125,-0.01611328125,1.00927734375,3802.115833322207
3828.744999885559,0.0341796875,0.044921875,0.80126953125,3802.1258333126702
3828.7549998760223,0.0341796875,0.044921875,0.80126953125,3802.1358333031335
3828.7649998664856,-0.03564453125,0.00634765625,0.79931640625,3802.1458332935968
3828.775000095368,-0.03564453125,0.00634765625,0.79931640625,3802.155833522479
3828.785000085831,0.07958984375,0.033203125,0.951171875,3802.1658335129423
3828.795000076294,0.07958984375,0.033203125,0.951171875,3802.175833503405
3828.805000066757,0.01416015625,0.0205078125,0.7744140625,3802.1858334938684
3828.815000057221,0.01416015625,0.0205078125,0.7744140625,3802.195833484332
3828.825000047684,0.00830078125,0.04638671875,0.7490234375,3802.2058334747953
3828.835000038147,0.00830078125,0.04638671875,0.7490234375,3802.215833465258
3828.84500002861,-0.02294921875,-0.0029296875,0.935546875,3802.225833455721
3828.8550000190735,-0.02294921875,-0.0029296875,0.935546875,3802.2358334461846
3828.8650000095367,0.015625,0.05615234375,1.00537109375,3802.245833436648
3828.875,0.015625,0.05615234375,1.00537109375,3802.255833427111
3828.8849999904633,0.025390625,0.0029296875,1.02294921875,3802.2658334175744
3828.8949999809274,0.025390625,0.0029296875,1.02294921875,3802.2758334080386
3828.9049999713898,0.0341796875,0.04931640625,1.20068359375,3802.285833398501
3828.914999961853,0.0341796875,0.04931640625,1.20068359375,3802.295833388964
3828.924999952316,0.01220703125,0.04638671875,1.0693359375,3802.305833379427
3828.93499994278,0.01220703125,0.04638671875,1.0693359375,3802.315833369891
3828.944999933243,-0.015625,0.00390625,1.05419921875,3802.325833360354
3828.954999923706,-0.015625,0.00390625,1.05419921875,3802.335833350817
3828.964999914169,0.03125,0.02783203125,1.0068359375,3802.34583334128
3828.974999904633,0.03125,0.02783203125,1.0068359375,3802.355833331744
3828.984999895096,0.02197265625,0.01708984375,1.33056640625,3802.365833322207
3828.994999885559,0.02197265625,0.01708984375,1.33056640625,3802.3758333126702
3829.0049998760223,0.029296875,0.0244140625,1.21240234375,3802.3858333031335
3829.0149998664856,0.029296875,0.0244140625,1.21240234375,3802.3958332935968
3829.025000095368,-0.0390625,0.00341796875,1.23095703125,3802.405833522479
3829.035000085831,-0.0390625,0.00341796875,1.23095703125,3802.4158335129423
3829.045000076294,0.0302734375,0.04541015625,1.25341796875,3802.425833503405
3829.055000066757,0.0302734375,0.04541015625,1.25341796875,3802.4358334938684
3829.065000057221,0.01953125,0.01220703125,1.22021484375,3802.445833484332
3829.075000047684,0.01953125,0.01220703125,1.22021484375,3802.4558334747953
3829.085000038147,0.0078125,-0.0126953125,1.02294921875,3802.465833465258
3829.09500002861,0.0078125,-0.0126953125,1.02294921875,3802.475833455721
3829.1050000190735,0.0224609375,-0.00341796875,1.189453125,3802.4858334461846
3829.1150000095367,0.0224609375,-0.00341796875,1.189453125,3802.495833436648
3829.125,-0.00634765625,0.0,0.89892578125,3802.505833427111
3829.1349999904633,-0.00634765625,0.0,0.89892578125,3802.5158334175744
3829.1449999809274,0.00537109375,-0.00048828125,1.04833984375,3802.5258334080386
3829.1549999713898,0.00537109375,-0.00048828125,1.04833984375,3802.535833398501
3829.164999961853,0.00830078125,-0.046875,1.27587890625,3802.545833388964
3829.174999952316,0.00830078125,-0.046875,1.27587890625,3802.555833379427
3829.18499994278,0.02685546875,0.03857421875,1.1162109375,3802.565833369891
3829.194999933243,0.02685546875,0.03857421875,1.1162109375,3802.575833360354
3829.204999923706,-0.017578125,-0.009765625,0.92822265625,3802.585833350817
3829.214999914169,-0.017578125,-0.009765625,0.92822265625,3802.59583334128
3829.224999904633,0.02490234375,-0.0361328125,1.04541015625,3802.605833331744
3829.234999895096,0.02490234375,-0.0361328125,1.04541015625,3802.615833322207
3829.244999885559,-0.00537109375,0.01220703125,1.01904296875,3802.6258333126702
3829.2549998760223,-0.00537109375,0.01220703125,1.01904296875,3802.6358333031335
3829.2649998664856,0.01318359375,-0.00439453125,1.08251953125,3802.6458332935968
3829.275000095368,0.01318359375,-0.00439453125,1.08251953125,3802.655833522479
3829.285000085831,0.00439453125,0.00390625,0.93310546875,3802.6658335129423
3829.295000076294,0.00439453125,0.00390625,0.93310546875,3802.675833503405
3829.305000066757,0.0361328125,0.0009765625,1.07763671875,3802.6858334938684
3829.315000057221,0.0361328125,0.0009765625,1.07763671875,3802.695833484332
3829.325000047684,0.01171875,-0.02294921875,1.1396484375,3802.7058334747953
3829.335000038147,0.01171875,-0.02294921875,1.1396484375,3802.715833465258
3829.34500002861,0.00830078125,0.00927734375,1.001953125,3802.725833455721
3829.3550000190735,0.00830078125,0.00927734375,1.001953125,3802.7358334461846
3829.3650000095367,0.0068359375,0.0185546875,0.98828125,3802.745833436648
3829.375,0.0068359375,0.0185546875,0.98828125,3802.755833427111
3829.3849999904633,0.0185546875,-0.02099609375,0.98291015625,3802.7658334175744
3829.3949999809274,0.0185546875,-0.02099609375,0.98291015625,3802.7758334080386
3829.4049999713898,-0.01611328125,0.0087890625,0.9033203125,3802.785833398501
3829.414999961853,-0.01611328125,0.0087890625,0.9033203125,3802.795833388964
3829.424999952316,0.0068359375,0.01318359375,1.138671875,3802.805833379427
3829.43499994278,0.0068359375,0.01318359375,1.138671875,3802.815833369891
3829.444999933243,0.046875,-0.03125,1.080078125,3802.825833360354
3829.454999923706,0.046875,-0.03125,1.080078125,3802.835833350817
3829.464999914169,0.00439453125,-0.00341796875,0.986328125,3802.84583334128
3829.474999904633,0.00439453125,-0.00341796875,0.986328125,3802.855833331744
3829.484999895096,0.013671875,-0.0126953125,0.97412109375,3802.865833322207
3829.494999885559,0.013671875,-0.0126953125,0.97412109375,3802.8758333126702
3829.5049998760223,0.03857421875,-0.0009765625,0.86474609375,3802.8858333031335
3829.5149998664856,0.03857421875,-0.0009765625,0.86474609375,3802.8958332935968
3829.525000095368,0.02392578125,-0.0126953125,0.8466796875,3802.905833522479
3829.535000085831,0.02392578125,-0.0126953125,0.8466796875,3802.9158335129423
3829.539999961853,0.03125,-0.017578125,0.89013671875,3802.920833388964
3829.545000076294,0.05078125,0.0322265625,0.99267578125,3802.925833503405
3829.565000057221,0.05078125,0.0322265625,0.99267578125,3802.945833484332
3829.585000038147,0.01806640625,-0.02099609375,1.033203125,3802.965833465258
3829.59500002861,0.01806640625,-0.02099609375,1.033203125,3802.975833455721
3829.6050000190735,0.0732421875,-0.01953125,1.0927734375,3802.9858334461846
3829.6150000095367,0.0732421875,-0.01953125,1.0927734375,3802.995833436648
3829.625,0.0419921875,0.0224609375,1.1201171875,3803.005833427111
3829.6349999904633,0.0419921875,0.0224609375,1.1201171875,3803.0158334175744
3829.6449999809274,0.05810546875,-0.001953125,1.24853515625,3803.0258334080386
3829.6549999713898,0.05810546875,-0.001953125,1.24853515625,3803.035833398501
3829.664999961853,0.017578125,-0.02197265625,1.3466796875,3803.045833388964
3829.674999952316,0.017578125,-0.02197265625,1.3466796875,3803.055833379427
3829.68499994278,0.02294921875,0.03173828125,1.30517578125,3803.065833369891
3829.694999933243,0.02294921875,0.03173828125,1.30517578125,3803.075833360354
3829.704999923706,0.0283203125,-0.02978515625,1.263671875,3803.085833350817
3829.714999914169,0.0283203125,-0.02978515625,1.263671875,3803.09583334128
3829.724999904633,0.0224609375,-0.021484375,1.30517578125,3803.105833331744
3829.734999895096,0.0224609375,-0.021484375,1.30517578125,3803.115833322207
3829.744999885559,0.04443359375,-0.01513671875,1.07861328125,3803.1258333126702
3829.7549998760223,0.04443359375,-0.01513671875,1.07861328125,3803.1358333031335
3829.7649998664856,0.03564453125,0.01904296875,0.9697265625,3803.1458332935968
3829.775000095368,0.03564453125,0.01904296875,0.9697265625,3803.155833522479
3829.785000085831,0.052734375,0.01611328125,0.84375,3803.1658335129423
3829.795000076294,0.052734375,0.01611328125,0.84375,3803.175833503405
3829.805000066757,0.0283203125,-0.0537109375,0.927734375,3803.1858334938684
3829.815000057221,0.0283203125,-0.0537109375,0.927734375,3803.195833484332
3829.825000047684,0.05029296875,0.03271484375,0.6845703125,3803.2058334747953
3829.835000038147,0.05029296875,0.03271484375,0.6845703125,3803.215833465258
3829.84500002861,0.02685546875,0.01416015625,0.59619140625,3803.225833455721
3829.8550000190735,0.02685546875,0.01416015625,0.59619140625,3803.2358334461846
3829.8650000095367,0.07958984375,-0.00341796875,0.90771484375,3803.245833436648
3829.875,0.07958984375,-0.00341796875,0.90771484375,3803.255833427111
3829.8849999904633,0.0380859375,0.00390625,0.904296875,3803.2658334175744
3829.8949999809274,0.0380859375,0.00390625,0.904296875,3803.2758334080386
3829.9049999713898,0.0205078125,0.02294921875,0.89501953125,3803.285833398501
3829.914999961853,0.0205078125,0.02294921875,0.89501953125,3803.295833388964
3829.924999952316,0.08544921875,0.00244140625,1.16162109375,3803.305833379427
3829.93499994278,0.08544921875,0.00244140625,1.16162109375,3803.315833369891
3829.944999933243,0.05419921875,0.0146484375,0.96826171875,3803.325833360354
3829.954999923706,0.05419921875,0.0146484375,0.96826171875,3803.335833350817
3829.964999914169,0.00341796875,-0.0029296875,1.01904296875,3803.34583334128
3829.974999904633,0.00341796875,-0.0029296875,1.01904296875,3803.355833331744
3829.984999895096,0.0302734375,-0.03173828125,0.9833984375,3803.365833322207
3829.994999885559,0.0302734375,-0.03173828125,0.9833984375,3803.3758333126702
3830.0049998760223,0.05029296875,-0.00244140625,0.8681640625,3803.3858333031335
3830.0149998664856,0.05029296875,-0.00244140625,0.8681640625,3803.3958332935968
3830.025000095368,0.04443359375,-0.021484375,0.9873046875,3803.405833522479
3830.035000085831,0.04443359375,-0.021484375,0.9873046875,3803.4158335129423
3830.045000076294,0.09814453125,-0.0439453125,1.068359375,3803.425833503405
3830.055000066757,0.09814453125,-0.0439453125,1.068359375,3803.4358334938684
3830.065000057221,0.07470703125,-0.04052734375,1.19482421875,3803.445833484332
3830.075000047684,0.07470703125,-0.04052734375,1.19482421875,3803.4558334747953
3830.085000038147,0.06884765625,-0.05859375,1.0146484375,3803.465833465258
3830.09500002861,0.06884765625,-0.05859375,1.0146484375,3803.475833455721
3830.1050000190735,0.04150390625,0.0166015625,1.13134765625,3803.4858334461846
3830.1150000095367,0.04150390625,0.0166015625,1.13134765625,3803.495833436648
3830.125,0.0810546875,-0.0087890625,1.12060546875,3803.505833427111
3830.1349999904633,0.0810546875,-0.0087890625,1.12060546875,3803.5158334175744
3830.1449999809274,0.08349609375,-0.06005859375,1.2509765625,3803.5258334080386
3830.1549999713898,0.08349609375,-0.06005859375,1.2509765625,3803.535833398501
3830.164999961853,0.05517578125,-0.00390625,1.009765625,3803.545833388964
3830.174999952316,0.05517578125,-0.00390625,1.009765625,3803.555833379427
3830.18499994278,0.05615234375,0.00634765625,1.1513671875,3803.565833369891
3830.194999933243,0.05615234375,0.00634765625,1.1513671875,3803.575833360354
3830.204999923706,0.0546875,-0.02197265625,1.01416015625,3803.585833350817
3830.214999914169,0.0546875,-0.02197265625,1.01416015625,3803.59583334128
3830.224999904633,0.05810546875,-0.00048828125,0.767578125,3803.605833331744
3830.234999895096,0.05810546875,-0.00048828125,0.767578125,3803.615833322207
3830.244999885559,0.06298828125,0.00732421875,0.94287109375,3803.6258333126702
3830.2549998760223,0.06298828125,0.00732421875,0.94287109375,3803.6358333031335
3830.2649998664856,0.087890625,-0.0205078125,0.8330078125,3803.6458332935968
3830.275000095368,0.087890625,-0.0205078125,0.8330078125,3803.655833522479
3830.285000085831,0.0400390625,0.013671875,0.89453125,3803.6658335129423
3830.295000076294,0.0400390625,0.013671875,0.89453125,3803.675833503405
3830.305000066757,0.08251953125,-0.00927734375,1.0,3803.6858334938684
3830.315000057221,0.068359375,0.00341796875,0.95703125,3803.695833484332
3830.325000047684,0.068359375,0.00341796875,0.95703125,3803.7058334747953
3830.335000038147,0.06884765625,0.0048828125,0.8623046875,3803.715833465258
3830.34500002861,0.06884765625,0.0048828125,0.8623046875,3803.725833455721
3830.3550000190735,0.05029296875,-0.02587890625,1.0029296875,3803.7358334461846
3830.3650000095367,0.05029296875,-0.02587890625,1.0029296875,3803.745833436648
3830.375,0.07861328125,0.033203125,0.81103515625,3803.755833427111
3830.3849999904633,0.07861328125,0.033203125,0.81103515625,3803.7658334175744
3830.3949999809274,0.025390625,0.01025390625,0.7607421875,3803.7758334080386
3830.4049999713898,0.025390625,0.01025390625,0.7607421875,3803.785833398501
3830.414999961853,0.0869140625,-0.0146484375,0.71044921875,3803.795833388964
3830.424999952316,0.0869140625,-0.0146484375,0.71044921875,3803.805833379427
3830.43499994278,0.06884765625,0.0283203125,0.70263671875,3803.815833369891
3830.444999933243,0.06884765625,0.0283203125,0.70263671875,3803.825833360354
3830.454999923706,0.06396484375,-0.01171875,0.71728515625,3803.835833350817
3830.464999914169,0.06396484375,-0.01171875,0.71728515625,3803.84583334128
3830.474999904633,0.076171875,0.0126953125,0.82470703125,3803.855833331744
3830.484999895096,0.076171875,0.0126953125,0.82470703125,3803.865833322207
3830.494999885559,0.0673828125,0.00390625,0.9306640625,3803.8758333126702
3830.5049998760223,0.0673828125,0.00390625,0.9306640625,3803.8858333031335
3830.5149998664856,0.08642578125,-0.01220703125,0.90185546875,3803.8958332935968
3830.525000095368,0.08642578125,-0.01220703125,0.90185546875,3803.905833522479
3830.535000085831,0.060546875,-0.02734375,1.0185546875,3803.9158335129423
3830.539999961853,0.060546875,-0.02734375,1.0185546875,3803.920833388964
3830.545000076294,0.1025390625,-0.02685546875,1.1337890625,3803.925833503405
3830.565000057221,0.1025390625,-0.02685546875,1.1337890625,3803.945833484332
3830.575000047684,0.07958984375,-0.01904296875,1.1357421875,3803.9558334747953
3830.585000038147,0.07958984375,-0.01904296875,1.1357421875,3803.965833465258
3830.59500002861,0.0869140625,0.0107421875,1.12841796875,3803.975833455721
3830.6050000190735,0.0869140625,0.0107421875,1.12841796875,3803.9858334461846
3830.6150000095367,0.076171875,-0.01513671875,1.22021484375,3803.995833436648
3830.625,0.076171875,-0.01513671875,1.22021484375,3804.005833427111
3830.6349999904633,0.09130859375,0.00830078125,1.056640625,3804.0158334175744
3830.6449999809274,0.09130859375,0.00830078125,1.056640625,3804.0258334080386
3830.6549999713898,0.05859375,-0.00927734375,1.041015625,3804.035833398501
3830.664999961853,0.05859375,-0.00927734375,1.041015625,3804.045833388964
3830.674999952316,0.10009765625,-0.0322265625,1.015625,3804.055833379427
3830.68499994278,0.10009765625,-0.0322265625,1.015625,3804.065833369891
3830.694999933243,0.04736328125,-0.0087890625,0.98388671875,3804.075833360354
3830.704999923706,0.04736328125,-0.0087890625,0.98388671875,3804.085833350817
3830.714999914169,0.06640625,-0.02685546875,0.72216796875,3804.09583334128
3830.724999904633,0.06640625,-0.02685546875,0.72216796875,3804.105833331744
3830.734999895096,0.08984375,-0.02197265625,0.9580078125,3804.115833322207
3830.744999885559,0.08984375,-0.02197265625,0.9580078125,3804.1258333126702
3830.7549998760223,0.09814453125,0.0302734375,0.7802734375,3804.1358333031335
3830.7649998664856,0.09814453125,0.0302734375,0.7802734375,3804.1458332935968
3830.775000095368,0.091796875,-0.00537109375,1.07373046875,3804.155833522479
3830.785000085831,0.091796875,-0.00537109375,1.07373046875,3804.1658335129423
3830.795000076294,0.0986328125,-0.01904296875,1.2470703125,3804.175833503405
3830.805000066757,0.0986328125,-0.01904296875,1.2470703125,3804.1858334938684
3830.815000057221,0.0576171875,0.0224609375,1.1044921875,3804.195833484332
3830.825000047684,0.0576171875,0.0224609375,1.1044921875,3804.2058334747953
3830.835000038147,0.0419921875,-0.02783203125,1.09326171875,3804.215833465258
3830.84500002861,0.0419921875,-0.02783203125,1.09326171875,3804.225833455721
3830.8550000190735,0.07666015625,-0.00537109375,0.97802734375,3804.2358334461846
3830.8650000095367,0.07666015625,-0.00537109375,0.97802734375,3804.245833436648
3830.875,0.09521484375,0.021484375,0.96435546875,3804.255833427111
3830.8849999904633,0.09521484375,0.021484375,0.96435546875,3804.2658334175744
3830.8949999809274,0.07373046875,0.0009765625,0.845703125,3804.2758334080386
3830.9049999713898,0.07373046875,0.0009765625,0.845703125,3804.285833398501
3830.914999961853,0.01513671875,0.0009765625,0.82373046875,3804.295833388964
3830.924999952316,0.01513671875,0.0009765625,0.82373046875,3804.305833379427
3830.93499994278,0.052734375,0.0048828125,0.50830078125,3804.315833369891
3830.944999933243,0.052734375,0.0048828125,0.50830078125,3804.325833360354
3830.954999923706,0.07666015625,-0.0146484375,0.64501953125,3804.335833350817
3830.964999914169,0.07666015625,-0.0146484375,0.64501953125,3804.34583334128
3830.974999904633,0.076171875,0.01416015625,0.49365234375,3804.355833331744
3830.984999895096,0.076171875,0.01416015625,0.49365234375,3804.365833322207
3830.994999885559,0.06201171875,-0.033203125,0.716796875,3804.3758333126702
3831.0049998760223,0.06201171875,-0.033203125,0.716796875,3804.3858333031335
3831.0149998664856,0.0859375,0.03271484375,0.87255859375,3804.3958332935968
3831.025000095368,0.0859375,0.03271484375,0.87255859375,3804.405833522479
3831.035000085831,0.0576171875,-0.03857421875,0.9453125,3804.4158335129423
3831.045000076294,0.0576171875,-0.03857421875,0.9453125,3804.425833503405
3831.055000066757,0.11572265625,-0.01416015625,1.3720703125,3804.4358334938684
3831.065000057221,0.11572265625,-0.01416015625,1.3720703125,3804.445833484332
3831.075000047684,0.1103515625,0.021484375,1.30322265625,3804.4558334747953
3831.085000038147,0.1103515625,0.021484375,1.30322265625,3804.465833465258
3831.09500002861,0.0791015625,0.03759765625,1.26025390625,3804.475833455721
3831.1050000190735,0.0791015625,0.03759765625,1.26025390625,3804.4858334461846
3831.1150000095367,0.1103515625,-0.03076171875,1.658203125,3804.495833436648
3831.125,0.1103515625,-0.03076171875,1.658203125,3804.505833427111
3831.1349999904633,0.056640625,-0.021484375,1.5078125,3804.5158334175744
3831.1449999809274,0.056640625,-0.021484375,1.5078125,3804.5258334080386
3831.1549999713898,0.0576171875,-0.00146484375,1.3369140625,3804.535833398501
3831.164999961853,0.0576171875,-0.00146484375,1.3369140625,3804.545833388964
3831.174999952316,0.09521484375,-0.017578125,1.36572265625,3804.555833379427
3831.18499994278,0.09521484375,-0.017578125,1.36572265625,3804.565833369891
3831.194999933243,0.099609375,-0.0185546875,1.05224609375,3804.575833360354
3831.204999923706,0.099609375,-0.0185546875,1.05224609375,3804.585833350817
3831.214999914169,0.02587890625,-0.0048828125,1.03955078125,3804.59583334128
3831.224999904633,0.02587890625,-0.0048828125,1.03955078125,3804.605833331744
3831.234999895096,0.04931640625,-0.0029296875,0.8134765625,3804.615833322207
3831.244999885559,0.04931640625,-0.0029296875,0.8134765625,3804.6258333126702
3831.2549998760223,0.06787109375,-0.00830078125,0.61572265625,3804.6358333031335
3831.2649998664856,0.06787109375,-0.00830078125,0.61572265625,3804.6458332935968
3831.275000095368,0.083984375,0.005859375,0.61962890625,3804.655833522479
3831.285000085831,0.083984375,0.005859375,0.61962890625,3804.6658335129423
3831.295000076294,0.0390625,-0.01513671875,0.646484375,3804.675833503405
3831.305000066757,0.0390625,-0.01513671875,0.646484375,3804.6858334938684
3831.315000057221,0.03759765625,0.02099609375,0.74609375,3804.695833484332
3831.325000047684,0.03759765625,0.02099609375,0.74609375,3804.7058334747953
3831.335000038147,0.0498046875,-0.0341796875,0.67578125,3804.715833465258
3831.34500002861,0.0498046875,-0.0341796875,0.67578125,3804.725833455721
3831.3550000190735,0.0595703125,-0.013671875,0.8876953125,3804.7358334461846
3831.3650000095367,0.0595703125,-0.013671875,0.8876953125,3804.745833436648
3831.375,0.08056640625,0.02197265625,1.07275390625,3804.755833427111
3831.3849999904633,0.08056640625,0.02197265625,1.07275390625,3804.7658334175744
3831.3949999809274,0.052734375,0.01318359375,0.9921875,3804.7758334080386
3831.4049999713898,0.052734375,0.01318359375,0.9921875,3804.785833398501
3831.414999961853,0.0625,0.015625,1.0400390625,3804.795833388964
3831.424999952316,0.0625,0.015625,1.0400390625,3804.805833379427
3831.43499994278,0.033203125,-0.044921875,1.23779296875,3804.815833369891
3831.444999933243,0.033203125,-0.044921875,1.23779296875,3804.825833360354
3831.454999923706,0.08154296875,0.00634765625,1.2822265625,3804.835833350817
3831.464999914169,0.08154296875,0.00634765625,1.2822265625,3804.84583334128
3831.474999904633,0.046875,-0.02587890625,1.263671875,3804.855833331744
3831.484999895096,0.046875,-0.02587890625,1.263671875,3804.865833322207
3831.494999885559,0.10302734375,0.0146484375,1.349609375,3804.8758333126702
3831.5049998760223,0.10302734375,0.0146484375,1.349609375,3804.8858333031335
3831.5149998664856,0.03271484375,-0.021484375,1.2021484375,3804.8958332935968
3831.525000095368,0.03271484375,-0.021484375,1.2021484375,3804.905833522479
3831.535000085831,0.0341796875,0.01123046875,1.0634765625,3804.9158335129423
3831.539999961853,0.0341796875,0.01123046875,1.0634765625,3804.920833388964
3831.545000076294,0.0751953125,-0.017578125,0.94677734375,3804.925833503405
3831.565000057221,0.0751953125,-0.017578125,0.94677734375,3804.945833484332
3831.579999923706,0.06494140625,-0.02685546875,0.86376953125,3804.960833350817
3831.589999914169,0.06494140625,-0.02685546875,0.86376953125,3804.97083334128
3831.599999904633,0.0517578125,0.0087890625,0.80810546875,3804.980833331744
3831.609999895096,0.0517578125,0.0087890625,0.80810546875,3804.990833322207
3831.619999885559,0.02197265625,-0.01806640625,0.7177734375,3805.0008333126702
3831.6299998760223,0.02197265625,-0.01806640625,0.7177734375,3805.0108333031335
3831.6399998664856,0.046875,0.01806640625,0.7470703125,3805.0208332935968
3831.650000095368,0.046875,0.01806640625,0.7470703125,3805.030833522479
3831.660000085831,0.02001953125,-0.01611328125,0.66650390625,3805.0408335129423
3831.670000076294,0.02001953125,-0.01611328125,0.66650390625,3805.050833503405
3831.680000066757,0.07568359375,0.0341796875,0.67333984375,3805.0608334938684
3831.690000057221,0.07568359375,0.0341796875,0.67333984375,3805.070833484332
3831.700000047684,0.10400390625,0.0087890625,1.12060546875,3805.0808334747953
3831.710000038147,0.10400390625,0.0087890625,1.12060546875,3805.090833465258
3831.72000002861,0.07373046875,0.0126953125,1.13134765625,3805.100833455721
3831.7300000190735,0.07373046875,0.0126953125,1.13134765625,3805.1108334461846
3831.7400000095367,0.01513671875,0.0625,1.2421875,3805.120833436648
3831.75,0.01513671875,0.0625,1.2421875,3805.130833427111
3831.7599999904633,0.0537109375,0.08056640625,1.34765625,3805.1408334175744
3831.7699999809274,0.0537109375,0.08056640625,1.34765625,3805.1508334080386
3831.7799999713898,0.06787109375,0.0068359375,1.3046875,3805.160833398501
3831.789999961853,0.06787109375,0.0068359375,1.3046875,3805.170833388964
3831.799999952316,0.07373046875,0.0517578125,1.1875,3805.180833379427
3831.80999994278,0.07373046875,0.0517578125,1.1875,3805.190833369891
3831.819999933243,0.046875,-0.00146484375,1.12890625,3805.200833360354
3831.829999923706,0.046875,-0.00146484375,1.12890625,3805.210833350817
3831.839999914169,0.0400390625,0.107421875,0.927734375,3805.22083334128
3831.849999904633,0.0400390625,0.107421875,0.927734375,3805.230833331744
3831.859999895096,0.04248046875,-0.00927734375,0.7646484375,3805.240833322207
3831.869999885559,0.04248046875,-0.00927734375,0.7646484375,3805.2508333126702
3831.8799998760223,0.09326171875,-0.03271484375,1.01953125,3805.2608333031335
3831.8899998664856,0.09326171875,-0.03271484375,1.01953125,3805.2708332935968
3831.900000095368,0.052734375,0.029296875,0.62158203125,3805.280833522479
3831.910000085831,0.052734375,0.029296875,0.62158203125,3805.2908335129423
3831.920000076294,0.01806640625,0.01953125,0.6982421875,3805.300833503405
3831.930000066757,0.01806640625,0.01953125,0.6982421875,3805.3108334938684
3831.940000057221,0.0888671875,-0.00830078125,0.9609375,3805.320833484332
3831.950000047684,0.0888671875,-0.00830078125,0.9609375,3805.3308334747953
3831.960000038147,0.01416015625,-0.001953125,0.87255859375,3805.340833465258
3831.97000002861,0.0400390625,0.05615234375,0.82373046875,3805.350833455721
3831.9800000190735,0.0400390625,0.05615234375,0.82373046875,3805.3608334461846
3831.9900000095367,0.0419921875,-0.03271484375,0.94482421875,3805.370833436648
3832.0,0.0419921875,-0.03271484375,0.94482421875,3805.380833427111
3832.0099999904633,0.083984375,0.06591796875,1.12744140625,3805.3908334175744
3832.0199999809274,0.083984375,0.06591796875,1.12744140625,3805.4008334080386
3832.0299999713898,0.01025390625,-0.01513671875,1.1123046875,3805.410833398501
3832.039999961853,0.01025390625,-0.01513671875,1.1123046875,3805.420833388964
3832.049999952316,0.05224609375,0.03173828125,1.07177734375,3805.430833379427
3832.05999994278,0.05224609375,0.03173828125,1.07177734375,3805.440833369891
3832.069999933243,0.06298828125,0.064453125,1.0,3805.450833360354
3832.079999923706,0.06298828125,0.064453125,1.0,3805.460833350817
3832.089999914169,0.07958984375,0.01611328125,1.06005859375,3805.47083334128
3832.099999904633,0.07958984375,0.01611328125,1.06005859375,3805.480833331744
3832.109999895096,0.0419921875,0.01416015625,1.05126953125,3805.490833322207
3832.119999885559,0.0419921875,0.01416015625,1.05126953125,3805.5008333126702
3832.1299998760223,0.0458984375,0.009765625,1.05029296875,3805.5108333031335
3832.1399998664856,0.0458984375,0.009765625,1.05029296875,3805.5208332935968
3832.150000095368,0.0927734375,0.01708984375,1.2802734375,3805.530833522479
3832.160000085831,0.0927734375,0.01708984375,1.2802734375,3805.5408335129423
3832.170000076294,0.02001953125,-0.0185546875,1.279296875,3805.550833503405
3832.180000066757,0.02001953125,-0.0185546875,1.279296875,3805.5608334938684
3832.190000057221,0.048828125,-0.001953125,1.20849609375,3805.570833484332
3832.200000047684,0.048828125,-0.001953125,1.20849609375,3805.5808334747953
3832.210000038147,0.0673828125,0.052734375,1.13818359375,3805.590833465258
3832.22000002861,0.0673828125,0.052734375,1.13818359375,3805.600833455721
3832.2300000190735,0.0556640625,-0.0263671875,1.10302734375,3805.6108334461846
3832.2400000095367,0.0556640625,-0.0263671875,1.10302734375,3805.620833436648
3832.25,0.03125,-0.0087890625,1.23974609375,3805.630833427111
3832.2599999904633,0.03125,-0.0087890625,1.23974609375,3805.6408334175744
3832.2699999809274,0.0625,0.04736328125,0.9228515625,3805.6508334080386
3832.2799999713898,0.0625,0.04736328125,0.9228515625,3805.660833398501
3832.289999961853,0.03759765625,0.02392578125,0.90576171875,3805.670833388964
3832.299999952316,0.03759765625,0.02392578125,0.90576171875,3805.680833379427
3832.30999994278,0.08642578125,-0.02392578125,0.97314453125,3805.690833369891
3832.319999933243,0.08642578125,-0.02392578125,0.97314453125,3805.700833360354
3832.329999923706,0.05322265625,0.013671875,0.9462890625,3805.710833350817
3832.339999914169,0.05322265625,0.013671875,0.9462890625,3805.72083334128
3832.349999904633,0.02783203125,0.04248046875,0.96044921875,3805.730833331744
3832.359999895096,0.02783203125,0.04248046875,0.96044921875,3805.740833322207
3832.369999885559,0.0419921875,-0.0126953125,1.1064453125,3805.7508333126702
3832.3799998760223,0.0419921875,-0.0126953125,1.1064453125,3805.7608333031335
3832.3899998664856,0.041015625,0.03759765625,0.9462890625,3805.7708332935968
3832.400000095368,0.041015625,0.03759765625,0.9462890625,3805.780833522479
3832.410000085831,0.0576171875,-0.0009765625,1.025390625,3805.7908335129423
3832.420000076294,0.0576171875,-0.0009765625,1.025390625,3805.800833503405
3832.430000066757,0.0498046875,-0.0146484375,1.16748046875,3805.8108334938684
3832.440000057221,0.0498046875,-0.0146484375,1.16748046875,3805.820833484332
3832.450000047684,0.04833984375,0.01025390625,0.99267578125,3805.8308334747953
3832.460000038147,0.04833984375,0.01025390625,0.99267578125,3805.840833465258
3832.47000002861,0.04150390625,0.001953125,1.0859375,3805.850833455721
3832.4800000190735,0.04150390625,0.001953125,1.0859375,3805.8608334461846
3832.4900000095367,0.05419921875,-0.00146484375,1.13037109375,3805.870833436648
3832.5,0.05419921875,-0.00146484375,1.13037109375,3805.880833427111
3832.5099999904633,0.05712890625,-0.0078125,1.06689453125,3805.8908334175744
3832.5199999809274,0.05712890625,-0.0078125,1.06689453125,3805.9008334080386
3832.5299999713898,0.0615234375,-0.00048828125,0.830078125,3805.910833398501
3832.539999961853,0.0615234375,-0.00048828125,0.830078125,3805.920833388964
3832.545000076294,0.03125,-0.01953125,0.86572265625,3805.925833503405
3832.549999952316,0.03125,-0.01953125,0.86572265625,3805.930833379427
3832.569999933243,0.0458984375,-0.04931640625,0.92431640625,3805.950833360354
3832.585000038147,0.0458984375,-0.04931640625,0.92431640625,3805.965833465258
3832.59500002861,0.0224609375,0.025390625,0.90673828125,3805.975833455721
3832.6050000190735,0.0224609375,0.025390625,0.90673828125,3805.9858334461846
3832.6150000095367,0.03125,-0.0302734375,0.732421875,3805.995833436648
3832.625,0.03125,-0.0302734375,0.732421875,3806.005833427111
3832.6349999904633,0.07470703125,-0.02978515625,1.21484375,3806.0158334175744
3832.6449999809274,0.07470703125,-0.02978515625,1.21484375,3806.0258334080386
3832.6549999713898,0.04541015625,0.001953125,1.00341796875,3806.035833398501
3832.664999961853,0.04541015625,0.001953125,1.00341796875,3806.045833388964
3832.674999952316,0.0283203125,-0.04052734375,1.06005859375,3806.055833379427
3832.68499994278,0.0283203125,-0.04052734375,1.06005859375,3806.065833369891
3832.694999933243,0.0654296875,-0.01611328125,1.3466796875,3806.075833360354
3832.704999923706,0.0654296875,-0.01611328125,1.3466796875,3806.085833350817
3832.714999914169,0.037109375,-0.04052734375,1.01611328125,3806.09583334128
3832.724999904633,0.037109375,-0.04052734375,1.01611328125,3806.105833331744
3832.734999895096,0.0263671875,-0.0107421875,0.97119140625,3806.115833322207
3832.744999885559,0.0263671875,-0.0107421875,0.97119140625,3806.1258333126702
3832.7549998760223,0.078125,-0.03564453125,1.14599609375,3806.1358333031335
3832.7649998664856,0.078125,-0.03564453125,1.14599609375,3806.1458332935968
3832.775000095368,0.015625,-0.02587890625,0.88916015625,3806.155833522479
3832.785000085831,0.015625,-0.02587890625,0.88916015625,3806.1658335129423
3832.795000076294,0.02685546875,-0.0068359375,0.9912109375,3806.175833503405
3832.805000066757,0.02685546875,-0.0068359375,0.9912109375,3806.1858334938684
3832.815000057221,0.05419921875,-0.01611328125,0.9306640625,3806.195833484332
3832.825000047684,0.05419921875,-0.01611328125,0.9306640625,3806.2058334747953
3832.835000038147,0.0703125,-0.0234375,1.0,3806.215833465258
3832.84500002861,0.0703125,-0.0234375,1.0,3806.225833455721
3832.8550000190735,0.04736328125,-0.04296875,1.080078125,3806.2358334461846
3832.8650000095367,0.04736328125,-0.04296875,1.080078125,3806.245833436648
3832.875,0.0224609375,-0.0234375,0.98046875,3806.255833427111
3832.8849999904633,0.0224609375,-0.0234375,0.98046875,3806.2658334175744
3832.8949999809274,0.0458984375,-0.01171875,1.06640625,3806.2758334080386
3832.9049999713898,0.0458984375,-0.01171875,1.06640625,3806.285833398501
3832.914999961853,0.05029296875,-0.0556640625,1.1220703125,3806.295833388964
3832.924999952316,0.05029296875,-0.0556640625,1.1220703125,3806.305833379427
3832.93499994278,0.02783203125,0.0009765625,0.9921875,3806.315833369891
3832.944999933243,0.02783203125,0.0009765625,0.9921875,3806.325833360354
3832.954999923706,0.046875,-0.02978515625,1.0576171875,3806.335833350817
3832.964999914169,0.046875,-0.02978515625,1.0576171875,3806.34583334128
3832.974999904633,0.05126953125,-0.00439453125,0.8095703125,3806.355833331744
3832.984999895096,0.05126953125,-0.00439453125,0.8095703125,3806.365833322207
3832.994999885559,0.0009765625,0.00390625,0.70166015625,3806.3758333126702
3833.0049998760223,0.0009765625,0.00390625,0.70166015625,3806.3858333031335
3833.0149998664856,0.08935546875,-0.05126953125,0.9228515625,3806.3958332935968
3833.025000095368,0.08935546875,-0.05126953125,0.9228515625,3806.405833522479
3833.035000085831,0.0810546875,0.0009765625,1.01611328125,3806.4158335129423
3833.045000076294,0.0810546875,0.0009765625,1.01611328125,3806.425833503405
3833.055000066757,0.0234375,0.02880859375,0.96728515625,3806.4358334938684
3833.065000057221,0.0234375,0.02880859375,0.96728515625,3806.445833484332
3833.075000047684,0.03564453125,-0.01953125,1.31884765625,3806.4558334747953
3833.085000038147,0.03564453125,-0.01953125,1.31884765625,3806.465833465258
3833.09500002861,0.03466796875,0.01806640625,1.06689453125,3806.475833455721
3833.1050000190735,0.03466796875,0.01806640625,1.06689453125,3806.4858334461846
3833.1150000095367,0.02099609375,-0.04541015625,1.04931640625,3806.495833436648
3833.125,0.02099609375,-0.04541015625,1.04931640625,3806.505833427111
3833.1349999904633,0.08984375,-0.00634765625,1.1806640625,3806.5158334175744
3833.1449999809274,0.08984375,-0.00634765625,1.1806640625,3806.5258334080386
3833.1549999713898,0.02685546875,0.015625,1.02880859375,3806.535833398501
3833.164999961853,0.02685546875,0.015625,1.02880859375,3806.545833388964
3833.174999952316,0.0244140625,-0.0048828125,0.96875,3806.555833379427
3833.18499994278,0.0244140625,-0.0048828125,0.96875,3806.565833369891
3833.194999933243,0.0654296875,-0.0341796875,1.09716796875,3806.575833360354
3833.204999923706,0.0654296875,-0.0341796875,1.09716796875,3806.585833350817
3833.214999914169,0.04736328125,0.01318359375,0.943359375,3806.59583334128
3833.224999904633,0.04736328125,0.01318359375,0.943359375,3806.605833331744
3833.234999895096,0.04931640625,-0.041015625,1.0126953125,3806.615833322207
3833.244999885559,0.04931640625,-0.041015625,1.0126953125,3806.6258333126702
3833.2549998760223,0.0166015625,-0.0361328125,1.04736328125,3806.6358333031335
3833.2649998664856,0.0166015625,-0.0361328125,1.04736328125,3806.6458332935968
3833.275000095368,0.0283203125,0.02783203125,0.98974609375,3806.655833522479
3833.285000085831,0.0283203125,0.02783203125,0.98974609375,3806.6658335129423
3833.295000076294,0.0341796875,-0.02490234375,0.95068359375,3806.675833503405
3833.305000066757,0.0341796875,-0.02490234375,0.95068359375,3806.6858334938684
3833.315000057221,0.06103515625,-0.00927734375,0.8017578125,3806.695833484332
3833.325000047684,0.06103515625,-0.00927734375,0.8017578125,3806.7058334747953
3833.335000038147,0.05224609375,-0.03076171875,0.98486328125,3806.715833465258
3833.34500002861,0.05224609375,-0.03076171875,0.98486328125,3806.725833455721
3833.3550000190735,0.0849609375,0.0,0.9072265625,3806.7358334461846
3833.3650000095367,0.0849609375,0.0,0.9072265625,3806.745833436648
3833.375,0.01513671875,-0.00634765625,1.0107421875,3806.755833427111
3833.3849999904633,0.01513671875,-0.00634765625,1.0107421875,3806.7658334175744
3833.3949999809274,0.044921875,0.02490234375,1.080078125,3806.7758334080386
3833.4049999713898,0.044921875,0.02490234375,1.080078125,3806.785833398501
3833.414999961853,0.0615234375,0.02001953125,0.9697265625,3806.795833388964
3833.424999952316,0.0615234375,0.02001953125,0.9697265625,3806.805833379427
3833.43499994278,0.03076171875,0.00927734375,1.03759765625,3806.815833369891
3833.444999933243,0.03076171875,0.00927734375,1.03759765625,3806.825833360354
3833.454999923706,0.07275390625,0.00146484375,1.27685546875,3806.835833350817
3833.464999914169,0.07275390625,0.00146484375,1.27685546875,3806.84583334128
3833.474999904633,0.0224609375,-0.02197265625,1.2958984375,3806.855833331744
3833.484999895096,0.0224609375,-0.02197265625,1.2958984375,3806.865833322207
3833.494999885559,0.04736328125,0.033203125,1.29443359375,3806.8758333126702
3833.5049998760223,0.04736328125,0.033203125,1.29443359375,3806.8858333031335
3833.5149998664856,-0.001953125,-0.06396484375,1.2197265625,3806.8958332935968
3833.525000095368,-0.001953125,-0.06396484375,1.2197265625,3806.905833522479
3833.535000085831,0.0693359375,0.03515625,1.0146484375,3806.9158335129423
3833.545000076294,0.0693359375,0.03515625,1.0146484375,3806.925833503405
3833.549999952316,0.00146484375,-0.0185546875,0.9345703125,3806.930833379427
3833.555000066757,0.04736328125,-0.048828125,1.0400390625,3806.9358334938684
3833.575000047684,0.04736328125,-0.048828125,1.0400390625,3806.9558334747953
3833.585000038147,0.04736328125,-0.048828125,1.0400390625,3806.965833465258
3833.59500002861,0.01220703125,0.01806640625,0.91943359375,3806.975833455721
3833.6050000190735,0.01220703125,0.01806640625,0.91943359375,3806.9858334461846
3833.6150000095367,0.0341796875,-0.015625,0.90234375,3806.995833436648
3833.625,0.05712890625,-0.01806640625,0.9853515625,3807.005833427111
3833.6349999904633,0.05712890625,-0.01806640625,0.9853515625,3807.0158334175744
3833.6449999809274,0.0556640625,0.01416015625,0.9560546875,3807.0258334080386
3833.6549999713898,0.0556640625,0.01416015625,0.9560546875,3807.035833398501
3833.664999961853,0.02392578125,0.005859375,1.04248046875,3807.045833388964
3833.674999952316,0.02392578125,0.005859375,1.04248046875,3807.055833379427
3833.68499994278,0.04443359375,0.01171875,1.18212890625,3807.065833369891
3833.694999933243,0.04443359375,0.01171875,1.18212890625,3807.075833360354
3833.704999923706,0.04833984375,0.02392578125,1.3779296875,3807.085833350817
3833.714999914169,0.04833984375,0.02392578125,1.3779296875,3807.09583334128
3833.724999904633,0.0205078125,-0.0361328125,1.3154296875,3807.105833331744
3833.734999895096,0.0205078125,-0.0361328125,1.3154296875,3807.115833322207
3833.744999885559,0.02978515625,0.03564453125,1.10595703125,3807.1258333126702
3833.7549998760223,0.02978515625,0.03564453125,1.10595703125,3807.1358333031335
3833.7649998664856,0.013671875,-0.02783203125,1.21044921875,3807.1458332935968
3833.775000095368,0.013671875,-0.02783203125,1.21044921875,3807.155833522479
3833.785000085831,0.0595703125,0.02978515625,1.306640625,3807.1658335129423
3833.795000076294,0.0595703125,0.02978515625,1.306640625,3807.175833503405
3833.805000066757,-0.02099609375,-0.0302734375,1.11083984375,3807.1858334938684
3833.815000057221,-0.02099609375,-0.0302734375,1.11083984375,3807.195833484332
3833.825000047684,0.046875,0.02490234375,1.11279296875,3807.2058334747953
3833.835000038147,0.046875,0.02490234375,1.11279296875,3807.215833465258
3833.84500002861,0.03076171875,-0.046875,0.88916015625,3807.225833455721
3833.8550000190735,0.03076171875,-0.046875,0.88916015625,3807.2358334461846
3833.8650000095367,0.03369140625,0.00341796875,0.66259765625,3807.245833436648
3833.875,0.03369140625,0.00341796875,0.66259765625,3807.255833427111
3833.8849999904633,0.0498046875,-0.01611328125,0.9814453125,3807.2658334175744
3833.8949999809274,0.0498046875,-0.01611328125,0.9814453125,3807.2758334080386
3833.9049999713898,0.0361328125,-0.00390625,0.77294921875,3807.285833398501
3833.914999961853,0.0361328125,-0.00390625,0.77294921875,3807.295833388964
3833.924999952316,0.0068359375,-0.029296875,0.796875,3807.305833379427
3833.93499994278,0.0068359375,-0.029296875,0.796875,3807.315833369891
3833.944999933243,0.05712890625,0.02587890625,1.06396484375,3807.325833360354
3833.954999923706,0.05712890625,0.02587890625,1.06396484375,3807.335833350817
3833.964999914169,0.0703125,-0.0224609375,0.94677734375,3807.34583334128
3833.974999904633,0.0703125,-0.0224609375,0.94677734375,3807.355833331744
3833.984999895096,0.0439453125,-0.01220703125,1.14501953125,3807.365833322207
3833.994999885559,0.0439453125,-0.01220703125,1.14501953125,3807.3758333126702
3834.0049998760223,0.0556640625,0.00537109375,1.18408203125,3807.3858333031335
3834.0149998664856,0.0556640625,0.00537109375,1.18408203125,3807.3958332935968
3834.025000095368,-0.01025390625,0.0234375,1.24267578125,3807.405833522479
3834.035000085831,-0.01025390625,0.0234375,1.24267578125,3807.4158335129423
3834.045000076294,0.04296875,-0.06298828125,1.37353515625,3807.425833503405
3834.055000066757,0.04296875,-0.06298828125,1.37353515625,3807.4358334938684
3834.065000057221,0.013671875,0.001953125,1.3134765625,3807.445833484332
3834.075000047684,0.013671875,0.001953125,1.3134765625,3807.4558334747953
3834.085000038147,0.06103515625,0.0341796875,1.10693359375,3807.465833465258
3834.09500002861,0.06103515625,0.0341796875,1.10693359375,3807.475833455721
3834.1050000190735,0.0556640625,-0.017578125,1.23681640625,3807.4858334461846
3834.1150000095367,0.0556640625,-0.017578125,1.23681640625,3807.495833436648
3834.125,0.04296875,-0.02099609375,1.1337890625,3807.505833427111
3834.1349999904633,0.04296875,-0.02099609375,1.1337890625,3807.5158334175744
3834.1449999809274,0.0322265625,-0.0185546875,0.931640625,3807.5258334080386
3834.1549999713898,0.0322265625,-0.0185546875,0.931640625,3807.535833398501
3834.164999961853,0.048828125,-0.01708984375,0.88037109375,3807.545833388964
3834.174999952316,0.048828125,-0.01708984375,0.88037109375,3807.555833379427
3834.18499994278,0.03173828125,0.0078125,0.59521484375,3807.565833369891
3834.194999933243,0.03173828125,0.0078125,0.59521484375,3807.575833360354
3834.204999923706,0.0087890625,-0.02783203125,0.625,3807.585833350817
3834.214999914169,0.0087890625,-0.02783203125,0.625,3807.59583334128
3834.224999904633,0.06005859375,-0.01806640625,0.8095703125,3807.605833331744
3834.234999895096,0.06005859375,-0.01806640625,0.8095703125,3807.615833322207
3834.244999885559,0.00390625,-0.03125,0.66162109375,3807.6258333126702
3834.2549998760223,0.00390625,-0.03125,0.66162109375,3807.6358333031335
3834.2649998664856,0.06298828125,-0.009765625,0.9033203125,3807.6458332935968
3834.275000095368,0.06298828125,-0.009765625,0.9033203125,3807.655833522479
3834.285000085831,0.044921875,-0.02587890625,0.84521484375,3807.6658335129423
3834.295000076294,0.044921875,-0.02587890625,0.84521484375,3807.675833503405
3834.305000066757,0.06494140625,0.0302734375,0.9130859375,3807.6858334938684
3834.315000057221,0.06494140625,0.0302734375,0.9130859375,3807.695833484332
3834.325000047684,0.0380859375,-0.0322265625,1.08056640625,3807.7058334747953
3834.335000038147,0.0380859375,-0.0322265625,1.08056640625,3807.715833465258
3834.34500002861,0.06884765625,0.03515625,1.18505859375,3807.725833455721
3834.3550000190735,0.06884765625,0.03515625,1.18505859375,3807.7358334461846
3834.3650000095367,0.0185546875,-0.02099609375,1.15478515625,3807.745833436648
3834.375,0.0185546875,-0.02099609375,1.15478515625,3807.755833427111
3834.3849999904633,0.06640625,-0.03564453125,1.23291015625,3807.7658334175744
3834.3949999809274,0.06640625,-0.03564453125,1.23291015625,3807.7758334080386
3834.4049999713898,0.064453125,0.021484375,1.06494140625,3807.785833398501
3834.414999961853,0.064453125,0.021484375,1.06494140625,3807.795833388964
3834.424999952316,0.0380859375,-0.03955078125,0.95166015625,3807.805833379427
3834.43499994278,0.0380859375,-0.03955078125,0.95166015625,3807.815833369891
3834.444999933243,0.0693359375,-0.02294921875,0.92919921875,3807.825833360354
3834.454999923706,0.0693359375,-0.02294921875,0.92919921875,3807.835833350817
3834.464999914169,0.04443359375,0.0068359375,0.79052734375,3807.84583334128
3834.474999904633,0.04443359375,0.0068359375,0.79052734375,3807.855833331744
3834.484999895096,0.0712890625,0.001953125,0.587890625,3807.865833322207
3834.494999885559,0.0712890625,0.001953125,0.587890625,3807.8758333126702
3834.5049998760223,0.0791015625,0.00927734375,0.87744140625,3807.8858333031335
3834.5149998664856,0.0791015625,0.00927734375,0.87744140625,3807.8958332935968
3834.525000095368,0.08349609375,0.005859375,0.8544921875,3807.905833522479
3834.535000085831,0.08349609375,0.005859375,0.8544921875,3807.9158335129423
3834.545000076294,0.03564453125,-0.0166015625,1.08837890625,3807.925833503405
3834.549999952316,0.03564453125,-0.0166015625,1.08837890625,3807.930833379427
3834.555000066757,0.064453125,-0.00048828125,1.1103515625,3807.9358334938684
3834.569999933243,0.03271484375,-0.0234375,1.05810546875,3807.950833360354
3834.589999914169,0.03271484375,-0.0234375,1.05810546875,3807.97083334128
3834.599999904633,0.03271484375,-0.0234375,1.05810546875,3807.980833331744
3834.609999895096,0.09130859375,-0.0185546875,1.2841796875,3807.990833322207
3834.619999885559,0.09130859375,-0.0185546875,1.2841796875,3808.0008333126702
3834.6299998760223,0.04296875,-0.03076171875,1.07958984375,3808.0108333031335
3834.6399998664856,0.04296875,-0.03076171875,1.07958984375,3808.0208332935968
3834.650000095368,0.02978515625,0.0439453125,0.9580078125,3808.030833522479
3834.660000085831,0.02978515625,0.0439453125,0.9580078125,3808.0408335129423
3834.670000076294,0.0693359375,-0.00146484375,0.96923828125,3808.050833503405
3834.680000066757,0.0693359375,-0.00146484375,0.96923828125,3808.0608334938684
3834.690000057221,0.0595703125,-0.01416015625,0.99853515625,3808.070833484332
3834.700000047684,0.0595703125,-0.01416015625,0.99853515625,3808.0808334747953
3834.710000038147,0.099609375,-0.03466796875,1.0205078125,3808.090833465258
3834.72000002861,0.099609375,-0.03466796875,1.0205078125,3808.100833455721
3834.7300000190735,0.056640625,0.0185546875,0.7763671875,3808.1108334461846
3834.7400000095367,0.056640625,0.0185546875,0.7763671875,3808.120833436648
3834.75,0.06103515625,0.04443359375,0.7216796875,3808.130833427111
3834.7599999904633,0.06103515625,0.04443359375,0.7216796875,3808.1408334175744
3834.7699999809274,0.04638671875,-0.03125,0.9228515625,3808.1508334080386
3834.7799999713898,0.04638671875,-0.03125,0.9228515625,3808.160833398501
3834.789999961853,0.1103515625,0.01708984375,0.88671875,3808.170833388964
3834.799999952316,0.1103515625,0.01708984375,0.88671875,3808.180833379427
3834.80999994278,0.02197265625,-0.029296875,0.95947265625,3808.190833369891
3834.819999933243,0.02197265625,-0.029296875,0.95947265625,3808.200833360354
3834.829999923706,0.06787109375,0.00634765625,0.93115234375,3808.210833350817
3834.839999914169,0.06787109375,0.00634765625,0.93115234375,3808.22083334128
3834.849999904633,0.0244140625,-0.01708984375,0.9365234375,3808.230833331744
3834.859999895096,0.0244140625,-0.01708984375,0.9365234375,3808.240833322207
3834.869999885559,0.0537109375,0.00537109375,0.90283203125,3808.2508333126702
3834.8799998760223,0.0537109375,0.00537109375,0.90283203125,3808.2608333031335
3834.8899998664856,0.0869140625,-0.0439453125,0.99365234375,3808.2708332935968
3834.900000095368,0.0869140625,-0.0439453125,0.99365234375,3808.280833522479
3834.910000085831,0.158203125,0.02197265625,1.28564453125,3808.2908335129423
3834.920000076294,0.158203125,0.02197265625,1.28564453125,3808.300833503405
3834.930000066757,0.1044921875,-0.046875,1.4892578125,3808.3108334938684
3834.940000057221,0.1044921875,-0.046875,1.4892578125,3808.320833484332
3834.950000047684,0.01220703125,-0.00732421875,1.59521484375,3808.3308334747953
3834.960000038147,0.01220703125,-0.00732421875,1.59521484375,3808.340833465258
3834.97000002861,0.02587890625,0.0029296875,1.107421875,3808.350833455721
3834.9800000190735,0.02587890625,0.0029296875,1.107421875,3808.3608334461846
3834.9900000095367,0.00341796875,-0.06298828125,1.07373046875,3808.370833436648
3835.0,0.00341796875,-0.06298828125,1.07373046875,3808.380833427111
3835.0099999904633,0.09716796875,0.0087890625,0.88720703125,3808.3908334175744
3835.0199999809274,0.09716796875,0.0087890625,0.88720703125,3808.4008334080386
3835.0299999713898,0.01806640625,-0.0634765625,1.01806640625,3808.410833398501
3835.039999961853,0.01806640625,-0.0634765625,1.01806640625,3808.420833388964
3835.049999952316,0.02978515625,-0.0263671875,0.8701171875,3808.430833379427
3835.05999994278,0.02978515625,-0.0263671875,0.8701171875,3808.440833369891
3835.069999933243,-0.0009765625,0.00244140625,0.61865234375,3808.450833360354
3835.079999923706,-0.0009765625,0.00244140625,0.61865234375,3808.460833350817
3835.089999914169,0.04345703125,-0.001953125,0.60009765625,3808.47083334128
3835.099999904633,0.04345703125,-0.001953125,0.60009765625,3808.480833331744
3835.109999895096,0.087890625,-0.0029296875,0.64111328125,3808.490833322207
3835.119999885559,0.087890625,-0.0029296875,0.64111328125,3808.5008333126702
3835.1299998760223,0.0556640625,-0.01123046875,0.55224609375,3808.5108333031335
3835.1399998664856,0.0556640625,-0.01123046875,0.55224609375,3808.5208332935968
3835.150000095368,0.0380859375,-0.0205078125,0.93994140625,3808.530833522479
3835.160000085831,0.0380859375,-0.0205078125,0.93994140625,3808.5408335129423
3835.170000076294,0.029296875,0.01025390625,0.90087890625,3808.550833503405
3835.180000066757,0.029296875,0.01025390625,0.90087890625,3808.5608334938684
3835.190000057221,0.033203125,0.02294921875,0.86474609375,3808.570833484332
3835.200000047684,0.033203125,0.02294921875,0.86474609375,3808.5808334747953
3835.210000038147,0.0791015625,-0.02880859375,1.23974609375,3808.590833465258
3835.22000002861,0.0791015625,-0.02880859375,1.23974609375,3808.600833455721
3835.2300000190735,0.10498046875,0.0244140625,1.19384765625,3808.6108334461846
3835.2400000095367,0.10498046875,0.0244140625,1.19384765625,3808.620833436648
3835.25,0.01611328125,0.009765625,1.1484375,3808.630833427111
3835.2599999904633,0.01611328125,0.009765625,1.1484375,3808.6408334175744
3835.2699999809274,0.07275390625,-0.02880859375,1.32177734375,3808.6508334080386
3835.2799999713898,0.0419921875,-0.02099609375,1.130859375,3808.660833398501
3835.289999961853,0.0419921875,-0.02099609375,1.130859375,3808.670833388964
3835.299999952316,0.07373046875,-0.025390625,0.83203125,3808.680833379427
3835.30999994278,0.07373046875,-0.025390625,0.83203125,3808.690833369891
3835.319999933243,0.09765625,0.06591796875,1.01123046875,3808.700833360354
3835.329999923706,0.09765625,0.06591796875,1.01123046875,3808.710833350817
3835.339999914169,0.05224609375,-0.052734375,0.90283203125,3808.72083334128
3835.349999904633,0.05224609375,-0.052734375,0.90283203125,3808.730833331744
3835.359999895096,0.01953125,0.01416015625,0.98583984375,3808.740833322207
3835.369999885559,0.01953125,0.01416015625,0.98583984375,3808.7508333126702
3835.3799998760223,-0.00146484375,-0.01708984375,0.90380859375,3808.7608333031335
3835.3899998664856,-0.00146484375,-0.01708984375,0.90380859375,3808.7708332935968
3835.400000095368,0.0537109375,-0.00927734375,0.6455078125,3808.780833522479
3835.410000085831,0.0537109375,-0.00927734375,0.6455078125,3808.7908335129423
3835.420000076294,0.05419921875,-0.01953125,0.8583984375,3808.800833503405
3835.430000066757,0.05419921875,-0.01953125,0.8583984375,3808.8108334938684
3835.440000057221,0.02978515625,0.00390625,0.7734375,3808.820833484332
3835.450000047684,0.02978515625,0.00390625,0.7734375,3808.8308334747953
3835.460000038147,0.00390625,0.015625,0.85693359375,3808.840833465258
3835.47000002861,0.00390625,0.015625,0.85693359375,3808.850833455721
3835.4800000190735,0.06640625,-0.048828125,0.927734375,3808.8608334461846
3835.4900000095367,0.06640625,-0.048828125,0.927734375,3808.870833436648
3835.5,0.05810546875,0.03857421875,0.88134765625,3808.880833427111
3835.5099999904633,0.05810546875,0.03857421875,0.88134765625,3808.8908334175744
3835.5199999809274,0.08203125,0.0068359375,0.9697265625,3808.9008334080386
3835.5299999713898,0.08203125,0.0068359375,0.9697265625,3808.910833398501
3835.539999961853,0.08056640625,-0.03515625,1.181640625,3808.920833388964
3835.549999952316,0.08056640625,-0.03515625,1.181640625,3808.930833379427
3835.555000066757,0.08056640625,-0.03515625,1.181640625,3808.9358334938684
3835.55999994278,0.07080078125,0.04541015625,1.2431640625,3808.940833369891
3835.579999923706,0.07421875,-0.03955078125,1.42431640625,3808.960833350817
3835.589999914169,0.07421875,-0.03955078125,1.42431640625,3808.97083334128
3835.599999904633,0.1005859375,-0.02587890625,1.66064453125,3808.980833331744
3835.609999895096,0.1005859375,-0.02587890625,1.66064453125,3808.990833322207
3835.619999885559,0.04541015625,-0.021484375,1.24609375,3809.0008333126702
3835.6299998760223,0.04541015625,-0.021484375,1.24609375,3809.0108333031335
3835.6399998664856,0.0029296875,-0.02880859375,1.3173828125,3809.0208332935968
3835.650000095368,0.0029296875,-0.02880859375,1.3173828125,3809.030833522479
3835.660000085831,0.05517578125,-0.0185546875,1.2265625,3809.0408335129423
3835.670000076294,0.05517578125,-0.0185546875,1.2265625,3809.050833503405
3835.680000066757,0.01416015625,-0.04443359375,1.11572265625,3809.0608334938684
3835.690000057221,0.01416015625,-0.04443359375,1.11572265625,3809.070833484332
3835.700000047684,0.04931640625,-0.00146484375,0.9560546875,3809.0808334747953
3835.710000038147,0.04931640625,-0.00146484375,0.9560546875,3809.090833465258
3835.72000002861,0.0361328125,-0.0185546875,0.68115234375,3809.100833455721
3835.7300000190735,0.0361328125,-0.0185546875,0.68115234375,3809.1108334461846
3835.7400000095367,0.06005859375,0.03076171875,0.55419921875,3809.120833436648
3835.75,0.06005859375,0.03076171875,0.55419921875,3809.130833427111
3835.7599999904633,0.0283203125,-0.0634765625,0.5546875,3809.1408334175744
3835.7699999809274,0.0283203125,-0.0634765625,0.5546875,3809.1508334080386
3835.7799999713898,0.00439453125,-0.00048828125,0.55078125,3809.160833398501
3835.789999961853,0.00439453125,-0.00048828125,0.55078125,3809.170833388964
3835.799999952316,0.00830078125,-0.00537109375,0.470703125,3809.180833379427
3835.80999994278,0.00830078125,-0.00537109375,0.470703125,3809.190833369891
3835.819999933243,0.03173828125,-0.0380859375,0.80029296875,3809.200833360354
3835.829999923706,0.03173828125,-0.0380859375,0.80029296875,3809.210833350817
3835.839999914169,0.08154296875,-0.04052734375,1.04150390625,3809.22083334128
3835.849999904633,0.08154296875,-0.04052734375,1.04150390625,3809.230833331744
3835.859999895096,0.04150390625,-0.0234375,1.26953125,3809.240833322207
3835.869999885559,0.04150390625,-0.0234375,1.26953125,3809.2508333126702
3835.8799998760223,0.064453125,-0.0341796875,1.38330078125,3809.2608333031335
3835.8899998664856,0.064453125,-0.0341796875,1.38330078125,3809.2708332935968
3835.900000095368,0.05224609375,-0.0146484375,1.46044921875,3809.280833522479
3835.910000085831,0.05224609375,-0.0146484375,1.46044921875,3809.2908335129423
3835.920000076294,0.0673828125,-0.00927734375,1.4384765625,3809.300833503405
3835.930000066757,0.0673828125,-0.00927734375,1.4384765625,3809.3108334938684
3835.940000057221,0.06689453125,0.00244140625,1.49169921875,3809.320833484332
3835.950000047684,0.06689453125,0.00244140625,1.49169921875,3809.3308334747953
3835.960000038147,0.06201171875,-0.015625,1.2421875,3809.340833465258
3835.97000002861,0.06201171875,-0.015625,1.2421875,3809.350833455721
3835.9800000190735,0.0390625,-0.00439453125,1.1494140625,3809.3608334461846
3835.9900000095367,0.0390625,-0.00439453125,1.1494140625,3809.370833436648
3836.0,0.01416015625,-0.00244140625,0.95703125,3809.380833427111
3836.0099999904633,0.01416015625,-0.00244140625,0.95703125,3809.3908334175744
3836.0199999809274,0.04736328125,0.01318359375,0.85107421875,3809.4008334080386
3836.0299999713898,0.04736328125,0.01318359375,0.85107421875,3809.410833398501
3836.039999961853,0.02734375,-0.072265625,1.06640625,3809.420833388964
3836.049999952316,0.02734375,-0.072265625,1.06640625,3809.430833379427
3836.05999994278,0.0126953125,0.001953125,0.673828125,3809.440833369891
3836.069999933243,0.0126953125,0.001953125,0.673828125,3809.450833360354
3836.079999923706,-0.02392578125,-0.01171875,0.73486328125,3809.460833350817
3836.089999914169,-0.02392578125,-0.01171875,0.73486328125,3809.47083334128
3836.099999904633,0.07666015625,-0.0146484375,0.71337890625,3809.480833331744
3836.109999895096,0.07666015625,-0.0146484375,0.71337890625,3809.490833322207
3836.119999885559,0.0517578125,-0.0185546875,0.79736328125,3809.5008333126702
3836.1299998760223,0.0517578125,-0.0185546875,0.79736328125,3809.5108333031335
3836.1399998664856,0.0595703125,-0.00537109375,0.77001953125,3809.5208332935968
3836.150000095368,0.0595703125,-0.00537109375,0.77001953125,3809.530833522479
3836.160000085831,0.04541015625,-0.01953125,1.056640625,3809.5408335129423
3836.170000076294,0.04541015625,-0.01953125,1.056640625,3809.550833503405
3836.180000066757,0.0400390625,0.04345703125,0.95458984375,3809.5608334938684
3836.190000057221,0.0400390625,0.04345703125,0.95458984375,3809.570833484332
3836.200000047684,-0.0029296875,0.001953125,1.0888671875,3809.5808334747953
3836.210000038147,-0.0029296875,0.001953125,1.0888671875,3809.590833465258
3836.22000002861,0.0517578125,0.0,1.14501953125,3809.600833455721
3836.2300000190735,0.0517578125,0.0,1.14501953125,3809.6108334461846
3836.2400000095367,0.0498046875,-0.029296875,1.26806640625,3809.620833436648
3836.25,0.0498046875,-0.029296875,1.26806640625,3809.630833427111
3836.2599999904633,0.0546875,-0.01220703125,1.5068359375,3809.6408334175744
3836.2699999809274,0.0546875,-0.01220703125,1.5068359375,3809.6508334080386
3836.2799999713898,0.0439453125,-0.0185546875,1.36376953125,3809.660833398501
3836.289999961853,0.0439453125,-0.0185546875,1.36376953125,3809.670833388964
3836.299999952316,-0.00048828125,-0.02001953125,1.22265625,3809.680833379427
3836.30999994278,-0.00048828125,-0.02001953125,1.22265625,3809.690833369891
3836.319999933243,0.068359375,0.01123046875,1.017578125,3809.700833360354
3836.329999923706,0.068359375,0.01123046875,1.017578125,3809.710833350817
3836.339999914169,0.0517578125,-0.03369140625,0.80029296875,3809.72083334128
3836.349999904633,0.0517578125,-0.03369140625,0.80029296875,3809.730833331744
3836.359999895096,0.0693359375,0.00537109375,0.8984375,3809.740833322207
3836.369999885559,0.0693359375,0.00537109375,0.8984375,3809.7508333126702
3836.3799998760223,0.0009765625,-0.03759765625,0.72900390625,3809.7608333031335
3836.3899998664856,0.0009765625,-0.03759765625,0.72900390625,3809.7708332935968
3836.400000095368,0.02734375,0.05517578125,0.70166015625,3809.780833522479
3836.410000085831,0.02734375,0.05517578125,0.70166015625,3809.7908335129423
3836.420000076294,0.04150390625,-0.0048828125,0.80859375,3809.800833503405
3836.430000066757,0.04150390625,-0.0048828125,0.80859375,3809.8108334938684
3836.440000057221,0.0625,-0.0400390625,0.85693359375,3809.820833484332
3836.450000047684,0.0625,-0.0400390625,0.85693359375,3809.8308334747953
3836.460000038147,0.0361328125,-0.01904296875,0.689453125,3809.840833465258
3836.47000002861,0.0361328125,-0.01904296875,0.689453125,3809.850833455721
3836.4800000190735,-0.01025390625,-0.02001953125,0.923828125,3809.8608334461846
3836.4900000095367,-0.01025390625,-0.02001953125,0.923828125,3809.870833436648
3836.5,0.04931640625,0.0009765625,0.96875,3809.880833427111
3836.5099999904633,0.04931640625,0.0009765625,0.96875,3809.8908334175744
3836.5199999809274,0.03662109375,-0.02490234375,1.14111328125,3809.9008334080386
3836.5299999713898,0.03662109375,-0.02490234375,1.14111328125,3809.910833398501
3836.539999961853,0.06201171875,-0.0009765625,1.21923828125,3809.920833388964
3836.549999952316,0.06201171875,-0.0009765625,1.21923828125,3809.930833379427
3836.555000066757,0.009765625,-0.00634765625,1.146484375,3809.9358334938684
3836.55999994278,0.009765625,-0.00634765625,1.146484375,3809.940833369891
3836.579999923706,0.03759765625,-0.00244140625,1.0693359375,3809.960833350817
3836.589999914169,0.03759765625,-0.00244140625,1.0693359375,3809.97083334128
3836.599999904633,0.04052734375,-0.02294921875,1.36181640625,3809.980833331744
3836.609999895096,0.04052734375,-0.02294921875,1.36181640625,3809.990833322207
3836.619999885559,0.0439453125,-0.01416015625,1.0146484375,3810.0008333126702
3836.6299998760223,0.0439453125,-0.01416015625,1.0146484375,3810.0108333031335
3836.6399998664856,0.0185546875,0.01123046875,0.919921875,3810.0208332935968
3836.650000095368,0.0185546875,0.01123046875,0.919921875,3810.030833522479
3836.660000085831,0.02783203125,-0.037109375,0.6845703125,3810.0408335129423
3836.670000076294,0.02783203125,-0.037109375,0.6845703125,3810.050833503405
3836.680000066757,0.01123046875,-0.00537109375,0.65283203125,3810.0608334938684
3836.690000057221,0.01123046875,-0.00537109375,0.65283203125,3810.070833484332
3836.700000047684,0.0,-0.01904296875,0.57861328125,3810.0808334747953
3836.710000038147,0.0,-0.01904296875,0.57861328125,3810.090833465258
3836.72000002861,0.080078125,-0.0185546875,0.67041015625,3810.100833455721
3836.7300000190735,0.080078125,-0.0185546875,0.67041015625,3810.1108334461846
3836.7400000095367,0.046875,0.001953125,0.66943359375,3810.120833436648
3836.75,0.046875,0.001953125,0.66943359375,3810.130833427111
3836.7599999904633,0.05419921875,-0.044921875,0.88232421875,3810.1408334175744
3836.7699999809274,0.05419921875,-0.044921875,0.88232421875,3810.1508334080386
3836.7799999713898,0.03759765625,-0.001953125,0.9404296875,3810.160833398501
3836.789999961853,0.03759765625,-0.001953125,0.9404296875,3810.170833388964
3836.799999952316,0.06640625,0.02734375,1.01416015625,3810.180833379427
3836.80999994278,0.06640625,0.02734375,1.01416015625,3810.190833369891
3836.819999933243,0.04638671875,-0.06396484375,1.29248046875,3810.200833360354
3836.829999923706,0.04638671875,-0.06396484375,1.29248046875,3810.210833350817
3836.839999914169,0.04833984375,0.025390625,1.2998046875,3810.22083334128
3836.849999904633,0.04833984375,0.025390625,1.2998046875,3810.230833331744
3836.859999895096,0.02490234375,0.03173828125,1.40283203125,3810.240833322207
3836.869999885559,0.02490234375,0.03173828125,1.40283203125,3810.2508333126702
3836.8799998760223,0.048828125,-0.001953125,1.7099609375,3810.2608333031335
3836.8899998664856,0.048828125,-0.001953125,1.7099609375,3810.2708332935968
3836.900000095368,0.05908203125,-0.02685546875,1.43896484375,3810.280833522479
3836.910000085831,0.05908203125,-0.02685546875,1.43896484375,3810.2908335129423
3836.920000076294,0.0166015625,0.0302734375,1.251953125,3810.300833503405
3836.930000066757,0.0166015625,0.0302734375,1.251953125,3810.3108334938684
3836.940000057221,0.046875,-0.00830078125,1.201171875,3810.320833484332
3836.950000047684,0.046875,-0.00830078125,1.201171875,3810.3308334747953
3836.960000038147,0.03662109375,0.01171875,0.77099609375,3810.340833465258
3836.97000002861,0.03662109375,0.01171875,0.77099609375,3810.350833455721
3836.9800000190735,0.05419921875,-0.0146484375,0.6484375,3810.3608334461846
3836.9900000095367,0.05419921875,-0.0146484375,0.6484375,3810.370833436648
3837.0,-0.0009765625,0.01171875,0.642578125,3810.380833427111
3837.0099999904633,-0.0009765625,0.01171875,0.642578125,3810.3908334175744
3837.0199999809274,0.01220703125,0.00537109375,0.3330078125,3810.4008334080386
3837.0299999713898,0.01220703125,0.00537109375,0.3330078125,3810.410833398501
3837.039999961853,0.03271484375,-0.01708984375,0.6064453125,3810.420833388964
3837.049999952316,0.03271484375,-0.01708984375,0.6064453125,3810.430833379427
3837.05999994278,0.08154296875,-0.0087890625,0.65966796875,3810.440833369891
3837.069999933243,0.08154296875,-0.0087890625,0.65966796875,3810.450833360354
3837.079999923706,0.0458984375,0.00830078125,0.7822265625,3810.460833350817
3837.089999914169,0.0458984375,0.00830078125,0.7822265625,3810.47083334128
3837.099999904633,0.03857421875,-0.0166015625,1.2333984375,3810.480833331744
3837.109999895096,0.03857421875,-0.0166015625,1.2333984375,3810.490833322207
3837.119999885559,0.0341796875,0.03564453125,1.1669921875,3810.5008333126702
3837.1299998760223,0.0341796875,0.03564453125,1.1669921875,3810.5108333031335
3837.1399998664856,0.0283203125,0.01416015625,1.30859375,3810.5208332935968
3837.150000095368,0.0283203125,0.01416015625,1.30859375,3810.530833522479
3837.160000085831,0.08447265625,-0.0419921875,1.60791015625,3810.5408335129423
3837.170000076294,0.08447265625,-0.0419921875,1.60791015625,3810.550833503405
3837.180000066757,0.02099609375,0.0224609375,1.4677734375,3810.5608334938684
3837.190000057221,0.02099609375,0.0224609375,1.4677734375,3810.570833484332
3837.200000047684,0.05224609375,0.00927734375,1.4287109375,3810.5808334747953
3837.210000038147,0.05224609375,0.00927734375,1.4287109375,3810.590833465258
3837.22000002861,0.03857421875,-0.00146484375,1.3251953125,3810.600833455721
3837.2300000190735,0.03857421875,-0.00146484375,1.3251953125,3810.6108334461846
3837.2400000095367,0.0400390625,0.025390625,1.0595703125,3810.620833436648
3837.25,0.0400390625,0.025390625,1.0595703125,3810.630833427111
3837.2599999904633,0.00732421875,-0.00732421875,1.11083984375,3810.6408334175744
3837.2699999809274,0.00732421875,-0.00732421875,1.11083984375,3810.6508334080386
3837.2799999713898,0.07373046875,-0.0322265625,0.86328125,3810.660833398501
3837.289999961853,0.07373046875,-0.0322265625,0.86328125,3810.670833388964
3837.299999952316,0.0146484375,-0.0009765625,0.7763671875,3810.680833379427
3837.30999994278,0.0146484375,-0.0009765625,0.7763671875,3810.690833369891
3837.319999933243,0.01904296875,0.0087890625,0.8212890625,3810.700833360354
3837.329999923706,0.01904296875,0.0087890625,0.8212890625,3810.710833350817
3837.339999914169,0.0205078125,-0.01904296875,0.88330078125,3810.72083334128
3837.349999904633,0.0205078125,-0.01904296875,0.88330078125,3810.730833331744
3837.359999895096,0.0166015625,0.0380859375,0.732421875,3810.740833322207
3837.369999885559,0.0166015625,0.0380859375,0.732421875,3810.7508333126702
3837.3799998760223,0.0244140625,-0.0244140625,0.787109375,3810.7608333031335
3837.3899998664856,0.0244140625,-0.0244140625,0.787109375,3810.7708332935968
3837.400000095368,0.0166015625,0.02001953125,0.96337890625,3810.780833522479
3837.410000085831,0.0166015625,0.02001953125,0.96337890625,3810.7908335129423
3837.420000076294,0.03271484375,0.02490234375,0.81982421875,3810.800833503405
3837.430000066757,0.03271484375,0.02490234375,0.81982421875,3810.8108334938684
3837.440000057221,0.02978515625,-0.021484375,1.11572265625,3810.820833484332
3837.450000047684,0.02978515625,-0.021484375,1.11572265625,3810.8308334747953
3837.460000038147,0.08349609375,0.03173828125,1.0673828125,3810.840833465258
3837.47000002861,0.08349609375,0.03173828125,1.0673828125,3810.850833455721
3837.4800000190735,-0.01708984375,-0.033203125,1.142578125,3810.8608334461846
3837.4900000095367,-0.01708984375,-0.033203125,1.142578125,3810.870833436648
3837.5,0.052734375,0.00634765625,1.28564453125,3810.880833427111
3837.5099999904633,0.052734375,0.00634765625,1.28564453125,3810.8908334175744
3837.5199999809274,0.0498046875,-0.00048828125,1.27783203125,3810.9008334080386
3837.5299999713898,0.0498046875,-0.00048828125,1.27783203125,3810.910833398501
3837.539999961853,0.0107421875,0.0224609375,1.35302734375,3810.920833388964
3837.549999952316,0.0107421875,0.0224609375,1.35302734375,3810.930833379427
3837.555000066757,0.04248046875,-0.03369140625,1.212890625,3810.9358334938684
3837.55999994278,0.0283203125,0.02685546875,1.11328125,3810.940833369891
3837.579999923706,0.0283203125,0.02685546875,1.11328125,3810.960833350817
3837.589999914169,0.0283203125,0.02685546875,1.11328125,3810.97083334128
3837.599999904633,0.0537109375,0.0029296875,0.9609375,3810.980833331744
3837.609999895096,0.0537109375,0.0029296875,0.9609375,3810.990833322207
3837.619999885559,0.00244140625,-0.02294921875,0.86474609375,3811.0008333126702
3837.6299998760223,0.00244140625,-0.02294921875,0.86474609375,3811.0108333031335
3837.6399998664856,0.021484375,0.037109375,0.75439453125,3811.0208332935968
3837.650000095368,0.021484375,0.037109375,0.75439453125,3811.030833522479
3837.660000085831,0.0166015625,-0.04638671875,0.78125,3811.0408335129423
3837.670000076294,0.0166015625,-0.04638671875,0.78125,3811.050833503405
3837.680000066757,0.04345703125,0.01025390625,0.7109375,3811.0608334938684
3837.690000057221,0.04345703125,0.01025390625,0.7109375,3811.070833484332
3837.700000047684,0.005859375,0.0283203125,0.6083984375,3811.0808334747953
3837.710000038147,0.005859375,0.0283203125,0.6083984375,3811.090833465258
3837.72000002861,0.0439453125,-0.029296875,0.703125,3811.100833455721
3837.7300000190735,0.0439453125,-0.029296875,0.703125,3811.1108334461846
3837.7400000095367,0.052734375,0.0458984375,0.89111328125,3811.120833436648
3837.75,0.052734375,0.0458984375,0.89111328125,3811.130833427111
3837.7599999904633,0.0068359375,0.01904296875,1.11279296875,3811.1408334175744
3837.7699999809274,0.0068359375,0.01904296875,1.11279296875,3811.1508334080386
3837.7799999713898,0.04052734375,-0.00927734375,1.33642578125,3811.160833398501
3837.789999961853,0.04052734375,-0.00927734375,1.33642578125,3811.170833388964
3837.799999952316,0.02490234375,0.04052734375,1.3076171875,3811.180833379427
3837.80999994278,0.02490234375,0.04052734375,1.3076171875,3811.190833369891
3837.819999933243,0.044921875,0.03662109375,1.30419921875,3811.200833360354
3837.829999923706,0.044921875,0.03662109375,1.30419921875,3811.210833350817
3837.839999914169,0.04443359375,0.00390625,1.44873046875,3811.22083334128
3837.849999904633,0.04443359375,0.00390625,1.44873046875,3811.230833331744
3837.859999895096,0.03271484375,0.025390625,1.30078125,3811.240833322207
3837.869999885559,0.03271484375,0.025390625,1.30078125,3811.2508333126702
3837.8799998760223,-0.0048828125,0.033203125,1.2392578125,3811.2608333031335
3837.8899998664856,-0.0048828125,0.033203125,1.2392578125,3811.2708332935968
3837.900000095368,0.06103515625,0.03955078125,1.1044921875,3811.280833522479
3837.910000085831,0.06103515625,0.03955078125,1.1044921875,3811.2908335129423
3837.920000076294,0.041015625,0.04638671875,0.89111328125,3811.300833503405
3837.930000066757,0.041015625,0.04638671875,0.89111328125,3811.3108334938684
3837.940000057221,0.07373046875,0.0146484375,0.8916015625,3811.320833484332
3837.950000047684,0.07373046875,0.0146484375,0.8916015625,3811.3308334747953
3837.960000038147,0.0234375,0.01025390625,0.806640625,3811.340833465258
3837.97000002861,0.0234375,0.01025390625,0.806640625,3811.350833455721
3837.9800000190735,-0.00537109375,0.0390625,0.76318359375,3811.3608334461846
3837.9900000095367,-0.00537109375,0.0390625,0.76318359375,3811.370833436648
3838.0,0.0078125,-0.017578125,1.025390625,3811.380833427111
3838.0099999904633,0.0078125,-0.017578125,1.025390625,3811.3908334175744
3838.0199999809274,0.02734375,0.0625,1.02734375,3811.4008334080386
3838.0299999713898,0.02734375,0.0625,1.02734375,3811.410833398501
3838.039999961853,0.025390625,-0.02197265625,0.935546875,3811.420833388964
3838.049999952316,0.025390625,-0.02197265625,0.935546875,3811.430833379427
3838.05999994278,0.03564453125,0.078125,1.31201171875,3811.440833369891
3838.069999933243,0.03564453125,0.078125,1.31201171875,3811.450833360354
3838.079999923706,0.0107421875,0.02197265625,0.95166015625,3811.460833350817
3838.089999914169,0.0107421875,0.02197265625,0.95166015625,3811.47083334128
3838.099999904633,0.00244140625,-0.01953125,1.09375,3811.480833331744
3838.109999895096,0.00244140625,-0.01953125,1.09375,3811.490833322207
3838.119999885559,0.0625,0.0400390625,0.98681640625,3811.5008333126702
3838.1299998760223,0.0625,0.0400390625,0.98681640625,3811.5108333031335
3838.1399998664856,0.0126953125,0.01806640625,0.84765625,3811.5208332935968
3838.150000095368,0.0126953125,0.01806640625,0.84765625,3811.530833522479
3838.160000085831,0.05859375,0.04541015625,1.06787109375,3811.5408335129423
3838.170000076294,0.05859375,0.04541015625,1.06787109375,3811.550833503405
3838.180000066757,0.013671875,0.01611328125,0.92333984375,3811.5608334938684
3838.190000057221,0.013671875,0.01611328125,0.92333984375,3811.570833484332
3838.200000047684,0.0009765625,0.04248046875,0.8330078125,3811.5808334747953
3838.210000038147,0.0009765625,0.04248046875,0.8330078125,3811.590833465258
3838.22000002861,0.05908203125,0.00244140625,0.9248046875,3811.600833455721
3838.2300000190735,0.05908203125,0.00244140625,0.9248046875,3811.6108334461846
3838.2400000095367,0.04541015625,0.07080078125,0.9365234375,3811.620833436648
3838.25,0.04541015625,0.07080078125,0.9365234375,3811.630833427111
3838.2599999904633,0.03857421875,0.01611328125,0.97607421875,3811.6408334175744
3838.2699999809274,0.03857421875,0.01611328125,0.97607421875,3811.6508334080386
3838.2799999713898,0.03955078125,-0.029296875,1.28759765625,3811.660833398501
3838.289999961853,0.03955078125,-0.029296875,1.28759765625,3811.670833388964
3838.299999952316,0.01953125,0.0556640625,0.89453125,3811.680833379427
3838.30999994278,0.01953125,0.0556640625,0.89453125,3811.690833369891
3838.319999933243,0.0302734375,0.00048828125,1.09716796875,3811.700833360354
3838.329999923706,0.0302734375,0.00048828125,1.09716796875,3811.710833350817
3838.339999914169,0.07177734375,0.0107421875,1.17236328125,3811.72083334128
3838.349999904633,0.07177734375,0.0107421875,1.17236328125,3811.730833331744
3838.359999895096,0.0263671875,0.02099609375,0.96630859375,3811.740833322207
3838.369999885559,0.0263671875,0.02099609375,0.96630859375,3811.7508333126702
3838.3799998760223,0.0048828125,0.01953125,1.24169921875,3811.7608333031335
3838.3899998664856,0.0048828125,0.01953125,1.24169921875,3811.7708332935968
3838.400000095368,0.0478515625,0.0341796875,1.23583984375,3811.780833522479
3838.410000085831,0.0478515625,0.0341796875,1.23583984375,3811.7908335129423
3838.420000076294,0.03466796875,0.03125,0.9677734375,3811.800833503405
3838.430000066757,0.03466796875,0.03125,0.9677734375,3811.8108334938684
3838.440000057221,0.09814453125,0.05078125,1.3037109375,3811.820833484332
3838.450000047684,0.09814453125,0.05078125,1.3037109375,3811.8308334747953
3838.460000038147,0.04052734375,-0.0283203125,1.12060546875,3811.840833465258
3838.47000002861,0.04052734375,-0.0283203125,1.12060546875,3811.850833455721
3838.4800000190735,0.01123046875,0.05224609375,0.93310546875,3811.8608334461846
3838.4900000095367,0.01123046875,0.05224609375,0.93310546875,3811.870833436648
3838.5,0.013671875,0.021484375,1.12646484375,3811.880833427111
3838.5099999904633,0.013671875,0.021484375,1.12646484375,3811.8908334175744
3838.5199999809274,0.06689453125,0.005859375,0.958984375,3811.9008334080386
3838.5299999713898,0.06689453125,0.005859375,0.958984375,3811.910833398501
3838.539999961853,0.02490234375,0.05419921875,1.04296875,3811.920833388964
3838.549999952316,0.02490234375,0.05419921875,1.04296875,3811.930833379427
3838.555000066757,0.05712890625,-0.0048828125,0.8681640625,3811.9358334938684
3838.55999994278,0.02392578125,0.0166015625,0.91552734375,3811.940833369891
3838.579999923706,0.02392578125,0.0166015625,0.91552734375,3811.960833350817
3838.589999914169,0.02392578125,0.0166015625,0.91552734375,3811.97083334128
3838.599999904633,0.04345703125,0.02685546875,0.90673828125,3811.980833331744
3838.609999895096,0.02099609375,-0.02001953125,0.83447265625,3811.990833322207
3838.619999885559,0.02099609375,-0.02001953125,0.83447265625,3812.0008333126702
3838.6299998760223,0.0478515625,0.04833984375,0.7734375,3812.0108333031335
3838.6399998664856,0.0478515625,0.04833984375,0.7734375,3812.0208332935968
3838.650000095368,0.04736328125,-0.00439453125,0.841796875,3812.030833522479
3838.660000085831,0.04736328125,-0.00439453125,0.841796875,3812.0408335129423
3838.670000076294,0.0146484375,0.0146484375,1.04296875,3812.050833503405
3838.680000066757,0.0146484375,0.0146484375,1.04296875,3812.0608334938684
3838.690000057221,0.0341796875,0.0234375,1.0625,3812.070833484332
3838.700000047684,0.0341796875,0.0234375,1.0625,3812.0808334747953
3838.710000038147,0.0224609375,-0.0224609375,1.1552734375,3812.090833465258
3838.72000002861,0.0224609375,-0.0224609375,1.1552734375,3812.100833455721
3838.7300000190735,0.04638671875,0.04248046875,0.89111328125,3812.1108334461846
3838.7400000095367,0.04638671875,0.04248046875,0.89111328125,3812.120833436648
3838.75,0.0322265625,-0.01123046875,0.947265625,3812.130833427111
3838.7599999904633,0.0322265625,-0.01123046875,0.947265625,3812.1408334175744
3838.7699999809274,0.08740234375,0.02978515625,1.19921875,3812.1508334080386
3838.7799999713898,0.08740234375,0.02978515625,1.19921875,3812.160833398501
3838.789999961853,0.0166015625,-0.02197265625,0.88623046875,3812.170833388964
3838.799999952316,0.0166015625,-0.02197265625,0.88623046875,3812.180833379427
3838.80999994278,0.02734375,0.03466796875,0.970703125,3812.190833369891
3838.819999933243,0.02734375,0.03466796875,0.970703125,3812.200833360354
3838.829999923706,0.056640625,-0.07177734375,0.89013671875,3812.210833350817
3838.839999914169,0.056640625,-0.07177734375,0.89013671875,3812.22083334128
3838.849999904633,0.04833984375,-0.01806640625,0.9013671875,3812.230833331744
3838.859999895096,0.04833984375,-0.01806640625,0.9013671875,3812.240833322207
3838.869999885559,0.04150390625,-0.041015625,1.00048828125,3812.2508333126702
3838.8799998760223,0.04150390625,-0.041015625,1.00048828125,3812.2608333031335
3838.8899998664856,0.0439453125,-0.0166015625,1.2001953125,3812.2708332935968
3838.900000095368,0.0439453125,-0.0166015625,1.2001953125,3812.280833522479
3838.910000085831,0.046875,0.02490234375,1.05078125,3812.2908335129423
3838.920000076294,0.046875,0.02490234375,1.05078125,3812.300833503405
3838.930000066757,0.04345703125,-0.05224609375,1.310546875,3812.3108334938684
3838.940000057221,0.04345703125,-0.05224609375,1.310546875,3812.320833484332
3838.950000047684,0.0712890625,0.001953125,1.2138671875,3812.3308334747953
3838.960000038147,0.0712890625,0.001953125,1.2138671875,3812.340833465258
3838.97000002861,0.03369140625,-0.001953125,1.00439453125,3812.350833455721
3838.9800000190735,0.03369140625,-0.001953125,1.00439453125,3812.3608334461846
3838.9900000095367,0.0693359375,-0.05517578125,1.27783203125,3812.370833436648
3839.0,0.0693359375,-0.05517578125,1.27783203125,3812.380833427111
3839.0099999904633,0.03125,0.01025390625,1.08544921875,3812.3908334175744
3839.0199999809274,0.03125,0.01025390625,1.08544921875,3812.4008334080386
3839.0299999713898,-0.01220703125,-0.0126953125,0.8251953125,3812.410833398501
3839.039999961853,-0.01220703125,-0.0126953125,0.8251953125,3812.420833388964
3839.049999952316,0.04638671875,0.01611328125,0.91845703125,3812.430833379427
3839.05999994278,0.04638671875,0.01611328125,0.91845703125,3812.440833369891
3839.069999933243,0.04443359375,-0.0146484375,0.6748046875,3812.450833360354
3839.079999923706,0.04443359375,-0.0146484375,0.6748046875,3812.460833350817
3839.089999914169,0.03564453125,-0.00732421875,0.81982421875,3812.47083334128
3839.099999904633,0.03564453125,-0.00732421875,0.81982421875,3812.480833331744
3839.109999895096,0.03955078125,-0.005859375,0.8955078125,3812.490833322207
3839.119999885559,0.03955078125,-0.005859375,0.8955078125,3812.5008333126702
3839.1299998760223,0.0478515625,-0.0029296875,0.76318359375,3812.5108333031335
3839.1399998664856,0.0478515625,-0.0029296875,0.76318359375,3812.5208332935968
3839.150000095368,0.03271484375,0.02783203125,1.0498046875,3812.530833522479
3839.160000085831,0.03271484375,0.02783203125,1.0498046875,3812.5408335129423
3839.170000076294,0.03369140625,-0.0556640625,0.93505859375,3812.550833503405
3839.180000066757,0.03369140625,-0.0556640625,0.93505859375,3812.5608334938684
3839.190000057221,0.01123046875,0.0185546875,0.896484375,3812.570833484332
3839.200000047684,0.01123046875,0.0185546875,0.896484375,3812.5808334747953
3839.210000038147,0.0380859375,-0.0185546875,0.98388671875,3812.590833465258
3839.22000002861,0.0380859375,-0.0185546875,0.98388671875,3812.600833455721
3839.2300000190735,0.01611328125,-0.01611328125,0.92724609375,3812.6108334461846
3839.2400000095367,0.01611328125,-0.01611328125,0.92724609375,3812.620833436648
3839.25,0.0498046875,0.021484375,0.923828125,3812.630833427111
3839.2599999904633,0.0498046875,0.021484375,0.923828125,3812.6408334175744
3839.2699999809274,0.060546875,-0.06591796875,0.97314453125,3812.6508334080386
3839.2799999713898,0.060546875,-0.06591796875,0.97314453125,3812.660833398501
3839.289999961853,0.0595703125,-0.00244140625,0.9013671875,3812.670833388964
3839.299999952316,0.0595703125,-0.00244140625,0.9013671875,3812.680833379427
3839.30999994278,0.017578125,-0.025390625,0.884765625,3812.690833369891
3839.319999933243,0.017578125,-0.025390625,0.884765625,3812.700833360354
3839.329999923706,0.01708984375,-0.04345703125,0.94921875,3812.710833350817
3839.339999914169,0.01708984375,-0.04345703125,0.94921875,3812.72083334128
3839.349999904633,0.0712890625,-0.02880859375,0.87548828125,3812.730833331744
3839.359999895096,0.0712890625,-0.02880859375,0.87548828125,3812.740833322207
3839.369999885559,0.04931640625,-0.01123046875,0.9375,3812.7508333126702
3839.3799998760223,0.04931640625,-0.01123046875,0.9375,3812.7608333031335
3839.3899998664856,0.10009765625,-0.0224609375,1.283203125,3812.7708332935968
3839.400000095368,0.10009765625,-0.0224609375,1.283203125,3812.780833522479
3839.410000085831,0.01708984375,-0.0888671875,1.28515625,3812.7908335129423
3839.420000076294,0.01708984375,-0.0888671875,1.28515625,3812.800833503405
3839.430000066757,0.044921875,0.03173828125,1.41015625,3812.8108334938684
3839.440000057221,0.044921875,0.03173828125,1.41015625,3812.820833484332
3839.450000047684,0.00732421875,-0.05029296875,1.1669921875,3812.8308334747953
3839.460000038147,0.00732421875,-0.05029296875,1.1669921875,3812.840833465258
3839.47000002861,0.07470703125,-0.00439453125,1.185546875,3812.850833455721
3839.4800000190735,0.07470703125,-0.00439453125,1.185546875,3812.8608334461846
3839.4900000095367,0.04150390625,-0.05517578125,1.0546875,3812.870833436648
3839.5,0.04150390625,-0.05517578125,1.0546875,3812.880833427111
3839.5099999904633,0.02490234375,-0.01123046875,0.92431640625,3812.8908334175744
3839.5199999809274,0.02490234375,-0.01123046875,0.92431640625,3812.9008334080386
3839.5299999713898,0.017578125,0.0234375,0.80224609375,3812.910833398501
3839.539999961853,0.017578125,0.0234375,0.80224609375,3812.920833388964
3839.549999952316,0.02294921875,-0.0732421875,0.84765625,3812.930833379427
3839.555000066757,0.02294921875,-0.0732421875,0.84765625,3812.9358334938684
3839.55999994278,0.095703125,0.02392578125,0.79931640625,3812.940833369891
3839.579999923706,0.0595703125,-0.00439453125,0.9375,3812.960833350817
3839.59500002861,0.0595703125,-0.00439453125,0.9375,3812.975833455721
3839.6050000190735,0.0595703125,-0.00439453125,0.9375,3812.9858334461846
3839.6150000095367,0.07470703125,0.00390625,1.17041015625,3812.995833436648
3839.625,0.07470703125,0.00390625,1.17041015625,3813.005833427111
3839.6349999904633,0.0302734375,0.01416015625,1.08740234375,3813.0158334175744
3839.6449999809274,0.0302734375,0.01416015625,1.08740234375,3813.0258334080386
3839.6549999713898,0.01123046875,-0.00634765625,1.2265625,3813.035833398501
3839.664999961853,0.01123046875,-0.00634765625,1.2265625,3813.045833388964
3839.674999952316,0.02685546875,-0.025390625,1.12646484375,3813.055833379427
3839.68499994278,0.02685546875,-0.025390625,1.12646484375,3813.065833369891
3839.694999933243,0.0615234375,-0.00390625,0.84228515625,3813.075833360354
3839.704999923706,0.0615234375,-0.00390625,0.84228515625,3813.085833350817
3839.714999914169,0.076171875,-0.00634765625,1.16845703125,3813.09583334128
3839.724999904633,0.076171875,-0.00634765625,1.16845703125,3813.105833331744
3839.734999895096,0.0400390625,-0.0146484375,1.29296875,3813.115833322207
3839.744999885559,0.0400390625,-0.0146484375,1.29296875,3813.1258333126702
3839.7549998760223,0.01123046875,-0.009765625,1.05517578125,3813.1358333031335
3839.7649998664856,0.01123046875,-0.009765625,1.05517578125,3813.1458332935968
3839.775000095368,0.060546875,0.02587890625,1.24072265625,3813.155833522479
3839.785000085831,0.060546875,0.02587890625,1.24072265625,3813.1658335129423
3839.795000076294,0.0791015625,-0.00146484375,1.02392578125,3813.175833503405
3839.805000066757,0.0791015625,-0.00146484375,1.02392578125,3813.1858334938684
3839.815000057221,0.02392578125,0.0205078125,1.232421875,3813.195833484332
3839.825000047684,0.02392578125,0.0205078125,1.232421875,3813.2058334747953
3839.835000038147,0.056640625,-0.00439453125,1.26416015625,3813.215833465258
3839.84500002861,0.056640625,-0.00439453125,1.26416015625,3813.225833455721
3839.8550000190735,-0.0166015625,0.0107421875,1.140625,3813.2358334461846
3839.8650000095367,-0.0166015625,0.0107421875,1.140625,3813.245833436648
3839.875,0.0400390625,0.01123046875,1.0419921875,3813.255833427111
3839.8849999904633,0.0400390625,0.01123046875,1.0419921875,3813.2658334175744
3839.8949999809274,0.03173828125,-0.04248046875,1.13818359375,3813.2758334080386
3839.9049999713898,0.03173828125,-0.04248046875,1.13818359375,3813.285833398501
3839.914999961853,0.02490234375,0.033203125,0.8623046875,3813.295833388964
3839.924999952316,0.02490234375,0.033203125,0.8623046875,3813.305833379427
3839.93499994278,0.01416015625,-0.00927734375,0.86865234375,3813.315833369891
3839.944999933243,0.01416015625,-0.00927734375,0.86865234375,3813.325833360354
3839.954999923706,0.04052734375,-0.05859375,1.12744140625,3813.335833350817
3839.964999914169,0.04052734375,-0.05859375,1.12744140625,3813.34583334128
3839.974999904633,0.00830078125,0.02978515625,0.849609375,3813.355833331744
3839.984999895096,0.00830078125,0.02978515625,0.849609375,3813.365833322207
3839.994999885559,-0.0126953125,-0.01171875,0.6875,3813.3758333126702
3840.0049998760223,-0.0126953125,-0.01171875,0.6875,3813.3858333031335
3840.0149998664856,0.05517578125,-0.02880859375,0.65966796875,3813.3958332935968
3840.025000095368,0.05517578125,-0.02880859375,0.65966796875,3813.405833522479
3840.035000085831,0.00244140625,-0.0400390625,0.7138671875,3813.4158335129423
3840.045000076294,0.00244140625,-0.0400390625,0.7138671875,3813.425833503405
3840.055000066757,0.0185546875,-0.02197265625,0.8720703125,3813.4358334938684
3840.065000057221,0.0185546875,-0.02197265625,0.8720703125,3813.445833484332
3840.075000047684,0.03076171875,-0.01123046875,1.03466796875,3813.4558334747953
3840.085000038147,0.03076171875,-0.01123046875,1.03466796875,3813.465833465258
3840.09500002861,0.0654296875,0.0419921875,0.853515625,3813.475833455721
3840.1050000190735,0.0654296875,0.0419921875,0.853515625,3813.4858334461846
3840.1150000095367,0.06689453125,-0.0888671875,1.16162109375,3813.495833436648
3840.125,0.06689453125,-0.0888671875,1.16162109375,3813.505833427111
3840.1349999904633,0.05859375,0.00634765625,1.232421875,3813.5158334175744
3840.1449999809274,0.05859375,0.00634765625,1.232421875,3813.5258334080386
3840.1549999713898,-0.00927734375,-0.03857421875,0.935546875,3813.535833398501
3840.164999961853,-0.00927734375,-0.03857421875,0.935546875,3813.545833388964
3840.174999952316,0.03515625,-0.0205078125,1.201171875,3813.555833379427
3840.18499994278,0.03515625,-0.0205078125,1.201171875,3813.565833369891
3840.194999933243,0.0498046875,-0.01513671875,0.970703125,3813.575833360354
3840.204999923706,0.0498046875,-0.01513671875,0.970703125,3813.585833350817
3840.214999914169,0.03857421875,-0.01806640625,1.0390625,3813.59583334128
3840.224999904633,0.03857421875,-0.01806640625,1.0390625,3813.605833331744
3840.234999895096,0.06689453125,-0.00390625,1.015625,3813.615833322207
3840.244999885559,0.06689453125,-0.00390625,1.015625,3813.6258333126702
3840.2549998760223,0.0341796875,-0.0126953125,0.79150390625,3813.6358333031335
3840.2649998664856,0.03662109375,-0.0146484375,0.7890625,3813.6458332935968
3840.275000095368,0.03662109375,-0.0146484375,0.7890625,3813.655833522479
3840.285000085831,0.03076171875,-0.005859375,0.95654296875,3813.6658335129423
3840.295000076294,0.03076171875,-0.005859375,0.95654296875,3813.675833503405
3840.305000066757,0.02978515625,-0.0146484375,0.67041015625,3813.6858334938684
3840.315000057221,0.02978515625,-0.0146484375,0.67041015625,3813.695833484332
3840.325000047684,0.0576171875,-0.03955078125,1.10986328125,3813.7058334747953
3840.335000038147,0.0576171875,-0.03955078125,1.10986328125,3813.715833465258
3840.34500002861,0.0244140625,-0.02978515625,1.03564453125,3813.725833455721
3840.3550000190735,0.0244140625,-0.02978515625,1.03564453125,3813.7358334461846
3840.3650000095367,0.00244140625,-0.009765625,1.1298828125,3813.745833436648
3840.375,0.00244140625,-0.009765625,1.1298828125,3813.755833427111
3840.3849999904633,0.09423828125,-0.0703125,1.22119140625,3813.7658334175744
3840.3949999809274,0.09423828125,-0.0703125,1.22119140625,3813.7758334080386
3840.4049999713898,0.10791015625,-0.02734375,1.24560546875,3813.785833398501
3840.414999961853,0.10791015625,-0.02734375,1.24560546875,3813.795833388964
3840.424999952316,0.015625,-0.0185546875,1.1640625,3813.805833379427
3840.43499994278,0.015625,-0.0185546875,1.1640625,3813.815833369891
3840.444999933243,0.0166015625,-0.0283203125,1.28759765625,3813.825833360354
3840.454999923706,0.0166015625,-0.0283203125,1.28759765625,3813.835833350817
3840.464999914169,0.0322265625,-0.03125,1.08447265625,3813.84583334128
3840.474999904633,0.0322265625,-0.03125,1.08447265625,3813.855833331744
3840.484999895096,0.0361328125,-0.0205078125,1.10595703125,3813.865833322207
3840.494999885559,0.0361328125,-0.0205078125,1.10595703125,3813.8758333126702
3840.5049998760223,0.03564453125,-0.0439453125,1.02197265625,3813.8858333031335
3840.5149998664856,0.03564453125,-0.0439453125,1.02197265625,3813.8958332935968
3840.525000095368,0.0419921875,0.0244140625,0.81884765625,3813.905833522479
3840.535000085831,0.0419921875,0.0244140625,0.81884765625,3813.9158335129423
3840.545000076294,0.005859375,-0.05859375,0.89404296875,3813.925833503405
3840.555000066757,0.005859375,-0.05859375,0.89404296875,3813.9358334938684
3840.55999994278,0.05419921875,-0.00244140625,0.88623046875,3813.940833369891
3840.565000057221,0.05419921875,-0.00244140625,0.88623046875,3813.945833484332
3840.585000038147,-0.001953125,-0.041015625,0.73046875,3813.965833465258
3840.599999904633,-0.001953125,-0.041015625,0.73046875,3813.980833331744
3840.609999895096,0.04296875,0.02734375,0.76171875,3813.990833322207
3840.619999885559,0.04296875,0.02734375,0.76171875,3814.0008333126702
3840.6299998760223,0.03515625,-0.09521484375,0.67236328125,3814.0108333031335
3840.6399998664856,0.03515625,-0.09521484375,0.67236328125,3814.0208332935968
3840.650000095368,0.03369140625,0.02685546875,0.81103515625,3814.030833522479
3840.660000085831,0.03369140625,0.02685546875,0.81103515625,3814.0408335129423
3840.670000076294,0.0263671875,-0.07275390625,0.94873046875,3814.050833503405
3840.680000066757,0.0263671875,-0.07275390625,0.94873046875,3814.0608334938684
3840.690000057221,0.05517578125,-0.01904296875,1.25244140625,3814.070833484332
3840.700000047684,0.05517578125,-0.01904296875,1.25244140625,3814.0808334747953
3840.710000038147,0.0419921875,-0.01220703125,1.24560546875,3814.090833465258
3840.72000002861,0.0419921875,-0.01220703125,1.24560546875,3814.100833455721
3840.7300000190735,0.029296875,-0.0771484375,1.3154296875,3814.1108334461846
3840.7400000095367,0.029296875,-0.0771484375,1.3154296875,3814.120833436648
3840.75,0.06103515625,-0.0205078125,1.513671875,3814.130833427111
3840.7599999904633,0.06103515625,-0.0205078125,1.513671875,3814.1408334175744
3840.7699999809274,0.02001953125,-0.0634765625,1.392578125,3814.1508334080386
3840.7799999713898,0.02001953125,-0.0634765625,1.392578125,3814.160833398501
3840.789999961853,0.04248046875,-0.02978515625,1.21240234375,3814.170833388964
3840.799999952316,0.04248046875,-0.02978515625,1.21240234375,3814.180833379427
3840.80999994278,0.0283203125,-0.03955078125,1.0888671875,3814.190833369891
3840.819999933243,0.0283203125,-0.03955078125,1.0888671875,3814.200833360354
3840.829999923706,0.025390625,-0.015625,0.95263671875,3814.210833350817
3840.839999914169,0.025390625,-0.015625,0.95263671875,3814.22083334128
3840.849999904633,0.00537109375,-0.0244140625,0.73291015625,3814.230833331744
3840.859999895096,0.00537109375,-0.0244140625,0.73291015625,3814.240833322207
3840.869999885559,0.0029296875,-0.029296875,0.5673828125,3814.2508333126702
3840.8799998760223,0.0029296875,-0.029296875,0.5673828125,3814.2608333031335
3840.8899998664856,0.04833984375,-0.00146484375,0.6796875,3814.2708332935968
3840.900000095368,0.04833984375,-0.00146484375,0.6796875,3814.280833522479
3840.910000085831,0.04638671875,-0.03125,0.76318359375,3814.2908335129423
3840.920000076294,0.04638671875,-0.03125,0.76318359375,3814.300833503405
3840.930000066757,0.025390625,-0.0166015625,0.7265625,3814.3108334938684
3840.940000057221,0.025390625,-0.0166015625,0.7265625,3814.320833484332
3840.950000047684,-0.0146484375,-0.02587890625,0.90478515625,3814.3308334747953
3840.960000038147,-0.0146484375,-0.02587890625,0.90478515625,3814.340833465258
3840.97000002861,0.04638671875,-0.01171875,0.7021484375,3814.350833455721
3840.9800000190735,0.04638671875,-0.01171875,0.7021484375,3814.3608334461846
3840.9900000095367,0.06884765625,-0.01318359375,1.01953125,3814.370833436648
3841.0,0.06884765625,-0.01318359375,1.01953125,3814.380833427111
3841.0099999904633,0.05419921875,-0.11083984375,1.216796875,3814.3908334175744
3841.0199999809274,0.05419921875,-0.11083984375,1.216796875,3814.4008334080386
3841.0299999713898,0.005859375,-0.013671875,1.2294921875,3814.410833398501
3841.039999961853,0.005859375,-0.013671875,1.2294921875,3814.420833388964
3841.049999952316,-0.01611328125,-0.072265625,0.98779296875,3814.430833379427
3841.05999994278,-0.01611328125,-0.072265625,0.98779296875,3814.440833369891
3841.069999933243,0.10009765625,-0.05126953125,1.33056640625,3814.450833360354
3841.079999923706,0.10009765625,-0.05126953125,1.33056640625,3814.460833350817
3841.089999914169,0.0712890625,-0.04248046875,1.26953125,3814.47083334128
3841.099999904633,0.0712890625,-0.04248046875,1.26953125,3814.480833331744
3841.109999895096,0.05712890625,-0.04052734375,1.298828125,3814.490833322207
3841.119999885559,0.05712890625,-0.04052734375,1.298828125,3814.5008333126702
3841.1299998760223,0.0322265625,-0.01904296875,1.23095703125,3814.5108333031335
3841.1399998664856,0.0322265625,-0.01904296875,1.23095703125,3814.5208332935968
3841.150000095368,0.03466796875,-0.0068359375,1.09326171875,3814.530833522479
3841.160000085831,0.03466796875,-0.0068359375,1.09326171875,3814.5408335129423
3841.170000076294,0.021484375,-0.03076171875,1.17236328125,3814.550833503405
3841.180000066757,0.021484375,-0.03076171875,1.17236328125,3814.5608334938684
3841.190000057221,0.06640625,-0.0107421875,0.95654296875,3814.570833484332
3841.200000047684,0.06640625,-0.0107421875,0.95654296875,3814.5808334747953
3841.210000038147,0.0400390625,-0.00390625,0.83154296875,3814.590833465258
3841.22000002861,0.0400390625,-0.00390625,0.83154296875,3814.600833455721
3841.2300000190735,0.03857421875,0.00244140625,0.955078125,3814.6108334461846
3841.2400000095367,0.03857421875,0.00244140625,0.955078125,3814.620833436648
3841.25,0.0078125,-0.0576171875,0.83642578125,3814.630833427111
3841.2599999904633,0.0078125,-0.0576171875,0.83642578125,3814.6408334175744
3841.2699999809274,0.0478515625,0.05615234375,0.92529296875,3814.6508334080386
3841.2799999713898,0.0478515625,0.05615234375,0.92529296875,3814.660833398501
3841.289999961853,0.0302734375,-0.0546875,0.74951171875,3814.670833388964
3841.299999952316,0.0302734375,-0.0546875,0.74951171875,3814.680833379427
3841.30999994278,0.037109375,0.0048828125,0.8232421875,3814.690833369891
3841.319999933243,0.037109375,0.0048828125,0.8232421875,3814.700833360354
3841.329999923706,0.01806640625,-0.00341796875,0.81396484375,3814.710833350817
3841.339999914169,0.01806640625,-0.00341796875,0.81396484375,3814.72083334128
3841.349999904633,0.01416015625,-0.0302734375,0.99072265625,3814.730833331744
3841.359999895096,0.01416015625,-0.0302734375,0.99072265625,3814.740833322207
3841.369999885559,0.068359375,0.0263671875,0.8388671875,3814.7508333126702
3841.3799998760223,0.068359375,0.0263671875,0.8388671875,3814.7608333031335
3841.3899998664856,0.04296875,-0.0244140625,1.2958984375,3814.7708332935968
3841.400000095368,0.04296875,-0.0244140625,1.2958984375,3814.780833522479
3841.410000085831,0.0390625,-0.00537109375,1.30419921875,3814.7908335129423
3841.420000076294,0.0390625,-0.00537109375,1.30419921875,3814.800833503405
3841.430000066757,0.01513671875,-0.00732421875,1.39111328125,3814.8108334938684
3841.440000057221,0.01513671875,-0.00732421875,1.39111328125,3814.820833484332
3841.450000047684,0.03759765625,-0.00537109375,1.4619140625,3814.8308334747953
3841.460000038147,0.03759765625,-0.00537109375,1.4619140625,3814.840833465258
3841.47000002861,0.04150390625,0.00341796875,1.33447265625,3814.850833455721
3841.4800000190735,0.04150390625,0.00341796875,1.33447265625,3814.8608334461846
3841.4900000095367,0.0380859375,0.0107421875,1.0048828125,3814.870833436648
3841.5,0.0380859375,0.0107421875,1.0048828125,3814.880833427111
3841.5099999904633,0.046875,-0.029296875,1.0390625,3814.8908334175744
3841.5199999809274,0.046875,-0.029296875,1.0390625,3814.9008334080386
3841.5299999713898,0.0087890625,-0.00341796875,0.75390625,3814.910833398501
3841.539999961853,0.0087890625,-0.00341796875,0.75390625,3814.920833388964
3841.549999952316,0.01513671875,0.02197265625,0.6572265625,3814.930833379427
3841.55999994278,0.01513671875,0.02197265625,0.6572265625,3814.940833369891
3841.565000057221,0.0390625,-0.037109375,0.8349609375,3814.945833484332
3841.569999933243,0.09326171875,0.005859375,0.6298828125,3814.950833360354
3841.589999914169,0.09326171875,0.005859375,0.6298828125,3814.97083334128
3841.599999904633,0.09326171875,0.005859375,0.6298828125,3814.980833331744
3841.609999895096,0.0244140625,-0.001953125,0.7958984375,3814.990833322207
3841.619999885559,0.0244140625,-0.001953125,0.7958984375,3815.0008333126702
3841.6299998760223,0.0517578125,-0.009765625,0.998046875,3815.0108333031335
3841.6399998664856,0.0517578125,-0.009765625,0.998046875,3815.0208332935968
3841.650000095368,-0.0205078125,0.015625,0.86572265625,3815.030833522479
3841.660000085831,-0.0205078125,0.015625,0.86572265625,3815.0408335129423
3841.670000076294,0.01318359375,-0.0361328125,1.04443359375,3815.050833503405
3841.680000066757,0.01318359375,-0.0361328125,1.04443359375,3815.0608334938684
3841.690000057221,0.0751953125,-0.021484375,1.23388671875,3815.070833484332
3841.700000047684,0.0751953125,-0.021484375,1.23388671875,3815.0808334747953
3841.710000038147,0.033203125,0.01025390625,1.28271484375,3815.090833465258
3841.72000002861,0.033203125,0.01025390625,1.28271484375,3815.100833455721
3841.7300000190735,0.02978515625,-0.02392578125,1.359375,3815.1108334461846
3841.7400000095367,0.02978515625,-0.02392578125,1.359375,3815.120833436648
3841.75,0.02978515625,0.01904296875,1.32373046875,3815.130833427111
3841.7599999904633,0.02978515625,0.01904296875,1.32373046875,3815.1408334175744
3841.7699999809274,0.02490234375,-0.0126953125,1.080078125,3815.1508334080386
3841.7799999713898,0.02490234375,-0.0126953125,1.080078125,3815.160833398501
3841.789999961853,0.05908203125,-0.00439453125,1.26953125,3815.170833388964
3841.799999952316,0.05908203125,-0.00439453125,1.26953125,3815.180833379427
3841.80999994278,0.060546875,-0.04296875,0.9853515625,3815.190833369891
3841.819999933243,0.060546875,-0.04296875,0.9853515625,3815.200833360354
3841.829999923706,0.025390625,0.02685546875,1.0068359375,3815.210833350817
3841.839999914169,0.025390625,0.02685546875,1.0068359375,3815.22083334128
3841.849999904633,0.02099609375,0.0029296875,0.892578125,3815.230833331744
3841.859999895096,0.02099609375,0.0029296875,0.892578125,3815.240833322207
3841.869999885559,0.017578125,-0.033203125,0.75830078125,3815.2508333126702
3841.8799998760223,0.017578125,-0.033203125,0.75830078125,3815.2608333031335
3841.8899998664856,0.06201171875,0.013671875,0.87841796875,3815.2708332935968
3841.900000095368,0.06201171875,0.013671875,0.87841796875,3815.280833522479
3841.910000085831,0.04296875,-0.05517578125,0.97900390625,3815.2908335129423
3841.920000076294,0.04296875,-0.05517578125,0.97900390625,3815.300833503405
3841.930000066757,0.033203125,0.0,0.99072265625,3815.3108334938684
3841.940000057221,0.00927734375,-0.03662109375,1.07421875,3815.320833484332
3841.950000047684,0.00927734375,-0.03662109375,1.07421875,3815.3308334747953
3841.960000038147,0.0234375,-0.001953125,1.00927734375,3815.340833465258
3841.97000002861,0.0234375,-0.001953125,1.00927734375,3815.350833455721
3841.9800000190735,0.048828125,0.0078125,0.9951171875,3815.3608334461846
3841.9900000095367,0.048828125,0.0078125,0.9951171875,3815.370833436648
3842.0,0.046875,-0.0537109375,1.1064453125,3815.380833427111
3842.0099999904633,0.046875,-0.0537109375,1.1064453125,3815.3908334175744
3842.0199999809274,0.0546875,-0.00830078125,0.93701171875,3815.4008334080386
3842.0299999713898,0.0546875,-0.00830078125,0.93701171875,3815.410833398501
3842.039999961853,0.005859375,0.00390625,0.9384765625,3815.420833388964
3842.049999952316,0.005859375,0.00390625,0.9384765625,3815.430833379427
3842.05999994278,0.056640625,-0.025390625,0.982421875,3815.440833369891
3842.069999933243,0.056640625,-0.025390625,0.982421875,3815.450833360354
3842.079999923706,0.0224609375,-0.02001953125,0.958984375,3815.460833350817
3842.089999914169,0.0224609375,-0.02001953125,0.958984375,3815.47083334128
3842.099999904633,0.046875,0.0078125,0.9404296875,3815.480833331744
3842.109999895096,0.046875,0.0078125,0.9404296875,3815.490833322207
3842.119999885559,0.0478515625,-0.0478515625,1.08447265625,3815.5008333126702
3842.1299998760223,0.0478515625,-0.0478515625,1.08447265625,3815.5108333031335
3842.1399998664856,0.04296875,-0.0107421875,0.94970703125,3815.5208332935968
3842.150000095368,0.04296875,-0.0107421875,0.94970703125,3815.530833522479
3842.160000085831,0.02734375,-0.01025390625,1.0283203125,3815.5408335129423
3842.170000076294,0.02734375,-0.01025390625,1.0283203125,3815.550833503405
3842.180000066757,0.03271484375,-0.06298828125,1.03466796875,3815.5608334938684
3842.190000057221,0.03271484375,-0.06298828125,1.03466796875,3815.570833484332
3842.200000047684,0.0361328125,0.01904296875,0.7705078125,3815.5808334747953
3842.210000038147,0.0361328125,0.01904296875,0.7705078125,3815.590833465258
3842.22000002861,-0.005859375,-0.02490234375,0.8193359375,3815.600833455721
3842.2300000190735,-0.005859375,-0.02490234375,0.8193359375,3815.6108334461846
3842.2400000095367,0.037109375,-0.04736328125,0.9091796875,3815.620833436648
3842.25,0.037109375,-0.04736328125,0.9091796875,3815.630833427111
3842.2599999904633,0.033203125,0.02587890625,0.802734375,3815.6408334175744
3842.2699999809274,0.033203125,0.02587890625,0.802734375,3815.6508334080386
3842.2799999713898,0.0556640625,-0.03955078125,0.82568359375,3815.660833398501
3842.289999961853,0.0556640625,-0.03955078125,0.82568359375,3815.670833388964
3842.299999952316,0.0849609375,-0.03369140625,0.92626953125,3815.680833379427
3842.30999994278,0.0849609375,-0.03369140625,0.92626953125,3815.690833369891
3842.319999933243,0.0234375,-0.03857421875,0.8583984375,3815.700833360354
3842.329999923706,0.0234375,-0.03857421875,0.8583984375,3815.710833350817
3842.339999914169,0.03466796875,-0.00537109375,1.04150390625,3815.72083334128
3842.349999904633,0.03466796875,-0.00537109375,1.04150390625,3815.730833331744
3842.359999895096,0.06494140625,-0.04248046875,1.09375,3815.740833322207
3842.369999885559,0.06494140625,-0.04248046875,1.09375,3815.7508333126702
3842.3799998760223,0.078125,-0.03759765625,1.203125,3815.7608333031335
3842.3899998664856,0.078125,-0.03759765625,1.203125,3815.7708332935968
3842.400000095368,0.0673828125,-0.0390625,1.4189453125,3815.780833522479
3842.410000085831,0.0673828125,-0.0390625,1.4189453125,3815.7908335129423
3842.420000076294,0.06298828125,-0.0478515625,1.38330078125,3815.800833503405
3842.430000066757,0.06298828125,-0.0478515625,1.38330078125,3815.8108334938684
3842.440000057221,0.00830078125,-0.0322265625,1.24072265625,3815.820833484332
3842.450000047684,0.00830078125,-0.0322265625,1.24072265625,3815.8308334747953
3842.460000038147,0.04248046875,-0.04833984375,1.11572265625,3815.840833465258
3842.47000002861,0.04248046875,-0.04833984375,1.11572265625,3815.850833455721
3842.4800000190735,0.0166015625,-0.02587890625,1.02783203125,3815.8608334461846
3842.4900000095367,0.0166015625,-0.02587890625,1.02783203125,3815.870833436648
3842.5,0.04833984375,-0.01123046875,0.87939453125,3815.880833427111
3842.5099999904633,0.04833984375,-0.01123046875,0.87939453125,3815.8908334175744
3842.5199999809274,0.01123046875,-0.0703125,0.76025390625,3815.9008334080386
3842.5299999713898,0.01123046875,-0.0703125,0.76025390625,3815.910833398501
3842.539999961853,0.046875,0.02490234375,0.65869140625,3815.920833388964
3842.549999952316,0.046875,0.02490234375,0.65869140625,3815.930833379427
3842.55999994278,0.01806640625,-0.06201171875,0.67041015625,3815.940833369891
3842.565000057221,0.01806640625,-0.06201171875,0.67041015625,3815.945833484332
3842.569999933243,0.03466796875,-0.0185546875,0.64599609375,3815.950833360354
3842.589999914169,0.03466796875,-0.0185546875,0.64599609375,3815.97083334128
3842.599999904633,0.0078125,0.01513671875,0.5478515625,3815.980833331744
3842.609999895096,0.0078125,0.01513671875,0.5478515625,3815.990833322207
3842.619999885559,0.02197265625,-0.03369140625,0.7822265625,3816.0008333126702
3842.6299998760223,0.02197265625,-0.03369140625,0.7822265625,3816.0108333031335
3842.6399998664856,0.06201171875,-0.01171875,0.81494140625,3816.0208332935968
3842.650000095368,0.06201171875,-0.01171875,0.81494140625,3816.030833522479
3842.660000085831,0.02490234375,-0.0166015625,0.82275390625,3816.0408335129423
3842.670000076294,0.02490234375,-0.0166015625,0.82275390625,3816.050833503405
3842.680000066757,0.0810546875,-0.0341796875,1.03759765625,3816.0608334938684
3842.690000057221,0.0810546875,-0.0341796875,1.03759765625,3816.070833484332
3842.700000047684,0.05908203125,-0.02587890625,1.08642578125,3816.0808334747953
3842.710000038147,0.05908203125,-0.02587890625,1.08642578125,3816.090833465258
3842.72000002861,0.01806640625,-0.021484375,0.99609375,3816.100833455721
3842.7300000190735,0.01806640625,-0.021484375,0.99609375,3816.1108334461846
3842.7400000095367,0.05126953125,-0.09228515625,1.26416015625,3816.120833436648
3842.75,0.05126953125,-0.09228515625,1.26416015625,3816.130833427111
3842.7599999904633,0.10302734375,-0.013671875,1.09375,3816.1408334175744
3842.7699999809274,0.10302734375,-0.013671875,1.09375,3816.1508334080386
3842.7799999713898,0.06201171875,-0.05517578125,1.0908203125,3816.160833398501
3842.789999961853,0.06201171875,-0.05517578125,1.0908203125,3816.170833388964
3842.799999952316,0.09130859375,-0.0576171875,1.34375,3816.180833379427
3842.80999994278,0.09130859375,-0.0576171875,1.34375,3816.190833369891
3842.819999933243,0.0302734375,-0.00244140625,1.20703125,3816.200833360354
3842.829999923706,0.0302734375,-0.00244140625,1.20703125,3816.210833350817
3842.839999914169,0.001953125,-0.05712890625,1.04443359375,3816.22083334128
3842.849999904633,0.001953125,-0.05712890625,1.04443359375,3816.230833331744
3842.859999895096,0.05322265625,-0.0625,1.12890625,3816.240833322207
3842.869999885559,0.05322265625,-0.0625,1.12890625,3816.2508333126702
3842.8799998760223,0.0654296875,0.0107421875,1.03125,3816.2608333031335
3842.8899998664856,0.0654296875,0.0107421875,1.03125,3816.2708332935968
3842.900000095368,0.07763671875,-0.033203125,0.9951171875,3816.280833522479
3842.910000085831,0.07763671875,-0.033203125,0.9951171875,3816.2908335129423
3842.920000076294,0.06103515625,-0.029296875,1.169921875,3816.300833503405
3842.930000066757,0.06103515625,-0.029296875,1.169921875,3816.3108334938684
3842.940000057221,0.0234375,0.0283203125,0.90234375,3816.320833484332
3842.950000047684,0.0234375,0.0283203125,0.90234375,3816.3308334747953
3842.960000038147,0.00341796875,-0.00439453125,0.8134765625,3816.340833465258
3842.97000002861,0.00341796875,-0.00439453125,0.8134765625,3816.350833455721
3842.9800000190735,0.0947265625,0.03466796875,0.91455078125,3816.3608334461846
3842.9900000095367,0.0947265625,0.03466796875,0.91455078125,3816.370833436648
3843.0,0.046875,-0.02294921875,0.80126953125,3816.380833427111
3843.0099999904633,0.046875,-0.02294921875,0.80126953125,3816.3908334175744
3843.0199999809274,0.0458984375,0.01318359375,1.03759765625,3816.4008334080386
3843.0299999713898,0.0458984375,0.01318359375,1.03759765625,3816.410833398501
3843.039999961853,0.03955078125,0.0078125,0.9453125,3816.420833388964
3843.049999952316,0.03955078125,0.0078125,0.9453125,3816.430833379427
3843.05999994278,0.0146484375,-0.00341796875,1.0361328125,3816.440833369891
3843.069999933243,0.0146484375,-0.00341796875,1.0361328125,3816.450833360354
3843.079999923706,0.08203125,-0.001953125,1.01171875,3816.460833350817
3843.089999914169,0.08203125,-0.001953125,1.01171875,3816.47083334128
3843.099999904633,0.03369140625,0.0048828125,1.060546875,3816.480833331744
3843.109999895096,0.03369140625,0.0048828125,1.060546875,3816.490833322207
3843.119999885559,0.06298828125,0.01611328125,1.068359375,3816.5008333126702
3843.1299998760223,0.06298828125,0.01611328125,1.068359375,3816.5108333031335
3843.1399998664856,0.03955078125,-0.01123046875,1.10546875,3816.5208332935968
3843.150000095368,0.03955078125,-0.01123046875,1.10546875,3816.530833522479
3843.160000085831,0.033203125,0.0205078125,0.98095703125,3816.5408335129423
3843.170000076294,0.033203125,0.0205078125,0.98095703125,3816.550833503405
3843.180000066757,0.0478515625,-0.01708984375,1.03662109375,3816.5608334938684
3843.190000057221,0.0478515625,-0.01708984375,1.03662109375,3816.570833484332
3843.200000047684,0.072265625,0.01953125,0.8779296875,3816.5808334747953
3843.210000038147,0.072265625,0.01953125,0.8779296875,3816.590833465258
3843.22000002861,0.02734375,0.03125,0.8525390625,3816.600833455721
3843.2300000190735,0.02734375,0.03125,0.8525390625,3816.6108334461846
3843.2400000095367,0.02685546875,0.00927734375,0.9248046875,3816.620833436648
3843.25,0.02685546875,0.00927734375,0.9248046875,3816.630833427111
3843.2599999904633,0.0546875,0.03076171875,0.85888671875,3816.6408334175744
3843.2699999809274,0.0546875,0.03076171875,0.85888671875,3816.6508334080386
3843.2799999713898,0.03662109375,0.015625,0.79541015625,3816.660833398501
3843.289999961853,0.03662109375,0.015625,0.79541015625,3816.670833388964
3843.299999952316,0.0830078125,-0.009765625,1.10302734375,3816.680833379427
3843.30999994278,0.0830078125,-0.009765625,1.10302734375,3816.690833369891
3843.319999933243,0.02001953125,0.00732421875,1.12841796875,3816.700833360354
3843.329999923706,0.02001953125,0.00732421875,1.12841796875,3816.710833350817
3843.339999914169,0.02587890625,0.00390625,0.93798828125,3816.72083334128
3843.349999904633,0.02587890625,0.00390625,0.93798828125,3816.730833331744
3843.359999895096,0.060546875,-0.02783203125,1.27001953125,3816.740833322207
3843.369999885559,0.060546875,-0.02783203125,1.27001953125,3816.7508333126702
3843.3799998760223,0.0634765625,-0.00732421875,1.09521484375,3816.7608333031335
3843.3899998664856,0.0634765625,-0.00732421875,1.09521484375,3816.7708332935968
3843.400000095368,0.0283203125,-0.00341796875,1.26025390625,3816.780833522479
3843.410000085831,0.0283203125,-0.00341796875,1.26025390625,3816.7908335129423
3843.420000076294,0.04931640625,-0.0146484375,1.23095703125,3816.800833503405
3843.430000066757,0.04931640625,-0.0146484375,1.23095703125,3816.8108334938684
3843.440000057221,0.015625,-0.02001953125,1.12158203125,3816.820833484332
3843.450000047684,0.015625,-0.02001953125,1.12158203125,3816.8308334747953
3843.460000038147,0.01708984375,-0.0498046875,1.13916015625,3816.840833465258
3843.47000002861,0.01708984375,-0.0498046875,1.13916015625,3816.850833455721
3843.4800000190735,0.06005859375,-0.02197265625,0.99267578125,3816.8608334461846
3843.4900000095367,0.06005859375,-0.02197265625,0.99267578125,3816.870833436648
3843.5,0.03466796875,-0.03125,0.89306640625,3816.880833427111
3843.5099999904633,0.03466796875,-0.03125,0.89306640625,3816.8908334175744
3843.5199999809274,0.06787109375,-0.01416015625,0.92822265625,3816.9008334080386
3843.5299999713898,0.06787109375,-0.01416015625,0.92822265625,3816.910833398501
3843.539999961853,0.00830078125,-0.01953125,1.0048828125,3816.920833388964
3843.549999952316,0.00830078125,-0.01953125,1.0048828125,3816.930833379427
3843.55999994278,0.01806640625,0.0048828125,0.96728515625,3816.940833369891
3843.565000057221,0.01806640625,0.0048828125,0.96728515625,3816.945833484332
3843.569999933243,0.0185546875,-0.01513671875,1.06982421875,3816.950833360354
3843.585000038147,0.0185546875,-0.01513671875,1.06982421875,3816.965833465258
3843.599999904633,0.08056640625,-0.03076171875,0.9091796875,3816.980833331744
3843.609999895096,0.08056640625,-0.03076171875,0.9091796875,3816.990833322207
3843.619999885559,0.02001953125,-0.0224609375,1.04541015625,3817.0008333126702
3843.6299998760223,0.02001953125,-0.0224609375,1.04541015625,3817.0108333031335
3843.6399998664856,0.0068359375,-0.01953125,0.970703125,3817.0208332935968
3843.650000095368,0.0068359375,-0.01953125,0.970703125,3817.030833522479
3843.660000085831,0.0302734375,0.01513671875,0.85693359375,3817.0408335129423
3843.670000076294,0.0302734375,0.01513671875,0.85693359375,3817.050833503405
3843.680000066757,0.044921875,-0.041015625,1.15966796875,3817.0608334938684
3843.690000057221,0.044921875,-0.041015625,1.15966796875,3817.070833484332
3843.700000047684,0.0712890625,-0.03271484375,1.1533203125,3817.0808334747953
3843.710000038147,0.0712890625,-0.03271484375,1.1533203125,3817.090833465258
3843.72000002861,0.01953125,0.0078125,1.12841796875,3817.100833455721
3843.7300000190735,0.01953125,0.0078125,1.12841796875,3817.1108334461846
3843.7400000095367,0.03369140625,-0.05712890625,1.23681640625,3817.120833436648
3843.75,0.03369140625,-0.05712890625,1.23681640625,3817.130833427111
3843.7599999904633,0.0048828125,0.02001953125,0.9697265625,3817.1408334175744
3843.7699999809274,0.0048828125,0.02001953125,0.9697265625,3817.1508334080386
3843.7799999713898,0.03857421875,-0.03173828125,0.9580078125,3817.160833398501
3843.789999961853,0.03857421875,-0.03173828125,0.9580078125,3817.170833388964
3843.799999952316,0.0576171875,-0.04150390625,1.16064453125,3817.180833379427
3843.80999994278,0.0576171875,-0.04150390625,1.16064453125,3817.190833369891
3843.819999933243,0.04052734375,-0.03125,0.92626953125,3817.200833360354
3843.829999923706,0.04052734375,-0.03125,0.92626953125,3817.210833350817
3843.839999914169,-0.0009765625,-0.0146484375,0.8701171875,3817.22083334128
3843.849999904633,-0.0009765625,-0.0146484375,0.8701171875,3817.230833331744
3843.859999895096,0.0283203125,-0.04541015625,1.00439453125,3817.240833322207
3843.869999885559,0.0283203125,-0.04541015625,1.00439453125,3817.2508333126702
3843.8799998760223,0.06005859375,-0.009765625,0.81494140625,3817.2608333031335
3843.8899998664856,0.06005859375,-0.009765625,0.81494140625,3817.2708332935968
3843.900000095368,0.00927734375,-0.01513671875,0.9443359375,3817.280833522479
3843.910000085831,0.00927734375,-0.01513671875,0.9443359375,3817.2908335129423
3843.920000076294,0.064453125,-0.02490234375,0.96533203125,3817.300833503405
3843.930000066757,0.064453125,-0.02490234375,0.96533203125,3817.3108334938684
3843.940000057221,0.00537109375,-0.029296875,1.0673828125,3817.320833484332
3843.950000047684,0.00537109375,-0.029296875,1.0673828125,3817.3308334747953
3843.960000038147,0.02392578125,0.00048828125,1.150390625,3817.340833465258
3843.97000002861,0.02392578125,0.00048828125,1.150390625,3817.350833455721
3843.9800000190735,0.0029296875,-0.08056640625,1.12744140625,3817.3608334461846
3843.9900000095367,0.0029296875,-0.08056640625,1.12744140625,3817.370833436648
3844.0,0.0595703125,0.0234375,0.912109375,3817.380833427111
3844.0099999904633,0.0595703125,0.0234375,0.912109375,3817.3908334175744
3844.0199999809274,0.01953125,-0.05712890625,1.17822265625,3817.4008334080386
3844.0299999713898,0.01953125,-0.05712890625,1.17822265625,3817.410833398501
3844.039999961853,0.02978515625,-0.0712890625,1.11669921875,3817.420833388964
3844.049999952316,0.02978515625,-0.0712890625,1.11669921875,3817.430833379427
3844.05999994278,0.01025390625,-0.00634765625,1.23779296875,3817.440833369891
3844.069999933243,0.01025390625,-0.00634765625,1.23779296875,3817.450833360354
3844.079999923706,0.013671875,-0.05908203125,1.1328125,3817.460833350817
3844.089999914169,0.013671875,-0.05908203125,1.1328125,3817.47083334128
3844.099999904633,0.03466796875,-0.01904296875,1.107421875,3817.480833331744
3844.109999895096,0.03466796875,-0.01904296875,1.107421875,3817.490833322207
3844.119999885559,0.009765625,-0.03369140625,1.0126953125,3817.5008333126702
3844.1299998760223,0.009765625,-0.03369140625,1.0126953125,3817.5108333031335
3844.1399998664856,0.03564453125,-0.03076171875,1.17578125,3817.5208332935968
3844.150000095368,0.03564453125,-0.03076171875,1.17578125,3817.530833522479
3844.160000085831,-0.001953125,-0.00927734375,1.12744140625,3817.5408335129423
3844.170000076294,-0.001953125,-0.00927734375,1.12744140625,3817.550833503405
3844.180000066757,-0.00390625,-0.0419921875,1.00341796875,3817.5608334938684
3844.190000057221,-0.00390625,-0.0419921875,1.00341796875,3817.570833484332
3844.200000047684,0.00830078125,0.00732421875,1.07666015625,3817.5808334747953
3844.210000038147,0.00830078125,0.00732421875,1.07666015625,3817.590833465258
3844.22000002861,0.02294921875,-0.015625,0.77880859375,3817.600833455721
3844.2300000190735,0.02294921875,-0.015625,0.77880859375,3817.6108334461846
3844.2400000095367,0.021484375,-0.04150390625,0.92236328125,3817.620833436648
3844.25,0.021484375,-0.04150390625,0.92236328125,3817.630833427111
3844.2599999904633,0.05126953125,-0.00927734375,0.90478515625,3817.6408334175744
3844.2699999809274,0.05126953125,-0.00927734375,0.90478515625,3817.6508334080386
3844.2799999713898,0.001953125,-0.02685546875,0.765625,3817.660833398501
3844.289999961853,0.001953125,-0.02685546875,0.765625,3817.670833388964
3844.299999952316,0.03564453125,-0.03173828125,0.99658203125,3817.680833379427
3844.30999994278,0.03564453125,-0.03173828125,0.99658203125,3817.690833369891
3844.319999933243,0.02392578125,-0.044921875,0.84521484375,3817.700833360354
3844.329999923706,0.02392578125,-0.044921875,0.84521484375,3817.710833350817
3844.339999914169,0.0126953125,0.01123046875,0.875,3817.72083334128
3844.349999904633,0.0126953125,0.01123046875,0.875,3817.730833331744
3844.359999895096,0.041015625,-0.0947265625,1.2958984375,3817.740833322207
3844.369999885559,0.041015625,-0.0947265625,1.2958984375,3817.7508333126702
3844.3799998760223,0.0009765625,0.00634765625,1.11328125,3817.7608333031335
3844.3899998664856,0.0009765625,0.00634765625,1.11328125,3817.7708332935968
3844.400000095368,0.0009765625,-0.0361328125,1.111328125,3817.780833522479
3844.410000085831,0.0009765625,-0.0361328125,1.111328125,3817.7908335129423
3844.420000076294,0.0400390625,-0.060546875,1.25830078125,3817.800833503405
3844.430000066757,0.0400390625,-0.060546875,1.25830078125,3817.8108334938684
3844.440000057221,0.0439453125,-0.025390625,1.0126953125,3817.820833484332
3844.450000047684,0.0439453125,-0.025390625,1.0126953125,3817.8308334747953
3844.460000038147,-0.00830078125,-0.0498046875,0.98486328125,3817.840833465258
3844.47000002861,-0.00830078125,-0.0498046875,0.98486328125,3817.850833455721
3844.4800000190735,0.06103515625,-0.0205078125,1.1318359375,3817.8608334461846
3844.4900000095367,0.06103515625,-0.0205078125,1.1318359375,3817.870833436648
3844.5,0.001953125,-0.029296875,0.865234375,3817.880833427111
3844.5099999904633,0.001953125,-0.029296875,0.865234375,3817.8908334175744
3844.5199999809274,0.02734375,-0.01025390625,0.92529296875,3817.9008334080386
3844.5299999713898,0.02734375,-0.01025390625,0.92529296875,3817.910833398501
3844.539999961853,0.056640625,-0.03369140625,0.82470703125,3817.920833388964
3844.549999952316,0.056640625,-0.03369140625,0.82470703125,3817.930833379427
3844.55999994278,0.01708984375,0.02099609375,0.82275390625,3817.940833369891
3844.565000057221,0.0439453125,-0.03515625,0.96728515625,3817.945833484332
3844.569999933243,0.0263671875,-0.06640625,1.07080078125,3817.950833360354
3844.589999914169,0.0263671875,-0.06640625,1.07080078125,3817.97083334128
3844.6050000190735,0.0263671875,-0.06640625,1.07080078125,3817.9858334461846
3844.6150000095367,0.0244140625,0.0087890625,0.94287109375,3817.995833436648
3844.625,0.0244140625,0.0087890625,0.94287109375,3818.005833427111
3844.6349999904633,0.017578125,-0.068359375,1.13134765625,3818.0158334175744
3844.6449999809274,0.017578125,-0.068359375,1.13134765625,3818.0258334080386
3844.6549999713898,0.05810546875,-0.01904296875,1.1259765625,3818.035833398501
3844.664999961853,0.05810546875,-0.01904296875,1.1259765625,3818.045833388964
3844.674999952316,0.00830078125,-0.0244140625,1.19580078125,3818.055833379427
3844.68499994278,0.00830078125,-0.0244140625,1.19580078125,3818.065833369891
3844.694999933243,0.0400390625,0.0068359375,1.33544921875,3818.075833360354
3844.704999923706,0.0400390625,0.0068359375,1.33544921875,3818.085833350817
3844.714999914169,0.02587890625,-0.01318359375,1.2314453125,3818.09583334128
3844.724999904633,0.02587890625,-0.01318359375,1.2314453125,3818.105833331744
3844.734999895096,0.03369140625,-0.00146484375,1.26416015625,3818.115833322207
3844.744999885559,0.03369140625,-0.00146484375,1.26416015625,3818.1258333126702
3844.7549998760223,0.0419921875,-0.00732421875,1.14794921875,3818.1358333031335
3844.7649998664856,0.0419921875,-0.00732421875,1.14794921875,3818.1458332935968
3844.775000095368,0.025390625,0.00634765625,1.04931640625,3818.155833522479
3844.785000085831,0.025390625,0.00634765625,1.04931640625,3818.1658335129423
3844.795000076294,0.0322265625,-0.0107421875,1.00537109375,3818.175833503405
3844.805000066757,0.0322265625,-0.0107421875,1.00537109375,3818.1858334938684
3844.815000057221,0.0048828125,-0.00634765625,0.94921875,3818.195833484332
3844.825000047684,0.0048828125,-0.00634765625,0.94921875,3818.2058334747953
3844.835000038147,0.0263671875,-0.005859375,0.712890625,3818.215833465258
3844.84500002861,0.0263671875,-0.005859375,0.712890625,3818.225833455721
3844.8550000190735,0.03759765625,-0.017578125,0.970703125,3818.2358334461846
3844.8650000095367,0.03759765625,-0.017578125,0.970703125,3818.245833436648
3844.875,0.05078125,-0.00146484375,0.82666015625,3818.255833427111
3844.8849999904633,0.05078125,-0.00146484375,0.82666015625,3818.2658334175744
3844.8949999809274,0.00830078125,0.0087890625,0.828125,3818.2758334080386
3844.9049999713898,0.00830078125,0.0087890625,0.828125,3818.285833398501
3844.914999961853,0.04296875,-0.02294921875,1.08935546875,3818.295833388964
3844.924999952316,0.04296875,-0.02294921875,1.08935546875,3818.305833379427
3844.93499994278,0.0361328125,0.01513671875,1.103515625,3818.315833369891
3844.944999933243,0.0361328125,0.01513671875,1.103515625,3818.325833360354
3844.954999923706,0.01611328125,-0.00146484375,1.04296875,3818.335833350817
3844.964999914169,0.01611328125,-0.00146484375,1.04296875,3818.34583334128
3844.974999904633,0.06884765625,-0.013671875,1.3779296875,3818.355833331744
3844.984999895096,0.06884765625,-0.013671875,1.3779296875,3818.365833322207
3844.994999885559,0.02392578125,0.02099609375,1.2060546875,3818.3758333126702
3845.0049998760223,0.02392578125,0.02099609375,1.2060546875,3818.3858333031335
3845.0149998664856,0.0263671875,-0.00537109375,1.25341796875,3818.3958332935968
3845.025000095368,0.0263671875,-0.00537109375,1.25341796875,3818.405833522479
3845.035000085831,0.0166015625,-0.037109375,1.25341796875,3818.4158335129423
3845.045000076294,0.0166015625,-0.037109375,1.25341796875,3818.425833503405
3845.055000066757,0.04541015625,0.03662109375,0.9921875,3818.4358334938684
3845.065000057221,0.04541015625,0.03662109375,0.9921875,3818.445833484332
3845.075000047684,0.01953125,0.00048828125,1.078125,3818.4558334747953
3845.085000038147,0.01953125,0.00048828125,1.078125,3818.465833465258
3845.09500002861,0.046875,-0.0185546875,1.05810546875,3818.475833455721
3845.1050000190735,0.046875,-0.0185546875,1.05810546875,3818.4858334461846
3845.1150000095367,-0.01025390625,-0.03173828125,0.8740234375,3818.495833436648
3845.125,-0.01025390625,-0.03173828125,0.8740234375,3818.505833427111
3845.1349999904633,0.02734375,0.0595703125,0.97265625,3818.5158334175744
3845.1449999809274,0.02734375,0.0595703125,0.97265625,3818.5258334080386
3845.1549999713898,0.04248046875,-0.0693359375,0.85693359375,3818.535833398501
3845.164999961853,0.04248046875,-0.0693359375,0.85693359375,3818.545833388964
3845.174999952316,0.07568359375,0.02392578125,0.984375,3818.555833379427
3845.18499994278,0.07568359375,0.02392578125,0.984375,3818.565833369891
3845.194999933243,0.033203125,-0.01708984375,0.96728515625,3818.575833360354
3845.204999923706,0.033203125,-0.01708984375,0.96728515625,3818.585833350817
3845.214999914169,0.00634765625,0.01806640625,0.9462890625,3818.59583334128
3845.224999904633,0.00634765625,0.01806640625,0.9462890625,3818.605833331744
3845.234999895096,0.03125,-0.015625,0.94580078125,3818.615833322207
3845.244999885559,0.03125,-0.015625,0.94580078125,3818.6258333126702
3845.2549998760223,0.01318359375,-0.017578125,0.9833984375,3818.6358333031335
3845.2649998664856,0.01318359375,-0.017578125,0.9833984375,3818.6458332935968
3845.275000095368,0.04150390625,0.01416015625,0.80859375,3818.655833522479
3845.285000085831,0.04150390625,0.01416015625,0.80859375,3818.6658335129423
3845.295000076294,0.02392578125,-0.02099609375,0.9580078125,3818.675833503405
3845.305000066757,0.02392578125,-0.02099609375,0.9580078125,3818.6858334938684
3845.315000057221,0.05615234375,0.02294921875,0.92529296875,3818.695833484332
3845.325000047684,0.05615234375,0.02294921875,0.92529296875,3818.7058334747953
3845.335000038147,0.0224609375,-0.02001953125,1.0654296875,3818.715833465258
3845.34500002861,0.0224609375,-0.02001953125,1.0654296875,3818.725833455721
3845.3550000190735,0.0576171875,0.01513671875,1.07177734375,3818.7358334461846
3845.3650000095367,0.0576171875,0.01513671875,1.07177734375,3818.745833436648
3845.375,0.0556640625,0.0087890625,0.953125,3818.755833427111
3845.3849999904633,0.0556640625,0.0087890625,0.953125,3818.7658334175744
3845.3949999809274,0.048828125,0.01513671875,1.1083984375,3818.7758334080386
3845.4049999713898,0.048828125,0.01513671875,1.1083984375,3818.785833398501
3845.414999961853,0.02392578125,-0.01904296875,1.078125,3818.795833388964
3845.424999952316,0.02392578125,-0.01904296875,1.078125,3818.805833379427
3845.43499994278,0.01513671875,0.04052734375,0.8818359375,3818.815833369891
3845.444999933243,0.01513671875,0.04052734375,0.8818359375,3818.825833360354
3845.454999923706,0.0400390625,-0.00244140625,0.8623046875,3818.835833350817
3845.464999914169,0.0400390625,-0.00244140625,0.8623046875,3818.84583334128
3845.474999904633,0.06787109375,-0.04296875,0.951171875,3818.855833331744
3845.484999895096,0.06787109375,-0.04296875,0.951171875,3818.865833322207
3845.494999885559,0.03857421875,0.0478515625,0.7314453125,3818.8758333126702
3845.5049998760223,0.03857421875,0.0478515625,0.7314453125,3818.8858333031335
3845.5149998664856,0.02294921875,0.0224609375,0.7880859375,3818.8958332935968
3845.525000095368,0.02294921875,0.0224609375,0.7880859375,3818.905833522479
3845.535000085831,0.0703125,-0.03662109375,0.87158203125,3818.9158335129423
3845.545000076294,0.0703125,-0.03662109375,0.87158203125,3818.925833503405
3845.555000066757,0.03955078125,0.015625,0.84375,3818.9358334938684
3845.565000057221,0.03955078125,0.015625,0.84375,3818.945833484332
3845.569999933243,0.03173828125,0.02294921875,1.01123046875,3818.950833360354
3845.575000047684,0.056640625,-0.03271484375,0.9375,3818.9558334747953
3845.59500002861,0.056640625,-0.03271484375,0.9375,3818.975833455721
3845.6050000190735,0.056640625,-0.03271484375,0.9375,3818.9858334461846
3845.6150000095367,0.06201171875,0.03857421875,1.02880859375,3818.995833436648
3845.625,0.06201171875,0.03857421875,1.02880859375,3819.005833427111
3845.6349999904633,0.0703125,-0.01611328125,1.06201171875,3819.0158334175744
3845.6449999809274,0.0703125,-0.01611328125,1.06201171875,3819.0258334080386
3845.6549999713898,0.06640625,-0.0126953125,1.27197265625,3819.035833398501
3845.664999961853,0.06640625,-0.0126953125,1.27197265625,3819.045833388964
3845.674999952316,0.037109375,0.02978515625,0.98095703125,3819.055833379427
3845.68499994278,0.037109375,0.02978515625,0.98095703125,3819.065833369891
3845.694999933243,0.0302734375,0.00341796875,0.93701171875,3819.075833360354
3845.704999923706,0.0302734375,0.00341796875,0.93701171875,3819.085833350817
3845.714999914169,0.08251953125,0.009765625,1.04931640625,3819.09583334128
3845.724999904633,0.08251953125,0.009765625,1.04931640625,3819.105833331744
3845.734999895096,0.041015625,0.02197265625,1.01904296875,3819.115833322207
3845.744999885559,0.041015625,0.02197265625,1.01904296875,3819.1258333126702
3845.7549998760223,0.0595703125,0.02197265625,0.900390625,3819.1358333031335
3845.7649998664856,0.0595703125,0.02197265625,0.900390625,3819.1458332935968
3845.775000095368,0.07177734375,0.00048828125,1.05029296875,3819.155833522479
3845.785000085831,0.07177734375,0.00048828125,1.05029296875,3819.1658335129423
3845.795000076294,0.04833984375,0.001953125,1.0244140625,3819.175833503405
3845.805000066757,0.04833984375,0.001953125,1.0244140625,3819.1858334938684
3845.815000057221,0.05615234375,-0.001953125,1.0576171875,3819.195833484332
3845.825000047684,0.05615234375,-0.001953125,1.0576171875,3819.2058334747953
3845.835000038147,0.07275390625,0.0068359375,1.02978515625,3819.215833465258
3845.84500002861,0.07275390625,0.0068359375,1.02978515625,3819.225833455721
3845.8550000190735,0.056640625,0.0361328125,1.01513671875,3819.2358334461846
3845.8650000095367,0.056640625,0.0361328125,1.01513671875,3819.245833436648
3845.875,0.009765625,-0.0068359375,0.93505859375,3819.255833427111
3845.8849999904633,0.009765625,-0.0068359375,0.93505859375,3819.2658334175744
3845.8949999809274,0.060546875,0.03369140625,0.98681640625,3819.2758334080386
3845.9049999713898,0.060546875,0.03369140625,0.98681640625,3819.285833398501
3845.914999961853,0.0302734375,-0.03515625,0.93896484375,3819.295833388964
3845.924999952316,0.0302734375,-0.03515625,0.93896484375,3819.305833379427
3845.93499994278,0.06982421875,0.03466796875,0.9365234375,3819.315833369891
3845.944999933243,0.06982421875,0.03466796875,0.9365234375,3819.325833360354
3845.954999923706,0.02587890625,-0.0205078125,0.82177734375,3819.335833350817
3845.964999914169,0.02587890625,-0.0205078125,0.82177734375,3819.34583334128
3845.974999904633,0.07861328125,-0.001953125,1.06494140625,3819.355833331744
3845.984999895096,0.07861328125,-0.001953125,1.06494140625,3819.365833322207
3845.994999885559,0.05078125,-0.0322265625,0.97509765625,3819.3758333126702
3846.0049998760223,0.05078125,-0.0322265625,0.97509765625,3819.3858333031335
3846.0149998664856,0.03662109375,0.01416015625,0.91455078125,3819.3958332935968
3846.025000095368,0.03662109375,0.01416015625,0.91455078125,3819.405833522479
3846.035000085831,0.04833984375,-0.02734375,0.974609375,3819.4158335129423
3846.045000076294,0.04833984375,-0.02734375,0.974609375,3819.425833503405
3846.055000066757,0.064453125,0.009765625,1.02099609375,3819.4358334938684
3846.065000057221,0.064453125,0.009765625,1.02099609375,3819.445833484332
3846.075000047684,0.021484375,-0.0107421875,0.87109375,3819.4558334747953
3846.085000038147,0.021484375,-0.0107421875,0.87109375,3819.465833465258
3846.09500002861,0.07666015625,-0.033203125,1.19970703125,3819.475833455721
3846.1050000190735,0.07666015625,-0.033203125,1.19970703125,3819.4858334461846
3846.1150000095367,0.08349609375,-0.00390625,0.94970703125,3819.495833436648
3846.125,0.08349609375,-0.00390625,0.94970703125,3819.505833427111
3846.1349999904633,0.041015625,-0.01123046875,1.12060546875,3819.5158334175744
3846.1449999809274,0.041015625,-0.01123046875,1.12060546875,3819.5258334080386
3846.1549999713898,0.07275390625,-0.04296875,1.1181640625,3819.535833398501
3846.164999961853,0.07275390625,-0.04296875,1.1181640625,3819.545833388964
3846.174999952316,0.04248046875,-0.01806640625,1.1650390625,3819.555833379427
3846.18499994278,0.04248046875,-0.01806640625,1.1650390625,3819.565833369891
3846.194999933243,0.04345703125,-0.03759765625,1.15576171875,3819.575833360354
3846.204999923706,0.04345703125,-0.03759765625,1.15576171875,3819.585833350817
3846.214999914169,0.041015625,-0.04345703125,1.31591796875,3819.59583334128
3846.224999904633,0.041015625,-0.04345703125,1.31591796875,3819.605833331744
3846.234999895096,0.07080078125,0.02490234375,1.1357421875,3819.615833322207
3846.244999885559,0.07080078125,0.02490234375,1.1357421875,3819.6258333126702
3846.2549998760223,0.0458984375,-0.06103515625,1.1337890625,3819.6358333031335
3846.2649998664856,0.0458984375,-0.06103515625,1.1337890625,3819.6458332935968
3846.275000095368,0.07421875,-0.013671875,1.20849609375,3819.655833522479
3846.285000085831,0.07421875,-0.013671875,1.20849609375,3819.6658335129423
3846.295000076294,0.0166015625,-0.0361328125,0.88818359375,3819.675833503405
3846.305000066757,0.0166015625,-0.0361328125,0.88818359375,3819.6858334938684
3846.315000057221,0.02978515625,-0.0009765625,0.873046875,3819.695833484332
3846.325000047684,0.02978515625,-0.0009765625,0.873046875,3819.7058334747953
3846.335000038147,0.06201171875,0.00390625,0.8505859375,3819.715833465258
3846.34500002861,0.06201171875,0.00390625,0.8505859375,3819.725833455721
3846.3550000190735,0.00634765625,-0.015625,0.88818359375,3819.7358334461846
3846.3650000095367,0.00634765625,-0.015625,0.88818359375,3819.745833436648
3846.375,0.0458984375,-0.001953125,0.875,3819.755833427111
3846.3849999904633,0.0458984375,-0.001953125,0.875,3819.7658334175744
3846.3949999809274,0.03759765625,-0.04150390625,0.82861328125,3819.7758334080386
3846.4049999713898,0.03759765625,-0.04150390625,0.82861328125,3819.785833398501
3846.414999961853,0.04296875,0.005859375,0.93603515625,3819.795833388964
3846.424999952316,0.04296875,0.005859375,0.93603515625,3819.805833379427
3846.43499994278,0.02587890625,-0.0361328125,0.91650390625,3819.815833369891
3846.444999933243,0.02587890625,-0.0361328125,0.91650390625,3819.825833360354
3846.454999923706,0.076171875,0.01708984375,0.9951171875,3819.835833350817
3846.464999914169,0.076171875,0.01708984375,0.9951171875,3819.84583334128
3846.474999904633,0.0517578125,-0.03515625,1.08935546875,3819.855833331744
3846.484999895096,0.0517578125,-0.03515625,1.08935546875,3819.865833322207
3846.494999885559,0.03759765625,-0.0087890625,1.125,3819.8758333126702
3846.5049998760223,0.03759765625,-0.0087890625,1.125,3819.8858333031335
3846.5149998664856,0.03173828125,0.00927734375,1.02197265625,3819.8958332935968
3846.525000095368,0.03173828125,0.00927734375,1.02197265625,3819.905833522479
3846.535000085831,0.04638671875,-0.04638671875,1.169921875,3819.9158335129423
3846.545000076294,0.04638671875,-0.04638671875,1.169921875,3819.925833503405
3846.555000066757,0.0791015625,0.00634765625,1.03759765625,3819.9358334938684
3846.565000057221,0.0791015625,0.00634765625,1.03759765625,3819.945833484332
3846.569999933243,0.0322265625,0.00244140625,1.3056640625,3819.950833360354
3846.575000047684,0.0556640625,-0.05126953125,1.16552734375,3819.9558334747953
3846.59500002861,0.0556640625,-0.05126953125,1.16552734375,3819.975833455721
3846.6050000190735,0.0556640625,-0.05126953125,1.16552734375,3819.9858334461846
3846.6150000095367,0.0166015625,-0.00390625,1.13623046875,3819.995833436648
3846.625,0.0166015625,-0.00390625,1.13623046875,3820.005833427111
3846.6349999904633,0.01416015625,-0.013671875,0.7744140625,3820.0158334175744
3846.6449999809274,0.01416015625,-0.013671875,0.7744140625,3820.0258334080386
3846.6549999713898,0.03466796875,-0.02294921875,0.99755859375,3820.035833398501
3846.664999961853,0.03466796875,-0.02294921875,0.99755859375,3820.045833388964
3846.674999952316,0.03662109375,-0.00244140625,0.74658203125,3820.055833379427
3846.68499994278,0.03662109375,-0.00244140625,0.74658203125,3820.065833369891
3846.694999933243,0.01708984375,-0.03173828125,0.79248046875,3820.075833360354
3846.704999923706,0.01708984375,-0.03173828125,0.79248046875,3820.085833350817
3846.714999914169,0.03955078125,-0.03271484375,0.93359375,3820.09583334128
3846.724999904633,0.03955078125,-0.03271484375,0.93359375,3820.105833331744
3846.734999895096,0.015625,-0.01513671875,0.72314453125,3820.115833322207
3846.744999885559,0.015625,-0.01513671875,0.72314453125,3820.1258333126702
3846.7549998760223,0.03955078125,-0.0244140625,0.8310546875,3820.1358333031335
3846.7649998664856,0.03955078125,-0.0244140625,0.8310546875,3820.1458332935968
3846.775000095368,0.0546875,-0.037109375,0.78857421875,3820.155833522479
3846.785000085831,0.0546875,-0.037109375,0.78857421875,3820.1658335129423
3846.795000076294,0.0107421875,-0.00341796875,0.7890625,3820.175833503405
3846.805000066757,0.0107421875,-0.00341796875,0.7890625,3820.1858334938684
3846.815000057221,0.0009765625,-0.04833984375,0.78662109375,3820.195833484332
3846.825000047684,0.0009765625,-0.04833984375,0.78662109375,3820.2058334747953
3846.835000038147,0.060546875,-0.01123046875,0.89306640625,3820.215833465258
3846.84500002861,0.060546875,-0.01123046875,0.89306640625,3820.225833455721
3846.8550000190735,0.078125,-0.0166015625,0.98193359375,3820.2358334461846
3846.8650000095367,0.078125,-0.0166015625,0.98193359375,3820.245833436648
3846.875,0.0234375,-0.05224609375,1.18115234375,3820.255833427111
3846.8849999904633,0.0234375,-0.05224609375,1.18115234375,3820.2658334175744
3846.8949999809274,0.0185546875,-0.0546875,1.029296875,3820.2758334080386
3846.9049999713898,0.0,-0.0537109375,0.9931640625,3820.285833398501
3846.914999961853,0.0,-0.0537109375,0.9931640625,3820.295833388964
3846.924999952316,0.04833984375,-0.02587890625,1.1552734375,3820.305833379427
3846.93499994278,0.04833984375,-0.02587890625,1.1552734375,3820.315833369891
3846.944999933243,0.06787109375,-0.07763671875,0.9814453125,3820.325833360354
3846.954999923706,0.06787109375,-0.07763671875,0.9814453125,3820.335833350817
3846.964999914169,0.0634765625,-0.05126953125,1.236328125,3820.34583334128
3846.974999904633,0.0634765625,-0.05126953125,1.236328125,3820.355833331744
3846.984999895096,0.08447265625,-0.0478515625,1.31884765625,3820.365833322207
3846.994999885559,0.08447265625,-0.0478515625,1.31884765625,3820.3758333126702
3847.0049998760223,-0.00048828125,-0.07421875,1.25244140625,3820.3858333031335
3847.0149998664856,-0.00048828125,-0.07421875,1.25244140625,3820.3958332935968
3847.025000095368,0.02294921875,0.01416015625,1.21728515625,3820.405833522479
3847.035000085831,0.02294921875,0.01416015625,1.21728515625,3820.4158335129423
3847.045000076294,0.0224609375,-0.03759765625,0.98828125,3820.425833503405
3847.055000066757,0.0224609375,-0.03759765625,0.98828125,3820.4358334938684
3847.065000057221,0.076171875,-0.01708984375,0.92626953125,3820.445833484332
3847.075000047684,0.076171875,-0.01708984375,0.92626953125,3820.4558334747953
3847.085000038147,0.04443359375,-0.01953125,1.05712890625,3820.465833465258
3847.09500002861,0.04443359375,-0.01953125,1.05712890625,3820.475833455721
3847.1050000190735,0.0068359375,-0.037109375,0.7783203125,3820.4858334461846
3847.1150000095367,0.0068359375,-0.037109375,0.7783203125,3820.495833436648
3847.125,0.02734375,-0.001953125,0.86474609375,3820.505833427111
3847.1349999904633,0.02734375,-0.001953125,0.86474609375,3820.5158334175744
3847.1449999809274,0.0341796875,-0.0595703125,0.95556640625,3820.5258334080386
3847.1549999713898,0.0341796875,-0.0595703125,0.95556640625,3820.535833398501
3847.164999961853,0.0517578125,-0.0224609375,0.9345703125,3820.545833388964
3847.174999952316,0.0517578125,-0.0224609375,0.9345703125,3820.555833379427
3847.18499994278,0.0166015625,-0.01904296875,0.900390625,3820.565833369891
3847.194999933243,0.0166015625,-0.01904296875,0.900390625,3820.575833360354
3847.204999923706,0.06494140625,-0.05517578125,1.16357421875,3820.585833350817
3847.214999914169,0.06494140625,-0.05517578125,1.16357421875,3820.59583334128
3847.224999904633,0.02734375,0.00830078125,1.1650390625,3820.605833331744
3847.234999895096,0.02734375,0.00830078125,1.1650390625,3820.615833322207
3847.244999885559,0.0283203125,-0.0205078125,1.1279296875,3820.6258333126702
3847.2549998760223,0.0283203125,-0.0205078125,1.1279296875,3820.6358333031335
3847.2649998664856,0.0537109375,-0.05029296875,1.251953125,3820.6458332935968
3847.275000095368,0.0537109375,-0.05029296875,1.251953125,3820.655833522479
3847.285000085831,0.03662109375,-0.025390625,1.10205078125,3820.6658335129423
3847.295000076294,0.03662109375,-0.025390625,1.10205078125,3820.675833503405
3847.305000066757,-0.00390625,-0.013671875,1.03564453125,3820.6858334938684
3847.315000057221,-0.00390625,-0.013671875,1.03564453125,3820.695833484332
3847.325000047684,0.0751953125,-0.05126953125,1.13134765625,3820.7058334747953
3847.335000038147,0.0751953125,-0.05126953125,1.13134765625,3820.715833465258
3847.34500002861,0.0556640625,0.005859375,1.05908203125,3820.725833455721
3847.3550000190735,0.0556640625,0.005859375,1.05908203125,3820.7358334461846
3847.3650000095367,0.02197265625,-0.0302734375,0.91796875,3820.745833436648
3847.375,0.02197265625,-0.0302734375,0.91796875,3820.755833427111
3847.3849999904633,0.03564453125,-0.0380859375,1.0244140625,3820.7658334175744
3847.3949999809274,0.03564453125,-0.0380859375,1.0244140625,3820.7758334080386
3847.4049999713898,0.01806640625,0.025390625,1.01904296875,3820.785833398501
3847.414999961853,0.01806640625,0.025390625,1.01904296875,3820.795833388964
3847.424999952316,0.0498046875,-0.05810546875,0.97265625,3820.805833379427
3847.43499994278,0.0498046875,-0.05810546875,0.97265625,3820.815833369891
3847.444999933243,0.05126953125,-0.0029296875,1.068359375,3820.825833360354
3847.454999923706,0.05126953125,-0.0029296875,1.068359375,3820.835833350817
3847.464999914169,0.03173828125,-0.02734375,0.91650390625,3820.84583334128
3847.474999904633,0.03173828125,-0.02734375,0.91650390625,3820.855833331744
3847.484999895096,0.00830078125,-0.02734375,0.939453125,3820.865833322207
3847.494999885559,0.00830078125,-0.02734375,0.939453125,3820.8758333126702
3847.5049998760223,0.04931640625,-0.00830078125,0.95263671875,3820.8858333031335
3847.5149998664856,0.04931640625,-0.00830078125,0.95263671875,3820.8958332935968
3847.525000095368,0.0107421875,-0.02783203125,1.06201171875,3820.905833522479
3847.535000085831,0.0107421875,-0.02783203125,1.06201171875,3820.9158335129423
3847.545000076294,0.0556640625,0.00048828125,0.9853515625,3820.925833503405
3847.555000066757,0.0556640625,0.00048828125,0.9853515625,3820.9358334938684
3847.565000057221,0.041015625,-0.041015625,1.10302734375,3820.945833484332
3847.569999933243,0.041015625,-0.041015625,1.10302734375,3820.950833360354
3847.575000047684,0.03173828125,0.01025390625,1.10498046875,3820.9558334747953
3847.59500002861,0.03173828125,0.01025390625,1.10498046875,3820.975833455721
3847.6050000190735,0.02490234375,-0.03564453125,1.00830078125,3820.9858334461846
3847.6150000095367,0.02490234375,-0.03564453125,1.00830078125,3820.995833436648
3847.625,0.02099609375,0.00390625,1.00146484375,3821.005833427111
3847.6349999904633,0.02099609375,0.00390625,1.00146484375,3821.0158334175744
3847.6449999809274,0.05078125,-0.06396484375,1.14013671875,3821.0258334080386
3847.6549999713898,0.05078125,-0.06396484375,1.14013671875,3821.035833398501
3847.664999961853,0.02685546875,0.0068359375,1.0478515625,3821.045833388964
3847.674999952316,0.02685546875,0.0068359375,1.0478515625,3821.055833379427
3847.68499994278,0.0419921875,-0.01220703125,1.0439453125,3821.065833369891
3847.694999933243,0.0419921875,-0.01220703125,1.0439453125,3821.075833360354
3847.704999923706,0.0361328125,-0.04931640625,1.2021484375,3821.085833350817
3847.714999914169,0.0361328125,-0.04931640625,1.2021484375,3821.09583334128
3847.724999904633,0.04833984375,-0.0126953125,0.95263671875,3821.105833331744
3847.734999895096,0.04833984375,-0.0126953125,0.95263671875,3821.115833322207
3847.744999885559,-0.00732421875,-0.005859375,0.98046875,3821.1258333126702
3847.7549998760223,-0.00732421875,-0.005859375,0.98046875,3821.1358333031335
3847.7649998664856,0.037109375,-0.033203125,0.86962890625,3821.1458332935968
3847.775000095368,0.037109375,-0.033203125,0.86962890625,3821.155833522479
3847.785000085831,0.0419921875,-0.005859375,0.92626953125,3821.1658335129423
3847.795000076294,0.0419921875,-0.005859375,0.92626953125,3821.175833503405
3847.805000066757,-0.0029296875,-0.03662109375,0.81640625,3821.1858334938684
3847.815000057221,-0.0029296875,-0.03662109375,0.81640625,3821.195833484332
3847.825000047684,0.0478515625,-0.0478515625,0.9189453125,3821.2058334747953
3847.835000038147,0.0478515625,-0.0478515625,0.9189453125,3821.215833465258
3847.84500002861,0.03125,-0.01611328125,0.8212890625,3821.225833455721
3847.8550000190735,0.03125,-0.01611328125,0.8212890625,3821.2358334461846
3847.8650000095367,0.0302734375,-0.02734375,0.82568359375,3821.245833436648
3847.875,0.0302734375,-0.02734375,0.82568359375,3821.255833427111
3847.8849999904633,0.01806640625,-0.021484375,0.8193359375,3821.2658334175744
3847.8949999809274,0.01806640625,-0.021484375,0.8193359375,3821.2758334080386
3847.9049999713898,0.03955078125,0.00537109375,0.72216796875,3821.285833398501
3847.914999961853,0.03955078125,0.00537109375,0.72216796875,3821.295833388964
3847.924999952316,0.02685546875,-0.01123046875,0.89599609375,3821.305833379427
3847.93499994278,0.02685546875,-0.01123046875,0.89599609375,3821.315833369891
3847.944999933243,0.06494140625,-0.05517578125,0.95361328125,3821.325833360354
3847.954999923706,0.06494140625,-0.05517578125,0.95361328125,3821.335833350817
3847.964999914169,0.03369140625,-0.001953125,1.0322265625,3821.34583334128
3847.974999904633,0.03369140625,-0.001953125,1.0322265625,3821.355833331744
3847.984999895096,0.05078125,-0.01708984375,0.953125,3821.365833322207
3847.994999885559,0.05078125,-0.01708984375,0.953125,3821.3758333126702
3848.0049998760223,0.0419921875,-0.037109375,1.076171875,3821.3858333031335
3848.0149998664856,0.0419921875,-0.037109375,1.076171875,3821.3958332935968
3848.025000095368,0.0166015625,-0.0224609375,0.89306640625,3821.405833522479
3848.035000085831,0.0166015625,-0.0224609375,0.89306640625,3821.4158335129423
3848.045000076294,0.0283203125,-0.02490234375,0.9287109375,3821.425833503405
3848.055000066757,0.0283203125,-0.02490234375,0.9287109375,3821.4358334938684
3848.065000057221,0.06298828125,-0.0166015625,0.99951171875,3821.445833484332
3848.075000047684,0.06298828125,-0.0166015625,0.99951171875,3821.4558334747953
3848.085000038147,0.06005859375,-0.02734375,1.06884765625,3821.465833465258
3848.09500002861,0.06005859375,-0.02734375,1.06884765625,3821.475833455721
3848.1050000190735,0.03125,-0.02099609375,0.98681640625,3821.4858334461846
3848.1150000095367,0.03125,-0.02099609375,0.98681640625,3821.495833436648
3848.125,0.0810546875,0.00830078125,0.9951171875,3821.505833427111
3848.1349999904633,0.0810546875,0.00830078125,0.9951171875,3821.5158334175744
3848.1449999809274,0.0458984375,-0.029296875,1.16650390625,3821.5258334080386
3848.1549999713898,0.0458984375,-0.029296875,1.16650390625,3821.535833398501
3848.164999961853,0.0537109375,0.013671875,1.06201171875,3821.545833388964
3848.174999952316,0.0537109375,0.013671875,1.06201171875,3821.555833379427
3848.18499994278,0.00390625,-0.00390625,1.1689453125,3821.565833369891
3848.194999933243,0.00390625,-0.00390625,1.1689453125,3821.575833360354
3848.204999923706,0.072265625,-0.0205078125,1.29150390625,3821.585833350817
3848.214999914169,0.072265625,-0.0205078125,1.29150390625,3821.59583334128
3848.224999904633,0.03076171875,0.00390625,1.083984375,3821.605833331744
3848.234999895096,0.03076171875,0.00390625,1.083984375,3821.615833322207
3848.244999885559,0.0419921875,0.0107421875,1.07763671875,3821.6258333126702
3848.2549998760223,0.0419921875,0.0107421875,1.07763671875,3821.6358333031335
3848.2649998664856,0.08056640625,0.00390625,1.1416015625,3821.6458332935968
3848.275000095368,0.08056640625,0.00390625,1.1416015625,3821.655833522479
3848.285000085831,0.05322265625,-0.00341796875,0.95166015625,3821.6658335129423
3848.295000076294,0.05322265625,-0.00341796875,0.95166015625,3821.675833503405
3848.305000066757,0.05078125,-0.009765625,1.0146484375,3821.6858334938684
3848.315000057221,0.05078125,-0.009765625,1.0146484375,3821.695833484332
3848.325000047684,0.03515625,-0.0205078125,1.10205078125,3821.7058334747953
3848.335000038147,0.03515625,-0.0205078125,1.10205078125,3821.715833465258
3848.34500002861,0.03271484375,0.02734375,0.8427734375,3821.725833455721
3848.3550000190735,0.03271484375,0.02734375,0.8427734375,3821.7358334461846
3848.3650000095367,0.0234375,0.00048828125,1.0087890625,3821.745833436648
3848.375,0.0234375,0.00048828125,1.0087890625,3821.755833427111
3848.3849999904633,0.0634765625,-0.0302734375,0.9755859375,3821.7658334175744
3848.3949999809274,0.0634765625,-0.0302734375,0.9755859375,3821.7758334080386
3848.4049999713898,0.017578125,-0.01025390625,0.90576171875,3821.785833398501
3848.414999961853,0.017578125,-0.01025390625,0.90576171875,3821.795833388964
3848.424999952316,0.03662109375,-0.00634765625,0.90234375,3821.805833379427
3848.43499994278,0.03662109375,-0.00634765625,0.90234375,3821.815833369891
3848.444999933243,0.04296875,-0.01708984375,0.8818359375,3821.825833360354
3848.454999923706,0.04296875,-0.01708984375,0.8818359375,3821.835833350817
3848.464999914169,0.03857421875,0.00341796875,0.83984375,3821.84583334128
3848.474999904633,0.03857421875,0.00341796875,0.83984375,3821.855833331744
3848.484999895096,0.04052734375,-0.04638671875,0.99853515625,3821.865833322207
3848.494999885559,0.04052734375,-0.04638671875,0.99853515625,3821.8758333126702
3848.5049998760223,0.0380859375,0.01953125,0.90625,3821.8858333031335
3848.5149998664856,0.0380859375,0.01953125,0.90625,3821.8958332935968
3848.525000095368,0.029296875,-0.02392578125,0.9775390625,3821.905833522479
3848.535000085831,0.029296875,-0.02392578125,0.9775390625,3821.9158335129423
3848.545000076294,0.060546875,0.00341796875,1.13134765625,3821.925833503405
3848.555000066757,0.060546875,0.00341796875,1.13134765625,3821.9358334938684
3848.565000057221,0.05859375,-0.03125,0.9765625,3821.945833484332
3848.569999933243,0.05859375,-0.03125,0.9765625,3821.950833360354
3848.575000047684,0.033203125,0.0009765625,1.16064453125,3821.9558334747953
3848.59500002861,0.033203125,0.0009765625,1.16064453125,3821.975833455721
3848.6050000190735,0.0224609375,-0.03759765625,1.00244140625,3821.9858334461846
3848.6150000095367,0.0224609375,-0.03759765625,1.00244140625,3821.995833436648
3848.625,0.02392578125,-0.00146484375,0.97705078125,3822.005833427111
3848.6349999904633,0.02392578125,-0.00146484375,0.97705078125,3822.0158334175744
3848.6449999809274,0.07763671875,-0.01806640625,1.119140625,3822.0258334080386
3848.6549999713898,0.07763671875,-0.01806640625,1.119140625,3822.035833398501
3848.664999961853,0.04052734375,-0.05078125,1.029296875,3822.045833388964
3848.674999952316,0.04052734375,-0.05078125,1.029296875,3822.055833379427
3848.68499994278,0.0283203125,0.00244140625,0.91455078125,3822.065833369891
3848.694999933243,0.0283203125,0.00244140625,0.91455078125,3822.075833360354
3848.704999923706,0.0556640625,-0.068359375,1.07568359375,3822.085833350817
3848.714999914169,0.0556640625,-0.068359375,1.07568359375,3822.09583334128
3848.724999904633,0.04345703125,-0.0029296875,0.98779296875,3822.105833331744
3848.734999895096,0.04345703125,-0.0029296875,0.98779296875,3822.115833322207
3848.744999885559,0.01025390625,-0.03125,0.8623046875,3822.1258333126702
3848.7549998760223,0.01025390625,-0.03125,0.8623046875,3822.1358333031335
3848.7649998664856,0.044921875,-0.03662109375,1.23291015625,3822.1458332935968
3848.775000095368,0.044921875,-0.03662109375,1.23291015625,3822.155833522479
3848.785000085831,0.01806640625,0.01953125,0.9453125,3822.1658335129423
3848.795000076294,0.01806640625,0.01953125,0.9453125,3822.175833503405
3848.805000066757,-0.01025390625,-0.037109375,1.0087890625,3822.1858334938684
3848.815000057221,-0.01025390625,-0.037109375,1.0087890625,3822.195833484332
3848.825000047684,0.087890625,-0.03271484375,1.1689453125,3822.2058334747953
3848.835000038147,0.087890625,-0.03271484375,1.1689453125,3822.215833465258
3848.84500002861,0.03271484375,-0.0087890625,1.01904296875,3822.225833455721
3848.8550000190735,0.03271484375,-0.0087890625,1.01904296875,3822.2358334461846
3848.8650000095367,0.0234375,0.02294921875,1.0703125,3822.245833436648
3848.875,0.0234375,0.02294921875,1.0703125,3822.255833427111
3848.8849999904633,0.05078125,-0.0185546875,1.08642578125,3822.2658334175744
3848.8949999809274,0.05078125,-0.0185546875,1.08642578125,3822.2758334080386
3848.9049999713898,0.03662109375,0.0205078125,1.05322265625,3822.285833398501
3848.914999961853,0.03662109375,0.0205078125,1.05322265625,3822.295833388964
3848.924999952316,0.037109375,0.0087890625,1.21240234375,3822.305833379427
3848.93499994278,0.037109375,0.0087890625,1.21240234375,3822.315833369891
3848.944999933243,0.0390625,-0.03466796875,1.0791015625,3822.325833360354
3848.954999923706,0.0390625,-0.03466796875,1.0791015625,3822.335833350817
3848.964999914169,0.03173828125,0.044921875,1.05419921875,3822.34583334128
3848.974999904633,0.03173828125,0.044921875,1.05419921875,3822.355833331744
3848.984999895096,0.025390625,0.01220703125,1.11865234375,3822.365833322207
3848.994999885559,0.025390625,0.01220703125,1.11865234375,3822.3758333126702
3849.0049998760223,0.03662109375,0.02880859375,1.13427734375,3822.3858333031335
3849.0149998664856,0.03662109375,0.02880859375,1.13427734375,3822.3958332935968
3849.025000095368,0.00634765625,0.0166015625,0.958984375,3822.405833522479
3849.035000085831,0.00634765625,0.0166015625,0.958984375,3822.4158335129423
3849.045000076294,0.0517578125,-0.00732421875,1.05615234375,3822.425833503405
3849.055000066757,0.0517578125,-0.00732421875,1.05615234375,3822.4358334938684
3849.065000057221,0.02392578125,0.02099609375,0.97607421875,3822.445833484332
3849.075000047684,0.02392578125,0.02099609375,0.97607421875,3822.4558334747953
3849.085000038147,0.02783203125,0.015625,0.9306640625,3822.465833465258
3849.09500002861,0.02783203125,0.015625,0.9306640625,3822.475833455721
3849.1050000190735,0.02392578125,0.02490234375,0.978515625,3822.4858334461846
3849.1150000095367,0.02392578125,0.02490234375,0.978515625,3822.495833436648
3849.125,0.04931640625,0.025390625,0.76025390625,3822.505833427111
3849.1349999904633,0.04931640625,0.025390625,0.76025390625,3822.5158334175744
3849.1449999809274,0.01220703125,-0.0068359375,0.97021484375,3822.5258334080386
3849.1549999713898,0.01220703125,-0.0068359375,0.97021484375,3822.535833398501
3849.164999961853,0.01806640625,-0.00244140625,0.91064453125,3822.545833388964
3849.174999952316,0.01806640625,-0.00244140625,0.91064453125,3822.555833379427
3849.18499994278,0.02587890625,-0.00341796875,0.79296875,3822.565833369891
3849.194999933243,0.02587890625,-0.00341796875,0.79296875,3822.575833360354
3849.204999923706,0.03369140625,0.02587890625,1.0322265625,3822.585833350817
3849.214999914169,0.03369140625,0.02587890625,1.0322265625,3822.59583334128
3849.224999904633,0.0478515625,-0.01123046875,0.93310546875,3822.605833331744
3849.234999895096,0.0478515625,-0.01123046875,0.93310546875,3822.615833322207
3849.244999885559,0.005859375,0.01513671875,0.9921875,3822.6258333126702
3849.2549998760223,0.005859375,0.01513671875,0.9921875,3822.6358333031335
3849.2649998664856,0.0517578125,-0.03271484375,1.03125,3822.6458332935968
3849.275000095368,0.0517578125,-0.03271484375,1.03125,3822.655833522479
3849.285000085831,0.0283203125,-0.01904296875,1.03857421875,3822.6658335129423
3849.295000076294,0.0283203125,-0.01904296875,1.03857421875,3822.675833503405
3849.305000066757,0.046875,0.0419921875,0.99951171875,3822.6858334938684
3849.315000057221,0.046875,0.0419921875,0.99951171875,3822.695833484332
3849.325000047684,0.05712890625,-0.05517578125,1.14453125,3822.7058334747953
3849.335000038147,0.05712890625,-0.05517578125,1.14453125,3822.715833465258
3849.34500002861,0.03271484375,0.02734375,1.1181640625,3822.725833455721
3849.3550000190735,0.03271484375,0.02734375,1.1181640625,3822.7358334461846
3849.3650000095367,-0.01904296875,-0.052734375,0.9375,3822.745833436648
3849.375,-0.01904296875,-0.052734375,0.9375,3822.755833427111
3849.3849999904633,0.04833984375,0.025390625,1.13720703125,3822.7658334175744
3849.3949999809274,0.04833984375,0.025390625,1.13720703125,3822.7758334080386
3849.4049999713898,0.06494140625,-0.00830078125,1.2080078125,3822.785833398501
3849.414999961853,0.06494140625,-0.00830078125,1.2080078125,3822.795833388964
3849.424999952316,0.00927734375,0.00390625,1.28955078125,3822.805833379427
3849.43499994278,0.00927734375,0.00390625,1.28955078125,3822.815833369891
3849.444999933243,0.025390625,-0.025390625,1.04052734375,3822.825833360354
3849.454999923706,0.025390625,-0.025390625,1.04052734375,3822.835833350817
3849.464999914169,0.01953125,0.03564453125,1.1416015625,3822.84583334128
3849.474999904633,0.01953125,0.03564453125,1.1416015625,3822.855833331744
3849.484999895096,0.04150390625,-0.00537109375,1.02001953125,3822.865833322207
3849.494999885559,0.04150390625,-0.00537109375,1.02001953125,3822.8758333126702
3849.5049998760223,0.04833984375,-0.03515625,1.09228515625,3822.8858333031335
3849.5149998664856,0.04833984375,-0.03515625,1.09228515625,3822.8958332935968
3849.525000095368,0.02783203125,0.0224609375,0.93505859375,3822.905833522479
3849.535000085831,0.02783203125,0.0224609375,0.93505859375,3822.9158335129423
3849.545000076294,-0.017578125,-0.0107421875,0.9404296875,3822.925833503405
3849.555000066757,-0.017578125,-0.0107421875,0.9404296875,3822.9358334938684
3849.565000057221,0.060546875,0.0009765625,0.94580078125,3822.945833484332
3849.569999933243,0.01123046875,-0.0234375,0.9638671875,3822.950833360354
3849.575000047684,0.02880859375,0.01220703125,0.85986328125,3822.9558334747953
3849.59500002861,0.02880859375,0.01220703125,0.85986328125,3822.975833455721
3849.6150000095367,0.02880859375,0.01220703125,0.85986328125,3822.995833436648
3849.625,0.03955078125,-0.00146484375,0.97265625,3823.005833427111
3849.6349999904633,0.03955078125,-0.00146484375,0.97265625,3823.0158334175744
3849.6449999809274,0.00537109375,0.0205078125,1.125,3823.0258334080386
3849.6549999713898,0.00537109375,0.0205078125,1.125,3823.035833398501
3849.664999961853,0.02783203125,0.009765625,0.97216796875,3823.045833388964
3849.674999952316,0.02783203125,0.009765625,0.97216796875,3823.055833379427
3849.68499994278,0.03857421875,0.04248046875,1.06298828125,3823.065833369891
3849.694999933243,0.03857421875,0.04248046875,1.06298828125,3823.075833360354
3849.704999923706,0.04345703125,0.01416015625,0.978515625,3823.085833350817
3849.714999914169,0.04345703125,0.01416015625,0.978515625,3823.09583334128
3849.724999904633,-0.01611328125,0.00244140625,0.99267578125,3823.105833331744
3849.734999895096,-0.01611328125,0.00244140625,0.99267578125,3823.115833322207
3849.744999885559,0.0322265625,0.0419921875,1.05517578125,3823.1258333126702
3849.7549998760223,0.0322265625,0.0419921875,1.05517578125,3823.1358333031335
3849.7649998664856,0.0234375,0.015625,1.05419921875,3823.1458332935968
3849.775000095368,0.0234375,0.015625,1.05419921875,3823.155833522479
3849.785000085831,0.05810546875,0.03857421875,1.0322265625,3823.1658335129423
3849.795000076294,0.05810546875,0.03857421875,1.0322265625,3823.175833503405
3849.805000066757,0.0263671875,0.02001953125,1.07421875,3823.1858334938684
3849.815000057221,0.0263671875,0.02001953125,1.07421875,3823.195833484332
3849.825000047684,0.03271484375,0.01171875,1.13623046875,3823.2058334747953
3849.835000038147,0.03271484375,0.01171875,1.13623046875,3823.215833465258
3849.84500002861,0.03173828125,-0.00537109375,0.900390625,3823.225833455721
3849.8550000190735,0.03173828125,-0.00537109375,0.900390625,3823.2358334461846
3849.8650000095367,0.03271484375,0.04638671875,0.92333984375,3823.245833436648
3849.875,0.03271484375,0.04638671875,0.92333984375,3823.255833427111
3849.8849999904633,0.0546875,-0.009765625,0.8818359375,3823.2658334175744
3849.8949999809274,0.0546875,-0.009765625,0.8818359375,3823.2758334080386
3849.9049999713898,0.021484375,0.01416015625,0.9169921875,3823.285833398501
3849.914999961853,0.021484375,0.01416015625,0.9169921875,3823.295833388964
3849.924999952316,0.02783203125,0.00927734375,0.890625,3823.305833379427
3849.93499994278,0.02783203125,0.00927734375,0.890625,3823.315833369891
3849.944999933243,0.01123046875,-0.0224609375,0.9501953125,3823.325833360354
3849.954999923706,0.01123046875,-0.0224609375,0.9501953125,3823.335833350817
3849.964999914169,0.0380859375,0.0302734375,0.9423828125,3823.34583334128
3849.974999904633,0.0380859375,0.0302734375,0.9423828125,3823.355833331744
3849.984999895096,0.02587890625,0.00048828125,0.98291015625,3823.365833322207
3849.994999885559,0.02587890625,0.00048828125,0.98291015625,3823.3758333126702
3850.0049998760223,0.05126953125,0.001953125,0.97412109375,3823.3858333031335
3850.0149998664856,0.05126953125,0.001953125,0.97412109375,3823.3958332935968
3850.025000095368,0.02880859375,0.0048828125,1.09033203125,3823.405833522479
3850.035000085831,0.02880859375,0.0048828125,1.09033203125,3823.4158335129423
3850.045000076294,0.00634765625,-0.00390625,1.06103515625,3823.425833503405
3850.055000066757,0.00634765625,-0.00390625,1.06103515625,3823.4358334938684
3850.065000057221,0.06689453125,0.0234375,1.2138671875,3823.445833484332
3850.075000047684,0.06689453125,0.0234375,1.2138671875,3823.4558334747953
3850.085000038147,0.03466796875,0.0146484375,1.20849609375,3823.465833465258
3850.09500002861,0.03466796875,0.0146484375,1.20849609375,3823.475833455721
3850.1050000190735,0.060546875,0.013671875,1.1572265625,3823.4858334461846
3850.1150000095367,0.060546875,0.013671875,1.1572265625,3823.495833436648
3850.125,0.02978515625,-0.00537109375,1.17822265625,3823.505833427111
3850.1349999904633,0.02978515625,-0.00537109375,1.17822265625,3823.5158334175744
3850.1449999809274,0.02001953125,0.02294921875,1.0234375,3823.5258334080386
3850.1549999713898,0.02001953125,0.02294921875,1.0234375,3823.535833398501
3850.164999961853,0.01318359375,-0.021484375,1.015625,3823.545833388964
3850.174999952316,0.01318359375,-0.021484375,1.015625,3823.555833379427
3850.18499994278,0.04248046875,0.021484375,0.873046875,3823.565833369891
3850.194999933243,0.04248046875,0.021484375,0.873046875,3823.575833360354
3850.204999923706,0.0244140625,0.03955078125,0.91259765625,3823.585833350817
3850.214999914169,0.0244140625,0.03955078125,0.91259765625,3823.59583334128
3850.224999904633,0.03125,-0.00390625,1.01708984375,3823.605833331744
3850.234999895096,0.0302734375,0.02685546875,1.11083984375,3823.615833322207
3850.244999885559,0.0302734375,0.02685546875,1.11083984375,3823.6258333126702
3850.2549998760223,0.01318359375,0.0107421875,0.97998046875,3823.6358333031335
3850.2649998664856,0.01318359375,0.0107421875,0.97998046875,3823.6458332935968
3850.275000095368,0.0419921875,0.04052734375,1.06201171875,3823.655833522479
3850.285000085831,0.0419921875,0.04052734375,1.06201171875,3823.6658335129423
3850.295000076294,0.0283203125,0.0478515625,1.0224609375,3823.675833503405
3850.305000066757,0.0283203125,0.0478515625,1.0224609375,3823.6858334938684
3850.315000057221,0.04052734375,-0.00732421875,1.07373046875,3823.695833484332
3850.325000047684,0.04052734375,-0.00732421875,1.07373046875,3823.7058334747953
3850.335000038147,0.02978515625,0.02783203125,1.046875,3823.715833465258
3850.34500002861,0.02978515625,0.02783203125,1.046875,3823.725833455721
3850.3550000190735,0.0185546875,0.0146484375,1.0078125,3823.7358334461846
3850.3650000095367,0.0185546875,0.0146484375,1.0078125,3823.745833436648
3850.375,0.0205078125,0.00927734375,1.03955078125,3823.755833427111
3850.3849999904633,0.0205078125,0.00927734375,1.03955078125,3823.7658334175744
3850.3949999809274,0.05517578125,0.017578125,0.8232421875,3823.7758334080386
3850.4049999713898,0.05517578125,0.017578125,0.8232421875,3823.785833398501
3850.414999961853,0.01416015625,0.01953125,1.0029296875,3823.795833388964
3850.424999952316,0.01416015625,0.01953125,1.0029296875,3823.805833379427
3850.43499994278,0.0380859375,0.00732421875,0.88720703125,3823.815833369891
3850.444999933243,0.0380859375,0.00732421875,0.88720703125,3823.825833360354
3850.454999923706,0.01220703125,0.0126953125,0.88916015625,3823.835833350817
3850.464999914169,0.01220703125,0.0126953125,0.88916015625,3823.84583334128
3850.474999904633,0.0458984375,0.06640625,0.880859375,3823.855833331744
3850.484999895096,0.0458984375,0.06640625,0.880859375,3823.865833322207
3850.494999885559,0.07568359375,-0.01904296875,0.9541015625,3823.8758333126702
3850.5049998760223,0.07568359375,-0.01904296875,0.9541015625,3823.8858333031335
3850.5149998664856,0.02197265625,0.06396484375,1.01513671875,3823.8958332935968
3850.525000095368,0.02197265625,0.06396484375,1.01513671875,3823.905833522479
3850.535000085831,0.01708984375,0.0185546875,1.13427734375,3823.9158335129423
3850.545000076294,0.01708984375,0.0185546875,1.13427734375,3823.925833503405
3850.555000066757,0.0322265625,0.01806640625,1.2060546875,3823.9358334938684
3850.565000057221,0.0322265625,0.01806640625,1.2060546875,3823.945833484332
3850.569999933243,0.0390625,0.072265625,1.19140625,3823.950833360354
3850.575000047684,0.0390625,0.072265625,1.19140625,3823.9558334747953
3850.59500002861,0.005859375,0.0419921875,1.126953125,3823.975833455721
3850.6050000190735,0.005859375,0.0419921875,1.126953125,3823.9858334461846
3850.6150000095367,0.0625,0.02685546875,1.123046875,3823.995833436648
3850.625,0.0625,0.02685546875,1.123046875,3824.005833427111
3850.6349999904633,0.0341796875,0.0341796875,1.0732421875,3824.0158334175744
3850.6449999809274,0.0341796875,0.0341796875,1.0732421875,3824.0258334080386
3850.6549999713898,0.02197265625,0.0009765625,1.08154296875,3824.035833398501
3850.664999961853,0.02197265625,0.0009765625,1.08154296875,3824.045833388964
3850.674999952316,0.04345703125,0.01611328125,1.04541015625,3824.055833379427
3850.68499994278,0.04345703125,0.01611328125,1.04541015625,3824.065833369891
3850.694999933243,0.01025390625,0.0341796875,0.857421875,3824.075833360354
3850.704999923706,0.01025390625,0.0341796875,0.857421875,3824.085833350817
3850.714999914169,0.05419921875,0.00830078125,0.978515625,3824.09583334128
3850.724999904633,0.05419921875,0.00830078125,0.978515625,3824.105833331744
3850.734999895096,0.04345703125,0.0244140625,0.97216796875,3824.115833322207
3850.744999885559,0.04345703125,0.0244140625,0.97216796875,3824.1258333126702
3850.7549998760223,0.01318359375,0.01171875,0.90673828125,3824.1358333031335
3850.7649998664856,0.01318359375,0.01171875,0.90673828125,3824.1458332935968
3850.775000095368,0.02392578125,-0.01220703125,0.9931640625,3824.155833522479
3850.785000085831,0.02392578125,-0.01220703125,0.9931640625,3824.1658335129423
3850.795000076294,0.0498046875,0.03369140625,0.8505859375,3824.175833503405
3850.805000066757,0.0498046875,0.03369140625,0.8505859375,3824.1858334938684
3850.815000057221,0.05322265625,0.0,1.09912109375,3824.195833484332
3850.825000047684,0.05322265625,0.0,1.09912109375,3824.2058334747953
3850.835000038147,0.05078125,-0.001953125,0.953125,3824.215833465258
3850.84500002861,0.05078125,-0.001953125,0.953125,3824.225833455721
3850.8550000190735,0.02099609375,0.03515625,1.02392578125,3824.2358334461846
3850.8650000095367,0.02099609375,0.03515625,1.02392578125,3824.245833436648
3850.875,0.0458984375,-0.0087890625,1.13427734375,3824.255833427111
3850.8849999904633,0.0458984375,-0.0087890625,1.13427734375,3824.2658334175744
3850.8949999809274,0.04638671875,0.0,1.2412109375,3824.2758334080386
3850.9049999713898,0.04638671875,0.0,1.2412109375,3824.285833398501
3850.914999961853,0.0185546875,0.02978515625,1.13623046875,3824.295833388964
3850.924999952316,0.0185546875,0.02978515625,1.13623046875,3824.305833379427
3850.93499994278,0.05322265625,-0.02685546875,1.25537109375,3824.315833369891
3850.944999933243,0.05322265625,-0.02685546875,1.25537109375,3824.325833360354
3850.954999923706,0.017578125,0.0263671875,1.2255859375,3824.335833350817
3850.964999914169,0.017578125,0.0263671875,1.2255859375,3824.34583334128
3850.974999904633,0.0166015625,0.01953125,1.078125,3824.355833331744
3850.984999895096,0.0166015625,0.01953125,1.078125,3824.365833322207
3850.994999885559,0.0537109375,-0.00146484375,1.25,3824.3758333126702
3851.0049998760223,0.0537109375,-0.00146484375,1.25,3824.3858333031335
3851.0149998664856,0.05908203125,0.04248046875,1.02001953125,3824.3958332935968
3851.025000095368,0.05908203125,0.04248046875,1.02001953125,3824.405833522479
3851.035000085831,-0.00927734375,-0.02294921875,0.95751953125,3824.4158335129423
3851.045000076294,-0.00927734375,-0.02294921875,0.95751953125,3824.425833503405
3851.055000066757,0.0556640625,-0.00439453125,0.93359375,3824.4358334938684
3851.065000057221,0.0556640625,-0.00439453125,0.93359375,3824.445833484332
3851.075000047684,0.029296875,-0.0029296875,0.79541015625,3824.4558334747953
3851.085000038147,0.029296875,-0.0029296875,0.79541015625,3824.465833465258
3851.09500002861,0.0341796875,0.009765625,0.80224609375,3824.475833455721
3851.1050000190735,0.0341796875,0.009765625,0.80224609375,3824.4858334461846
3851.1150000095367,0.03662109375,-0.017578125,0.67822265625,3824.495833436648
3851.125,0.03662109375,-0.017578125,0.67822265625,3824.505833427111
3851.1349999904633,0.02099609375,0.0302734375,0.64111328125,3824.5158334175744
3851.1449999809274,0.02099609375,0.0302734375,0.64111328125,3824.5258334080386
3851.1549999713898,0.05419921875,-0.021484375,0.82080078125,3824.535833398501
3851.164999961853,0.05419921875,-0.021484375,0.82080078125,3824.545833388964
3851.174999952316,0.03466796875,0.017578125,0.8974609375,3824.555833379427
3851.18499994278,0.03466796875,0.017578125,0.8974609375,3824.565833369891
3851.194999933243,0.02099609375,0.01513671875,0.85546875,3824.575833360354
3851.204999923706,0.02099609375,0.01513671875,0.85546875,3824.585833350817
3851.214999914169,0.0322265625,-0.044921875,1.10791015625,3824.59583334128
3851.224999904633,0.0322265625,-0.044921875,1.10791015625,3824.605833331744
3851.234999895096,0.07861328125,0.0498046875,1.06689453125,3824.615833322207
3851.244999885559,0.07861328125,0.0498046875,1.06689453125,3824.6258333126702
3851.2549998760223,0.0419921875,0.04345703125,1.22509765625,3824.6358333031335
3851.2649998664856,0.0419921875,0.04345703125,1.22509765625,3824.6458332935968
3851.275000095368,0.06884765625,-0.00341796875,1.40625,3824.655833522479
3851.285000085831,0.06884765625,-0.00341796875,1.40625,3824.6658335129423
3851.295000076294,0.0361328125,0.02783203125,1.3017578125,3824.675833503405
3851.305000066757,0.0361328125,0.02783203125,1.3017578125,3824.6858334938684
3851.315000057221,0.02001953125,0.0,1.3076171875,3824.695833484332
3851.325000047684,0.02001953125,0.0,1.3076171875,3824.7058334747953
3851.335000038147,0.04248046875,-0.01318359375,1.29443359375,3824.715833465258
3851.34500002861,0.04248046875,-0.01318359375,1.29443359375,3824.725833455721
3851.3550000190735,0.017578125,-0.01025390625,0.96875,3824.7358334461846
3851.3650000095367,0.017578125,-0.01025390625,0.96875,3824.745833436648
3851.375,0.07421875,0.0302734375,1.0751953125,3824.755833427111
3851.3849999904633,0.07421875,0.0302734375,1.0751953125,3824.7658334175744
3851.3949999809274,0.02392578125,-0.00537109375,0.8564453125,3824.7758334080386
3851.4049999713898,0.02392578125,-0.00537109375,0.8564453125,3824.785833398501
3851.414999961853,0.0283203125,0.01318359375,0.70654296875,3824.795833388964
3851.424999952316,0.0283203125,0.01318359375,0.70654296875,3824.805833379427
3851.43499994278,0.0341796875,-0.0185546875,0.8681640625,3824.815833369891
3851.444999933243,0.0341796875,-0.0185546875,0.8681640625,3824.825833360354
3851.454999923706,0.0517578125,0.0205078125,0.71337890625,3824.835833350817
3851.464999914169,0.0517578125,0.0205078125,0.71337890625,3824.84583334128
3851.474999904633,0.0029296875,0.0087890625,0.66162109375,3824.855833331744
3851.484999895096,0.0029296875,0.0087890625,0.66162109375,3824.865833322207
3851.494999885559,0.05224609375,-0.02001953125,0.869140625,3824.8758333126702
3851.5049998760223,0.05224609375,-0.02001953125,0.869140625,3824.8858333031335
3851.5149998664856,0.01220703125,0.03173828125,0.76806640625,3824.8958332935968
3851.525000095368,0.01220703125,0.03173828125,0.76806640625,3824.905833522479
3851.535000085831,0.02978515625,0.00830078125,0.92236328125,3824.9158335129423
3851.545000076294,0.02978515625,0.00830078125,0.92236328125,3824.925833503405
3851.555000066757,0.064453125,-0.03125,1.07763671875,3824.9358334938684
3851.565000057221,0.064453125,-0.03125,1.07763671875,3824.945833484332
3851.569999933243,0.0517578125,0.0859375,1.126953125,3824.950833360354
3851.575000047684,0.0517578125,0.0859375,1.126953125,3824.9558334747953
3851.589999914169,0.03271484375,0.0078125,1.2138671875,3824.97083334128
3851.6050000190735,0.03271484375,0.0078125,1.2138671875,3824.9858334461846
3851.6150000095367,0.0322265625,0.0361328125,1.32763671875,3824.995833436648
3851.625,0.0322265625,0.0361328125,1.32763671875,3825.005833427111
3851.6349999904633,0.02880859375,0.02294921875,1.07763671875,3825.0158334175744
3851.6449999809274,0.02880859375,0.02294921875,1.07763671875,3825.0258334080386
3851.6549999713898,0.02734375,-0.01025390625,1.30419921875,3825.035833398501
3851.664999961853,0.02734375,-0.01025390625,1.30419921875,3825.045833388964
3851.674999952316,0.064453125,0.01416015625,0.96142578125,3825.055833379427
3851.68499994278,0.064453125,0.01416015625,0.96142578125,3825.065833369891
3851.694999933243,0.005859375,0.02490234375,0.9453125,3825.075833360354
3851.704999923706,0.005859375,0.02490234375,0.9453125,3825.085833350817
3851.714999914169,0.05859375,0.04296875,1.009765625,3825.09583334128
3851.724999904633,0.05859375,0.04296875,1.009765625,3825.105833331744
3851.734999895096,0.0361328125,-0.0234375,0.791015625,3825.115833322207
3851.744999885559,0.0361328125,-0.0234375,0.791015625,3825.1258333126702
3851.7549998760223,0.03857421875,0.07177734375,0.82373046875,3825.1358333031335
3851.7649998664856,0.03857421875,0.07177734375,0.82373046875,3825.1458332935968
3851.775000095368,0.0439453125,-0.02734375,0.80029296875,3825.155833522479
3851.785000085831,0.0439453125,-0.02734375,0.80029296875,3825.1658335129423
3851.795000076294,0.03271484375,0.025390625,0.7998046875,3825.175833503405
3851.805000066757,0.03271484375,0.025390625,0.7998046875,3825.1858334938684
3851.815000057221,0.01904296875,-0.0029296875,0.8447265625,3825.195833484332
3851.825000047684,0.01904296875,-0.0029296875,0.8447265625,3825.2058334747953
3851.835000038147,0.02001953125,-0.017578125,0.99365234375,3825.215833465258
3851.84500002861,0.02001953125,-0.017578125,0.99365234375,3825.225833455721
3851.8550000190735,0.07275390625,0.03564453125,0.8408203125,3825.2358334461846
3851.8650000095367,0.07275390625,0.03564453125,0.8408203125,3825.245833436648
3851.875,0.03662109375,0.021484375,1.16455078125,3825.255833427111
3851.8849999904633,0.03662109375,0.021484375,1.16455078125,3825.2658334175744
3851.8949999809274,0.0390625,0.0087890625,0.94287109375,3825.2758334080386
3851.9049999713898,0.0390625,0.0087890625,0.94287109375,3825.285833398501
3851.914999961853,0.0224609375,0.044921875,0.947265625,3825.295833388964
3851.924999952316,0.0224609375,0.044921875,0.947265625,3825.305833379427
3851.93499994278,0.07666015625,0.0087890625,1.00732421875,3825.315833369891
3851.944999933243,0.07666015625,0.0087890625,1.00732421875,3825.325833360354
3851.954999923706,0.05322265625,0.044921875,1.1298828125,3825.335833350817
3851.964999914169,0.05322265625,0.044921875,1.1298828125,3825.34583334128
3851.974999904633,0.02783203125,0.0478515625,1.0390625,3825.355833331744
3851.984999895096,0.02783203125,0.0478515625,1.0390625,3825.365833322207
3851.994999885559,0.08154296875,0.00634765625,1.24755859375,3825.3758333126702
3852.0049998760223,0.08154296875,0.00634765625,1.24755859375,3825.3858333031335
3852.0149998664856,0.0517578125,0.05712890625,1.15771484375,3825.3958332935968
3852.025000095368,0.0517578125,0.05712890625,1.15771484375,3825.405833522479
3852.035000085831,0.0234375,0.0439453125,1.134765625,3825.4158335129423
3852.045000076294,0.0234375,0.0439453125,1.134765625,3825.425833503405
3852.055000066757,0.05615234375,0.01708984375,1.31884765625,3825.4358334938684
3852.065000057221,0.05615234375,0.01708984375,1.31884765625,3825.445833484332
3852.075000047684,0.03857421875,0.044921875,1.0458984375,3825.4558334747953
3852.085000038147,0.03857421875,0.044921875,1.0458984375,3825.465833465258
3852.09500002861,-0.0048828125,0.048828125,0.94482421875,3825.475833455721
3852.1050000190735,-0.0048828125,0.048828125,0.94482421875,3825.4858334461846
3852.1150000095367,0.05908203125,0.0146484375,0.92138671875,3825.495833436648
3852.125,0.05908203125,0.0146484375,0.92138671875,3825.505833427111
3852.1349999904633,0.0341796875,0.08154296875,0.89599609375,3825.5158334175744
3852.1449999809274,0.0341796875,0.08154296875,0.89599609375,3825.5258334080386
3852.1549999713898,0.041015625,-0.00439453125,0.8271484375,3825.535833398501
3852.164999961853,0.041015625,-0.00439453125,0.8271484375,3825.545833388964
3852.174999952316,0.06005859375,0.05908203125,0.91455078125,3825.555833379427
3852.18499994278,0.06005859375,0.05908203125,0.91455078125,3825.565833369891
3852.194999933243,0.02880859375,0.05810546875,0.7880859375,3825.575833360354
3852.204999923706,0.02880859375,0.05810546875,0.7880859375,3825.585833350817
3852.214999914169,0.0341796875,0.00634765625,1.02490234375,3825.59583334128
3852.224999904633,0.0341796875,0.00634765625,1.02490234375,3825.605833331744
3852.234999895096,0.06396484375,0.04638671875,0.9560546875,3825.615833322207
3852.244999885559,0.06396484375,0.04638671875,0.9560546875,3825.6258333126702
3852.2549998760223,0.0537109375,0.05810546875,0.951171875,3825.6358333031335
3852.2649998664856,0.0537109375,0.05810546875,0.951171875,3825.6458332935968
3852.275000095368,0.04736328125,0.04052734375,1.2470703125,3825.655833522479
3852.285000085831,0.04736328125,0.04052734375,1.2470703125,3825.6658335129423
3852.295000076294,0.04736328125,0.0703125,1.1328125,3825.675833503405
3852.305000066757,0.04736328125,0.0703125,1.1328125,3825.6858334938684
3852.315000057221,0.0029296875,0.07470703125,1.1533203125,3825.695833484332
3852.325000047684,0.0029296875,0.07470703125,1.1533203125,3825.7058334747953
3852.335000038147,0.0830078125,0.00244140625,1.22412109375,3825.715833465258
3852.34500002861,0.0830078125,0.00244140625,1.22412109375,3825.725833455721
3852.3550000190735,0.0302734375,0.076171875,1.19775390625,3825.7358334461846
3852.3650000095367,0.0302734375,0.076171875,1.19775390625,3825.745833436648
3852.375,0.03125,0.03076171875,1.03564453125,3825.755833427111
3852.3849999904633,0.03125,0.03076171875,1.03564453125,3825.7658334175744
3852.3949999809274,0.04345703125,0.01220703125,1.11865234375,3825.7758334080386
3852.4049999713898,0.04345703125,0.01220703125,1.11865234375,3825.785833398501
3852.414999961853,0.05322265625,0.09375,0.92431640625,3825.795833388964
3852.424999952316,0.05322265625,0.09375,0.92431640625,3825.805833379427
3852.43499994278,0.04248046875,-0.00439453125,0.958984375,3825.815833369891
3852.444999933243,0.04248046875,-0.00439453125,0.958984375,3825.825833360354
3852.454999923706,0.04296875,0.04443359375,0.91650390625,3825.835833350817
3852.464999914169,0.04296875,0.04443359375,0.91650390625,3825.84583334128
3852.474999904633,0.0205078125,0.0263671875,0.70458984375,3825.855833331744
3852.484999895096,0.0205078125,0.0263671875,0.70458984375,3825.865833322207
3852.494999885559,0.04443359375,0.0341796875,0.974609375,3825.8758333126702
3852.5049998760223,0.04443359375,0.0341796875,0.974609375,3825.8858333031335
3852.5149998664856,0.0693359375,0.02978515625,0.93994140625,3825.8958332935968
3852.525000095368,0.0693359375,0.02978515625,0.93994140625,3825.905833522479
3852.535000085831,0.025390625,0.0400390625,0.9755859375,3825.9158335129423
3852.545000076294,0.025390625,0.0400390625,0.9755859375,3825.925833503405
3852.555000066757,0.0625,0.0595703125,1.107421875,3825.9358334938684
3852.565000057221,0.0625,0.0595703125,1.107421875,3825.945833484332
3852.569999933243,0.03466796875,0.0458984375,1.0478515625,3825.950833360354
3852.575000047684,0.0263671875,0.0537109375,0.98828125,3825.9558334747953
3852.59500002861,0.0263671875,0.0537109375,0.98828125,3825.975833455721
3852.6050000190735,0.0263671875,0.0537109375,0.98828125,3825.9858334461846
3852.6150000095367,0.06591796875,-0.00244140625,1.13427734375,3825.995833436648
3852.625,0.06591796875,-0.00244140625,1.13427734375,3826.005833427111
3852.6349999904633,0.06396484375,0.06005859375,0.8837890625,3826.0158334175744
3852.6449999809274,0.06396484375,0.06005859375,0.8837890625,3826.0258334080386
3852.6549999713898,0.01806640625,0.0361328125,0.91796875,3826.035833398501
3852.664999961853,0.01806640625,0.0361328125,0.91796875,3826.045833388964
3852.674999952316,0.041015625,0.00048828125,0.91845703125,3826.055833379427
3852.68499994278,0.041015625,0.00048828125,0.91845703125,3826.065833369891
3852.694999933243,0.04296875,0.05810546875,1.00390625,3826.075833360354
3852.704999923706,0.04296875,0.05810546875,1.00390625,3826.085833350817
3852.714999914169,0.037109375,0.0576171875,1.1064453125,3826.09583334128
3852.724999904633,0.037109375,0.0576171875,1.1064453125,3826.105833331744
3852.734999895096,0.06689453125,0.029296875,1.19921875,3826.115833322207
3852.744999885559,0.06689453125,0.029296875,1.19921875,3826.1258333126702
3852.7549998760223,0.04150390625,0.080078125,1.16455078125,3826.1358333031335
3852.7649998664856,0.04150390625,0.080078125,1.16455078125,3826.1458332935968
3852.775000095368,0.0595703125,0.0185546875,1.06298828125,3826.155833522479
3852.785000085831,0.0595703125,0.0185546875,1.06298828125,3826.1658335129423
3852.795000076294,0.04931640625,0.03271484375,1.1533203125,3826.175833503405
3852.805000066757,0.04931640625,0.03271484375,1.1533203125,3826.1858334938684
3852.815000057221,0.04345703125,0.0263671875,0.9443359375,3826.195833484332
3852.825000047684,0.04345703125,0.0263671875,0.9443359375,3826.2058334747953
3852.835000038147,0.052734375,0.0078125,0.9697265625,3826.215833465258
3852.84500002861,0.052734375,0.0078125,0.9697265625,3826.225833455721
3852.8550000190735,0.08837890625,0.0673828125,0.9970703125,3826.2358334461846
3852.8650000095367,0.08837890625,0.0673828125,0.9970703125,3826.245833436648
3852.875,0.01611328125,-0.0087890625,1.0439453125,3826.255833427111
3852.8849999904633,0.01611328125,-0.0087890625,1.0439453125,3826.2658334175744
3852.8949999809274,0.0576171875,0.03955078125,1.05419921875,3826.2758334080386
3852.9049999713898,0.0576171875,0.03955078125,1.05419921875,3826.285833398501
3852.914999961853,0.05224609375,0.04345703125,1.0234375,3826.295833388964
3852.924999952316,0.05224609375,0.04345703125,1.0234375,3826.305833379427
3852.93499994278,0.052734375,-0.0029296875,1.041015625,3826.315833369891
3852.944999933243,0.052734375,-0.0029296875,1.041015625,3826.325833360354
3852.954999923706,0.06591796875,0.01025390625,1.078125,3826.335833350817
3852.964999914169,0.06591796875,0.01025390625,1.078125,3826.34583334128
3852.974999904633,0.02099609375,0.0068359375,1.0166015625,3826.355833331744
3852.984999895096,0.02099609375,0.0068359375,1.0166015625,3826.365833322207
3852.994999885559,0.056640625,0.00341796875,1.07275390625,3826.3758333126702
3853.0049998760223,0.056640625,0.00341796875,1.07275390625,3826.3858333031335
3853.0149998664856,0.04150390625,0.01171875,1.00048828125,3826.3958332935968
3853.025000095368,0.04150390625,0.01171875,1.00048828125,3826.405833522479
3853.035000085831,0.05908203125,0.02783203125,0.94287109375,3826.4158335129423
3853.045000076294,0.05908203125,0.02783203125,0.94287109375,3826.425833503405
3853.055000066757,0.0576171875,-0.015625,1.025390625,3826.4358334938684
3853.065000057221,0.0576171875,-0.015625,1.025390625,3826.445833484332
3853.075000047684,0.064453125,0.02685546875,0.953125,3826.4558334747953
3853.085000038147,0.064453125,0.02685546875,0.953125,3826.465833465258
3853.09500002861,0.01806640625,-0.021484375,0.91455078125,3826.475833455721
3853.1050000190735,0.01806640625,-0.021484375,0.91455078125,3826.4858334461846
3853.1150000095367,0.04541015625,-0.00537109375,1.0419921875,3826.495833436648
3853.125,0.04541015625,-0.00537109375,1.0419921875,3826.505833427111
3853.1349999904633,0.03564453125,0.00537109375,0.8125,3826.5158334175744
3853.1449999809274,0.03564453125,0.00537109375,0.8125,3826.5258334080386
3853.1549999713898,0.02490234375,-0.00048828125,0.978515625,3826.535833398501
3853.164999961853,0.02490234375,-0.00048828125,0.978515625,3826.545833388964
3853.174999952316,0.0673828125,-0.04443359375,0.90673828125,3826.555833379427
3853.18499994278,0.0673828125,-0.04443359375,0.90673828125,3826.565833369891
3853.194999933243,0.04345703125,0.0146484375,0.9248046875,3826.575833360354
3853.204999923706,0.04345703125,0.0146484375,0.9248046875,3826.585833350817
3853.214999914169,0.08203125,-0.02392578125,0.9638671875,3826.59583334128
3853.224999904633,0.08203125,-0.02392578125,0.9638671875,3826.605833331744
3853.234999895096,0.0537109375,-0.01708984375,1.02783203125,3826.615833322207
3853.244999885559,0.0537109375,-0.01708984375,1.02783203125,3826.6258333126702
3853.2549998760223,0.04833984375,-0.00244140625,0.87939453125,3826.6358333031335
3853.2649998664856,0.04833984375,-0.00244140625,0.87939453125,3826.6458332935968
3853.275000095368,0.0068359375,-0.02685546875,1.06689453125,3826.655833522479
3853.285000085831,0.0068359375,-0.02685546875,1.06689453125,3826.6658335129423
3853.295000076294,0.0576171875,0.00830078125,0.89794921875,3826.675833503405
3853.305000066757,0.0576171875,0.00830078125,0.89794921875,3826.6858334938684
3853.315000057221,0.03173828125,-0.0166015625,0.9716796875,3826.695833484332
3853.325000047684,0.03173828125,-0.0166015625,0.9716796875,3826.7058334747953
3853.335000038147,0.09619140625,-0.03515625,1.08984375,3826.715833465258
3853.34500002861,0.09619140625,-0.03515625,1.08984375,3826.725833455721
3853.3550000190735,0.06982421875,-0.05859375,0.97412109375,3826.7358334461846
3853.3650000095367,0.06982421875,-0.05859375,0.97412109375,3826.745833436648
3853.375,0.02490234375,-0.02099609375,0.97802734375,3826.755833427111
3853.3849999904633,0.02490234375,-0.02099609375,0.97802734375,3826.7658334175744
3853.3949999809274,0.0458984375,-0.033203125,0.99462890625,3826.7758334080386
3853.4049999713898,0.0458984375,-0.033203125,0.99462890625,3826.785833398501
3853.414999961853,0.04052734375,0.01611328125,0.99365234375,3826.795833388964
3853.424999952316,0.04052734375,0.01611328125,0.99365234375,3826.805833379427
3853.43499994278,0.0615234375,-0.0498046875,1.02294921875,3826.815833369891
3853.444999933243,0.0615234375,-0.0498046875,1.02294921875,3826.825833360354
3853.454999923706,0.05078125,-0.00732421875,1.12890625,3826.835833350817
3853.464999914169,0.05078125,-0.00732421875,1.12890625,3826.84583334128
3853.474999904633,0.05810546875,-0.0009765625,0.94921875,3826.855833331744
3853.484999895096,0.05810546875,-0.0009765625,0.94921875,3826.865833322207
3853.494999885559,0.0517578125,-0.064453125,1.14453125,3826.8758333126702
3853.5049998760223,0.0517578125,-0.064453125,1.14453125,3826.8858333031335
3853.5149998664856,0.06982421875,-0.0048828125,0.99169921875,3826.8958332935968
3853.525000095368,0.06982421875,-0.0048828125,0.99169921875,3826.905833522479
3853.535000085831,0.03515625,-0.029296875,0.9091796875,3826.9158335129423
3853.545000076294,0.03515625,-0.029296875,0.9091796875,3826.925833503405
3853.555000066757,0.0830078125,-0.0302734375,1.1533203125,3826.9358334938684
3853.565000057221,0.04931640625,-0.02490234375,1.0244140625,3826.945833484332
3853.569999933243,0.04931640625,-0.02490234375,1.0244140625,3826.950833360354
3853.575000047684,0.029296875,-0.03369140625,1.02880859375,3826.9558334747953
3853.59500002861,0.029296875,-0.03369140625,1.02880859375,3826.975833455721
3853.6050000190735,0.07275390625,-0.03564453125,1.02392578125,3826.9858334461846
3853.6150000095367,0.07275390625,-0.03564453125,1.02392578125,3826.995833436648
3853.625,0.02099609375,-0.01708984375,0.80029296875,3827.005833427111
3853.6349999904633,0.02099609375,-0.01708984375,0.80029296875,3827.0158334175744
3853.6449999809274,0.03759765625,-0.0087890625,0.7958984375,3827.0258334080386
3853.6549999713898,0.03759765625,-0.0087890625,0.7958984375,3827.035833398501
3853.664999961853,0.0205078125,-0.056640625,0.85791015625,3827.045833388964
3853.674999952316,0.0205078125,-0.056640625,0.85791015625,3827.055833379427
3853.68499994278,0.04150390625,-0.01171875,0.7451171875,3827.065833369891
3853.694999933243,0.04150390625,-0.01171875,0.7451171875,3827.075833360354
3853.704999923706,0.02880859375,-0.04345703125,0.96728515625,3827.085833350817
3853.714999914169,0.02880859375,-0.04345703125,0.96728515625,3827.09583334128
3853.724999904633,0.07080078125,-0.0478515625,0.96875,3827.105833331744
3853.734999895096,0.07080078125,-0.0478515625,0.96875,3827.115833322207
3853.744999885559,0.05419921875,-0.0478515625,1.04931640625,3827.1258333126702
3853.7549998760223,0.05419921875,-0.0478515625,1.04931640625,3827.1358333031335
3853.7649998664856,0.07470703125,-0.037109375,1.26025390625,3827.1458332935968
3853.775000095368,0.07470703125,-0.037109375,1.26025390625,3827.155833522479
3853.785000085831,0.05712890625,-0.0625,1.28076171875,3827.1658335129423
3853.795000076294,0.05712890625,-0.0625,1.28076171875,3827.175833503405
3853.805000066757,0.02685546875,-0.01708984375,1.16455078125,3827.1858334938684
3853.815000057221,0.02685546875,-0.01708984375,1.16455078125,3827.195833484332
3853.825000047684,0.0634765625,-0.017578125,1.3515625,3827.2058334747953
3853.835000038147,0.0634765625,-0.017578125,1.3515625,3827.215833465258
3853.84500002861,0.05615234375,-0.0439453125,1.2294921875,3827.225833455721
3853.8550000190735,0.05615234375,-0.0439453125,1.2294921875,3827.2358334461846
3853.8650000095367,0.056640625,0.00146484375,1.158203125,3827.245833436648
3853.875,0.056640625,0.00146484375,1.158203125,3827.255833427111
3853.8849999904633,0.03076171875,-0.02294921875,1.09521484375,3827.2658334175744
3853.8949999809274,0.03076171875,-0.02294921875,1.09521484375,3827.2758334080386
3853.9049999713898,0.06103515625,-0.0087890625,0.955078125,3827.285833398501
3853.914999961853,0.06103515625,-0.0087890625,0.955078125,3827.295833388964
3853.924999952316,0.05322265625,-0.00341796875,0.9677734375,3827.305833379427
3853.93499994278,0.05322265625,-0.00341796875,0.9677734375,3827.315833369891
3853.944999933243,0.06201171875,-0.03271484375,0.9072265625,3827.325833360354
3853.954999923706,0.06201171875,-0.03271484375,0.9072265625,3827.335833350817
3853.964999914169,0.0224609375,-0.0205078125,0.78076171875,3827.34583334128
3853.974999904633,0.0224609375,-0.0205078125,0.78076171875,3827.355833331744
3853.984999895096,0.01416015625,-0.02001953125,0.771484375,3827.365833322207
3853.994999885559,0.01416015625,-0.02001953125,0.771484375,3827.3758333126702
3854.0049998760223,0.015625,-0.0390625,0.76416015625,3827.3858333031335
3854.0149998664856,0.015625,-0.0390625,0.76416015625,3827.3958332935968
3854.025000095368,0.03125,-0.01171875,0.77490234375,3827.405833522479
3854.035000085831,0.03125,-0.01171875,0.77490234375,3827.4158335129423
3854.045000076294,0.0478515625,-0.0537109375,0.9892578125,3827.425833503405
3854.055000066757,0.0478515625,-0.0537109375,0.9892578125,3827.4358334938684
3854.065000057221,0.02880859375,-0.0146484375,0.861328125,3827.445833484332
3854.075000047684,0.02880859375,-0.0146484375,0.861328125,3827.4558334747953
3854.085000038147,0.04541015625,-0.01171875,0.94091796875,3827.465833465258
3854.09500002861,0.04541015625,-0.01171875,0.94091796875,3827.475833455721
3854.1050000190735,0.03955078125,0.00341796875,1.1533203125,3827.4858334461846
3854.1150000095367,0.03955078125,0.00341796875,1.1533203125,3827.495833436648
3854.125,0.05908203125,-0.005859375,0.88037109375,3827.505833427111
3854.1349999904633,0.05908203125,-0.005859375,0.88037109375,3827.5158334175744
3854.1449999809274,0.04443359375,0.0048828125,1.10888671875,3827.5258334080386
3854.1549999713898,0.04443359375,0.0048828125,1.10888671875,3827.535833398501
3854.164999961853,0.06005859375,-0.0234375,1.10888671875,3827.545833388964
3854.174999952316,0.06005859375,-0.0234375,1.10888671875,3827.555833379427
3854.18499994278,0.01953125,-0.00537109375,1.08984375,3827.565833369891
3854.194999933243,0.01953125,-0.00537109375,1.08984375,3827.575833360354
3854.204999923706,0.05126953125,0.01416015625,1.10302734375,3827.585833350817
3854.214999914169,0.05126953125,0.01416015625,1.10302734375,3827.59583334128
3854.224999904633,0.0576171875,-0.0126953125,1.14892578125,3827.605833331744
3854.234999895096,0.0576171875,-0.0126953125,1.14892578125,3827.615833322207
3854.244999885559,0.05078125,0.02783203125,0.8984375,3827.6258333126702
3854.2549998760223,0.05078125,0.02783203125,0.8984375,3827.6358333031335
3854.2649998664856,0.05126953125,0.00048828125,1.146484375,3827.6458332935968
3854.275000095368,0.05126953125,0.00048828125,1.146484375,3827.655833522479
3854.285000085831,0.04931640625,-0.01513671875,1.0537109375,3827.6658335129423
3854.295000076294,0.04931640625,-0.01513671875,1.0537109375,3827.675833503405
3854.305000066757,0.0673828125,0.0205078125,0.9521484375,3827.6858334938684
3854.315000057221,0.0673828125,0.0205078125,0.9521484375,3827.695833484332
3854.325000047684,0.03173828125,-0.0029296875,1.0146484375,3827.7058334747953
3854.335000038147,0.03173828125,-0.0029296875,1.0146484375,3827.715833465258
3854.34500002861,0.06396484375,0.01904296875,0.9375,3827.725833455721
3854.3550000190735,0.06396484375,0.01904296875,0.9375,3827.7358334461846
3854.3650000095367,0.01171875,-0.00146484375,0.9130859375,3827.745833436648
3854.375,0.01171875,-0.00146484375,0.9130859375,3827.755833427111
3854.3849999904633,0.05517578125,0.01953125,1.05224609375,3827.7658334175744
3854.3949999809274,0.05517578125,0.01953125,1.05224609375,3827.7758334080386
3854.4049999713898,0.048828125,0.00439453125,1.06103515625,3827.785833398501
3854.414999961853,0.048828125,0.00439453125,1.06103515625,3827.795833388964
3854.424999952316,0.0478515625,0.01025390625,1.03564453125,3827.805833379427
3854.43499994278,0.0478515625,0.01025390625,1.03564453125,3827.815833369891
3854.444999933243,0.052734375,0.015625,1.08740234375,3827.825833360354
3854.454999923706,0.052734375,0.015625,1.08740234375,3827.835833350817
3854.464999914169,0.05908203125,0.04931640625,0.95703125,3827.84583334128
3854.474999904633,0.05908203125,0.04931640625,0.95703125,3827.855833331744
3854.484999895096,0.04541015625,0.00048828125,0.96142578125,3827.865833322207
3854.494999885559,0.04541015625,0.00048828125,0.96142578125,3827.8758333126702
3854.5049998760223,0.033203125,-0.0087890625,1.05029296875,3827.8858333031335
3854.5149998664856,0.033203125,-0.0087890625,1.05029296875,3827.8958332935968
3854.525000095368,0.04443359375,0.03466796875,0.84130859375,3827.905833522479
3854.535000085831,0.04443359375,0.03466796875,0.84130859375,3827.9158335129423
3854.545000076294,0.056640625,0.0166015625,1.11767578125,3827.925833503405
3854.555000066757,0.056640625,0.0166015625,1.11767578125,3827.9358334938684
3854.565000057221,0.08349609375,0.01220703125,0.92626953125,3827.945833484332
3854.569999933243,0.08349609375,0.01220703125,0.92626953125,3827.950833360354
3854.575000047684,0.0126953125,0.03759765625,1.05908203125,3827.9558334747953
3854.59500002861,0.0517578125,0.0009765625,0.8466796875,3827.975833455721
3854.6150000095367,0.0517578125,0.0009765625,0.8466796875,3827.995833436648
3854.625,0.04248046875,0.017578125,0.9501953125,3828.005833427111
3854.6349999904633,0.04248046875,0.017578125,0.9501953125,3828.0158334175744
3854.6449999809274,0.0615234375,0.05126953125,0.9755859375,3828.0258334080386
3854.6549999713898,0.0615234375,0.05126953125,0.9755859375,3828.035833398501
3854.664999961853,0.06396484375,-0.02978515625,1.1708984375,3828.045833388964
3854.674999952316,0.06396484375,-0.02978515625,1.1708984375,3828.055833379427
3854.68499994278,0.0322265625,0.0712890625,1.0009765625,3828.065833369891
3854.694999933243,0.0322265625,0.0712890625,1.0009765625,3828.075833360354
3854.704999923706,0.02783203125,-0.00146484375,1.013671875,3828.085833350817
3854.714999914169,0.02783203125,-0.00146484375,1.013671875,3828.09583334128
3854.724999904633,0.06298828125,0.001953125,1.23388671875,3828.105833331744
3854.734999895096,0.06298828125,0.001953125,1.23388671875,3828.115833322207
3854.744999885559,0.06103515625,0.00634765625,0.90673828125,3828.1258333126702
3854.7549998760223,0.06103515625,0.00634765625,0.90673828125,3828.1358333031335
3854.7649998664856,0.025390625,-0.00146484375,1.0341796875,3828.1458332935968
3854.775000095368,0.025390625,-0.00146484375,1.0341796875,3828.155833522479
3854.785000085831,0.08984375,0.02685546875,0.98828125,3828.1658335129423
3854.795000076294,0.08984375,0.02685546875,0.98828125,3828.175833503405
3854.805000066757,0.04443359375,0.0029296875,0.92822265625,3828.1858334938684
3854.815000057221,0.04443359375,0.0029296875,0.92822265625,3828.195833484332
3854.825000047684,0.06396484375,0.03173828125,1.03955078125,3828.2058334747953
3854.835000038147,0.06396484375,0.03173828125,1.03955078125,3828.215833465258
3854.84500002861,0.044921875,-0.03173828125,0.8779296875,3828.225833455721
3854.8550000190735,0.044921875,-0.03173828125,0.8779296875,3828.2358334461846
3854.8650000095367,0.04248046875,0.01123046875,0.79736328125,3828.245833436648
3854.875,0.04248046875,0.01123046875,0.79736328125,3828.255833427111
3854.8849999904633,0.0439453125,0.005859375,0.88916015625,3828.2658334175744
3854.8949999809274,0.0439453125,0.005859375,0.88916015625,3828.2758334080386
3854.9049999713898,0.07861328125,0.00830078125,0.86181640625,3828.285833398501
3854.914999961853,0.07861328125,0.00830078125,0.86181640625,3828.295833388964
3854.924999952316,0.0673828125,0.04443359375,0.95947265625,3828.305833379427
3854.93499994278,0.0673828125,0.04443359375,0.95947265625,3828.315833369891
3854.944999933243,0.0830078125,-0.01171875,1.03955078125,3828.325833360354
3854.954999923706,0.0830078125,-0.01171875,1.03955078125,3828.335833350817
3854.964999914169,0.06689453125,0.01953125,1.162109375,3828.34583334128
3854.974999904633,0.06689453125,0.01953125,1.162109375,3828.355833331744
3854.984999895096,0.0439453125,-0.03662109375,1.3173828125,3828.365833322207
3854.994999885559,0.0439453125,-0.03662109375,1.3173828125,3828.3758333126702
3855.0049998760223,0.05859375,0.00341796875,1.2060546875,3828.3858333031335
3855.0149998664856,0.05859375,0.00341796875,1.2060546875,3828.3958332935968
3855.025000095368,0.05078125,0.04248046875,1.2724609375,3828.405833522479
3855.035000085831,0.05078125,0.04248046875,1.2724609375,3828.4158335129423
3855.045000076294,0.09814453125,-0.01171875,1.30224609375,3828.425833503405
3855.055000066757,0.09814453125,-0.01171875,1.30224609375,3828.4358334938684
3855.065000057221,0.02783203125,0.0078125,1.2734375,3828.445833484332
3855.075000047684,0.02783203125,0.0078125,1.2734375,3828.4558334747953
3855.085000038147,0.04833984375,0.033203125,1.10791015625,3828.465833465258
3855.09500002861,0.04833984375,0.033203125,1.10791015625,3828.475833455721
3855.1050000190735,0.05810546875,-0.005859375,1.30419921875,3828.4858334461846
3855.1150000095367,0.05810546875,-0.005859375,1.30419921875,3828.495833436648
3855.125,0.0537109375,0.02294921875,1.10009765625,3828.505833427111
3855.1349999904633,0.0537109375,0.02294921875,1.10009765625,3828.5158334175744
3855.1449999809274,0.0263671875,-0.01806640625,1.0078125,3828.5258334080386
3855.1549999713898,0.0263671875,-0.01806640625,1.0078125,3828.535833398501
3855.164999961853,0.06103515625,0.0234375,0.9814453125,3828.545833388964
3855.174999952316,0.06103515625,0.0234375,0.9814453125,3828.555833379427
3855.18499994278,0.05029296875,-0.01904296875,0.7861328125,3828.565833369891
3855.194999933243,0.05029296875,-0.01904296875,0.7861328125,3828.575833360354
3855.204999923706,0.046875,-0.00146484375,1.01171875,3828.585833350817
3855.214999914169,0.046875,-0.00146484375,1.01171875,3828.59583334128
3855.224999904633,0.0537109375,0.001953125,0.84228515625,3828.605833331744
3855.234999895096,0.0537109375,0.001953125,0.84228515625,3828.615833322207
3855.244999885559,0.0224609375,0.03662109375,0.8017578125,3828.6258333126702
3855.2549998760223,0.0224609375,0.03662109375,0.8017578125,3828.6358333031335
3855.2649998664856,0.0546875,-0.0205078125,0.9404296875,3828.6458332935968
3855.275000095368,0.0546875,-0.0205078125,0.9404296875,3828.655833522479
3855.285000085831,0.0537109375,-0.00537109375,0.9814453125,3828.6658335129423
3855.295000076294,0.0537109375,-0.00537109375,0.9814453125,3828.675833503405
3855.305000066757,0.04052734375,0.0234375,0.91064453125,3828.6858334938684
3855.315000057221,0.04052734375,0.0234375,0.91064453125,3828.695833484332
3855.325000047684,0.052734375,-0.02490234375,1.12255859375,3828.7058334747953
3855.335000038147,0.052734375,-0.02490234375,1.12255859375,3828.715833465258
3855.34500002861,0.07568359375,0.02978515625,1.11181640625,3828.725833455721
3855.3550000190735,0.07568359375,0.02978515625,1.11181640625,3828.7358334461846
3855.3650000095367,0.03125,-0.00341796875,1.1943359375,3828.745833436648
3855.375,0.03125,-0.00341796875,1.1943359375,3828.755833427111
3855.3849999904633,0.07421875,-0.0029296875,1.1806640625,3828.7658334175744
3855.3949999809274,0.07421875,-0.0029296875,1.1806640625,3828.7758334080386
3855.4049999713898,0.05078125,-0.00927734375,1.01171875,3828.785833398501
3855.414999961853,0.05078125,-0.00927734375,1.01171875,3828.795833388964
3855.424999952316,0.05859375,-0.025390625,1.04296875,3828.805833379427
3855.43499994278,0.05859375,-0.025390625,1.04296875,3828.815833369891
3855.444999933243,0.041015625,-0.029296875,0.9970703125,3828.825833360354
3855.454999923706,0.041015625,-0.029296875,0.9970703125,3828.835833350817
3855.464999914169,0.03857421875,0.0009765625,0.85302734375,3828.84583334128
3855.474999904633,0.03857421875,0.0009765625,0.85302734375,3828.855833331744
3855.484999895096,0.04931640625,-0.0322265625,0.861328125,3828.865833322207
3855.494999885559,0.04931640625,-0.0322265625,0.861328125,3828.8758333126702
3855.5049998760223,0.04248046875,0.01025390625,0.9462890625,3828.8858333031335
3855.5149998664856,0.04248046875,0.01025390625,0.9462890625,3828.8958332935968
3855.525000095368,0.04736328125,-0.01611328125,0.88818359375,3828.905833522479
3855.535000085831,0.04736328125,-0.01611328125,0.88818359375,3828.9158335129423
3855.545000076294,0.0576171875,-0.01513671875,1.03564453125,3828.925833503405
3855.555000066757,0.0576171875,-0.01513671875,1.03564453125,3828.9358334938684
3855.565000057221,0.06005859375,-0.00390625,0.91552734375,3828.945833484332
3855.569999933243,0.06005859375,-0.00390625,0.91552734375,3828.950833360354
3855.575000047684,0.02734375,-0.00439453125,0.98828125,3828.9558334747953
3855.59500002861,0.02734375,-0.00439453125,0.98828125,3828.975833455721
3855.6050000190735,0.072265625,-0.0341796875,1.095703125,3828.9858334461846
3855.6150000095367,0.072265625,-0.0341796875,1.095703125,3828.995833436648
3855.625,0.0478515625,0.009765625,0.88232421875,3829.005833427111
3855.6349999904633,0.0478515625,0.009765625,0.88232421875,3829.0158334175744
3855.6449999809274,0.072265625,-0.0068359375,1.10302734375,3829.0258334080386
3855.6549999713898,0.072265625,-0.0068359375,1.10302734375,3829.035833398501
3855.664999961853,0.06201171875,-0.05078125,1.07958984375,3829.045833388964
3855.674999952316,0.06201171875,-0.05078125,1.07958984375,3829.055833379427
3855.68499994278,0.0205078125,0.02587890625,0.90771484375,3829.065833369891
3855.694999933243,0.0205078125,0.02587890625,0.90771484375,3829.075833360354
3855.704999923706,0.0595703125,-0.02978515625,0.85595703125,3829.085833350817
3855.714999914169,0.0595703125,-0.02978515625,0.85595703125,3829.09583334128
3855.724999904633,0.076171875,-0.00390625,1.044921875,3829.105833331744
3855.734999895096,0.076171875,-0.00390625,1.044921875,3829.115833322207
3855.744999885559,0.052734375,0.00048828125,0.9638671875,3829.1258333126702
3855.7549998760223,0.052734375,0.00048828125,0.9638671875,3829.1358333031335
3855.7649998664856,0.02490234375,-0.04052734375,1.12841796875,3829.1458332935968
3855.775000095368,0.02490234375,-0.04052734375,1.12841796875,3829.155833522479
3855.785000085831,0.080078125,0.01611328125,0.9921875,3829.1658335129423
3855.795000076294,0.080078125,0.01611328125,0.9921875,3829.175833503405
3855.805000066757,0.02978515625,-0.02587890625,1.04931640625,3829.1858334938684
3855.815000057221,0.02978515625,-0.02587890625,1.04931640625,3829.195833484332
3855.825000047684,0.0712890625,-0.01220703125,1.1005859375,3829.2058334747953
3855.835000038147,0.0712890625,-0.01220703125,1.1005859375,3829.215833465258
3855.84500002861,0.0400390625,-0.001953125,0.99951171875,3829.225833455721
3855.8550000190735,0.0400390625,-0.001953125,0.99951171875,3829.2358334461846
3855.8650000095367,0.048828125,0.0263671875,0.9609375,3829.245833436648
3855.875,0.048828125,0.0263671875,0.9609375,3829.255833427111
3855.8849999904633,0.052734375,-0.03125,1.103515625,3829.2658334175744
3855.8949999809274,0.052734375,-0.03125,1.103515625,3829.2758334080386
3855.9049999713898,0.06396484375,0.01953125,0.9501953125,3829.285833398501
3855.914999961853,0.06396484375,0.01953125,0.9501953125,3829.295833388964
3855.924999952316,0.05908203125,0.0068359375,1.04736328125,3829.305833379427
3855.93499994278,0.05908203125,0.0068359375,1.04736328125,3829.315833369891
3855.944999933243,0.0400390625,0.0048828125,0.841796875,3829.325833360354
3855.954999923706,0.0400390625,0.0048828125,0.841796875,3829.335833350817
3855.964999914169,0.02978515625,-0.00244140625,0.75,3829.34583334128
3855.974999904633,0.02978515625,-0.00244140625,0.75,3829.355833331744
3855.984999895096,0.046875,-0.005859375,0.955078125,3829.365833322207
3855.994999885559,0.046875,-0.005859375,0.955078125,3829.3758333126702
3856.0049998760223,0.06201171875,-0.00390625,0.677734375,3829.3858333031335
3856.0149998664856,0.06201171875,-0.00390625,0.677734375,3829.3958332935968
3856.025000095368,0.05126953125,0.0146484375,0.87109375,3829.405833522479
3856.035000085831,0.05126953125,0.0146484375,0.87109375,3829.4158335129423
3856.045000076294,0.09033203125,-0.02001953125,0.9345703125,3829.425833503405
3856.055000066757,0.09033203125,-0.02001953125,0.9345703125,3829.4358334938684
3856.065000057221,0.05078125,0.013671875,0.947265625,3829.445833484332
3856.075000047684,0.05078125,0.013671875,0.947265625,3829.4558334747953
3856.085000038147,0.0654296875,-0.00244140625,1.08349609375,3829.465833465258
3856.09500002861,0.0654296875,-0.00244140625,1.08349609375,3829.475833455721
3856.1050000190735,0.06005859375,-0.03564453125,1.11328125,3829.4858334461846
3856.1150000095367,0.06005859375,-0.03564453125,1.11328125,3829.495833436648
3856.125,0.05712890625,0.03466796875,1.09228515625,3829.505833427111
3856.1349999904633,0.05712890625,0.03466796875,1.09228515625,3829.5158334175744
3856.1449999809274,0.06591796875,-0.00830078125,1.22998046875,3829.5258334080386
3856.1549999713898,0.06591796875,-0.00830078125,1.22998046875,3829.535833398501
3856.164999961853,0.07958984375,-0.00537109375,1.35302734375,3829.545833388964
3856.174999952316,0.07958984375,-0.00537109375,1.35302734375,3829.555833379427
3856.18499994278,0.06884765625,0.01318359375,1.25244140625,3829.565833369891
3856.194999933243,0.06884765625,0.01318359375,1.25244140625,3829.575833360354
3856.204999923706,0.0439453125,0.0087890625,1.30908203125,3829.585833350817
3856.214999914169,0.0439453125,0.0087890625,1.30908203125,3829.59583334128
3856.224999904633,0.068359375,-0.00146484375,1.142578125,3829.605833331744
3856.234999895096,0.068359375,-0.00146484375,1.142578125,3829.615833322207
3856.244999885559,0.0087890625,-0.0068359375,1.01416015625,3829.6258333126702
3856.2549998760223,0.0087890625,-0.0068359375,1.01416015625,3829.6358333031335
3856.2649998664856,0.064453125,0.0185546875,0.890625,3829.6458332935968
3856.275000095368,0.064453125,0.0185546875,0.890625,3829.655833522479
3856.285000085831,0.05615234375,0.0078125,0.95361328125,3829.6658335129423
3856.295000076294,0.05615234375,0.0078125,0.95361328125,3829.675833503405
3856.305000066757,0.05322265625,0.0400390625,0.89111328125,3829.6858334938684
3856.315000057221,0.05322265625,0.0400390625,0.89111328125,3829.695833484332
3856.325000047684,0.02734375,-0.03271484375,0.87646484375,3829.7058334747953
3856.335000038147,0.02734375,-0.03271484375,0.87646484375,3829.715833465258
3856.34500002861,0.0556640625,0.02734375,0.80615234375,3829.725833455721
3856.3550000190735,0.0556640625,0.02734375,0.80615234375,3829.7358334461846
3856.3650000095367,0.0390625,0.00634765625,0.90478515625,3829.745833436648
3856.375,0.0390625,0.00634765625,0.90478515625,3829.755833427111
3856.3849999904633,0.04443359375,-0.00341796875,0.8642578125,3829.7658334175744
3856.3949999809274,0.04443359375,-0.00341796875,0.8642578125,3829.7758334080386
3856.4049999713898,0.0556640625,0.017578125,0.9365234375,3829.785833398501
3856.414999961853,0.0556640625,0.017578125,0.9365234375,3829.795833388964
3856.424999952316,0.0546875,0.01318359375,1.06787109375,3829.805833379427
3856.43499994278,0.0546875,0.01318359375,1.06787109375,3829.815833369891
3856.444999933243,0.0546875,-0.01123046875,1.0546875,3829.825833360354
3856.454999923706,0.0546875,-0.01123046875,1.0546875,3829.835833350817
3856.464999914169,0.048828125,0.04541015625,1.0791015625,3829.84583334128
3856.474999904633,0.048828125,0.04541015625,1.0791015625,3829.855833331744
3856.484999895096,0.0625,-0.009765625,0.93310546875,3829.865833322207
3856.494999885559,0.0625,-0.009765625,0.93310546875,3829.8758333126702
3856.5049998760223,0.07275390625,0.03662109375,1.06884765625,3829.8858333031335
3856.5149998664856,0.07275390625,0.03662109375,1.06884765625,3829.8958332935968
3856.525000095368,0.05517578125,0.02392578125,0.99951171875,3829.905833522479
3856.535000085831,0.05517578125,0.02392578125,0.99951171875,3829.9158335129423
3856.545000076294,0.0478515625,-0.00830078125,1.08642578125,3829.925833503405
3856.555000066757,0.0478515625,-0.00830078125,1.08642578125,3829.9358334938684
3856.565000057221,0.06591796875,0.0478515625,0.96630859375,3829.945833484332
3856.569999933243,0.03076171875,0.00732421875,1.01220703125,3829.950833360354
3856.575000047684,0.03076171875,0.00732421875,1.01220703125,3829.9558334747953
3856.59500002861,0.08056640625,0.0400390625,1.05517578125,3829.975833455721
3856.609999895096,0.08056640625,0.0400390625,1.05517578125,3829.990833322207
3856.619999885559,0.05419921875,0.0361328125,0.9560546875,3830.0008333126702
3856.6299998760223,0.05419921875,0.0361328125,0.9560546875,3830.0108333031335
3856.6399998664856,0.05419921875,0.03515625,1.06640625,3830.0208332935968
3856.650000095368,0.05419921875,0.03515625,1.06640625,3830.030833522479
3856.660000085831,0.064453125,0.00439453125,0.9345703125,3830.0408335129423
3856.670000076294,0.064453125,0.00439453125,0.9345703125,3830.050833503405
3856.680000066757,0.0478515625,0.0576171875,0.978515625,3830.0608334938684
3856.690000057221,0.0478515625,0.0576171875,0.978515625,3830.070833484332
3856.700000047684,0.0634765625,-0.00048828125,0.873046875,3830.0808334747953
3856.710000038147,0.0634765625,-0.00048828125,0.873046875,3830.090833465258
3856.72000002861,0.05859375,0.0517578125,0.97119140625,3830.100833455721
3856.7300000190735,0.05859375,0.0517578125,0.97119140625,3830.1108334461846
3856.7400000095367,0.04638671875,0.02197265625,0.83935546875,3830.120833436648
3856.75,0.04638671875,0.02197265625,0.83935546875,3830.130833427111
3856.7599999904633,0.052734375,0.017578125,1.03076171875,3830.1408334175744
3856.7699999809274,0.052734375,0.017578125,1.03076171875,3830.1508334080386
3856.7799999713898,0.09228515625,0.03857421875,0.97265625,3830.160833398501
3856.789999961853,0.09228515625,0.03857421875,0.97265625,3830.170833388964
3856.799999952316,0.03759765625,0.01123046875,1.03173828125,3830.180833379427
3856.80999994278,0.03759765625,0.01123046875,1.03173828125,3830.190833369891
3856.819999933243,0.0859375,0.0380859375,1.0888671875,3830.200833360354
3856.829999923706,0.0859375,0.0380859375,1.0888671875,3830.210833350817
3856.839999914169,0.06982421875,0.03564453125,1.119140625,3830.22083334128
3856.849999904633,0.06982421875,0.03564453125,1.119140625,3830.230833331744
3856.859999895096,0.080078125,0.0263671875,1.21533203125,3830.240833322207
3856.869999885559,0.080078125,0.0263671875,1.21533203125,3830.2508333126702
3856.8799998760223,0.03857421875,-0.02392578125,1.04833984375,3830.2608333031335
3856.8899998664856,0.03857421875,-0.02392578125,1.04833984375,3830.2708332935968
3856.900000095368,0.04638671875,0.013671875,1.02685546875,3830.280833522479
3856.910000085831,0.04638671875,0.013671875,1.02685546875,3830.2908335129423
3856.920000076294,0.0830078125,-0.02734375,1.10107421875,3830.300833503405
3856.930000066757,0.0830078125,-0.02734375,1.10107421875,3830.3108334938684
3856.940000057221,0.0517578125,0.01806640625,1.1787109375,3830.320833484332
3856.950000047684,0.0517578125,0.01806640625,1.1787109375,3830.3308334747953
3856.960000038147,0.0419921875,-0.005859375,1.03125,3830.340833465258
3856.97000002861,0.0419921875,-0.005859375,1.03125,3830.350833455721
3856.9800000190735,0.06298828125,0.017578125,1.09912109375,3830.3608334461846
3856.9900000095367,0.06298828125,0.017578125,1.09912109375,3830.370833436648
3857.0,0.07568359375,-0.0166015625,0.7880859375,3830.380833427111
3857.0099999904633,0.07568359375,-0.0166015625,0.7880859375,3830.3908334175744
3857.0199999809274,0.07080078125,-0.00830078125,0.9384765625,3830.4008334080386
3857.0299999713898,0.07080078125,-0.00830078125,0.9384765625,3830.410833398501
3857.039999961853,0.08203125,0.01904296875,0.89501953125,3830.420833388964
3857.049999952316,0.08203125,0.01904296875,0.89501953125,3830.430833379427
3857.05999994278,0.05029296875,0.02392578125,0.873046875,3830.440833369891
3857.069999933243,0.05029296875,0.02392578125,0.873046875,3830.450833360354
3857.079999923706,0.07470703125,0.02294921875,1.00830078125,3830.460833350817
3857.089999914169,0.07470703125,0.02294921875,1.00830078125,3830.47083334128
3857.099999904633,0.09423828125,0.04638671875,1.03271484375,3830.480833331744
3857.109999895096,0.09423828125,0.04638671875,1.03271484375,3830.490833322207
3857.119999885559,0.06396484375,0.0546875,0.98095703125,3830.5008333126702
3857.1299998760223,0.06396484375,0.0546875,0.98095703125,3830.5108333031335
3857.1399998664856,0.1064453125,-0.03759765625,1.12353515625,3830.5208332935968
3857.150000095368,0.1064453125,-0.03759765625,1.12353515625,3830.530833522479
3857.160000085831,0.0712890625,0.06884765625,1.08544921875,3830.5408335129423
3857.170000076294,0.0712890625,0.06884765625,1.08544921875,3830.550833503405
3857.180000066757,0.0439453125,0.00244140625,0.92626953125,3830.5608334938684
3857.190000057221,0.0439453125,0.00244140625,0.92626953125,3830.570833484332
3857.200000047684,0.0869140625,-0.009765625,1.14892578125,3830.5808334747953
3857.210000038147,0.0869140625,-0.009765625,1.14892578125,3830.590833465258
3857.22000002861,0.07958984375,0.05908203125,0.953125,3830.600833455721
3857.2300000190735,0.07958984375,0.05908203125,0.953125,3830.6108334461846
3857.2400000095367,0.06201171875,-0.0224609375,0.99658203125,3830.620833436648
3857.25,0.06201171875,-0.0224609375,0.99658203125,3830.630833427111
3857.2599999904633,0.1123046875,0.0361328125,1.10107421875,3830.6408334175744
3857.2699999809274,0.1123046875,0.0361328125,1.10107421875,3830.6508334080386
3857.2799999713898,0.0546875,0.0087890625,0.93017578125,3830.660833398501
3857.289999961853,0.0546875,0.0087890625,0.93017578125,3830.670833388964
3857.299999952316,0.08837890625,0.01611328125,1.048828125,3830.680833379427
3857.30999994278,0.08837890625,0.01611328125,1.048828125,3830.690833369891
3857.319999933243,0.04248046875,-0.0068359375,1.00390625,3830.700833360354
3857.329999923706,0.04248046875,-0.0068359375,1.00390625,3830.710833350817
3857.339999914169,0.076171875,0.04345703125,0.88427734375,3830.72083334128
3857.349999904633,0.076171875,0.04345703125,0.88427734375,3830.730833331744
3857.359999895096,0.0693359375,0.02197265625,1.22216796875,3830.740833322207
3857.369999885559,0.0693359375,0.02197265625,1.22216796875,3830.7508333126702
3857.3799998760223,0.05859375,0.0009765625,1.0712890625,3830.7608333031335
3857.3899998664856,0.05859375,0.0009765625,1.0712890625,3830.7708332935968
3857.400000095368,0.056640625,0.01025390625,1.18310546875,3830.780833522479
3857.410000085831,0.056640625,0.01025390625,1.18310546875,3830.7908335129423
3857.420000076294,0.0908203125,0.029296875,1.11279296875,3830.800833503405
3857.430000066757,0.0908203125,0.029296875,1.11279296875,3830.8108334938684
3857.440000057221,0.076171875,-0.00732421875,0.98779296875,3830.820833484332
3857.450000047684,0.076171875,-0.00732421875,0.98779296875,3830.8308334747953
3857.460000038147,0.09033203125,0.01220703125,1.2587890625,3830.840833465258
3857.47000002861,0.09033203125,0.01220703125,1.2587890625,3830.850833455721
3857.4800000190735,0.072265625,-0.00439453125,1.02587890625,3830.8608334461846
3857.4900000095367,0.072265625,-0.00439453125,1.02587890625,3830.870833436648
3857.5,0.02001953125,0.021484375,0.94921875,3830.880833427111
3857.5099999904633,0.02001953125,0.021484375,0.94921875,3830.8908334175744
3857.5199999809274,0.1142578125,-0.009765625,0.9384765625,3830.9008334080386
3857.5299999713898,0.1142578125,-0.009765625,0.9384765625,3830.910833398501
3857.539999961853,0.08349609375,-0.0009765625,0.90087890625,3830.920833388964
3857.549999952316,0.08349609375,-0.0009765625,0.90087890625,3830.930833379427
3857.55999994278,0.07373046875,0.02001953125,0.837890625,3830.940833369891
3857.569999933243,0.07373046875,0.02001953125,0.837890625,3830.950833360354
3857.575000047684,0.03759765625,-0.0595703125,0.88525390625,3830.9558334747953
3857.579999923706,0.0732421875,0.05517578125,0.80419921875,3830.960833350817
3857.599999904633,0.0732421875,0.05517578125,0.80419921875,3830.980833331744
3857.6150000095367,0.0458984375,-0.017578125,0.859375,3830.995833436648
3857.625,0.0458984375,-0.017578125,0.859375,3831.005833427111
3857.6349999904633,0.11181640625,0.01123046875,0.88037109375,3831.0158334175744
3857.6449999809274,0.11181640625,0.01123046875,0.88037109375,3831.0258334080386
3857.6549999713898,0.0576171875,0.0146484375,0.89697265625,3831.035833398501
3857.664999961853,0.0576171875,0.0146484375,0.89697265625,3831.045833388964
3857.674999952316,0.05126953125,-0.02734375,0.912109375,3831.055833379427
3857.68499994278,0.05126953125,-0.02734375,0.912109375,3831.065833369891
3857.694999933243,0.0576171875,-0.0185546875,1.07958984375,3831.075833360354
3857.704999923706,0.0576171875,-0.0185546875,1.07958984375,3831.085833350817
3857.714999914169,0.07666015625,-0.0029296875,1.0712890625,3831.09583334128
3857.724999904633,0.07666015625,-0.0029296875,1.0712890625,3831.105833331744
3857.734999895096,0.1015625,-0.01220703125,0.984375,3831.115833322207
3857.744999885559,0.1015625,-0.01220703125,0.984375,3831.1258333126702
3857.7549998760223,0.07275390625,-0.00341796875,1.1240234375,3831.1358333031335
3857.7649998664856,0.07275390625,-0.00341796875,1.1240234375,3831.1458332935968
3857.775000095368,0.0947265625,0.0029296875,1.0908203125,3831.155833522479
3857.785000085831,0.0947265625,0.0029296875,1.0908203125,3831.1658335129423
3857.795000076294,0.0439453125,-0.01416015625,1.07421875,3831.175833503405
3857.805000066757,0.0439453125,-0.01416015625,1.07421875,3831.1858334938684
3857.815000057221,0.0712890625,0.01904296875,0.91748046875,3831.195833484332
3857.825000047684,0.0712890625,0.01904296875,0.91748046875,3831.2058334747953
3857.835000038147,0.0751953125,-0.01416015625,1.0751953125,3831.215833465258
3857.84500002861,0.0751953125,-0.01416015625,1.0751953125,3831.225833455721
3857.8550000190735,0.1123046875,-0.0068359375,0.98583984375,3831.2358334461846
3857.8650000095367,0.1123046875,-0.0068359375,0.98583984375,3831.245833436648
3857.875,0.05126953125,-0.02392578125,0.98291015625,3831.255833427111
3857.8849999904633,0.05126953125,-0.02392578125,0.98291015625,3831.2658334175744
3857.8949999809274,0.08642578125,-0.02685546875,1.087890625,3831.2758334080386
3857.9049999713898,0.08642578125,-0.02685546875,1.087890625,3831.285833398501
3857.914999961853,0.07470703125,-0.00244140625,0.97265625,3831.295833388964
3857.924999952316,0.07470703125,-0.00244140625,0.97265625,3831.305833379427
3857.93499994278,0.0751953125,-0.00244140625,0.94091796875,3831.315833369891
3857.944999933243,0.0751953125,-0.00244140625,0.94091796875,3831.325833360354
3857.954999923706,0.0771484375,-0.03857421875,0.9140625,3831.335833350817
3857.964999914169,0.0771484375,-0.03857421875,0.9140625,3831.34583334128
3857.974999904633,0.0615234375,0.02197265625,1.0615234375,3831.355833331744
3857.984999895096,0.0615234375,0.02197265625,1.0615234375,3831.365833322207
3857.994999885559,0.0439453125,-0.03271484375,0.88671875,3831.3758333126702
3858.0049998760223,0.0439453125,-0.03271484375,0.88671875,3831.3858333031335
3858.0149998664856,0.076171875,-0.00439453125,1.04345703125,3831.3958332935968
3858.025000095368,0.076171875,-0.00439453125,1.04345703125,3831.405833522479
3858.035000085831,0.08251953125,-0.00244140625,1.06298828125,3831.4158335129423
3858.045000076294,0.08251953125,-0.00244140625,1.06298828125,3831.425833503405
3858.055000066757,0.05078125,-0.01025390625,0.97802734375,3831.4358334938684
3858.065000057221,0.05078125,-0.01025390625,0.97802734375,3831.445833484332
3858.075000047684,0.07470703125,0.01123046875,0.93408203125,3831.4558334747953
3858.085000038147,0.07470703125,0.01123046875,0.93408203125,3831.465833465258
3858.09500002861,0.05712890625,-0.0400390625,1.111328125,3831.475833455721
3858.1050000190735,0.05712890625,-0.0400390625,1.111328125,3831.4858334461846
3858.1150000095367,0.091796875,0.01220703125,0.94287109375,3831.495833436648
3858.125,0.091796875,0.01220703125,0.94287109375,3831.505833427111
3858.1349999904633,0.03271484375,-0.04296875,0.943359375,3831.5158334175744
3858.1449999809274,0.03271484375,-0.04296875,0.943359375,3831.5258334080386
3858.1549999713898,0.12255859375,0.0068359375,0.994140625,3831.535833398501
3858.164999961853,0.12255859375,0.0068359375,0.994140625,3831.545833388964
3858.174999952316,0.0498046875,-0.025390625,0.8447265625,3831.555833379427
3858.18499994278,0.0498046875,-0.025390625,0.8447265625,3831.565833369891
3858.194999933243,0.07177734375,-0.0166015625,0.95263671875,3831.575833360354
3858.204999923706,0.07177734375,-0.0166015625,0.95263671875,3831.585833350817
3858.214999914169,0.056640625,-0.04248046875,1.1015625,3831.59583334128
3858.224999904633,0.056640625,-0.04248046875,1.1015625,3831.605833331744
3858.234999895096,0.080078125,-0.0078125,0.93212890625,3831.615833322207
3858.244999885559,0.080078125,-0.0078125,0.93212890625,3831.6258333126702
3858.2549998760223,0.07080078125,-0.029296875,1.04248046875,3831.6358333031335
3858.2649998664856,0.07080078125,-0.029296875,1.04248046875,3831.6458332935968
3858.275000095368,0.0849609375,-0.03955078125,1.12890625,3831.655833522479
3858.285000085831,0.0849609375,-0.03955078125,1.12890625,3831.6658335129423
3858.295000076294,0.0673828125,0.02099609375,1.03564453125,3831.675833503405
3858.305000066757,0.0673828125,0.02099609375,1.03564453125,3831.6858334938684
3858.315000057221,0.04345703125,-0.03125,1.05078125,3831.695833484332
3858.325000047684,0.04345703125,-0.03125,1.05078125,3831.7058334747953
3858.335000038147,0.09375,-0.0166015625,1.10009765625,3831.715833465258
3858.34500002861,0.09375,-0.0166015625,1.10009765625,3831.725833455721
3858.3550000190735,0.06689453125,0.005859375,1.10009765625,3831.7358334461846
3858.3650000095367,0.06689453125,0.005859375,1.10009765625,3831.745833436648
3858.375,0.08154296875,-0.001953125,0.986328125,3831.755833427111
3858.3849999904633,0.08154296875,-0.001953125,0.986328125,3831.7658334175744
3858.3949999809274,0.04833984375,-0.00927734375,0.9453125,3831.7758334080386
3858.4049999713898,0.04833984375,-0.00927734375,0.9453125,3831.785833398501
3858.414999961853,0.0810546875,0.0068359375,0.99365234375,3831.795833388964
3858.424999952316,0.0810546875,0.0068359375,0.99365234375,3831.805833379427
3858.43499994278,0.05419921875,-0.01806640625,1.0341796875,3831.815833369891
3858.444999933243,0.05419921875,-0.01806640625,1.0341796875,3831.825833360354
3858.454999923706,0.072265625,-0.0126953125,0.8193359375,3831.835833350817
3858.464999914169,0.072265625,-0.0126953125,0.8193359375,3831.84583334128
3858.474999904633,0.08984375,-0.017578125,1.05224609375,3831.855833331744
3858.484999895096,0.08984375,-0.017578125,1.05224609375,3831.865833322207
3858.494999885559,0.0712890625,-0.02880859375,0.8515625,3831.8758333126702
3858.5049998760223,0.0712890625,-0.02880859375,0.8515625,3831.8858333031335
3858.5149998664856,0.06103515625,-0.0029296875,0.93701171875,3831.8958332935968
3858.525000095368,0.06103515625,-0.0029296875,0.93701171875,3831.905833522479
3858.535000085831,0.09521484375,0.0048828125,1.0576171875,3831.9158335129423
3858.545000076294,0.09521484375,0.0048828125,1.0576171875,3831.925833503405
3858.555000066757,0.06640625,0.0078125,0.8154296875,3831.9358334938684
3858.565000057221,0.06640625,0.0078125,0.8154296875,3831.945833484332
3858.575000047684,0.04052734375,-0.01513671875,0.9716796875,3831.9558334747953
3858.579999923706,0.04052734375,-0.01513671875,0.9716796875,3831.960833350817
3858.585000038147,0.08935546875,-0.01025390625,1.1083984375,3831.965833465258
3858.6050000190735,0.08935546875,-0.01025390625,1.1083984375,3831.9858334461846
3858.619999885559,0.0546875,0.0,1.12353515625,3832.0008333126702
3858.6299998760223,0.06201171875,0.00146484375,0.95361328125,3832.0108333031335
3858.6399998664856,0.06201171875,0.00146484375,0.95361328125,3832.0208332935968
3858.650000095368,0.06494140625,0.01123046875,1.1240234375,3832.030833522479
3858.660000085831,0.06494140625,0.01123046875,1.1240234375,3832.0408335129423
3858.670000076294,0.0859375,0.02734375,0.99609375,3832.050833503405
3858.680000066757,0.0859375,0.02734375,0.99609375,3832.0608334938684
3858.690000057221,0.0341796875,-0.03955078125,1.10791015625,3832.070833484332
3858.700000047684,0.0341796875,-0.03955078125,1.10791015625,3832.0808334747953
3858.710000038147,0.0859375,0.02880859375,1.03564453125,3832.090833465258
3858.72000002861,0.0859375,0.02880859375,1.03564453125,3832.100833455721
3858.7300000190735,0.0458984375,-0.00048828125,0.97216796875,3832.1108334461846
3858.7400000095367,0.0458984375,-0.00048828125,0.97216796875,3832.120833436648
3858.75,0.10107421875,0.00830078125,0.92578125,3832.130833427111
3858.7599999904633,0.10107421875,0.00830078125,0.92578125,3832.1408334175744
3858.7699999809274,0.0595703125,-0.03662109375,0.9287109375,3832.1508334080386
3858.7799999713898,0.0595703125,-0.03662109375,0.9287109375,3832.160833398501
3858.789999961853,0.08154296875,0.01806640625,0.92431640625,3832.170833388964
3858.799999952316,0.08154296875,0.01806640625,0.92431640625,3832.180833379427
3858.80999994278,0.06787109375,-0.0283203125,1.029296875,3832.190833369891
3858.819999933243,0.06787109375,-0.0283203125,1.029296875,3832.200833360354
3858.829999923706,0.048828125,0.0,0.9619140625,3832.210833350817
3858.839999914169,0.048828125,0.0,0.9619140625,3832.22083334128
3858.849999904633,0.08837890625,0.037109375,1.03759765625,3832.230833331744
3858.859999895096,0.08837890625,0.037109375,1.03759765625,3832.240833322207
3858.869999885559,0.06787109375,-0.03857421875,0.91015625,3832.2508333126702
3858.8799998760223,0.06787109375,-0.03857421875,0.91015625,3832.2608333031335
3858.8899998664856,0.06396484375,0.015625,0.96630859375,3832.2708332935968
3858.900000095368,0.06396484375,0.015625,0.96630859375,3832.280833522479
3858.910000085831,0.03857421875,-0.02685546875,0.96630859375,3832.2908335129423
3858.920000076294,0.03857421875,-0.02685546875,0.96630859375,3832.300833503405
3858.930000066757,0.0859375,0.03515625,0.88134765625,3832.3108334938684
3858.940000057221,0.0859375,0.03515625,0.88134765625,3832.320833484332
3858.950000047684,0.03515625,-0.013671875,0.9677734375,3832.3308334747953
3858.960000038147,0.03515625,-0.013671875,0.9677734375,3832.340833465258
3858.97000002861,0.10400390625,0.0029296875,1.05712890625,3832.350833455721
3858.9800000190735,0.10400390625,0.0029296875,1.05712890625,3832.3608334461846
3858.9900000095367,0.04052734375,0.0048828125,0.982421875,3832.370833436648
3859.0,0.04052734375,0.0048828125,0.982421875,3832.380833427111
3859.0099999904633,0.056640625,-0.0068359375,0.94873046875,3832.3908334175744
3859.0199999809274,0.056640625,-0.0068359375,0.94873046875,3832.4008334080386
3859.0299999713898,0.06396484375,0.01318359375,1.2548828125,3832.410833398501
3859.039999961853,0.06396484375,0.01318359375,1.2548828125,3832.420833388964
3859.049999952316,0.06201171875,0.01318359375,0.97265625,3832.430833379427
3859.05999994278,0.06201171875,0.01318359375,0.97265625,3832.440833369891
3859.069999933243,0.0595703125,0.01513671875,1.2626953125,3832.450833360354
3859.079999923706,0.0595703125,0.01513671875,1.2626953125,3832.460833350817
3859.089999914169,0.07177734375,0.02392578125,1.30908203125,3832.47083334128
3859.099999904633,0.07177734375,0.02392578125,1.30908203125,3832.480833331744
3859.109999895096,0.04931640625,0.00146484375,1.14013671875,3832.490833322207
3859.119999885559,0.04931640625,0.00146484375,1.14013671875,3832.5008333126702
3859.1299998760223,0.05029296875,0.00634765625,1.1884765625,3832.5108333031335
3859.1399998664856,0.05029296875,0.00634765625,1.1884765625,3832.5208332935968
3859.150000095368,0.072265625,-0.02001953125,0.99853515625,3832.530833522479
3859.160000085831,0.072265625,-0.02001953125,0.99853515625,3832.5408335129423
3859.170000076294,0.06591796875,0.0322265625,1.1025390625,3832.550833503405
3859.180000066757,0.06591796875,0.0322265625,1.1025390625,3832.5608334938684
3859.190000057221,0.06689453125,-0.01123046875,0.98779296875,3832.570833484332
3859.200000047684,0.06689453125,-0.01123046875,0.98779296875,3832.5808334747953
3859.210000038147,0.02783203125,-0.01806640625,0.94140625,3832.590833465258
3859.22000002861,0.02783203125,-0.01806640625,0.94140625,3832.600833455721
3859.2300000190735,0.0810546875,0.05029296875,1.09326171875,3832.6108334461846
3859.2400000095367,0.0810546875,0.05029296875,1.09326171875,3832.620833436648
3859.25,0.041015625,-0.017578125,0.888671875,3832.630833427111
3859.2599999904633,0.041015625,-0.017578125,0.888671875,3832.6408334175744
3859.2699999809274,0.06689453125,0.05908203125,0.90771484375,3832.6508334080386
3859.2799999713898,0.06689453125,0.05908203125,0.90771484375,3832.660833398501
3859.289999961853,0.04248046875,-0.0322265625,0.9990234375,3832.670833388964
3859.299999952316,0.04248046875,-0.0322265625,0.9990234375,3832.680833379427
3859.30999994278,0.06201171875,0.03076171875,0.93505859375,3832.690833369891
3859.319999933243,0.06201171875,0.03076171875,0.93505859375,3832.700833360354
3859.329999923706,0.01904296875,0.009765625,1.0234375,3832.710833350817
3859.339999914169,0.01904296875,0.009765625,1.0234375,3832.72083334128
3859.349999904633,0.068359375,-0.001953125,1.16552734375,3832.730833331744
3859.359999895096,0.068359375,-0.001953125,1.16552734375,3832.740833322207
3859.369999885559,0.05615234375,0.01220703125,0.98095703125,3832.7508333126702
3859.3799998760223,0.05615234375,0.01220703125,0.98095703125,3832.7608333031335
3859.3899998664856,0.05029296875,0.03662109375,1.00146484375,3832.7708332935968
3859.400000095368,0.05029296875,0.03662109375,1.00146484375,3832.780833522479
3859.410000085831,0.083984375,0.00439453125,1.248046875,3832.7908335129423
3859.420000076294,0.083984375,0.00439453125,1.248046875,3832.800833503405
3859.430000066757,0.0126953125,0.02734375,1.06982421875,3832.8108334938684
3859.440000057221,0.0126953125,0.02734375,1.06982421875,3832.820833484332
3859.450000047684,0.06689453125,0.03759765625,0.96826171875,3832.8308334747953
3859.460000038147,0.06689453125,0.03759765625,0.96826171875,3832.840833465258
3859.47000002861,0.05322265625,-0.0009765625,1.16943359375,3832.850833455721
3859.4800000190735,0.05322265625,-0.0009765625,1.16943359375,3832.8608334461846
3859.4900000095367,0.0830078125,0.037109375,0.94921875,3832.870833436648
3859.5,0.0830078125,0.037109375,0.94921875,3832.880833427111
3859.5099999904633,0.03564453125,-0.02978515625,1.0703125,3832.8908334175744
3859.5199999809274,0.03564453125,-0.02978515625,1.0703125,3832.9008334080386
3859.5299999713898,0.0810546875,0.01611328125,1.01171875,3832.910833398501
3859.539999961853,0.0810546875,0.01611328125,1.01171875,3832.920833388964
3859.549999952316,0.044921875,-0.01953125,0.97021484375,3832.930833379427
3859.55999994278,0.044921875,-0.01953125,0.97021484375,3832.940833369891
3859.569999933243,0.08203125,0.01318359375,1.07568359375,3832.950833360354
3859.579999923706,0.08203125,0.01318359375,1.07568359375,3832.960833350817
3859.585000038147,0.02880859375,-0.02783203125,0.86328125,3832.965833465258
3859.589999914169,0.06396484375,0.0234375,0.95751953125,3832.97083334128
3859.6050000190735,0.06396484375,0.0234375,0.95751953125,3832.9858334461846
3859.625,0.060546875,-0.017578125,1.0146484375,3833.005833427111
3859.6349999904633,0.060546875,-0.017578125,1.0146484375,3833.0158334175744
3859.6449999809274,0.060546875,-0.017578125,1.0146484375,3833.0258334080386
3859.6549999713898,0.015625,-0.0185546875,0.9765625,3833.035833398501
3859.664999961853,0.015625,-0.0185546875,0.9765625,3833.045833388964
3859.674999952316,0.05810546875,0.0224609375,0.8935546875,3833.055833379427
3859.68499994278,0.05810546875,0.0224609375,0.8935546875,3833.065833369891
3859.694999933243,0.08203125,0.00244140625,1.03369140625,3833.075833360354
3859.704999923706,0.08203125,0.00244140625,1.03369140625,3833.085833350817
3859.714999914169,0.0634765625,0.00537109375,1.15771484375,3833.09583334128
3859.724999904633,0.0634765625,0.00537109375,1.15771484375,3833.105833331744
3859.734999895096,0.0556640625,0.01025390625,1.3642578125,3833.115833322207
3859.744999885559,0.0556640625,0.01025390625,1.3642578125,3833.1258333126702
3859.7549998760223,0.064453125,0.0322265625,1.15185546875,3833.1358333031335
3859.7649998664856,0.064453125,0.0322265625,1.15185546875,3833.1458332935968
3859.775000095368,0.033203125,0.0380859375,1.1572265625,3833.155833522479
3859.785000085831,0.033203125,0.0380859375,1.1572265625,3833.1658335129423
3859.795000076294,0.09326171875,-0.0322265625,1.10546875,3833.175833503405
3859.805000066757,0.09326171875,-0.0322265625,1.10546875,3833.1858334938684
3859.815000057221,0.06591796875,0.02099609375,1.17919921875,3833.195833484332
3859.825000047684,0.06591796875,0.02099609375,1.17919921875,3833.2058334747953
3859.835000038147,0.04931640625,-0.01611328125,0.91259765625,3833.215833465258
3859.84500002861,0.04931640625,-0.01611328125,0.91259765625,3833.225833455721
3859.8550000190735,0.03759765625,-0.02392578125,1.0478515625,3833.2358334461846
3859.8650000095367,0.03759765625,-0.02392578125,1.0478515625,3833.245833436648
3859.875,0.0654296875,0.00732421875,0.85400390625,3833.255833427111
3859.8849999904633,0.0654296875,0.00732421875,0.85400390625,3833.2658334175744
3859.8949999809274,0.06591796875,-0.03955078125,0.91796875,3833.2758334080386
3859.9049999713898,0.06591796875,-0.03955078125,0.91796875,3833.285833398501
3859.914999961853,0.06396484375,-0.00341796875,0.85009765625,3833.295833388964
3859.924999952316,0.06396484375,-0.00341796875,0.85009765625,3833.305833379427
3859.93499994278,0.0634765625,-0.017578125,0.76513671875,3833.315833369891
3859.944999933243,0.0634765625,-0.017578125,0.76513671875,3833.325833360354
3859.954999923706,0.05908203125,-0.0048828125,1.00830078125,3833.335833350817
3859.964999914169,0.05908203125,-0.0048828125,1.00830078125,3833.34583334128
3859.974999904633,0.0712890625,-0.01513671875,1.03564453125,3833.355833331744
3859.984999895096,0.0712890625,-0.01513671875,1.03564453125,3833.365833322207
3859.994999885559,0.04931640625,-0.0107421875,1.04345703125,3833.3758333126702
3860.0049998760223,0.04931640625,-0.0107421875,1.04345703125,3833.3858333031335
3860.0149998664856,0.083984375,-0.0146484375,1.02099609375,3833.3958332935968
3860.025000095368,0.083984375,-0.0146484375,1.02099609375,3833.405833522479
3860.035000085831,0.0302734375,-0.0166015625,1.12841796875,3833.4158335129423
3860.045000076294,0.0302734375,-0.0166015625,1.12841796875,3833.425833503405
3860.055000066757,0.08056640625,-0.0322265625,1.1083984375,3833.4358334938684
3860.065000057221,0.08056640625,-0.0322265625,1.1083984375,3833.445833484332
3860.075000047684,0.06494140625,-0.00244140625,0.98291015625,3833.4558334747953
3860.085000038147,0.06494140625,-0.00244140625,0.98291015625,3833.465833465258
3860.09500002861,0.06982421875,0.00927734375,0.9013671875,3833.475833455721
3860.1050000190735,0.06982421875,0.00927734375,0.9013671875,3833.4858334461846
3860.1150000095367,0.0771484375,-0.048828125,1.037109375,3833.495833436648
3860.125,0.0771484375,-0.048828125,1.037109375,3833.505833427111
3860.1349999904633,0.07177734375,0.0107421875,0.90966796875,3833.5158334175744
3860.1449999809274,0.07177734375,0.0107421875,0.90966796875,3833.5258334080386
3860.1549999713898,0.04052734375,-0.0439453125,0.79931640625,3833.535833398501
3860.164999961853,0.04052734375,-0.0439453125,0.79931640625,3833.545833388964
3860.174999952316,0.09033203125,-0.03857421875,0.9404296875,3833.555833379427
3860.18499994278,0.09033203125,-0.03857421875,0.9404296875,3833.565833369891
3860.194999933243,0.08349609375,-0.0087890625,0.85986328125,3833.575833360354
3860.204999923706,0.04736328125,-0.01806640625,1.048828125,3833.585833350817
3860.214999914169,0.04736328125,-0.01806640625,1.048828125,3833.59583334128
3860.224999904633,0.06982421875,-0.03515625,1.10205078125,3833.605833331744
3860.234999895096,0.06982421875,-0.03515625,1.10205078125,3833.615833322207
3860.244999885559,0.0205078125,0.00537109375,1.0771484375,3833.6258333126702
3860.2549998760223,0.0205078125,0.00537109375,1.0771484375,3833.6358333031335
3860.2649998664856,0.080078125,-0.03466796875,1.00537109375,3833.6458332935968
3860.275000095368,0.080078125,-0.03466796875,1.00537109375,3833.655833522479
3860.285000085831,0.0576171875,-0.01025390625,1.20361328125,3833.6658335129423
3860.295000076294,0.0576171875,-0.01025390625,1.20361328125,3833.675833503405
3860.305000066757,0.0791015625,-0.02490234375,1.10546875,3833.6858334938684
3860.315000057221,0.0791015625,-0.02490234375,1.10546875,3833.695833484332
3860.325000047684,0.04248046875,-0.02490234375,1.08447265625,3833.7058334747953
3860.335000038147,0.04248046875,-0.02490234375,1.08447265625,3833.715833465258
3860.34500002861,0.064453125,0.00390625,1.1181640625,3833.725833455721
3860.3550000190735,0.064453125,0.00390625,1.1181640625,3833.7358334461846
3860.3650000095367,0.05810546875,-0.013671875,1.0673828125,3833.745833436648
3860.375,0.05810546875,-0.013671875,1.0673828125,3833.755833427111
3860.3849999904633,0.10546875,-0.0068359375,1.0751953125,3833.7658334175744
3860.3949999809274,0.10546875,-0.0068359375,1.0751953125,3833.7758334080386
3860.4049999713898,0.064453125,-0.02978515625,1.10498046875,3833.785833398501
3860.414999961853,0.064453125,-0.02978515625,1.10498046875,3833.795833388964
3860.424999952316,0.0625,0.0146484375,1.0341796875,3833.805833379427
3860.43499994278,0.0625,0.0146484375,1.0341796875,3833.815833369891
3860.444999933243,0.06103515625,-0.041015625,1.0625,3833.825833360354
3860.454999923706,0.06103515625,-0.041015625,1.0625,3833.835833350817
3860.464999914169,0.060546875,0.0185546875,1.02490234375,3833.84583334128
3860.474999904633,0.060546875,0.0185546875,1.02490234375,3833.855833331744
3860.484999895096,0.072265625,-0.02880859375,1.017578125,3833.865833322207
3860.494999885559,0.072265625,-0.02880859375,1.017578125,3833.8758333126702
3860.5049998760223,0.0673828125,-0.00830078125,0.93115234375,3833.8858333031335
3860.5149998664856,0.0673828125,-0.00830078125,0.93115234375,3833.8958332935968
3860.525000095368,0.05615234375,0.0048828125,0.90185546875,3833.905833522479
3860.535000085831,0.05615234375,0.0048828125,0.90185546875,3833.9158335129423
3860.545000076294,0.064453125,-0.0166015625,1.1552734375,3833.925833503405
3860.555000066757,0.064453125,-0.0166015625,1.1552734375,3833.9358334938684
3860.565000057221,0.08740234375,0.02392578125,0.84130859375,3833.945833484332
3860.575000047684,0.08740234375,0.02392578125,0.84130859375,3833.9558334747953
3860.585000038147,0.029296875,-0.01806640625,0.94384765625,3833.965833465258
3860.589999914169,0.029296875,-0.01806640625,0.94384765625,3833.97083334128
3860.59500002861,0.08740234375,0.015625,0.91455078125,3833.975833455721
3860.6150000095367,0.08740234375,0.015625,0.91455078125,3833.995833436648
3860.625,0.05126953125,0.00244140625,0.9111328125,3834.005833427111
3860.6349999904633,0.05126953125,0.00244140625,0.9111328125,3834.0158334175744
3860.6449999809274,0.08154296875,0.02490234375,0.912109375,3834.0258334080386
3860.6549999713898,0.08154296875,0.02490234375,0.912109375,3834.035833398501
3860.664999961853,0.05859375,-0.04296875,1.060546875,3834.045833388964
3860.674999952316,0.05859375,-0.04296875,1.060546875,3834.055833379427
3860.68499994278,0.06494140625,0.03076171875,0.9208984375,3834.065833369891
3860.694999933243,0.06494140625,0.03076171875,0.9208984375,3834.075833360354
3860.704999923706,0.06689453125,-0.01806640625,0.79248046875,3834.085833350817
3860.714999914169,0.06689453125,-0.01806640625,0.79248046875,3834.09583334128
3860.724999904633,0.08251953125,0.0068359375,0.99365234375,3834.105833331744
3860.734999895096,0.08251953125,0.0068359375,0.99365234375,3834.115833322207
3860.744999885559,0.078125,-0.0302734375,0.92529296875,3834.1258333126702
3860.7549998760223,0.078125,-0.0302734375,0.92529296875,3834.1358333031335
3860.7649998664856,0.06982421875,-0.0205078125,1.0029296875,3834.1458332935968
3860.775000095368,0.06982421875,-0.0205078125,1.0029296875,3834.155833522479
3860.785000085831,0.06005859375,-0.00244140625,0.82763671875,3834.1658335129423
3860.795000076294,0.06005859375,-0.00244140625,0.82763671875,3834.175833503405
3860.805000066757,0.0546875,-0.02294921875,0.9052734375,3834.1858334938684
3860.815000057221,0.0546875,-0.02294921875,0.9052734375,3834.195833484332
3860.825000047684,0.09814453125,0.00927734375,0.74365234375,3834.2058334747953
3860.835000038147,0.09814453125,0.00927734375,0.74365234375,3834.215833465258
3860.84500002861,0.0361328125,0.015625,0.83251953125,3834.225833455721
3860.8550000190735,0.0361328125,0.015625,0.83251953125,3834.2358334461846
3860.8650000095367,0.0849609375,-0.01171875,0.912109375,3834.245833436648
3860.875,0.0849609375,-0.01171875,0.912109375,3834.255833427111
3860.8849999904633,0.041015625,-0.0224609375,0.900390625,3834.2658334175744
3860.8949999809274,0.041015625,-0.0224609375,0.900390625,3834.2758334080386
3860.9049999713898,0.08544921875,0.05712890625,0.865234375,3834.285833398501
3860.914999961853,0.08544921875,0.05712890625,0.865234375,3834.295833388964
3860.924999952316,0.07861328125,-0.08056640625,0.98095703125,3834.305833379427
3860.93499994278,0.07861328125,-0.08056640625,0.98095703125,3834.315833369891
3860.944999933243,0.11376953125,0.0263671875,0.98486328125,3834.325833360354
3860.954999923706,0.11376953125,0.0263671875,0.98486328125,3834.335833350817
3860.964999914169,0.05322265625,-0.009765625,0.9951171875,3834.34583334128
3860.974999904633,0.05322265625,-0.009765625,0.9951171875,3834.355833331744
3860.984999895096,0.07861328125,0.0048828125,1.2216796875,3834.365833322207
3860.994999885559,0.07861328125,0.0048828125,1.2216796875,3834.3758333126702
3861.0049998760223,0.07275390625,0.00439453125,1.0087890625,3834.3858333031335
3861.0149998664856,0.07275390625,0.00439453125,1.0087890625,3834.3958332935968
3861.025000095368,0.0947265625,-0.01904296875,1.12890625,3834.405833522479
3861.035000085831,0.0947265625,-0.01904296875,1.12890625,3834.4158335129423
3861.045000076294,0.1181640625,0.0224609375,1.13720703125,3834.425833503405
3861.055000066757,0.1181640625,0.0224609375,1.13720703125,3834.4358334938684
3861.065000057221,0.08349609375,-0.00146484375,1.197265625,3834.445833484332
3861.075000047684,0.08349609375,-0.00146484375,1.197265625,3834.4558334747953
3861.085000038147,0.0888671875,0.0048828125,1.166015625,3834.465833465258
3861.09500002861,0.0888671875,0.0048828125,1.166015625,3834.475833455721
3861.1050000190735,0.0576171875,-0.0029296875,1.20703125,3834.4858334461846
3861.1150000095367,0.0576171875,-0.0029296875,1.20703125,3834.495833436648
3861.125,0.0966796875,0.00146484375,1.05615234375,3834.505833427111
3861.1349999904633,0.0966796875,0.00146484375,1.05615234375,3834.5158334175744
3861.1449999809274,0.087890625,-0.01318359375,1.140625,3834.5258334080386
3861.1549999713898,0.087890625,-0.01318359375,1.140625,3834.535833398501
3861.164999961853,0.08447265625,0.0146484375,1.037109375,3834.545833388964
3861.174999952316,0.08447265625,0.0146484375,1.037109375,3834.555833379427
3861.18499994278,0.046875,-0.02685546875,1.10205078125,3834.565833369891
3861.194999933243,0.046875,-0.02685546875,1.10205078125,3834.575833360354
3861.204999923706,0.08349609375,0.0244140625,0.91650390625,3834.585833350817
3861.214999914169,0.08349609375,0.0244140625,0.91650390625,3834.59583334128
3861.224999904633,0.0654296875,0.0,0.84228515625,3834.605833331744
3861.234999895096,0.0654296875,0.0,0.84228515625,3834.615833322207
3861.244999885559,0.10205078125,0.00439453125,0.89599609375,3834.6258333126702
3861.2549998760223,0.10205078125,0.00439453125,0.89599609375,3834.6358333031335
3861.2649998664856,0.056640625,-0.0029296875,0.78076171875,3834.6458332935968
3861.275000095368,0.056640625,-0.0029296875,0.78076171875,3834.655833522479
3861.285000085831,0.0205078125,0.00927734375,0.73828125,3834.6658335129423
3861.295000076294,0.0205078125,0.00927734375,0.73828125,3834.675833503405
3861.305000066757,0.09716796875,-0.025390625,0.82666015625,3834.6858334938684
3861.315000057221,0.09716796875,-0.025390625,0.82666015625,3834.695833484332
3861.325000047684,0.07177734375,0.0458984375,0.89306640625,3834.7058334747953
3861.335000038147,0.07177734375,0.0458984375,0.89306640625,3834.715833465258
3861.34500002861,0.06005859375,0.00048828125,0.990234375,3834.725833455721
3861.3550000190735,0.06005859375,0.00048828125,0.990234375,3834.7358334461846
3861.3650000095367,0.07958984375,0.00341796875,1.07080078125,3834.745833436648
3861.375,0.07958984375,0.00341796875,1.07080078125,3834.755833427111
3861.3849999904633,0.10546875,0.0576171875,0.9951171875,3834.7658334175744
3861.3949999809274,0.10546875,0.0576171875,0.9951171875,3834.7758334080386
3861.4049999713898,0.076171875,-0.00927734375,1.2451171875,3834.785833398501
3861.414999961853,0.076171875,-0.00927734375,1.2451171875,3834.795833388964
3861.424999952316,0.11279296875,0.02783203125,1.30419921875,3834.805833379427
3861.43499994278,0.11279296875,0.02783203125,1.30419921875,3834.815833369891
3861.444999933243,0.06787109375,0.02099609375,1.09375,3834.825833360354
3861.454999923706,0.06787109375,0.02099609375,1.09375,3834.835833350817
3861.464999914169,0.08935546875,0.02197265625,1.1630859375,3834.84583334128
3861.474999904633,0.08935546875,0.02197265625,1.1630859375,3834.855833331744
3861.484999895096,0.03515625,-0.04638671875,1.12158203125,3834.865833322207
3861.494999885559,0.03515625,-0.04638671875,1.12158203125,3834.8758333126702
3861.5049998760223,0.068359375,0.03857421875,1.0029296875,3834.8858333031335
3861.5149998664856,0.068359375,0.03857421875,1.0029296875,3834.8958332935968
3861.525000095368,0.0537109375,-0.0341796875,0.9091796875,3834.905833522479
3861.535000085831,0.0537109375,-0.0341796875,0.9091796875,3834.9158335129423
3861.545000076294,0.0625,-0.00830078125,0.81787109375,3834.925833503405
3861.555000066757,0.0625,-0.00830078125,0.81787109375,3834.9358334938684
3861.565000057221,0.06982421875,-0.0146484375,0.861328125,3834.945833484332
3861.575000047684,0.06982421875,-0.0146484375,0.861328125,3834.9558334747953
3861.585000038147,0.0458984375,0.0224609375,0.85595703125,3834.965833465258
3861.589999914169,0.0458984375,0.0224609375,0.85595703125,3834.97083334128
3861.59500002861,0.0498046875,-0.044921875,0.6494140625,3834.975833455721
3861.6150000095367,0.0498046875,-0.044921875,0.6494140625,3834.995833436648
3861.625,0.05419921875,-0.02880859375,0.8701171875,3835.005833427111
3861.6349999904633,0.05419921875,-0.02880859375,0.8701171875,3835.0158334175744
3861.6449999809274,0.08740234375,-0.00537109375,0.7734375,3835.0258334080386
3861.6549999713898,0.08740234375,-0.00537109375,0.7734375,3835.035833398501
3861.664999961853,0.05517578125,-0.02197265625,0.90771484375,3835.045833388964
3861.674999952316,0.05517578125,-0.02197265625,0.90771484375,3835.055833379427
3861.68499994278,0.1142578125,-0.01611328125,1.07373046875,3835.065833369891
3861.694999933243,0.1142578125,-0.01611328125,1.07373046875,3835.075833360354
3861.704999923706,0.068359375,-0.00146484375,1.12744140625,3835.085833350817
3861.714999914169,0.068359375,-0.00146484375,1.12744140625,3835.09583334128
3861.724999904633,0.08056640625,0.013671875,1.251953125,3835.105833331744
3861.734999895096,0.08056640625,0.013671875,1.251953125,3835.115833322207
3861.744999885559,0.068359375,-0.07177734375,1.48876953125,3835.1258333126702
3861.7549998760223,0.068359375,-0.07177734375,1.48876953125,3835.1358333031335
3861.7649998664856,0.07763671875,0.01953125,1.2138671875,3835.1458332935968
3861.775000095368,0.07763671875,0.01953125,1.2138671875,3835.155833522479
3861.785000085831,0.0654296875,-0.005859375,1.375,3835.1658335129423
3861.795000076294,0.0654296875,-0.005859375,1.375,3835.175833503405
3861.805000066757,0.0703125,-0.03857421875,1.2236328125,3835.1858334938684
3861.815000057221,0.0703125,-0.03857421875,1.2236328125,3835.195833484332
3861.825000047684,0.05224609375,0.00390625,1.10595703125,3835.2058334747953
3861.835000038147,0.05224609375,0.00390625,1.10595703125,3835.215833465258
3861.84500002861,0.037109375,-0.013671875,0.9091796875,3835.225833455721
3861.8550000190735,0.037109375,-0.013671875,0.9091796875,3835.2358334461846
3861.8650000095367,0.091796875,-0.00830078125,0.8564453125,3835.245833436648
3861.875,0.091796875,-0.00830078125,0.8564453125,3835.255833427111
3861.8849999904633,0.04736328125,-0.0087890625,0.88916015625,3835.2658334175744
3861.8949999809274,0.04736328125,-0.0087890625,0.88916015625,3835.2758334080386
3861.9049999713898,0.0654296875,-0.005859375,0.8330078125,3835.285833398501
3861.914999961853,0.0654296875,-0.005859375,0.8330078125,3835.295833388964
3861.924999952316,0.0244140625,-0.01416015625,0.796875,3835.305833379427
3861.93499994278,0.0244140625,-0.01416015625,0.796875,3835.315833369891
3861.944999933243,0.0888671875,-0.00830078125,0.81787109375,3835.325833360354
3861.954999923706,0.0888671875,-0.00830078125,0.81787109375,3835.335833350817
3861.964999914169,0.06396484375,-0.0029296875,0.98583984375,3835.34583334128
3861.974999904633,0.06396484375,-0.0029296875,0.98583984375,3835.355833331744
3861.984999895096,0.056640625,-0.0068359375,0.7734375,3835.365833322207
3861.994999885559,0.056640625,-0.0068359375,0.7734375,3835.3758333126702
3862.0049998760223,0.05419921875,-0.009765625,0.935546875,3835.3858333031335
3862.0149998664856,0.05419921875,-0.009765625,0.935546875,3835.3958332935968
3862.025000095368,0.0859375,-0.00146484375,0.8583984375,3835.405833522479
3862.035000085831,0.0859375,-0.00146484375,0.8583984375,3835.4158335129423
3862.045000076294,0.046875,-0.0009765625,0.9677734375,3835.425833503405
3862.055000066757,0.046875,-0.0009765625,0.9677734375,3835.4358334938684
3862.065000057221,0.12060546875,0.0107421875,1.16064453125,3835.445833484332
3862.075000047684,0.12060546875,0.0107421875,1.16064453125,3835.4558334747953
3862.085000038147,0.0634765625,-0.0341796875,1.064453125,3835.465833465258
3862.09500002861,0.0634765625,-0.0341796875,1.064453125,3835.475833455721
3862.1050000190735,0.0439453125,0.02197265625,1.041015625,3835.4858334461846
3862.1150000095367,0.0439453125,0.02197265625,1.041015625,3835.495833436648
3862.125,0.07958984375,-0.0166015625,1.1884765625,3835.505833427111
3862.1349999904633,0.07958984375,-0.0166015625,1.1884765625,3835.5158334175744
3862.1449999809274,0.0654296875,-0.00732421875,1.14208984375,3835.5258334080386
3862.1549999713898,0.0654296875,-0.00732421875,1.14208984375,3835.535833398501
3862.164999961853,0.05712890625,-0.0048828125,1.0341796875,3835.545833388964
3862.174999952316,0.05712890625,-0.0048828125,1.0341796875,3835.555833379427
3862.18499994278,0.05029296875,-0.02001953125,1.2421875,3835.565833369891
3862.194999933243,0.05029296875,-0.02001953125,1.2421875,3835.575833360354
3862.204999923706,0.07080078125,0.02587890625,1.19970703125,3835.585833350817
3862.214999914169,0.07080078125,0.02587890625,1.19970703125,3835.59583334128
3862.224999904633,0.01806640625,-0.02978515625,1.103515625,3835.605833331744
3862.234999895096,0.01806640625,-0.02978515625,1.103515625,3835.615833322207
3862.244999885559,0.05712890625,0.0029296875,0.92822265625,3835.6258333126702
3862.2549998760223,0.05712890625,0.0029296875,0.92822265625,3835.6358333031335
3862.2649998664856,0.05419921875,0.0068359375,1.08203125,3835.6458332935968
3862.275000095368,0.05419921875,0.0068359375,1.08203125,3835.655833522479
3862.285000085831,0.0732421875,-0.03515625,0.96923828125,3835.6658335129423
3862.295000076294,0.0732421875,-0.03515625,0.96923828125,3835.675833503405
3862.305000066757,0.0244140625,-0.0107421875,1.0283203125,3835.6858334938684
3862.315000057221,0.0244140625,-0.0107421875,1.0283203125,3835.695833484332
3862.325000047684,0.0498046875,-0.00146484375,0.96337890625,3835.7058334747953
3862.335000038147,0.0498046875,-0.00146484375,0.96337890625,3835.715833465258
3862.34500002861,0.0576171875,-0.0234375,0.818359375,3835.725833455721
3862.3550000190735,0.0576171875,-0.0234375,0.818359375,3835.7358334461846
3862.3650000095367,0.0654296875,0.00830078125,0.81640625,3835.745833436648
3862.375,0.0654296875,0.00830078125,0.81640625,3835.755833427111
3862.3849999904633,0.07763671875,-0.0361328125,0.91064453125,3835.7658334175744
3862.3949999809274,0.07763671875,-0.0361328125,0.91064453125,3835.7758334080386
3862.4049999713898,0.06689453125,0.02783203125,0.888671875,3835.785833398501
3862.414999961853,0.06689453125,0.02783203125,0.888671875,3835.795833388964
3862.424999952316,0.033203125,-0.0400390625,0.82666015625,3835.805833379427
3862.43499994278,0.033203125,-0.0400390625,0.82666015625,3835.815833369891
3862.444999933243,0.060546875,-0.0185546875,1.12451171875,3835.825833360354
3862.454999923706,0.060546875,-0.0185546875,1.12451171875,3835.835833350817
3862.464999914169,0.06640625,0.001953125,0.7861328125,3835.84583334128
3862.474999904633,0.06640625,0.001953125,0.7861328125,3835.855833331744
3862.484999895096,0.02099609375,-0.0361328125,1.05224609375,3835.865833322207
3862.494999885559,0.02099609375,-0.0361328125,1.05224609375,3835.8758333126702
3862.5049998760223,0.08349609375,-0.0126953125,1.107421875,3835.8858333031335
3862.5149998664856,0.08349609375,-0.0126953125,1.107421875,3835.8958332935968
3862.525000095368,0.0361328125,-0.01611328125,1.19873046875,3835.905833522479
3862.535000085831,0.0361328125,-0.01611328125,1.19873046875,3835.9158335129423
3862.545000076294,0.07568359375,0.01806640625,1.25732421875,3835.925833503405
3862.555000066757,0.07568359375,0.01806640625,1.25732421875,3835.9358334938684
3862.565000057221,0.03173828125,-0.06298828125,1.25927734375,3835.945833484332
3862.575000047684,0.03173828125,-0.06298828125,1.25927734375,3835.9558334747953
3862.585000038147,0.07275390625,0.02880859375,1.185546875,3835.965833465258
3862.589999914169,0.07275390625,0.02880859375,1.185546875,3835.97083334128
3862.59500002861,0.03857421875,-0.044921875,1.13525390625,3835.975833455721
3862.6150000095367,0.03857421875,-0.044921875,1.13525390625,3835.995833436648
3862.625,0.05712890625,0.04443359375,1.21630859375,3836.005833427111
3862.6349999904633,0.05712890625,0.04443359375,1.21630859375,3836.0158334175744
3862.6449999809274,0.05126953125,0.0009765625,1.03515625,3836.0258334080386
3862.6549999713898,0.05126953125,0.0009765625,1.03515625,3836.035833398501
3862.664999961853,0.07275390625,-0.00537109375,1.0234375,3836.045833388964
3862.674999952316,0.07275390625,-0.00537109375,1.0234375,3836.055833379427
3862.68499994278,0.05859375,0.03125,0.85400390625,3836.065833369891
3862.694999933243,0.05859375,0.03125,0.85400390625,3836.075833360354
3862.704999923706,0.06494140625,-0.021484375,0.8447265625,3836.085833350817
3862.714999914169,0.06494140625,-0.021484375,0.8447265625,3836.09583334128
3862.724999904633,0.068359375,-0.01171875,0.7578125,3836.105833331744
3862.734999895096,0.068359375,-0.01171875,0.7578125,3836.115833322207
3862.744999885559,0.0234375,-0.00634765625,0.72900390625,3836.1258333126702
3862.7549998760223,0.0234375,-0.00634765625,0.72900390625,3836.1358333031335
3862.7649998664856,0.0869140625,-0.01220703125,0.73291015625,3836.1458332935968
3862.775000095368,0.0869140625,-0.01220703125,0.73291015625,3836.155833522479
3862.785000085831,0.0537109375,-0.0107421875,0.7626953125,3836.1658335129423
3862.795000076294,0.0537109375,-0.0107421875,0.7626953125,3836.175833503405
3862.805000066757,0.041015625,0.0126953125,0.6865234375,3836.1858334938684
3862.815000057221,0.041015625,0.0126953125,0.6865234375,3836.195833484332
3862.825000047684,0.080078125,-0.02783203125,1.14990234375,3836.2058334747953
3862.835000038147,0.080078125,-0.02783203125,1.14990234375,3836.215833465258
3862.84500002861,0.07275390625,0.03173828125,1.03369140625,3836.225833455721
3862.8550000190735,0.07275390625,0.03173828125,1.03369140625,3836.2358334461846
3862.8650000095367,0.0361328125,-0.005859375,1.0517578125,3836.245833436648
3862.875,0.0361328125,-0.005859375,1.0517578125,3836.255833427111
3862.8849999904633,0.099609375,0.00927734375,1.4248046875,3836.2658334175744
3862.8949999809274,0.099609375,0.00927734375,1.4248046875,3836.2758334080386
3862.9049999713898,0.05322265625,-0.00341796875,1.15673828125,3836.285833398501
3862.914999961853,0.05322265625,-0.00341796875,1.15673828125,3836.295833388964
3862.924999952316,0.0205078125,0.03515625,1.2001953125,3836.305833379427
3862.93499994278,0.0205078125,0.03515625,1.2001953125,3836.315833369891
3862.944999933243,0.06298828125,0.001953125,1.2568359375,3836.325833360354
3862.954999923706,0.06298828125,0.001953125,1.2568359375,3836.335833350817
3862.964999914169,0.04150390625,0.041015625,1.1298828125,3836.34583334128
3862.974999904633,0.04150390625,0.041015625,1.1298828125,3836.355833331744
3862.984999895096,0.07666015625,-0.00146484375,1.11474609375,3836.365833322207
3862.994999885559,0.07666015625,-0.00146484375,1.11474609375,3836.3758333126702
3863.0049998760223,0.06787109375,0.0,1.083984375,3836.3858333031335
3863.0149998664856,0.06787109375,0.0,1.083984375,3836.3958332935968
3863.025000095368,0.0703125,0.044921875,0.81494140625,3836.405833522479
3863.035000085831,0.0703125,0.044921875,0.81494140625,3836.4158335129423
3863.045000076294,0.046875,-0.01318359375,0.9189453125,3836.425833503405
3863.055000066757,0.046875,-0.01318359375,0.9189453125,3836.4358334938684
3863.065000057221,0.06298828125,0.01025390625,0.83056640625,3836.445833484332
3863.075000047684,0.06298828125,0.01025390625,0.83056640625,3836.4558334747953
3863.085000038147,0.0458984375,-0.0029296875,0.8310546875,3836.465833465258
3863.09500002861,0.0458984375,-0.0029296875,0.8310546875,3836.475833455721
3863.1050000190735,0.07861328125,0.01171875,0.828125,3836.4858334461846
3863.1150000095367,0.07861328125,0.01171875,0.828125,3836.495833436648
3863.125,0.02880859375,0.0048828125,0.791015625,3836.505833427111
3863.1349999904633,0.02880859375,0.0048828125,0.791015625,3836.5158334175744
3863.1449999809274,0.0576171875,0.0185546875,0.859375,3836.5258334080386
3863.1549999713898,0.0576171875,0.0185546875,0.859375,3836.535833398501
3863.164999961853,0.08642578125,0.021484375,0.912109375,3836.545833388964
3863.174999952316,0.08642578125,0.021484375,0.912109375,3836.555833379427
3863.18499994278,0.04931640625,0.0224609375,0.98046875,3836.565833369891
3863.194999933243,0.04931640625,0.0224609375,0.98046875,3836.575833360354
3863.204999923706,0.03759765625,-0.00927734375,1.109375,3836.585833350817
3863.214999914169,0.03759765625,-0.00927734375,1.109375,3836.59583334128
3863.224999904633,0.05126953125,0.0166015625,1.02490234375,3836.605833331744
3863.234999895096,0.05126953125,0.0166015625,1.02490234375,3836.615833322207
3863.244999885559,0.07470703125,0.03955078125,1.12255859375,3836.6258333126702
3863.2549998760223,0.07470703125,0.03955078125,1.12255859375,3836.6358333031335
3863.2649998664856,0.04150390625,-0.021484375,1.396484375,3836.6458332935968
3863.275000095368,0.04150390625,-0.021484375,1.396484375,3836.655833522479
3863.285000085831,0.0712890625,0.03759765625,1.20458984375,3836.6658335129423
3863.295000076294,0.0712890625,0.03759765625,1.20458984375,3836.675833503405
3863.305000066757,0.02099609375,0.04443359375,1.22119140625,3836.6858334938684
3863.315000057221,0.02099609375,0.04443359375,1.22119140625,3836.695833484332
3863.325000047684,0.09228515625,0.03173828125,1.36865234375,3836.7058334747953
3863.335000038147,0.09228515625,0.03173828125,1.36865234375,3836.715833465258
3863.34500002861,0.04052734375,0.00146484375,1.19677734375,3836.725833455721
3863.3550000190735,0.04052734375,0.00146484375,1.19677734375,3836.7358334461846
3863.3650000095367,0.064453125,0.06494140625,0.994140625,3836.745833436648
3863.375,0.064453125,0.06494140625,0.994140625,3836.755833427111
3863.3849999904633,0.05908203125,-0.00390625,0.9951171875,3836.7658334175744
3863.3949999809274,0.05908203125,-0.00390625,0.9951171875,3836.7758334080386
3863.4049999713898,0.0634765625,0.02197265625,0.966796875,3836.785833398501
3863.414999961853,0.0634765625,0.02197265625,0.966796875,3836.795833388964
3863.424999952316,0.04931640625,0.013671875,0.81005859375,3836.805833379427
3863.43499994278,0.04931640625,0.013671875,0.81005859375,3836.815833369891
3863.444999933243,0.04443359375,0.02001953125,0.75341796875,3836.825833360354
3863.454999923706,0.04443359375,0.02001953125,0.75341796875,3836.835833350817
3863.464999914169,0.07470703125,0.01806640625,0.78076171875,3836.84583334128
3863.474999904633,0.07470703125,0.01806640625,0.78076171875,3836.855833331744
3863.484999895096,0.04833984375,0.0205078125,0.8515625,3836.865833322207
3863.494999885559,0.04833984375,0.0205078125,0.8515625,3836.8758333126702
3863.5049998760223,0.0419921875,0.04150390625,0.90087890625,3836.8858333031335
3863.5149998664856,0.0419921875,0.04150390625,0.90087890625,3836.8958332935968
3863.525000095368,0.04541015625,0.00390625,1.10693359375,3836.905833522479
3863.535000085831,0.0830078125,0.0185546875,0.92724609375,3836.9158335129423
3863.545000076294,0.0830078125,0.0185546875,0.92724609375,3836.925833503405
3863.555000066757,0.0361328125,0.0283203125,1.0986328125,3836.9358334938684
3863.565000057221,0.0361328125,0.0283203125,1.0986328125,3836.945833484332
3863.575000047684,0.0859375,-0.0146484375,1.11767578125,3836.9558334747953
3863.585000038147,0.0859375,-0.0146484375,1.11767578125,3836.965833465258
3863.589999914169,0.0859375,-0.0146484375,1.11767578125,3836.97083334128
3863.59500002861,0.0732421875,0.03515625,1.15087890625,3836.975833455721
3863.6150000095367,0.0771484375,0.0458984375,1.21728515625,3836.995833436648
3863.625,0.0771484375,0.0458984375,1.21728515625,3837.005833427111
3863.6349999904633,0.0439453125,-0.005859375,1.32275390625,3837.0158334175744
3863.6449999809274,0.0439453125,-0.005859375,1.32275390625,3837.0258334080386
3863.6549999713898,0.080078125,0.06201171875,1.234375,3837.035833398501
3863.664999961853,0.080078125,0.06201171875,1.234375,3837.045833388964
3863.674999952316,0.0478515625,0.00048828125,1.1640625,3837.055833379427
3863.68499994278,0.0478515625,0.00048828125,1.1640625,3837.065833369891
3863.694999933243,0.05859375,0.0048828125,1.16796875,3837.075833360354
3863.704999923706,0.05859375,0.0048828125,1.16796875,3837.085833350817
3863.714999914169,0.0517578125,-0.0048828125,1.03955078125,3837.09583334128
3863.724999904633,0.0517578125,-0.0048828125,1.03955078125,3837.105833331744
3863.734999895096,0.05859375,0.0517578125,1.03369140625,3837.115833322207
3863.744999885559,0.05859375,0.0517578125,1.03369140625,3837.1258333126702
3863.7549998760223,0.05712890625,-0.0185546875,0.9208984375,3837.1358333031335
3863.7649998664856,0.05712890625,-0.0185546875,0.9208984375,3837.1458332935968
3863.775000095368,0.0498046875,0.03662109375,0.93994140625,3837.155833522479
3863.785000085831,0.0498046875,0.03662109375,0.93994140625,3837.1658335129423
3863.795000076294,0.05810546875,-0.00146484375,0.72998046875,3837.175833503405
3863.805000066757,0.05810546875,-0.00146484375,0.72998046875,3837.1858334938684
3863.815000057221,0.03759765625,-0.01953125,0.89794921875,3837.195833484332
3863.825000047684,0.03759765625,-0.01953125,0.89794921875,3837.2058334747953
3863.835000038147,0.07666015625,0.0244140625,0.81982421875,3837.215833465258
3863.84500002861,0.07666015625,0.0244140625,0.81982421875,3837.225833455721
3863.8550000190735,0.0537109375,-0.013671875,0.7626953125,3837.2358334461846
3863.8650000095367,0.0537109375,-0.013671875,0.7626953125,3837.245833436648
3863.875,0.07568359375,0.04150390625,0.93017578125,3837.255833427111
3863.8849999904633,0.07568359375,0.04150390625,0.93017578125,3837.2658334175744
3863.8949999809274,0.06201171875,-0.03759765625,1.03662109375,3837.2758334080386
3863.9049999713898,0.06201171875,-0.03759765625,1.03662109375,3837.285833398501
3863.914999961853,0.0673828125,0.03369140625,1.115234375,3837.295833388964
3863.924999952316,0.0673828125,0.03369140625,1.115234375,3837.305833379427
3863.93499994278,0.041015625,0.00146484375,1.1416015625,3837.315833369891
3863.944999933243,0.041015625,0.00146484375,1.1416015625,3837.325833360354
3863.954999923706,0.08251953125,-0.0205078125,1.2939453125,3837.335833350817
3863.964999914169,0.08251953125,-0.0205078125,1.2939453125,3837.34583334128
3863.974999904633,0.068359375,0.00634765625,1.2666015625,3837.355833331744
3863.984999895096,0.068359375,0.00634765625,1.2666015625,3837.365833322207
3863.994999885559,0.0546875,-0.00341796875,1.11572265625,3837.3758333126702
3864.0049998760223,0.0546875,-0.00341796875,1.11572265625,3837.3858333031335
3864.0149998664856,0.078125,-0.03076171875,1.2177734375,3837.3958332935968
3864.025000095368,0.078125,-0.03076171875,1.2177734375,3837.405833522479
3864.035000085831,0.06591796875,0.01416015625,1.03369140625,3837.4158335129423
3864.045000076294,0.06591796875,0.01416015625,1.03369140625,3837.425833503405
3864.055000066757,0.06298828125,-0.03857421875,0.82470703125,3837.4358334938684
3864.065000057221,0.06298828125,-0.03857421875,0.82470703125,3837.445833484332
3864.075000047684,0.0478515625,-0.0185546875,0.876953125,3837.4558334747953
3864.085000038147,0.0478515625,-0.0185546875,0.876953125,3837.465833465258
3864.09500002861,0.07080078125,-0.00634765625,0.7060546875,3837.475833455721
3864.1050000190735,0.07080078125,-0.00634765625,0.7060546875,3837.4858334461846
3864.1150000095367,0.04833984375,-0.0224609375,0.888671875,3837.495833436648
3864.125,0.04833984375,-0.0224609375,0.888671875,3837.505833427111
3864.1349999904633,0.08056640625,-0.021484375,0.97119140625,3837.5158334175744
3864.1449999809274,0.08056640625,-0.021484375,0.97119140625,3837.5258334080386
3864.1549999713898,0.06005859375,-0.01416015625,0.966796875,3837.535833398501
3864.164999961853,0.06005859375,-0.01416015625,0.966796875,3837.545833388964
3864.174999952316,0.08056640625,-0.0048828125,1.1318359375,3837.555833379427
3864.18499994278,0.08056640625,-0.0048828125,1.1318359375,3837.565833369891
3864.194999933243,0.041015625,-0.03857421875,1.0361328125,3837.575833360354
3864.204999923706,0.041015625,-0.03857421875,1.0361328125,3837.585833350817
3864.214999914169,0.078125,0.01708984375,1.1142578125,3837.59583334128
3864.224999904633,0.078125,0.01708984375,1.1142578125,3837.605833331744
3864.234999895096,0.07763671875,-0.0439453125,1.1015625,3837.615833322207
3864.244999885559,0.07763671875,-0.0439453125,1.1015625,3837.6258333126702
3864.2549998760223,0.0380859375,0.00146484375,1.04736328125,3837.6358333031335
3864.2649998664856,0.0380859375,0.00146484375,1.04736328125,3837.6458332935968
3864.275000095368,0.08154296875,-0.0322265625,1.169921875,3837.655833522479
3864.285000085831,0.08154296875,-0.0322265625,1.169921875,3837.6658335129423
3864.295000076294,0.08740234375,0.005859375,1.052734375,3837.675833503405
3864.305000066757,0.08740234375,0.005859375,1.052734375,3837.6858334938684
3864.315000057221,0.07568359375,-0.01220703125,0.810546875,3837.695833484332
3864.325000047684,0.07568359375,-0.01220703125,0.810546875,3837.7058334747953
3864.335000038147,0.07958984375,-0.0458984375,1.04736328125,3837.715833465258
3864.34500002861,0.07958984375,-0.0458984375,1.04736328125,3837.725833455721
3864.3550000190735,0.05078125,0.0009765625,0.78662109375,3837.7358334461846
3864.3650000095367,0.05078125,0.0009765625,0.78662109375,3837.745833436648
3864.375,0.0107421875,-0.0205078125,0.73876953125,3837.755833427111
3864.3849999904633,0.0107421875,-0.0205078125,0.73876953125,3837.7658334175744
3864.3949999809274,0.11279296875,-0.0361328125,0.99658203125,3837.7758334080386
3864.4049999713898,0.11279296875,-0.0361328125,0.99658203125,3837.785833398501
3864.414999961853,0.0283203125,-0.0185546875,1.00927734375,3837.795833388964
3864.424999952316,0.0283203125,-0.0185546875,1.00927734375,3837.805833379427
3864.43499994278,0.0283203125,-0.00927734375,0.87060546875,3837.815833369891
3864.444999933243,0.0283203125,-0.00927734375,0.87060546875,3837.825833360354
3864.454999923706,0.06591796875,-0.04248046875,1.1796875,3837.835833350817
3864.464999914169,0.06591796875,-0.04248046875,1.1796875,3837.84583334128
3864.474999904633,0.08251953125,0.0458984375,1.1220703125,3837.855833331744
3864.484999895096,0.08251953125,0.0458984375,1.1220703125,3837.865833322207
3864.494999885559,0.05078125,-0.07958984375,1.09033203125,3837.8758333126702
3864.5049998760223,0.05078125,-0.07958984375,1.09033203125,3837.8858333031335
3864.5149998664856,0.06591796875,0.00439453125,1.314453125,3837.8958332935968
3864.525000095368,0.06591796875,0.00439453125,1.314453125,3837.905833522479
3864.535000085831,0.04638671875,0.0107421875,0.900390625,3837.9158335129423
3864.545000076294,0.04638671875,0.0107421875,0.900390625,3837.925833503405
3864.555000066757,0.07958984375,-0.04296875,1.0146484375,3837.9358334938684
3864.565000057221,0.07958984375,-0.04296875,1.0146484375,3837.945833484332
3864.575000047684,0.12353515625,-0.017578125,1.10302734375,3837.9558334747953
3864.585000038147,0.12353515625,-0.017578125,1.10302734375,3837.965833465258
3864.589999914169,0.0595703125,-0.04541015625,0.87060546875,3837.97083334128
3864.59500002861,0.07958984375,0.01220703125,0.943359375,3837.975833455721
3864.6150000095367,0.07958984375,0.01220703125,0.943359375,3837.995833436648
3864.6299998760223,0.07958984375,0.01220703125,0.943359375,3838.0108333031335
3864.6399998664856,0.0283203125,-0.046875,0.8603515625,3838.0208332935968
3864.650000095368,0.0283203125,-0.046875,0.8603515625,3838.030833522479
3864.660000085831,0.0576171875,-0.00341796875,0.76220703125,3838.0408335129423
3864.670000076294,0.0576171875,-0.00341796875,0.76220703125,3838.050833503405
3864.680000066757,0.03466796875,-0.0322265625,0.85107421875,3838.0608334938684
3864.690000057221,0.03466796875,-0.0322265625,0.85107421875,3838.070833484332
3864.700000047684,0.0439453125,-0.017578125,0.705078125,3838.0808334747953
3864.710000038147,0.0439453125,-0.017578125,0.705078125,3838.090833465258
3864.72000002861,0.08349609375,-0.013671875,0.9736328125,3838.100833455721
3864.7300000190735,0.08349609375,-0.013671875,0.9736328125,3838.1108334461846
3864.7400000095367,0.10791015625,-0.05224609375,1.037109375,3838.120833436648
3864.75,0.10791015625,-0.05224609375,1.037109375,3838.130833427111
3864.7599999904633,0.02001953125,-0.0029296875,1.12353515625,3838.1408334175744
3864.7699999809274,0.02001953125,-0.0029296875,1.12353515625,3838.1508334080386
3864.7799999713898,0.05810546875,0.00341796875,1.07763671875,3838.160833398501
3864.789999961853,0.05810546875,0.00341796875,1.07763671875,3838.170833388964
3864.799999952316,0.0830078125,0.00537109375,1.17578125,3838.180833379427
3864.80999994278,0.0830078125,0.00537109375,1.17578125,3838.190833369891
3864.819999933243,0.064453125,-0.02392578125,1.232421875,3838.200833360354
3864.829999923706,0.064453125,-0.02392578125,1.232421875,3838.210833350817
3864.839999914169,0.0869140625,-0.04833984375,1.2197265625,3838.22083334128
3864.849999904633,0.0869140625,-0.04833984375,1.2197265625,3838.230833331744
3864.859999895096,0.0537109375,0.02587890625,1.1767578125,3838.240833322207
3864.869999885559,0.0537109375,0.02587890625,1.1767578125,3838.2508333126702
3864.8799998760223,0.08251953125,-0.05615234375,0.95556640625,3838.2608333031335
3864.8899998664856,0.08251953125,-0.05615234375,0.95556640625,3838.2708332935968
3864.900000095368,0.07080078125,0.03564453125,1.138671875,3838.280833522479
3864.910000085831,0.07080078125,0.03564453125,1.138671875,3838.2908335129423
3864.920000076294,0.0625,0.015625,0.7822265625,3838.300833503405
3864.930000066757,0.0625,0.015625,0.7822265625,3838.3108334938684
3864.940000057221,0.04833984375,-0.0634765625,0.92724609375,3838.320833484332
3864.950000047684,0.04833984375,-0.0634765625,0.92724609375,3838.3308334747953
3864.960000038147,0.07568359375,0.01171875,0.923828125,3838.340833465258
3864.97000002861,0.07568359375,0.01171875,0.923828125,3838.350833455721
3864.9800000190735,0.03466796875,-0.01611328125,0.76953125,3838.3608334461846
3864.9900000095367,0.03466796875,-0.01611328125,0.76953125,3838.370833436648
3865.0,0.10107421875,0.00048828125,0.96240234375,3838.380833427111
3865.0099999904633,0.10107421875,0.00048828125,0.96240234375,3838.3908334175744
3865.0199999809274,0.04150390625,-0.04150390625,0.8408203125,3838.4008334080386
3865.0299999713898,0.04150390625,-0.04150390625,0.8408203125,3838.410833398501
3865.039999961853,0.05712890625,0.0224609375,0.88037109375,3838.420833388964
3865.049999952316,0.05712890625,0.0224609375,0.88037109375,3838.430833379427
3865.05999994278,0.05224609375,-0.0244140625,0.7685546875,3838.440833369891
3865.069999933243,0.05224609375,-0.0244140625,0.7685546875,3838.450833360354
3865.079999923706,0.0625,0.01025390625,0.826171875,3838.460833350817
3865.089999914169,0.0625,0.01025390625,0.826171875,3838.47083334128
3865.099999904633,0.091796875,-0.04150390625,0.87060546875,3838.480833331744
3865.109999895096,0.091796875,-0.04150390625,0.87060546875,3838.490833322207
3865.119999885559,0.07177734375,0.0048828125,0.8876953125,3838.5008333126702
3865.1299998760223,0.07177734375,0.0048828125,0.8876953125,3838.5108333031335
3865.1399998664856,0.0576171875,0.01708984375,0.771484375,3838.5208332935968
3865.150000095368,0.0576171875,0.01708984375,0.771484375,3838.530833522479
3865.160000085831,0.07568359375,-0.0478515625,1.04150390625,3838.5408335129423
3865.170000076294,0.07568359375,-0.0478515625,1.04150390625,3838.550833503405
3865.180000066757,0.134765625,0.06689453125,1.11572265625,3838.5608334938684
3865.190000057221,0.04443359375,-0.0205078125,1.1728515625,3838.570833484332
3865.200000047684,0.04443359375,-0.0205078125,1.1728515625,3838.5808334747953
3865.210000038147,0.10107421875,-0.01025390625,1.43798828125,3838.590833465258
3865.22000002861,0.10107421875,-0.01025390625,1.43798828125,3838.600833455721
3865.2300000190735,0.021484375,0.00439453125,1.220703125,3838.6108334461846
3865.2400000095367,0.021484375,0.00439453125,1.220703125,3838.620833436648
3865.25,0.04443359375,0.00146484375,1.00927734375,3838.630833427111
3865.2599999904633,0.04443359375,0.00146484375,1.00927734375,3838.6408334175744
3865.2699999809274,0.09375,-0.041015625,1.1162109375,3838.6508334080386
3865.2799999713898,0.09375,-0.041015625,1.1162109375,3838.660833398501
3865.289999961853,0.09716796875,0.02734375,1.0341796875,3838.670833388964
3865.299999952316,0.09716796875,0.02734375,1.0341796875,3838.680833379427
3865.30999994278,0.0634765625,-0.02783203125,0.92822265625,3838.690833369891
3865.319999933243,0.0634765625,-0.02783203125,0.92822265625,3838.700833360354
3865.329999923706,0.080078125,0.03173828125,1.02587890625,3838.710833350817
3865.339999914169,0.080078125,0.03173828125,1.02587890625,3838.72083334128
3865.349999904633,0.05859375,0.00390625,0.87548828125,3838.730833331744
3865.359999895096,0.05859375,0.00390625,0.87548828125,3838.740833322207
3865.369999885559,0.041015625,-0.0126953125,0.89404296875,3838.7508333126702
3865.3799998760223,0.041015625,-0.0126953125,0.89404296875,3838.7608333031335
3865.3899998664856,0.05712890625,0.025390625,0.74658203125,3838.7708332935968
3865.400000095368,0.05712890625,0.025390625,0.74658203125,3838.780833522479
3865.410000085831,0.05078125,0.01025390625,0.89453125,3838.7908335129423
3865.420000076294,0.05078125,0.01025390625,0.89453125,3838.800833503405
3865.430000066757,0.09619140625,0.0048828125,0.974609375,3838.8108334938684
3865.440000057221,0.09619140625,0.0048828125,0.974609375,3838.820833484332
3865.450000047684,0.0673828125,-0.00732421875,1.04638671875,3838.8308334747953
3865.460000038147,0.0673828125,-0.00732421875,1.04638671875,3838.840833465258
3865.47000002861,0.08642578125,0.05126953125,1.2275390625,3838.850833455721
3865.4800000190735,0.08642578125,0.05126953125,1.2275390625,3838.8608334461846
3865.4900000095367,0.0634765625,0.02587890625,1.09619140625,3838.870833436648
3865.5,0.0634765625,0.02587890625,1.09619140625,3838.880833427111
3865.5099999904633,0.060546875,0.072265625,1.0439453125,3838.8908334175744
3865.5199999809274,0.060546875,0.072265625,1.0439453125,3838.9008334080386
3865.5299999713898,0.06982421875,-0.02734375,1.12646484375,3838.910833398501
3865.539999961853,0.06982421875,-0.02734375,1.12646484375,3838.920833388964
3865.549999952316,0.0830078125,0.05419921875,0.9814453125,3838.930833379427
3865.55999994278,0.0830078125,0.05419921875,0.9814453125,3838.940833369891
3865.569999933243,0.06103515625,0.0322265625,0.96728515625,3838.950833360354
3865.579999923706,0.06103515625,0.0322265625,0.96728515625,3838.960833350817
3865.589999914169,0.083984375,-0.01318359375,1.10009765625,3838.97083334128
3865.59500002861,0.083984375,-0.01318359375,1.10009765625,3838.975833455721
3865.599999904633,0.0400390625,0.037109375,0.8779296875,3838.980833331744
3865.619999885559,0.0400390625,0.037109375,0.8779296875,3839.0008333126702
3865.6349999904633,0.01416015625,0.0126953125,0.89990234375,3839.0158334175744
3865.6449999809274,0.01416015625,0.0126953125,0.89990234375,3839.0258334080386
3865.6549999713898,0.0771484375,-0.017578125,1.02099609375,3839.035833398501
3865.664999961853,0.0771484375,-0.017578125,1.02099609375,3839.045833388964
3865.674999952316,0.046875,0.009765625,0.9501953125,3839.055833379427
3865.68499994278,0.046875,0.009765625,0.9501953125,3839.065833369891
3865.694999933243,0.09912109375,0.029296875,0.951171875,3839.075833360354
3865.704999923706,0.09912109375,0.029296875,0.951171875,3839.085833350817
3865.714999914169,0.06494140625,0.0126953125,1.14208984375,3839.09583334128
3865.724999904633,0.06494140625,0.0126953125,1.14208984375,3839.105833331744
3865.734999895096,0.0634765625,0.01513671875,0.9833984375,3839.115833322207
3865.744999885559,0.0634765625,0.01513671875,0.9833984375,3839.1258333126702
3865.7549998760223,0.04638671875,0.04052734375,0.9375,3839.1358333031335
3865.7649998664856,0.04638671875,0.04052734375,0.9375,3839.1458332935968
3865.775000095368,0.076171875,0.021484375,0.875,3839.155833522479
3865.785000085831,0.076171875,0.021484375,0.875,3839.1658335129423
3865.795000076294,0.0751953125,0.01220703125,0.90966796875,3839.175833503405
3865.805000066757,0.0751953125,0.01220703125,0.90966796875,3839.1858334938684
3865.815000057221,0.0908203125,0.01416015625,1.0205078125,3839.195833484332
3865.825000047684,0.0908203125,0.01416015625,1.0205078125,3839.2058334747953
3865.835000038147,0.0673828125,0.017578125,0.98779296875,3839.215833465258
3865.84500002861,0.0673828125,0.017578125,0.98779296875,3839.225833455721
3865.8550000190735,0.09228515625,0.0400390625,1.1337890625,3839.2358334461846
3865.8650000095367,0.09228515625,0.0400390625,1.1337890625,3839.245833436648
3865.875,0.068359375,-0.01708984375,1.06884765625,3839.255833427111
3865.8849999904633,0.068359375,-0.01708984375,1.06884765625,3839.2658334175744
3865.8949999809274,0.0458984375,0.06591796875,0.99462890625,3839.2758334080386
3865.9049999713898,0.0458984375,0.06591796875,0.99462890625,3839.285833398501
3865.914999961853,0.06640625,-0.03125,1.033203125,3839.295833388964
3865.924999952316,0.06640625,-0.03125,1.033203125,3839.305833379427
3865.93499994278,0.07861328125,0.00048828125,1.05517578125,3839.315833369891
3865.944999933243,0.07861328125,0.00048828125,1.05517578125,3839.325833360354
3865.954999923706,0.0458984375,0.033203125,1.01123046875,3839.335833350817
3865.964999914169,0.0458984375,0.033203125,1.01123046875,3839.34583334128
3865.974999904633,0.04931640625,-0.0185546875,1.1455078125,3839.355833331744
3865.984999895096,0.04931640625,-0.0185546875,1.1455078125,3839.365833322207
3865.994999885559,0.109375,0.0361328125,1.04296875,3839.3758333126702
3866.0049998760223,0.109375,0.0361328125,1.04296875,3839.3858333031335
3866.0149998664856,0.02685546875,0.02392578125,1.12744140625,3839.3958332935968
3866.025000095368,0.02685546875,0.02392578125,1.12744140625,3839.405833522479
3866.035000085831,0.08251953125,0.02978515625,1.11328125,3839.4158335129423
3866.045000076294,0.08251953125,0.02978515625,1.11328125,3839.425833503405
3866.055000066757,0.0634765625,0.0302734375,1.22119140625,3839.4358334938684
3866.065000057221,0.0634765625,0.0302734375,1.22119140625,3839.445833484332
3866.075000047684,0.05712890625,0.0234375,1.0703125,3839.4558334747953
3866.085000038147,0.05712890625,0.0234375,1.0703125,3839.465833465258
3866.09500002861,0.0654296875,-0.0107421875,1.09765625,3839.475833455721
3866.1050000190735,0.0654296875,-0.0107421875,1.09765625,3839.4858334461846
3866.1150000095367,0.060546875,0.05078125,0.99365234375,3839.495833436648
3866.125,0.060546875,0.05078125,0.99365234375,3839.505833427111
3866.1349999904633,0.0634765625,-0.00390625,0.849609375,3839.5158334175744
3866.1449999809274,0.0634765625,-0.00390625,0.849609375,3839.5258334080386
3866.1549999713898,0.0654296875,0.02197265625,1.0029296875,3839.535833398501
3866.164999961853,0.0654296875,0.02197265625,1.0029296875,3839.545833388964
3866.174999952316,0.0556640625,0.00537109375,0.93408203125,3839.555833379427
3866.18499994278,0.0556640625,0.00537109375,0.93408203125,3839.565833369891
3866.194999933243,0.029296875,0.013671875,0.8837890625,3839.575833360354
3866.204999923706,0.029296875,0.013671875,0.8837890625,3839.585833350817
3866.214999914169,0.06982421875,0.00634765625,0.8173828125,3839.59583334128
3866.224999904633,0.06982421875,0.00634765625,0.8173828125,3839.605833331744
3866.234999895096,0.06689453125,0.01025390625,1.0634765625,3839.615833322207
3866.244999885559,0.06689453125,0.01025390625,1.0634765625,3839.6258333126702
3866.2549998760223,0.06591796875,0.0078125,0.9619140625,3839.6358333031335
3866.2649998664856,0.06591796875,0.0078125,0.9619140625,3839.6458332935968
3866.275000095368,0.03173828125,-0.0048828125,1.03271484375,3839.655833522479
3866.285000085831,0.03173828125,-0.0048828125,1.03271484375,3839.6658335129423
3866.295000076294,0.10205078125,0.02978515625,1.06884765625,3839.675833503405
3866.305000066757,0.10205078125,0.02978515625,1.06884765625,3839.6858334938684
3866.315000057221,0.068359375,-0.01708984375,0.88134765625,3839.695833484332
3866.325000047684,0.068359375,-0.01708984375,0.88134765625,3839.7058334747953
3866.335000038147,0.06640625,0.04736328125,1.0068359375,3839.715833465258
3866.34500002861,0.06640625,0.04736328125,1.0068359375,3839.725833455721
3866.3550000190735,0.0390625,-0.04248046875,0.97705078125,3839.7358334461846
3866.3650000095367,0.0390625,-0.04248046875,0.97705078125,3839.745833436648
3866.375,0.07080078125,0.0263671875,0.9169921875,3839.755833427111
3866.3849999904633,0.07080078125,0.0263671875,0.9169921875,3839.7658334175744
3866.3949999809274,0.05078125,-0.00634765625,1.15625,3839.7758334080386
3866.4049999713898,0.05078125,-0.00634765625,1.15625,3839.785833398501
3866.414999961853,0.0654296875,-0.015625,1.15283203125,3839.795833388964
3866.424999952316,0.0654296875,-0.015625,1.15283203125,3839.805833379427
3866.43499994278,0.07763671875,0.0048828125,1.0595703125,3839.815833369891
3866.444999933243,0.07763671875,0.0048828125,1.0595703125,3839.825833360354
3866.454999923706,0.06494140625,-0.01416015625,1.0234375,3839.835833350817
3866.464999914169,0.06494140625,-0.01416015625,1.0234375,3839.84583334128
3866.474999904633,0.04931640625,-0.03759765625,0.89501953125,3839.855833331744
3866.484999895096,0.04931640625,-0.03759765625,0.89501953125,3839.865833322207
3866.494999885559,0.03759765625,-0.01416015625,0.92724609375,3839.8758333126702
3866.5049998760223,0.03759765625,-0.01416015625,0.92724609375,3839.8858333031335
3866.5149998664856,0.0703125,-0.01904296875,0.89697265625,3839.8958332935968
3866.525000095368,0.0703125,-0.01904296875,0.89697265625,3839.905833522479
3866.535000085831,0.03076171875,-0.01904296875,1.10498046875,3839.9158335129423
3866.545000076294,0.03076171875,-0.01904296875,1.10498046875,3839.925833503405
3866.555000066757,0.0869140625,-0.01123046875,1.0703125,3839.9358334938684
3866.565000057221,0.0869140625,-0.01123046875,1.0703125,3839.945833484332
3866.575000047684,0.05224609375,-0.05029296875,1.08642578125,3839.9558334747953
3866.585000038147,0.05224609375,-0.05029296875,1.08642578125,3839.965833465258
3866.59500002861,0.0576171875,-0.00048828125,0.99560546875,3839.975833455721
3866.599999904633,0.06640625,-0.068359375,1.05517578125,3839.980833331744
3866.6050000190735,0.06640625,-0.068359375,1.05517578125,3839.9858334461846
3866.625,0.07568359375,-0.00048828125,1.08740234375,3840.005833427111
3866.6399998664856,0.07568359375,-0.00048828125,1.08740234375,3840.0208332935968
3866.650000095368,0.0361328125,-0.0244140625,1.02490234375,3840.030833522479
3866.660000085831,0.0361328125,-0.0244140625,1.02490234375,3840.0408335129423
3866.670000076294,0.0712890625,-0.0263671875,1.1533203125,3840.050833503405
3866.680000066757,0.0712890625,-0.0263671875,1.1533203125,3840.0608334938684
3866.690000057221,0.0771484375,-0.0205078125,1.0283203125,3840.070833484332
3866.700000047684,0.0771484375,-0.0205078125,1.0283203125,3840.0808334747953
3866.710000038147,0.02685546875,-0.03857421875,0.95654296875,3840.090833465258
3866.72000002861,0.02685546875,-0.03857421875,0.95654296875,3840.100833455721
3866.7300000190735,0.0791015625,-0.06396484375,0.97900390625,3840.1108334461846
3866.7400000095367,0.0791015625,-0.06396484375,0.97900390625,3840.120833436648
3866.75,0.06494140625,-0.0087890625,1.08447265625,3840.130833427111
3866.7599999904633,0.06494140625,-0.0087890625,1.08447265625,3840.1408334175744
3866.7699999809274,0.03857421875,-0.03125,0.97216796875,3840.1508334080386
3866.7799999713898,0.03857421875,-0.03125,0.97216796875,3840.160833398501
3866.789999961853,0.04052734375,-0.0615234375,1.16943359375,3840.170833388964
3866.799999952316,0.04052734375,-0.0615234375,1.16943359375,3840.180833379427
3866.80999994278,0.076171875,0.0078125,0.8994140625,3840.190833369891
3866.819999933243,0.076171875,0.0078125,0.8994140625,3840.200833360354
3866.829999923706,0.04052734375,-0.0654296875,1.02001953125,3840.210833350817
3866.839999914169,0.04052734375,-0.0654296875,1.02001953125,3840.22083334128
3866.849999904633,0.0771484375,-0.01123046875,0.99951171875,3840.230833331744
3866.859999895096,0.0771484375,-0.01123046875,0.99951171875,3840.240833322207
3866.869999885559,0.02392578125,-0.00634765625,0.88232421875,3840.2508333126702
3866.8799998760223,0.02392578125,-0.00634765625,0.88232421875,3840.2608333031335
3866.8899998664856,0.0419921875,-0.03759765625,0.91015625,3840.2708332935968
3866.900000095368,0.0419921875,-0.03759765625,0.91015625,3840.280833522479
3866.910000085831,0.06005859375,-0.0400390625,0.97265625,3840.2908335129423
3866.920000076294,0.06005859375,-0.0400390625,0.97265625,3840.300833503405
3866.930000066757,0.0458984375,-0.01318359375,0.99462890625,3840.3108334938684
3866.940000057221,0.0458984375,-0.01318359375,0.99462890625,3840.320833484332
3866.950000047684,0.07421875,-0.0625,0.98046875,3840.3308334747953
3866.960000038147,0.07421875,-0.0625,0.98046875,3840.340833465258
3866.97000002861,0.05322265625,-0.0302734375,1.025390625,3840.350833455721
3866.9800000190735,0.05322265625,-0.0302734375,1.025390625,3840.3608334461846
3866.9900000095367,0.064453125,-0.02734375,1.09619140625,3840.370833436648
3867.0,0.064453125,-0.02734375,1.09619140625,3840.380833427111
3867.0099999904633,0.03125,-0.04150390625,1.017578125,3840.3908334175744
3867.0199999809274,0.03125,-0.04150390625,1.017578125,3840.4008334080386
3867.0299999713898,0.06689453125,-0.00048828125,0.958984375,3840.410833398501
3867.039999961853,0.06689453125,-0.00048828125,0.958984375,3840.420833388964
3867.049999952316,0.056640625,-0.04833984375,1.11572265625,3840.430833379427
3867.05999994278,0.056640625,-0.04833984375,1.11572265625,3840.440833369891
3867.069999933243,0.0810546875,-0.0322265625,1.08251953125,3840.450833360354
3867.079999923706,0.0810546875,-0.0322265625,1.08251953125,3840.460833350817
3867.089999914169,0.017578125,-0.03759765625,0.96435546875,3840.47083334128
3867.099999904633,0.017578125,-0.03759765625,0.96435546875,3840.480833331744
3867.109999895096,0.08056640625,-0.02783203125,1.09033203125,3840.490833322207
3867.119999885559,0.08056640625,-0.02783203125,1.09033203125,3840.5008333126702
3867.1299998760223,0.0703125,-0.03466796875,0.94677734375,3840.5108333031335
3867.1399998664856,0.0703125,-0.03466796875,0.94677734375,3840.5208332935968
3867.150000095368,0.0458984375,0.00390625,1.00927734375,3840.530833522479
3867.160000085831,0.0458984375,0.00390625,1.00927734375,3840.5408335129423
3867.170000076294,0.0380859375,-0.0556640625,0.9482421875,3840.550833503405
3867.180000066757,0.0380859375,-0.0556640625,0.9482421875,3840.5608334938684
3867.190000057221,0.04833984375,0.02099609375,0.990234375,3840.570833484332
3867.200000047684,0.04833984375,0.02099609375,0.990234375,3840.5808334747953
3867.210000038147,0.03564453125,-0.01806640625,0.99462890625,3840.590833465258
3867.22000002861,0.03564453125,-0.01806640625,0.99462890625,3840.600833455721
3867.2300000190735,0.0458984375,-0.03466796875,1.02099609375,3840.6108334461846
3867.2400000095367,0.0458984375,-0.03466796875,1.02099609375,3840.620833436648
3867.25,0.0859375,0.02490234375,1.06689453125,3840.630833427111
3867.2599999904633,0.0859375,0.02490234375,1.06689453125,3840.6408334175744
3867.2699999809274,0.03955078125,-0.04345703125,1.0556640625,3840.6508334080386
3867.2799999713898,0.03955078125,-0.04345703125,1.0556640625,3840.660833398501
3867.289999961853,0.0546875,0.00390625,1.12890625,3840.670833388964
3867.299999952316,0.0546875,0.00390625,1.12890625,3840.680833379427
3867.30999994278,0.04248046875,-0.0048828125,1.09326171875,3840.690833369891
3867.319999933243,0.04248046875,-0.0048828125,1.09326171875,3840.700833360354
3867.329999923706,0.07373046875,0.00634765625,1.044921875,3840.710833350817
3867.339999914169,0.07373046875,0.00634765625,1.044921875,3840.72083334128
3867.349999904633,0.02587890625,-0.0166015625,1.03271484375,3840.730833331744
3867.359999895096,0.02587890625,-0.0166015625,1.03271484375,3840.740833322207
3867.369999885559,0.0849609375,0.021484375,0.9619140625,3840.7508333126702
3867.3799998760223,0.0849609375,0.021484375,0.9619140625,3840.7608333031335
3867.3899998664856,0.05078125,-0.01611328125,0.99365234375,3840.7708332935968
3867.400000095368,0.05078125,-0.01611328125,0.99365234375,3840.780833522479
3867.410000085831,0.05078125,-0.0087890625,0.98876953125,3840.7908335129423
3867.420000076294,0.05078125,-0.0087890625,0.98876953125,3840.800833503405
3867.430000066757,0.0419921875,-0.013671875,1.04833984375,3840.8108334938684
3867.440000057221,0.0419921875,-0.013671875,1.04833984375,3840.820833484332
3867.450000047684,0.0634765625,0.00341796875,0.9990234375,3840.8308334747953
3867.460000038147,0.0634765625,0.00341796875,0.9990234375,3840.840833465258
3867.47000002861,0.052734375,-0.00390625,0.89306640625,3840.850833455721
3867.4800000190735,0.052734375,-0.00390625,0.89306640625,3840.8608334461846
3867.4900000095367,0.06884765625,-0.0029296875,1.0048828125,3840.870833436648
3867.5,0.06884765625,-0.0029296875,1.0048828125,3840.880833427111
3867.5099999904633,0.0673828125,0.005859375,0.94921875,3840.8908334175744
3867.5199999809274,0.0673828125,0.005859375,0.94921875,3840.9008334080386
3867.5299999713898,0.0361328125,0.0263671875,1.02294921875,3840.910833398501
3867.539999961853,0.0361328125,0.0263671875,1.02294921875,3840.920833388964
3867.549999952316,0.080078125,-0.01416015625,0.93896484375,3840.930833379427
3867.55999994278,0.080078125,-0.01416015625,0.93896484375,3840.940833369891
3867.569999933243,0.0419921875,0.03515625,0.93310546875,3840.950833360354
3867.579999923706,0.0419921875,0.03515625,0.93310546875,3840.960833350817
3867.589999914169,0.05419921875,0.01318359375,0.76513671875,3840.97083334128
3867.599999904633,0.05419921875,0.01318359375,0.76513671875,3840.980833331744
3867.6050000190735,0.072265625,0.0078125,0.95703125,3840.9858334461846
3867.609999895096,0.05810546875,0.08642578125,0.8779296875,3840.990833322207
3867.6299998760223,0.05810546875,0.08642578125,0.8779296875,3841.0108333031335
3867.6449999809274,0.00439453125,-0.041015625,0.7158203125,3841.0258334080386
3867.6549999713898,0.00439453125,-0.041015625,0.7158203125,3841.035833398501
3867.664999961853,0.0673828125,0.05908203125,0.74755859375,3841.045833388964
3867.674999952316,0.0673828125,0.05908203125,0.74755859375,3841.055833379427
3867.68499994278,0.05029296875,0.00146484375,0.80224609375,3841.065833369891
3867.694999933243,0.05029296875,0.00146484375,0.80224609375,3841.075833360354
3867.704999923706,0.06640625,0.0263671875,0.861328125,3841.085833350817
3867.714999914169,0.06640625,0.0263671875,0.861328125,3841.09583334128
3867.724999904633,0.03955078125,0.041015625,0.9384765625,3841.105833331744
3867.734999895096,0.03955078125,0.041015625,0.9384765625,3841.115833322207
3867.744999885559,0.080078125,0.07470703125,1.0791015625,3841.1258333126702
3867.7549998760223,0.080078125,0.07470703125,1.0791015625,3841.1358333031335
3867.7649998664856,0.08837890625,0.05712890625,1.18896484375,3841.1458332935968
3867.775000095368,0.08837890625,0.05712890625,1.18896484375,3841.155833522479
3867.785000085831,0.02783203125,0.0263671875,1.2099609375,3841.1658335129423
3867.795000076294,0.02783203125,0.0263671875,1.2099609375,3841.175833503405
3867.805000066757,0.06201171875,0.060546875,1.21630859375,3841.1858334938684
3867.815000057221,0.06201171875,0.060546875,1.21630859375,3841.195833484332
3867.825000047684,0.060546875,0.0625,1.259765625,3841.2058334747953
3867.835000038147,0.060546875,0.0625,1.259765625,3841.215833465258
3867.84500002861,0.05419921875,0.06396484375,1.2744140625,3841.225833455721
3867.8550000190735,0.05419921875,0.06396484375,1.2744140625,3841.2358334461846
3867.8650000095367,0.025390625,0.03173828125,1.369140625,3841.245833436648
3867.875,0.025390625,0.03173828125,1.369140625,3841.255833427111
3867.8849999904633,0.078125,0.11474609375,1.00244140625,3841.2658334175744
3867.8949999809274,0.078125,0.11474609375,1.00244140625,3841.2758334080386
3867.9049999713898,0.001953125,0.0283203125,0.94775390625,3841.285833398501
3867.914999961853,0.001953125,0.0283203125,0.94775390625,3841.295833388964
3867.924999952316,0.083984375,0.033203125,0.943359375,3841.305833379427
3867.93499994278,0.083984375,0.033203125,0.943359375,3841.315833369891
3867.944999933243,0.013671875,0.0537109375,0.8857421875,3841.325833360354
3867.954999923706,0.013671875,0.0537109375,0.8857421875,3841.335833350817
3867.964999914169,0.0263671875,0.06982421875,0.833984375,3841.34583334128
3867.974999904633,0.0263671875,0.06982421875,0.833984375,3841.355833331744
3867.984999895096,0.048828125,0.02783203125,0.70654296875,3841.365833322207
3867.994999885559,0.048828125,0.02783203125,0.70654296875,3841.3758333126702
3868.0049998760223,0.04443359375,0.0673828125,0.88916015625,3841.3858333031335
3868.0149998664856,0.04443359375,0.0673828125,0.88916015625,3841.3958332935968
3868.025000095368,0.0400390625,0.06298828125,0.810546875,3841.405833522479
3868.035000085831,0.0400390625,0.06298828125,0.810546875,3841.4158335129423
3868.045000076294,0.03662109375,0.0380859375,0.8525390625,3841.425833503405
3868.055000066757,0.03662109375,0.0380859375,0.8525390625,3841.4358334938684
3868.065000057221,0.064453125,0.076171875,0.98779296875,3841.445833484332
3868.075000047684,0.064453125,0.076171875,0.98779296875,3841.4558334747953
3868.085000038147,0.03125,0.04736328125,0.9892578125,3841.465833465258
3868.09500002861,0.03125,0.04736328125,0.9892578125,3841.475833455721
3868.1050000190735,0.04541015625,0.1337890625,1.10498046875,3841.4858334461846
3868.1150000095367,0.04541015625,0.1337890625,1.10498046875,3841.495833436648
3868.125,0.04736328125,0.0693359375,1.20263671875,3841.505833427111
3868.1349999904633,0.04736328125,0.0693359375,1.20263671875,3841.5158334175744
3868.1449999809274,0.07421875,0.10009765625,1.29248046875,3841.5258334080386
3868.1549999713898,0.07421875,0.10009765625,1.29248046875,3841.535833398501
3868.164999961853,0.0009765625,0.08251953125,1.2109375,3841.545833388964
3868.174999952316,0.0009765625,0.08251953125,1.2109375,3841.555833379427
3868.18499994278,0.06201171875,0.0888671875,1.40869140625,3841.565833369891
3868.194999933243,0.06201171875,0.0888671875,1.40869140625,3841.575833360354
3868.204999923706,0.041015625,0.07373046875,1.1494140625,3841.585833350817
3868.214999914169,0.041015625,0.07373046875,1.1494140625,3841.59583334128
3868.224999904633,0.048828125,0.06884765625,1.11474609375,3841.605833331744
3868.234999895096,0.048828125,0.06884765625,1.11474609375,3841.615833322207
3868.244999885559,0.03955078125,0.04248046875,1.1025390625,3841.6258333126702
3868.2549998760223,0.03955078125,0.04248046875,1.1025390625,3841.6358333031335
3868.2649998664856,0.05859375,0.1142578125,0.9013671875,3841.6458332935968
3868.275000095368,0.05859375,0.1142578125,0.9013671875,3841.655833522479
3868.285000085831,0.02099609375,0.0302734375,0.83056640625,3841.6658335129423
3868.295000076294,0.02099609375,0.0302734375,0.83056640625,3841.675833503405
3868.305000066757,0.0576171875,0.02490234375,1.080078125,3841.6858334938684
3868.315000057221,0.0576171875,0.02490234375,1.080078125,3841.695833484332
3868.325000047684,0.03076171875,0.08740234375,0.7275390625,3841.7058334747953
3868.335000038147,0.03076171875,0.08740234375,0.7275390625,3841.715833465258
3868.34500002861,0.02099609375,0.03076171875,0.87158203125,3841.725833455721
3868.3550000190735,0.02099609375,0.03076171875,0.87158203125,3841.7358334461846
3868.3650000095367,0.07763671875,0.02685546875,0.89111328125,3841.745833436648
3868.375,0.07763671875,0.02685546875,0.89111328125,3841.755833427111
3868.3849999904633,0.00537109375,0.0625,0.8623046875,3841.7658334175744
3868.3949999809274,0.00537109375,0.0625,0.8623046875,3841.7758334080386
3868.4049999713898,0.05224609375,0.05078125,0.83837890625,3841.785833398501
3868.414999961853,0.05224609375,0.05078125,0.83837890625,3841.795833388964
3868.424999952316,0.04931640625,0.0751953125,1.0576171875,3841.805833379427
3868.43499994278,0.04931640625,0.0751953125,1.0576171875,3841.815833369891
3868.444999933243,0.07470703125,0.11669921875,1.1591796875,3841.825833360354
3868.454999923706,0.07470703125,0.11669921875,1.1591796875,3841.835833350817
3868.464999914169,0.029296875,0.06005859375,1.19482421875,3841.84583334128
3868.474999904633,0.029296875,0.06005859375,1.19482421875,3841.855833331744
3868.484999895096,0.0400390625,0.1123046875,1.189453125,3841.865833322207
3868.494999885559,0.0400390625,0.1123046875,1.189453125,3841.8758333126702
3868.5049998760223,0.029296875,0.0390625,1.232421875,3841.8858333031335
3868.5149998664856,0.029296875,0.0390625,1.232421875,3841.8958332935968
3868.525000095368,0.072265625,0.10009765625,1.17138671875,3841.905833522479
3868.535000085831,0.072265625,0.10009765625,1.17138671875,3841.9158335129423
3868.545000076294,0.03271484375,0.09912109375,1.14013671875,3841.925833503405
3868.555000066757,0.03271484375,0.09912109375,1.14013671875,3841.9358334938684
3868.565000057221,0.046875,0.0791015625,1.30029296875,3841.945833484332
3868.575000047684,0.046875,0.0791015625,1.30029296875,3841.9558334747953
3868.585000038147,0.0263671875,0.1064453125,1.02001953125,3841.965833465258
3868.59500002861,0.0263671875,0.1064453125,1.02001953125,3841.975833455721
3868.6050000190735,0.01953125,0.06494140625,0.97119140625,3841.9858334461846
3868.609999895096,0.01953125,0.06494140625,0.97119140625,3841.990833322207
3868.6150000095367,0.09033203125,0.05810546875,1.091796875,3841.995833436648
3868.6299998760223,0.09033203125,0.05810546875,1.091796875,3842.0108333031335
3868.6449999809274,0.0205078125,0.0595703125,0.7421875,3842.0258334080386
3868.6549999713898,0.0205078125,0.0595703125,0.7421875,3842.035833398501
3868.664999961853,0.02099609375,0.0478515625,0.71630859375,3842.045833388964
3868.674999952316,0.02099609375,0.0478515625,0.71630859375,3842.055833379427
3868.68499994278,0.03857421875,0.060546875,0.8994140625,3842.065833369891
3868.694999933243,0.03857421875,0.060546875,0.8994140625,3842.075833360354
3868.704999923706,0.0751953125,0.068359375,0.74462890625,3842.085833350817
3868.714999914169,0.0751953125,0.068359375,0.74462890625,3842.09583334128
3868.724999904633,0.0263671875,0.04638671875,0.95263671875,3842.105833331744
3868.734999895096,0.0263671875,0.04638671875,0.95263671875,3842.115833322207
3868.744999885559,0.046875,0.0732421875,0.9384765625,3842.1258333126702
3868.7549998760223,0.046875,0.0732421875,0.9384765625,3842.1358333031335
3868.7649998664856,0.0087890625,0.05712890625,0.8623046875,3842.1458332935968
3868.775000095368,0.0087890625,0.05712890625,0.8623046875,3842.155833522479
3868.785000085831,0.06005859375,0.0830078125,1.0888671875,3842.1658335129423
3868.795000076294,0.06005859375,0.0830078125,1.0888671875,3842.175833503405
3868.805000066757,0.0380859375,0.02490234375,1.16455078125,3842.1858334938684
3868.815000057221,0.0380859375,0.02490234375,1.16455078125,3842.195833484332
3868.825000047684,0.05517578125,0.09912109375,1.31640625,3842.2058334747953
3868.835000038147,0.05517578125,0.09912109375,1.31640625,3842.215833465258
3868.84500002861,0.0390625,0.06298828125,1.2802734375,3842.225833455721
3868.8550000190735,0.0390625,0.06298828125,1.2802734375,3842.2358334461846
3868.8650000095367,0.021484375,0.0927734375,1.27490234375,3842.245833436648
3868.875,0.021484375,0.0927734375,1.27490234375,3842.255833427111
3868.8849999904633,0.0576171875,0.0390625,1.4189453125,3842.2658334175744
3868.8949999809274,0.0576171875,0.0390625,1.4189453125,3842.2758334080386
3868.9049999713898,0.0439453125,0.05712890625,1.18115234375,3842.285833398501
3868.914999961853,0.0439453125,0.05712890625,1.18115234375,3842.295833388964
3868.924999952316,0.0302734375,0.08154296875,0.9677734375,3842.305833379427
3868.93499994278,0.0302734375,0.08154296875,0.9677734375,3842.315833369891
3868.944999933243,0.021484375,0.0400390625,1.064453125,3842.325833360354
3868.954999923706,0.021484375,0.0400390625,1.064453125,3842.335833350817
3868.964999914169,0.03955078125,0.02978515625,0.765625,3842.34583334128
3868.974999904633,0.03955078125,0.02978515625,0.765625,3842.355833331744
3868.984999895096,0.02099609375,0.044921875,0.77587890625,3842.365833322207
3868.994999885559,0.02099609375,0.044921875,0.77587890625,3842.3758333126702
3869.0049998760223,0.072265625,0.00634765625,0.8125,3842.3858333031335
3869.0149998664856,0.072265625,0.00634765625,0.8125,3842.3958332935968
3869.025000095368,0.0263671875,0.03173828125,0.830078125,3842.405833522479
3869.035000085831,0.0263671875,0.03173828125,0.830078125,3842.4158335129423
3869.045000076294,0.02587890625,0.04931640625,0.7919921875,3842.425833503405
3869.055000066757,0.02587890625,0.04931640625,0.7919921875,3842.4358334938684
3869.065000057221,0.0458984375,0.015625,1.11279296875,3842.445833484332
3869.075000047684,0.0458984375,0.015625,1.11279296875,3842.4558334747953
3869.085000038147,0.03466796875,0.02392578125,0.859375,3842.465833465258
3869.09500002861,0.03466796875,0.02392578125,0.859375,3842.475833455721
3869.1050000190735,0.03564453125,0.02880859375,0.998046875,3842.4858334461846
3869.1150000095367,0.03564453125,0.02880859375,0.998046875,3842.495833436648
3869.125,0.0537109375,0.0419921875,1.20068359375,3842.505833427111
3869.1349999904633,0.0537109375,0.0419921875,1.20068359375,3842.5158334175744
3869.1449999809274,0.02978515625,0.0380859375,1.08203125,3842.5258334080386
3869.1549999713898,0.02978515625,0.0380859375,1.08203125,3842.535833398501
3869.164999961853,0.0185546875,0.01513671875,1.28662109375,3842.545833388964
3869.174999952316,0.0185546875,0.01513671875,1.28662109375,3842.555833379427
3869.18499994278,0.05615234375,0.04345703125,1.1298828125,3842.565833369891
3869.194999933243,0.05615234375,0.04345703125,1.1298828125,3842.575833360354
3869.204999923706,0.01806640625,0.021484375,1.17529296875,3842.585833350817
3869.214999914169,0.01806640625,0.021484375,1.17529296875,3842.59583334128
3869.224999904633,0.07666015625,0.03515625,1.083984375,3842.605833331744
3869.234999895096,0.07666015625,0.03515625,1.083984375,3842.615833322207
3869.244999885559,0.0107421875,0.0146484375,0.9501953125,3842.6258333126702
3869.2549998760223,0.0107421875,0.0146484375,0.9501953125,3842.6358333031335
3869.2649998664856,0.064453125,0.04736328125,1.0615234375,3842.6458332935968
3869.275000095368,0.064453125,0.04736328125,1.0615234375,3842.655833522479
3869.285000085831,0.0322265625,0.00244140625,0.94970703125,3842.6658335129423
3869.295000076294,0.0322265625,0.00244140625,0.94970703125,3842.675833503405
3869.305000066757,0.04931640625,0.0546875,0.84814453125,3842.6858334938684
3869.315000057221,0.04931640625,0.0546875,0.84814453125,3842.695833484332
3869.325000047684,0.037109375,0.01220703125,1.05859375,3842.7058334747953
3869.335000038147,0.037109375,0.01220703125,1.05859375,3842.715833465258
3869.34500002861,0.04736328125,0.00146484375,0.986328125,3842.725833455721
3869.3550000190735,0.04736328125,0.00146484375,0.986328125,3842.7358334461846
3869.3650000095367,-0.00244140625,0.0712890625,0.78466796875,3842.745833436648
3869.375,-0.00244140625,0.0712890625,0.78466796875,3842.755833427111
3869.3849999904633,0.04248046875,-0.00244140625,1.0009765625,3842.7658334175744
3869.3949999809274,0.04248046875,-0.00244140625,1.0009765625,3842.7758334080386
3869.4049999713898,0.03173828125,0.00634765625,0.759765625,3842.785833398501
3869.414999961853,0.03173828125,0.00634765625,0.759765625,3842.795833388964
3869.424999952316,-0.00146484375,0.04248046875,0.7177734375,3842.805833379427
3869.43499994278,-0.00146484375,0.04248046875,0.7177734375,3842.815833369891
3869.444999933243,0.056640625,-0.02001953125,0.880859375,3842.825833360354
3869.454999923706,0.056640625,-0.02001953125,0.880859375,3842.835833350817
3869.464999914169,0.025390625,0.00146484375,0.94775390625,3842.84583334128
3869.474999904633,0.025390625,0.00146484375,0.94775390625,3842.855833331744
3869.484999895096,0.0263671875,0.01025390625,0.8193359375,3842.865833322207
3869.494999885559,0.0263671875,0.01025390625,0.8193359375,3842.8758333126702
3869.5049998760223,0.02880859375,-0.01708984375,1.01708984375,3842.8858333031335
3869.5149998664856,0.02880859375,-0.01708984375,1.01708984375,3842.8958332935968
3869.525000095368,0.06201171875,0.0068359375,0.875,3842.905833522479
3869.535000085831,0.06201171875,0.0068359375,0.875,3842.9158335129423
3869.545000076294,0.0234375,-0.0263671875,0.9921875,3842.925833503405
3869.555000066757,0.0234375,-0.0263671875,0.9921875,3842.9358334938684
3869.565000057221,0.03759765625,-0.01806640625,1.15869140625,3842.945833484332
3869.575000047684,0.03759765625,-0.01806640625,1.15869140625,3842.9558334747953
3869.585000038147,0.02392578125,-0.00146484375,1.18408203125,3842.965833465258
3869.59500002861,0.02392578125,-0.00146484375,1.18408203125,3842.975833455721
3869.6050000190735,0.03564453125,0.0068359375,1.1611328125,3842.9858334461846
3869.609999895096,0.03466796875,-0.04052734375,1.197265625,3842.990833322207
3869.6150000095367,0.0615234375,0.02099609375,1.18017578125,3842.995833436648
3869.6349999904633,0.0615234375,0.02099609375,1.18017578125,3843.0158334175744
3869.650000095368,0.0615234375,0.02099609375,1.18017578125,3843.030833522479
3869.660000085831,0.02685546875,-0.03369140625,1.0205078125,3843.0408335129423
3869.670000076294,0.02685546875,-0.03369140625,1.0205078125,3843.050833503405
3869.680000066757,0.02294921875,0.0126953125,0.96728515625,3843.0608334938684
3869.690000057221,0.02294921875,0.0126953125,0.96728515625,3843.070833484332
3869.700000047684,0.015625,-0.0068359375,0.9384765625,3843.0808334747953
3869.710000038147,0.015625,-0.0068359375,0.9384765625,3843.090833465258
3869.72000002861,0.0400390625,-0.0146484375,0.8525390625,3843.100833455721
3869.7300000190735,0.0400390625,-0.0146484375,0.8525390625,3843.1108334461846
3869.7400000095367,0.046875,0.03515625,0.857421875,3843.120833436648
3869.75,0.046875,0.03515625,0.857421875,3843.130833427111
3869.7599999904633,0.03271484375,-0.05810546875,0.904296875,3843.1408334175744
3869.7699999809274,0.03271484375,-0.05810546875,0.904296875,3843.1508334080386
3869.7799999713898,0.060546875,0.05322265625,0.86181640625,3843.160833398501
3869.789999961853,0.060546875,0.05322265625,0.86181640625,3843.170833388964
3869.799999952316,0.0087890625,-0.001953125,0.9091796875,3843.180833379427
3869.80999994278,0.0087890625,-0.001953125,0.9091796875,3843.190833369891
3869.819999933243,0.064453125,-0.0146484375,0.99169921875,3843.200833360354
3869.829999923706,0.064453125,-0.0146484375,0.99169921875,3843.210833350817
3869.839999914169,0.02685546875,0.02197265625,0.97314453125,3843.22083334128
3869.849999904633,0.02685546875,0.02197265625,0.97314453125,3843.230833331744
3869.859999895096,0.02197265625,-0.00537109375,1.05322265625,3843.240833322207
3869.869999885559,0.02197265625,-0.00537109375,1.05322265625,3843.2508333126702
3869.8799998760223,0.02880859375,-0.02099609375,1.27685546875,3843.2608333031335
3869.8899998664856,0.02880859375,-0.02099609375,1.27685546875,3843.2708332935968
3869.900000095368,0.0224609375,0.01513671875,1.09619140625,3843.280833522479
3869.910000085831,0.0224609375,0.01513671875,1.09619140625,3843.2908335129423
3869.920000076294,0.0380859375,-0.025390625,1.09228515625,3843.300833503405
3869.930000066757,0.0380859375,-0.025390625,1.09228515625,3843.3108334938684
3869.940000057221,0.03125,-0.029296875,1.2314453125,3843.320833484332
3869.950000047684,0.03125,-0.029296875,1.2314453125,3843.3308334747953
3869.960000038147,0.02490234375,0.00146484375,0.97021484375,3843.340833465258
3869.97000002861,0.02490234375,0.00146484375,0.97021484375,3843.350833455721
3869.9800000190735,0.03564453125,-0.0068359375,1.04736328125,3843.3608334461846
3869.9900000095367,0.03564453125,-0.0068359375,1.04736328125,3843.370833436648
3870.0,0.0361328125,-0.00537109375,0.9521484375,3843.380833427111
3870.0099999904633,0.0361328125,-0.00537109375,0.9521484375,3843.3908334175744
3870.0199999809274,0.03369140625,0.04052734375,0.90673828125,3843.4008334080386
3870.0299999713898,0.03369140625,0.04052734375,0.90673828125,3843.410833398501
3870.039999961853,0.05322265625,0.001953125,0.93896484375,3843.420833388964
3870.049999952316,0.05322265625,0.001953125,0.93896484375,3843.430833379427
3870.05999994278,0.02001953125,0.0263671875,0.97509765625,3843.440833369891
3870.069999933243,0.02001953125,0.0263671875,0.97509765625,3843.450833360354
3870.079999923706,0.03515625,0.01025390625,1.0576171875,3843.460833350817
3870.089999914169,0.03515625,0.01025390625,1.0576171875,3843.47083334128
3870.099999904633,0.02978515625,0.02587890625,0.9716796875,3843.480833331744
3870.109999895096,0.02978515625,0.02587890625,0.9716796875,3843.490833322207
3870.119999885559,0.01171875,0.0654296875,0.98486328125,3843.5008333126702
3870.1299998760223,0.01171875,0.0654296875,0.98486328125,3843.5108333031335
3870.1399998664856,0.03955078125,-0.02294921875,1.0458984375,3843.5208332935968
3870.150000095368,0.03955078125,-0.02294921875,1.0458984375,3843.530833522479
3870.160000085831,0.044921875,0.04443359375,1.04052734375,3843.5408335129423
3870.170000076294,0.044921875,0.04443359375,1.04052734375,3843.550833503405
3870.180000066757,-0.00390625,0.029296875,0.97412109375,3843.5608334938684
3870.190000057221,-0.00390625,0.029296875,0.97412109375,3843.570833484332
3870.200000047684,0.02685546875,0.01806640625,1.1611328125,3843.5808334747953
3870.210000038147,0.02685546875,0.01806640625,1.1611328125,3843.590833465258
3870.22000002861,0.05517578125,0.06103515625,1.00732421875,3843.600833455721
3870.2300000190735,0.05517578125,0.06103515625,1.00732421875,3843.6108334461846
3870.2400000095367,-0.001953125,0.02392578125,1.00390625,3843.620833436648
3870.25,-0.001953125,0.02392578125,1.00390625,3843.630833427111
3870.2599999904633,0.05517578125,0.01806640625,1.1416015625,3843.6408334175744
3870.2699999809274,0.05517578125,0.01806640625,1.1416015625,3843.6508334080386
3870.2799999713898,0.0048828125,0.04931640625,1.10302734375,3843.660833398501
3870.289999961853,0.0048828125,0.04931640625,1.10302734375,3843.670833388964
3870.299999952316,0.005859375,0.0234375,0.99755859375,3843.680833379427
3870.30999994278,0.005859375,0.0234375,0.99755859375,3843.690833369891
3870.319999933243,0.00927734375,0.0087890625,1.0634765625,3843.700833360354
3870.329999923706,0.00927734375,0.0087890625,1.0634765625,3843.710833350817
3870.339999914169,0.03076171875,0.0888671875,1.021484375,3843.72083334128
3870.349999904633,0.03076171875,0.0888671875,1.021484375,3843.730833331744
3870.359999895096,0.0126953125,0.005859375,1.08642578125,3843.740833322207
3870.369999885559,0.0126953125,0.005859375,1.08642578125,3843.7508333126702
3870.3799998760223,0.04443359375,0.0380859375,1.0693359375,3843.7608333031335
3870.3899998664856,0.04443359375,0.0380859375,1.0693359375,3843.7708332935968
3870.400000095368,0.02978515625,0.0478515625,1.025390625,3843.780833522479
3870.410000085831,0.02978515625,0.0478515625,1.025390625,3843.7908335129423
3870.420000076294,0.0361328125,0.05517578125,0.91015625,3843.800833503405
3870.430000066757,0.0361328125,0.05517578125,0.91015625,3843.8108334938684
3870.440000057221,0.00537109375,0.02099609375,0.83984375,3843.820833484332
3870.450000047684,0.00537109375,0.02099609375,0.83984375,3843.8308334747953
3870.460000038147,0.04296875,0.076171875,0.8369140625,3843.840833465258
3870.47000002861,0.04296875,0.076171875,0.8369140625,3843.850833455721
3870.4800000190735,0.04541015625,0.001953125,0.86181640625,3843.8608334461846
3870.4900000095367,0.04541015625,0.001953125,0.86181640625,3843.870833436648
3870.5,0.009765625,0.060546875,0.96630859375,3843.880833427111
3870.5099999904633,0.009765625,0.060546875,0.96630859375,3843.8908334175744
3870.5199999809274,0.0029296875,-0.01220703125,0.828125,3843.9008334080386
3870.5299999713898,0.0029296875,-0.01220703125,0.828125,3843.910833398501
3870.539999961853,0.04541015625,0.0361328125,0.9921875,3843.920833388964
3870.549999952316,0.04541015625,0.0361328125,0.9921875,3843.930833379427
3870.55999994278,0.029296875,0.0498046875,0.94873046875,3843.940833369891
3870.569999933243,0.029296875,0.0498046875,0.94873046875,3843.950833360354
3870.579999923706,0.0283203125,-0.041015625,1.17919921875,3843.960833350817
3870.589999914169,0.0283203125,-0.041015625,1.17919921875,3843.97083334128
3870.599999904633,0.05859375,0.09716796875,1.14111328125,3843.980833331744
3870.609999895096,0.05859375,0.09716796875,1.14111328125,3843.990833322207
3870.6150000095367,-0.01171875,0.01904296875,1.12060546875,3843.995833436648
3870.619999885559,0.07373046875,0.0458984375,1.3544921875,3844.0008333126702
3870.6399998664856,0.07373046875,0.0458984375,1.3544921875,3844.0208332935968
3870.650000095368,0.07373046875,0.0458984375,1.3544921875,3844.030833522479
3870.660000085831,0.02587890625,0.07421875,1.27490234375,3844.0408335129423
3870.670000076294,0.02587890625,0.07421875,1.27490234375,3844.050833503405
3870.680000066757,0.0224609375,0.048828125,1.13232421875,3844.0608334938684
3870.690000057221,0.0224609375,0.048828125,1.13232421875,3844.070833484332
3870.700000047684,0.02978515625,0.04638671875,1.25439453125,3844.0808334747953
3870.710000038147,0.02978515625,0.04638671875,1.25439453125,3844.090833465258
3870.72000002861,0.03759765625,0.0703125,1.17724609375,3844.100833455721
3870.7300000190735,0.03759765625,0.0703125,1.17724609375,3844.1108334461846
3870.7400000095367,0.01806640625,0.06396484375,1.07666015625,3844.120833436648
3870.75,0.01806640625,0.06396484375,1.07666015625,3844.130833427111
3870.7599999904633,0.00537109375,0.03173828125,0.98095703125,3844.1408334175744
3870.7699999809274,0.00537109375,0.03173828125,0.98095703125,3844.1508334080386
3870.7799999713898,0.04345703125,0.07177734375,0.85546875,3844.160833398501
3870.789999961853,0.04345703125,0.07177734375,0.85546875,3844.170833388964
3870.799999952316,0.0283203125,0.04931640625,0.90380859375,3844.180833379427
3870.80999994278,0.0283203125,0.04931640625,0.90380859375,3844.190833369891
3870.819999933243,0.021484375,0.07275390625,0.95556640625,3844.200833360354
3870.829999923706,0.021484375,0.07275390625,0.95556640625,3844.210833350817
3870.839999914169,-0.03271484375,0.03759765625,0.939453125,3844.22083334128
3870.849999904633,-0.03271484375,0.03759765625,0.939453125,3844.230833331744
3870.859999895096,0.0615234375,0.0712890625,0.900390625,3844.240833322207
3870.869999885559,0.0615234375,0.0712890625,0.900390625,3844.2508333126702
3870.8799998760223,-0.02099609375,0.06298828125,0.97412109375,3844.2608333031335
3870.8899998664856,-0.02099609375,0.06298828125,0.97412109375,3844.2708332935968
3870.900000095368,0.03271484375,0.05224609375,1.119140625,3844.280833522479
3870.910000085831,0.03271484375,0.05224609375,1.119140625,3844.2908335129423
3870.920000076294,0.01513671875,0.04248046875,1.21533203125,3844.300833503405
3870.930000066757,0.01513671875,0.04248046875,1.21533203125,3844.3108334938684
3870.940000057221,0.0244140625,0.09521484375,1.05810546875,3844.320833484332
3870.950000047684,0.0244140625,0.09521484375,1.05810546875,3844.3308334747953
3870.960000038147,0.009765625,0.0478515625,1.01220703125,3844.340833465258
3870.97000002861,0.009765625,0.0478515625,1.01220703125,3844.350833455721
3870.9800000190735,0.02490234375,0.05712890625,1.22314453125,3844.3608334461846
3870.9900000095367,0.02490234375,0.05712890625,1.22314453125,3844.370833436648
3871.0,0.05859375,0.0400390625,0.95361328125,3844.380833427111
3871.0099999904633,0.05859375,0.0400390625,0.95361328125,3844.3908334175744
3871.0199999809274,-0.033203125,0.05712890625,0.88818359375,3844.4008334080386
3871.0299999713898,-0.033203125,0.05712890625,0.88818359375,3844.410833398501
3871.039999961853,0.03369140625,0.0361328125,1.1005859375,3844.420833388964
3871.049999952316,0.03369140625,0.0361328125,1.1005859375,3844.430833379427
3871.05999994278,0.0048828125,0.05419921875,0.99755859375,3844.440833369891
3871.069999933243,0.0048828125,0.05419921875,0.99755859375,3844.450833360354
3871.079999923706,0.01318359375,0.0732421875,0.98095703125,3844.460833350817
3871.089999914169,0.01318359375,0.0732421875,0.98095703125,3844.47083334128
3871.099999904633,0.0341796875,0.02734375,0.9716796875,3844.480833331744
3871.109999895096,0.0341796875,0.02734375,0.9716796875,3844.490833322207
3871.119999885559,0.01904296875,0.07275390625,1.1015625,3844.5008333126702
3871.1299998760223,0.01904296875,0.07275390625,1.1015625,3844.5108333031335
3871.1399998664856,0.03955078125,0.02490234375,0.89306640625,3844.5208332935968
3871.150000095368,0.03955078125,0.02490234375,0.89306640625,3844.530833522479
3871.160000085831,-0.00830078125,0.0576171875,1.1376953125,3844.5408335129423
3871.170000076294,-0.00830078125,0.0576171875,1.1376953125,3844.550833503405
3871.180000066757,0.02880859375,0.00390625,0.8974609375,3844.5608334938684
3871.190000057221,0.02880859375,0.00390625,0.8974609375,3844.570833484332
3871.200000047684,0.017578125,0.06787109375,1.1064453125,3844.5808334747953
3871.210000038147,0.017578125,0.06787109375,1.1064453125,3844.590833465258
3871.22000002861,0.06787109375,0.04248046875,0.92333984375,3844.600833455721
3871.2300000190735,0.06787109375,0.04248046875,0.92333984375,3844.6108334461846
3871.2400000095367,0.0048828125,0.0263671875,1.30029296875,3844.620833436648
3871.25,0.0048828125,0.0263671875,1.30029296875,3844.630833427111
3871.2599999904633,0.0283203125,0.0576171875,0.95849609375,3844.6408334175744
3871.2699999809274,0.0283203125,0.0576171875,0.95849609375,3844.6508334080386
3871.2799999713898,0.00244140625,0.03662109375,1.19482421875,3844.660833398501
3871.289999961853,0.00244140625,0.03662109375,1.19482421875,3844.670833388964
3871.299999952316,0.05126953125,0.0595703125,0.9580078125,3844.680833379427
3871.30999994278,0.05126953125,0.0595703125,0.9580078125,3844.690833369891
3871.319999933243,0.03759765625,-0.01708984375,1.12939453125,3844.700833360354
3871.329999923706,0.03759765625,-0.01708984375,1.12939453125,3844.710833350817
3871.339999914169,0.01416015625,0.0927734375,0.880859375,3844.72083334128
3871.349999904633,0.01416015625,0.0927734375,0.880859375,3844.730833331744
3871.359999895096,0.02001953125,-0.00390625,0.96484375,3844.740833322207
3871.369999885559,0.02001953125,-0.00390625,0.96484375,3844.7508333126702
3871.3799998760223,-0.00439453125,0.0361328125,0.98583984375,3844.7608333031335
3871.3899998664856,-0.00439453125,0.0361328125,0.98583984375,3844.7708332935968
3871.400000095368,0.044921875,0.01513671875,0.8505859375,3844.780833522479
3871.410000085831,0.044921875,0.01513671875,0.8505859375,3844.7908335129423
3871.420000076294,-0.01708984375,0.03857421875,0.76513671875,3844.800833503405
3871.430000066757,-0.01708984375,0.03857421875,0.76513671875,3844.8108334938684
3871.440000057221,0.044921875,0.025390625,0.73486328125,3844.820833484332
3871.450000047684,0.044921875,0.025390625,0.73486328125,3844.8308334747953
3871.460000038147,0.01171875,0.00341796875,0.87158203125,3844.840833465258
3871.47000002861,0.01171875,0.00341796875,0.87158203125,3844.850833455721
3871.4800000190735,0.00146484375,0.03369140625,0.76904296875,3844.8608334461846
3871.4900000095367,0.00146484375,0.03369140625,0.76904296875,3844.870833436648
3871.5,0.02294921875,0.0,0.85205078125,3844.880833427111
3871.5099999904633,0.02294921875,0.0,0.85205078125,3844.8908334175744
3871.5199999809274,0.00830078125,0.0244140625,0.85205078125,3844.9008334080386
3871.5299999713898,0.00830078125,0.0244140625,0.85205078125,3844.910833398501
3871.539999961853,0.0556640625,-0.00732421875,0.86767578125,3844.920833388964
3871.549999952316,0.0556640625,-0.00732421875,0.86767578125,3844.930833379427
3871.55999994278,-0.04931640625,0.02294921875,0.84765625,3844.940833369891
3871.569999933243,-0.04931640625,0.02294921875,0.84765625,3844.950833360354
3871.579999923706,0.06005859375,-0.04443359375,0.927734375,3844.960833350817
3871.589999914169,0.06005859375,-0.04443359375,0.927734375,3844.97083334128
3871.599999904633,0.03955078125,0.0029296875,1.0703125,3844.980833331744
3871.609999895096,0.03955078125,0.0029296875,1.0703125,3844.990833322207
3871.6150000095367,0.03662109375,-0.033203125,0.99853515625,3844.995833436648
3871.619999885559,0.037109375,-0.00830078125,1.15673828125,3845.0008333126702
3871.6399998664856,0.037109375,-0.00830078125,1.15673828125,3845.0208332935968
3871.650000095368,0.037109375,-0.00830078125,1.15673828125,3845.030833522479
3871.660000085831,-0.03173828125,0.01806640625,1.0166015625,3845.0408335129423
3871.670000076294,-0.03173828125,0.01806640625,1.0166015625,3845.050833503405
3871.680000066757,0.04931640625,-0.01953125,0.98486328125,3845.0608334938684
3871.690000057221,0.04931640625,-0.01953125,0.98486328125,3845.070833484332
3871.700000047684,0.029296875,-0.02734375,1.1826171875,3845.0808334747953
3871.710000038147,0.029296875,-0.02734375,1.1826171875,3845.090833465258
3871.72000002861,0.01708984375,-0.05224609375,0.9853515625,3845.100833455721
3871.7300000190735,0.01708984375,-0.05224609375,0.9853515625,3845.1108334461846
3871.7400000095367,0.05126953125,-0.0087890625,1.0,3845.120833436648
3871.75,0.05126953125,-0.0087890625,1.0,3845.130833427111
3871.7599999904633,-0.0068359375,-0.03759765625,0.96240234375,3845.1408334175744
3871.7699999809274,-0.0068359375,-0.03759765625,0.96240234375,3845.1508334080386
3871.7799999713898,0.03759765625,-0.0322265625,0.841796875,3845.160833398501
3871.789999961853,0.03759765625,-0.0322265625,0.841796875,3845.170833388964
3871.799999952316,0.01611328125,-0.0009765625,1.0048828125,3845.180833379427
3871.80999994278,0.01611328125,-0.0009765625,1.0048828125,3845.190833369891
3871.819999933243,0.02490234375,-0.0712890625,0.91845703125,3845.200833360354
3871.829999923706,0.02490234375,-0.0712890625,0.91845703125,3845.210833350817
3871.839999914169,0.04150390625,0.02490234375,0.82666015625,3845.22083334128
3871.849999904633,0.001953125,-0.09326171875,1.1513671875,3845.230833331744
3871.859999895096,0.001953125,-0.09326171875,1.1513671875,3845.240833322207
3871.869999885559,0.04443359375,-0.03466796875,0.97265625,3845.2508333126702
3871.8799998760223,0.04443359375,-0.03466796875,0.97265625,3845.2608333031335
3871.8899998664856,0.0341796875,-0.0087890625,0.97705078125,3845.2708332935968
3871.900000095368,0.0341796875,-0.0087890625,0.97705078125,3845.280833522479
3871.910000085831,0.0556640625,-0.09326171875,1.04150390625,3845.2908335129423
3871.920000076294,0.0556640625,-0.09326171875,1.04150390625,3845.300833503405
3871.930000066757,0.0576171875,-0.0107421875,1.1533203125,3845.3108334938684
3871.940000057221,0.0576171875,-0.0107421875,1.1533203125,3845.320833484332
3871.950000047684,-0.00244140625,-0.07080078125,1.1650390625,3845.3308334747953
3871.960000038147,-0.00244140625,-0.07080078125,1.1650390625,3845.340833465258
3871.97000002861,0.02001953125,-0.0380859375,1.00439453125,3845.350833455721
3871.9800000190735,0.02001953125,-0.0380859375,1.00439453125,3845.3608334461846
3871.9900000095367,0.08056640625,-0.04833984375,1.26611328125,3845.370833436648
3872.0,0.08056640625,-0.04833984375,1.26611328125,3845.380833427111
3872.0099999904633,0.0390625,-0.0859375,1.20458984375,3845.3908334175744
3872.0199999809274,0.0390625,-0.0859375,1.20458984375,3845.4008334080386
3872.0299999713898,0.017578125,-0.021484375,1.140625,3845.410833398501
3872.039999961853,0.017578125,-0.021484375,1.140625,3845.420833388964
3872.049999952316,0.05419921875,-0.03662109375,1.154296875,3845.430833379427
3872.05999994278,0.05419921875,-0.03662109375,1.154296875,3845.440833369891
3872.069999933243,0.0263671875,-0.06640625,1.0263671875,3845.450833360354
3872.079999923706,0.0263671875,-0.06640625,1.0263671875,3845.460833350817
3872.089999914169,0.01416015625,0.01611328125,0.99169921875,3845.47083334128
3872.099999904633,0.01416015625,0.01611328125,0.99169921875,3845.480833331744
3872.109999895096,0.0302734375,-0.01416015625,0.84521484375,3845.490833322207
3872.119999885559,0.0302734375,-0.01416015625,0.84521484375,3845.5008333126702
3872.1299998760223,0.02734375,-0.0400390625,0.8740234375,3845.5108333031335
3872.1399998664856,0.02734375,-0.0400390625,0.8740234375,3845.5208332935968
3872.150000095368,0.02001953125,-0.00927734375,0.873046875,3845.530833522479
3872.160000085831,0.02001953125,-0.00927734375,0.873046875,3845.5408335129423
3872.170000076294,0.02294921875,-0.02392578125,0.87255859375,3845.550833503405
3872.180000066757,0.02294921875,-0.02392578125,0.87255859375,3845.5608334938684
3872.190000057221,0.01611328125,-0.0400390625,0.84326171875,3845.570833484332
3872.200000047684,0.01611328125,-0.0400390625,0.84326171875,3845.5808334747953
3872.210000038147,0.03466796875,0.01123046875,0.71240234375,3845.590833465258
3872.22000002861,0.03466796875,0.01123046875,0.71240234375,3845.600833455721
3872.2300000190735,0.01708984375,-0.02880859375,0.81005859375,3845.6108334461846
3872.2400000095367,0.01708984375,-0.02880859375,0.81005859375,3845.620833436648
3872.25,0.0244140625,-0.03369140625,0.92138671875,3845.630833427111
3872.2599999904633,0.0244140625,-0.03369140625,0.92138671875,3845.6408334175744
3872.2699999809274,0.0341796875,-0.00634765625,0.9755859375,3845.6508334080386
3872.2799999713898,0.0341796875,-0.00634765625,0.9755859375,3845.660833398501
3872.289999961853,0.04833984375,-0.02099609375,1.0078125,3845.670833388964
3872.299999952316,0.04833984375,-0.02099609375,1.0078125,3845.680833379427
3872.30999994278,0.0400390625,-0.044921875,1.0400390625,3845.690833369891
3872.319999933243,0.0400390625,-0.044921875,1.0400390625,3845.700833360354
3872.329999923706,0.0302734375,-0.0087890625,1.0703125,3845.710833350817
3872.339999914169,0.0302734375,-0.0087890625,1.0703125,3845.72083334128
3872.349999904633,0.04541015625,-0.0166015625,1.0712890625,3845.730833331744
3872.359999895096,0.04541015625,-0.0166015625,1.0712890625,3845.740833322207
3872.369999885559,0.03271484375,-0.021484375,1.10009765625,3845.7508333126702
3872.3799998760223,0.03271484375,-0.021484375,1.10009765625,3845.7608333031335
3872.3899998664856,0.02294921875,0.00927734375,0.93115234375,3845.7708332935968
3872.400000095368,0.02294921875,0.00927734375,0.93115234375,3845.780833522479
3872.410000085831,0.03515625,-0.01953125,0.88037109375,3845.7908335129423
3872.420000076294,0.03515625,-0.01953125,0.88037109375,3845.800833503405
3872.430000066757,0.0400390625,-0.033203125,0.908203125,3845.8108334938684
3872.440000057221,0.0400390625,-0.033203125,0.908203125,3845.820833484332
3872.450000047684,0.0107421875,0.005859375,0.83056640625,3845.8308334747953
3872.460000038147,0.0107421875,0.005859375,0.83056640625,3845.840833465258
3872.47000002861,0.01953125,-0.00244140625,0.859375,3845.850833455721
3872.4800000190735,0.01953125,-0.00244140625,0.859375,3845.8608334461846
3872.4900000095367,0.03662109375,-0.0166015625,0.9453125,3845.870833436648
3872.5,0.03662109375,-0.0166015625,0.9453125,3845.880833427111
3872.5099999904633,0.02001953125,0.01025390625,0.88720703125,3845.8908334175744
3872.5199999809274,0.02001953125,0.01025390625,0.88720703125,3845.9008334080386
3872.5299999713898,0.01806640625,-0.01318359375,0.9345703125,3845.910833398501
3872.539999961853,0.01806640625,-0.01318359375,0.9345703125,3845.920833388964
3872.549999952316,0.06005859375,-0.01025390625,1.080078125,3845.930833379427
3872.55999994278,0.06005859375,-0.01025390625,1.080078125,3845.940833369891
3872.569999933243,0.02685546875,-0.0087890625,1.08349609375,3845.950833360354
3872.579999923706,0.02685546875,-0.0087890625,1.08349609375,3845.960833350817
3872.589999914169,0.01416015625,0.0302734375,1.09619140625,3845.97083334128
3872.599999904633,0.01416015625,0.0302734375,1.09619140625,3845.980833331744
3872.609999895096,0.0419921875,0.0283203125,1.08203125,3845.990833322207
3872.6150000095367,0.0419921875,0.0283203125,1.08203125,3845.995833436648
3872.619999885559,0.04638671875,0.0166015625,1.06103515625,3846.0008333126702
3872.6399998664856,0.04638671875,0.0166015625,1.06103515625,3846.0208332935968
3872.650000095368,0.048828125,-0.0107421875,1.06591796875,3846.030833522479
3872.660000085831,0.048828125,-0.0107421875,1.06591796875,3846.0408335129423
3872.670000076294,0.0283203125,0.021484375,1.0595703125,3846.050833503405
3872.680000066757,0.0283203125,0.021484375,1.0595703125,3846.0608334938684
3872.690000057221,0.0185546875,0.03125,0.974609375,3846.070833484332
3872.700000047684,0.0185546875,0.03125,0.974609375,3846.0808334747953
3872.710000038147,0.015625,-0.00634765625,0.95947265625,3846.090833465258
3872.72000002861,0.015625,-0.00634765625,0.95947265625,3846.100833455721
3872.7300000190735,0.0322265625,0.02099609375,0.95703125,3846.1108334461846
3872.7400000095367,0.0322265625,0.02099609375,0.95703125,3846.120833436648
3872.75,0.0322265625,0.00244140625,0.9013671875,3846.130833427111
3872.7599999904633,0.0322265625,0.00244140625,0.9013671875,3846.1408334175744
3872.7699999809274,0.04833984375,0.03564453125,1.01904296875,3846.1508334080386
3872.7799999713898,0.04833984375,0.03564453125,1.01904296875,3846.160833398501
3872.789999961853,0.01611328125,0.021484375,0.943359375,3846.170833388964
3872.799999952316,0.01611328125,0.021484375,0.943359375,3846.180833379427
3872.80999994278,0.01953125,0.0302734375,1.09521484375,3846.190833369891
3872.819999933243,0.01953125,0.0302734375,1.09521484375,3846.200833360354
3872.829999923706,0.02978515625,0.04248046875,1.07373046875,3846.210833350817
3872.839999914169,0.02978515625,0.04248046875,1.07373046875,3846.22083334128
3872.849999904633,0.013671875,0.01318359375,0.94482421875,3846.230833331744
3872.859999895096,0.013671875,0.01318359375,0.94482421875,3846.240833322207
3872.869999885559,0.0263671875,0.04931640625,0.9296875,3846.2508333126702
3872.8799998760223,0.0263671875,0.04931640625,0.9296875,3846.2608333031335
3872.8899998664856,0.01220703125,0.01953125,0.95654296875,3846.2708332935968
3872.900000095368,0.01220703125,0.01953125,0.95654296875,3846.280833522479
3872.910000085831,0.0224609375,0.025390625,0.994140625,3846.2908335129423
3872.920000076294,0.0224609375,0.025390625,0.994140625,3846.300833503405
3872.930000066757,0.01220703125,0.0107421875,0.93798828125,3846.3108334938684
3872.940000057221,0.01220703125,0.0107421875,0.93798828125,3846.320833484332
3872.950000047684,0.01416015625,0.0185546875,0.83251953125,3846.3308334747953
3872.960000038147,0.01416015625,0.0185546875,0.83251953125,3846.340833465258
3872.97000002861,0.01953125,0.02197265625,0.861328125,3846.350833455721
3872.9800000190735,0.01953125,0.02197265625,0.861328125,3846.3608334461846
3872.9900000095367,0.0361328125,0.0263671875,0.90380859375,3846.370833436648
3873.0,0.0361328125,0.0263671875,0.90380859375,3846.380833427111
3873.0099999904633,0.00927734375,0.0302734375,0.904296875,3846.3908334175744
3873.0199999809274,0.00927734375,0.0302734375,0.904296875,3846.4008334080386
3873.0299999713898,0.0,0.04345703125,0.9853515625,3846.410833398501
3873.039999961853,0.0,0.04345703125,0.9853515625,3846.420833388964
3873.049999952316,0.00048828125,0.02392578125,0.9111328125,3846.430833379427
3873.05999994278,0.00048828125,0.02392578125,0.9111328125,3846.440833369891
3873.069999933243,0.0302734375,0.03076171875,1.0283203125,3846.450833360354
3873.079999923706,0.0302734375,0.03076171875,1.0283203125,3846.460833350817
3873.089999914169,0.0166015625,0.04833984375,1.07666015625,3846.47083334128
3873.099999904633,0.0166015625,0.04833984375,1.07666015625,3846.480833331744
3873.109999895096,-0.00244140625,0.0322265625,1.15869140625,3846.490833322207
3873.119999885559,-0.00244140625,0.0322265625,1.15869140625,3846.5008333126702
3873.1299998760223,0.013671875,0.072265625,1.23291015625,3846.5108333031335
3873.1399998664856,0.013671875,0.072265625,1.23291015625,3846.5208332935968
3873.150000095368,-0.00634765625,0.03076171875,1.11962890625,3846.530833522479
3873.160000085831,-0.00634765625,0.03076171875,1.11962890625,3846.5408335129423
3873.170000076294,0.0048828125,0.06787109375,1.09130859375,3846.550833503405
3873.180000066757,0.0048828125,0.06787109375,1.09130859375,3846.5608334938684
3873.190000057221,-0.0068359375,0.05078125,1.00634765625,3846.570833484332
3873.200000047684,-0.0068359375,0.05078125,1.00634765625,3846.5808334747953
3873.210000038147,-0.00146484375,0.04833984375,0.96875,3846.590833465258
3873.22000002861,-0.00146484375,0.04833984375,0.96875,3846.600833455721
3873.2300000190735,-0.00634765625,0.064453125,0.8916015625,3846.6108334461846
3873.2400000095367,-0.00634765625,0.064453125,0.8916015625,3846.620833436648
3873.25,-0.02880859375,0.0234375,0.841796875,3846.630833427111
3873.2599999904633,-0.02880859375,0.0234375,0.841796875,3846.6408334175744
3873.2699999809274,-0.01318359375,0.02734375,0.85498046875,3846.6508334080386
3873.2799999713898,-0.01318359375,0.02734375,0.85498046875,3846.660833398501
3873.289999961853,0.0078125,0.03515625,0.92626953125,3846.670833388964
3873.299999952316,0.0078125,0.03515625,0.92626953125,3846.680833379427
3873.30999994278,-0.0009765625,0.03076171875,0.921875,3846.690833369891
3873.319999933243,-0.0009765625,0.03076171875,0.921875,3846.700833360354
3873.329999923706,-0.025390625,0.0234375,0.99658203125,3846.710833350817
3873.339999914169,-0.025390625,0.0234375,0.99658203125,3846.72083334128
3873.349999904633,-0.0234375,0.0419921875,1.109375,3846.730833331744
3873.359999895096,-0.0234375,0.0419921875,1.109375,3846.740833322207
3873.369999885559,-0.00341796875,0.04345703125,1.0068359375,3846.7508333126702
3873.3799998760223,-0.00341796875,0.04345703125,1.0068359375,3846.7608333031335
3873.3899998664856,0.0234375,0.07568359375,1.078125,3846.7708332935968
3873.400000095368,0.0234375,0.07568359375,1.078125,3846.780833522479
3873.410000085831,-0.01025390625,0.03173828125,0.9326171875,3846.7908335129423
3873.420000076294,-0.01025390625,0.03173828125,0.9326171875,3846.800833503405
3873.430000066757,-0.01025390625,0.0537109375,1.0732421875,3846.8108334938684
3873.440000057221,-0.01025390625,0.0537109375,1.0732421875,3846.820833484332
3873.450000047684,-0.015625,0.0576171875,1.06005859375,3846.8308334747953
3873.460000038147,-0.015625,0.0576171875,1.06005859375,3846.840833465258
3873.47000002861,0.00048828125,0.04736328125,0.98681640625,3846.850833455721
3873.4800000190735,0.00048828125,0.04736328125,0.98681640625,3846.8608334461846
3873.4900000095367,-0.00830078125,0.05615234375,0.95703125,3846.870833436648
3873.5,-0.00830078125,0.05615234375,0.95703125,3846.880833427111
3873.5099999904633,-0.01220703125,0.0517578125,0.8984375,3846.8908334175744
3873.5199999809274,-0.01220703125,0.0517578125,0.8984375,3846.9008334080386
3873.5299999713898,-0.02197265625,0.04833984375,0.92333984375,3846.910833398501
3873.539999961853,-0.02197265625,0.04833984375,0.92333984375,3846.920833388964
3873.549999952316,-0.017578125,0.0556640625,1.013671875,3846.930833379427
3873.55999994278,-0.017578125,0.0556640625,1.013671875,3846.940833369891
3873.569999933243,0.001953125,0.0712890625,1.13232421875,3846.950833360354
3873.579999923706,0.001953125,0.0712890625,1.13232421875,3846.960833350817
3873.589999914169,-0.0126953125,0.04248046875,1.07861328125,3846.97083334128
3873.599999904633,-0.0126953125,0.04248046875,1.07861328125,3846.980833331744
3873.609999895096,-0.0126953125,0.04833984375,1.203125,3846.990833322207
3873.6150000095367,-0.0126953125,0.04833984375,1.203125,3846.995833436648
3873.619999885559,-0.04345703125,0.056640625,1.0810546875,3847.0008333126702
3873.6399998664856,-0.04345703125,0.056640625,1.0810546875,3847.0208332935968
3873.650000095368,-0.00341796875,0.048828125,0.9970703125,3847.030833522479
3873.660000085831,-0.00341796875,0.048828125,0.9970703125,3847.0408335129423
3873.670000076294,-0.02001953125,0.0712890625,1.0791015625,3847.050833503405
3873.680000066757,-0.02001953125,0.0712890625,1.0791015625,3847.0608334938684
3873.690000057221,-0.0302734375,0.0537109375,0.978515625,3847.070833484332
3873.700000047684,-0.0302734375,0.0537109375,0.978515625,3847.0808334747953
3873.710000038147,-0.0322265625,0.052734375,1.08056640625,3847.090833465258
3873.72000002861,-0.0322265625,0.052734375,1.08056640625,3847.100833455721
3873.7300000190735,-0.0166015625,0.04638671875,1.05126953125,3847.1108334461846
3873.7400000095367,-0.0166015625,0.04638671875,1.05126953125,3847.120833436648
3873.75,-0.0234375,0.0634765625,1.00732421875,3847.130833427111
3873.7599999904633,-0.0234375,0.0634765625,1.00732421875,3847.1408334175744
3873.7699999809274,-0.03271484375,0.05126953125,1.01318359375,3847.1508334080386
3873.7799999713898,-0.03271484375,0.05126953125,1.01318359375,3847.160833398501
3873.789999961853,-0.025390625,0.076171875,1.00146484375,3847.170833388964
3873.799999952316,-0.025390625,0.076171875,1.00146484375,3847.180833379427
3873.80999994278,-0.04833984375,0.07470703125,1.04541015625,3847.190833369891
3873.819999933243,-0.04833984375,0.07470703125,1.04541015625,3847.200833360354
3873.829999923706,-0.00634765625,0.0712890625,1.1650390625,3847.210833350817
3873.839999914169,-0.00634765625,0.0712890625,1.1650390625,3847.22083334128
3873.849999904633,-0.02783203125,0.08642578125,1.18115234375,3847.230833331744
3873.859999895096,-0.02783203125,0.08642578125,1.18115234375,3847.240833322207
3873.869999885559,-0.03564453125,0.078125,1.12744140625,3847.2508333126702
3873.8799998760223,-0.03564453125,0.078125,1.12744140625,3847.2608333031335
3873.8899998664856,-0.0234375,0.0888671875,1.25341796875,3847.2708332935968
3873.900000095368,-0.0234375,0.0888671875,1.25341796875,3847.280833522479
3873.910000085831,-0.0361328125,0.0751953125,1.16259765625,3847.2908335129423
3873.920000076294,-0.0361328125,0.0751953125,1.16259765625,3847.300833503405
3873.930000066757,0.0009765625,0.10205078125,1.1552734375,3847.3108334938684
3873.940000057221,0.0009765625,0.10205078125,1.1552734375,3847.320833484332
3873.950000047684,-0.01953125,0.083984375,1.17333984375,3847.3308334747953
3873.960000038147,-0.01953125,0.083984375,1.17333984375,3847.340833465258
3873.97000002861,-0.0244140625,0.09423828125,0.9912109375,3847.350833455721
3873.9800000190735,-0.0244140625,0.09423828125,0.9912109375,3847.3608334461846
3873.9900000095367,-0.03515625,0.09765625,1.05126953125,3847.370833436648
3874.0,-0.03515625,0.09765625,1.05126953125,3847.380833427111
3874.0099999904633,-0.03173828125,0.07666015625,1.05224609375,3847.3908334175744
3874.0199999809274,-0.03173828125,0.07666015625,1.05224609375,3847.4008334080386
3874.0299999713898,-0.00439453125,0.1162109375,0.99853515625,3847.410833398501
3874.039999961853,-0.00439453125,0.1162109375,0.99853515625,3847.420833388964
3874.049999952316,-0.0380859375,0.05810546875,1.06494140625,3847.430833379427
3874.05999994278,-0.0380859375,0.05810546875,1.06494140625,3847.440833369891
3874.069999933243,-0.0263671875,0.0888671875,1.087890625,3847.450833360354
3874.079999923706,-0.0263671875,0.0888671875,1.087890625,3847.460833350817
3874.089999914169,-0.04248046875,0.09814453125,1.12158203125,3847.47083334128
3874.099999904633,-0.04248046875,0.09814453125,1.12158203125,3847.480833331744
3874.109999895096,-0.02880859375,0.078125,1.1767578125,3847.490833322207
3874.119999885559,-0.02880859375,0.078125,1.1767578125,3847.5008333126702
3874.1299998760223,-0.00146484375,0.09814453125,1.1318359375,3847.5108333031335
3874.1399998664856,-0.00146484375,0.09814453125,1.1318359375,3847.5208332935968
3874.150000095368,-0.03076171875,0.03564453125,1.01123046875,3847.530833522479
3874.160000085831,-0.03076171875,0.03564453125,1.01123046875,3847.5408335129423
3874.170000076294,-0.013671875,0.0966796875,0.9775390625,3847.550833503405
3874.180000066757,-0.013671875,0.0966796875,0.9775390625,3847.5608334938684
3874.190000057221,-0.03857421875,0.04541015625,1.04248046875,3847.570833484332
3874.200000047684,-0.03857421875,0.04541015625,1.04248046875,3847.5808334747953
3874.210000038147,-0.01904296875,0.05908203125,0.97412109375,3847.590833465258
3874.22000002861,-0.01904296875,0.05908203125,0.97412109375,3847.600833455721
3874.2300000190735,-0.001953125,0.080078125,1.04443359375,3847.6108334461846
3874.2400000095367,-0.001953125,0.080078125,1.04443359375,3847.620833436648
3874.25,-0.03662109375,0.0634765625,0.978515625,3847.630833427111
3874.2599999904633,-0.03662109375,0.0634765625,0.978515625,3847.6408334175744
3874.2699999809274,-0.01806640625,0.078125,1.06787109375,3847.6508334080386
3874.2799999713898,-0.01806640625,0.078125,1.06787109375,3847.660833398501
3874.289999961853,-0.05078125,0.04150390625,1.05419921875,3847.670833388964
3874.299999952316,-0.05078125,0.04150390625,1.05419921875,3847.680833379427
3874.30999994278,-0.025390625,0.10791015625,1.037109375,3847.690833369891
3874.319999933243,-0.025390625,0.10791015625,1.037109375,3847.700833360354
3874.329999923706,-0.009765625,0.0703125,1.0703125,3847.710833350817
3874.339999914169,-0.009765625,0.0703125,1.0703125,3847.72083334128
3874.349999904633,-0.03173828125,0.08544921875,1.14453125,3847.730833331744
3874.359999895096,-0.03173828125,0.08544921875,1.14453125,3847.740833322207
3874.369999885559,-0.0361328125,0.068359375,0.99853515625,3847.7508333126702
3874.3799998760223,-0.0361328125,0.068359375,0.99853515625,3847.7608333031335
3874.3899998664856,-0.0380859375,0.0615234375,0.98046875,3847.7708332935968
3874.400000095368,-0.0380859375,0.0615234375,0.98046875,3847.780833522479
3874.410000085831,-0.025390625,0.06201171875,0.8779296875,3847.7908335129423
3874.420000076294,-0.025390625,0.06201171875,0.8779296875,3847.800833503405
3874.430000066757,-0.02392578125,0.07177734375,0.96728515625,3847.8108334938684
3874.440000057221,-0.02392578125,0.07177734375,0.96728515625,3847.820833484332
3874.450000047684,-0.03271484375,0.0673828125,0.99755859375,3847.8308334747953
3874.460000038147,-0.03271484375,0.0673828125,0.99755859375,3847.840833465258
3874.47000002861,-0.0390625,0.09228515625,1.0302734375,3847.850833455721
3874.4800000190735,-0.0390625,0.09228515625,1.0302734375,3847.8608334461846
3874.4900000095367,-0.06005859375,0.0546875,0.9755859375,3847.870833436648
3874.5,-0.06005859375,0.0546875,0.9755859375,3847.880833427111
3874.5099999904633,-0.01904296875,0.0947265625,1.08251953125,3847.8908334175744
3874.5199999809274,-0.01904296875,0.0947265625,1.08251953125,3847.9008334080386
3874.5299999713898,-0.0478515625,0.064453125,1.06787109375,3847.910833398501
3874.539999961853,-0.0478515625,0.064453125,1.06787109375,3847.920833388964
3874.549999952316,-0.04052734375,0.078125,1.05322265625,3847.930833379427
3874.55999994278,-0.04052734375,0.078125,1.05322265625,3847.940833369891
3874.569999933243,-0.029296875,0.08349609375,1.087890625,3847.950833360354
3874.579999923706,-0.029296875,0.08349609375,1.087890625,3847.960833350817
3874.589999914169,-0.04736328125,0.0732421875,1.04833984375,3847.97083334128
3874.599999904633,-0.04736328125,0.0732421875,1.04833984375,3847.980833331744
3874.609999895096,-0.02197265625,0.103515625,1.03857421875,3847.990833322207
3874.6150000095367,-0.04931640625,0.05517578125,1.0556640625,3847.995833436648
3874.619999885559,-0.04931640625,0.05517578125,1.0556640625,3848.0008333126702
3874.6399998664856,-0.02294921875,0.1123046875,0.9755859375,3848.0208332935968
3874.6549999713898,-0.02294921875,0.1123046875,0.9755859375,3848.035833398501
3874.664999961853,-0.03955078125,0.06201171875,0.95263671875,3848.045833388964
3874.674999952316,-0.03955078125,0.06201171875,0.95263671875,3848.055833379427
3874.68499994278,-0.03173828125,0.103515625,1.0859375,3848.065833369891
3874.694999933243,-0.03173828125,0.103515625,1.0859375,3848.075833360354
3874.704999923706,-0.05322265625,0.0732421875,0.8642578125,3848.085833350817
3874.714999914169,-0.05322265625,0.0732421875,0.8642578125,3848.09583334128
3874.724999904633,-0.04345703125,0.03515625,0.908203125,3848.105833331744
3874.734999895096,-0.04345703125,0.03515625,0.908203125,3848.115833322207
3874.744999885559,-0.02783203125,0.09765625,0.94970703125,3848.1258333126702
3874.7549998760223,-0.02783203125,0.09765625,0.94970703125,3848.1358333031335
3874.7649998664856,-0.05908203125,0.009765625,0.74462890625,3848.1458332935968
3874.775000095368,-0.05908203125,0.009765625,0.74462890625,3848.155833522479
3874.785000085831,-0.01806640625,0.06982421875,1.04248046875,3848.1658335129423
3874.795000076294,-0.01806640625,0.06982421875,1.04248046875,3848.175833503405
3874.805000066757,-0.0478515625,0.03759765625,0.91357421875,3848.1858334938684
3874.815000057221,-0.0478515625,0.03759765625,0.91357421875,3848.195833484332
3874.825000047684,-0.056640625,0.03125,0.9501953125,3848.2058334747953
3874.835000038147,-0.056640625,0.03125,0.9501953125,3848.215833465258
3874.84500002861,-0.0205078125,0.05908203125,1.0634765625,3848.225833455721
3874.8550000190735,-0.0205078125,0.05908203125,1.0634765625,3848.2358334461846
3874.8650000095367,-0.0546875,0.04541015625,0.84033203125,3848.245833436648
3874.875,-0.0546875,0.04541015625,0.84033203125,3848.255833427111
3874.8849999904633,-0.03857421875,0.0791015625,0.89453125,3848.2658334175744
3874.8949999809274,-0.03857421875,0.0791015625,0.89453125,3848.2758334080386
3874.9049999713898,-0.06005859375,0.05078125,0.9697265625,3848.285833398501
3874.914999961853,-0.06005859375,0.05078125,0.9697265625,3848.295833388964
3874.924999952316,-0.06640625,0.10302734375,0.85107421875,3848.305833379427
3874.93499994278,-0.06640625,0.10302734375,0.85107421875,3848.315833369891
3874.944999933243,-0.0400390625,0.11474609375,1.07373046875,3848.325833360354
3874.954999923706,-0.0400390625,0.11474609375,1.07373046875,3848.335833350817
3874.964999914169,-0.0673828125,0.14111328125,1.01904296875,3848.34583334128
3874.974999904633,-0.0673828125,0.14111328125,1.01904296875,3848.355833331744
3874.984999895096,-0.03857421875,0.16796875,1.041015625,3848.365833322207
3874.994999885559,-0.03857421875,0.16796875,1.041015625,3848.3758333126702
3875.0049998760223,-0.05908203125,0.14794921875,1.171875,3848.3858333031335
3875.0149998664856,-0.05908203125,0.14794921875,1.171875,3848.3958332935968
3875.025000095368,-0.06982421875,0.16943359375,1.1455078125,3848.405833522479
3875.035000085831,-0.06982421875,0.16943359375,1.1455078125,3848.4158335129423
3875.045000076294,-0.07568359375,0.13525390625,1.15576171875,3848.425833503405
3875.055000066757,-0.07568359375,0.13525390625,1.15576171875,3848.4358334938684
3875.065000057221,-0.052734375,0.14892578125,1.076171875,3848.445833484332
3875.075000047684,-0.052734375,0.14892578125,1.076171875,3848.4558334747953
3875.085000038147,-0.0771484375,0.13818359375,1.02783203125,3848.465833465258
3875.09500002861,-0.0771484375,0.13818359375,1.02783203125,3848.475833455721
3875.1050000190735,-0.07470703125,0.12109375,1.02978515625,3848.4858334461846
3875.1150000095367,-0.07470703125,0.12109375,1.02978515625,3848.495833436648
3875.125,-0.060546875,0.12646484375,1.1123046875,3848.505833427111
3875.1349999904633,-0.060546875,0.12646484375,1.1123046875,3848.5158334175744
3875.1449999809274,-0.09228515625,0.11279296875,1.03564453125,3848.5258334080386
3875.1549999713898,-0.09228515625,0.11279296875,1.03564453125,3848.535833398501
3875.164999961853,-0.03125,0.12890625,1.09912109375,3848.545833388964
3875.174999952316,-0.03125,0.12890625,1.09912109375,3848.555833379427
3875.18499994278,-0.06689453125,0.10986328125,1.12548828125,3848.565833369891
3875.194999933243,-0.06689453125,0.10986328125,1.12548828125,3848.575833360354
3875.204999923706,-0.09033203125,0.10888671875,1.05126953125,3848.585833350817
3875.214999914169,-0.09033203125,0.10888671875,1.05126953125,3848.59583334128
3875.224999904633,-0.07275390625,0.10400390625,1.08056640625,3848.605833331744
3875.234999895096,-0.07275390625,0.10400390625,1.08056640625,3848.615833322207
3875.244999885559,-0.05859375,0.09033203125,0.923828125,3848.6258333126702
3875.2549998760223,-0.05859375,0.09033203125,0.923828125,3848.6358333031335
3875.2649998664856,-0.046875,0.11328125,0.978515625,3848.6458332935968
3875.275000095368,-0.046875,0.11328125,0.978515625,3848.655833522479
3875.285000085831,-0.08984375,0.07666015625,1.013671875,3848.6658335129423
3875.295000076294,-0.08984375,0.07666015625,1.013671875,3848.675833503405
3875.305000066757,-0.060546875,0.10791015625,1.11767578125,3848.6858334938684
3875.315000057221,-0.060546875,0.10791015625,1.11767578125,3848.695833484332
3875.325000047684,-0.0908203125,0.0810546875,1.00830078125,3848.7058334747953
3875.335000038147,-0.0908203125,0.0810546875,1.00830078125,3848.715833465258
3875.34500002861,-0.06103515625,0.08251953125,0.99560546875,3848.725833455721
3875.3550000190735,-0.06103515625,0.08251953125,0.99560546875,3848.7358334461846
3875.3650000095367,-0.0751953125,0.08837890625,1.01416015625,3848.745833436648
3875.375,-0.0751953125,0.08837890625,1.01416015625,3848.755833427111
3875.3849999904633,-0.07373046875,0.0859375,0.98876953125,3848.7658334175744
3875.3949999809274,-0.07373046875,0.0859375,0.98876953125,3848.7758334080386
3875.4049999713898,-0.08056640625,0.07177734375,1.021484375,3848.785833398501
3875.414999961853,-0.08056640625,0.07177734375,1.021484375,3848.795833388964
3875.424999952316,-0.083984375,0.0771484375,1.01171875,3848.805833379427
3875.43499994278,-0.083984375,0.0771484375,1.01171875,3848.815833369891
3875.444999933243,-0.05029296875,0.076171875,1.03759765625,3848.825833360354
3875.454999923706,-0.05029296875,0.076171875,1.03759765625,3848.835833350817
3875.464999914169,-0.087890625,0.087890625,1.04931640625,3848.84583334128
3875.474999904633,-0.087890625,0.087890625,1.04931640625,3848.855833331744
3875.484999895096,-0.0869140625,0.052734375,1.00927734375,3848.865833322207
3875.494999885559,-0.0869140625,0.052734375,1.00927734375,3848.8758333126702
3875.5049998760223,-0.087890625,0.09033203125,1.0478515625,3848.8858333031335
3875.5149998664856,-0.087890625,0.09033203125,1.0478515625,3848.8958332935968
3875.525000095368,-0.07373046875,0.07861328125,0.96484375,3848.905833522479
3875.535000085831,-0.07373046875,0.07861328125,0.96484375,3848.9158335129423
3875.545000076294,-0.06689453125,0.0947265625,0.97900390625,3848.925833503405
3875.555000066757,-0.06689453125,0.0947265625,0.97900390625,3848.9358334938684
3875.565000057221,-0.09228515625,0.08740234375,0.95556640625,3848.945833484332
3875.575000047684,-0.09228515625,0.08740234375,0.95556640625,3848.9558334747953
3875.585000038147,-0.0908203125,0.09130859375,1.01904296875,3848.965833465258
3875.59500002861,-0.0908203125,0.09130859375,1.01904296875,3848.975833455721
3875.6050000190735,-0.0947265625,0.109375,0.97998046875,3848.9858334461846
3875.6150000095367,-0.0947265625,0.109375,0.97998046875,3848.995833436648
3875.619999885559,-0.08203125,0.10693359375,1.00537109375,3849.0008333126702
3875.625,-0.0888671875,0.125,1.1103515625,3849.005833427111
3875.6449999809274,-0.0888671875,0.125,1.1103515625,3849.0258334080386
3875.660000085831,-0.09912109375,0.10302734375,1.00244140625,3849.0408335129423
3875.670000076294,-0.09912109375,0.10302734375,1.00244140625,3849.050833503405
3875.680000066757,-0.08935546875,0.14013671875,1.10986328125,3849.0608334938684
3875.690000057221,-0.08935546875,0.14013671875,1.10986328125,3849.070833484332
3875.700000047684,-0.0927734375,0.1318359375,1.15185546875,3849.0808334747953
3875.710000038147,-0.0927734375,0.1318359375,1.15185546875,3849.090833465258
3875.72000002861,-0.087890625,0.16650390625,1.236328125,3849.100833455721
3875.7300000190735,-0.087890625,0.16650390625,1.236328125,3849.1108334461846
3875.7400000095367,-0.107421875,0.0869140625,1.09423828125,3849.120833436648
3875.75,-0.107421875,0.0869140625,1.09423828125,3849.130833427111
3875.7599999904633,-0.0908203125,0.119140625,0.9697265625,3849.1408334175744
3875.7699999809274,-0.0908203125,0.119140625,0.9697265625,3849.1508334080386
3875.7799999713898,-0.103515625,0.0908203125,0.97021484375,3849.160833398501
3875.789999961853,-0.103515625,0.0908203125,0.97021484375,3849.170833388964
3875.799999952316,-0.09033203125,0.08154296875,1.044921875,3849.180833379427
3875.80999994278,-0.09033203125,0.08154296875,1.044921875,3849.190833369891
3875.819999933243,-0.1005859375,0.12646484375,1.09814453125,3849.200833360354
3875.829999923706,-0.1005859375,0.12646484375,1.09814453125,3849.210833350817
3875.839999914169,-0.12744140625,0.0546875,0.91357421875,3849.22083334128
3875.849999904633,-0.12744140625,0.0546875,0.91357421875,3849.230833331744
3875.859999895096,-0.07275390625,0.087890625,1.09423828125,3849.240833322207
3875.869999885559,-0.07275390625,0.087890625,1.09423828125,3849.2508333126702
3875.8799998760223,-0.10009765625,0.064453125,0.95654296875,3849.2608333031335
3875.8899998664856,-0.10009765625,0.064453125,0.95654296875,3849.2708332935968
3875.900000095368,-0.06689453125,0.08349609375,1.1416015625,3849.280833522479
3875.910000085831,-0.06689453125,0.08349609375,1.1416015625,3849.2908335129423
3875.920000076294,-0.09619140625,0.08349609375,1.111328125,3849.300833503405
3875.930000066757,-0.09619140625,0.08349609375,1.111328125,3849.3108334938684
3875.940000057221,-0.103515625,0.07958984375,0.96826171875,3849.320833484332
3875.950000047684,-0.103515625,0.07958984375,0.96826171875,3849.3308334747953
3875.960000038147,-0.08251953125,0.08056640625,1.04443359375,3849.340833465258
3875.97000002861,-0.08251953125,0.08056640625,1.04443359375,3849.350833455721
3875.9800000190735,-0.08447265625,0.0712890625,0.99609375,3849.3608334461846
3875.9900000095367,-0.08447265625,0.0712890625,0.99609375,3849.370833436648
3876.0,-0.07421875,0.0859375,0.974609375,3849.380833427111
3876.0099999904633,-0.07421875,0.0859375,0.974609375,3849.3908334175744
3876.0199999809274,-0.1083984375,0.05810546875,1.0654296875,3849.4008334080386
3876.0299999713898,-0.1083984375,0.05810546875,1.0654296875,3849.410833398501
3876.039999961853,-0.09033203125,0.072265625,0.98095703125,3849.420833388964
3876.049999952316,-0.09033203125,0.072265625,0.98095703125,3849.430833379427
3876.05999994278,-0.11572265625,0.052734375,0.91015625,3849.440833369891
3876.069999933243,-0.11572265625,0.052734375,0.91015625,3849.450833360354
3876.079999923706,-0.0546875,0.0615234375,1.05029296875,3849.460833350817
3876.089999914169,-0.0546875,0.0615234375,1.05029296875,3849.47083334128
3876.099999904633,-0.09765625,0.0498046875,0.9375,3849.480833331744
3876.109999895096,-0.09765625,0.0498046875,0.9375,3849.490833322207
3876.119999885559,-0.1083984375,0.04052734375,1.00830078125,3849.5008333126702
3876.1299998760223,-0.1083984375,0.04052734375,1.00830078125,3849.5108333031335
3876.1399998664856,-0.09716796875,0.05859375,1.0439453125,3849.5208332935968
3876.150000095368,-0.09716796875,0.05859375,1.0439453125,3849.530833522479
3876.160000085831,-0.10693359375,0.04541015625,0.96142578125,3849.5408335129423
3876.170000076294,-0.10693359375,0.04541015625,0.96142578125,3849.550833503405
3876.180000066757,-0.0654296875,0.0673828125,0.98388671875,3849.5608334938684
3876.190000057221,-0.0654296875,0.0673828125,0.98388671875,3849.570833484332
3876.200000047684,-0.1044921875,0.04248046875,1.03759765625,3849.5808334747953
3876.210000038147,-0.1044921875,0.04248046875,1.03759765625,3849.590833465258
3876.22000002861,-0.091796875,0.072265625,0.91552734375,3849.600833455721
3876.2300000190735,-0.091796875,0.072265625,0.91552734375,3849.6108334461846
3876.2400000095367,-0.10791015625,0.05029296875,1.037109375,3849.620833436648
3876.25,-0.10791015625,0.05029296875,1.037109375,3849.630833427111
3876.2599999904633,-0.0888671875,0.046875,1.03466796875,3849.6408334175744
3876.2699999809274,-0.0888671875,0.046875,1.03466796875,3849.6508334080386
3876.2799999713898,-0.1015625,0.06396484375,1.02099609375,3849.660833398501
3876.289999961853,-0.1015625,0.06396484375,1.02099609375,3849.670833388964
3876.299999952316,-0.11767578125,0.03125,1.0146484375,3849.680833379427
3876.30999994278,-0.11767578125,0.03125,1.0146484375,3849.690833369891
3876.319999933243,-0.1005859375,0.072265625,1.0078125,3849.700833360354
3876.329999923706,-0.1005859375,0.072265625,1.0078125,3849.710833350817
3876.339999914169,-0.1142578125,0.0078125,0.97509765625,3849.72083334128
3876.349999904633,-0.1142578125,0.0078125,0.97509765625,3849.730833331744
3876.359999895096,-0.06591796875,0.0693359375,1.02587890625,3849.740833322207
3876.369999885559,-0.06591796875,0.0693359375,1.02587890625,3849.7508333126702
3876.3799998760223,-0.1083984375,0.03515625,1.0390625,3849.7608333031335
3876.3899998664856,-0.1083984375,0.03515625,1.0390625,3849.7708332935968
3876.400000095368,-0.099609375,0.02880859375,1.0087890625,3849.780833522479
3876.410000085831,-0.099609375,0.02880859375,1.0087890625,3849.7908335129423
3876.420000076294,-0.09716796875,0.05322265625,1.06982421875,3849.800833503405
3876.430000066757,-0.09716796875,0.05322265625,1.06982421875,3849.8108334938684
3876.440000057221,-0.1025390625,0.03271484375,0.95166015625,3849.820833484332
3876.450000047684,-0.1025390625,0.03271484375,0.95166015625,3849.8308334747953
3876.460000038147,-0.0712890625,0.05810546875,1.08154296875,3849.840833465258
3876.47000002861,-0.0712890625,0.05810546875,1.08154296875,3849.850833455721
3876.4800000190735,-0.11474609375,0.0341796875,1.02685546875,3849.8608334461846
3876.4900000095367,-0.11474609375,0.0341796875,1.02685546875,3849.870833436648
3876.5,-0.1015625,0.0751953125,0.9814453125,3849.880833427111
3876.5099999904633,-0.1015625,0.0751953125,0.9814453125,3849.8908334175744
3876.5199999809274,-0.11865234375,0.02587890625,1.0537109375,3849.9008334080386
3876.5299999713898,-0.11865234375,0.02587890625,1.0537109375,3849.910833398501
3876.539999961853,-0.08544921875,0.0810546875,1.052734375,3849.920833388964
3876.549999952316,-0.08544921875,0.0810546875,1.052734375,3849.930833379427
3876.55999994278,-0.10498046875,0.06884765625,0.923828125,3849.940833369891
3876.569999933243,-0.10498046875,0.06884765625,0.923828125,3849.950833360354
3876.579999923706,-0.10400390625,0.05078125,0.99853515625,3849.960833350817
3876.589999914169,-0.10400390625,0.05078125,0.99853515625,3849.97083334128
3876.599999904633,-0.09326171875,0.07666015625,1.00927734375,3849.980833331744
3876.609999895096,-0.09326171875,0.07666015625,1.00927734375,3849.990833322207
3876.619999885559,-0.107421875,0.0595703125,0.97607421875,3850.0008333126702
3876.625,-0.107421875,0.0595703125,0.97607421875,3850.005833427111
3876.6299998760223,-0.0654296875,0.0732421875,1.046875,3850.0108333031335
3876.650000095368,-0.0654296875,0.0732421875,1.046875,3850.030833522479
3876.664999961853,-0.1015625,0.0703125,1.0458984375,3850.045833388964
3876.674999952316,-0.1015625,0.0703125,1.0458984375,3850.055833379427
3876.68499994278,-0.095703125,0.07177734375,0.9189453125,3850.065833369891
3876.694999933243,-0.095703125,0.07177734375,0.9189453125,3850.075833360354
3876.704999923706,-0.08740234375,0.0615234375,1.03759765625,3850.085833350817
3876.714999914169,-0.08740234375,0.0615234375,1.03759765625,3850.09583334128
3876.724999904633,-0.08251953125,0.064453125,0.931640625,3850.105833331744
3876.734999895096,-0.08251953125,0.064453125,0.931640625,3850.115833322207
3876.744999885559,-0.0791015625,0.0791015625,0.98486328125,3850.1258333126702
3876.7549998760223,-0.0791015625,0.0791015625,0.98486328125,3850.1358333031335
3876.7649998664856,-0.0966796875,0.04736328125,0.97998046875,3850.1458332935968
3876.775000095368,-0.0966796875,0.04736328125,0.97998046875,3850.155833522479
3876.785000085831,-0.08203125,0.07275390625,0.958984375,3850.1658335129423
3876.795000076294,-0.08203125,0.07275390625,0.958984375,3850.175833503405
3876.805000066757,-0.10205078125,0.04931640625,0.98583984375,3850.1858334938684
3876.815000057221,-0.10205078125,0.04931640625,0.98583984375,3850.195833484332
3876.825000047684,-0.06005859375,0.048828125,1.00146484375,3850.2058334747953
3876.835000038147,-0.0888671875,0.04541015625,0.97509765625,3850.215833465258
3876.84500002861,-0.0888671875,0.04541015625,0.97509765625,3850.225833455721
3876.8550000190735,-0.0849609375,0.0615234375,0.92919921875,3850.2358334461846
3876.8650000095367,-0.0849609375,0.0615234375,0.92919921875,3850.245833436648
3876.875,-0.08544921875,0.07373046875,1.025390625,3850.255833427111
3876.8849999904633,-0.08544921875,0.07373046875,1.025390625,3850.2658334175744
3876.8949999809274,-0.080078125,0.06494140625,1.046875,3850.2758334080386
3876.9049999713898,-0.080078125,0.06494140625,1.046875,3850.285833398501
3876.914999961853,-0.05419921875,0.07958984375,1.04541015625,3850.295833388964
3876.924999952316,-0.05419921875,0.07958984375,1.04541015625,3850.305833379427
3876.93499994278,-0.08154296875,0.06884765625,0.9921875,3850.315833369891
3876.944999933243,-0.08154296875,0.06884765625,0.9921875,3850.325833360354
3876.954999923706,-0.06396484375,0.07421875,0.98681640625,3850.335833350817
3876.964999914169,-0.06396484375,0.07421875,0.98681640625,3850.34583334128
3876.974999904633,-0.07861328125,0.06787109375,1.05859375,3850.355833331744
3876.984999895096,-0.07861328125,0.06787109375,1.05859375,3850.365833322207
3876.994999885559,-0.06787109375,0.0732421875,0.9775390625,3850.3758333126702
3877.0049998760223,-0.06787109375,0.0732421875,0.9775390625,3850.3858333031335
3877.0149998664856,-0.072265625,0.072265625,1.08984375,3850.3958332935968
3877.025000095368,-0.072265625,0.072265625,1.08984375,3850.405833522479
3877.035000085831,-0.0810546875,0.068359375,1.01904296875,3850.4158335129423
3877.045000076294,-0.0810546875,0.068359375,1.01904296875,3850.425833503405
3877.055000066757,-0.07958984375,0.080078125,0.97412109375,3850.4358334938684
3877.065000057221,-0.07958984375,0.080078125,0.97412109375,3850.445833484332
3877.075000047684,-0.07666015625,0.0576171875,1.04833984375,3850.4558334747953
3877.085000038147,-0.07666015625,0.0576171875,1.04833984375,3850.465833465258
3877.09500002861,-0.048828125,0.07421875,1.01953125,3850.475833455721
3877.1050000190735,-0.048828125,0.07421875,1.01953125,3850.4858334461846
3877.1150000095367,-0.0888671875,0.068359375,1.0380859375,3850.495833436648
3877.125,-0.0888671875,0.068359375,1.0380859375,3850.505833427111
3877.1349999904633,-0.0810546875,0.0791015625,1.044921875,3850.5158334175744
3877.1449999809274,-0.0810546875,0.0791015625,1.044921875,3850.5258334080386
3877.1549999713898,-0.083984375,0.08056640625,1.125,3850.535833398501
3877.164999961853,-0.083984375,0.08056640625,1.125,3850.545833388964
3877.174999952316,-0.0751953125,0.060546875,0.9404296875,3850.555833379427
3877.18499994278,-0.0751953125,0.060546875,0.9404296875,3850.565833369891
3877.194999933243,-0.04833984375,0.083984375,1.05126953125,3850.575833360354
3877.204999923706,-0.04833984375,0.083984375,1.05126953125,3850.585833350817
3877.214999914169,-0.091796875,0.06298828125,0.98828125,3850.59583334128
3877.224999904633,-0.091796875,0.06298828125,0.98828125,3850.605833331744
3877.234999895096,-0.07275390625,0.08203125,1.0341796875,3850.615833322207
3877.244999885559,-0.07275390625,0.08203125,1.0341796875,3850.6258333126702
3877.2549998760223,-0.0869140625,0.07177734375,1.068359375,3850.6358333031335
3877.2649998664856,-0.0869140625,0.07177734375,1.068359375,3850.6458332935968
3877.275000095368,-0.06298828125,0.06201171875,1.056640625,3850.655833522479
3877.285000085831,-0.06298828125,0.06201171875,1.056640625,3850.6658335129423
3877.295000076294,-0.07275390625,0.06884765625,1.16015625,3850.675833503405
3877.305000066757,-0.07275390625,0.06884765625,1.16015625,3850.6858334938684
3877.315000057221,-0.06884765625,0.0556640625,0.93212890625,3850.695833484332
3877.325000047684,-0.06884765625,0.0556640625,0.93212890625,3850.7058334747953
3877.335000038147,-0.06982421875,0.0810546875,0.92724609375,3850.715833465258
3877.34500002861,-0.06982421875,0.0810546875,0.92724609375,3850.725833455721
3877.3550000190735,-0.07177734375,0.04638671875,1.05419921875,3850.7358334461846
3877.3650000095367,-0.07177734375,0.04638671875,1.05419921875,3850.745833436648
3877.375,-0.052734375,0.0771484375,1.05859375,3850.755833427111
3877.3849999904633,-0.052734375,0.0771484375,1.05859375,3850.7658334175744
3877.3949999809274,-0.08447265625,0.0537109375,0.978515625,3850.7758334080386
3877.4049999713898,-0.08447265625,0.0537109375,0.978515625,3850.785833398501
3877.414999961853,-0.06787109375,0.07421875,1.05029296875,3850.795833388964
3877.424999952316,-0.06787109375,0.07421875,1.05029296875,3850.805833379427
3877.43499994278,-0.0791015625,0.0615234375,1.056640625,3850.815833369891
3877.444999933243,-0.0791015625,0.0615234375,1.056640625,3850.825833360354
3877.454999923706,-0.04833984375,0.07177734375,0.95751953125,3850.835833350817
3877.464999914169,-0.04833984375,0.07177734375,0.95751953125,3850.84583334128
3877.474999904633,-0.04052734375,0.08740234375,0.9873046875,3850.855833331744
3877.484999895096,-0.04052734375,0.08740234375,0.9873046875,3850.865833322207
3877.494999885559,-0.06787109375,0.0498046875,0.9921875,3850.8758333126702
3877.5049998760223,-0.06787109375,0.0498046875,0.9921875,3850.8858333031335
3877.5149998664856,-0.05419921875,0.07861328125,1.04052734375,3850.8958332935968
3877.525000095368,-0.05419921875,0.07861328125,1.04052734375,3850.905833522479
3877.535000085831,-0.07568359375,0.06298828125,1.01220703125,3850.9158335129423
3877.545000076294,-0.07568359375,0.06298828125,1.01220703125,3850.925833503405
3877.555000066757,-0.04296875,0.07421875,1.03955078125,3850.9358334938684
3877.565000057221,-0.04296875,0.07421875,1.03955078125,3850.945833484332
3877.575000047684,-0.0625,0.052734375,1.01220703125,3850.9558334747953
3877.585000038147,-0.0625,0.052734375,1.01220703125,3850.965833465258
3877.59500002861,-0.05419921875,0.072265625,0.9931640625,3850.975833455721
3877.6050000190735,-0.05419921875,0.072265625,0.9931640625,3850.9858334461846
3877.6150000095367,-0.05908203125,0.07470703125,0.97265625,3850.995833436648
3877.625,-0.05908203125,0.07470703125,0.97265625,3851.005833427111
3877.6299998760223,-0.05078125,0.0546875,1.029296875,3851.0108333031335
3877.6349999904633,-0.05078125,0.0546875,1.029296875,3851.0158334175744
3877.650000095368,-0.03759765625,0.07958984375,1.0029296875,3851.030833522479
3877.664999961853,-0.03759765625,0.07958984375,1.0029296875,3851.045833388964
3877.674999952316,-0.0693359375,0.04833984375,0.99755859375,3851.055833379427
3877.68499994278,-0.0693359375,0.04833984375,0.99755859375,3851.065833369891
3877.694999933243,-0.05126953125,0.07470703125,1.01708984375,3851.075833360354
3877.704999923706,-0.05126953125,0.07470703125,1.01708984375,3851.085833350817
3877.714999914169,-0.06884765625,0.06201171875,1.02685546875,3851.09583334128
3877.724999904633,-0.06884765625,0.06201171875,1.02685546875,3851.105833331744
3877.734999895096,-0.03662109375,0.06982421875,0.96630859375,3851.115833322207
3877.744999885559,-0.03662109375,0.06982421875,0.96630859375,3851.1258333126702
3877.7549998760223,-0.04638671875,0.0615234375,1.05029296875,3851.1358333031335
3877.7649998664856,-0.04638671875,0.0615234375,1.05029296875,3851.1458332935968
3877.775000095368,-0.0625,0.0478515625,0.9794921875,3851.155833522479
3877.785000085831,-0.0625,0.0478515625,0.9794921875,3851.1658335129423
3877.795000076294,-0.0546875,0.06640625,1.01513671875,3851.175833503405
3877.805000066757,-0.0546875,0.06640625,1.01513671875,3851.1858334938684
3877.815000057221,-0.05859375,0.03466796875,1.00830078125,3851.195833484332
3877.825000047684,-0.05859375,0.03466796875,1.00830078125,3851.2058334747953
3877.835000038147,-0.0224609375,0.06640625,1.009765625,3851.215833465258
3877.84500002861,-0.0224609375,0.06640625,1.009765625,3851.225833455721
3877.8550000190735,-0.06396484375,0.0498046875,1.03662109375,3851.2358334461846
3877.8650000095367,-0.06396484375,0.0498046875,1.03662109375,3851.245833436648
3877.875,-0.05029296875,0.0458984375,0.96875,3851.255833427111
3877.8849999904633,-0.05029296875,0.0458984375,0.96875,3851.2658334175744
3877.8949999809274,-0.06103515625,0.05224609375,1.0576171875,3851.2758334080386
3877.9049999713898,-0.06103515625,0.05224609375,1.0576171875,3851.285833398501
3877.914999961853,-0.0458984375,0.0458984375,0.9541015625,3851.295833388964
3877.924999952316,-0.0458984375,0.0458984375,0.9541015625,3851.305833379427
3877.93499994278,-0.0302734375,0.0458984375,1.03076171875,3851.315833369891
3877.944999933243,-0.0302734375,0.0458984375,1.03076171875,3851.325833360354
3877.954999923706,-0.06005859375,0.04736328125,0.96826171875,3851.335833350817
3877.964999914169,-0.06005859375,0.04736328125,0.96826171875,3851.34583334128
3877.974999904633,-0.0556640625,0.05029296875,0.9931640625,3851.355833331744
3877.984999895096,-0.0556640625,0.05029296875,0.9931640625,3851.365833322207
3877.994999885559,-0.05908203125,0.03564453125,1.017578125,3851.3758333126702
3878.0049998760223,-0.05908203125,0.03564453125,1.017578125,3851.3858333031335
3878.0149998664856,-0.02392578125,0.05224609375,0.98828125,3851.3958332935968
3878.025000095368,-0.02392578125,0.05224609375,0.98828125,3851.405833522479
3878.035000085831,-0.04736328125,0.04833984375,1.005859375,3851.4158335129423
3878.045000076294,-0.04736328125,0.04833984375,1.005859375,3851.425833503405
3878.055000066757,-0.044921875,0.0400390625,1.00439453125,3851.4358334938684
3878.065000057221,-0.044921875,0.0400390625,1.00439453125,3851.445833484332
3878.075000047684,-0.04931640625,0.0576171875,0.9990234375,3851.4558334747953
3878.085000038147,-0.04931640625,0.0576171875,0.9990234375,3851.465833465258
3878.09500002861,-0.04541015625,0.044921875,0.98779296875,3851.475833455721
3878.1050000190735,-0.04541015625,0.044921875,0.98779296875,3851.4858334461846
3878.1150000095367,-0.01611328125,0.0546875,1.03759765625,3851.495833436648
3878.125,-0.01611328125,0.0546875,1.03759765625,3851.505833427111
3878.1349999904633,-0.04833984375,0.04541015625,1.00732421875,3851.5158334175744
3878.1449999809274,-0.04833984375,0.04541015625,1.00732421875,3851.5258334080386
3878.1549999713898,-0.03564453125,0.0556640625,0.99951171875,3851.535833398501
3878.164999961853,-0.03564453125,0.0556640625,0.99951171875,3851.545833388964
3878.174999952316,-0.05224609375,0.056640625,1.01708984375,3851.555833379427
3878.18499994278,-0.05224609375,0.056640625,1.01708984375,3851.565833369891
3878.194999933243,-0.02490234375,0.04443359375,0.9931640625,3851.575833360354
3878.204999923706,-0.02490234375,0.04443359375,0.9931640625,3851.585833350817
3878.214999914169,-0.0234375,0.07421875,1.009765625,3851.59583334128
3878.224999904633,-0.0234375,0.07421875,1.009765625,3851.605833331744
3878.234999895096,-0.0498046875,0.0380859375,0.94921875,3851.615833322207
3878.244999885559,-0.0498046875,0.0380859375,0.94921875,3851.6258333126702
3878.2549998760223,-0.03173828125,0.07080078125,1.04345703125,3851.6358333031335
3878.2649998664856,-0.03173828125,0.07080078125,1.04345703125,3851.6458332935968
3878.275000095368,-0.0517578125,0.048828125,1.02001953125,3851.655833522479
3878.285000085831,-0.0517578125,0.048828125,1.02001953125,3851.6658335129423
3878.295000076294,-0.013671875,0.06787109375,1.01513671875,3851.675833503405
3878.305000066757,-0.013671875,0.06787109375,1.01513671875,3851.6858334938684
3878.315000057221,-0.03662109375,0.05419921875,1.060546875,3851.695833484332
3878.325000047684,-0.03662109375,0.05419921875,1.060546875,3851.7058334747953
3878.335000038147,-0.0361328125,0.05615234375,1.00732421875,3851.715833465258
3878.34500002861,-0.0361328125,0.05615234375,1.00732421875,3851.725833455721
3878.3550000190735,-0.03564453125,0.0712890625,1.0263671875,3851.7358334461846
3878.3650000095367,-0.03564453125,0.0712890625,1.0263671875,3851.745833436648
3878.375,-0.0283203125,0.05615234375,1.01708984375,3851.755833427111
3878.3849999904633,-0.0283203125,0.05615234375,1.01708984375,3851.7658334175744
3878.3949999809274,-0.01123046875,0.08642578125,1.04638671875,3851.7758334080386
3878.4049999713898,-0.01123046875,0.08642578125,1.04638671875,3851.785833398501
3878.414999961853,-0.0439453125,0.04345703125,1.03125,3851.795833388964
3878.424999952316,-0.0439453125,0.04345703125,1.03125,3851.805833379427
3878.43499994278,-0.0263671875,0.078125,1.03662109375,3851.815833369891
3878.444999933243,-0.0263671875,0.078125,1.03662109375,3851.825833360354
3878.454999923706,-0.05322265625,0.056640625,1.0439453125,3851.835833350817
3878.464999914169,-0.05322265625,0.056640625,1.0439453125,3851.84583334128
3878.474999904633,-0.01171875,0.06640625,1.00439453125,3851.855833331744
3878.484999895096,-0.01171875,0.06640625,1.00439453125,3851.865833322207
3878.494999885559,-0.01953125,0.06005859375,1.052734375,3851.8758333126702
3878.5049998760223,-0.01953125,0.06005859375,1.052734375,3851.8858333031335
3878.5149998664856,-0.0390625,0.0615234375,0.9833984375,3851.8958332935968
3878.525000095368,-0.0390625,0.0615234375,0.9833984375,3851.905833522479
3878.535000085831,-0.03173828125,0.0712890625,1.03955078125,3851.9158335129423
3878.545000076294,-0.03173828125,0.0712890625,1.03955078125,3851.925833503405
3878.555000066757,-0.03369140625,0.056640625,1.02685546875,3851.9358334938684
3878.565000057221,-0.03369140625,0.056640625,1.02685546875,3851.945833484332
3878.575000047684,-0.00732421875,0.06884765625,1.02392578125,3851.9558334747953
3878.585000038147,-0.00732421875,0.06884765625,1.02392578125,3851.965833465258
3878.59500002861,-0.037109375,0.05859375,1.0546875,3851.975833455721
3878.6050000190735,-0.037109375,0.05859375,1.0546875,3851.9858334461846
3878.6150000095367,-0.0283203125,0.05322265625,0.978515625,3851.995833436648
3878.625,-0.0283203125,0.05322265625,0.978515625,3852.005833427111
3878.6299998760223,-0.033203125,0.07080078125,1.0693359375,3852.0108333031335
3878.6349999904633,-0.0263671875,0.05322265625,0.9755859375,3852.0158334175744
3878.6549999713898,-0.0263671875,0.05322265625,0.9755859375,3852.035833398501
3878.664999961853,-0.0263671875,0.05322265625,0.9755859375,3852.045833388964
3878.674999952316,-0.0087890625,0.06396484375,1.0595703125,3852.055833379427
3878.68499994278,-0.0087890625,0.06396484375,1.0595703125,3852.065833369891
3878.694999933243,-0.0361328125,0.0517578125,1.00439453125,3852.075833360354
3878.704999923706,-0.0361328125,0.0517578125,1.00439453125,3852.085833350817
3878.714999914169,-0.02587890625,0.0693359375,1.02392578125,3852.09583334128
3878.724999904633,-0.02587890625,0.0693359375,1.02392578125,3852.105833331744
3878.734999895096,-0.04296875,0.0537109375,1.03076171875,3852.115833322207
3878.744999885559,-0.04296875,0.0537109375,1.03076171875,3852.1258333126702
3878.7549998760223,-0.00146484375,0.05908203125,1.0390625,3852.1358333031335
3878.7649998664856,-0.00146484375,0.05908203125,1.0390625,3852.1458332935968
3878.775000095368,-0.02587890625,0.0625,1.02490234375,3852.155833522479
3878.785000085831,-0.02587890625,0.0625,1.02490234375,3852.1658335129423
3878.795000076294,-0.029296875,0.04443359375,0.9873046875,3852.175833503405
3878.805000066757,-0.029296875,0.04443359375,0.9873046875,3852.1858334938684
3878.815000057221,-0.0234375,0.06103515625,1.05615234375,3852.195833484332
3878.825000047684,-0.0234375,0.06103515625,1.05615234375,3852.2058334747953
3878.835000038147,-0.029296875,0.04931640625,0.9833984375,3852.215833465258
3878.84500002861,-0.029296875,0.04931640625,0.9833984375,3852.225833455721
3878.8550000190735,0.00146484375,0.06005859375,1.04052734375,3852.2358334461846
3878.8650000095367,0.00146484375,0.06005859375,1.04052734375,3852.245833436648
3878.875,-0.029296875,0.0419921875,1.02783203125,3852.255833427111
3878.8849999904633,-0.029296875,0.0419921875,1.02783203125,3852.2658334175744
3878.8949999809274,-0.02294921875,0.05029296875,0.986328125,3852.2758334080386
3878.9049999713898,-0.02294921875,0.05029296875,0.986328125,3852.285833398501
3878.914999961853,-0.02685546875,0.05517578125,1.03564453125,3852.295833388964
3878.924999952316,-0.02685546875,0.05517578125,1.03564453125,3852.305833379427
3878.93499994278,-0.009765625,0.04345703125,1.0029296875,3852.315833369891
3878.944999933243,-0.009765625,0.04345703125,1.0029296875,3852.325833360354
3878.954999923706,-0.00390625,0.06201171875,1.03125,3852.335833350817
3878.964999914169,-0.00390625,0.06201171875,1.03125,3852.34583334128
3878.974999904633,-0.02978515625,0.03369140625,0.97998046875,3852.355833331744
3878.984999895096,-0.02978515625,0.03369140625,0.97998046875,3852.365833322207
3878.994999885559,-0.01220703125,0.05810546875,1.01416015625,3852.3758333126702
3879.0049998760223,-0.01220703125,0.05810546875,1.01416015625,3852.3858333031335
3879.0149998664856,-0.0322265625,0.04248046875,1.0107421875,3852.3958332935968
3879.025000095368,-0.0322265625,0.04248046875,1.0107421875,3852.405833522479
3879.035000085831,0.009765625,0.05322265625,0.9951171875,3852.4158335129423
3879.045000076294,0.009765625,0.05322265625,0.9951171875,3852.425833503405
3879.055000066757,-0.01318359375,0.0419921875,1.02099609375,3852.4358334938684
3879.065000057221,-0.01318359375,0.0419921875,1.02099609375,3852.445833484332
3879.075000047684,-0.01806640625,0.05078125,0.96728515625,3852.4558334747953
3879.085000038147,-0.01806640625,0.05078125,0.96728515625,3852.465833465258
3879.09500002861,-0.0205078125,0.05615234375,1.009765625,3852.475833455721
3879.1050000190735,-0.0205078125,0.05615234375,1.009765625,3852.4858334461846
3879.1150000095367,-0.01123046875,0.03955078125,0.99365234375,3852.495833436648
3879.125,-0.01123046875,0.03955078125,0.99365234375,3852.505833427111
3879.1349999904633,0.01123046875,0.05859375,0.99853515625,3852.5158334175744
3879.1449999809274,0.01123046875,0.05859375,0.99853515625,3852.5258334080386
3879.1549999713898,-0.01904296875,0.03271484375,0.9990234375,3852.535833398501
3879.164999961853,-0.01904296875,0.03271484375,0.9990234375,3852.545833388964
3879.174999952316,0.00048828125,0.0517578125,0.99560546875,3852.555833379427
3879.18499994278,0.00048828125,0.0517578125,0.99560546875,3852.565833369891
3879.194999933243,-0.02587890625,0.046875,1.01953125,3852.575833360354
3879.204999923706,-0.02587890625,0.046875,1.01953125,3852.585833350817
3879.214999914169,0.00732421875,0.04150390625,0.9716796875,3852.59583334128
3879.224999904633,0.00732421875,0.04150390625,0.9716796875,3852.605833331744
3879.234999895096,0.00927734375,0.04345703125,1.05322265625,3852.615833322207
3879.244999885559,0.00927734375,0.04345703125,1.05322265625,3852.6258333126702
3879.2549998760223,-0.01123046875,0.041015625,0.966796875,3852.6358333031335
3879.2649998664856,-0.01123046875,0.041015625,0.966796875,3852.6458332935968
3879.275000095368,-0.00537109375,0.04736328125,1.0185546875,3852.655833522479
3879.285000085831,-0.00537109375,0.04736328125,1.0185546875,3852.6658335129423
3879.295000076294,-0.01171875,0.03076171875,1.0341796875,3852.675833503405
3879.305000066757,-0.01171875,0.03076171875,1.0341796875,3852.6858334938684
3879.315000057221,0.01904296875,0.046875,1.01220703125,3852.695833484332
3879.325000047684,0.01904296875,0.046875,1.01220703125,3852.7058334747953
3879.335000038147,-0.0068359375,0.0400390625,1.0205078125,3852.715833465258
3879.34500002861,-0.0068359375,0.0400390625,1.0205078125,3852.725833455721
3879.3550000190735,-0.00048828125,0.03125,0.99560546875,3852.7358334461846
3879.3650000095367,-0.00048828125,0.03125,0.99560546875,3852.745833436648
3879.375,-0.00146484375,0.0390625,1.03662109375,3852.755833427111
3879.3849999904633,-0.00146484375,0.0390625,1.03662109375,3852.7658334175744
3879.3949999809274,-0.00244140625,0.0302734375,0.9814453125,3852.7758334080386
3879.4049999713898,-0.00244140625,0.0302734375,0.9814453125,3852.785833398501
3879.414999961853,0.01708984375,0.04248046875,1.03369140625,3852.795833388964
3879.424999952316,0.01708984375,0.04248046875,1.03369140625,3852.805833379427
3879.43499994278,-0.0087890625,0.0224609375,1.0244140625,3852.815833369891
3879.444999933243,-0.0087890625,0.0224609375,1.0244140625,3852.825833360354
3879.454999923706,0.00732421875,0.04052734375,0.998046875,3852.835833350817
3879.464999914169,0.00732421875,0.04052734375,0.998046875,3852.84583334128
3879.474999904633,-0.00927734375,0.0322265625,1.02880859375,3852.855833331744
3879.484999895096,-0.00927734375,0.0322265625,1.02880859375,3852.865833322207
3879.494999885559,0.0166015625,0.02685546875,1.02392578125,3852.8758333126702
3879.5049998760223,0.0166015625,0.02685546875,1.02392578125,3852.8858333031335
3879.5149998664856,0.01220703125,0.04296875,1.03662109375,3852.8958332935968
3879.525000095368,0.01220703125,0.04296875,1.03662109375,3852.905833522479
3879.535000085831,-0.0078125,0.015625,0.97119140625,3852.9158335129423
3879.545000076294,-0.0078125,0.015625,0.97119140625,3852.925833503405
3879.555000066757,0.009765625,0.03466796875,1.0439453125,3852.9358334938684
3879.565000057221,0.009765625,0.03466796875,1.0439453125,3852.945833484332
3879.575000047684,-0.0087890625,0.01318359375,1.0263671875,3852.9558334747953
3879.585000038147,-0.0087890625,0.01318359375,1.0263671875,3852.965833465258
3879.59500002861,0.02490234375,0.02734375,1.01123046875,3852.975833455721
3879.6050000190735,0.02490234375,0.02734375,1.01123046875,3852.9858334461846
3879.6150000095367,-0.00390625,0.01611328125,1.04638671875,3852.995833436648
3879.625,-0.00390625,0.01611328125,1.04638671875,3853.005833427111
3879.6299998760223,-0.00390625,0.01318359375,0.99462890625,3853.0108333031335
3879.6349999904633,-0.0029296875,0.02392578125,1.04833984375,3853.0158334175744
3879.6549999713898,-0.0029296875,0.02392578125,1.04833984375,3853.035833398501
3879.674999952316,0.005859375,0.01025390625,1.01025390625,3853.055833379427
3879.68499994278,0.005859375,0.01025390625,1.01025390625,3853.065833369891
3879.694999933243,0.021484375,0.029296875,1.02099609375,3853.075833360354
3879.704999923706,0.021484375,0.029296875,1.02099609375,3853.085833350817
3879.714999914169,-0.00634765625,0.00146484375,1.033203125,3853.09583334128
3879.724999904633,-0.00634765625,0.00146484375,1.033203125,3853.105833331744
3879.734999895096,0.0107421875,0.0283203125,1.017578125,3853.115833322207
3879.744999885559,0.0107421875,0.0283203125,1.017578125,3853.1258333126702
3879.7549998760223,-0.01416015625,0.0146484375,1.04052734375,3853.1358333031335
3879.7649998664856,-0.01416015625,0.0146484375,1.04052734375,3853.1458332935968
3879.775000095368,0.02392578125,0.01513671875,1.015625,3853.155833522479
3879.785000085831,0.02392578125,0.01513671875,1.015625,3853.1658335129423
3879.795000076294,0.01123046875,0.0205078125,1.052734375,3853.175833503405
3879.805000066757,0.01123046875,0.0205078125,1.052734375,3853.1858334938684
3879.815000057221,-0.00390625,0.015625,0.98876953125,3853.195833484332
3879.825000047684,-0.00390625,0.015625,0.98876953125,3853.2058334747953
3879.835000038147,0.00390625,0.02392578125,1.0458984375,3853.215833465258
3879.84500002861,0.00390625,0.02392578125,1.0458984375,3853.225833455721
3879.8550000190735,-0.001953125,0.0068359375,1.02783203125,3853.2358334461846
3879.8650000095367,-0.001953125,0.0068359375,1.02783203125,3853.245833436648
3879.875,0.0263671875,0.0302734375,1.021484375,3853.255833427111
3879.8849999904633,0.0263671875,0.0302734375,1.021484375,3853.2658334175744
3879.8949999809274,-0.0029296875,0.0185546875,1.0478515625,3853.2758334080386
3879.9049999713898,-0.0029296875,0.0185546875,1.0478515625,3853.285833398501
3879.914999961853,0.00732421875,0.01513671875,0.99609375,3853.295833388964
3879.924999952316,0.00732421875,0.01513671875,0.99609375,3853.305833379427
3879.93499994278,-0.001953125,0.03271484375,1.07470703125,3853.315833369891
3879.944999933243,-0.001953125,0.03271484375,1.07470703125,3853.325833360354
3879.954999923706,0.00634765625,0.02197265625,0.99755859375,3853.335833350817
3879.964999914169,0.00634765625,0.02197265625,0.99755859375,3853.34583334128
3879.974999904633,0.02490234375,0.03271484375,1.06591796875,3853.355833331744
3879.984999895096,0.02490234375,0.03271484375,1.06591796875,3853.365833322207
3879.994999885559,-0.00390625,0.01708984375,1.0302734375,3853.3758333126702
3880.0049998760223,-0.00390625,0.01708984375,1.0302734375,3853.3858333031335
3880.0149998664856,0.00830078125,0.0302734375,1.00341796875,3853.3958332935968
3880.025000095368,0.00830078125,0.0302734375,1.00341796875,3853.405833522479
3880.035000085831,-0.0048828125,0.02197265625,1.056640625,3853.4158335129423
3880.045000076294,-0.0048828125,0.02197265625,1.056640625,3853.425833503405
3880.055000066757,0.02587890625,0.01708984375,1.02392578125,3853.4358334938684
3880.065000057221,0.02587890625,0.01708984375,1.02392578125,3853.445833484332
3880.075000047684,0.00732421875,0.03466796875,1.046875,3853.4558334747953
3880.085000038147,0.00732421875,0.03466796875,1.046875,3853.465833465258
3880.09500002861,0.0,0.01318359375,1.0009765625,3853.475833455721
3880.1050000190735,0.0,0.01318359375,1.0009765625,3853.4858334461846
3880.1150000095367,0.00634765625,0.04248046875,1.068359375,3853.495833436648
3880.125,0.00634765625,0.04248046875,1.068359375,3853.505833427111
3880.1349999904633,-0.00244140625,0.02294921875,1.0166015625,3853.5158334175744
3880.1449999809274,-0.00244140625,0.02294921875,1.0166015625,3853.5258334080386
3880.1549999713898,0.03173828125,0.04345703125,1.05029296875,3853.535833398501
3880.164999961853,0.00146484375,0.0283203125,1.05078125,3853.545833388964
3880.174999952316,0.00146484375,0.0283203125,1.05078125,3853.555833379427
3880.18499994278,0.00732421875,0.03515625,0.99658203125,3853.565833369891
3880.194999933243,0.00732421875,0.03515625,0.99658203125,3853.575833360354
3880.204999923706,0.00244140625,0.0380859375,1.06298828125,3853.585833350817
3880.214999914169,0.00244140625,0.0380859375,1.06298828125,3853.59583334128
3880.224999904633,0.01416015625,0.02294921875,1.01904296875,3853.605833331744
3880.234999895096,0.01416015625,0.02294921875,1.01904296875,3853.615833322207
3880.244999885559,0.0263671875,0.04052734375,1.04638671875,3853.6258333126702
3880.2549998760223,0.0263671875,0.04052734375,1.04638671875,3853.6358333031335
3880.2649998664856,-0.00048828125,0.0107421875,0.99365234375,3853.6458332935968
3880.275000095368,-0.00048828125,0.0107421875,0.99365234375,3853.655833522479
3880.285000085831,0.01806640625,0.04443359375,1.0419921875,3853.6658335129423
3880.295000076294,0.01806640625,0.04443359375,1.0419921875,3853.675833503405
3880.305000066757,-0.00830078125,0.0244140625,1.0322265625,3853.6858334938684
3880.315000057221,-0.00830078125,0.0244140625,1.0322265625,3853.695833484332
3880.325000047684,0.03466796875,0.0380859375,1.02490234375,3853.7058334747953
3880.335000038147,0.03466796875,0.0380859375,1.02490234375,3853.715833465258
3880.34500002861,0.01220703125,0.029296875,1.0576171875,3853.725833455721
3880.3550000190735,0.01220703125,0.029296875,1.0576171875,3853.7358334461846
3880.3650000095367,0.00390625,0.02783203125,0.98486328125,3853.745833436648
3880.375,0.00390625,0.02783203125,0.98486328125,3853.755833427111
3880.3849999904633,0.00634765625,0.03271484375,1.0498046875,3853.7658334175744
3880.3949999809274,0.00634765625,0.03271484375,1.0498046875,3853.7758334080386
3880.4049999713898,0.00634765625,0.0166015625,1.009765625,3853.785833398501
3880.414999961853,0.00634765625,0.0166015625,1.009765625,3853.795833388964
3880.424999952316,0.0302734375,0.03515625,1.01904296875,3853.805833379427
3880.43499994278,0.0302734375,0.03515625,1.01904296875,3853.815833369891
3880.444999933243,0.001953125,0.0087890625,1.0068359375,3853.825833360354
3880.454999923706,0.001953125,0.0087890625,1.0068359375,3853.835833350817
3880.464999914169,0.0166015625,0.0185546875,1.0029296875,3853.84583334128
3880.474999904633,0.0166015625,0.0185546875,1.0029296875,3853.855833331744
3880.484999895096,-0.005859375,0.0263671875,1.0439453125,3853.865833322207
3880.494999885559,-0.005859375,0.0263671875,1.0439453125,3853.8758333126702
3880.5049998760223,0.01416015625,0.0234375,1.0078125,3853.8858333031335
3880.5149998664856,0.01416015625,0.0234375,1.0078125,3853.8958332935968
3880.525000095368,0.0263671875,0.02978515625,1.0537109375,3853.905833522479
3880.535000085831,0.0263671875,0.02978515625,1.0537109375,3853.9158335129423
3880.545000076294,0.0009765625,0.01806640625,0.9931640625,3853.925833503405
3880.555000066757,0.0009765625,0.01806640625,0.9931640625,3853.9358334938684
3880.565000057221,0.009765625,0.033203125,1.017578125,3853.945833484332
3880.575000047684,0.009765625,0.033203125,1.017578125,3853.9558334747953
3880.585000038147,0.00048828125,0.01318359375,1.0419921875,3853.965833465258
3880.59500002861,0.00048828125,0.01318359375,1.0419921875,3853.975833455721
3880.6050000190735,0.029296875,0.02685546875,1.01220703125,3853.9858334461846
3880.6150000095367,0.029296875,0.02685546875,1.01220703125,3853.995833436648
3880.625,-0.00244140625,0.0224609375,1.02734375,3854.005833427111
3880.6299998760223,-0.00244140625,0.0224609375,1.02734375,3854.0108333031335
3880.6349999904633,0.005859375,0.00341796875,0.99462890625,3854.0158334175744
3880.6549999713898,0.005859375,0.00341796875,0.99462890625,3854.035833398501
3880.664999961853,0.005859375,0.0244140625,1.05029296875,3854.045833388964
3880.674999952316,0.005859375,0.0244140625,1.05029296875,3854.055833379427
3880.68499994278,0.00732421875,0.0185546875,0.9658203125,3854.065833369891
3880.694999933243,0.00732421875,0.0185546875,0.9658203125,3854.075833360354
3880.704999923706,0.02783203125,0.0263671875,1.0380859375,3854.085833350817
3880.714999914169,0.02783203125,0.0263671875,1.0380859375,3854.09583334128
3880.724999904633,-0.0009765625,0.02099609375,1.005859375,3854.105833331744
3880.734999895096,-0.0009765625,0.02099609375,1.005859375,3854.115833322207
3880.744999885559,0.00439453125,0.03125,0.99853515625,3854.1258333126702
3880.7549998760223,0.00439453125,0.03125,0.99853515625,3854.1358333031335
3880.7649998664856,0.0048828125,0.01904296875,1.01904296875,3854.1458332935968
3880.775000095368,0.0048828125,0.01904296875,1.01904296875,3854.155833522479
3880.785000085831,0.03515625,0.02685546875,1.03662109375,3854.1658335129423
3880.795000076294,0.03515625,0.02685546875,1.03662109375,3854.175833503405
3880.805000066757,-0.00244140625,0.0166015625,1.00146484375,3854.1858334938684
3880.815000057221,-0.00244140625,0.0166015625,1.00146484375,3854.195833484332
3880.825000047684,0.01318359375,0.01318359375,0.9921875,3854.2058334747953
3880.835000038147,0.01318359375,0.01318359375,0.9921875,3854.215833465258
3880.84500002861,0.0009765625,0.01416015625,0.99072265625,3854.225833455721
3880.8550000190735,0.0009765625,0.01416015625,0.99072265625,3854.2358334461846
3880.8650000095367,0.03759765625,0.03369140625,0.990234375,3854.245833436648
3880.875,0.03759765625,0.03369140625,0.990234375,3854.255833427111
3880.8849999904633,0.00048828125,0.0087890625,1.0498046875,3854.2658334175744
3880.8949999809274,0.00048828125,0.0087890625,1.0498046875,3854.2758334080386
3880.9049999713898,0.0126953125,0.05419921875,0.982421875,3854.285833398501
3880.914999961853,0.0126953125,0.05419921875,0.982421875,3854.295833388964
3880.924999952316,0.01025390625,0.00146484375,1.01123046875,3854.305833379427
3880.93499994278,0.01025390625,0.00146484375,1.01123046875,3854.315833369891
3880.944999933243,0.0263671875,0.03515625,1.02783203125,3854.325833360354
3880.954999923706,0.0263671875,0.03515625,1.02783203125,3854.335833350817
3880.964999914169,0.01025390625,0.01318359375,1.0107421875,3854.34583334128
3880.974999904633,0.01025390625,0.01318359375,1.0107421875,3854.355833331744
3880.984999895096,0.00927734375,0.033203125,0.98486328125,3854.365833322207
3880.994999885559,0.00927734375,0.033203125,0.98486328125,3854.3758333126702
3881.0049998760223,0.0244140625,0.037109375,1.00634765625,3854.3858333031335
3881.0149998664856,0.0244140625,0.037109375,1.00634765625,3854.3958332935968
3881.025000095368,0.029296875,0.029296875,1.0205078125,3854.405833522479
3881.035000085831,0.029296875,0.029296875,1.0205078125,3854.4158335129423
3881.045000076294,0.01708984375,0.01953125,1.02294921875,3854.425833503405
3881.055000066757,0.01708984375,0.01953125,1.02294921875,3854.4358334938684
3881.065000057221,0.0087890625,0.03076171875,1.02734375,3854.445833484332
3881.075000047684,0.0087890625,0.03076171875,1.02734375,3854.4558334747953
3881.085000038147,0.0244140625,0.02880859375,0.951171875,3854.465833465258
3881.09500002861,0.0244140625,0.02880859375,0.951171875,3854.475833455721
3881.1050000190735,0.01904296875,0.021484375,1.06201171875,3854.4858334461846
3881.1150000095367,0.01904296875,0.021484375,1.06201171875,3854.495833436648
3881.125,0.0244140625,0.03759765625,0.955078125,3854.505833427111
3881.1349999904633,0.0244140625,0.03759765625,0.955078125,3854.5158334175744
3881.1449999809274,0.00927734375,0.01953125,1.04931640625,3854.5258334080386
3881.1549999713898,0.00927734375,0.01953125,1.04931640625,3854.535833398501
3881.164999961853,0.03955078125,0.0595703125,0.994140625,3854.545833388964
3881.174999952316,0.03955078125,0.0595703125,0.994140625,3854.555833379427
3881.18499994278,-0.00244140625,0.0126953125,0.98828125,3854.565833369891
3881.194999933243,-0.00244140625,0.0126953125,0.98828125,3854.575833360354
3881.204999923706,0.033203125,0.046875,1.01025390625,3854.585833350817
3881.214999914169,0.033203125,0.046875,1.01025390625,3854.59583334128
3881.224999904633,0.01708984375,0.025390625,1.0185546875,3854.605833331744
3881.234999895096,0.01708984375,0.025390625,1.0185546875,3854.615833322207
3881.244999885559,0.02490234375,0.046875,0.99365234375,3854.6258333126702
3881.2549998760223,0.02490234375,0.046875,0.99365234375,3854.6358333031335
3881.2649998664856,0.017578125,0.033203125,1.0087890625,3854.6458332935968
3881.275000095368,0.017578125,0.033203125,1.0087890625,3854.655833522479
3881.285000085831,0.02197265625,0.0361328125,1.0029296875,3854.6658335129423
3881.295000076294,0.02197265625,0.0361328125,1.0029296875,3854.675833503405
3881.305000066757,0.02978515625,0.03076171875,0.9921875,3854.6858334938684
3881.315000057221,0.02978515625,0.03076171875,0.9921875,3854.695833484332
3881.325000047684,0.00830078125,0.04345703125,1.03271484375,3854.7058334747953
3881.335000038147,0.00830078125,0.04345703125,1.03271484375,3854.715833465258
3881.34500002861,0.01708984375,0.03076171875,0.9580078125,3854.725833455721
3881.3550000190735,0.01708984375,0.03076171875,0.9580078125,3854.7358334461846
3881.3650000095367,0.0146484375,0.02978515625,1.04931640625,3854.745833436648
3881.375,0.0146484375,0.02978515625,1.04931640625,3854.755833427111
3881.3849999904633,0.01904296875,0.04248046875,0.99365234375,3854.7658334175744
3881.3949999809274,0.01904296875,0.04248046875,0.99365234375,3854.7758334080386
3881.4049999713898,0.0146484375,0.02685546875,1.00341796875,3854.785833398501
3881.414999961853,0.0146484375,0.02685546875,1.00341796875,3854.795833388964
3881.424999952316,0.02197265625,0.04638671875,1.037109375,3854.805833379427
3881.43499994278,0.02197265625,0.04638671875,1.037109375,3854.815833369891
3881.444999933243,0.01220703125,0.02392578125,0.962890625,3854.825833360354
3881.454999923706,0.01220703125,0.02392578125,0.962890625,3854.835833350817
3881.464999914169,0.0048828125,0.0400390625,1.0234375,3854.84583334128
3881.474999904633,0.0048828125,0.0400390625,1.0234375,3854.855833331744
3881.484999895096,0.0361328125,0.03759765625,1.03515625,3854.865833322207
3881.494999885559,0.0361328125,0.03759765625,1.03515625,3854.8758333126702
3881.5049998760223,-0.00390625,0.037109375,0.99365234375,3854.8858333031335
3881.5149998664856,-0.00390625,0.037109375,0.99365234375,3854.8958332935968
3881.525000095368,0.0107421875,0.03662109375,1.0146484375,3854.905833522479
3881.535000085831,0.0107421875,0.03662109375,1.0146484375,3854.9158335129423
3881.545000076294,0.02734375,0.037109375,1.052734375,3854.925833503405
3881.555000066757,0.02734375,0.037109375,1.052734375,3854.9358334938684
3881.565000057221,0.0087890625,0.04541015625,1.0244140625,3854.945833484332
3881.575000047684,0.0087890625,0.04541015625,1.0244140625,3854.9558334747953
3881.585000038147,-0.00390625,0.02197265625,0.994140625,3854.965833465258
3881.59500002861,-0.00390625,0.02197265625,0.994140625,3854.975833455721
3881.6050000190735,0.02490234375,0.04541015625,1.06396484375,3854.9858334461846
3881.6150000095367,0.02490234375,0.04541015625,1.06396484375,3854.995833436648
3881.625,0.01318359375,0.03759765625,1.04345703125,3855.005833427111
3881.6299998760223,0.01318359375,0.03759765625,1.04345703125,3855.0108333031335
3881.6349999904633,-0.00048828125,0.0283203125,1.056640625,3855.0158334175744
3881.6549999713898,-0.00048828125,0.0283203125,1.056640625,3855.035833398501
3881.664999961853,0.0048828125,0.04638671875,1.025390625,3855.045833388964
3881.674999952316,0.0048828125,0.04638671875,1.025390625,3855.055833379427
3881.68499994278,0.03125,0.03076171875,1.06494140625,3855.065833369891
3881.694999933243,0.03125,0.03076171875,1.06494140625,3855.075833360354
3881.704999923706,-0.0048828125,0.03271484375,1.0390625,3855.085833350817
3881.714999914169,-0.0048828125,0.03271484375,1.0390625,3855.09583334128
3881.724999904633,0.00732421875,0.05908203125,1.0283203125,3855.105833331744
3881.734999895096,0.00732421875,0.05908203125,1.0283203125,3855.115833322207
3881.744999885559,0.025390625,0.029296875,1.09326171875,3855.1258333126702
3881.7549998760223,0.025390625,0.029296875,1.09326171875,3855.1358333031335
3881.7649998664856,0.01025390625,0.03173828125,1.02392578125,3855.1458332935968
3881.775000095368,0.01025390625,0.03173828125,1.02392578125,3855.155833522479
3881.785000085831,-0.0009765625,0.05078125,1.03515625,3855.1658335129423
3881.795000076294,-0.0009765625,0.05078125,1.03515625,3855.175833503405
3881.805000066757,0.01025390625,0.03369140625,1.07275390625,3855.1858334938684
3881.815000057221,0.01025390625,0.03369140625,1.07275390625,3855.195833484332
3881.825000047684,0.01318359375,0.025390625,1.02001953125,3855.2058334747953
3881.835000038147,0.01318359375,0.025390625,1.02001953125,3855.215833465258
3881.84500002861,0.01708984375,0.0654296875,1.0283203125,3855.225833455721
3881.8550000190735,0.01708984375,0.0654296875,1.0283203125,3855.2358334461846
3881.8650000095367,0.00146484375,0.0166015625,1.0361328125,3855.245833436648
3881.875,0.00146484375,0.0166015625,1.0361328125,3855.255833427111
3881.8849999904633,0.02587890625,0.0361328125,1.0478515625,3855.2658334175744
3881.8949999809274,0.02587890625,0.0361328125,1.0478515625,3855.2758334080386
3881.9049999713898,0.00927734375,0.05224609375,1.03466796875,3855.285833398501
3881.914999961853,0.00927734375,0.05224609375,1.03466796875,3855.295833388964
3881.924999952316,-0.00390625,0.015625,1.01953125,3855.305833379427
3881.93499994278,-0.00390625,0.015625,1.01953125,3855.315833369891
3881.944999933243,0.02001953125,0.04052734375,1.0546875,3855.325833360354
3881.954999923706,0.02001953125,0.04052734375,1.0546875,3855.335833350817
3881.964999914169,0.02392578125,0.04638671875,1.02880859375,3855.34583334128
3881.974999904633,0.02392578125,0.04638671875,1.02880859375,3855.355833331744
3881.984999895096,0.00048828125,0.01513671875,1.025390625,3855.365833322207
3881.994999885559,0.00048828125,0.01513671875,1.025390625,3855.3758333126702
3882.0049998760223,0.02490234375,0.0478515625,1.078125,3855.3858333031335
3882.0149998664856,0.02490234375,0.0478515625,1.078125,3855.3958332935968
3882.025000095368,0.00439453125,0.03515625,1.01806640625,3855.405833522479
3882.035000085831,0.00439453125,0.03515625,1.01806640625,3855.4158335129423
3882.045000076294,0.00341796875,0.01220703125,1.04248046875,3855.425833503405
3882.055000066757,0.00341796875,0.01220703125,1.04248046875,3855.4358334938684
3882.065000057221,0.01904296875,0.05078125,1.064453125,3855.445833484332
3882.075000047684,0.01904296875,0.05078125,1.064453125,3855.4558334747953
3882.085000038147,0.0068359375,0.03173828125,1.01806640625,3855.465833465258
3882.09500002861,0.0068359375,0.03173828125,1.01806640625,3855.475833455721
3882.1050000190735,0.0146484375,0.013671875,1.02783203125,3855.4858334461846
3882.1150000095367,0.0146484375,0.013671875,1.02783203125,3855.495833436648
3882.125,0.01171875,0.05126953125,1.072265625,3855.505833427111
3882.1349999904633,0.01171875,0.05126953125,1.072265625,3855.5158334175744
3882.1449999809274,-0.00732421875,0.0048828125,0.97900390625,3855.5258334080386
3882.1549999713898,-0.00732421875,0.0048828125,0.97900390625,3855.535833398501
3882.164999961853,0.01611328125,0.0244140625,1.068359375,3855.545833388964
3882.174999952316,0.01611328125,0.0244140625,1.068359375,3855.555833379427
3882.18499994278,0.01513671875,0.04345703125,1.0263671875,3855.565833369891
3882.194999933243,0.01513671875,0.04345703125,1.0263671875,3855.575833360354
3882.204999923706,-0.01025390625,0.0009765625,1.0107421875,3855.585833350817
3882.214999914169,-0.01025390625,0.0009765625,1.0107421875,3855.59583334128
3882.224999904633,0.02734375,0.03271484375,1.05126953125,3855.605833331744
3882.234999895096,0.02734375,0.03271484375,1.05126953125,3855.615833322207
3882.244999885559,0.009765625,0.03271484375,1.00341796875,3855.6258333126702
3882.2549998760223,0.009765625,0.03271484375,1.00341796875,3855.6358333031335
3882.2649998664856,-0.00244140625,-0.00146484375,0.99755859375,3855.6458332935968
3882.275000095368,-0.00244140625,-0.00146484375,0.99755859375,3855.655833522479
3882.285000085831,0.02734375,0.03662109375,1.060546875,3855.6658335129423
3882.295000076294,0.02734375,0.03662109375,1.060546875,3855.675833503405
3882.305000066757,0.00146484375,0.0234375,0.98193359375,3855.6858334938684
3882.315000057221,0.00146484375,0.0234375,0.98193359375,3855.695833484332
3882.325000047684,0.00732421875,-0.00048828125,1.01513671875,3855.7058334747953
3882.335000038147,0.00732421875,-0.00048828125,1.01513671875,3855.715833465258
3882.34500002861,0.0224609375,0.03662109375,1.06591796875,3855.725833455721
3882.3550000190735,0.0224609375,0.03662109375,1.06591796875,3855.7358334461846
3882.3650000095367,-0.00927734375,0.017578125,0.94921875,3855.745833436648
3882.375,-0.00927734375,0.017578125,0.94921875,3855.755833427111
3882.3849999904633,0.01171875,0.0,1.029296875,3855.7658334175744
3882.3949999809274,0.01171875,0.0,1.029296875,3855.7758334080386
3882.4049999713898,0.0302734375,0.04248046875,1.07421875,3855.785833398501
3882.414999961853,0.0302734375,0.04248046875,1.07421875,3855.795833388964
3882.424999952316,-0.02294921875,0.00341796875,0.970703125,3855.805833379427
3882.43499994278,-0.02294921875,0.00341796875,0.970703125,3855.815833369891
3882.444999933243,0.02685546875,0.01416015625,1.03466796875,3855.825833360354
3882.454999923706,0.02685546875,0.01416015625,1.03466796875,3855.835833350817
3882.464999914169,0.02099609375,0.02734375,1.072265625,3855.84583334128
3882.474999904633,0.02099609375,0.02734375,1.072265625,3855.855833331744
3882.484999895096,-0.017578125,-0.0078125,0.92578125,3855.865833322207
3882.494999885559,-0.017578125,-0.0078125,0.92578125,3855.8758333126702
3882.5049998760223,0.0390625,0.0302734375,1.06494140625,3855.8858333031335
3882.5149998664856,0.0390625,0.0302734375,1.06494140625,3855.8958332935968
3882.525000095368,0.0048828125,0.013671875,1.0234375,3855.905833522479
3882.535000085831,0.0048828125,0.013671875,1.0234375,3855.9158335129423
3882.545000076294,-0.0068359375,-0.00927734375,0.93798828125,3855.925833503405
3882.555000066757,-0.0068359375,-0.00927734375,0.93798828125,3855.9358334938684
3882.565000057221,0.03369140625,0.0263671875,1.10205078125,3855.945833484332
3882.575000047684,0.03369140625,0.0263671875,1.10205078125,3855.9558334747953
3882.585000038147,-0.0068359375,-0.00146484375,0.96435546875,3855.965833465258
3882.59500002861,-0.0068359375,-0.00146484375,0.96435546875,3855.975833455721
3882.6050000190735,0.01904296875,0.005859375,0.9697265625,3855.9858334461846
3882.6150000095367,0.01904296875,0.005859375,0.9697265625,3855.995833436648
3882.625,0.03173828125,0.02392578125,1.10888671875,3856.005833427111
3882.6299998760223,0.03173828125,0.02392578125,1.10888671875,3856.0108333031335
3882.6349999904633,-0.02685546875,-0.0146484375,0.9130859375,3856.0158334175744
3882.6549999713898,0.05126953125,0.00732421875,1.01611328125,3856.035833398501
3882.670000076294,0.05126953125,0.00732421875,1.01611328125,3856.050833503405
3882.680000066757,0.017578125,0.01220703125,1.10107421875,3856.0608334938684
3882.690000057221,0.017578125,0.01220703125,1.10107421875,3856.070833484332
3882.700000047684,-0.0244140625,-0.01611328125,0.85400390625,3856.0808334747953
3882.710000038147,-0.0244140625,-0.01611328125,0.85400390625,3856.090833465258
3882.72000002861,0.05859375,0.01220703125,1.1142578125,3856.100833455721
3882.7300000190735,0.05859375,0.01220703125,1.1142578125,3856.1108334461846
3882.7400000095367,-0.00732421875,-0.0009765625,1.03271484375,3856.120833436648
3882.75,-0.00732421875,-0.0009765625,1.03271484375,3856.130833427111
3882.7599999904633,0.01025390625,-0.0087890625,0.83447265625,3856.1408334175744
3882.7699999809274,0.01025390625,-0.0087890625,0.83447265625,3856.1508334080386
3882.7799999713898,0.06103515625,0.01611328125,1.21826171875,3856.160833398501
3882.789999961853,0.06103515625,0.01611328125,1.21826171875,3856.170833388964
3882.799999952316,-0.0205078125,-0.025390625,0.93701171875,3856.180833379427
3882.80999994278,-0.0205078125,-0.025390625,0.93701171875,3856.190833369891
3882.819999933243,0.02294921875,0.0205078125,0.9013671875,3856.200833360354
3882.829999923706,0.02294921875,0.0205078125,0.9013671875,3856.210833350817
3882.839999914169,0.044921875,-0.0029296875,1.17919921875,3856.22083334128
3882.849999904633,0.044921875,-0.0029296875,1.17919921875,3856.230833331744
3882.859999895096,0.0,-0.02880859375,0.8662109375,3856.240833322207
3882.869999885559,0.0,-0.02880859375,0.8662109375,3856.2508333126702
3882.8799998760223,0.03515625,0.0234375,1.0029296875,3856.2608333031335
3882.8899998664856,0.03515625,0.0234375,1.0029296875,3856.2708332935968
3882.900000095368,0.01416015625,-0.0146484375,1.11669921875,3856.280833522479
3882.910000085831,0.01416015625,-0.0146484375,1.11669921875,3856.2908335129423
3882.920000076294,0.01708984375,-0.013671875,0.828125,3856.300833503405
3882.930000066757,0.01708984375,-0.013671875,0.828125,3856.3108334938684
3882.940000057221,0.04931640625,0.0166015625,1.125,3856.320833484332
3882.950000047684,0.04931640625,0.0166015625,1.125,3856.3308334747953
3882.960000038147,0.00146484375,-0.033203125,0.99365234375,3856.340833465258
3882.97000002861,0.00146484375,-0.033203125,0.99365234375,3856.350833455721
3882.9800000190735,0.0419921875,0.01318359375,0.90869140625,3856.3608334461846
3882.9900000095367,0.0419921875,0.01318359375,0.90869140625,3856.370833436648
3883.0,0.02978515625,0.0126953125,1.1611328125,3856.380833427111
3883.0099999904633,0.02978515625,0.0126953125,1.1611328125,3856.3908334175744
3883.0199999809274,0.00830078125,-0.041015625,0.8671875,3856.4008334080386
3883.0299999713898,0.00830078125,-0.041015625,0.8671875,3856.410833398501
3883.039999961853,0.0517578125,0.03564453125,1.08740234375,3856.420833388964
3883.049999952316,0.0517578125,0.03564453125,1.08740234375,3856.430833379427
3883.05999994278,0.00439453125,-0.01416015625,1.06298828125,3856.440833369891
3883.069999933243,0.00439453125,-0.01416015625,1.06298828125,3856.450833360354
3883.079999923706,0.03369140625,-0.001953125,0.86279296875,3856.460833350817
3883.089999914169,0.03369140625,-0.001953125,0.86279296875,3856.47083334128
3883.099999904633,0.0546875,0.01904296875,1.123046875,3856.480833331744
3883.109999895096,0.0546875,0.01904296875,1.123046875,3856.490833322207
3883.119999885559,0.00390625,-0.02392578125,0.9599609375,3856.5008333126702
3883.1299998760223,0.00390625,-0.02392578125,0.9599609375,3856.5108333031335
3883.1399998664856,0.041015625,0.02783203125,0.9228515625,3856.5208332935968
3883.150000095368,0.041015625,0.02783203125,0.9228515625,3856.530833522479
3883.160000085831,0.03515625,-0.005859375,1.107421875,3856.5408335129423
3883.170000076294,0.03515625,-0.005859375,1.107421875,3856.550833503405
3883.180000066757,0.0185546875,-0.01416015625,0.90185546875,3856.5608334938684
3883.190000057221,0.0185546875,-0.01416015625,0.90185546875,3856.570833484332
3883.200000047684,0.052734375,0.03515625,1.03857421875,3856.5808334747953
3883.210000038147,0.052734375,0.03515625,1.03857421875,3856.590833465258
3883.22000002861,0.01513671875,-0.0126953125,1.05517578125,3856.600833455721
3883.2300000190735,0.01513671875,-0.0126953125,1.05517578125,3856.6108334461846
3883.2400000095367,0.04296875,0.00634765625,0.87158203125,3856.620833436648
3883.25,0.04296875,0.00634765625,0.87158203125,3856.630833427111
3883.2599999904633,0.04833984375,0.0322265625,1.103515625,3856.6408334175744
3883.2699999809274,0.04833984375,0.0322265625,1.103515625,3856.6508334080386
3883.2799999713898,0.017578125,-0.02783203125,0.95849609375,3856.660833398501
3883.289999961853,0.017578125,-0.02783203125,0.95849609375,3856.670833388964
3883.299999952316,0.0517578125,0.02734375,0.96923828125,3856.680833379427
3883.30999994278,0.0517578125,0.02734375,0.96923828125,3856.690833369891
3883.319999933243,0.02685546875,0.0126953125,1.0947265625,3856.700833360354
3883.329999923706,0.02685546875,0.0126953125,1.0947265625,3856.710833350817
3883.339999914169,0.0244140625,-0.01025390625,0.89599609375,3856.72083334128
3883.349999904633,0.0244140625,-0.01025390625,0.89599609375,3856.730833331744
3883.359999895096,0.05859375,0.04052734375,1.06591796875,3856.740833322207
3883.369999885559,0.05859375,0.04052734375,1.06591796875,3856.7508333126702
3883.3799998760223,0.01318359375,-0.01025390625,1.0009765625,3856.7608333031335
3883.3899998664856,0.01318359375,-0.01025390625,1.0009765625,3856.7708332935968
3883.400000095368,0.03955078125,0.01513671875,0.87353515625,3856.780833522479
3883.410000085831,0.03955078125,0.01513671875,0.87353515625,3856.7908335129423
3883.420000076294,0.048828125,0.0341796875,1.12744140625,3856.800833503405
3883.430000066757,0.048828125,0.0341796875,1.12744140625,3856.8108334938684
3883.440000057221,0.01123046875,-0.013671875,0.90478515625,3856.820833484332
3883.450000047684,0.01123046875,-0.013671875,0.90478515625,3856.8308334747953
3883.460000038147,0.05712890625,0.0283203125,0.97216796875,3856.840833465258
3883.47000002861,0.05712890625,0.0283203125,0.97216796875,3856.850833455721
3883.4800000190735,0.0341796875,0.021484375,1.07177734375,3856.8608334461846
3883.4900000095367,0.0341796875,0.021484375,1.07177734375,3856.870833436648
3883.5,0.013671875,-0.01708984375,0.8486328125,3856.880833427111
3883.5099999904633,0.013671875,-0.01708984375,0.8486328125,3856.8908334175744
3883.5199999809274,0.05615234375,0.029296875,1.09130859375,3856.9008334080386
3883.5299999713898,0.05615234375,0.029296875,1.09130859375,3856.910833398501
3883.539999961853,0.0322265625,0.00048828125,0.9716796875,3856.920833388964
3883.549999952316,0.0322265625,0.00048828125,0.9716796875,3856.930833379427
3883.55999994278,0.01513671875,-0.00146484375,0.88134765625,3856.940833369891
3883.569999933243,0.01513671875,-0.00146484375,0.88134765625,3856.950833360354
3883.579999923706,0.06005859375,0.03857421875,1.05859375,3856.960833350817
3883.589999914169,0.06005859375,0.03857421875,1.05859375,3856.97083334128
3883.599999904633,0.021484375,-0.01904296875,0.9326171875,3856.980833331744
3883.609999895096,0.021484375,-0.01904296875,0.9326171875,3856.990833322207
3883.619999885559,0.037109375,0.025390625,0.89990234375,3857.0008333126702
3883.6299998760223,0.037109375,0.025390625,0.89990234375,3857.0108333031335
3883.6349999904633,0.0439453125,0.02001953125,1.05859375,3857.0158334175744
3883.6399998664856,0.025390625,-0.0166015625,0.84912109375,3857.0208332935968
3883.660000085831,0.025390625,-0.0166015625,0.84912109375,3857.0408335129423
3883.674999952316,0.0390625,0.009765625,1.00732421875,3857.055833379427
3883.68499994278,0.0390625,0.009765625,1.00732421875,3857.065833369891
3883.694999933243,0.03759765625,0.00439453125,0.9853515625,3857.075833360354
3883.704999923706,0.03759765625,0.00439453125,0.9853515625,3857.085833350817
3883.714999914169,0.0244140625,-0.00146484375,0.951171875,3857.09583334128
3883.724999904633,0.0244140625,-0.00146484375,0.951171875,3857.105833331744
3883.734999895096,0.048828125,0.015625,1.03271484375,3857.115833322207
3883.744999885559,0.048828125,0.015625,1.03271484375,3857.1258333126702
3883.7549998760223,0.03564453125,0.00244140625,0.98974609375,3857.1358333031335
3883.7649998664856,0.03564453125,0.00244140625,0.98974609375,3857.1458332935968
3883.775000095368,0.03076171875,-0.00244140625,0.95263671875,3857.155833522479
3883.785000085831,0.03076171875,-0.00244140625,0.95263671875,3857.1658335129423
3883.795000076294,0.04150390625,-0.00048828125,1.01513671875,3857.175833503405
3883.805000066757,0.04150390625,-0.00048828125,1.01513671875,3857.1858334938684
3883.815000057221,0.02685546875,0.00341796875,0.9267578125,3857.195833484332
3883.825000047684,0.02685546875,0.00341796875,0.9267578125,3857.2058334747953
3883.835000038147,0.041015625,-0.009765625,0.97705078125,3857.215833465258
3883.84500002861,0.041015625,-0.009765625,0.97705078125,3857.225833455721
3883.8550000190735,0.0390625,-0.00830078125,0.990234375,3857.2358334461846
3883.8650000095367,0.0390625,-0.00830078125,0.990234375,3857.245833436648
3883.875,0.0205078125,0.0068359375,0.92431640625,3857.255833427111
3883.8849999904633,0.0205078125,0.0068359375,0.92431640625,3857.2658334175744
3883.8949999809274,0.05078125,-0.0146484375,0.96728515625,3857.2758334080386
3883.9049999713898,0.05078125,-0.0146484375,0.96728515625,3857.285833398501
3883.914999961853,0.04443359375,-0.0126953125,1.03857421875,3857.295833388964
3883.924999952316,0.04443359375,-0.0126953125,1.03857421875,3857.305833379427
3883.93499994278,0.0185546875,0.00341796875,0.89990234375,3857.315833369891
3883.944999933243,0.0185546875,0.00341796875,0.89990234375,3857.325833360354
3883.954999923706,0.0517578125,-0.02099609375,1.01416015625,3857.335833350817
3883.964999914169,0.0517578125,-0.02099609375,1.01416015625,3857.34583334128
3883.974999904633,0.0439453125,-0.0087890625,1.0419921875,3857.355833331744
3883.984999895096,0.0439453125,-0.0087890625,1.0419921875,3857.365833322207
3883.994999885559,0.021484375,-0.01025390625,0.89697265625,3857.3758333126702
3884.0049998760223,0.021484375,-0.01025390625,0.89697265625,3857.3858333031335
3884.0149998664856,0.04296875,-0.01171875,1.041015625,3857.3958332935968
3884.025000095368,0.04296875,-0.01171875,1.041015625,3857.405833522479
3884.035000085831,0.0439453125,-0.00244140625,0.9833984375,3857.4158335129423
3884.045000076294,0.0439453125,-0.00244140625,0.9833984375,3857.425833503405
3884.055000066757,0.0283203125,-0.02587890625,0.94775390625,3857.4358334938684
3884.065000057221,0.0283203125,-0.02587890625,0.94775390625,3857.445833484332
3884.075000047684,0.03564453125,-0.00146484375,1.03173828125,3857.4558334747953
3884.085000038147,0.03564453125,-0.00146484375,1.03173828125,3857.465833465258
3884.09500002861,0.0400390625,-0.03076171875,0.978515625,3857.475833455721
3884.1050000190735,0.0400390625,-0.03076171875,0.978515625,3857.4858334461846
3884.1150000095367,0.041015625,-0.01708984375,1.0390625,3857.495833436648
3884.125,0.041015625,-0.01708984375,1.0390625,3857.505833427111
3884.1349999904633,0.0400390625,-0.01953125,1.12646484375,3857.5158334175744
3884.1449999809274,0.0400390625,-0.01953125,1.12646484375,3857.5258334080386
3884.1549999713898,0.0283203125,-0.01611328125,1.12255859375,3857.535833398501
3884.164999961853,0.0283203125,-0.01611328125,1.12255859375,3857.545833388964
3884.174999952316,0.03955078125,-0.02001953125,1.09765625,3857.555833379427
3884.18499994278,0.03955078125,-0.02001953125,1.09765625,3857.565833369891
3884.194999933243,0.02197265625,-0.03125,0.9384765625,3857.575833360354
3884.204999923706,0.02197265625,-0.03125,0.9384765625,3857.585833350817
3884.214999914169,0.02783203125,-0.0107421875,0.89306640625,3857.59583334128
3884.224999904633,0.02783203125,-0.0107421875,0.89306640625,3857.605833331744
3884.234999895096,0.03662109375,-0.03515625,0.96435546875,3857.615833322207
3884.244999885559,0.03662109375,-0.03515625,0.96435546875,3857.6258333126702
3884.2549998760223,0.0439453125,-0.0146484375,1.04541015625,3857.6358333031335
3884.2649998664856,0.0439453125,-0.0146484375,1.04541015625,3857.6458332935968
3884.275000095368,0.02392578125,-0.03662109375,1.0048828125,3857.655833522479
3884.285000085831,0.02392578125,-0.03662109375,1.0048828125,3857.6658335129423
3884.295000076294,0.04150390625,-0.021484375,1.03076171875,3857.675833503405
3884.305000066757,0.04150390625,-0.021484375,1.03076171875,3857.6858334938684
3884.315000057221,0.0234375,-0.0341796875,0.96044921875,3857.695833484332
3884.325000047684,0.0234375,-0.0341796875,0.96044921875,3857.7058334747953
3884.335000038147,0.04833984375,-0.02734375,0.990234375,3857.715833465258
3884.34500002861,0.04833984375,-0.02734375,0.990234375,3857.725833455721
3884.3550000190735,0.0341796875,-0.041015625,0.9951171875,3857.7358334461846
3884.3650000095367,0.0341796875,-0.041015625,0.9951171875,3857.745833436648
3884.375,0.0322265625,-0.0205078125,1.00439453125,3857.755833427111
3884.3849999904633,0.0322265625,-0.0205078125,1.00439453125,3857.7658334175744
3884.3949999809274,0.037109375,-0.041015625,0.95361328125,3857.7758334080386
3884.4049999713898,0.037109375,-0.041015625,0.95361328125,3857.785833398501
3884.414999961853,0.0517578125,-0.02294921875,1.04296875,3857.795833388964
3884.424999952316,0.0517578125,-0.02294921875,1.04296875,3857.805833379427
3884.43499994278,0.0234375,-0.0341796875,0.9296875,3857.815833369891
3884.444999933243,0.0234375,-0.0341796875,0.9296875,3857.825833360354
3884.454999923706,0.0224609375,-0.0361328125,1.06396484375,3857.835833350817
3884.464999914169,0.0224609375,-0.0361328125,1.06396484375,3857.84583334128
3884.474999904633,0.04833984375,-0.025390625,0.97314453125,3857.855833331744
3884.484999895096,0.04833984375,-0.025390625,0.97314453125,3857.865833322207
3884.494999885559,0.04248046875,-0.02734375,0.99169921875,3857.8758333126702
3884.5049998760223,0.04248046875,-0.02734375,0.99169921875,3857.8858333031335
3884.5149998664856,0.03955078125,-0.03759765625,0.96630859375,3857.8958332935968
3884.525000095368,0.03955078125,-0.03759765625,0.96630859375,3857.905833522479
3884.535000085831,0.01708984375,-0.02783203125,1.0224609375,3857.9158335129423
3884.545000076294,0.01708984375,-0.02783203125,1.0224609375,3857.925833503405
3884.555000066757,0.0341796875,-0.03125,0.98974609375,3857.9358334938684
3884.565000057221,0.0341796875,-0.03125,0.98974609375,3857.945833484332
3884.575000047684,0.0439453125,-0.0263671875,1.0263671875,3857.9558334747953
3884.585000038147,0.0439453125,-0.0263671875,1.0263671875,3857.965833465258
3884.59500002861,0.03076171875,-0.04345703125,0.96044921875,3857.975833455721
3884.6050000190735,0.03076171875,-0.04345703125,0.96044921875,3857.9858334461846
3884.6150000095367,0.03173828125,-0.02001953125,0.9794921875,3857.995833436648
3884.625,0.03173828125,-0.02001953125,0.9794921875,3858.005833427111
3884.6349999904633,0.04052734375,-0.025390625,0.94580078125,3858.0158334175744
3884.6399998664856,0.04052734375,-0.025390625,0.94580078125,3858.0208332935968
3884.6449999809274,0.04345703125,-0.02880859375,0.9892578125,3858.0258334080386
3884.664999961853,0.0283203125,-0.04150390625,0.97265625,3858.045833388964
3884.68499994278,0.0283203125,-0.04150390625,0.97265625,3858.065833369891
3884.694999933243,0.02783203125,-0.02880859375,1.02587890625,3858.075833360354
3884.704999923706,0.02783203125,-0.02880859375,1.02587890625,3858.085833350817
3884.714999914169,0.0322265625,-0.01953125,0.9658203125,3858.09583334128
3884.724999904633,0.0322265625,-0.01953125,0.9658203125,3858.105833331744
3884.734999895096,0.04296875,-0.02783203125,1.02978515625,3858.115833322207
3884.744999885559,0.04296875,-0.02783203125,1.02978515625,3858.1258333126702
3884.7549998760223,0.0341796875,-0.03662109375,0.94921875,3858.1358333031335
3884.7649998664856,0.0341796875,-0.03662109375,0.94921875,3858.1458332935968
3884.775000095368,0.0341796875,-0.01953125,0.97705078125,3858.155833522479
3884.785000085831,0.0341796875,-0.01953125,0.97705078125,3858.1658335129423
3884.795000076294,0.0390625,-0.0224609375,0.9501953125,3858.175833503405
3884.805000066757,0.0390625,-0.0224609375,0.9501953125,3858.1858334938684
3884.815000057221,0.041015625,-0.0205078125,1.00341796875,3858.195833484332
3884.825000047684,0.041015625,-0.0205078125,1.00341796875,3858.2058334747953
3884.835000038147,0.02001953125,-0.029296875,1.00537109375,3858.215833465258
3884.84500002861,0.02001953125,-0.029296875,1.00537109375,3858.225833455721
3884.8550000190735,0.02294921875,-0.01025390625,1.0146484375,3858.2358334461846
3884.8650000095367,0.02294921875,-0.01025390625,1.0146484375,3858.245833436648
3884.875,0.03955078125,-0.0224609375,0.96337890625,3858.255833427111
3884.8849999904633,0.03955078125,-0.0224609375,0.96337890625,3858.2658334175744
3884.8949999809274,0.0537109375,-0.0166015625,0.99951171875,3858.2758334080386
3884.9049999713898,0.0537109375,-0.0166015625,0.99951171875,3858.285833398501
3884.914999961853,0.029296875,-0.0205078125,0.953125,3858.295833388964
3884.924999952316,0.029296875,-0.0205078125,0.953125,3858.305833379427
3884.93499994278,0.0224609375,-0.0146484375,0.97265625,3858.315833369891
3884.944999933243,0.0224609375,-0.0146484375,0.97265625,3858.325833360354
3884.954999923706,0.03076171875,-0.021484375,0.98046875,3858.335833350817
3884.964999914169,0.03076171875,-0.021484375,0.98046875,3858.34583334128
3884.974999904633,0.0458984375,-0.01318359375,1.0478515625,3858.355833331744
3884.984999895096,0.0458984375,-0.01318359375,1.0478515625,3858.365833322207
3884.994999885559,0.03076171875,-0.02734375,0.9990234375,3858.3758333126702
3885.0049998760223,0.03076171875,-0.02734375,0.9990234375,3858.3858333031335
3885.0149998664856,0.02197265625,-0.00390625,0.96923828125,3858.3958332935968
3885.025000095368,0.02197265625,-0.00390625,0.96923828125,3858.405833522479
3885.035000085831,0.02490234375,-0.01904296875,0.93994140625,3858.4158335129423
3885.045000076294,0.02490234375,-0.01904296875,0.93994140625,3858.425833503405
3885.055000066757,0.05029296875,-0.0107421875,1.0361328125,3858.4358334938684
3885.065000057221,0.05029296875,-0.0107421875,1.0361328125,3858.445833484332
3885.075000047684,0.033203125,-0.0107421875,1.01708984375,3858.4558334747953
3885.085000038147,0.033203125,-0.0107421875,1.01708984375,3858.465833465258
3885.09500002861,0.02490234375,-0.001953125,0.99560546875,3858.475833455721
3885.1050000190735,0.02490234375,-0.001953125,0.99560546875,3858.4858334461846
3885.1150000095367,0.017578125,-0.013671875,1.03369140625,3858.495833436648
3885.125,0.017578125,-0.013671875,1.03369140625,3858.505833427111
3885.1349999904633,0.0322265625,-0.0029296875,1.03369140625,3858.5158334175744
3885.1449999809274,0.0322265625,-0.0029296875,1.03369140625,3858.5258334080386
3885.1549999713898,0.02978515625,-0.00732421875,0.98583984375,3858.535833398501
3885.164999961853,0.02978515625,-0.00732421875,0.98583984375,3858.545833388964
3885.174999952316,0.029296875,-0.0009765625,0.98974609375,3858.555833379427
3885.18499994278,0.029296875,-0.0009765625,0.98974609375,3858.565833369891
3885.194999933243,0.02392578125,-0.00830078125,0.9990234375,3858.575833360354
3885.204999923706,0.02392578125,-0.00830078125,0.9990234375,3858.585833350817
3885.214999914169,0.0341796875,0.0,1.060546875,3858.59583334128
3885.224999904633,0.0341796875,0.0,1.060546875,3858.605833331744
3885.234999895096,0.017578125,-0.0048828125,1.02294921875,3858.615833322207
3885.244999885559,0.017578125,-0.0048828125,1.02294921875,3858.6258333126702
3885.2549998760223,0.01904296875,0.0068359375,0.99365234375,3858.6358333031335
3885.2649998664856,0.01904296875,0.0068359375,0.99365234375,3858.6458332935968
3885.275000095368,0.02587890625,-0.0078125,1.06005859375,3858.655833522479
3885.285000085831,0.02587890625,-0.0078125,1.06005859375,3858.6658335129423
3885.295000076294,0.0380859375,0.01123046875,1.02197265625,3858.675833503405
3885.305000066757,0.0380859375,0.01123046875,1.02197265625,3858.6858334938684
3885.315000057221,0.0244140625,-0.0009765625,1.0009765625,3858.695833484332
3885.325000047684,0.0244140625,-0.0009765625,1.0009765625,3858.7058334747953
3885.335000038147,0.02294921875,0.0078125,1.0263671875,3858.715833465258
3885.34500002861,0.02294921875,0.0078125,1.0263671875,3858.725833455721
3885.3550000190735,0.015625,-0.00146484375,1.015625,3858.7358334461846
3885.3650000095367,0.015625,-0.00146484375,1.015625,3858.745833436648
3885.375,0.03271484375,0.01171875,1.07373046875,3858.755833427111
3885.3849999904633,0.03271484375,0.01171875,1.07373046875,3858.7658334175744
3885.3949999809274,0.02001953125,0.0087890625,1.03076171875,3858.7758334080386
3885.4049999713898,0.02001953125,0.0087890625,1.03076171875,3858.785833398501
3885.414999961853,0.01611328125,0.0078125,0.9970703125,3858.795833388964
3885.424999952316,0.01611328125,0.0078125,0.9970703125,3858.805833379427
3885.43499994278,0.0234375,0.005859375,1.07177734375,3858.815833369891
3885.444999933243,0.0234375,0.005859375,1.07177734375,3858.825833360354
3885.454999923706,0.0361328125,0.02001953125,1.03369140625,3858.835833350817
3885.464999914169,0.0361328125,0.02001953125,1.03369140625,3858.84583334128
3885.474999904633,0.01708984375,0.0146484375,0.99560546875,3858.855833331744
3885.484999895096,0.01708984375,0.0146484375,0.99560546875,3858.865833322207
3885.494999885559,0.02392578125,0.0166015625,1.05517578125,3858.8758333126702
3885.5049998760223,0.02392578125,0.0166015625,1.05517578125,3858.8858333031335
3885.5149998664856,0.0146484375,0.00439453125,1.02978515625,3858.8958332935968
3885.525000095368,0.0146484375,0.00439453125,1.02978515625,3858.905833522479
3885.535000085831,0.037109375,0.0234375,1.07275390625,3858.9158335129423
3885.545000076294,0.037109375,0.0234375,1.07275390625,3858.925833503405
3885.555000066757,0.01708984375,0.01318359375,1.03857421875,3858.9358334938684
3885.565000057221,0.01708984375,0.01318359375,1.03857421875,3858.945833484332
3885.575000047684,0.0185546875,0.02197265625,1.00634765625,3858.9558334747953
3885.585000038147,0.0185546875,0.02197265625,1.00634765625,3858.965833465258
3885.59500002861,0.0166015625,0.00927734375,1.0498046875,3858.975833455721
3885.6050000190735,0.0166015625,0.00927734375,1.0498046875,3858.9858334461846
3885.6150000095367,0.0361328125,0.02490234375,1.05078125,3858.995833436648
3885.625,0.0361328125,0.02490234375,1.05078125,3859.005833427111
3885.6349999904633,0.01416015625,0.01025390625,1.01611328125,3859.0158334175744
3885.6399998664856,0.01416015625,0.01025390625,1.01611328125,3859.0208332935968
3885.6449999809274,0.02099609375,0.0302734375,1.0654296875,3859.0258334080386
3885.664999961853,0.02099609375,0.0302734375,1.0654296875,3859.045833388964
3885.674999952316,0.009765625,0.00537109375,1.02734375,3859.055833379427
3885.68499994278,0.009765625,0.00537109375,1.02734375,3859.065833369891
3885.694999933243,0.03076171875,0.0322265625,1.07275390625,3859.075833360354
3885.704999923706,0.03076171875,0.0322265625,1.07275390625,3859.085833350817
3885.714999914169,0.01318359375,0.01416015625,1.03466796875,3859.09583334128
3885.724999904633,0.01318359375,0.01416015625,1.03466796875,3859.105833331744
3885.734999895096,0.015625,0.025390625,1.0234375,3859.115833322207
3885.744999885559,0.015625,0.025390625,1.0234375,3859.1258333126702
3885.7549998760223,0.0185546875,0.017578125,1.0361328125,3859.1358333031335
3885.7649998664856,0.0185546875,0.017578125,1.0361328125,3859.1458332935968
3885.775000095368,0.03271484375,0.02880859375,1.080078125,3859.155833522479
3885.785000085831,0.03271484375,0.02880859375,1.080078125,3859.1658335129423
3885.795000076294,0.0087890625,0.0068359375,1.02685546875,3859.175833503405
3885.805000066757,0.0087890625,0.0068359375,1.02685546875,3859.1858334938684
3885.815000057221,0.0107421875,0.03466796875,1.068359375,3859.195833484332
3885.825000047684,0.0107421875,0.03466796875,1.068359375,3859.2058334747953
3885.835000038147,0.0107421875,0.0107421875,0.990234375,3859.215833465258
3885.84500002861,0.0107421875,0.0107421875,0.990234375,3859.225833455721
3885.8550000190735,0.03271484375,0.029296875,1.10693359375,3859.2358334461846
3885.8650000095367,0.03271484375,0.029296875,1.10693359375,3859.245833436648
3885.875,0.0078125,0.0126953125,0.998046875,3859.255833427111
3885.8849999904633,0.0078125,0.0126953125,0.998046875,3859.2658334175744
3885.8949999809274,0.0087890625,0.0234375,1.07470703125,3859.2758334080386
3885.9049999713898,0.0087890625,0.0234375,1.07470703125,3859.285833398501
3885.914999961853,0.02197265625,0.021484375,1.009765625,3859.295833388964
3885.924999952316,0.02197265625,0.021484375,1.009765625,3859.305833379427
3885.93499994278,0.0283203125,0.02294921875,1.08203125,3859.315833369891
3885.944999933243,0.0283203125,0.02294921875,1.08203125,3859.325833360354
3885.954999923706,0.0029296875,0.0087890625,0.98974609375,3859.335833350817
3885.964999914169,0.0029296875,0.0087890625,0.98974609375,3859.34583334128
3885.974999904633,0.0068359375,0.02294921875,1.0908203125,3859.355833331744
3885.984999895096,0.0068359375,0.02294921875,1.0908203125,3859.365833322207
3885.994999885559,0.017578125,0.0166015625,0.970703125,3859.3758333126702
3886.0049998760223,0.017578125,0.0166015625,0.970703125,3859.3858333031335
3886.0149998664856,0.03125,0.02392578125,1.09326171875,3859.3958332935968
3886.025000095368,0.03125,0.02392578125,1.09326171875,3859.405833522479
3886.035000085831,0.01318359375,0.01318359375,0.982421875,3859.4158335129423
3886.045000076294,0.01318359375,0.01318359375,0.982421875,3859.425833503405
3886.055000066757,0.0048828125,0.02001953125,1.0791015625,3859.4358334938684
3886.065000057221,0.0048828125,0.02001953125,1.0791015625,3859.445833484332
3886.075000047684,0.02294921875,0.0263671875,0.99365234375,3859.4558334747953
3886.085000038147,0.02294921875,0.0263671875,0.99365234375,3859.465833465258
3886.09500002861,0.01806640625,0.0166015625,1.05810546875,3859.475833455721
3886.1050000190735,0.01806640625,0.0166015625,1.05810546875,3859.4858334461846
3886.1150000095367,0.01513671875,0.0205078125,0.98193359375,3859.495833436648
3886.125,0.01513671875,0.0205078125,0.98193359375,3859.505833427111
3886.1349999904633,0.0087890625,0.01904296875,1.083984375,3859.5158334175744
3886.1449999809274,0.0087890625,0.01904296875,1.083984375,3859.5258334080386
3886.1549999713898,0.02685546875,0.02587890625,1.00244140625,3859.535833398501
3886.164999961853,0.02685546875,0.02587890625,1.00244140625,3859.545833388964
3886.174999952316,0.0185546875,0.01904296875,1.060546875,3859.555833379427
3886.18499994278,0.0185546875,0.01904296875,1.060546875,3859.565833369891
3886.194999933243,0.01611328125,0.02197265625,0.9814453125,3859.575833360354
3886.204999923706,0.01611328125,0.02197265625,0.9814453125,3859.585833350817
3886.214999914169,0.00732421875,0.0126953125,1.056640625,3859.59583334128
3886.224999904633,0.00732421875,0.0126953125,1.056640625,3859.605833331744
3886.234999895096,0.0283203125,0.03369140625,1.01904296875,3859.615833322207
3886.244999885559,0.0283203125,0.03369140625,1.01904296875,3859.6258333126702
3886.2549998760223,0.00732421875,0.0048828125,1.025390625,3859.6358333031335
3886.2649998664856,0.00732421875,0.0048828125,1.025390625,3859.6458332935968
3886.275000095368,0.02197265625,0.03173828125,1.00439453125,3859.655833522479
3886.285000085831,0.02197265625,0.03173828125,1.00439453125,3859.6658335129423
3886.295000076294,0.01416015625,0.00830078125,1.04248046875,3859.675833503405
3886.305000066757,0.01416015625,0.00830078125,1.04248046875,3859.6858334938684
3886.315000057221,0.0322265625,0.0244140625,1.0224609375,3859.695833484332
3886.325000047684,0.0322265625,0.0244140625,1.0224609375,3859.7058334747953
3886.335000038147,0.005859375,0.00830078125,1.04150390625,3859.715833465258
3886.34500002861,0.005859375,0.00830078125,1.04150390625,3859.725833455721
3886.3550000190735,0.0107421875,0.02099609375,0.9892578125,3859.7358334461846
3886.3650000095367,0.0107421875,0.02099609375,0.9892578125,3859.745833436648
3886.375,0.0126953125,0.0048828125,1.02294921875,3859.755833427111
3886.3849999904633,0.0126953125,0.0048828125,1.02294921875,3859.7658334175744
3886.3949999809274,0.03662109375,0.0283203125,1.02880859375,3859.7758334080386
3886.4049999713898,0.03662109375,0.0283203125,1.02880859375,3859.785833398501
3886.414999961853,0.00830078125,0.00439453125,1.00830078125,3859.795833388964
3886.424999952316,0.00830078125,0.00439453125,1.00830078125,3859.805833379427
3886.43499994278,0.01318359375,0.02490234375,1.03125,3859.815833369891
3886.444999933243,0.01318359375,0.02490234375,1.03125,3859.825833360354
3886.454999923706,0.01806640625,0.013671875,0.9892578125,3859.835833350817
3886.464999914169,0.01806640625,0.013671875,0.9892578125,3859.84583334128
3886.474999904633,0.0341796875,0.02197265625,1.03271484375,3859.855833331744
3886.484999895096,0.0341796875,0.02197265625,1.03271484375,3859.865833322207
3886.494999885559,0.0126953125,0.00146484375,0.9951171875,3859.8758333126702
3886.5049998760223,0.0126953125,0.00146484375,0.9951171875,3859.8858333031335
3886.5149998664856,0.009765625,0.01513671875,1.03564453125,3859.8958332935968
3886.525000095368,0.009765625,0.01513671875,1.03564453125,3859.905833522479
3886.535000085831,0.02001953125,0.01220703125,0.98046875,3859.9158335129423
3886.545000076294,0.02001953125,0.01220703125,0.98046875,3859.925833503405
3886.555000066757,0.03466796875,0.015625,1.06884765625,3859.9358334938684
3886.565000057221,0.03466796875,0.015625,1.06884765625,3859.945833484332
3886.575000047684,0.01708984375,0.0029296875,0.97607421875,3859.9558334747953
3886.585000038147,0.01708984375,0.0029296875,0.97607421875,3859.965833465258
3886.59500002861,0.013671875,0.01708984375,1.0498046875,3859.975833455721
3886.6050000190735,0.013671875,0.01708984375,1.0498046875,3859.9858334461846
3886.6150000095367,0.02294921875,0.00732421875,0.98046875,3859.995833436648
3886.625,0.02294921875,0.00732421875,0.98046875,3860.005833427111
3886.6349999904633,0.0224609375,0.00732421875,1.05029296875,3860.0158334175744
3886.6399998664856,0.0224609375,0.00732421875,1.05029296875,3860.0208332935968
3886.6449999809274,0.01708984375,0.00146484375,0.97314453125,3860.0258334080386
3886.664999961853,0.01416015625,0.0107421875,1.05029296875,3860.045833388964
3886.674999952316,0.01416015625,0.0107421875,1.05029296875,3860.055833379427
3886.68499994278,0.01416015625,0.0107421875,1.05029296875,3860.065833369891
3886.694999933243,0.03076171875,0.00634765625,0.9990234375,3860.075833360354
3886.704999923706,0.03076171875,0.00634765625,0.9990234375,3860.085833350817
3886.714999914169,0.02099609375,0.0068359375,1.0458984375,3860.09583334128
3886.724999904633,0.02099609375,0.0068359375,1.0458984375,3860.105833331744
3886.734999895096,0.01708984375,0.00390625,0.95263671875,3860.115833322207
3886.744999885559,0.01708984375,0.00390625,0.95263671875,3860.1258333126702
3886.7549998760223,0.01220703125,0.0078125,1.056640625,3860.1358333031335
3886.7649998664856,0.01220703125,0.0078125,1.056640625,3860.1458332935968
3886.775000095368,0.03564453125,0.0107421875,0.990234375,3860.155833522479
3886.785000085831,0.03564453125,0.0107421875,0.990234375,3860.1658335129423
3886.795000076294,0.01708984375,0.00244140625,1.0263671875,3860.175833503405
3886.805000066757,0.01708984375,0.00244140625,1.0263671875,3860.1858334938684
3886.815000057221,0.0234375,0.01025390625,0.986328125,3860.195833484332
3886.825000047684,0.02001953125,-0.0107421875,1.0322265625,3860.2058334747953
3886.835000038147,0.02001953125,-0.0107421875,1.0322265625,3860.215833465258
3886.84500002861,0.03955078125,0.017578125,1.01123046875,3860.225833455721
3886.8550000190735,0.03955078125,0.017578125,1.01123046875,3860.2358334461846
3886.8650000095367,0.01318359375,-0.00927734375,0.9990234375,3860.245833436648
3886.875,0.01318359375,-0.00927734375,0.9990234375,3860.255833427111
3886.8849999904633,0.02001953125,0.00830078125,1.00927734375,3860.2658334175744
3886.8949999809274,0.02001953125,0.00830078125,1.00927734375,3860.2758334080386
3886.9049999713898,0.02099609375,0.0,1.009765625,3860.285833398501
3886.914999961853,0.02099609375,0.0,1.009765625,3860.295833388964
3886.924999952316,0.0400390625,0.0107421875,1.0029296875,3860.305833379427
3886.93499994278,0.0400390625,0.0107421875,1.0029296875,3860.315833369891
3886.944999933243,0.0205078125,0.0,1.02734375,3860.325833360354
3886.954999923706,0.0205078125,0.0,1.02734375,3860.335833350817
3886.964999914169,0.017578125,0.0029296875,0.99169921875,3860.34583334128
3886.974999904633,0.017578125,0.0029296875,0.99169921875,3860.355833331744
3886.984999895096,0.02490234375,-0.00048828125,0.9833984375,3860.365833322207
3886.994999885559,0.02490234375,-0.00048828125,0.9833984375,3860.3758333126702
3887.0049998760223,0.04150390625,0.02001953125,1.03515625,3860.3858333031335
3887.0149998664856,0.04150390625,0.02001953125,1.03515625,3860.3958332935968
3887.025000095368,0.0146484375,-0.01953125,0.947265625,3860.405833522479
3887.035000085831,0.0146484375,-0.01953125,0.947265625,3860.4158335129423
3887.045000076294,0.02001953125,0.01513671875,1.0478515625,3860.425833503405
3887.055000066757,0.02001953125,0.01513671875,1.0478515625,3860.4358334938684
3887.065000057221,0.02294921875,0.0009765625,0.951171875,3860.445833484332
3887.075000047684,0.02294921875,0.0009765625,0.951171875,3860.4558334747953
3887.085000038147,0.04150390625,0.01220703125,1.03955078125,3860.465833465258
3887.09500002861,0.04150390625,0.01220703125,1.03955078125,3860.475833455721
3887.1050000190735,0.02392578125,0.001953125,0.99365234375,3860.4858334461846
3887.1150000095367,0.02392578125,0.001953125,0.99365234375,3860.495833436648
3887.125,0.01513671875,0.00341796875,1.0087890625,3860.505833427111
3887.1349999904633,0.01513671875,0.00341796875,1.0087890625,3860.5158334175744
3887.1449999809274,0.0302734375,0.0126953125,0.98486328125,3860.5258334080386
3887.1549999713898,0.0302734375,0.0126953125,0.98486328125,3860.535833398501
3887.164999961853,0.03369140625,0.0,1.02685546875,3860.545833388964
3887.174999952316,0.03369140625,0.0,1.02685546875,3860.555833379427
3887.18499994278,0.021484375,-0.00830078125,0.95166015625,3860.565833369891
3887.194999933243,0.021484375,-0.00830078125,0.95166015625,3860.575833360354
3887.204999923706,0.02294921875,0.01806640625,1.06982421875,3860.585833350817
3887.214999914169,0.02294921875,0.01806640625,1.06982421875,3860.59583334128
3887.224999904633,0.029296875,-0.0048828125,0.9375,3860.605833331744
3887.234999895096,0.029296875,-0.0048828125,0.9375,3860.615833322207
3887.244999885559,0.03369140625,0.00927734375,1.06494140625,3860.6258333126702
3887.2549998760223,0.03369140625,0.00927734375,1.06494140625,3860.6358333031335
3887.2649998664856,0.0205078125,0.00244140625,0.95458984375,3860.6458332935968
3887.275000095368,0.0205078125,0.00244140625,0.95458984375,3860.655833522479
3887.285000085831,0.0234375,-0.00439453125,1.015625,3860.6658335129423
3887.295000076294,0.0234375,-0.00439453125,1.015625,3860.675833503405
3887.305000066757,0.037109375,0.0126953125,0.9970703125,3860.6858334938684
3887.315000057221,0.037109375,0.0126953125,0.9970703125,3860.695833484332
3887.325000047684,0.021484375,-0.00244140625,1.005859375,3860.7058334747953
3887.335000038147,0.021484375,-0.00244140625,1.005859375,3860.715833465258
3887.34500002861,0.02734375,-0.00390625,0.95556640625,3860.725833455721
3887.3550000190735,0.02734375,-0.00390625,0.95556640625,3860.7358334461846
3887.3650000095367,0.0234375,-0.00244140625,1.04833984375,3860.745833436648
3887.375,0.0234375,-0.00244140625,1.04833984375,3860.755833427111
3887.3849999904633,0.0390625,0.001953125,0.9501953125,3860.7658334175744
3887.3949999809274,0.0390625,0.001953125,0.9501953125,3860.7758334080386
3887.4049999713898,0.02392578125,0.0029296875,1.06689453125,3860.785833398501
3887.414999961853,0.02392578125,0.0029296875,1.06689453125,3860.795833388964
3887.424999952316,0.02001953125,0.00048828125,0.93359375,3860.805833379427
3887.43499994278,0.02001953125,0.00048828125,0.93359375,3860.815833369891
3887.444999933243,0.02392578125,-0.01708984375,1.02294921875,3860.825833360354
3887.454999923706,0.02392578125,-0.01708984375,1.02294921875,3860.835833350817
3887.464999914169,0.052734375,0.0224609375,1.02001953125,3860.84583334128
3887.474999904633,0.052734375,0.0224609375,1.02001953125,3860.855833331744
3887.484999895096,0.01708984375,-0.0185546875,0.98095703125,3860.865833322207
3887.494999885559,0.01708984375,-0.0185546875,0.98095703125,3860.8758333126702
3887.5049998760223,0.02783203125,0.00048828125,1.015625,3860.8858333031335
3887.5149998664856,0.02783203125,0.00048828125,1.015625,3860.8958332935968
3887.525000095368,0.02099609375,-0.00830078125,1.00634765625,3860.905833522479
3887.535000085831,0.02099609375,-0.00830078125,1.00634765625,3860.9158335129423
3887.545000076294,0.04248046875,-0.001953125,0.96240234375,3860.925833503405
3887.555000066757,0.04248046875,-0.001953125,0.96240234375,3860.9358334938684
3887.565000057221,0.0283203125,-0.0087890625,1.05810546875,3860.945833484332
3887.575000047684,0.0283203125,-0.0087890625,1.05810546875,3860.9558334747953
3887.585000038147,0.01904296875,0.00732421875,0.9892578125,3860.965833465258
3887.59500002861,0.01904296875,0.00732421875,0.9892578125,3860.975833455721
3887.6050000190735,0.02490234375,0.0,0.96240234375,3860.9858334461846
3887.6150000095367,0.02490234375,0.0,0.96240234375,3860.995833436648
3887.625,0.05126953125,0.0029296875,1.0693359375,3861.005833427111
3887.6349999904633,0.05126953125,0.0029296875,1.0693359375,3861.0158334175744
3887.6399998664856,0.0205078125,-0.01904296875,0.95849609375,3861.0208332935968
3887.6449999809274,0.0205078125,-0.01904296875,0.95849609375,3861.0258334080386
3887.664999961853,0.0244140625,0.01318359375,1.02392578125,3861.045833388964
3887.674999952316,0.0244140625,0.01318359375,1.02392578125,3861.055833379427
3887.68499994278,0.02490234375,-0.015625,0.9619140625,3861.065833369891
3887.694999933243,0.02490234375,-0.015625,0.9619140625,3861.075833360354
3887.704999923706,0.04052734375,-0.0009765625,1.01708984375,3861.085833350817
3887.714999914169,0.04052734375,-0.0009765625,1.01708984375,3861.09583334128
3887.724999904633,0.0283203125,0.0,1.01025390625,3861.105833331744
3887.734999895096,0.0283203125,0.0,1.01025390625,3861.115833322207
3887.744999885559,0.0205078125,-0.00146484375,0.99169921875,3861.1258333126702
3887.7549998760223,0.0205078125,-0.00146484375,0.99169921875,3861.1358333031335
3887.7649998664856,0.0302734375,-0.00390625,0.98779296875,3861.1458332935968
3887.775000095368,0.0302734375,-0.00390625,0.98779296875,3861.155833522479
3887.785000085831,0.037109375,0.01123046875,1.03759765625,3861.1658335129423
3887.795000076294,0.037109375,0.01123046875,1.03759765625,3861.175833503405
3887.805000066757,0.0224609375,-0.01904296875,0.927734375,3861.1858334938684
3887.815000057221,0.0224609375,-0.01904296875,0.927734375,3861.195833484332
3887.825000047684,0.0283203125,-0.00244140625,1.06298828125,3861.2058334747953
3887.835000038147,0.0283203125,-0.00244140625,1.06298828125,3861.215833465258
3887.84500002861,0.03076171875,-0.00537109375,0.9453125,3861.225833455721
3887.8550000190735,0.03076171875,-0.00537109375,0.9453125,3861.2358334461846
3887.8650000095367,0.033203125,0.005859375,1.02783203125,3861.245833436648
3887.875,0.033203125,0.005859375,1.02783203125,3861.255833427111
3887.8849999904633,0.025390625,-0.013671875,0.9775390625,3861.2658334175744
3887.8949999809274,0.025390625,-0.013671875,0.9775390625,3861.2758334080386
3887.9049999713898,0.02197265625,-0.0068359375,1.02587890625,3861.285833398501
3887.914999961853,0.02197265625,-0.0068359375,1.02587890625,3861.295833388964
3887.924999952316,0.03955078125,0.0166015625,0.97607421875,3861.305833379427
3887.93499994278,0.03955078125,0.0166015625,0.97607421875,3861.315833369891
3887.944999933243,0.02734375,-0.0068359375,1.01220703125,3861.325833360354
3887.954999923706,0.02734375,-0.0068359375,1.01220703125,3861.335833350817
3887.964999914169,0.02392578125,-0.009765625,0.9541015625,3861.34583334128
3887.974999904633,0.02392578125,-0.009765625,0.9541015625,3861.355833331744
3887.984999895096,0.02490234375,0.00537109375,1.0361328125,3861.365833322207
3887.994999885559,0.02490234375,0.00537109375,1.0361328125,3861.3758333126702
3888.0049998760223,0.041015625,-0.00537109375,0.951171875,3861.3858333031335
3888.0149998664856,0.041015625,-0.00537109375,0.951171875,3861.3958332935968
3888.025000095368,0.03076171875,-0.00830078125,1.046875,3861.405833522479
3888.035000085831,0.03076171875,-0.00830078125,1.046875,3861.4158335129423
3888.045000076294,0.0205078125,0.00390625,0.9306640625,3861.425833503405
3888.055000066757,0.0205078125,0.00390625,0.9306640625,3861.4358334938684
3888.065000057221,0.02294921875,-0.00732421875,1.00341796875,3861.445833484332
3888.075000047684,0.02294921875,-0.00732421875,1.00341796875,3861.4558334747953
3888.085000038147,0.04833984375,0.0048828125,1.0068359375,3861.465833465258
3888.09500002861,0.04833984375,0.0048828125,1.0068359375,3861.475833455721
3888.1050000190735,0.02587890625,-0.015625,0.98681640625,3861.4858334461846
3888.1150000095367,0.02587890625,-0.015625,0.98681640625,3861.495833436648
3888.125,0.0283203125,0.0146484375,0.96875,3861.505833427111
3888.1349999904633,0.0283203125,0.0146484375,0.96875,3861.5158334175744
3888.1449999809274,0.0244140625,-0.01318359375,1.02734375,3861.5258334080386
3888.1549999713898,0.0244140625,-0.01318359375,1.02734375,3861.535833398501
3888.164999961853,0.04443359375,-0.00732421875,0.97021484375,3861.545833388964
3888.174999952316,0.04443359375,-0.00732421875,0.97021484375,3861.555833379427
3888.18499994278,0.02685546875,0.00146484375,1.03076171875,3861.565833369891
3888.194999933243,0.02685546875,0.00146484375,1.03076171875,3861.575833360354
3888.204999923706,0.02294921875,0.0048828125,0.95068359375,3861.585833350817
3888.214999914169,0.02294921875,0.0048828125,0.95068359375,3861.59583334128
3888.224999904633,0.02783203125,-0.01708984375,1.00634765625,3861.605833331744
3888.234999895096,0.02783203125,-0.01708984375,1.00634765625,3861.615833322207
3888.244999885559,0.0478515625,0.0185546875,1.02490234375,3861.6258333126702
3888.2549998760223,0.0478515625,0.0185546875,1.02490234375,3861.6358333031335
3888.2649998664856,0.02197265625,-0.0126953125,0.96875,3861.6458332935968
3888.275000095368,0.02197265625,-0.0126953125,0.96875,3861.655833522479
3888.285000085831,0.02880859375,0.00732421875,1.0205078125,3861.6658335129423
3888.295000076294,0.02880859375,0.00732421875,1.0205078125,3861.675833503405
3888.305000066757,0.02587890625,-0.00634765625,0.96728515625,3861.6858334938684
3888.315000057221,0.02587890625,-0.00634765625,0.96728515625,3861.695833484332
3888.325000047684,0.04443359375,0.01953125,1.0048828125,3861.7058334747953
3888.335000038147,0.04443359375,0.01953125,1.0048828125,3861.715833465258
3888.34500002861,0.02490234375,-0.01123046875,0.99365234375,3861.725833455721
3888.3550000190735,0.02490234375,-0.01123046875,0.99365234375,3861.7358334461846
3888.3650000095367,0.02685546875,-0.0009765625,0.99462890625,3861.745833436648
3888.375,0.02685546875,-0.0009765625,0.99462890625,3861.755833427111
3888.3849999904633,0.03369140625,0.01220703125,0.9873046875,3861.7658334175744
3888.3949999809274,0.03369140625,0.01220703125,0.9873046875,3861.7758334080386
3888.4049999713898,0.041015625,0.013671875,1.02294921875,3861.785833398501
3888.414999961853,0.041015625,0.013671875,1.02294921875,3861.795833388964
3888.424999952316,0.0205078125,-0.01953125,0.9580078125,3861.805833379427
3888.43499994278,0.0205078125,-0.01953125,0.9580078125,3861.815833369891
3888.444999933243,0.0263671875,0.01806640625,1.048828125,3861.825833360354
3888.454999923706,0.0263671875,0.01806640625,1.048828125,3861.835833350817
3888.464999914169,0.03466796875,0.00537109375,0.93408203125,3861.84583334128
3888.474999904633,0.03466796875,0.00537109375,0.93408203125,3861.855833331744
3888.484999895096,0.041015625,0.0009765625,1.0419921875,3861.865833322207
3888.494999885559,0.041015625,0.0009765625,1.0419921875,3861.8758333126702
3888.5049998760223,0.0244140625,-0.0009765625,0.98193359375,3861.8858333031335
3888.5149998664856,0.0244140625,-0.0009765625,0.98193359375,3861.8958332935968
3888.525000095368,0.0205078125,0.00439453125,1.0185546875,3861.905833522479
3888.535000085831,0.0205078125,0.00439453125,1.0185546875,3861.9158335129423
3888.545000076294,0.04248046875,0.0068359375,0.982421875,3861.925833503405
3888.555000066757,0.04248046875,0.0068359375,0.982421875,3861.9358334938684
3888.565000057221,0.03076171875,-0.00390625,1.017578125,3861.945833484332
3888.575000047684,0.03076171875,-0.00390625,1.017578125,3861.9558334747953
3888.585000038147,0.02587890625,0.0029296875,0.9560546875,3861.965833465258
3888.59500002861,0.02587890625,0.0029296875,0.9560546875,3861.975833455721
3888.6050000190735,0.02294921875,0.005859375,1.05078125,3861.9858334461846
3888.6150000095367,0.02294921875,0.005859375,1.05078125,3861.995833436648
3888.625,0.03955078125,-0.0068359375,0.96142578125,3862.005833427111
3888.6349999904633,0.03955078125,-0.0068359375,0.96142578125,3862.0158334175744
3888.6399998664856,0.03515625,0.00927734375,1.05908203125,3862.0208332935968
3888.6449999809274,0.02880859375,0.01171875,0.95556640625,3862.0258334080386
3888.664999961853,0.02880859375,0.01171875,0.95556640625,3862.045833388964
3888.674999952316,0.02880859375,0.01171875,0.95556640625,3862.055833379427
3888.68499994278,0.02197265625,-0.01611328125,1.02587890625,3862.065833369891
3888.694999933243,0.02197265625,-0.01611328125,1.02587890625,3862.075833360354
3888.704999923706,0.04296875,0.0126953125,1.02490234375,3862.085833350817
3888.714999914169,0.04296875,0.0126953125,1.02490234375,3862.09583334128
3888.724999904633,0.02392578125,-0.001953125,0.99560546875,3862.105833331744
3888.734999895096,0.02392578125,-0.001953125,0.99560546875,3862.115833322207
3888.744999885559,0.03125,0.00634765625,0.98486328125,3862.1258333126702
3888.7549998760223,0.03125,0.00634765625,0.98486328125,3862.1358333031335
3888.7649998664856,0.0234375,0.0,1.05615234375,3862.1458332935968
3888.775000095368,0.0234375,0.0,1.05615234375,3862.155833522479
3888.785000085831,0.04248046875,0.01220703125,0.998046875,3862.1658335129423
3888.795000076294,0.04248046875,0.01220703125,0.998046875,3862.175833503405
3888.805000066757,0.0283203125,0.0048828125,1.04541015625,3862.1858334938684
3888.815000057221,0.0283203125,0.0048828125,1.04541015625,3862.195833484332
3888.825000047684,0.025390625,-0.00146484375,0.9765625,3862.2058334747953
3888.835000038147,0.025390625,-0.00146484375,0.9765625,3862.215833465258
3888.84500002861,0.0263671875,-0.0009765625,1.025390625,3862.225833455721
3888.8550000190735,0.0263671875,-0.0009765625,1.025390625,3862.2358334461846
3888.8650000095367,0.0458984375,0.017578125,1.046875,3862.245833436648
3888.875,0.0458984375,0.017578125,1.046875,3862.255833427111
3888.8849999904633,0.021484375,-0.01953125,1.00830078125,3862.2658334175744
3888.8949999809274,0.021484375,-0.01953125,1.00830078125,3862.2758334080386
3888.9049999713898,0.025390625,0.01025390625,1.03564453125,3862.285833398501
3888.914999961853,0.025390625,0.01025390625,1.03564453125,3862.295833388964
3888.924999952316,0.02783203125,0.0078125,1.01416015625,3862.305833379427
3888.93499994278,0.02783203125,0.0078125,1.01416015625,3862.315833369891
3888.944999933243,0.04345703125,0.0068359375,1.02880859375,3862.325833360354
3888.954999923706,0.04345703125,0.0068359375,1.02880859375,3862.335833350817
3888.964999914169,0.0244140625,-0.00927734375,1.05322265625,3862.34583334128
3888.974999904633,0.0244140625,-0.00927734375,1.05322265625,3862.355833331744
3888.984999895096,0.0185546875,0.0126953125,1.015625,3862.365833322207
3888.994999885559,0.0185546875,0.0126953125,1.015625,3862.3758333126702
3889.0049998760223,0.029296875,0.00830078125,1.00732421875,3862.3858333031335
3889.0149998664856,0.029296875,0.00830078125,1.00732421875,3862.3958332935968
3889.025000095368,0.0439453125,0.0087890625,1.072265625,3862.405833522479
3889.035000085831,0.0439453125,0.0087890625,1.072265625,3862.4158335129423
3889.045000076294,0.01904296875,-0.01220703125,0.98291015625,3862.425833503405
3889.055000066757,0.01904296875,-0.01220703125,0.98291015625,3862.4358334938684
3889.065000057221,0.02197265625,0.02294921875,1.07568359375,3862.445833484332
3889.075000047684,0.02197265625,0.02294921875,1.07568359375,3862.4558334747953
3889.085000038147,0.02587890625,-0.0107421875,0.97314453125,3862.465833465258
3889.09500002861,0.02587890625,-0.0107421875,0.97314453125,3862.475833455721
3889.1050000190735,0.041015625,0.009765625,1.0654296875,3862.4858334461846
3889.1150000095367,0.041015625,0.009765625,1.0654296875,3862.495833436648
3889.125,0.02392578125,0.0068359375,1.0029296875,3862.505833427111
3889.1349999904633,0.02392578125,0.0068359375,1.0029296875,3862.5158334175744
3889.1449999809274,0.0185546875,-0.0009765625,1.03125,3862.5258334080386
3889.1549999713898,0.0185546875,-0.0009765625,1.03125,3862.535833398501
3889.164999961853,0.03515625,-0.00341796875,1.0205078125,3862.545833388964
3889.174999952316,0.03515625,-0.00341796875,1.0205078125,3862.555833379427
3889.18499994278,0.03173828125,0.0048828125,1.05859375,3862.565833369891
3889.194999933243,0.03173828125,0.0048828125,1.05859375,3862.575833360354
3889.204999923706,0.02392578125,-0.0029296875,0.95556640625,3862.585833350817
3889.214999914169,0.02392578125,-0.0029296875,0.95556640625,3862.59583334128
3889.224999904633,0.02197265625,-0.00732421875,1.0859375,3862.605833331744
3889.234999895096,0.02197265625,-0.00732421875,1.0859375,3862.615833322207
3889.244999885559,0.033203125,0.00048828125,0.98486328125,3862.6258333126702
3889.2549998760223,0.033203125,0.00048828125,0.98486328125,3862.6358333031335
3889.2649998664856,0.025390625,0.001953125,1.056640625,3862.6458332935968
3889.275000095368,0.025390625,0.001953125,1.056640625,3862.655833522479
3889.285000085831,0.02978515625,-0.005859375,0.99560546875,3862.6658335129423
3889.295000076294,0.02978515625,-0.005859375,0.99560546875,3862.675833503405
3889.305000066757,0.02197265625,-0.0146484375,1.04833984375,3862.6858334938684
3889.315000057221,0.02197265625,-0.0146484375,1.04833984375,3862.695833484332
3889.325000047684,0.0419921875,0.013671875,1.01953125,3862.7058334747953
3889.335000038147,0.0419921875,0.013671875,1.01953125,3862.715833465258
3889.34500002861,0.02197265625,-0.0166015625,1.029296875,3862.725833455721
3889.3550000190735,0.02197265625,-0.0166015625,1.029296875,3862.7358334461846
3889.3650000095367,0.02685546875,-0.0068359375,0.98095703125,3862.745833436648
3889.375,0.02685546875,-0.0068359375,0.98095703125,3862.755833427111
3889.3849999904633,0.021484375,-0.005859375,1.0693359375,3862.7658334175744
3889.3949999809274,0.021484375,-0.005859375,1.0693359375,3862.7758334080386
3889.4049999713898,0.04296875,0.0048828125,0.98828125,3862.785833398501
3889.414999961853,0.04296875,0.0048828125,0.98828125,3862.795833388964
3889.424999952316,0.02197265625,-0.01611328125,1.076171875,3862.805833379427
3889.43499994278,0.02197265625,-0.01611328125,1.076171875,3862.815833369891
3889.444999933243,0.02490234375,-0.00048828125,0.97998046875,3862.825833360354
3889.454999923706,0.02490234375,-0.00048828125,0.97998046875,3862.835833350817
3889.464999914169,0.0244140625,-0.0087890625,1.02880859375,3862.84583334128
3889.474999904633,0.0244140625,-0.0087890625,1.02880859375,3862.855833331744
3889.484999895096,0.0478515625,0.00732421875,1.03759765625,3862.865833322207
3889.494999885559,0.0478515625,0.00732421875,1.03759765625,3862.8758333126702
3889.5049998760223,0.01953125,-0.0263671875,1.015625,3862.8858333031335
3889.5149998664856,0.01953125,-0.0263671875,1.015625,3862.8958332935968
3889.525000095368,0.02197265625,0.009765625,1.02880859375,3862.905833522479
3889.535000085831,0.02197265625,0.009765625,1.02880859375,3862.9158335129423
3889.545000076294,0.0234375,-0.0078125,1.021484375,3862.925833503405
3889.555000066757,0.0234375,-0.0078125,1.021484375,3862.9358334938684
3889.565000057221,0.046875,-0.01318359375,1.02587890625,3862.945833484332
3889.575000047684,0.046875,-0.01318359375,1.02587890625,3862.9558334747953
3889.585000038147,0.02392578125,-0.00244140625,1.0634765625,3862.965833465258
3889.59500002861,0.02392578125,-0.00244140625,1.0634765625,3862.975833455721
3889.6050000190735,0.01611328125,0.00537109375,0.97021484375,3862.9858334461846
3889.6150000095367,0.01611328125,0.00537109375,0.97021484375,3862.995833436648
3889.625,0.0283203125,-0.01611328125,1.025390625,3863.005833427111
3889.6349999904633,0.0283203125,-0.01611328125,1.025390625,3863.0158334175744
3889.6399998664856,0.04345703125,0.00048828125,1.052734375,3863.0208332935968
3889.6449999809274,0.02001953125,-0.015625,0.97314453125,3863.0258334080386
3889.664999961853,0.02001953125,-0.015625,0.97314453125,3863.045833388964
3889.680000066757,0.02392578125,0.0029296875,1.05615234375,3863.0608334938684
3889.690000057221,0.02392578125,0.0029296875,1.05615234375,3863.070833484332
3889.700000047684,0.02490234375,-0.01318359375,0.97607421875,3863.0808334747953
3889.710000038147,0.02490234375,-0.01318359375,0.97607421875,3863.090833465258
3889.72000002861,0.04052734375,0.0029296875,1.03759765625,3863.100833455721
3889.7300000190735,0.04052734375,0.0029296875,1.03759765625,3863.1108334461846
3889.7400000095367,0.03076171875,-0.0029296875,0.99267578125,3863.120833436648
3889.75,0.03076171875,-0.0029296875,0.99267578125,3863.130833427111
3889.7599999904633,0.01806640625,-0.0107421875,1.005859375,3863.1408334175744
3889.7699999809274,0.01806640625,-0.0107421875,1.005859375,3863.1508334080386
3889.7799999713898,0.0341796875,0.005859375,1.01708984375,3863.160833398501
3889.789999961853,0.0341796875,0.005859375,1.01708984375,3863.170833388964
3889.799999952316,0.03466796875,0.0029296875,1.01953125,3863.180833379427
3889.80999994278,0.03466796875,0.0029296875,1.01953125,3863.190833369891
3889.819999933243,0.02783203125,-0.013671875,0.9619140625,3863.200833360354
3889.829999923706,0.02783203125,-0.013671875,0.9619140625,3863.210833350817
3889.839999914169,0.0263671875,0.0009765625,1.060546875,3863.22083334128
3889.849999904633,0.0263671875,0.0009765625,1.060546875,3863.230833331744
3889.859999895096,0.0341796875,0.00390625,0.9482421875,3863.240833322207
3889.869999885559,0.0341796875,0.00390625,0.9482421875,3863.2508333126702
3889.8799998760223,0.03173828125,0.0009765625,1.0458984375,3863.2608333031335
3889.8899998664856,0.03173828125,0.0009765625,1.0458984375,3863.2708332935968
3889.900000095368,0.0263671875,-0.0107421875,0.9716796875,3863.280833522479
3889.910000085831,0.0263671875,-0.0107421875,0.9716796875,3863.2908335129423
3889.920000076294,0.02490234375,-0.001953125,1.01513671875,3863.300833503405
3889.930000066757,0.02490234375,-0.001953125,1.01513671875,3863.3108334938684
3889.940000057221,0.0458984375,0.01708984375,1.00390625,3863.320833484332
3889.950000047684,0.0458984375,0.01708984375,1.00390625,3863.3308334747953
3889.960000038147,0.02490234375,-0.01220703125,1.015625,3863.340833465258
3889.97000002861,0.02490234375,-0.01220703125,1.015625,3863.350833455721
3889.9800000190735,0.02490234375,0.0048828125,0.9658203125,3863.3608334461846
3889.9900000095367,0.02490234375,0.0048828125,0.9658203125,3863.370833436648
3890.0,0.02490234375,0.005859375,1.0478515625,3863.380833427111
3890.0099999904633,0.02490234375,0.005859375,1.0478515625,3863.3908334175744
3890.0199999809274,0.044921875,-0.00244140625,0.9609375,3863.4008334080386
3890.0299999713898,0.044921875,-0.00244140625,0.9609375,3863.410833398501
3890.039999961853,0.02880859375,-0.00146484375,1.0537109375,3863.420833388964
3890.049999952316,0.02880859375,-0.00146484375,1.0537109375,3863.430833379427
3890.05999994278,0.02099609375,0.01318359375,0.9580078125,3863.440833369891
3890.069999933243,0.02099609375,0.01318359375,0.9580078125,3863.450833360354
3890.079999923706,0.0263671875,-0.0078125,1.0185546875,3863.460833350817
3890.089999914169,0.0263671875,-0.0078125,1.0185546875,3863.47083334128
3890.099999904633,0.0498046875,0.01416015625,1.04150390625,3863.480833331744
3890.109999895096,0.0498046875,0.01416015625,1.04150390625,3863.490833322207
3890.119999885559,0.01904296875,-0.0087890625,0.96875,3863.5008333126702
3890.1299998760223,0.01904296875,-0.0087890625,0.96875,3863.5108333031335
3890.1399998664856,0.02734375,0.0205078125,1.005859375,3863.5208332935968
3890.150000095368,0.02734375,0.0205078125,1.005859375,3863.530833522479
3890.160000085831,0.0224609375,-0.00634765625,1.021484375,3863.5408335129423
3890.170000076294,0.0224609375,-0.00634765625,1.021484375,3863.550833503405
3890.180000066757,0.044921875,0.00634765625,0.98779296875,3863.5608334938684
3890.190000057221,0.044921875,0.00634765625,0.98779296875,3863.570833484332
3890.200000047684,0.0283203125,0.01171875,1.04931640625,3863.5808334747953
3890.210000038147,0.0283203125,0.01171875,1.04931640625,3863.590833465258
3890.22000002861,0.021484375,0.009765625,0.97119140625,3863.600833455721
3890.2300000190735,0.021484375,0.009765625,0.97119140625,3863.6108334461846
3890.2400000095367,0.02197265625,-0.0068359375,1.0205078125,3863.620833436648
3890.25,0.02197265625,-0.0068359375,1.0205078125,3863.630833427111
3890.2599999904633,0.04638671875,0.02685546875,1.04150390625,3863.6408334175744
3890.2699999809274,0.04638671875,0.02685546875,1.04150390625,3863.6508334080386
3890.2799999713898,0.01806640625,-0.00927734375,0.9765625,3863.660833398501
3890.289999961853,0.01806640625,-0.00927734375,0.9765625,3863.670833388964
3890.299999952316,0.0283203125,0.01708984375,1.04931640625,3863.680833379427
3890.30999994278,0.0283203125,0.01708984375,1.04931640625,3863.690833369891
3890.319999933243,0.02099609375,0.00048828125,0.970703125,3863.700833360354
3890.329999923706,0.02099609375,0.00048828125,0.970703125,3863.710833350817
3890.339999914169,0.04296875,0.01953125,1.03125,3863.72083334128
3890.349999904633,0.04296875,0.01953125,1.03125,3863.730833331744
3890.359999895096,0.01904296875,-0.0048828125,1.0263671875,3863.740833322207
3890.369999885559,0.01904296875,-0.0048828125,1.0263671875,3863.7508333126702
3890.3799998760223,0.01806640625,0.00048828125,1.00146484375,3863.7608333031335
3890.3899998664856,0.01806640625,0.00048828125,1.00146484375,3863.7708332935968
3890.400000095368,0.02685546875,0.0224609375,0.99462890625,3863.780833522479
3890.410000085831,0.02685546875,0.0224609375,0.99462890625,3863.7908335129423
3890.420000076294,0.03857421875,0.01416015625,1.048828125,3863.800833503405
3890.430000066757,0.03857421875,0.01416015625,1.048828125,3863.8108334938684
3890.440000057221,0.01904296875,-0.015625,0.97802734375,3863.820833484332
3890.450000047684,0.01904296875,-0.015625,0.97802734375,3863.8308334747953
3890.460000038147,0.02392578125,0.0263671875,1.07177734375,3863.840833465258
3890.47000002861,0.02392578125,0.0263671875,1.07177734375,3863.850833455721
3890.4800000190735,0.02685546875,0.0029296875,0.93359375,3863.8608334461846
3890.4900000095367,0.02685546875,0.0029296875,0.93359375,3863.870833436648
3890.5,0.0361328125,0.013671875,1.09521484375,3863.880833427111
3890.5099999904633,0.0361328125,0.013671875,1.09521484375,3863.8908334175744
3890.5199999809274,0.01708984375,0.00341796875,0.96826171875,3863.9008334080386
3890.5299999713898,0.01708984375,0.00341796875,0.96826171875,3863.910833398501
3890.539999961853,0.01611328125,0.01513671875,1.04736328125,3863.920833388964
3890.549999952316,0.01611328125,0.01513671875,1.04736328125,3863.930833379427
3890.55999994278,0.037109375,0.01318359375,1.0244140625,3863.940833369891
3890.569999933243,0.037109375,0.01318359375,1.0244140625,3863.950833360354
3890.579999923706,0.02734375,0.00732421875,1.0341796875,3863.960833350817
3890.589999914169,0.02734375,0.00732421875,1.0341796875,3863.97083334128
3890.599999904633,0.01953125,0.0126953125,0.9638671875,3863.980833331744
3890.609999895096,0.01953125,0.0126953125,0.9638671875,3863.990833322207
3890.619999885559,0.0185546875,0.01611328125,1.0849609375,3864.0008333126702
3890.6299998760223,0.0185546875,0.01611328125,1.0849609375,3864.0108333031335
3890.6399998664856,0.03076171875,0.0029296875,0.9873046875,3864.0208332935968
3890.6449999809274,0.03076171875,0.0029296875,0.9873046875,3864.0258334080386
3890.650000095368,0.02490234375,0.02099609375,1.06201171875,3864.030833522479
3890.670000076294,0.02001953125,0.02294921875,1.0283203125,3864.050833503405
3890.68499994278,0.02001953125,0.02294921875,1.0283203125,3864.065833369891
3890.694999933243,0.013671875,-0.01123046875,1.02978515625,3864.075833360354
3890.704999923706,0.013671875,-0.01123046875,1.02978515625,3864.085833350817
3890.714999914169,0.04248046875,0.03271484375,1.05029296875,3864.09583334128
3890.724999904633,0.04248046875,0.03271484375,1.05029296875,3864.105833331744
3890.734999895096,0.01708984375,0.00048828125,1.00927734375,3864.115833322207
3890.744999885559,0.01708984375,0.00048828125,1.00927734375,3864.1258333126702
3890.7549998760223,0.02490234375,0.01806640625,1.0009765625,3864.1358333031335
3890.7649998664856,0.02490234375,0.01806640625,1.0009765625,3864.1458332935968
3890.775000095368,0.01318359375,0.00146484375,1.05859375,3864.155833522479
3890.785000085831,0.01318359375,0.00146484375,1.05859375,3864.1658335129423
3890.795000076294,0.03515625,0.01318359375,0.990234375,3864.175833503405
3890.805000066757,0.03515625,0.01318359375,0.990234375,3864.1858334938684
3890.815000057221,0.02099609375,0.01123046875,1.08935546875,3864.195833484332
3890.825000047684,0.02099609375,0.01123046875,1.08935546875,3864.2058334747953
3890.835000038147,0.0205078125,0.00244140625,0.95068359375,3864.215833465258
3890.84500002861,0.0205078125,0.00244140625,0.95068359375,3864.225833455721
3890.8550000190735,0.02197265625,0.0048828125,1.0302734375,3864.2358334461846
3890.8650000095367,0.02197265625,0.0048828125,1.0302734375,3864.245833436648
3890.875,0.04443359375,0.0244140625,1.02587890625,3864.255833427111
3890.8849999904633,0.04443359375,0.0244140625,1.02587890625,3864.2658334175744
3890.8949999809274,0.0166015625,-0.01220703125,0.986328125,3864.2758334080386
3890.9049999713898,0.0166015625,-0.01220703125,0.986328125,3864.285833398501
3890.914999961853,0.025390625,0.01708984375,1.02294921875,3864.295833388964
3890.924999952316,0.025390625,0.01708984375,1.02294921875,3864.305833379427
3890.93499994278,0.0205078125,0.0029296875,0.99853515625,3864.315833369891
3890.944999933243,0.0205078125,0.0029296875,0.99853515625,3864.325833360354
3890.954999923706,0.04296875,0.0185546875,1.0224609375,3864.335833350817
3890.964999914169,0.04296875,0.0185546875,1.0224609375,3864.34583334128
3890.974999904633,0.02099609375,-0.00732421875,1.03515625,3864.355833331744
3890.984999895096,0.02099609375,-0.00732421875,1.03515625,3864.365833322207
3890.994999885559,0.0224609375,0.01123046875,0.998046875,3864.3758333126702
3891.0049998760223,0.0224609375,0.01123046875,0.998046875,3864.3858333031335
3891.0149998664856,0.0283203125,0.0087890625,0.98779296875,3864.3958332935968
3891.025000095368,0.0283203125,0.0087890625,0.98779296875,3864.405833522479
3891.035000085831,0.0458984375,0.009765625,1.01904296875,3864.4158335129423
3891.045000076294,0.0458984375,0.009765625,1.01904296875,3864.425833503405
3891.055000066757,0.02099609375,-0.01025390625,0.9892578125,3864.4358334938684
3891.065000057221,0.02099609375,-0.01025390625,0.9892578125,3864.445833484332
3891.075000047684,0.0185546875,0.0166015625,1.05126953125,3864.4558334747953
3891.085000038147,0.0185546875,0.0166015625,1.05126953125,3864.465833465258
3891.09500002861,0.02978515625,-0.0029296875,0.958984375,3864.475833455721
3891.1050000190735,0.02978515625,-0.0029296875,0.958984375,3864.4858334461846
3891.1150000095367,0.04443359375,0.00341796875,1.0341796875,3864.495833436648
3891.125,0.04443359375,0.00341796875,1.0341796875,3864.505833427111
3891.1349999904633,0.025390625,0.005859375,1.01123046875,3864.5158334175744
3891.1449999809274,0.025390625,0.005859375,1.01123046875,3864.5258334080386
3891.1549999713898,0.01806640625,0.00390625,0.98291015625,3864.535833398501
3891.164999961853,0.01806640625,0.00390625,0.98291015625,3864.545833388964
3891.174999952316,0.03564453125,-0.0029296875,0.99169921875,3864.555833379427
3891.18499994278,0.03564453125,-0.0029296875,0.99169921875,3864.565833369891
3891.194999933243,0.0400390625,0.01171875,1.03759765625,3864.575833360354
3891.204999923706,0.0400390625,0.01171875,1.03759765625,3864.585833350817
3891.214999914169,0.02587890625,-0.0087890625,0.951171875,3864.59583334128
3891.224999904633,0.02587890625,-0.0087890625,0.951171875,3864.605833331744
3891.234999895096,0.0244140625,0.0068359375,1.07421875,3864.615833322207
3891.244999885559,0.0244140625,0.0068359375,1.07421875,3864.6258333126702
3891.2549998760223,0.02978515625,-0.00732421875,0.958984375,3864.6358333031335
3891.2649998664856,0.02978515625,-0.00732421875,0.958984375,3864.6458332935968
3891.275000095368,0.03662109375,0.01025390625,1.04052734375,3864.655833522479
3891.285000085831,0.03662109375,0.01025390625,1.04052734375,3864.6658335129423
3891.295000076294,0.03076171875,-0.00537109375,0.9609375,3864.675833503405
3891.305000066757,0.03076171875,-0.00537109375,0.9609375,3864.6858334938684
3891.315000057221,0.02197265625,-0.01513671875,1.01318359375,3864.695833484332
3891.325000047684,0.02197265625,-0.01513671875,1.01318359375,3864.7058334747953
3891.335000038147,0.04296875,0.015625,1.017578125,3864.715833465258
3891.34500002861,0.04296875,0.015625,1.017578125,3864.725833455721
3891.3550000190735,0.02490234375,-0.005859375,1.0126953125,3864.7358334461846
3891.3650000095367,0.02490234375,-0.005859375,1.0126953125,3864.745833436648
3891.375,0.02783203125,-0.009765625,0.96240234375,3864.755833427111
3891.3849999904633,0.02783203125,-0.009765625,0.96240234375,3864.7658334175744
3891.3949999809274,0.0244140625,-0.0048828125,1.06640625,3864.7758334080386
3891.4049999713898,0.0244140625,-0.0048828125,1.06640625,3864.785833398501
3891.414999961853,0.04052734375,0.00439453125,0.9541015625,3864.795833388964
3891.424999952316,0.04052734375,0.00439453125,0.9541015625,3864.805833379427
3891.43499994278,0.029296875,-0.01123046875,1.04541015625,3864.815833369891
3891.444999933243,0.029296875,-0.01123046875,1.04541015625,3864.825833360354
3891.454999923706,0.02783203125,-0.00927734375,0.966796875,3864.835833350817
3891.464999914169,0.02783203125,-0.00927734375,0.966796875,3864.84583334128
3891.474999904633,0.02490234375,-0.0107421875,1.0224609375,3864.855833331744
3891.484999895096,0.02490234375,-0.0107421875,1.0224609375,3864.865833322207
3891.494999885559,0.0478515625,0.00537109375,1.0146484375,3864.8758333126702
3891.5049998760223,0.0478515625,0.00537109375,1.0146484375,3864.8858333031335
3891.5149998664856,0.02001953125,-0.02734375,1.00830078125,3864.8958332935968
3891.525000095368,0.02001953125,-0.02734375,1.00830078125,3864.905833522479
3891.535000085831,0.0263671875,0.00341796875,0.99462890625,3864.9158335129423
3891.545000076294,0.0263671875,0.00341796875,0.99462890625,3864.925833503405
3891.555000066757,0.02685546875,-0.01123046875,1.0234375,3864.9358334938684
3891.565000057221,0.02685546875,-0.01123046875,1.0234375,3864.945833484332
3891.575000047684,0.04736328125,-0.015625,0.99169921875,3864.9558334747953
3891.585000038147,0.04736328125,-0.015625,0.99169921875,3864.965833465258
3891.59500002861,0.02880859375,-0.0087890625,1.04150390625,3864.975833455721
3891.6050000190735,0.02880859375,-0.0087890625,1.04150390625,3864.9858334461846
3891.6150000095367,0.02197265625,-0.0009765625,0.96875,3864.995833436648
3891.625,0.02197265625,-0.0009765625,0.96875,3865.005833427111
3891.6349999904633,0.02880859375,-0.03076171875,1.01904296875,3865.0158334175744
3891.6449999809274,0.02880859375,-0.03076171875,1.01904296875,3865.0258334080386
3891.650000095368,0.04931640625,0.00048828125,1.05517578125,3865.030833522479
3891.6549999713898,0.017578125,-0.0244140625,0.95947265625,3865.035833398501
3891.674999952316,0.017578125,-0.0244140625,0.95947265625,3865.055833379427
3891.690000057221,0.017578125,-0.0244140625,0.95947265625,3865.070833484332
3891.700000047684,0.02734375,0.00244140625,1.0498046875,3865.0808334747953
3891.710000038147,0.02734375,0.00244140625,1.0498046875,3865.090833465258
3891.72000002861,0.0244140625,-0.02783203125,0.98583984375,3865.100833455721
3891.7300000190735,0.0244140625,-0.02783203125,0.98583984375,3865.1108334461846
3891.7400000095367,0.04833984375,-0.0009765625,1.0341796875,3865.120833436648
3891.75,0.04833984375,-0.0009765625,1.0341796875,3865.130833427111
3891.7599999904633,0.029296875,-0.01123046875,1.02294921875,3865.1408334175744
3891.7699999809274,0.029296875,-0.01123046875,1.02294921875,3865.1508334080386
3891.7799999713898,0.01806640625,-0.02392578125,0.99462890625,3865.160833398501
3891.789999961853,0.01806640625,-0.02392578125,0.99462890625,3865.170833388964
3891.799999952316,0.0302734375,-0.00732421875,1.0146484375,3865.180833379427
3891.80999994278,0.041015625,0.00341796875,1.05615234375,3865.190833369891
3891.819999933243,0.041015625,0.00341796875,1.05615234375,3865.200833360354
3891.829999923706,0.0263671875,-0.0380859375,0.95166015625,3865.210833350817
3891.839999914169,0.0263671875,-0.0380859375,0.95166015625,3865.22083334128
3891.849999904633,0.03125,0.0029296875,1.09423828125,3865.230833331744
3891.859999895096,0.03125,0.0029296875,1.09423828125,3865.240833322207
3891.869999885559,0.02880859375,-0.009765625,0.9384765625,3865.2508333126702
3891.8799998760223,0.02880859375,-0.009765625,0.9384765625,3865.2608333031335
3891.8899998664856,0.0400390625,-0.0087890625,1.09033203125,3865.2708332935968
3891.900000095368,0.0400390625,-0.0087890625,1.09033203125,3865.280833522479
3891.910000085831,0.0263671875,-0.02099609375,1.00390625,3865.2908335129423
3891.920000076294,0.0263671875,-0.02099609375,1.00390625,3865.300833503405
3891.930000066757,0.02294921875,-0.0107421875,1.01806640625,3865.3108334938684
3891.940000057221,0.02294921875,-0.0107421875,1.01806640625,3865.320833484332
3891.950000047684,0.044921875,0.0078125,1.03515625,3865.3308334747953
3891.960000038147,0.044921875,0.0078125,1.03515625,3865.340833465258
3891.97000002861,0.02880859375,-0.02099609375,1.02783203125,3865.350833455721
3891.9800000190735,0.02880859375,-0.02099609375,1.02783203125,3865.3608334461846
3891.9900000095367,0.0263671875,-0.015625,1.00146484375,3865.370833436648
3892.0,0.0263671875,-0.015625,1.00146484375,3865.380833427111
3892.0099999904633,0.0283203125,0.005859375,1.08154296875,3865.3908334175744
3892.0199999809274,0.0283203125,0.005859375,1.08154296875,3865.4008334080386
3892.0299999713898,0.0400390625,-0.02197265625,0.9609375,3865.410833398501
3892.039999961853,0.0400390625,-0.02197265625,0.9609375,3865.420833388964
3892.049999952316,0.03369140625,-0.0068359375,1.08837890625,3865.430833379427
3892.05999994278,0.03369140625,-0.0068359375,1.08837890625,3865.440833369891
3892.069999933243,0.0234375,-0.0029296875,0.9814453125,3865.450833360354
3892.079999923706,0.0234375,-0.0029296875,0.9814453125,3865.460833350817
3892.089999914169,0.02294921875,-0.02099609375,1.0146484375,3865.47083334128
3892.099999904633,0.02294921875,-0.02099609375,1.0146484375,3865.480833331744
3892.109999895096,0.05224609375,0.0009765625,1.06689453125,3865.490833322207
3892.119999885559,0.05224609375,0.0009765625,1.06689453125,3865.5008333126702
3892.1299998760223,0.02001953125,-0.017578125,1.00146484375,3865.5108333031335
3892.1399998664856,0.02001953125,-0.017578125,1.00146484375,3865.5208332935968
3892.150000095368,0.0302734375,0.00634765625,1.0029296875,3865.530833522479
3892.160000085831,0.0302734375,0.00634765625,1.0029296875,3865.5408335129423
3892.170000076294,0.02490234375,-0.02099609375,1.06103515625,3865.550833503405
3892.180000066757,0.02490234375,-0.02099609375,1.06103515625,3865.5608334938684
3892.190000057221,0.044921875,-0.0068359375,0.97998046875,3865.570833484332
3892.200000047684,0.044921875,-0.0068359375,0.97998046875,3865.5808334747953
3892.210000038147,0.03076171875,0.00048828125,1.07666015625,3865.590833465258
3892.22000002861,0.03076171875,0.00048828125,1.07666015625,3865.600833455721
3892.2300000190735,0.025390625,-0.01123046875,0.9541015625,3865.6108334461846
3892.2400000095367,0.025390625,-0.01123046875,0.9541015625,3865.620833436648
3892.25,0.02587890625,-0.0234375,1.04541015625,3865.630833427111
3892.2599999904633,0.02587890625,-0.0234375,1.04541015625,3865.6408334175744
3892.2699999809274,0.0498046875,0.01513671875,1.0400390625,3865.6508334080386
3892.2799999713898,0.0498046875,0.01513671875,1.0400390625,3865.660833398501
3892.289999961853,0.025390625,-0.03076171875,0.97509765625,3865.670833388964
3892.299999952316,0.025390625,-0.03076171875,0.97509765625,3865.680833379427
3892.30999994278,0.0283203125,0.001953125,1.04638671875,3865.690833369891
3892.319999933243,0.0283203125,0.001953125,1.04638671875,3865.700833360354
3892.329999923706,0.02734375,-0.01318359375,0.99072265625,3865.710833350817
3892.339999914169,0.02734375,-0.01318359375,0.99072265625,3865.72083334128
3892.349999904633,0.0458984375,-0.00244140625,1.01123046875,3865.730833331744
3892.359999895096,0.0458984375,-0.00244140625,1.01123046875,3865.740833322207
3892.369999885559,0.03466796875,-0.0146484375,1.0322265625,3865.7508333126702
3892.3799998760223,0.03466796875,-0.0146484375,1.0322265625,3865.7608333031335
3892.3899998664856,0.0244140625,-0.01220703125,0.98681640625,3865.7708332935968
3892.400000095368,0.0244140625,-0.01220703125,0.98681640625,3865.780833522479
3892.410000085831,0.037109375,0.00537109375,1.0087890625,3865.7908335129423
3892.420000076294,0.037109375,0.00537109375,1.0087890625,3865.800833503405
3892.430000066757,0.04296875,-0.0009765625,1.03515625,3865.8108334938684
3892.440000057221,0.04296875,-0.0009765625,1.03515625,3865.820833484332
3892.450000047684,0.0263671875,-0.0322265625,0.95361328125,3865.8308334747953
3892.460000038147,0.0263671875,-0.0322265625,0.95361328125,3865.840833465258
3892.47000002861,0.03369140625,0.0166015625,1.0634765625,3865.850833455721
3892.4800000190735,0.03369140625,0.0166015625,1.0634765625,3865.8608334461846
3892.4900000095367,0.03466796875,-0.01171875,0.9326171875,3865.870833436648
3892.5,0.03466796875,-0.01171875,0.9326171875,3865.880833427111
3892.5099999904633,0.048828125,-0.00537109375,1.0615234375,3865.8908334175744
3892.5199999809274,0.048828125,-0.00537109375,1.0615234375,3865.9008334080386
3892.5299999713898,0.02783203125,-0.00341796875,0.9853515625,3865.910833398501
3892.539999961853,0.02783203125,-0.00341796875,0.9853515625,3865.920833388964
3892.549999952316,0.02685546875,-0.0029296875,0.986328125,3865.930833379427
3892.55999994278,0.02685546875,-0.0029296875,0.986328125,3865.940833369891
3892.569999933243,0.04833984375,0.00341796875,1.01416015625,3865.950833360354
3892.579999923706,0.04833984375,0.00341796875,1.01416015625,3865.960833350817
3892.589999914169,0.03564453125,-0.00927734375,1.0078125,3865.97083334128
3892.599999904633,0.03564453125,-0.00927734375,1.0078125,3865.980833331744
3892.609999895096,0.03173828125,0.0,0.9462890625,3865.990833322207
3892.619999885559,0.03173828125,0.0,0.9462890625,3866.0008333126702
3892.6299998760223,0.0322265625,0.00146484375,1.056640625,3866.0108333031335
3892.6399998664856,0.0322265625,0.00146484375,1.056640625,3866.0208332935968
3892.650000095368,0.04150390625,-0.00732421875,0.94091796875,3866.030833522479
3892.6549999713898,0.04150390625,-0.00732421875,0.94091796875,3866.035833398501
3892.660000085831,0.04150390625,0.01025390625,1.0537109375,3866.0408335129423
3892.680000066757,0.04150390625,0.01025390625,1.0537109375,3866.0608334938684
3892.694999933243,0.02978515625,0.005859375,0.95751953125,3866.075833360354
3892.704999923706,0.02978515625,0.005859375,0.95751953125,3866.085833350817
3892.714999914169,0.0244140625,-0.01318359375,0.99951171875,3866.09583334128
3892.724999904633,0.0244140625,-0.01318359375,0.99951171875,3866.105833331744
3892.734999895096,0.0517578125,0.01416015625,1.00830078125,3866.115833322207
3892.744999885559,0.0517578125,0.01416015625,1.00830078125,3866.1258333126702
3892.7549998760223,0.033203125,0.0029296875,0.99072265625,3866.1358333031335
3892.7649998664856,0.033203125,0.0029296875,0.99072265625,3866.1458332935968
3892.775000095368,0.03466796875,0.0029296875,0.9755859375,3866.155833522479
3892.785000085831,0.03466796875,0.0029296875,0.9755859375,3866.1658335129423
3892.795000076294,0.02685546875,0.00048828125,1.0439453125,3866.175833503405
3892.805000066757,0.02685546875,0.00048828125,1.0439453125,3866.1858334938684
3892.815000057221,0.0439453125,0.01318359375,0.95068359375,3866.195833484332
3892.825000047684,0.0439453125,0.01318359375,0.95068359375,3866.2058334747953
3892.835000038147,0.0341796875,0.00244140625,1.04052734375,3866.215833465258
3892.84500002861,0.0341796875,0.00244140625,1.04052734375,3866.225833455721
3892.8550000190735,0.03173828125,0.0009765625,0.962890625,3866.2358334461846
3892.8650000095367,0.03173828125,0.0009765625,0.962890625,3866.245833436648
3892.875,0.02734375,0.00146484375,0.994140625,3866.255833427111
3892.8849999904633,0.02734375,0.00146484375,0.994140625,3866.2658334175744
3892.8949999809274,0.05224609375,0.0283203125,1.01318359375,3866.2758334080386
3892.9049999713898,0.05224609375,0.0283203125,1.01318359375,3866.285833398501
3892.914999961853,0.025390625,-0.015625,0.98095703125,3866.295833388964
3892.924999952316,0.025390625,-0.015625,0.98095703125,3866.305833379427
3892.93499994278,0.03369140625,0.01953125,1.00390625,3866.315833369891
3892.944999933243,0.03369140625,0.01953125,1.00390625,3866.325833360354
3892.954999923706,0.02685546875,0.00390625,0.99462890625,3866.335833350817
3892.964999914169,0.02685546875,0.00390625,0.99462890625,3866.34583334128
3892.974999904633,0.04833984375,0.01318359375,0.982421875,3866.355833331744
3892.984999895096,0.04833984375,0.01318359375,0.982421875,3866.365833322207
3892.994999885559,0.02880859375,-0.00146484375,1.02392578125,3866.3758333126702
3893.0049998760223,0.02880859375,-0.00146484375,1.02392578125,3866.3858333031335
3893.0149998664856,0.02783203125,0.01220703125,0.96923828125,3866.3958332935968
3893.025000095368,0.02783203125,0.01220703125,0.96923828125,3866.405833522479
3893.035000085831,0.0322265625,0.0048828125,0.9833984375,3866.4158335129423
3893.045000076294,0.0322265625,0.0048828125,0.9833984375,3866.425833503405
3893.055000066757,0.0517578125,0.017578125,1.0234375,3866.4358334938684
3893.065000057221,0.0517578125,0.017578125,1.0234375,3866.445833484332
3893.075000047684,0.02001953125,-0.0146484375,0.962890625,3866.4558334747953
3893.085000038147,0.02001953125,-0.0146484375,0.962890625,3866.465833465258
3893.09500002861,0.02734375,0.0234375,1.0419921875,3866.475833455721
3893.1050000190735,0.02734375,0.0234375,1.0419921875,3866.4858334461846
3893.1150000095367,0.02978515625,-0.00146484375,0.94189453125,3866.495833436648
3893.125,0.02978515625,-0.00146484375,0.94189453125,3866.505833427111
3893.1349999904633,0.05078125,0.00439453125,1.02587890625,3866.5158334175744
3893.1449999809274,0.05078125,0.00439453125,1.02587890625,3866.5258334080386
3893.1549999713898,0.029296875,0.005859375,0.990234375,3866.535833398501
3893.164999961853,0.029296875,0.005859375,0.990234375,3866.545833388964
3893.174999952316,0.0185546875,0.0,0.9912109375,3866.555833379427
3893.18499994278,0.0185546875,0.0,0.9912109375,3866.565833369891
3893.194999933243,0.0390625,-0.00146484375,0.9853515625,3866.575833360354
3893.204999923706,0.0390625,-0.00146484375,0.9853515625,3866.585833350817
3893.214999914169,0.0439453125,0.00927734375,1.046875,3866.59583334128
3893.224999904633,0.0439453125,0.00927734375,1.046875,3866.605833331744
3893.234999895096,0.02294921875,-0.0048828125,0.923828125,3866.615833322207
3893.244999885559,0.02294921875,-0.0048828125,0.923828125,3866.6258333126702
3893.2549998760223,0.029296875,0.0107421875,1.0791015625,3866.6358333031335
3893.2649998664856,0.029296875,0.0107421875,1.0791015625,3866.6458332935968
3893.275000095368,0.033203125,-0.01123046875,0.94482421875,3866.655833522479
3893.285000085831,0.033203125,-0.01123046875,0.94482421875,3866.6658335129423
3893.295000076294,0.04296875,0.0107421875,1.037109375,3866.675833503405
3893.305000066757,0.04296875,0.0107421875,1.037109375,3866.6858334938684
3893.315000057221,0.029296875,-0.00244140625,0.96826171875,3866.695833484332
3893.325000047684,0.029296875,-0.00244140625,0.96826171875,3866.7058334747953
3893.335000038147,0.02294921875,-0.01220703125,1.02392578125,3866.715833465258
3893.34500002861,0.02294921875,-0.01220703125,1.02392578125,3866.725833455721
3893.3550000190735,0.03564453125,0.0087890625,1.00244140625,3866.7358334461846
3893.3650000095367,0.03564453125,0.0087890625,1.00244140625,3866.745833436648
3893.375,0.03125,0.00146484375,1.01806640625,3866.755833427111
3893.3849999904633,0.03125,0.00146484375,1.01806640625,3866.7658334175744
3893.3949999809274,0.0302734375,-0.0078125,0.95751953125,3866.7758334080386
3893.4049999713898,0.0302734375,-0.0078125,0.95751953125,3866.785833398501
3893.414999961853,0.02685546875,-0.00390625,1.08447265625,3866.795833388964
3893.424999952316,0.02685546875,-0.00390625,1.08447265625,3866.805833379427
3893.43499994278,0.03564453125,-0.00048828125,0.94775390625,3866.815833369891
3893.444999933243,0.03564453125,-0.00048828125,0.94775390625,3866.825833360354
3893.454999923706,0.03076171875,-0.00341796875,1.056640625,3866.835833350817
3893.464999914169,0.03076171875,-0.00341796875,1.056640625,3866.84583334128
3893.474999904633,0.0302734375,-0.00634765625,0.97021484375,3866.855833331744
3893.484999895096,0.01953125,-0.0205078125,1.02490234375,3866.865833322207
3893.494999885559,0.01953125,-0.0205078125,1.02490234375,3866.8758333126702
3893.5049998760223,0.04638671875,0.01904296875,1.02880859375,3866.8858333031335
3893.5149998664856,0.04638671875,0.01904296875,1.02880859375,3866.8958332935968
3893.525000095368,0.0234375,-0.0234375,1.0048828125,3866.905833522479
3893.535000085831,0.0234375,-0.0234375,1.0048828125,3866.9158335129423
3893.545000076294,0.025390625,-0.00244140625,1.00439453125,3866.925833503405
3893.555000066757,0.025390625,-0.00244140625,1.00439453125,3866.9358334938684
3893.565000057221,0.02294921875,-0.00537109375,1.03564453125,3866.945833484332
3893.575000047684,0.02294921875,-0.00537109375,1.03564453125,3866.9558334747953
3893.585000038147,0.0458984375,-0.005859375,0.97998046875,3866.965833465258
3893.59500002861,0.0458984375,-0.005859375,0.97998046875,3866.975833455721
3893.6050000190735,0.025390625,-0.00537109375,1.06396484375,3866.9858334461846
3893.6150000095367,0.025390625,-0.00537109375,1.06396484375,3866.995833436648
3893.625,0.015625,-0.00146484375,0.966796875,3867.005833427111
3893.6349999904633,0.015625,-0.00146484375,0.966796875,3867.0158334175744
3893.6449999809274,0.02734375,-0.009765625,1.04443359375,3867.0258334080386
3893.6549999713898,0.02734375,-0.009765625,1.04443359375,3867.035833398501
3893.660000085831,0.02734375,-0.009765625,1.04443359375,3867.0408335129423
3893.664999961853,0.048828125,0.0068359375,1.0361328125,3867.045833388964
3893.680000066757,0.01513671875,-0.02392578125,0.98388671875,3867.0608334938684
3893.694999933243,0.01513671875,-0.02392578125,0.98388671875,3867.075833360354
3893.704999923706,0.02392578125,0.01708984375,1.04248046875,3867.085833350817
3893.714999914169,0.02392578125,0.01708984375,1.04248046875,3867.09583334128
3893.724999904633,0.02197265625,-0.0146484375,0.9912109375,3867.105833331744
3893.734999895096,0.02197265625,-0.0146484375,0.9912109375,3867.115833322207
3893.744999885559,0.04638671875,-0.00048828125,1.02880859375,3867.1258333126702
3893.7549998760223,0.04638671875,-0.00048828125,1.02880859375,3867.1358333031335
3893.7649998664856,0.02197265625,-0.005859375,1.04052734375,3867.1458332935968
3893.775000095368,0.02197265625,-0.005859375,1.04052734375,3867.155833522479
3893.785000085831,0.01904296875,0.00439453125,0.97314453125,3867.1658335129423
3893.795000076294,0.01904296875,0.00439453125,0.97314453125,3867.175833503405
3893.805000066757,0.0283203125,-0.01416015625,1.01708984375,3867.1858334938684
3893.815000057221,0.0283203125,-0.01416015625,1.01708984375,3867.195833484332
3893.825000047684,0.0419921875,0.009765625,1.07177734375,3867.2058334747953
3893.835000038147,0.0419921875,0.009765625,1.07177734375,3867.215833465258
3893.84500002861,0.01904296875,-0.01708984375,0.95703125,3867.225833455721
3893.8550000190735,0.01904296875,-0.01708984375,0.95703125,3867.2358334461846
3893.8650000095367,0.02685546875,0.009765625,1.05615234375,3867.245833436648
3893.875,0.02685546875,0.009765625,1.05615234375,3867.255833427111
3893.8849999904633,0.02392578125,-0.0078125,0.97802734375,3867.2658334175744
3893.8949999809274,0.02392578125,-0.0078125,0.97802734375,3867.2758334080386
3893.9049999713898,0.0419921875,0.00341796875,1.060546875,3867.285833398501
3893.914999961853,0.0419921875,0.00341796875,1.060546875,3867.295833388964
3893.924999952316,0.0263671875,-0.00390625,1.009765625,3867.305833379427
3893.93499994278,0.0263671875,-0.00390625,1.009765625,3867.315833369891
3893.944999933243,0.01806640625,-0.0126953125,1.01220703125,3867.325833360354
3893.954999923706,0.01806640625,-0.0126953125,1.01220703125,3867.335833350817
3893.964999914169,0.03369140625,0.013671875,1.025390625,3867.34583334128
3893.974999904633,0.03369140625,0.013671875,1.025390625,3867.355833331744
3893.984999895096,0.0302734375,0.0029296875,1.03515625,3867.365833322207
3893.994999885559,0.0302734375,0.0029296875,1.03515625,3867.3758333126702
3894.0049998760223,0.02490234375,-0.01611328125,0.96435546875,3867.3858333031335
3894.0149998664856,0.02490234375,-0.01611328125,0.96435546875,3867.3958332935968
3894.025000095368,0.0263671875,0.00390625,1.09765625,3867.405833522479
3894.035000085831,0.0263671875,0.00390625,1.09765625,3867.4158335129423
3894.045000076294,0.03271484375,0.0068359375,0.95654296875,3867.425833503405
3894.055000066757,0.03271484375,0.0068359375,0.95654296875,3867.4358334938684
3894.065000057221,0.02978515625,-0.00439453125,1.05859375,3867.445833484332
3894.075000047684,0.02978515625,-0.00439453125,1.05859375,3867.4558334747953
3894.085000038147,0.02490234375,-0.00341796875,0.99853515625,3867.465833465258
3894.09500002861,0.02490234375,-0.00341796875,0.99853515625,3867.475833455721
3894.1050000190735,0.01806640625,-0.00439453125,1.0244140625,3867.4858334461846
3894.1150000095367,0.01806640625,-0.00439453125,1.0244140625,3867.495833436648
3894.125,0.04345703125,0.01318359375,1.03076171875,3867.505833427111
3894.1349999904633,0.04345703125,0.01318359375,1.03076171875,3867.5158334175744
3894.1449999809274,0.02294921875,-0.0126953125,1.0361328125,3867.5258334080386
3894.1549999713898,0.02294921875,-0.0126953125,1.0361328125,3867.535833398501
3894.164999961853,0.02392578125,0.0068359375,0.98681640625,3867.545833388964
3894.174999952316,0.02392578125,0.0068359375,0.98681640625,3867.555833379427
3894.18499994278,0.02099609375,0.00244140625,1.080078125,3867.565833369891
3894.194999933243,0.02099609375,0.00244140625,1.080078125,3867.575833360354
3894.204999923706,0.04150390625,-0.0068359375,1.01611328125,3867.585833350817
3894.214999914169,0.04150390625,-0.0068359375,1.01611328125,3867.59583334128
3894.224999904633,0.029296875,-0.00244140625,1.05908203125,3867.605833331744
3894.234999895096,0.029296875,-0.00244140625,1.05908203125,3867.615833322207
3894.244999885559,0.017578125,0.0107421875,0.9892578125,3867.6258333126702
3894.2549998760223,0.017578125,0.0107421875,0.9892578125,3867.6358333031335
3894.2649998664856,0.01953125,-0.0205078125,1.02490234375,3867.6458332935968
3894.275000095368,0.01953125,-0.0205078125,1.02490234375,3867.655833522479
3894.285000085831,0.04931640625,0.005859375,1.07763671875,3867.6658335129423
3894.295000076294,0.04931640625,0.005859375,1.07763671875,3867.675833503405
3894.305000066757,0.02197265625,-0.01171875,0.99609375,3867.6858334938684
3894.315000057221,0.02197265625,-0.01171875,0.99609375,3867.695833484332
3894.325000047684,0.0263671875,0.00732421875,1.0419921875,3867.7058334747953
3894.335000038147,0.0263671875,0.00732421875,1.0419921875,3867.715833465258
3894.34500002861,0.02099609375,-0.01806640625,1.02783203125,3867.725833455721
3894.3550000190735,0.02099609375,-0.01806640625,1.02783203125,3867.7358334461846
3894.3650000095367,0.04345703125,-0.0029296875,1.001953125,3867.745833436648
3894.375,0.04345703125,-0.0029296875,1.001953125,3867.755833427111
3894.3849999904633,0.02880859375,-0.00244140625,1.0546875,3867.7658334175744
3894.3949999809274,0.02880859375,-0.00244140625,1.0546875,3867.7758334080386
3894.4049999713898,0.02294921875,-0.00830078125,0.99609375,3867.785833398501
3894.414999961853,0.02294921875,-0.00830078125,0.99609375,3867.795833388964
3894.424999952316,0.02685546875,-0.00927734375,1.013671875,3867.805833379427
3894.43499994278,0.02685546875,-0.00927734375,1.013671875,3867.815833369891
3894.444999933243,0.0458984375,0.0166015625,1.04736328125,3867.825833360354
3894.454999923706,0.0458984375,0.0166015625,1.04736328125,3867.835833350817
3894.464999914169,0.02587890625,-0.02490234375,1.00537109375,3867.84583334128
3894.474999904633,0.02587890625,-0.02490234375,1.00537109375,3867.855833331744
3894.484999895096,0.02685546875,0.00244140625,1.04150390625,3867.865833322207
3894.494999885559,0.02685546875,0.00244140625,1.04150390625,3867.8758333126702
3894.5049998760223,0.0302734375,-0.005859375,0.98583984375,3867.8858333031335
3894.5149998664856,0.0302734375,-0.005859375,0.98583984375,3867.8958332935968
3894.525000095368,0.04736328125,0.00341796875,1.0185546875,3867.905833522479
3894.535000085831,0.04736328125,0.00341796875,1.0185546875,3867.9158335129423
3894.545000076294,0.02880859375,-0.0166015625,1.00830078125,3867.925833503405
3894.555000066757,0.02880859375,-0.0166015625,1.00830078125,3867.9358334938684
3894.565000057221,0.02734375,-0.00830078125,1.02197265625,3867.945833484332
3894.575000047684,0.02734375,-0.00830078125,1.02197265625,3867.9558334747953
3894.585000038147,0.03857421875,0.005859375,1.0068359375,3867.965833465258
3894.59500002861,0.03857421875,0.005859375,1.0068359375,3867.975833455721
3894.6050000190735,0.04052734375,-0.0068359375,1.0244140625,3867.9858334461846
3894.6150000095367,0.04052734375,-0.0068359375,1.0244140625,3867.995833436648
3894.625,0.0283203125,-0.01953125,0.9765625,3868.005833427111
3894.6349999904633,0.0283203125,-0.01953125,0.9765625,3868.0158334175744
3894.6449999809274,0.0283203125,0.0048828125,1.05419921875,3868.0258334080386
3894.6549999713898,0.0283203125,0.0048828125,1.05419921875,3868.035833398501
3894.660000085831,0.0439453125,-0.00439453125,0.95703125,3868.0408335129423
3894.664999961853,0.04443359375,-0.00927734375,1.046875,3868.045833388964
3894.68499994278,0.04443359375,-0.00927734375,1.046875,3868.065833369891
3894.700000047684,0.03125,-0.001953125,0.974609375,3868.0808334747953
3894.710000038147,0.03125,-0.001953125,0.974609375,3868.090833465258
3894.72000002861,0.03125,-0.001953125,0.974609375,3868.100833455721
3894.7300000190735,0.02490234375,-0.0068359375,1.01220703125,3868.1108334461846
3894.7400000095367,0.02490234375,-0.0068359375,1.01220703125,3868.120833436648
3894.75,0.05224609375,-0.0009765625,1.02294921875,3868.130833427111
3894.7599999904633,0.05224609375,-0.0009765625,1.02294921875,3868.1408334175744
3894.7699999809274,0.03076171875,-0.01025390625,1.01171875,3868.1508334080386
3894.7799999713898,0.03076171875,-0.01025390625,1.01171875,3868.160833398501
3894.789999961853,0.037109375,0.00146484375,0.9462890625,3868.170833388964
3894.799999952316,0.037109375,0.00146484375,0.9462890625,3868.180833379427
3894.80999994278,0.029296875,-0.001953125,1.0537109375,3868.190833369891
3894.819999933243,0.029296875,-0.001953125,1.0537109375,3868.200833360354
3894.829999923706,0.0498046875,-0.01171875,0.95458984375,3868.210833350817
3894.839999914169,0.0498046875,-0.01171875,0.95458984375,3868.22083334128
3894.849999904633,0.0390625,0.001953125,1.0673828125,3868.230833331744
3894.859999895096,0.0390625,0.001953125,1.0673828125,3868.240833322207
3894.869999885559,0.0322265625,0.005859375,0.93896484375,3868.2508333126702
3894.8799998760223,0.0322265625,0.005859375,0.93896484375,3868.2608333031335
3894.8899998664856,0.029296875,-0.0185546875,1.0146484375,3868.2708332935968
3894.900000095368,0.029296875,-0.0185546875,1.0146484375,3868.280833522479
3894.910000085831,0.0546875,0.01220703125,1.02880859375,3868.2908335129423
3894.920000076294,0.0546875,0.01220703125,1.02880859375,3868.300833503405
3894.930000066757,0.02783203125,-0.00439453125,0.9716796875,3868.3108334938684
3894.940000057221,0.02783203125,-0.00439453125,0.9716796875,3868.320833484332
3894.950000047684,0.03759765625,-0.001953125,0.986328125,3868.3308334747953
3894.960000038147,0.03759765625,-0.001953125,0.986328125,3868.340833465258
3894.97000002861,0.0341796875,-0.00537109375,1.03515625,3868.350833455721
3894.9800000190735,0.0341796875,-0.00537109375,1.03515625,3868.3608334461846
3894.9900000095367,0.04736328125,0.0078125,0.9453125,3868.370833436648
3895.0,0.04736328125,0.0078125,0.9453125,3868.380833427111
3895.0099999904633,0.03369140625,-0.00537109375,1.0419921875,3868.3908334175744
3895.0199999809274,0.03369140625,-0.00537109375,1.0419921875,3868.4008334080386
3895.0299999713898,0.03173828125,0.0,0.97802734375,3868.410833398501
3895.039999961853,0.03173828125,0.0,0.97802734375,3868.420833388964
3895.049999952316,0.0322265625,-0.00732421875,0.97119140625,3868.430833379427
3895.05999994278,0.0322265625,-0.00732421875,0.97119140625,3868.440833369891
3895.069999933243,0.05615234375,0.021484375,1.0380859375,3868.450833360354
3895.079999923706,0.05615234375,0.021484375,1.0380859375,3868.460833350817
3895.089999914169,0.025390625,-0.0283203125,0.955078125,3868.47083334128
3895.099999904633,0.025390625,-0.0283203125,0.955078125,3868.480833331744
3895.109999895096,0.03271484375,0.013671875,1.03125,3868.490833322207
3895.119999885559,0.03271484375,0.013671875,1.03125,3868.5008333126702
3895.1299998760223,0.03564453125,0.0009765625,0.96875,3868.5108333031335
3895.1399998664856,0.05078125,0.0068359375,1.001953125,3868.5208332935968
3895.150000095368,0.05078125,0.0068359375,1.001953125,3868.530833522479
3895.160000085831,0.033203125,-0.0107421875,1.01513671875,3868.5408335129423
3895.170000076294,0.033203125,-0.0107421875,1.01513671875,3868.550833503405
3895.180000066757,0.02734375,0.0087890625,0.98974609375,3868.5608334938684
3895.190000057221,0.02734375,0.0087890625,0.98974609375,3868.570833484332
3895.200000047684,0.03466796875,0.0,0.98193359375,3868.5808334747953
3895.210000038147,0.03466796875,0.0,0.98193359375,3868.590833465258
3895.22000002861,0.0537109375,0.00390625,1.033203125,3868.600833455721
3895.2300000190735,0.0537109375,0.00390625,1.033203125,3868.6108334461846
3895.2400000095367,0.0263671875,-0.02099609375,0.9560546875,3868.620833436648
3895.25,0.0263671875,-0.02099609375,0.9560546875,3868.630833427111
3895.2599999904633,0.03173828125,0.025390625,1.05322265625,3868.6408334175744
3895.2699999809274,0.03173828125,0.025390625,1.05322265625,3868.6508334080386
3895.2799999713898,0.0322265625,-0.0146484375,0.94287109375,3868.660833398501
3895.289999961853,0.0322265625,-0.0146484375,0.94287109375,3868.670833388964
3895.299999952316,0.0537109375,0.00048828125,1.0693359375,3868.680833379427
3895.30999994278,0.0537109375,0.00048828125,1.0693359375,3868.690833369891
3895.319999933243,0.02978515625,0.0029296875,0.955078125,3868.700833360354
3895.329999923706,0.02978515625,0.0029296875,0.955078125,3868.710833350817
3895.339999914169,0.02490234375,-0.001953125,1.00830078125,3868.72083334128
3895.349999904633,0.02490234375,-0.001953125,1.00830078125,3868.730833331744
3895.359999895096,0.04443359375,-0.00439453125,1.02685546875,3868.740833322207
3895.369999885559,0.04443359375,-0.00439453125,1.02685546875,3868.7508333126702
3895.3799998760223,0.0400390625,0.009765625,1.03369140625,3868.7608333031335
3895.3899998664856,0.0400390625,0.009765625,1.03369140625,3868.7708332935968
3895.400000095368,0.02880859375,0.00341796875,0.9208984375,3868.780833522479
3895.410000085831,0.02880859375,0.00341796875,0.9208984375,3868.7908335129423
3895.420000076294,0.03515625,-0.00732421875,1.1171875,3868.800833503405
3895.430000066757,0.03515625,-0.00732421875,1.1171875,3868.8108334938684
3895.440000057221,0.03857421875,0.001953125,0.94140625,3868.820833484332
3895.450000047684,0.03857421875,0.001953125,0.94140625,3868.8308334747953
3895.460000038147,0.03466796875,0.009765625,1.044921875,3868.840833465258
3895.47000002861,0.03466796875,0.009765625,1.044921875,3868.850833455721
3895.4800000190735,0.0361328125,-0.0009765625,0.98046875,3868.8608334461846
3895.4900000095367,0.0361328125,-0.0009765625,0.98046875,3868.870833436648
3895.5,0.02685546875,-0.01123046875,1.04150390625,3868.880833427111
3895.5099999904633,0.02685546875,-0.01123046875,1.04150390625,3868.8908334175744
3895.5199999809274,0.0498046875,0.021484375,1.00390625,3868.9008334080386
3895.5299999713898,0.0498046875,0.021484375,1.00390625,3868.910833398501
3895.539999961853,0.02880859375,-0.00390625,1.02099609375,3868.920833388964
3895.549999952316,0.02880859375,-0.00390625,1.02099609375,3868.930833379427
3895.55999994278,0.03125,-0.00390625,0.974609375,3868.940833369891
3895.569999933243,0.03125,-0.00390625,0.974609375,3868.950833360354
3895.579999923706,0.0322265625,0.00537109375,1.06591796875,3868.960833350817
3895.589999914169,0.0322265625,0.00537109375,1.06591796875,3868.97083334128
3895.599999904633,0.048828125,0.00732421875,0.95751953125,3868.980833331744
3895.609999895096,0.048828125,0.00732421875,0.95751953125,3868.990833322207
3895.619999885559,0.03271484375,0.00244140625,1.07373046875,3869.0008333126702
3895.6299998760223,0.03271484375,0.00244140625,1.07373046875,3869.0108333031335
3895.6399998664856,0.02685546875,0.00244140625,0.9599609375,3869.0208332935968
3895.650000095368,0.02685546875,0.00244140625,0.9599609375,3869.030833522479
3895.660000085831,0.0322265625,-0.0029296875,1.029296875,3869.0408335129423
3895.664999961853,0.0322265625,-0.0029296875,1.029296875,3869.045833388964
3895.670000076294,0.052734375,0.0224609375,1.02001953125,3869.050833503405
3895.690000057221,0.052734375,0.0224609375,1.02001953125,3869.070833484332
3895.700000047684,0.02587890625,-0.0205078125,0.99560546875,3869.0808334747953
3895.710000038147,0.02587890625,-0.0205078125,0.99560546875,3869.090833465258
3895.72000002861,0.0302734375,0.02587890625,1.01611328125,3869.100833455721
3895.7300000190735,0.0302734375,0.02587890625,1.01611328125,3869.1108334461846
3895.7400000095367,0.029296875,-0.00048828125,1.01025390625,3869.120833436648
3895.75,0.029296875,-0.00048828125,1.01025390625,3869.130833427111
3895.7599999904633,0.05224609375,0.0029296875,1.00439453125,3869.1408334175744
3895.7699999809274,0.05224609375,0.0029296875,1.00439453125,3869.1508334080386
3895.7799999713898,0.03125,0.00390625,1.04931640625,3869.160833398501
3895.789999961853,0.03125,0.00390625,1.04931640625,3869.170833388964
3895.799999952316,0.02099609375,0.01123046875,0.958984375,3869.180833379427
3895.80999994278,0.02099609375,0.01123046875,0.958984375,3869.190833369891
3895.819999933243,0.03564453125,0.0,1.021484375,3869.200833360354
3895.829999923706,0.03564453125,0.0,1.021484375,3869.210833350817
3895.839999914169,0.05126953125,0.01318359375,1.03515625,3869.22083334128
3895.849999904633,0.05126953125,0.01318359375,1.03515625,3869.230833331744
3895.859999895096,0.02734375,-0.0068359375,0.9716796875,3869.240833322207
3895.869999885559,0.02734375,-0.0068359375,0.9716796875,3869.2508333126702
3895.8799998760223,0.029296875,0.03173828125,1.06689453125,3869.2608333031335
3895.8899998664856,0.029296875,0.03173828125,1.06689453125,3869.2708332935968
3895.900000095368,0.0283203125,-0.0087890625,0.94287109375,3869.280833522479
3895.910000085831,0.0283203125,-0.0087890625,0.94287109375,3869.2908335129423
3895.920000076294,0.04833984375,0.00927734375,1.05712890625,3869.300833503405
3895.930000066757,0.04833984375,0.00927734375,1.05712890625,3869.3108334938684
3895.940000057221,0.029296875,0.013671875,0.9990234375,3869.320833484332
3895.950000047684,0.029296875,0.013671875,0.9990234375,3869.3308334747953
3895.960000038147,0.0234375,-0.0048828125,0.978515625,3869.340833465258
3895.97000002861,0.0234375,-0.0048828125,0.978515625,3869.350833455721
3895.9800000190735,0.04248046875,0.01708984375,1.03173828125,3869.3608334461846
3895.9900000095367,0.04248046875,0.01708984375,1.03173828125,3869.370833436648
3896.0,0.0361328125,0.0146484375,1.013671875,3869.380833427111
3896.0099999904633,0.0361328125,0.0146484375,1.013671875,3869.3908334175744
3896.0199999809274,0.02880859375,-0.00390625,0.96240234375,3869.4008334080386
3896.0299999713898,0.02880859375,-0.00390625,0.96240234375,3869.410833398501
3896.039999961853,0.03076171875,0.01171875,1.08935546875,3869.420833388964
3896.049999952316,0.03076171875,0.01171875,1.08935546875,3869.430833379427
3896.05999994278,0.03271484375,0.009765625,0.9228515625,3869.440833369891
3896.069999933243,0.03271484375,0.009765625,0.9228515625,3869.450833360354
3896.079999923706,0.04150390625,0.01513671875,1.06298828125,3869.460833350817
3896.089999914169,0.04150390625,0.01513671875,1.06298828125,3869.47083334128
3896.099999904633,0.02734375,0.0009765625,0.98095703125,3869.480833331744
3896.109999895096,0.02734375,0.0009765625,0.98095703125,3869.490833322207
3896.119999885559,0.02490234375,-0.0009765625,1.0009765625,3869.5008333126702
3896.1299998760223,0.02490234375,-0.0009765625,1.0009765625,3869.5108333031335
3896.1399998664856,0.044921875,0.0263671875,1.04248046875,3869.5208332935968
3896.150000095368,0.044921875,0.0263671875,1.04248046875,3869.530833522479
3896.160000085831,0.02685546875,0.00048828125,1.00390625,3869.5408335129423
3896.170000076294,0.02685546875,0.00048828125,1.00390625,3869.550833503405
3896.180000066757,0.0244140625,-0.0009765625,0.9794921875,3869.5608334938684
3896.190000057221,0.0244140625,-0.0009765625,0.9794921875,3869.570833484332
3896.200000047684,0.025390625,0.013671875,1.068359375,3869.5808334747953
3896.210000038147,0.025390625,0.013671875,1.068359375,3869.590833465258
3896.22000002861,0.03955078125,0.0078125,0.9453125,3869.600833455721
3896.2300000190735,0.03955078125,0.0078125,0.9453125,3869.6108334461846
3896.2400000095367,0.03369140625,0.00146484375,1.08447265625,3869.620833436648
3896.25,0.03369140625,0.00146484375,1.08447265625,3869.630833427111
3896.2599999904633,0.0205078125,0.0126953125,0.96142578125,3869.6408334175744
3896.2699999809274,0.0205078125,0.0126953125,0.96142578125,3869.6508334080386
3896.2799999713898,0.01708984375,-0.001953125,1.01171875,3869.660833398501
3896.289999961853,0.01708984375,-0.001953125,1.01171875,3869.670833388964
3896.299999952316,0.04931640625,0.01904296875,1.0546875,3869.680833379427
3896.30999994278,0.04931640625,0.01904296875,1.0546875,3869.690833369891
3896.319999933243,0.0185546875,-0.01171875,0.9892578125,3869.700833360354
3896.329999923706,0.0185546875,-0.01171875,0.9892578125,3869.710833350817
3896.339999914169,0.0244140625,0.02294921875,0.99169921875,3869.72083334128
3896.349999904633,0.0244140625,0.02294921875,0.99169921875,3869.730833331744
3896.359999895096,0.01953125,-0.0009765625,1.048828125,3869.740833322207
3896.369999885559,0.01953125,-0.0009765625,1.048828125,3869.7508333126702
3896.3799998760223,0.0390625,0.0,0.97607421875,3869.7608333031335
3896.3899998664856,0.0390625,0.0,0.97607421875,3869.7708332935968
3896.400000095368,0.025390625,0.0068359375,1.06884765625,3869.780833522479
3896.410000085831,0.025390625,0.0068359375,1.06884765625,3869.7908335129423
3896.420000076294,0.02001953125,0.0126953125,0.9794921875,3869.800833503405
3896.430000066757,0.02001953125,0.0126953125,0.9794921875,3869.8108334938684
3896.440000057221,0.0185546875,-0.00830078125,1.00390625,3869.820833484332
3896.450000047684,0.0185546875,-0.00830078125,1.00390625,3869.8308334747953
3896.460000038147,0.0439453125,0.021484375,1.0703125,3869.840833465258
3896.47000002861,0.0439453125,0.021484375,1.0703125,3869.850833455721
3896.4800000190735,0.01416015625,-0.0146484375,0.97119140625,3869.8608334461846
3896.4900000095367,0.01416015625,-0.0146484375,0.97119140625,3869.870833436648
3896.5,0.02392578125,0.01806640625,1.05712890625,3869.880833427111
3896.5099999904633,0.02392578125,0.01806640625,1.05712890625,3869.8908334175744
3896.5199999809274,0.0185546875,-0.00830078125,0.99755859375,3869.9008334080386
3896.5299999713898,0.0185546875,-0.00830078125,0.99755859375,3869.910833398501
3896.539999961853,0.037109375,0.0224609375,1.02783203125,3869.920833388964
3896.549999952316,0.037109375,0.0224609375,1.02783203125,3869.930833379427
3896.55999994278,0.017578125,-0.005859375,1.02978515625,3869.940833369891
3896.569999933243,0.017578125,-0.005859375,1.02978515625,3869.950833360354
3896.579999923706,0.01708984375,-0.00048828125,1.01953125,3869.960833350817
3896.589999914169,0.01708984375,-0.00048828125,1.01953125,3869.97083334128
3896.599999904633,0.02490234375,0.00830078125,1.00732421875,3869.980833331744
3896.609999895096,0.02490234375,0.00830078125,1.00732421875,3869.990833322207
3896.619999885559,0.0361328125,0.01904296875,1.0546875,3870.0008333126702
3896.6299998760223,0.0361328125,0.01904296875,1.0546875,3870.0108333031335
3896.6399998664856,0.0166015625,-0.02001953125,0.97314453125,3870.0208332935968
3896.650000095368,0.0166015625,-0.02001953125,0.97314453125,3870.030833522479
3896.660000085831,0.01904296875,0.01513671875,1.0869140625,3870.0408335129423
3896.664999961853,0.01904296875,0.01513671875,1.0869140625,3870.045833388964
3896.670000076294,0.02734375,0.00439453125,0.96923828125,3870.050833503405
3896.690000057221,0.02734375,0.00439453125,0.96923828125,3870.070833484332
3896.700000047684,0.0322265625,0.00830078125,1.0595703125,3870.0808334747953
3896.710000038147,0.0322265625,0.00830078125,1.0595703125,3870.090833465258
3896.72000002861,0.0224609375,-0.00341796875,1.01220703125,3870.100833455721
3896.7300000190735,0.0224609375,-0.00341796875,1.01220703125,3870.1108334461846
3896.7400000095367,0.0146484375,0.00048828125,1.02197265625,3870.120833436648
3896.75,0.0146484375,0.00048828125,1.02197265625,3870.130833427111
3896.7599999904633,0.037109375,0.01513671875,1.03173828125,3870.1408334175744
3896.7699999809274,0.037109375,0.01513671875,1.03173828125,3870.1508334080386
3896.7799999713898,0.02783203125,-0.0078125,1.029296875,3870.160833398501
3896.789999961853,0.02783203125,-0.0078125,1.029296875,3870.170833388964
3896.799999952316,0.0224609375,0.001953125,0.98046875,3870.180833379427
3896.80999994278,0.0224609375,0.001953125,0.98046875,3870.190833369891
3896.819999933243,0.01611328125,0.013671875,1.0771484375,3870.200833360354
3896.829999923706,0.01611328125,0.013671875,1.0771484375,3870.210833350817
3896.839999914169,0.0361328125,-0.0078125,0.97412109375,3870.22083334128
3896.849999904633,0.0361328125,-0.0078125,0.97412109375,3870.230833331744
3896.859999895096,0.03173828125,0.00244140625,1.06640625,3870.240833322207
3896.869999885559,0.03173828125,0.00244140625,1.06640625,3870.2508333126702
3896.8799998760223,0.02392578125,0.01318359375,0.970703125,3870.2608333031335
3896.8899998664856,0.02392578125,0.01318359375,0.970703125,3870.2708332935968
3896.900000095368,0.01904296875,-0.009765625,1.0283203125,3870.280833522479
3896.910000085831,0.01904296875,-0.009765625,1.0283203125,3870.2908335129423
3896.920000076294,0.04541015625,0.013671875,1.04541015625,3870.300833503405
3896.930000066757,0.04541015625,0.013671875,1.04541015625,3870.3108334938684
3896.940000057221,0.01806640625,-0.0087890625,1.001953125,3870.320833484332
3896.950000047684,0.01806640625,-0.0087890625,1.001953125,3870.3308334747953
3896.960000038147,0.029296875,0.01318359375,1.01416015625,3870.340833465258
3896.97000002861,0.029296875,0.01318359375,1.01416015625,3870.350833455721
3896.9800000190735,0.021484375,-0.00439453125,1.0322265625,3870.3608334461846
3896.9900000095367,0.021484375,-0.00439453125,1.0322265625,3870.370833436648
3897.0,0.04150390625,0.0009765625,0.994140625,3870.380833427111
3897.0099999904633,0.04150390625,0.0009765625,0.994140625,3870.3908334175744
3897.0199999809274,0.02880859375,0.0068359375,1.072265625,3870.4008334080386
3897.0299999713898,0.02880859375,0.0068359375,1.072265625,3870.410833398501
3897.039999961853,0.0244140625,0.00048828125,0.96923828125,3870.420833388964
3897.049999952316,0.0244140625,0.00048828125,0.96923828125,3870.430833379427
3897.05999994278,0.02587890625,-0.0107421875,1.03076171875,3870.440833369891
3897.069999933243,0.02587890625,-0.0107421875,1.03076171875,3870.450833360354
3897.079999923706,0.048828125,0.02001953125,1.05029296875,3870.460833350817
3897.089999914169,0.048828125,0.02001953125,1.05029296875,3870.47083334128
3897.099999904633,0.017578125,-0.015625,0.984375,3870.480833331744
3897.109999895096,0.017578125,-0.015625,0.984375,3870.490833322207
3897.119999885559,0.03125,0.0029296875,1.04150390625,3870.5008333126702
3897.1299998760223,0.03125,0.0029296875,1.04150390625,3870.5108333031335
3897.1399998664856,0.025390625,-0.0029296875,1.01025390625,3870.5208332935968
3897.150000095368,0.025390625,-0.0029296875,1.01025390625,3870.530833522479
3897.160000085831,0.044921875,0.01171875,1.0009765625,3870.5408335129423
3897.170000076294,0.044921875,0.01171875,1.0009765625,3870.550833503405
3897.180000066757,0.025390625,-0.0107421875,1.06396484375,3870.5608334938684
3897.190000057221,0.025390625,-0.0107421875,1.06396484375,3870.570833484332
3897.200000047684,0.021484375,-0.00537109375,0.97998046875,3870.5808334747953
3897.210000038147,0.021484375,-0.00537109375,0.97998046875,3870.590833465258
3897.22000002861,0.03125,-0.00244140625,1.01953125,3870.600833455721
3897.2300000190735,0.03125,-0.00244140625,1.01953125,3870.6108334461846
3897.2400000095367,0.0478515625,0.01318359375,1.044921875,3870.620833436648
3897.25,0.0478515625,0.01318359375,1.044921875,3870.630833427111
3897.2599999904633,0.02197265625,-0.029296875,0.97021484375,3870.6408334175744
3897.2699999809274,0.02197265625,-0.029296875,0.97021484375,3870.6508334080386
3897.2799999713898,0.0263671875,0.013671875,1.083984375,3870.660833398501
3897.289999961853,0.0263671875,0.013671875,1.083984375,3870.670833388964
3897.299999952316,0.03076171875,-0.00537109375,0.95703125,3870.680833379427
3897.30999994278,0.03076171875,-0.00537109375,0.95703125,3870.690833369891
3897.319999933243,0.0458984375,-0.005859375,1.05419921875,3870.700833360354
3897.329999923706,0.0458984375,-0.005859375,1.05419921875,3870.710833350817
3897.339999914169,0.029296875,-0.0087890625,1.01953125,3870.72083334128
3897.349999904633,0.029296875,-0.0087890625,1.01953125,3870.730833331744
3897.359999895096,0.01904296875,-0.00244140625,0.990234375,3870.740833322207
3897.369999885559,0.01904296875,-0.00244140625,0.990234375,3870.7508333126702
3897.3799998760223,0.0380859375,-0.00390625,1.01953125,3870.7608333031335
3897.3899998664856,0.0380859375,-0.00390625,1.01953125,3870.7708332935968
3897.400000095368,0.03955078125,-0.00732421875,1.046875,3870.780833522479
3897.410000085831,0.03955078125,-0.00732421875,1.046875,3870.7908335129423
3897.420000076294,0.02587890625,-0.0107421875,0.9521484375,3870.800833503405
3897.430000066757,0.02587890625,-0.0107421875,0.9521484375,3870.8108334938684
3897.440000057221,0.0283203125,0.00634765625,1.08642578125,3870.820833484332
3897.450000047684,0.0283203125,0.00634765625,1.08642578125,3870.8308334747953
3897.460000038147,0.0341796875,-0.0185546875,0.93359375,3870.840833465258
3897.47000002861,0.0341796875,-0.0185546875,0.93359375,3870.850833455721
3897.4800000190735,0.03759765625,-0.00048828125,1.06005859375,3870.8608334461846
3897.4900000095367,0.03759765625,-0.00048828125,1.06005859375,3870.870833436648
3897.5,0.03271484375,0.0009765625,0.974609375,3870.880833427111
3897.5099999904633,0.03271484375,0.0009765625,0.974609375,3870.8908334175744
3897.5199999809274,0.02490234375,-0.0234375,1.021484375,3870.9008334080386
3897.5299999713898,0.02490234375,-0.0234375,1.021484375,3870.910833398501
3897.539999961853,0.046875,0.01025390625,1.0224609375,3870.920833388964
3897.549999952316,0.046875,0.01025390625,1.0224609375,3870.930833379427
3897.55999994278,0.02392578125,-0.0107421875,1.00537109375,3870.940833369891
3897.569999933243,0.02392578125,-0.0107421875,1.00537109375,3870.950833360354
3897.579999923706,0.03369140625,-0.00830078125,0.97021484375,3870.960833350817
3897.589999914169,0.03369140625,-0.00830078125,0.97021484375,3870.97083334128
3897.599999904633,0.0283203125,-0.01220703125,1.05517578125,3870.980833331744
3897.609999895096,0.0283203125,-0.01220703125,1.05517578125,3870.990833322207
3897.619999885559,0.046875,0.00146484375,0.955078125,3871.0008333126702
3897.6299998760223,0.046875,0.00146484375,0.955078125,3871.0108333031335
3897.6399998664856,0.0322265625,-0.0048828125,1.04833984375,3871.0208332935968
3897.650000095368,0.0322265625,-0.0048828125,1.04833984375,3871.030833522479
3897.660000085831,0.02783203125,-0.0146484375,0.9697265625,3871.0408335129423
3897.664999961853,0.02783203125,-0.0146484375,0.9697265625,3871.045833388964
3897.670000076294,0.02734375,-0.017578125,1.01513671875,3871.050833503405
3897.690000057221,0.05322265625,0.02001953125,1.03173828125,3871.070833484332
3897.700000047684,0.05322265625,0.02001953125,1.03173828125,3871.0808334747953
3897.710000038147,0.05322265625,0.02001953125,1.03173828125,3871.090833465258
3897.72000002861,0.0234375,-0.02783203125,0.96923828125,3871.100833455721
3897.7300000190735,0.0234375,-0.02783203125,0.96923828125,3871.1108334461846
3897.7400000095367,0.0302734375,-0.001953125,1.013671875,3871.120833436648
3897.75,0.0302734375,-0.001953125,1.013671875,3871.130833427111
3897.7599999904633,0.0302734375,-0.01123046875,1.025390625,3871.1408334175744
3897.7699999809274,0.0302734375,-0.01123046875,1.025390625,3871.1508334080386
3897.7799999713898,0.0498046875,0.0009765625,0.97900390625,3871.160833398501
3897.789999961853,0.0498046875,0.0009765625,0.97900390625,3871.170833388964
3897.799999952316,0.02880859375,-0.0224609375,1.05517578125,3871.180833379427
3897.80999994278,0.02880859375,-0.0224609375,1.05517578125,3871.190833369891
3897.819999933243,0.025390625,-0.00341796875,1.001953125,3871.200833360354
3897.829999923706,0.025390625,-0.00341796875,1.001953125,3871.210833350817
3897.839999914169,0.02783203125,-0.01171875,1.0087890625,3871.22083334128
3897.849999904633,0.02783203125,-0.01171875,1.0087890625,3871.230833331744
3897.859999895096,0.0517578125,-0.00390625,1.02978515625,3871.240833322207
3897.869999885559,0.0517578125,-0.00390625,1.02978515625,3871.2508333126702
3897.8799998760223,0.0263671875,-0.03564453125,0.98046875,3871.2608333031335
3897.8899998664856,0.0263671875,-0.03564453125,0.98046875,3871.2708332935968
3897.900000095368,0.0283203125,0.0126953125,1.04736328125,3871.280833522479
3897.910000085831,0.0283203125,0.0126953125,1.04736328125,3871.2908335129423
3897.920000076294,0.025390625,-0.0234375,0.96826171875,3871.300833503405
3897.930000066757,0.025390625,-0.0234375,0.96826171875,3871.3108334938684
3897.940000057221,0.048828125,-0.01611328125,1.04052734375,3871.320833484332
3897.950000047684,0.048828125,-0.01611328125,1.04052734375,3871.3308334747953
3897.960000038147,0.02978515625,-0.0087890625,1.03125,3871.340833465258
3897.97000002861,0.02978515625,-0.0087890625,1.03125,3871.350833455721
3897.9800000190735,0.0244140625,-0.009765625,0.97900390625,3871.3608334461846
3897.9900000095367,0.0244140625,-0.009765625,0.97900390625,3871.370833436648
3898.0,0.03369140625,-0.01708984375,0.99951171875,3871.380833427111
3898.0099999904633,0.03369140625,-0.01708984375,0.99951171875,3871.3908334175744
3898.0199999809274,0.046875,-0.00341796875,1.03369140625,3871.4008334080386
3898.0299999713898,0.046875,-0.00341796875,1.03369140625,3871.410833398501
3898.039999961853,0.0283203125,-0.02001953125,0.96142578125,3871.420833388964
3898.049999952316,0.0283203125,-0.02001953125,0.96142578125,3871.430833379427
3898.05999994278,0.0322265625,-0.0078125,1.068359375,3871.440833369891
3898.069999933243,0.0322265625,-0.0078125,1.068359375,3871.450833360354
3898.079999923706,0.03369140625,-0.02001953125,0.96533203125,3871.460833350817
3898.089999914169,0.03369140625,-0.02001953125,0.96533203125,3871.47083334128
3898.099999904633,0.03955078125,0.00341796875,1.05126953125,3871.480833331744
3898.109999895096,0.03955078125,0.00341796875,1.05126953125,3871.490833322207
3898.119999885559,0.0283203125,-0.0185546875,0.9609375,3871.5008333126702
3898.1299998760223,0.0283203125,-0.0185546875,0.9609375,3871.5108333031335
3898.1399998664856,0.03125,-0.02685546875,1.0224609375,3871.5208332935968
3898.150000095368,0.03125,-0.02685546875,1.0224609375,3871.530833522479
3898.160000085831,0.04443359375,0.0087890625,1.00390625,3871.5408335129423
3898.170000076294,0.04443359375,0.0087890625,1.00390625,3871.550833503405
3898.180000066757,0.03125,-0.00732421875,1.0166015625,3871.5608334938684
3898.190000057221,0.03125,-0.00732421875,1.0166015625,3871.570833484332
3898.200000047684,0.03076171875,-0.02587890625,0.9580078125,3871.5808334747953
3898.210000038147,0.03076171875,-0.02587890625,0.9580078125,3871.590833465258
3898.22000002861,0.02783203125,-0.00390625,1.080078125,3871.600833455721
3898.2300000190735,0.02783203125,-0.00390625,1.080078125,3871.6108334461846
3898.2400000095367,0.04052734375,-0.00244140625,0.93603515625,3871.620833436648
3898.25,0.04052734375,-0.00244140625,0.93603515625,3871.630833427111
3898.2599999904633,0.03662109375,-0.013671875,1.04052734375,3871.6408334175744
3898.2699999809274,0.03662109375,-0.013671875,1.04052734375,3871.6508334080386
3898.2799999713898,0.0283203125,-0.00830078125,0.96240234375,3871.660833398501
3898.289999961853,0.0283203125,-0.00830078125,0.96240234375,3871.670833388964
3898.299999952316,0.0263671875,-0.01513671875,1.00927734375,3871.680833379427
3898.30999994278,0.0263671875,-0.01513671875,1.00927734375,3871.690833369891
3898.319999933243,0.05322265625,0.00830078125,1.01416015625,3871.700833360354
3898.329999923706,0.05322265625,0.00830078125,1.01416015625,3871.710833350817
3898.339999914169,0.0244140625,-0.0283203125,0.98876953125,3871.72083334128
3898.349999904633,0.0244140625,-0.0283203125,0.98876953125,3871.730833331744
3898.359999895096,0.0322265625,0.00244140625,0.98388671875,3871.740833322207
3898.369999885559,0.0322265625,0.00244140625,0.98388671875,3871.7508333126702
3898.3799998760223,0.0234375,-0.01611328125,1.0263671875,3871.7608333031335
3898.3899998664856,0.0234375,-0.01611328125,1.0263671875,3871.7708332935968
3898.400000095368,0.05029296875,-0.01220703125,0.94775390625,3871.780833522479
3898.410000085831,0.05029296875,-0.01220703125,0.94775390625,3871.7908335129423
3898.420000076294,0.0341796875,-0.0166015625,1.04833984375,3871.800833503405
3898.430000066757,0.0341796875,-0.0166015625,1.04833984375,3871.8108334938684
3898.440000057221,0.03125,0.00634765625,0.95361328125,3871.820833484332
3898.450000047684,0.03125,0.00634765625,0.95361328125,3871.8308334747953
3898.460000038147,0.02783203125,-0.02392578125,0.9921875,3871.840833465258
3898.47000002861,0.05224609375,-0.005859375,1.04296875,3871.850833455721
3898.4800000190735,0.05224609375,-0.005859375,1.04296875,3871.8608334461846
3898.4900000095367,0.02392578125,-0.01904296875,0.95849609375,3871.870833436648
3898.5,0.02392578125,-0.01904296875,0.95849609375,3871.880833427111
3898.5099999904633,0.03271484375,0.001953125,0.99072265625,3871.8908334175744
3898.5199999809274,0.03271484375,0.001953125,0.99072265625,3871.9008334080386
3898.5299999713898,0.0322265625,-0.0244140625,1.00341796875,3871.910833398501
3898.539999961853,0.0322265625,-0.0244140625,1.00341796875,3871.920833388964
3898.549999952316,0.04541015625,-0.00146484375,0.98291015625,3871.930833379427
3898.55999994278,0.04541015625,-0.00146484375,0.98291015625,3871.940833369891
3898.569999933243,0.03173828125,-0.01123046875,1.0048828125,3871.950833360354
3898.579999923706,0.03173828125,-0.01123046875,1.0048828125,3871.960833350817
3898.589999914169,0.029296875,-0.01416015625,0.98974609375,3871.97083334128
3898.599999904633,0.029296875,-0.01416015625,0.98974609375,3871.980833331744
3898.609999895096,0.02978515625,-0.01318359375,0.98046875,3871.990833322207
3898.619999885559,0.02978515625,-0.01318359375,0.98046875,3872.0008333126702
3898.6299998760223,0.0478515625,0.0078125,1.029296875,3872.0108333031335
3898.6399998664856,0.0478515625,0.0078125,1.029296875,3872.0208332935968
3898.650000095368,0.02685546875,-0.0302734375,0.94140625,3872.030833522479
3898.660000085831,0.02685546875,-0.0302734375,0.94140625,3872.0408335129423
3898.664999961853,0.02685546875,-0.0302734375,0.94140625,3872.045833388964
3898.670000076294,0.03173828125,-0.00146484375,1.04443359375,3872.050833503405
3898.690000057221,0.0361328125,-0.005859375,0.953125,3872.070833484332
3898.700000047684,0.0361328125,-0.005859375,0.953125,3872.0808334747953
3898.710000038147,0.04638671875,0.00341796875,1.01904296875,3872.090833465258
3898.72000002861,0.04638671875,0.00341796875,1.01904296875,3872.100833455721
3898.7300000190735,0.0283203125,-0.02294921875,0.99755859375,3872.1108334461846
3898.7400000095367,0.0283203125,-0.02294921875,0.99755859375,3872.120833436648
3898.75,0.02490234375,-0.01025390625,0.99560546875,3872.130833427111
3898.7599999904633,0.02490234375,-0.01025390625,0.99560546875,3872.1408334175744
3898.7699999809274,0.04052734375,0.0087890625,0.9658203125,3872.1508334080386
3898.7799999713898,0.04052734375,0.0087890625,0.9658203125,3872.160833398501
3898.789999961853,0.04345703125,-0.0068359375,1.04345703125,3872.170833388964
3898.799999952316,0.04345703125,-0.0068359375,1.04345703125,3872.180833379427
3898.80999994278,0.0302734375,-0.013671875,0.943359375,3872.190833369891
3898.819999933243,0.0302734375,-0.013671875,0.943359375,3872.200833360354
3898.829999923706,0.02685546875,0.01123046875,1.0576171875,3872.210833350817
3898.839999914169,0.02685546875,0.01123046875,1.0576171875,3872.22083334128
3898.849999904633,0.0400390625,-0.00439453125,0.9541015625,3872.230833331744
3898.859999895096,0.0400390625,-0.00439453125,0.9541015625,3872.240833322207
3898.869999885559,0.03955078125,-0.01025390625,1.0419921875,3872.2508333126702
3898.8799998760223,0.03955078125,-0.01025390625,1.0419921875,3872.2608333031335
3898.8899998664856,0.0283203125,0.01025390625,0.96533203125,3872.2708332935968
3898.900000095368,0.0283203125,0.01025390625,0.96533203125,3872.280833522479
3898.910000085831,0.025390625,-0.0078125,1.0068359375,3872.2908335129423
3898.920000076294,0.025390625,-0.0078125,1.0068359375,3872.300833503405
3898.930000066757,0.0478515625,0.00341796875,1.013671875,3872.3108334938684
3898.940000057221,0.0478515625,0.00341796875,1.013671875,3872.320833484332
3898.950000047684,0.029296875,-0.00244140625,1.0078125,3872.3308334747953
3898.960000038147,0.029296875,-0.00244140625,1.0078125,3872.340833465258
3898.97000002861,0.03466796875,0.0146484375,0.974609375,3872.350833455721
3898.9800000190735,0.03466796875,0.0146484375,0.974609375,3872.3608334461846
3898.9900000095367,0.0234375,-0.005859375,1.05419921875,3872.370833436648
3899.0,0.0234375,-0.005859375,1.05419921875,3872.380833427111
3899.0099999904633,0.04150390625,0.0068359375,0.966796875,3872.3908334175744
3899.0199999809274,0.04150390625,0.0068359375,0.966796875,3872.4008334080386
3899.0299999713898,0.03271484375,0.0068359375,1.03271484375,3872.410833398501
3899.039999961853,0.03271484375,0.0068359375,1.03271484375,3872.420833388964
3899.049999952316,0.03076171875,0.0087890625,0.974609375,3872.430833379427
3899.05999994278,0.03076171875,0.0087890625,0.974609375,3872.440833369891
3899.069999933243,0.02392578125,-0.01416015625,1.01171875,3872.450833360354
3899.079999923706,0.02392578125,-0.01416015625,1.01171875,3872.460833350817
3899.089999914169,0.05029296875,0.0263671875,1.04052734375,3872.47083334128
3899.099999904633,0.05029296875,0.0263671875,1.04052734375,3872.480833331744
3899.109999895096,0.01953125,-0.00244140625,0.98291015625,3872.490833322207
3899.119999885559,0.01953125,-0.00244140625,0.98291015625,3872.5008333126702
3899.1299998760223,0.0302734375,0.0068359375,1.01220703125,3872.5108333031335
3899.1399998664856,0.0302734375,0.0068359375,1.01220703125,3872.5208332935968
3899.150000095368,0.029296875,0.0,1.02587890625,3872.530833522479
3899.160000085831,0.029296875,0.0,1.02587890625,3872.5408335129423
3899.170000076294,0.0478515625,0.02294921875,0.98193359375,3872.550833503405
3899.180000066757,0.0478515625,0.02294921875,0.98193359375,3872.5608334938684
3899.190000057221,0.0244140625,-0.00732421875,1.04345703125,3872.570833484332
3899.200000047684,0.0244140625,-0.00732421875,1.04345703125,3872.5808334747953
3899.210000038147,0.0263671875,0.00537109375,1.0029296875,3872.590833465258
3899.22000002861,0.0263671875,0.00537109375,1.0029296875,3872.600833455721
3899.2300000190735,0.02978515625,0.009765625,0.994140625,3872.6108334461846
3899.2400000095367,0.02978515625,0.009765625,0.994140625,3872.620833436648
3899.25,0.05029296875,0.02197265625,1.044921875,3872.630833427111
3899.2599999904633,0.05029296875,0.02197265625,1.044921875,3872.6408334175744
3899.2699999809274,0.02099609375,-0.0185546875,0.99267578125,3872.6508334080386
3899.2799999713898,0.02099609375,-0.0185546875,0.99267578125,3872.660833398501
3899.289999961853,0.025390625,0.02490234375,1.02978515625,3872.670833388964
3899.299999952316,0.025390625,0.02490234375,1.02978515625,3872.680833379427
3899.30999994278,0.03076171875,0.00341796875,0.98291015625,3872.690833369891
3899.319999933243,0.03076171875,0.00341796875,0.98291015625,3872.700833360354
3899.329999923706,0.048828125,0.00634765625,1.04541015625,3872.710833350817
3899.339999914169,0.048828125,0.00634765625,1.04541015625,3872.72083334128
3899.349999904633,0.02392578125,-0.001953125,1.00634765625,3872.730833331744
3899.359999895096,0.02392578125,-0.001953125,1.00634765625,3872.740833322207
3899.369999885559,0.02392578125,0.021484375,1.03857421875,3872.7508333126702
3899.3799998760223,0.02392578125,0.021484375,1.03857421875,3872.7608333031335
3899.3899998664856,0.03125,0.00390625,0.98193359375,3872.7708332935968
3899.400000095368,0.03125,0.00390625,0.98193359375,3872.780833522479
3899.410000085831,0.04248046875,0.00927734375,1.07421875,3872.7908335129423
3899.420000076294,0.04248046875,0.00927734375,1.07421875,3872.800833503405
3899.430000066757,0.02978515625,0.00390625,0.9677734375,3872.8108334938684
3899.440000057221,0.02978515625,0.00390625,0.9677734375,3872.820833484332
3899.450000047684,0.025390625,0.0146484375,1.07958984375,3872.8308334747953
3899.460000038147,0.025390625,0.0146484375,1.07958984375,3872.840833465258
3899.47000002861,0.033203125,0.0,0.97509765625,3872.850833455721
3899.4800000190735,0.033203125,0.0,0.97509765625,3872.8608334461846
3899.4900000095367,0.04345703125,0.01611328125,1.0859375,3872.870833436648
3899.5,0.04345703125,0.01611328125,1.0859375,3872.880833427111
3899.5099999904633,0.025390625,0.01220703125,0.982421875,3872.8908334175744
3899.5199999809274,0.025390625,0.01220703125,0.982421875,3872.9008334080386
3899.5299999713898,0.025390625,-0.0087890625,1.0517578125,3872.910833398501
3899.539999961853,0.025390625,-0.0087890625,1.0517578125,3872.920833388964
3899.549999952316,0.0400390625,0.02001953125,1.00830078125,3872.930833379427
3899.55999994278,0.0400390625,0.02001953125,1.00830078125,3872.940833369891
3899.569999933243,0.03125,0.00244140625,1.0458984375,3872.950833360354
3899.579999923706,0.03125,0.00244140625,1.0458984375,3872.960833350817
3899.589999914169,0.033203125,0.00244140625,1.001953125,3872.97083334128
3899.599999904633,0.033203125,0.00244140625,1.001953125,3872.980833331744
3899.609999895096,0.02490234375,-0.001953125,1.064453125,3872.990833322207
3899.619999885559,0.02490234375,-0.001953125,1.064453125,3873.0008333126702
3899.6299998760223,0.04638671875,0.0205078125,1.0068359375,3873.0108333031335
3899.6399998664856,0.04638671875,0.0205078125,1.0068359375,3873.0208332935968
3899.650000095368,0.0283203125,0.005859375,1.06103515625,3873.030833522479
3899.660000085831,0.0283203125,0.005859375,1.06103515625,3873.0408335129423
3899.664999961853,0.03076171875,0.0029296875,0.9755859375,3873.045833388964
3899.670000076294,0.0322265625,0.00244140625,1.06494140625,3873.050833503405
3899.690000057221,0.0322265625,0.00244140625,1.06494140625,3873.070833484332
3899.710000038147,0.0517578125,0.025390625,1.0205078125,3873.090833465258
3899.72000002861,0.0517578125,0.025390625,1.0205078125,3873.100833455721
3899.7300000190735,0.02490234375,-0.0078125,1.03759765625,3873.1108334461846
3899.7400000095367,0.02490234375,-0.0078125,1.03759765625,3873.120833436648
3899.75,0.0341796875,0.0126953125,1.01416015625,3873.130833427111
3899.7599999904633,0.0341796875,0.0126953125,1.01416015625,3873.1408334175744
3899.7699999809274,0.02685546875,0.00244140625,1.056640625,3873.1508334080386
3899.7799999713898,0.02685546875,0.00244140625,1.056640625,3873.160833398501
3899.789999961853,0.04736328125,0.0126953125,1.00537109375,3873.170833388964
3899.799999952316,0.04736328125,0.0126953125,1.00537109375,3873.180833379427
3899.80999994278,0.02978515625,-0.01220703125,1.06103515625,3873.190833369891
3899.819999933243,0.02978515625,-0.01220703125,1.06103515625,3873.200833360354
3899.829999923706,0.0244140625,0.01171875,1.0107421875,3873.210833350817
3899.839999914169,0.0244140625,0.01171875,1.0107421875,3873.22083334128
3899.849999904633,0.02685546875,-0.0078125,1.00634765625,3873.230833331744
3899.859999895096,0.02685546875,-0.0078125,1.00634765625,3873.240833322207
3899.869999885559,0.0537109375,0.00830078125,1.0751953125,3873.2508333126702
3899.8799998760223,0.0537109375,0.00830078125,1.0751953125,3873.2608333031335
3899.8899998664856,0.02197265625,-0.0107421875,0.99609375,3873.2708332935968
3899.900000095368,0.02197265625,-0.0107421875,0.99609375,3873.280833522479
3899.910000085831,0.02392578125,0.01220703125,1.0341796875,3873.2908335129423
3899.920000076294,0.02392578125,0.01220703125,1.0341796875,3873.300833503405
3899.930000066757,0.02587890625,-0.00439453125,1.0234375,3873.3108334938684
3899.940000057221,0.02587890625,-0.00439453125,1.0234375,3873.320833484332
3899.950000047684,0.04736328125,0.00341796875,1.015625,3873.3308334747953
3899.960000038147,0.04736328125,0.00341796875,1.015625,3873.340833465258
3899.97000002861,0.02978515625,0.0009765625,1.0361328125,3873.350833455721
3899.9800000190735,0.02978515625,0.0009765625,1.0361328125,3873.3608334461846
3899.9900000095367,0.02197265625,0.01171875,1.021484375,3873.370833436648
3900.0,0.02197265625,0.01171875,1.021484375,3873.380833427111
3900.0099999904633,0.03125,-0.00537109375,1.001953125,3873.3908334175744
3900.0199999809274,0.03125,-0.00537109375,1.001953125,3873.4008334080386
3900.0299999713898,0.04345703125,0.005859375,1.07861328125,3873.410833398501
3900.039999961853,0.04345703125,0.005859375,1.07861328125,3873.420833388964
3900.049999952316,0.02490234375,-0.0048828125,0.962890625,3873.430833379427
3900.05999994278,0.02490234375,-0.0048828125,0.962890625,3873.440833369891
3900.069999933243,0.02685546875,0.0,1.05126953125,3873.450833360354
3900.079999923706,0.02685546875,0.0,1.05126953125,3873.460833350817
3900.089999914169,0.03662109375,0.00341796875,1.0009765625,3873.47083334128
3900.099999904633,0.03662109375,0.00341796875,1.0009765625,3873.480833331744
3900.109999895096,0.0361328125,0.00537109375,1.033203125,3873.490833322207
3900.119999885559,0.0361328125,0.00537109375,1.033203125,3873.5008333126702
3900.1299998760223,0.03271484375,-0.0048828125,1.00732421875,3873.5108333031335
3900.1399998664856,0.03271484375,-0.0048828125,1.00732421875,3873.5208332935968
3900.150000095368,0.0263671875,-0.009765625,1.02490234375,3873.530833522479
3900.160000085831,0.0263671875,-0.009765625,1.02490234375,3873.5408335129423
3900.170000076294,0.03662109375,0.00634765625,0.990234375,3873.550833503405
3900.180000066757,0.03662109375,0.00634765625,0.990234375,3873.5608334938684
3900.190000057221,0.0302734375,0.0,1.0517578125,3873.570833484332
3900.200000047684,0.0302734375,0.0,1.0517578125,3873.5808334747953
3900.210000038147,0.03271484375,-0.0146484375,0.9501953125,3873.590833465258
3900.22000002861,0.03271484375,-0.0146484375,0.9501953125,3873.600833455721
3900.2300000190735,0.02783203125,-0.00341796875,1.0537109375,3873.6108334461846
3900.2400000095367,0.02783203125,-0.00341796875,1.0537109375,3873.620833436648
3900.25,0.04541015625,0.00048828125,0.98828125,3873.630833427111
3900.2599999904633,0.04541015625,0.00048828125,0.98828125,3873.6408334175744
3900.2699999809274,0.03271484375,-0.00537109375,1.04541015625,3873.6508334080386
3900.2799999713898,0.03271484375,-0.00537109375,1.04541015625,3873.660833398501
3900.289999961853,0.02587890625,-0.01171875,0.9619140625,3873.670833388964
3900.299999952316,0.02587890625,-0.01171875,0.9619140625,3873.680833379427
3900.30999994278,0.0283203125,-0.005859375,1.033203125,3873.690833369891
3900.319999933243,0.0283203125,-0.005859375,1.033203125,3873.700833360354
3900.329999923706,0.04833984375,0.001953125,0.98876953125,3873.710833350817
3900.339999914169,0.04833984375,0.001953125,0.98876953125,3873.72083334128
3900.349999904633,0.0322265625,-0.01708984375,1.033203125,3873.730833331744
3900.359999895096,0.0322265625,-0.01708984375,1.033203125,3873.740833322207
3900.369999885559,0.0302734375,0.0048828125,0.970703125,3873.7508333126702
3900.3799998760223,0.0302734375,0.0048828125,0.970703125,3873.7608333031335
3900.3899998664856,0.0234375,-0.01025390625,1.03076171875,3873.7708332935968
3900.400000095368,0.0234375,-0.01025390625,1.03076171875,3873.780833522479
3900.410000085831,0.0517578125,-0.0107421875,0.98583984375,3873.7908335129423
3900.420000076294,0.0517578125,-0.0107421875,0.98583984375,3873.800833503405
3900.430000066757,0.03125,-0.01123046875,1.0302734375,3873.8108334938684
3900.440000057221,0.03125,-0.01123046875,1.0302734375,3873.820833484332
3900.450000047684,0.02587890625,0.0107421875,0.9619140625,3873.8308334747953
3900.460000038147,0.02587890625,0.0107421875,0.9619140625,3873.840833465258
3900.47000002861,0.03173828125,-0.01904296875,1.02099609375,3873.850833455721
3900.4800000190735,0.03173828125,-0.01904296875,1.02099609375,3873.8608334461846
3900.4900000095367,0.0517578125,-0.0048828125,1.01806640625,3873.870833436648
3900.5,0.0517578125,-0.0048828125,1.01806640625,3873.880833427111
3900.5099999904633,0.02880859375,-0.01171875,0.984375,3873.8908334175744
3900.5199999809274,0.02880859375,-0.01171875,0.984375,3873.9008334080386
3900.5299999713898,0.02978515625,0.005859375,1.009765625,3873.910833398501
3900.539999961853,0.02978515625,0.005859375,1.009765625,3873.920833388964
3900.549999952316,0.02685546875,-0.01708984375,0.99560546875,3873.930833379427
3900.55999994278,0.02685546875,-0.01708984375,0.99560546875,3873.940833369891
3900.569999933243,0.04931640625,-0.0009765625,1.009765625,3873.950833360354
3900.579999923706,0.04931640625,-0.0009765625,1.009765625,3873.960833350817
3900.589999914169,0.0283203125,-0.0087890625,1.01220703125,3873.97083334128
3900.599999904633,0.0283203125,-0.0087890625,1.01220703125,3873.980833331744
3900.609999895096,0.029296875,-0.0087890625,0.9912109375,3873.990833322207
3900.619999885559,0.029296875,-0.0087890625,0.9912109375,3874.0008333126702
3900.6299998760223,0.03271484375,-0.01220703125,0.99072265625,3874.0108333031335
3900.6399998664856,0.03271484375,-0.01220703125,0.99072265625,3874.0208332935968
3900.650000095368,0.04443359375,0.01171875,1.03271484375,3874.030833522479
3900.660000085831,0.04443359375,0.01171875,1.03271484375,3874.0408335129423
3900.664999961853,0.02685546875,-0.02587890625,0.962890625,3874.045833388964
3900.670000076294,0.0302734375,-0.0009765625,1.0478515625,3874.050833503405
3900.690000057221,0.0302734375,-0.0009765625,1.0478515625,3874.070833484332
3900.704999923706,0.029296875,0.00048828125,0.96044921875,3874.085833350817
3900.714999914169,0.029296875,0.00048828125,0.96044921875,3874.09583334128
3900.724999904633,0.046875,0.00244140625,1.03369140625,3874.105833331744
3900.734999895096,0.046875,0.00244140625,1.03369140625,3874.115833322207
3900.744999885559,0.0283203125,-0.02392578125,0.99951171875,3874.1258333126702
3900.7549998760223,0.0283203125,-0.02392578125,0.99951171875,3874.1358333031335
3900.7649998664856,0.0263671875,-0.0009765625,1.01171875,3874.1458332935968
3900.775000095368,0.0263671875,-0.0009765625,1.01171875,3874.155833522479
3900.785000085831,0.03955078125,0.001953125,0.986328125,3874.1658335129423
3900.795000076294,0.03955078125,0.001953125,0.986328125,3874.175833503405
3900.805000066757,0.04150390625,-0.005859375,1.044921875,3874.1858334938684
3900.815000057221,0.04150390625,-0.005859375,1.044921875,3874.195833484332
3900.825000047684,0.0244140625,-0.01513671875,0.95166015625,3874.2058334747953
3900.835000038147,0.0244140625,-0.01513671875,0.95166015625,3874.215833465258
3900.84500002861,0.0263671875,0.01025390625,1.08056640625,3874.225833455721
3900.8550000190735,0.0263671875,0.01025390625,1.08056640625,3874.2358334461846
3900.8650000095367,0.037109375,-0.00732421875,0.94677734375,3874.245833436648
3900.875,0.037109375,-0.00732421875,0.94677734375,3874.255833427111
3900.8849999904633,0.0439453125,-0.005859375,1.05517578125,3874.2658334175744
3900.8949999809274,0.0439453125,-0.005859375,1.05517578125,3874.2758334080386
3900.9049999713898,0.03076171875,0.00146484375,0.9853515625,3874.285833398501
3900.914999961853,0.03076171875,0.00146484375,0.9853515625,3874.295833388964
3900.924999952316,0.0185546875,-0.005859375,1.0078125,3874.305833379427
3900.93499994278,0.0185546875,-0.005859375,1.0078125,3874.315833369891
3900.944999933243,0.0439453125,0.00146484375,0.998046875,3874.325833360354
3900.954999923706,0.0439453125,0.00146484375,0.998046875,3874.335833350817
3900.964999914169,0.03173828125,-0.001953125,1.052734375,3874.34583334128
3900.974999904633,0.03173828125,-0.001953125,1.052734375,3874.355833331744
3900.984999895096,0.02978515625,0.00732421875,0.9521484375,3874.365833322207
3900.994999885559,0.02978515625,0.00732421875,0.9521484375,3874.3758333126702
3901.0049998760223,0.02490234375,-0.01025390625,1.060546875,3874.3858333031335
3901.0149998664856,0.02490234375,-0.01025390625,1.060546875,3874.3958332935968
3901.025000095368,0.04443359375,0.0029296875,0.9912109375,3874.405833522479
3901.035000085831,0.04443359375,0.0029296875,0.9912109375,3874.4158335129423
3901.045000076294,0.02880859375,0.00537109375,1.0341796875,3874.425833503405
3901.055000066757,0.02880859375,0.00537109375,1.0341796875,3874.4358334938684
3901.065000057221,0.0283203125,0.00439453125,0.98486328125,3874.445833484332
3901.075000047684,0.0283203125,0.00439453125,0.98486328125,3874.4558334747953
3901.085000038147,0.025390625,-0.01171875,1.02734375,3874.465833465258
3901.09500002861,0.025390625,-0.01171875,1.02734375,3874.475833455721
3901.1050000190735,0.04296875,0.0185546875,1.02783203125,3874.4858334461846
3901.1150000095367,0.04296875,0.0185546875,1.02783203125,3874.495833436648
3901.125,0.02490234375,-0.00244140625,1.01611328125,3874.505833427111
3901.1349999904633,0.02490234375,-0.00244140625,1.01611328125,3874.5158334175744
3901.1449999809274,0.02880859375,0.00146484375,0.99609375,3874.5258334080386
3901.1549999713898,0.02880859375,0.00146484375,0.99609375,3874.535833398501
3901.164999961853,0.0263671875,-0.00048828125,1.0517578125,3874.545833388964
3901.174999952316,0.0263671875,-0.00048828125,1.0517578125,3874.555833379427
3901.18499994278,0.04296875,0.01708984375,0.998046875,3874.565833369891
3901.194999933243,0.04296875,0.01708984375,0.998046875,3874.575833360354
3901.204999923706,0.021484375,-0.0107421875,1.0283203125,3874.585833350817
3901.214999914169,0.021484375,-0.0107421875,1.0283203125,3874.59583334128
3901.224999904633,0.02587890625,0.01025390625,1.0146484375,3874.605833331744
3901.234999895096,0.02587890625,0.01025390625,1.0146484375,3874.615833322207
3901.244999885559,0.02587890625,0.00146484375,1.01806640625,3874.6258333126702
3901.2549998760223,0.02587890625,0.00146484375,1.01806640625,3874.6358333031335
3901.2649998664856,0.04736328125,0.01611328125,1.04150390625,3874.6458332935968
3901.275000095368,0.04736328125,0.01611328125,1.04150390625,3874.655833522479
3901.285000085831,0.01904296875,-0.015625,1.0048828125,3874.6658335129423
3901.295000076294,0.01904296875,-0.015625,1.0048828125,3874.675833503405
3901.305000066757,0.02197265625,0.02001953125,1.0390625,3874.6858334938684
3901.315000057221,0.02197265625,0.02001953125,1.0390625,3874.695833484332
3901.325000047684,0.0244140625,0.00390625,0.99755859375,3874.7058334747953
3901.335000038147,0.0244140625,0.00390625,0.99755859375,3874.715833465258
3901.34500002861,0.04638671875,0.00341796875,1.04345703125,3874.725833455721
3901.3550000190735,0.04638671875,0.00341796875,1.04345703125,3874.7358334461846
3901.3650000095367,0.02099609375,-0.00341796875,1.02099609375,3874.745833436648
3901.375,0.02099609375,-0.00341796875,1.02099609375,3874.755833427111
3901.3849999904633,0.01806640625,0.0126953125,1.01416015625,3874.7658334175744
3901.3949999809274,0.01806640625,0.0126953125,1.01416015625,3874.7758334080386
3901.4049999713898,0.029296875,-0.0048828125,0.99755859375,3874.785833398501
3901.414999961853,0.029296875,-0.0048828125,0.99755859375,3874.795833388964
3901.424999952316,0.04345703125,0.01025390625,1.0703125,3874.805833379427
3901.43499994278,0.04345703125,0.01025390625,1.0703125,3874.815833369891
3901.444999933243,0.02001953125,-0.00634765625,0.9755859375,3874.825833360354
3901.454999923706,0.02001953125,-0.00634765625,0.9755859375,3874.835833350817
3901.464999914169,0.01953125,0.01708984375,1.0595703125,3874.84583334128
3901.474999904633,0.01953125,0.01708984375,1.0595703125,3874.855833331744
3901.484999895096,0.0244140625,-0.01123046875,0.96435546875,3874.865833322207
3901.494999885559,0.0244140625,-0.01123046875,0.96435546875,3874.8758333126702
3901.5049998760223,0.044921875,0.01220703125,1.07666015625,3874.8858333031335
3901.5149998664856,0.044921875,0.01220703125,1.07666015625,3874.8958332935968
3901.525000095368,0.02294921875,-0.0009765625,0.97998046875,3874.905833522479
3901.535000085831,0.02294921875,-0.0009765625,0.97998046875,3874.9158335129423
3901.545000076294,0.01953125,-0.005859375,1.02392578125,3874.925833503405
3901.555000066757,0.01953125,-0.005859375,1.02392578125,3874.9358334938684
3901.565000057221,0.03125,0.0048828125,1.0146484375,3874.945833484332
3901.575000047684,0.03125,0.0048828125,1.0146484375,3874.9558334747953
3901.585000038147,0.0283203125,0.0107421875,1.0361328125,3874.965833465258
3901.59500002861,0.0283203125,0.0107421875,1.0361328125,3874.975833455721
3901.6050000190735,0.02392578125,-0.0087890625,0.95849609375,3874.9858334461846
3901.6150000095367,0.02392578125,-0.0087890625,0.95849609375,3874.995833436648
3901.625,0.02294921875,-0.0029296875,1.087890625,3875.005833427111
3901.6349999904633,0.02294921875,-0.0029296875,1.087890625,3875.0158334175744
3901.6449999809274,0.0341796875,0.0087890625,0.9619140625,3875.0258334080386
3901.6549999713898,0.0341796875,0.0087890625,0.9619140625,3875.035833398501
3901.664999961853,0.02880859375,0.00439453125,1.04052734375,3875.045833388964
3901.670000076294,0.02880859375,0.00439453125,1.04052734375,3875.050833503405
3901.674999952316,0.02294921875,-0.0107421875,0.97412109375,3875.055833379427
3901.690000057221,0.02294921875,-0.0107421875,0.97412109375,3875.070833484332
3901.704999923706,0.0205078125,-0.00390625,1.04296875,3875.085833350817
3901.714999914169,0.0205078125,-0.00390625,1.04296875,3875.09583334128
3901.724999904633,0.03857421875,0.02099609375,1.00048828125,3875.105833331744
3901.734999895096,0.03857421875,0.02099609375,1.00048828125,3875.115833322207
3901.744999885559,0.0205078125,-0.0107421875,1.01806640625,3875.1258333126702
3901.7549998760223,0.0205078125,-0.0107421875,1.01806640625,3875.1358333031335
3901.7649998664856,0.025390625,0.0,0.9775390625,3875.1458332935968
3901.775000095368,0.025390625,0.0,0.9775390625,3875.155833522479
3901.785000085831,0.02197265625,0.00244140625,1.06005859375,3875.1658335129423
3901.795000076294,0.02197265625,0.00244140625,1.06005859375,3875.175833503405
3901.805000066757,0.04345703125,0.00390625,0.9619140625,3875.1858334938684
3901.815000057221,0.04345703125,0.00390625,0.9619140625,3875.195833484332
3901.825000047684,0.02001953125,-0.01220703125,1.04541015625,3875.2058334747953
3901.835000038147,0.02001953125,-0.01220703125,1.04541015625,3875.215833465258
3901.84500002861,0.02197265625,0.01171875,0.97265625,3875.225833455721
3901.8550000190735,0.02197265625,0.01171875,0.97265625,3875.2358334461846
3901.8650000095367,0.0224609375,-0.005859375,1.01416015625,3875.245833436648
3901.875,0.0224609375,-0.005859375,1.01416015625,3875.255833427111
3901.8849999904633,0.046875,-0.00048828125,1.0166015625,3875.2658334175744
3901.8949999809274,0.046875,-0.00048828125,1.0166015625,3875.2758334080386
3901.9049999713898,0.01953125,-0.00830078125,1.00341796875,3875.285833398501
3901.914999961853,0.01953125,-0.00830078125,1.00341796875,3875.295833388964
3901.924999952316,0.021484375,0.0146484375,0.986328125,3875.305833379427
3901.93499994278,0.021484375,0.0146484375,0.986328125,3875.315833369891
3901.944999933243,0.02587890625,-0.0166015625,1.0126953125,3875.325833360354
3901.954999923706,0.02587890625,-0.0166015625,1.0126953125,3875.335833350817
3901.964999914169,0.04443359375,0.00244140625,1.00634765625,3875.34583334128
3901.974999904633,0.04443359375,0.00244140625,1.00634765625,3875.355833331744
3901.984999895096,0.021484375,0.0009765625,0.9990234375,3875.365833322207
3901.994999885559,0.021484375,0.0009765625,0.9990234375,3875.3758333126702
3902.0049998760223,0.02099609375,0.0048828125,0.9951171875,3875.3858333031335
3902.0149998664856,0.02099609375,0.0048828125,0.9951171875,3875.3958332935968
3902.025000095368,0.0244140625,-0.017578125,0.99072265625,3875.405833522479
3902.035000085831,0.0244140625,-0.017578125,0.99072265625,3875.4158335129423
3902.045000076294,0.04248046875,0.0146484375,1.046875,3875.425833503405
3902.055000066757,0.04248046875,0.0146484375,1.046875,3875.4358334938684
3902.065000057221,0.02587890625,-0.01220703125,0.9423828125,3875.445833484332
3902.075000047684,0.02587890625,-0.01220703125,0.9423828125,3875.4558334747953
3902.085000038147,0.02490234375,-0.001953125,1.04443359375,3875.465833465258
3902.09500002861,0.02490234375,-0.001953125,1.04443359375,3875.475833455721
3902.1050000190735,0.03125,0.0,0.97216796875,3875.4858334461846
3902.1150000095367,0.03125,0.0,0.97216796875,3875.495833436648
3902.125,0.03125,0.01171875,1.03955078125,3875.505833427111
3902.1349999904633,0.03125,0.01171875,1.03955078125,3875.5158334175744
3902.1449999809274,0.02685546875,-0.0146484375,0.9599609375,3875.5258334080386
3902.1549999713898,0.02685546875,-0.0146484375,0.9599609375,3875.535833398501
3902.164999961853,0.02490234375,-0.01025390625,1.033203125,3875.545833388964
3902.174999952316,0.02490234375,-0.01025390625,1.033203125,3875.555833379427
3902.18499994278,0.04248046875,0.0185546875,0.98388671875,3875.565833369891
3902.194999933243,0.04248046875,0.0185546875,0.98388671875,3875.575833360354
3902.204999923706,0.0263671875,-0.01171875,1.017578125,3875.585833350817
3902.214999914169,0.0263671875,-0.01171875,1.017578125,3875.59583334128
3902.224999904633,0.029296875,-0.0048828125,0.98095703125,3875.605833331744
3902.234999895096,0.029296875,-0.0048828125,0.98095703125,3875.615833322207
3902.244999885559,0.02783203125,0.005859375,1.03759765625,3875.6258333126702
3902.2549998760223,0.02783203125,0.005859375,1.03759765625,3875.6358333031335
3902.2649998664856,0.04296875,0.0048828125,0.9580078125,3875.6458332935968
3902.275000095368,0.04296875,0.0048828125,0.9580078125,3875.655833522479
3902.285000085831,0.02490234375,-0.017578125,1.03857421875,3875.6658335129423
3902.295000076294,0.02490234375,-0.017578125,1.03857421875,3875.675833503405
3902.305000066757,0.02734375,0.00927734375,0.97705078125,3875.6858334938684
3902.315000057221,0.02734375,0.00927734375,0.97705078125,3875.695833484332
3902.325000047684,0.03369140625,0.0,1.00537109375,3875.7058334747953
3902.335000038147,0.03369140625,0.0,1.00537109375,3875.715833465258
3902.34500002861,0.04541015625,0.00048828125,1.01025390625,3875.725833455721
3902.3550000190735,0.04541015625,0.00048828125,1.01025390625,3875.7358334461846
3902.3650000095367,0.02978515625,-0.00390625,1.0,3875.745833436648
3902.375,0.02978515625,-0.00390625,1.0,3875.755833427111
3902.3849999904633,0.02587890625,0.01025390625,1.0078125,3875.7658334175744
3902.3949999809274,0.02587890625,0.01025390625,1.0078125,3875.7758334080386
3902.4049999713898,0.0390625,-0.009765625,0.98828125,3875.785833398501
3902.414999961853,0.0390625,-0.009765625,0.98828125,3875.795833388964
3902.424999952316,0.0361328125,0.0009765625,1.02685546875,3875.805833379427
3902.43499994278,0.0361328125,0.0009765625,1.02685546875,3875.815833369891
3902.444999933243,0.03369140625,0.01708984375,0.9755859375,3875.825833360354
3902.454999923706,0.03369140625,0.01708984375,0.9755859375,3875.835833350817
3902.464999914169,0.0244140625,-0.013671875,0.9990234375,3875.84583334128
3902.474999904633,0.0244140625,-0.013671875,0.9990234375,3875.855833331744
3902.484999895096,0.05029296875,0.013671875,1.02685546875,3875.865833322207
3902.494999885559,0.05029296875,0.013671875,1.02685546875,3875.8758333126702
3902.5049998760223,0.0322265625,0.0,1.01904296875,3875.8858333031335
3902.5149998664856,0.0322265625,0.0,1.01904296875,3875.8958332935968
3902.525000095368,0.033203125,0.0166015625,0.970703125,3875.905833522479
3902.535000085831,0.033203125,0.0166015625,0.970703125,3875.9158335129423
3902.545000076294,0.02734375,-0.01025390625,1.01611328125,3875.925833503405
3902.555000066757,0.02734375,-0.01025390625,1.01611328125,3875.9358334938684
3902.565000057221,0.05224609375,0.0234375,1.0087890625,3875.945833484332
3902.575000047684,0.05224609375,0.0234375,1.0087890625,3875.9558334747953
3902.585000038147,0.03369140625,-0.00390625,0.9951171875,3875.965833465258
3902.59500002861,0.03369140625,-0.00390625,0.9951171875,3875.975833455721
3902.6050000190735,0.03076171875,-0.00146484375,1.01416015625,3875.9858334461846
3902.6150000095367,0.03076171875,-0.00146484375,1.01416015625,3875.995833436648
3902.625,0.03759765625,0.0166015625,1.00634765625,3876.005833427111
3902.6349999904633,0.03759765625,0.0166015625,1.00634765625,3876.0158334175744
3902.6449999809274,0.03857421875,0.00830078125,1.00341796875,3876.0258334080386
3902.6549999713898,0.03857421875,0.00830078125,1.00341796875,3876.035833398501
3902.664999961853,0.03173828125,-0.00146484375,0.98291015625,3876.045833388964
3902.670000076294,0.03173828125,-0.00146484375,0.98291015625,3876.050833503405
3902.674999952316,0.03564453125,0.01318359375,1.02587890625,3876.055833379427
3902.694999933243,0.05126953125,0.01513671875,1.0029296875,3876.075833360354
3902.704999923706,0.05126953125,0.01513671875,1.0029296875,3876.085833350817
3902.714999914169,0.05126953125,0.01513671875,1.0029296875,3876.09583334128
3902.724999904633,0.03125,-0.0029296875,1.0185546875,3876.105833331744
3902.734999895096,0.03125,-0.0029296875,1.0185546875,3876.115833322207
3902.744999885559,0.03369140625,0.0146484375,0.9990234375,3876.1258333126702
3902.7549998760223,0.03369140625,0.0146484375,0.9990234375,3876.1358333031335
3902.7649998664856,0.0361328125,0.0048828125,1.0009765625,3876.1458332935968
3902.775000095368,0.0361328125,0.0048828125,1.0009765625,3876.155833522479
3902.785000085831,0.05029296875,0.01513671875,1.00244140625,3876.1658335129423
3902.795000076294,0.05029296875,0.01513671875,1.00244140625,3876.175833503405
3902.805000066757,0.03173828125,0.0029296875,1.0068359375,3876.1858334938684
3902.815000057221,0.03173828125,0.0029296875,1.0068359375,3876.195833484332
3902.825000047684,0.0380859375,0.01513671875,1.02099609375,3876.2058334747953
3902.835000038147,0.0380859375,0.01513671875,1.02099609375,3876.215833465258
3902.84500002861,0.041015625,0.00390625,0.9931640625,3876.225833455721
3902.8550000190735,0.041015625,0.00390625,0.9931640625,3876.2358334461846
3902.8650000095367,0.03857421875,0.0126953125,1.02880859375,3876.245833436648
3902.875,0.03857421875,0.0126953125,1.02880859375,3876.255833427111
3902.8849999904633,0.041015625,0.01953125,0.9921875,3876.2658334175744
3902.8949999809274,0.041015625,0.01953125,0.9921875,3876.2758334080386
3902.9049999713898,0.03271484375,-0.0048828125,0.990234375,3876.285833398501
3902.914999961853,0.03271484375,-0.0048828125,0.990234375,3876.295833388964
3902.924999952316,0.05517578125,0.02587890625,1.02685546875,3876.305833379427
3902.93499994278,0.05517578125,0.02587890625,1.02685546875,3876.315833369891
3902.944999933243,0.03466796875,0.005859375,1.021484375,3876.325833360354
3902.954999923706,0.03466796875,0.005859375,1.021484375,3876.335833350817
3902.964999914169,0.0380859375,0.01513671875,0.9775390625,3876.34583334128
3902.974999904633,0.0380859375,0.01513671875,0.9775390625,3876.355833331744
3902.984999895096,0.03564453125,0.00732421875,1.01806640625,3876.365833322207
3902.994999885559,0.03564453125,0.00732421875,1.01806640625,3876.3758333126702
3903.0049998760223,0.04931640625,0.01904296875,1.00341796875,3876.3858333031335
3903.0149998664856,0.04931640625,0.01904296875,1.00341796875,3876.3958332935968
3903.025000095368,0.04052734375,0.0029296875,0.98779296875,3876.405833522479
3903.035000085831,0.04052734375,0.0029296875,0.98779296875,3876.4158335129423
3903.045000076294,0.03564453125,0.01220703125,1.01416015625,3876.425833503405
3903.055000066757,0.03564453125,0.01220703125,1.01416015625,3876.4358334938684
3903.065000057221,0.04833984375,0.0205078125,1.009765625,3876.445833484332
3903.075000047684,0.04833984375,0.0205078125,1.009765625,3876.4558334747953
3903.085000038147,0.04052734375,0.00537109375,0.99853515625,3876.465833465258
3903.09500002861,0.04052734375,0.00537109375,0.99853515625,3876.475833455721
3903.1050000190735,0.037109375,0.02099609375,1.01416015625,3876.4858334461846
3903.1150000095367,0.037109375,0.02099609375,1.01416015625,3876.495833436648
3903.125,0.03759765625,0.01123046875,0.99365234375,3876.505833427111
3903.1349999904633,0.03759765625,0.01123046875,0.99365234375,3876.5158334175744
3903.1449999809274,0.05419921875,0.01708984375,1.0126953125,3876.5258334080386
3903.1549999713898,0.05419921875,0.01708984375,1.0126953125,3876.535833398501
3903.164999961853,0.03515625,0.00341796875,0.99365234375,3876.545833388964
3903.174999952316,0.03515625,0.00341796875,0.99365234375,3876.555833379427
3903.18499994278,0.044921875,0.0166015625,1.0185546875,3876.565833369891
3903.194999933243,0.044921875,0.0166015625,1.0185546875,3876.575833360354
3903.204999923706,0.0458984375,0.00927734375,0.990234375,3876.585833350817
3903.214999914169,0.0458984375,0.00927734375,0.990234375,3876.59583334128
3903.224999904633,0.0390625,0.0087890625,0.99462890625,3876.605833331744
3903.234999895096,0.0390625,0.0087890625,0.99462890625,3876.615833322207
3903.244999885559,0.03955078125,0.02099609375,1.02197265625,3876.6258333126702
3903.2549998760223,0.03955078125,0.02099609375,1.02197265625,3876.6358333031335
3903.2649998664856,0.04248046875,-0.00341796875,0.97265625,3876.6458332935968
3903.275000095368,0.04248046875,-0.00341796875,0.97265625,3876.655833522479
3903.285000085831,0.05224609375,0.01806640625,1.01416015625,3876.6658335129423
3903.295000076294,0.05224609375,0.01806640625,1.01416015625,3876.675833503405
3903.305000066757,0.0390625,0.0107421875,1.0302734375,3876.6858334938684
3903.315000057221,0.0390625,0.0107421875,1.0302734375,3876.695833484332
3903.325000047684,0.04150390625,0.00927734375,0.958984375,3876.7058334747953
3903.335000038147,0.04150390625,0.00927734375,0.958984375,3876.715833465258
3903.34500002861,0.03857421875,-0.00439453125,1.00146484375,3876.725833455721
3903.3550000190735,0.03857421875,-0.00439453125,1.00146484375,3876.7358334461846
3903.3650000095367,0.05078125,0.01513671875,1.02001953125,3876.745833436648
3903.375,0.05078125,0.01513671875,1.02001953125,3876.755833427111
3903.3849999904633,0.041015625,0.00927734375,0.97705078125,3876.7658334175744
3903.3949999809274,0.041015625,0.00927734375,0.97705078125,3876.7758334080386
3903.4049999713898,0.0361328125,-0.01416015625,0.9833984375,3876.785833398501
3903.414999961853,0.0361328125,-0.01416015625,0.9833984375,3876.795833388964
3903.424999952316,0.052734375,0.0146484375,1.046875,3876.805833379427
3903.43499994278,0.052734375,0.0146484375,1.046875,3876.815833369891
3903.444999933243,0.0419921875,0.00830078125,0.97509765625,3876.825833360354
3903.454999923706,0.0419921875,0.00830078125,0.97509765625,3876.835833350817
3903.464999914169,0.04150390625,-0.00244140625,0.97607421875,3876.84583334128
3903.474999904633,0.03759765625,0.001953125,1.02783203125,3876.855833331744
3903.484999895096,0.03759765625,0.001953125,1.02783203125,3876.865833322207
3903.494999885559,0.0537109375,0.01123046875,0.97802734375,3876.8758333126702
3903.5049998760223,0.0537109375,0.01123046875,0.97802734375,3876.8858333031335
3903.5149998664856,0.03564453125,-0.01318359375,0.9912109375,3876.8958332935968
3903.525000095368,0.03564453125,-0.01318359375,0.9912109375,3876.905833522479
3903.535000085831,0.04345703125,0.01416015625,1.03076171875,3876.9158335129423
3903.545000076294,0.04345703125,0.01416015625,1.03076171875,3876.925833503405
3903.555000066757,0.04150390625,-0.00146484375,0.96435546875,3876.9358334938684
3903.565000057221,0.04150390625,-0.00146484375,0.96435546875,3876.945833484332
3903.575000047684,0.041015625,0.00244140625,1.009765625,3876.9558334747953
3903.585000038147,0.041015625,0.00244140625,1.009765625,3876.965833465258
3903.59500002861,0.03955078125,0.00390625,0.99169921875,3876.975833455721
3903.6050000190735,0.03955078125,0.00390625,0.99169921875,3876.9858334461846
3903.6150000095367,0.0380859375,-0.00439453125,1.01416015625,3876.995833436648
3903.625,0.0380859375,-0.00439453125,1.01416015625,3877.005833427111
3903.6349999904633,0.05126953125,0.00537109375,0.98046875,3877.0158334175744
3903.6449999809274,0.05126953125,0.00537109375,0.98046875,3877.0258334080386
3903.6549999713898,0.0283203125,-0.01123046875,0.99609375,3877.035833398501
3903.664999961853,0.0283203125,-0.01123046875,0.99609375,3877.045833388964
3903.670000076294,0.0283203125,-0.01123046875,0.99609375,3877.050833503405
3903.674999952316,0.046875,0.01416015625,1.03662109375,3877.055833379427
3903.694999933243,0.03515625,-0.02001953125,0.94921875,3877.075833360354
3903.704999923706,0.03515625,-0.02001953125,0.94921875,3877.085833350817
3903.714999914169,0.04052734375,0.00244140625,1.01708984375,3877.09583334128
3903.724999904633,0.04052734375,0.00244140625,1.01708984375,3877.105833331744
3903.734999895096,0.03759765625,0.0078125,1.0263671875,3877.115833322207
3903.744999885559,0.03759765625,0.0078125,1.0263671875,3877.1258333126702
3903.7549998760223,0.03515625,-0.0166015625,0.9560546875,3877.1358333031335
3903.7649998664856,0.03515625,-0.0166015625,0.9560546875,3877.1458332935968
3903.775000095368,0.05126953125,0.0029296875,1.03662109375,3877.155833522479
3903.785000085831,0.05126953125,0.0029296875,1.03662109375,3877.1658335129423
3903.795000076294,0.03076171875,0.0029296875,1.00390625,3877.175833503405
3903.805000066757,0.03076171875,0.0029296875,1.00390625,3877.1858334938684
3903.815000057221,0.03369140625,-0.001953125,0.974609375,3877.195833484332
3903.825000047684,0.03369140625,-0.001953125,0.974609375,3877.2058334747953
3903.835000038147,0.0341796875,-0.0205078125,1.00439453125,3877.215833465258
3903.84500002861,0.0341796875,-0.0205078125,1.00439453125,3877.225833455721
3903.8550000190735,0.0439453125,0.0126953125,1.03466796875,3877.2358334461846
3903.8650000095367,0.0439453125,0.0126953125,1.03466796875,3877.245833436648
3903.875,0.03515625,-0.00390625,0.970703125,3877.255833427111
3903.8849999904633,0.03515625,-0.00390625,0.970703125,3877.2658334175744
3903.8949999809274,0.03466796875,-0.02099609375,1.01220703125,3877.2758334080386
3903.9049999713898,0.03466796875,-0.02099609375,1.01220703125,3877.285833398501
3903.914999961853,0.04150390625,0.0107421875,1.0390625,3877.295833388964
3903.924999952316,0.04150390625,0.0107421875,1.0390625,3877.305833379427
3903.93499994278,0.0302734375,-0.017578125,0.95654296875,3877.315833369891
3903.944999933243,0.0302734375,-0.017578125,0.95654296875,3877.325833360354
3903.954999923706,0.03662109375,0.00048828125,1.03076171875,3877.335833350817
3903.964999914169,0.03662109375,0.00048828125,1.03076171875,3877.34583334128
3903.974999904633,0.02734375,-0.00537109375,1.00439453125,3877.355833331744
3903.984999895096,0.02734375,-0.00537109375,1.00439453125,3877.365833322207
3903.994999885559,0.04638671875,-0.00634765625,1.0029296875,3877.3758333126702
3904.0049998760223,0.04638671875,-0.00634765625,1.0029296875,3877.3858333031335
3904.0149998664856,0.029296875,-0.0126953125,1.0166015625,3877.3958332935968
3904.025000095368,0.029296875,-0.0126953125,1.0166015625,3877.405833522479
3904.035000085831,0.03125,-0.005859375,1.00927734375,3877.4158335129423
3904.045000076294,0.03125,-0.005859375,1.00927734375,3877.425833503405
3904.055000066757,0.03857421875,-0.00244140625,1.02490234375,3877.4358334938684
3904.065000057221,0.03857421875,-0.00244140625,1.02490234375,3877.445833484332
3904.075000047684,0.025390625,-0.02197265625,0.9716796875,3877.4558334747953
3904.085000038147,0.025390625,-0.02197265625,0.9716796875,3877.465833465258
3904.09500002861,0.02978515625,0.0078125,1.04931640625,3877.475833455721
3904.1050000190735,0.02978515625,0.0078125,1.04931640625,3877.4858334461846
3904.1150000095367,0.03515625,-0.017578125,1.00390625,3877.495833436648
3904.125,0.03515625,-0.017578125,1.00390625,3877.505833427111
3904.1349999904633,0.0361328125,-0.013671875,1.001953125,3877.5158334175744
3904.1449999809274,0.0361328125,-0.013671875,1.001953125,3877.5258334080386
3904.1549999713898,0.02197265625,-0.0029296875,1.04248046875,3877.535833398501
3904.164999961853,0.02197265625,-0.0029296875,1.04248046875,3877.545833388964
3904.174999952316,0.03759765625,-0.01806640625,1.0146484375,3877.555833379427
3904.18499994278,0.03759765625,-0.01806640625,1.0146484375,3877.565833369891
3904.194999933243,0.03173828125,-0.01611328125,1.0048828125,3877.575833360354
3904.204999923706,0.03173828125,-0.01611328125,1.0048828125,3877.585833350817
3904.214999914169,0.02197265625,-0.009765625,1.0205078125,3877.59583334128
3904.224999904633,0.02197265625,-0.009765625,1.0205078125,3877.605833331744
3904.234999895096,0.02734375,0.001953125,1.04541015625,3877.615833322207
3904.244999885559,0.02734375,0.001953125,1.04541015625,3877.6258333126702
3904.2549998760223,0.029296875,-0.033203125,0.9853515625,3877.6358333031335
3904.2649998664856,0.029296875,-0.033203125,0.9853515625,3877.6458332935968
3904.275000095368,0.037109375,-0.00048828125,1.07177734375,3877.655833522479
3904.285000085831,0.037109375,-0.00048828125,1.07177734375,3877.6658335129423
3904.295000076294,0.0185546875,-0.00830078125,1.01025390625,3877.675833503405
3904.305000066757,0.0185546875,-0.00830078125,1.01025390625,3877.6858334938684
3904.315000057221,0.03076171875,-0.02197265625,1.00244140625,3877.695833484332
3904.325000047684,0.03076171875,-0.02197265625,1.00244140625,3877.7058334747953
3904.335000038147,0.0302734375,-0.009765625,1.06494140625,3877.715833465258
3904.34500002861,0.0302734375,-0.009765625,1.06494140625,3877.725833455721
3904.3550000190735,0.01953125,-0.01611328125,0.9951171875,3877.7358334461846
3904.3650000095367,0.01953125,-0.01611328125,0.9951171875,3877.745833436648
3904.375,0.02197265625,-0.00830078125,1.0283203125,3877.755833427111
3904.3849999904633,0.02197265625,-0.00830078125,1.0283203125,3877.7658334175744
3904.3949999809274,0.025390625,-0.01318359375,1.046875,3877.7758334080386
3904.4049999713898,0.025390625,-0.01318359375,1.046875,3877.785833398501
3904.414999961853,0.0341796875,-0.00390625,1.0419921875,3877.795833388964
3904.424999952316,0.0341796875,-0.00390625,1.0419921875,3877.805833379427
3904.43499994278,0.01904296875,-0.02392578125,1.00732421875,3877.815833369891
3904.444999933243,0.01904296875,-0.02392578125,1.00732421875,3877.825833360354
3904.454999923706,0.029296875,-0.00048828125,1.05224609375,3877.835833350817
3904.464999914169,0.029296875,-0.00048828125,1.05224609375,3877.84583334128
3904.474999904633,0.0263671875,-0.01513671875,1.03564453125,3877.855833331744
3904.484999895096,0.0263671875,-0.01513671875,1.03564453125,3877.865833322207
3904.494999885559,0.0224609375,-0.03076171875,0.994140625,3877.8758333126702
3904.5049998760223,0.0224609375,-0.03076171875,0.994140625,3877.8858333031335
3904.5149998664856,0.01904296875,0.01806640625,1.0771484375,3877.8958332935968
3904.525000095368,0.01904296875,0.01806640625,1.0771484375,3877.905833522479
3904.535000085831,0.02490234375,-0.015625,0.994140625,3877.9158335129423
3904.545000076294,0.02490234375,-0.015625,0.994140625,3877.925833503405
3904.555000066757,0.03271484375,-0.0107421875,1.06591796875,3877.9358334938684
3904.565000057221,0.03271484375,-0.0107421875,1.06591796875,3877.945833484332
3904.575000047684,0.009765625,-0.00244140625,1.01953125,3877.9558334747953
3904.585000038147,0.009765625,-0.00244140625,1.01953125,3877.965833465258
3904.59500002861,0.0361328125,-0.00439453125,1.04150390625,3877.975833455721
3904.6050000190735,0.0361328125,-0.00439453125,1.04150390625,3877.9858334461846
3904.6150000095367,0.03076171875,-0.0234375,1.05029296875,3877.995833436648
3904.625,0.03076171875,-0.0234375,1.05029296875,3878.005833427111
3904.6349999904633,0.01416015625,0.0068359375,1.0029296875,3878.0158334175744
3904.6449999809274,0.01416015625,0.0068359375,1.0029296875,3878.0258334080386
3904.6549999713898,0.02099609375,0.0009765625,1.05908203125,3878.035833398501
3904.664999961853,0.02099609375,0.0009765625,1.05908203125,3878.045833388964
3904.670000076294,0.0283203125,-0.0224609375,1.01220703125,3878.050833503405
3904.674999952316,0.021484375,0.0166015625,1.06201171875,3878.055833379427
3904.694999933243,0.021484375,0.0166015625,1.06201171875,3878.075833360354
3904.714999914169,0.017578125,-0.00634765625,1.02490234375,3878.09583334128
3904.724999904633,0.017578125,-0.00634765625,1.02490234375,3878.105833331744
3904.734999895096,0.03369140625,-0.0126953125,1.0322265625,3878.115833322207
3904.744999885559,0.03369140625,-0.0126953125,1.0322265625,3878.1258333126702
3904.7549998760223,0.02392578125,0.01025390625,1.0615234375,3878.1358333031335
3904.7649998664856,0.02392578125,0.01025390625,1.0615234375,3878.1458332935968
3904.775000095368,0.02001953125,-0.00634765625,1.00146484375,3878.155833522479
3904.785000085831,0.02001953125,-0.00634765625,1.00146484375,3878.1658335129423
3904.795000076294,0.01806640625,0.00390625,1.0625,3878.175833503405
3904.805000066757,0.01806640625,0.00390625,1.0625,3878.1858334938684
3904.815000057221,0.021484375,0.0009765625,1.0087890625,3878.195833484332
3904.825000047684,0.021484375,0.0009765625,1.0087890625,3878.2058334747953
3904.835000038147,0.025390625,0.00537109375,1.06396484375,3878.215833465258
3904.84500002861,0.025390625,0.00537109375,1.06396484375,3878.225833455721
3904.8550000190735,0.0146484375,-0.0048828125,1.00634765625,3878.2358334461846
3904.8650000095367,0.0146484375,-0.0048828125,1.00634765625,3878.245833436648
3904.875,0.02490234375,0.021484375,1.0546875,3878.255833427111
3904.8849999904633,0.02490234375,0.021484375,1.0546875,3878.2658334175744
3904.8949999809274,0.02978515625,-0.0126953125,1.05322265625,3878.2758334080386
3904.9049999713898,0.02978515625,-0.0126953125,1.05322265625,3878.285833398501
3904.914999961853,0.02099609375,-0.00244140625,0.98828125,3878.295833388964
3904.924999952316,0.02099609375,-0.00244140625,0.98828125,3878.305833379427
3904.93499994278,0.01806640625,0.02490234375,1.087890625,3878.315833369891
3904.944999933243,0.01806640625,0.02490234375,1.087890625,3878.325833360354
3904.954999923706,0.02734375,-0.01416015625,0.97412109375,3878.335833350817
3904.964999914169,0.02734375,-0.01416015625,0.97412109375,3878.34583334128
3904.974999904633,0.0126953125,0.00390625,1.05419921875,3878.355833331744
3904.984999895096,0.0126953125,0.00390625,1.05419921875,3878.365833322207
3904.994999885559,0.01904296875,0.01708984375,1.025390625,3878.3758333126702
3905.0049998760223,0.01904296875,0.01708984375,1.025390625,3878.3858333031335
3905.0149998664856,0.03125,-0.00439453125,1.02099609375,3878.3958332935968
3905.025000095368,0.03125,-0.00439453125,1.02099609375,3878.405833522479
3905.035000085831,0.02685546875,-0.00244140625,1.04833984375,3878.4158335129423
3905.045000076294,0.02685546875,-0.00244140625,1.04833984375,3878.425833503405
3905.055000066757,0.01611328125,0.02490234375,1.0205078125,3878.4358334938684
3905.065000057221,0.01611328125,0.02490234375,1.0205078125,3878.445833484332
3905.075000047684,0.02734375,-0.01416015625,1.029296875,3878.4558334747953
3905.085000038147,0.02734375,-0.01416015625,1.029296875,3878.465833465258
3905.09500002861,0.02734375,0.00341796875,1.0244140625,3878.475833455721
3905.1050000190735,0.02734375,0.00341796875,1.0244140625,3878.4858334461846
3905.1150000095367,0.01416015625,0.01904296875,1.03564453125,3878.495833436648
3905.125,0.01416015625,0.01904296875,1.03564453125,3878.505833427111
3905.1349999904633,0.02880859375,-0.01220703125,0.98876953125,3878.5158334175744
3905.1449999809274,0.02880859375,-0.01220703125,0.98876953125,3878.5258334080386
3905.1549999713898,0.02392578125,0.01220703125,1.05029296875,3878.535833398501
3905.164999961853,0.02392578125,0.01220703125,1.05029296875,3878.545833388964
3905.174999952316,0.0244140625,0.00732421875,1.01611328125,3878.555833379427
3905.18499994278,0.0244140625,0.00732421875,1.01611328125,3878.565833369891
3905.194999933243,0.02197265625,-0.00244140625,1.00244140625,3878.575833360354
3905.204999923706,0.02197265625,-0.00244140625,1.00244140625,3878.585833350817
3905.214999914169,0.02978515625,0.00830078125,1.0458984375,3878.59583334128
3905.224999904633,0.02978515625,0.00830078125,1.0458984375,3878.605833331744
3905.234999895096,0.03076171875,0.005859375,1.01953125,3878.615833322207
3905.244999885559,0.03076171875,0.005859375,1.01953125,3878.6258333126702
3905.2549998760223,0.02783203125,-0.0048828125,1.01513671875,3878.6358333031335
3905.2649998664856,0.02783203125,-0.0048828125,1.01513671875,3878.6458332935968
3905.275000095368,0.02001953125,0.0078125,1.00537109375,3878.655833522479
3905.285000085831,0.02001953125,0.0078125,1.00537109375,3878.6658335129423
3905.295000076294,0.02734375,0.01025390625,1.046875,3878.675833503405
3905.305000066757,0.02734375,0.01025390625,1.046875,3878.6858334938684
3905.315000057221,0.03125,-0.02294921875,0.98388671875,3878.695833484332
3905.325000047684,0.03125,-0.02294921875,0.98388671875,3878.7058334747953
3905.335000038147,0.01953125,0.025390625,1.0302734375,3878.715833465258
3905.34500002861,0.01953125,0.025390625,1.0302734375,3878.725833455721
3905.3550000190735,0.03076171875,0.00634765625,1.0224609375,3878.7358334461846
3905.3650000095367,0.03076171875,0.00634765625,1.0224609375,3878.745833436648
3905.375,0.037109375,-0.0234375,1.0,3878.755833427111
3905.3849999904633,0.037109375,-0.0234375,1.0,3878.7658334175744
3905.3949999809274,0.01953125,0.02294921875,1.0361328125,3878.7758334080386
3905.4049999713898,0.01953125,0.02294921875,1.0361328125,3878.785833398501
3905.414999961853,0.0341796875,-0.0029296875,0.99755859375,3878.795833388964
3905.424999952316,0.0341796875,-0.0029296875,0.99755859375,3878.805833379427
3905.43499994278,0.037109375,-0.01318359375,1.02734375,3878.815833369891
3905.444999933243,0.037109375,-0.01318359375,1.02734375,3878.825833360354
3905.454999923706,0.0185546875,0.01123046875,0.97900390625,3878.835833350817
3905.464999914169,0.0185546875,0.01123046875,0.97900390625,3878.84583334128
3905.474999904633,0.03271484375,0.00146484375,1.00927734375,3878.855833331744
3905.484999895096,0.03271484375,0.00146484375,1.00927734375,3878.865833322207
3905.494999885559,0.037109375,-0.015625,1.00244140625,3878.8758333126702
3905.5049998760223,0.037109375,-0.015625,1.00244140625,3878.8858333031335
3905.5149998664856,0.01953125,0.01025390625,1.02392578125,3878.8958332935968
3905.525000095368,0.01953125,0.01025390625,1.02392578125,3878.905833522479
3905.535000085831,0.03125,0.0048828125,0.99560546875,3878.9158335129423
3905.545000076294,0.03125,0.0048828125,0.99560546875,3878.925833503405
3905.555000066757,0.0458984375,-0.02001953125,0.99267578125,3878.9358334938684
3905.565000057221,0.0458984375,-0.02001953125,0.99267578125,3878.945833484332
3905.575000047684,0.0302734375,0.0166015625,1.04052734375,3878.9558334747953
3905.585000038147,0.0302734375,0.0166015625,1.04052734375,3878.965833465258
3905.59500002861,0.02685546875,-0.01025390625,0.9501953125,3878.975833455721
3905.6050000190735,0.02685546875,-0.01025390625,0.9501953125,3878.9858334461846
3905.6150000095367,0.04345703125,-0.01318359375,1.013671875,3878.995833436648
3905.625,0.04345703125,-0.01318359375,1.013671875,3879.005833427111
3905.6349999904633,0.02978515625,0.01513671875,1.0068359375,3879.0158334175744
3905.6449999809274,0.02978515625,0.01513671875,1.0068359375,3879.0258334080386
3905.6549999713898,0.033203125,-0.0166015625,0.9873046875,3879.035833398501
3905.664999961853,0.033203125,-0.0166015625,0.9873046875,3879.045833388964
3905.670000076294,0.03515625,0.00244140625,0.99072265625,3879.050833503405
3905.674999952316,0.03515625,0.00244140625,0.99072265625,3879.055833379427
3905.694999933243,0.03515625,0.0107421875,0.9921875,3879.075833360354
3905.704999923706,0.03515625,0.0107421875,0.9921875,3879.085833350817
3905.714999914169,0.04150390625,-0.02392578125,1.01025390625,3879.09583334128
3905.724999904633,0.04150390625,-0.02392578125,1.01025390625,3879.105833331744
3905.734999895096,0.033203125,0.00341796875,0.94775390625,3879.115833322207
3905.744999885559,0.033203125,0.00341796875,0.94775390625,3879.1258333126702
3905.7549998760223,0.03759765625,0.02197265625,1.0029296875,3879.1358333031335
3905.7649998664856,0.03759765625,0.02197265625,1.0029296875,3879.1458332935968
3905.775000095368,0.046875,-0.02783203125,1.01220703125,3879.155833522479
3905.785000085831,0.046875,-0.02783203125,1.01220703125,3879.1658335129423
3905.795000076294,0.03173828125,0.0048828125,0.95263671875,3879.175833503405
3905.805000066757,0.03173828125,0.0048828125,0.95263671875,3879.1858334938684
3905.815000057221,0.03515625,0.02001953125,0.99951171875,3879.195833484332
3905.825000047684,0.03515625,0.02001953125,0.99951171875,3879.2058334747953
3905.835000038147,0.0498046875,-0.03271484375,0.97412109375,3879.215833465258
3905.84500002861,0.0498046875,-0.03271484375,0.97412109375,3879.225833455721
3905.8550000190735,0.03466796875,0.0087890625,0.96240234375,3879.2358334461846
3905.8650000095367,0.03466796875,0.0087890625,0.96240234375,3879.245833436648
3905.875,0.03759765625,0.01611328125,0.97021484375,3879.255833427111
3905.8849999904633,0.03759765625,0.01611328125,0.97021484375,3879.2658334175744
3905.8949999809274,0.056640625,-0.01904296875,1.00439453125,3879.2758334080386
3905.9049999713898,0.056640625,-0.01904296875,1.00439453125,3879.285833398501
3905.914999961853,0.03125,0.01513671875,0.99267578125,3879.295833388964
3905.924999952316,0.03125,0.01513671875,0.99267578125,3879.305833379427
3905.93499994278,0.0341796875,0.00927734375,0.939453125,3879.315833369891
3905.944999933243,0.0341796875,0.00927734375,0.939453125,3879.325833360354
3905.954999923706,0.06689453125,-0.02392578125,1.01953125,3879.335833350817
3905.964999914169,0.06689453125,-0.02392578125,1.01953125,3879.34583334128
3905.974999904633,0.03564453125,0.0224609375,0.95703125,3879.355833331744
3905.984999895096,0.03564453125,0.0224609375,0.95703125,3879.365833322207
3905.994999885559,0.033203125,-0.0068359375,0.90234375,3879.3758333126702
3906.0049998760223,0.033203125,-0.0068359375,0.90234375,3879.3858333031335
3906.0149998664856,0.06787109375,-0.00927734375,1.05322265625,3879.3958332935968
3906.025000095368,0.06787109375,-0.00927734375,1.05322265625,3879.405833522479
3906.035000085831,0.03369140625,0.03076171875,0.94970703125,3879.4158335129423
3906.045000076294,0.03369140625,0.03076171875,0.94970703125,3879.425833503405
3906.055000066757,0.037109375,-0.01513671875,0.9267578125,3879.4358334938684
3906.065000057221,0.037109375,-0.01513671875,0.9267578125,3879.445833484332
3906.075000047684,0.064453125,0.00830078125,1.0546875,3879.4558334747953
3906.085000038147,0.064453125,0.00830078125,1.0546875,3879.465833465258
3906.09500002861,0.03857421875,0.01025390625,0.8837890625,3879.475833455721
3906.1050000190735,0.03857421875,0.01025390625,0.8837890625,3879.4858334461846
3906.1150000095367,0.04736328125,-0.01806640625,0.97705078125,3879.495833436648
3906.125,0.04736328125,-0.01806640625,0.97705078125,3879.505833427111
3906.1349999904633,0.05029296875,0.03076171875,1.03173828125,3879.5158334175744
3906.1449999809274,0.05029296875,0.03076171875,1.03173828125,3879.5258334080386
3906.1549999713898,0.0400390625,0.00537109375,0.8720703125,3879.535833398501
3906.164999961853,0.0400390625,0.00537109375,0.8720703125,3879.545833388964
3906.174999952316,0.05908203125,-0.01220703125,1.0673828125,3879.555833379427
3906.18499994278,0.05908203125,-0.01220703125,1.0673828125,3879.565833369891
3906.194999933243,0.03759765625,0.03564453125,0.96728515625,3879.575833360354
3906.204999923706,0.03759765625,0.03564453125,0.96728515625,3879.585833350817
3906.214999914169,0.04345703125,-0.0048828125,0.8935546875,3879.59583334128
3906.224999904633,0.04345703125,-0.0048828125,0.8935546875,3879.605833331744
3906.234999895096,0.06591796875,-0.00390625,1.07373046875,3879.615833322207
3906.244999885559,0.06591796875,-0.00390625,1.07373046875,3879.6258333126702
3906.2549998760223,0.033203125,0.0283203125,0.90673828125,3879.6358333031335
3906.2649998664856,0.033203125,0.0283203125,0.90673828125,3879.6458332935968
3906.275000095368,0.048828125,-0.0087890625,0.93896484375,3879.655833522479
3906.285000085831,0.048828125,-0.0087890625,0.93896484375,3879.6658335129423
3906.295000076294,0.06103515625,0.015625,1.08740234375,3879.675833503405
3906.305000066757,0.06103515625,0.015625,1.08740234375,3879.6858334938684
3906.315000057221,0.02587890625,0.01318359375,0.890625,3879.695833484332
3906.325000047684,0.02587890625,0.01318359375,0.890625,3879.7058334747953
3906.335000038147,0.05419921875,-0.00439453125,1.00048828125,3879.715833465258
3906.34500002861,0.05419921875,-0.00439453125,1.00048828125,3879.725833455721
3906.3550000190735,0.0576171875,0.0224609375,1.0556640625,3879.7358334461846
3906.3650000095367,0.0576171875,0.0224609375,1.0556640625,3879.745833436648
3906.375,0.02685546875,0.01025390625,0.87158203125,3879.755833427111
3906.3849999904633,0.02685546875,0.01025390625,0.87158203125,3879.7658334175744
3906.3949999809274,0.05908203125,-0.00341796875,1.044921875,3879.7758334080386
3906.4049999713898,0.05908203125,-0.00341796875,1.044921875,3879.785833398501
3906.414999961853,0.0537109375,0.02001953125,1.0107421875,3879.795833388964
3906.424999952316,0.0537109375,0.02001953125,1.0107421875,3879.805833379427
3906.43499994278,0.02978515625,0.001953125,0.91162109375,3879.815833369891
3906.444999933243,0.02978515625,0.001953125,0.91162109375,3879.825833360354
3906.454999923706,0.05322265625,0.005859375,1.0673828125,3879.835833350817
3906.464999914169,0.05322265625,0.005859375,1.0673828125,3879.84583334128
3906.474999904633,0.0537109375,0.02294921875,0.9873046875,3879.855833331744
3906.484999895096,0.0537109375,0.02294921875,0.9873046875,3879.865833322207
3906.494999885559,0.041015625,-0.0029296875,0.94580078125,3879.8758333126702
3906.5049998760223,0.041015625,-0.0029296875,0.94580078125,3879.8858333031335
3906.5149998664856,0.05126953125,0.0068359375,1.04931640625,3879.8958332935968
3906.525000095368,0.05126953125,0.0068359375,1.04931640625,3879.905833522479
3906.535000085831,0.0439453125,0.0244140625,0.97021484375,3879.9158335129423
3906.545000076294,0.0439453125,0.0244140625,0.97021484375,3879.925833503405
3906.555000066757,0.05078125,-0.01171875,0.96875,3879.9358334938684
3906.565000057221,0.05078125,-0.01171875,0.96875,3879.945833484332
3906.575000047684,0.04833984375,0.005859375,1.056640625,3879.9558334747953
3906.585000038147,0.04833984375,0.005859375,1.056640625,3879.965833465258
3906.59500002861,0.03369140625,0.0361328125,0.96435546875,3879.975833455721
3906.6050000190735,0.03369140625,0.0361328125,0.96435546875,3879.9858334461846
3906.6150000095367,0.05810546875,-0.01171875,1.00634765625,3879.995833436648
3906.625,0.05810546875,-0.01171875,1.00634765625,3880.005833427111
3906.6349999904633,0.04541015625,0.01123046875,1.05419921875,3880.0158334175744
3906.6449999809274,0.04541015625,0.01123046875,1.05419921875,3880.0258334080386
3906.6549999713898,0.03125,0.03515625,0.9482421875,3880.035833398501
3906.664999961853,0.03125,0.03515625,0.9482421875,3880.045833388964
3906.670000076294,0.06298828125,-0.0146484375,1.015625,3880.050833503405
3906.674999952316,0.04638671875,0.01611328125,1.0810546875,3880.055833379427
3906.694999933243,0.04638671875,0.01611328125,1.0810546875,3880.075833360354
3906.710000038147,0.0283203125,0.0244140625,0.90283203125,3880.090833465258
3906.72000002861,0.0283203125,0.0244140625,0.90283203125,3880.100833455721
3906.7300000190735,0.06298828125,-0.0087890625,1.09130859375,3880.1108334461846
3906.7400000095367,0.06298828125,-0.0087890625,1.09130859375,3880.120833436648
3906.75,0.04150390625,0.02783203125,1.03564453125,3880.130833427111
3906.7599999904633,0.04150390625,0.02783203125,1.03564453125,3880.1408334175744
3906.7699999809274,0.0322265625,0.01171875,0.92041015625,3880.1508334080386
3906.7799999713898,0.0322265625,0.01171875,0.92041015625,3880.160833398501
3906.789999961853,0.06494140625,-0.0107421875,1.09765625,3880.170833388964
3906.799999952316,0.06494140625,-0.0107421875,1.09765625,3880.180833379427
3906.80999994278,0.03759765625,0.03466796875,1.00390625,3880.190833369891
3906.819999933243,0.03759765625,0.03466796875,1.00390625,3880.200833360354
3906.829999923706,0.03369140625,-0.0009765625,0.953125,3880.210833350817
3906.839999914169,0.03369140625,-0.0009765625,0.953125,3880.22083334128
3906.849999904633,0.0625,0.0009765625,1.1083984375,3880.230833331744
3906.859999895096,0.0625,0.0009765625,1.1083984375,3880.240833322207
3906.869999885559,0.03662109375,0.03271484375,0.97802734375,3880.2508333126702
3906.8799998760223,0.03662109375,0.03271484375,0.97802734375,3880.2608333031335
3906.8899998664856,0.0400390625,-0.01123046875,0.98828125,3880.2708332935968
3906.900000095368,0.0400390625,-0.01123046875,0.98828125,3880.280833522479
3906.910000085831,0.05126953125,0.013671875,1.08740234375,3880.2908335129423
3906.920000076294,0.05126953125,0.013671875,1.08740234375,3880.300833503405
3906.930000066757,0.0380859375,0.02001953125,0.95068359375,3880.3108334938684
3906.940000057221,0.0380859375,0.02001953125,0.95068359375,3880.320833484332
3906.950000047684,0.0498046875,-0.01513671875,1.048828125,3880.3308334747953
3906.960000038147,0.0498046875,-0.01513671875,1.048828125,3880.340833465258
3906.97000002861,0.04345703125,0.02392578125,1.05078125,3880.350833455721
3906.9800000190735,0.04345703125,0.02392578125,1.05078125,3880.3608334461846
3906.9900000095367,0.0390625,0.017578125,0.962890625,3880.370833436648
3907.0,0.0390625,0.017578125,0.962890625,3880.380833427111
3907.0099999904633,0.0546875,-0.021484375,1.06396484375,3880.3908334175744
3907.0199999809274,0.0546875,-0.021484375,1.06396484375,3880.4008334080386
3907.0299999713898,0.0380859375,0.0283203125,1.02001953125,3880.410833398501
3907.039999961853,0.0380859375,0.0283203125,1.02001953125,3880.420833388964
3907.049999952316,0.03955078125,0.00732421875,0.96337890625,3880.430833379427
3907.05999994278,0.03955078125,0.00732421875,0.96337890625,3880.440833369891
3907.069999933243,0.0595703125,-0.0185546875,1.08203125,3880.450833360354
3907.079999923706,0.0595703125,-0.0185546875,1.08203125,3880.460833350817
3907.089999914169,0.03369140625,0.01708984375,1.00146484375,3880.47083334128
3907.099999904633,0.03369140625,0.01708984375,1.00146484375,3880.480833331744
3907.109999895096,0.0390625,0.00341796875,0.98388671875,3880.490833322207
3907.119999885559,0.0390625,0.00341796875,0.98388671875,3880.5008333126702
3907.1299998760223,0.06005859375,-0.0107421875,1.0712890625,3880.5108333031335
3907.1399998664856,0.06005859375,-0.0107421875,1.0712890625,3880.5208332935968
3907.150000095368,0.02880859375,0.01708984375,0.99462890625,3880.530833522479
3907.160000085831,0.02880859375,0.01708984375,0.99462890625,3880.5408335129423
3907.170000076294,0.04296875,-0.00830078125,0.98876953125,3880.550833503405
3907.180000066757,0.04296875,-0.00830078125,0.98876953125,3880.5608334938684
3907.190000057221,0.060546875,-0.009765625,1.0830078125,3880.570833484332
3907.200000047684,0.060546875,-0.009765625,1.0830078125,3880.5808334747953
3907.210000038147,0.02587890625,0.0146484375,0.984375,3880.590833465258
3907.22000002861,0.02587890625,0.0146484375,0.984375,3880.600833455721
3907.2300000190735,0.041015625,-0.02197265625,0.9873046875,3880.6108334461846
3907.2400000095367,0.041015625,-0.02197265625,0.9873046875,3880.620833436648
3907.25,0.0634765625,0.0029296875,1.10107421875,3880.630833427111
3907.2599999904633,0.0634765625,0.0029296875,1.10107421875,3880.6408334175744
3907.2699999809274,0.02685546875,0.00537109375,0.9599609375,3880.6508334080386
3907.2799999713898,0.02685546875,0.00537109375,0.9599609375,3880.660833398501
3907.289999961853,0.04345703125,-0.0283203125,1.0087890625,3880.670833388964
3907.299999952316,0.04345703125,-0.0283203125,1.0087890625,3880.680833379427
3907.30999994278,0.05517578125,0.00341796875,1.0810546875,3880.690833369891
3907.319999933243,0.05517578125,0.00341796875,1.0810546875,3880.700833360354
3907.329999923706,0.0302734375,-0.00048828125,0.9482421875,3880.710833350817
3907.339999914169,0.0302734375,-0.00048828125,0.9482421875,3880.72083334128
3907.349999904633,0.0458984375,-0.0361328125,1.0390625,3880.730833331744
3907.359999895096,0.0458984375,-0.0361328125,1.0390625,3880.740833322207
3907.369999885559,0.044921875,0.0166015625,1.0625,3880.7508333126702
3907.3799998760223,0.044921875,0.0166015625,1.0625,3880.7608333031335
3907.3899998664856,0.0380859375,-0.017578125,0.94287109375,3880.7708332935968
3907.400000095368,0.0380859375,-0.017578125,0.94287109375,3880.780833522479
3907.410000085831,0.0478515625,-0.03515625,1.0712890625,3880.7908335129423
3907.420000076294,0.0478515625,-0.03515625,1.0712890625,3880.800833503405
3907.430000066757,0.0302734375,0.021484375,1.0205078125,3880.8108334938684
3907.440000057221,0.0302734375,0.021484375,1.0205078125,3880.820833484332
3907.450000047684,0.041015625,-0.03173828125,0.94873046875,3880.8308334747953
3907.460000038147,0.041015625,-0.03173828125,0.94873046875,3880.840833465258
3907.47000002861,0.05517578125,-0.03369140625,1.1103515625,3880.850833455721
3907.4800000190735,0.05517578125,-0.03369140625,1.1103515625,3880.8608334461846
3907.4900000095367,0.0263671875,0.01806640625,0.96826171875,3880.870833436648
3907.5,0.0263671875,0.01806640625,0.96826171875,3880.880833427111
3907.5099999904633,0.044921875,-0.03662109375,0.9951171875,3880.8908334175744
3907.5199999809274,0.044921875,-0.03662109375,0.9951171875,3880.9008334080386
3907.5299999713898,0.05078125,-0.025390625,1.10107421875,3880.910833398501
3907.539999961853,0.05078125,-0.025390625,1.10107421875,3880.920833388964
3907.549999952316,0.0205078125,0.00341796875,0.927734375,3880.930833379427
3907.55999994278,0.0205078125,0.00341796875,0.927734375,3880.940833369891
3907.569999933243,0.05224609375,-0.03759765625,1.0322265625,3880.950833360354
3907.579999923706,0.05224609375,-0.03759765625,1.0322265625,3880.960833350817
3907.589999914169,0.04736328125,-0.01611328125,1.07958984375,3880.97083334128
3907.599999904633,0.04736328125,-0.01611328125,1.07958984375,3880.980833331744
3907.609999895096,0.01806640625,-0.01171875,0.93505859375,3880.990833322207
3907.619999885559,0.01806640625,-0.01171875,0.93505859375,3881.0008333126702
3907.6299998760223,0.05322265625,-0.03515625,1.06689453125,3881.0108333031335
3907.6399998664856,0.05322265625,-0.03515625,1.06689453125,3881.0208332935968
3907.650000095368,0.04248046875,-0.01806640625,1.02685546875,3881.030833522479
3907.660000085831,0.04248046875,-0.01806640625,1.02685546875,3881.0408335129423
3907.670000076294,0.01904296875,-0.01123046875,0.9482421875,3881.050833503405
3907.674999952316,0.01904296875,-0.01123046875,0.9482421875,3881.055833379427
3907.680000066757,0.04931640625,-0.04052734375,1.0546875,3881.0608334938684
3907.700000047684,0.04541015625,-0.005859375,1.041015625,3881.0808334747953
3907.714999914169,0.04541015625,-0.005859375,1.041015625,3881.09583334128
3907.724999904633,0.02294921875,-0.013671875,0.978515625,3881.105833331744
3907.734999895096,0.02294921875,-0.013671875,0.978515625,3881.115833322207
3907.744999885559,0.04296875,-0.04248046875,1.0419921875,3881.1258333126702
3907.7549998760223,0.04296875,-0.04248046875,1.0419921875,3881.1358333031335
3907.7649998664856,0.0439453125,-0.0009765625,1.0302734375,3881.1458332935968
3907.775000095368,0.0439453125,-0.0009765625,1.0302734375,3881.155833522479
3907.785000085831,0.033203125,-0.0224609375,0.990234375,3881.1658335129423
3907.795000076294,0.033203125,-0.0224609375,0.990234375,3881.175833503405
3907.805000066757,0.03955078125,-0.03759765625,1.02001953125,3881.1858334938684
3907.815000057221,0.03955078125,-0.03759765625,1.02001953125,3881.195833484332
3907.825000047684,0.03564453125,0.0009765625,1.0322265625,3881.2058334747953
3907.835000038147,0.03564453125,0.0009765625,1.0322265625,3881.215833465258
3907.84500002861,0.0400390625,-0.0283203125,0.9892578125,3881.225833455721
3907.8550000190735,0.0400390625,-0.0283203125,0.9892578125,3881.2358334461846
3907.8650000095367,0.03466796875,-0.04345703125,1.0283203125,3881.245833436648
3907.875,0.03466796875,-0.04345703125,1.0283203125,3881.255833427111
3907.8849999904633,0.02685546875,0.01904296875,1.0341796875,3881.2658334175744
3907.8949999809274,0.02685546875,0.01904296875,1.0341796875,3881.2758334080386
3907.9049999713898,0.0458984375,-0.037109375,0.98876953125,3881.285833398501
3907.914999961853,0.0458984375,-0.037109375,0.98876953125,3881.295833388964
3907.924999952316,0.04052734375,-0.03271484375,1.04736328125,3881.305833379427
3907.93499994278,0.04052734375,-0.03271484375,1.04736328125,3881.315833369891
3907.944999933243,0.01953125,0.017578125,0.9990234375,3881.325833360354
3907.954999923706,0.01953125,0.017578125,0.9990234375,3881.335833350817
3907.964999914169,0.04736328125,-0.0439453125,1.013671875,3881.34583334128
3907.974999904633,0.04736328125,-0.0439453125,1.013671875,3881.355833331744
3907.984999895096,0.0361328125,-0.0205078125,1.07177734375,3881.365833322207
3907.994999885559,0.0361328125,-0.0205078125,1.07177734375,3881.3758333126702
3908.0049998760223,0.0185546875,0.00830078125,0.9677734375,3881.3858333031335
3908.0149998664856,0.0185546875,0.00830078125,0.9677734375,3881.3958332935968
3908.025000095368,0.05126953125,-0.03857421875,1.05615234375,3881.405833522479
3908.035000085831,0.05126953125,-0.03857421875,1.05615234375,3881.4158335129423
3908.045000076294,0.03369140625,-0.0107421875,1.04931640625,3881.425833503405
3908.055000066757,0.03369140625,-0.0107421875,1.04931640625,3881.4358334938684
3908.065000057221,0.01611328125,-0.00048828125,0.9619140625,3881.445833484332
3908.075000047684,0.01611328125,-0.00048828125,0.9619140625,3881.4558334747953
3908.085000038147,0.0498046875,-0.04443359375,1.07470703125,3881.465833465258
3908.09500002861,0.0498046875,-0.04443359375,1.07470703125,3881.475833455721
3908.1050000190735,0.03564453125,0.0009765625,1.04150390625,3881.4858334461846
3908.1150000095367,0.03564453125,0.0009765625,1.04150390625,3881.495833436648
3908.125,0.01611328125,-0.00732421875,0.9697265625,3881.505833427111
3908.1349999904633,0.01611328125,-0.00732421875,0.9697265625,3881.5158334175744
3908.1449999809274,0.04296875,-0.0419921875,1.072265625,3881.5258334080386
3908.1549999713898,0.04296875,-0.0419921875,1.072265625,3881.535833398501
3908.164999961853,0.03466796875,0.0048828125,1.04833984375,3881.545833388964
3908.174999952316,0.03466796875,0.0048828125,1.04833984375,3881.555833379427
3908.18499994278,0.02001953125,-0.01123046875,0.97998046875,3881.565833369891
3908.194999933243,0.02001953125,-0.01123046875,0.97998046875,3881.575833360354
3908.204999923706,0.03759765625,-0.03125,1.0732421875,3881.585833350817
3908.214999914169,0.03759765625,-0.03125,1.0732421875,3881.59583334128
3908.224999904633,0.033203125,0.0078125,1.04052734375,3881.605833331744
3908.234999895096,0.033203125,0.0078125,1.04052734375,3881.615833322207
3908.244999885559,0.0263671875,-0.01806640625,1.0078125,3881.6258333126702
3908.2549998760223,0.0263671875,-0.01806640625,1.0078125,3881.6358333031335
3908.2649998664856,0.03466796875,-0.0234375,1.0654296875,3881.6458332935968
3908.275000095368,0.03466796875,-0.0234375,1.0654296875,3881.655833522479
3908.285000085831,0.0263671875,0.013671875,1.03515625,3881.6658335129423
3908.295000076294,0.0263671875,0.013671875,1.03515625,3881.675833503405
3908.305000066757,0.03515625,-0.02783203125,1.03173828125,3881.6858334938684
3908.315000057221,0.03515625,-0.02783203125,1.03173828125,3881.695833484332
3908.325000047684,0.03125,-0.0205078125,1.04150390625,3881.7058334747953
3908.335000038147,0.03125,-0.0205078125,1.04150390625,3881.715833465258
3908.34500002861,0.01708984375,0.02734375,1.0380859375,3881.725833455721
3908.3550000190735,0.01708984375,0.02734375,1.0380859375,3881.7358334461846
3908.3650000095367,0.03955078125,-0.02734375,1.03515625,3881.745833436648
3908.375,0.03955078125,-0.02734375,1.03515625,3881.755833427111
3908.3849999904633,0.0322265625,-0.025390625,1.064453125,3881.7658334175744
3908.3949999809274,0.0322265625,-0.025390625,1.064453125,3881.7758334080386
3908.4049999713898,0.017578125,0.025390625,1.01171875,3881.785833398501
3908.414999961853,0.017578125,0.025390625,1.01171875,3881.795833388964
3908.424999952316,0.04345703125,-0.02294921875,1.04296875,3881.805833379427
3908.43499994278,0.04345703125,-0.02294921875,1.04296875,3881.815833369891
3908.444999933243,0.0263671875,-0.017578125,1.072265625,3881.825833360354
3908.454999923706,0.0263671875,-0.017578125,1.072265625,3881.835833350817
3908.464999914169,0.01708984375,0.02783203125,0.9990234375,3881.84583334128
3908.474999904633,0.01708984375,0.02783203125,0.9990234375,3881.855833331744
3908.484999895096,0.0478515625,-0.03564453125,1.0634765625,3881.865833322207
3908.494999885559,0.0478515625,-0.03564453125,1.0634765625,3881.8758333126702
3908.5049998760223,0.02685546875,0.00439453125,1.06884765625,3881.8858333031335
3908.5149998664856,0.02685546875,0.00439453125,1.06884765625,3881.8958332935968
3908.525000095368,0.01513671875,0.01611328125,0.9833984375,3881.905833522479
3908.535000085831,0.01513671875,0.01611328125,0.9833984375,3881.9158335129423
3908.545000076294,0.04833984375,-0.0322265625,1.08740234375,3881.925833503405
3908.555000066757,0.04833984375,-0.0322265625,1.08740234375,3881.9358334938684
3908.565000057221,0.02880859375,0.01318359375,1.05322265625,3881.945833484332
3908.575000047684,0.02880859375,0.01318359375,1.05322265625,3881.9558334747953
3908.585000038147,0.01123046875,0.01025390625,0.98486328125,3881.965833465258
3908.59500002861,0.01123046875,0.01025390625,0.98486328125,3881.975833455721
3908.6050000190735,0.041015625,-0.02294921875,1.09130859375,3881.9858334461846
3908.6150000095367,0.041015625,-0.02294921875,1.09130859375,3881.995833436648
3908.625,0.03076171875,0.01708984375,1.04443359375,3882.005833427111
3908.6349999904633,0.03076171875,0.01708984375,1.04443359375,3882.0158334175744
3908.6449999809274,0.01953125,0.0048828125,0.99658203125,3882.0258334080386
3908.6549999713898,0.01953125,0.0048828125,0.99658203125,3882.035833398501
3908.664999961853,0.03369140625,-0.0205078125,1.07666015625,3882.045833388964
3908.674999952316,0.03369140625,-0.0205078125,1.07666015625,3882.055833379427
3908.680000066757,0.0322265625,0.02685546875,1.0439453125,3882.0608334938684
3908.68499994278,0.0234375,-0.00537109375,1.0126953125,3882.065833369891
3908.704999923706,0.0234375,-0.00537109375,1.0126953125,3882.085833350817
3908.72000002861,0.02978515625,-0.00439453125,1.05224609375,3882.100833455721
3908.7300000190735,0.02978515625,-0.00439453125,1.05224609375,3882.1108334461846
3908.7400000095367,0.02734375,0.02587890625,1.0322265625,3882.120833436648
3908.75,0.02734375,0.02587890625,1.0322265625,3882.130833427111
3908.7599999904633,0.03271484375,-0.0078125,1.029296875,3882.1408334175744
3908.7699999809274,0.03271484375,-0.0078125,1.029296875,3882.1508334080386
3908.7799999713898,0.02685546875,-0.01171875,1.03955078125,3882.160833398501
3908.789999961853,0.02685546875,-0.01171875,1.03955078125,3882.170833388964
3908.799999952316,0.021484375,0.041015625,1.03125,3882.180833379427
3908.80999994278,0.021484375,0.041015625,1.03125,3882.190833369891
3908.819999933243,0.0400390625,-0.015625,1.03466796875,3882.200833360354
3908.829999923706,0.0400390625,-0.015625,1.03466796875,3882.210833350817
3908.839999914169,0.02783203125,-0.00537109375,1.04052734375,3882.22083334128
3908.849999904633,0.02783203125,-0.00537109375,1.04052734375,3882.230833331744
3908.859999895096,0.01953125,0.04541015625,1.01220703125,3882.240833322207
3908.869999885559,0.01953125,0.04541015625,1.01220703125,3882.2508333126702
3908.8799998760223,0.04052734375,-0.02197265625,1.04248046875,3882.2608333031335
3908.8899998664856,0.04052734375,-0.02197265625,1.04248046875,3882.2708332935968
3908.900000095368,0.02734375,0.013671875,1.05908203125,3882.280833522479
3908.910000085831,0.02734375,0.013671875,1.05908203125,3882.2908335129423
3908.920000076294,0.01611328125,0.03271484375,0.974609375,3882.300833503405
3908.930000066757,0.01611328125,0.03271484375,0.974609375,3882.3108334938684
3908.940000057221,0.05078125,-0.01953125,1.07275390625,3882.320833484332
3908.950000047684,0.05078125,-0.01953125,1.07275390625,3882.3308334747953
3908.960000038147,0.0224609375,0.02001953125,1.0419921875,3882.340833465258
3908.97000002861,0.0224609375,0.02001953125,1.0419921875,3882.350833455721
3908.9800000190735,0.0107421875,0.02978515625,0.95361328125,3882.3608334461846
3908.9900000095367,0.0107421875,0.02978515625,0.95361328125,3882.370833436648
3909.0,0.05322265625,-0.01953125,1.08984375,3882.380833427111
3909.0099999904633,0.05322265625,-0.01953125,1.08984375,3882.3908334175744
3909.0199999809274,0.02734375,0.03076171875,1.0322265625,3882.4008334080386
3909.0299999713898,0.02734375,0.03076171875,1.0322265625,3882.410833398501
3909.039999961853,0.01171875,0.01611328125,0.943359375,3882.420833388964
3909.049999952316,0.01171875,0.01611328125,0.943359375,3882.430833379427
3909.05999994278,0.046875,-0.013671875,1.09765625,3882.440833369891
3909.069999933243,0.046875,-0.013671875,1.09765625,3882.450833360354
3909.079999923706,0.02587890625,0.0390625,1.01123046875,3882.460833350817
3909.089999914169,0.02587890625,0.0390625,1.01123046875,3882.47083334128
3909.099999904633,0.01904296875,0.0048828125,0.97802734375,3882.480833331744
3909.109999895096,0.01904296875,0.0048828125,0.97802734375,3882.490833322207
3909.119999885559,0.04052734375,-0.0009765625,1.07861328125,3882.5008333126702
3909.1299998760223,0.04052734375,-0.0009765625,1.07861328125,3882.5108333031335
3909.1399998664856,0.0263671875,0.03466796875,0.98193359375,3882.5208332935968
3909.150000095368,0.0263671875,0.03466796875,0.98193359375,3882.530833522479
3909.160000085831,0.029296875,-0.00927734375,1.013671875,3882.5408335129423
3909.170000076294,0.029296875,-0.00927734375,1.013671875,3882.550833503405
3909.180000066757,0.0341796875,0.00830078125,1.05615234375,3882.5608334938684
3909.190000057221,0.0341796875,0.00830078125,1.05615234375,3882.570833484332
3909.200000047684,0.025390625,0.0419921875,0.9697265625,3882.5808334747953
3909.210000038147,0.025390625,0.0419921875,0.9697265625,3882.590833465258
3909.22000002861,0.03857421875,-0.01953125,1.03173828125,3882.600833455721
3909.2300000190735,0.03857421875,-0.01953125,1.03173828125,3882.6108334461846
3909.2400000095367,0.03271484375,0.00634765625,1.0166015625,3882.620833436648
3909.25,0.03271484375,0.00634765625,1.0166015625,3882.630833427111
3909.2599999904633,0.02587890625,0.03857421875,0.962890625,3882.6408334175744
3909.2699999809274,0.02587890625,0.03857421875,0.962890625,3882.6508334080386
3909.2799999713898,0.04345703125,-0.02587890625,1.05029296875,3882.660833398501
3909.289999961853,0.04345703125,-0.02587890625,1.05029296875,3882.670833388964
3909.299999952316,0.03369140625,0.01416015625,1.01318359375,3882.680833379427
3909.30999994278,0.03369140625,0.01416015625,1.01318359375,3882.690833369891
3909.319999933243,0.025390625,0.03466796875,0.95556640625,3882.700833360354
3909.329999923706,0.025390625,0.03466796875,0.95556640625,3882.710833350817
3909.339999914169,0.05078125,-0.02490234375,1.04931640625,3882.72083334128
3909.349999904633,0.05078125,-0.02490234375,1.04931640625,3882.730833331744
3909.359999895096,0.03125,0.0205078125,1.01025390625,3882.740833322207
3909.369999885559,0.03125,0.0205078125,1.01025390625,3882.7508333126702
3909.3799998760223,0.02392578125,0.01806640625,0.9365234375,3882.7608333031335
3909.3899998664856,0.02392578125,0.01806640625,0.9365234375,3882.7708332935968
3909.400000095368,0.06103515625,-0.0224609375,1.06689453125,3882.780833522479
3909.410000085831,0.06103515625,-0.0224609375,1.06689453125,3882.7908335129423
3909.420000076294,0.0263671875,0.03369140625,1.01708984375,3882.800833503405
3909.430000066757,0.0263671875,0.03369140625,1.01708984375,3882.8108334938684
3909.440000057221,0.0224609375,0.0048828125,0.90478515625,3882.820833484332
3909.450000047684,0.0224609375,0.0048828125,0.90478515625,3882.8308334747953
3909.460000038147,0.06689453125,-0.0224609375,1.08837890625,3882.840833465258
3909.47000002861,0.06689453125,-0.0224609375,1.08837890625,3882.850833455721
3909.4800000190735,0.03076171875,0.02978515625,0.98193359375,3882.8608334461846
3909.4900000095367,0.03076171875,0.02978515625,0.98193359375,3882.870833436648
3909.5,0.0244140625,-0.01171875,0.8974609375,3882.880833427111
3909.5099999904633,0.0244140625,-0.01171875,0.8974609375,3882.8908334175744
3909.5199999809274,0.060546875,-0.00439453125,1.11669921875,3882.9008334080386
3909.5299999713898,0.060546875,-0.00439453125,1.11669921875,3882.910833398501
3909.539999961853,0.02685546875,0.029296875,0.947265625,3882.920833388964
3909.549999952316,0.02685546875,0.029296875,0.947265625,3882.930833379427
3909.55999994278,0.03759765625,-0.02001953125,0.9404296875,3882.940833369891
3909.569999933243,0.03759765625,-0.02001953125,0.9404296875,3882.950833360354
3909.579999923706,0.052734375,0.00732421875,1.0908203125,3882.960833350817
3909.589999914169,0.052734375,0.00732421875,1.0908203125,3882.97083334128
3909.599999904633,0.02880859375,0.01806640625,0.9111328125,3882.980833331744
3909.609999895096,0.02880859375,0.01806640625,0.9111328125,3882.990833322207
3909.619999885559,0.044921875,-0.0341796875,0.9990234375,3883.0008333126702
3909.6299998760223,0.044921875,-0.0341796875,0.9990234375,3883.0108333031335
3909.6399998664856,0.041015625,0.02587890625,1.0576171875,3883.0208332935968
3909.650000095368,0.041015625,0.02587890625,1.0576171875,3883.030833522479
3909.660000085831,0.03076171875,0.01025390625,0.8828125,3883.0408335129423
3909.670000076294,0.03076171875,0.01025390625,0.8828125,3883.050833503405
3909.680000066757,0.0537109375,-0.03369140625,1.07861328125,3883.0608334938684
3909.68499994278,0.0537109375,-0.03369140625,1.07861328125,3883.065833369891
3909.690000057221,0.03662109375,0.01806640625,0.97998046875,3883.070833484332
3909.704999923706,0.03466796875,0.00732421875,0.90771484375,3883.085833350817
3909.724999904633,0.03466796875,0.00732421875,0.90771484375,3883.105833331744
3909.734999895096,0.03466796875,0.00732421875,0.90771484375,3883.115833322207
3909.744999885559,0.05859375,-0.0380859375,1.08056640625,3883.1258333126702
3909.7549998760223,0.05859375,-0.0380859375,1.08056640625,3883.1358333031335
3909.7649998664856,0.029296875,0.0244140625,0.95166015625,3883.1458332935968
3909.775000095368,0.029296875,0.0244140625,0.95166015625,3883.155833522479
3909.785000085831,0.0361328125,-0.00439453125,0.92626953125,3883.1658335129423
3909.795000076294,0.0361328125,-0.00439453125,0.92626953125,3883.175833503405
3909.805000066757,0.05859375,-0.02490234375,1.07861328125,3883.1858334938684
3909.815000057221,0.05859375,-0.02490234375,1.07861328125,3883.195833484332
3909.825000047684,0.0224609375,0.0166015625,0.9384765625,3883.2058334747953
3909.835000038147,0.0224609375,0.0166015625,0.9384765625,3883.215833465258
3909.84500002861,0.04052734375,-0.013671875,0.9521484375,3883.225833455721
3909.8550000190735,0.04052734375,-0.013671875,0.9521484375,3883.2358334461846
3909.8650000095367,0.0634765625,-0.01611328125,1.07275390625,3883.245833436648
3909.875,0.0634765625,-0.01611328125,1.07275390625,3883.255833427111
3909.8849999904633,0.01904296875,0.0166015625,0.92431640625,3883.2658334175744
3909.8949999809274,0.01904296875,0.0166015625,0.92431640625,3883.2758334080386
3909.9049999713898,0.03759765625,-0.01953125,0.96533203125,3883.285833398501
3909.914999961853,0.03759765625,-0.01953125,0.96533203125,3883.295833388964
3909.924999952316,0.06298828125,-0.01416015625,1.04736328125,3883.305833379427
3909.93499994278,0.06298828125,-0.01416015625,1.04736328125,3883.315833369891
3909.944999933243,0.02001953125,0.01513671875,0.94482421875,3883.325833360354
3909.954999923706,0.02001953125,0.01513671875,0.94482421875,3883.335833350817
3909.964999914169,0.04248046875,-0.02783203125,0.97314453125,3883.34583334128
3909.974999904633,0.04248046875,-0.02783203125,0.97314453125,3883.355833331744
3909.984999895096,0.05322265625,0.001953125,1.04052734375,3883.365833322207
3909.994999885559,0.05322265625,0.001953125,1.04052734375,3883.3758333126702
3910.0049998760223,0.02587890625,0.0068359375,0.921875,3883.3858333031335
3910.0149998664856,0.02587890625,0.0068359375,0.921875,3883.3958332935968
3910.025000095368,0.048828125,-0.03125,0.99560546875,3883.405833522479
3910.035000085831,0.048828125,-0.03125,0.99560546875,3883.4158335129423
3910.045000076294,0.04150390625,0.01611328125,1.01806640625,3883.425833503405
3910.055000066757,0.04150390625,0.01611328125,1.01806640625,3883.4358334938684
3910.065000057221,0.029296875,0.0009765625,0.92138671875,3883.445833484332
3910.075000047684,0.029296875,0.0009765625,0.92138671875,3883.4558334747953
3910.085000038147,0.05078125,-0.04296875,1.03759765625,3883.465833465258
3910.09500002861,0.05078125,-0.04296875,1.03759765625,3883.475833455721
3910.1050000190735,0.03125,0.03173828125,0.9794921875,3883.4858334461846
3910.1150000095367,0.03125,0.03173828125,0.9794921875,3883.495833436648
3910.125,0.03515625,-0.0078125,0.92822265625,3883.505833427111
3910.1349999904633,0.05517578125,-0.041015625,1.064453125,3883.5158334175744
3910.1449999809274,0.05517578125,-0.041015625,1.064453125,3883.5258334080386
3910.1549999713898,0.02001953125,0.03662109375,0.94384765625,3883.535833398501
3910.164999961853,0.02001953125,0.03662109375,0.94384765625,3883.545833388964
3910.174999952316,0.0439453125,-0.02099609375,0.9619140625,3883.555833379427
3910.18499994278,0.0439453125,-0.02099609375,0.9619140625,3883.565833369891
3910.194999933243,0.05126953125,-0.021484375,1.0908203125,3883.575833360354
3910.204999923706,0.05126953125,-0.021484375,1.0908203125,3883.585833350817
3910.214999914169,0.013671875,0.02197265625,0.89990234375,3883.59583334128
3910.224999904633,0.013671875,0.02197265625,0.89990234375,3883.605833331744
3910.234999895096,0.0517578125,-0.025390625,1.01123046875,3883.615833322207
3910.244999885559,0.0517578125,-0.025390625,1.01123046875,3883.6258333126702
3910.2549998760223,0.046875,-0.009765625,1.06689453125,3883.6358333031335
3910.2649998664856,0.046875,-0.009765625,1.06689453125,3883.6458332935968
3910.275000095368,0.00634765625,0.0205078125,0.88525390625,3883.655833522479
3910.285000085831,0.00634765625,0.0205078125,0.88525390625,3883.6658335129423
3910.295000076294,0.0517578125,-0.03125,1.05517578125,3883.675833503405
3910.305000066757,0.0517578125,-0.03125,1.05517578125,3883.6858334938684
3910.315000057221,0.04443359375,0.0029296875,1.0400390625,3883.695833484332
3910.325000047684,0.04443359375,0.0029296875,1.0400390625,3883.7058334747953
3910.335000038147,0.0068359375,0.01123046875,0.900390625,3883.715833465258
3910.34500002861,0.0068359375,0.01123046875,0.900390625,3883.725833455721
3910.3550000190735,0.04736328125,-0.0341796875,1.07861328125,3883.7358334461846
3910.3650000095367,0.04736328125,-0.0341796875,1.07861328125,3883.745833436648
3910.375,0.041015625,0.01708984375,1.02392578125,3883.755833427111
3910.3849999904633,0.041015625,0.01708984375,1.02392578125,3883.7658334175744
3910.3949999809274,0.01318359375,-0.0078125,0.92529296875,3883.7758334080386
3910.4049999713898,0.01318359375,-0.0078125,0.92529296875,3883.785833398501
3910.414999961853,0.044921875,-0.017578125,1.08740234375,3883.795833388964
3910.424999952316,0.044921875,-0.017578125,1.08740234375,3883.805833379427
3910.43499994278,0.03173828125,0.015625,0.97802734375,3883.815833369891
3910.444999933243,0.03173828125,0.015625,0.97802734375,3883.825833360354
3910.454999923706,0.02197265625,-0.01611328125,0.97314453125,3883.835833350817
3910.464999914169,0.02197265625,-0.01611328125,0.97314453125,3883.84583334128
3910.474999904633,0.04296875,-0.01953125,1.08740234375,3883.855833331744
3910.484999895096,0.04296875,-0.01953125,1.08740234375,3883.865833322207
3910.494999885559,0.01904296875,0.02880859375,0.96044921875,3883.8758333126702
3910.5049998760223,0.01904296875,0.02880859375,0.96044921875,3883.8858333031335
3910.5149998664856,0.0322265625,-0.02490234375,0.99609375,3883.8958332935968
3910.525000095368,0.0322265625,-0.02490234375,0.99609375,3883.905833522479
3910.535000085831,0.03857421875,-0.0185546875,1.08544921875,3883.9158335129423
3910.545000076294,0.03857421875,-0.0185546875,1.08544921875,3883.925833503405
3910.555000066757,0.0107421875,0.03564453125,0.94873046875,3883.9358334938684
3910.565000057221,0.0107421875,0.03564453125,0.94873046875,3883.945833484332
3910.575000047684,0.0390625,-0.03271484375,1.03076171875,3883.9558334747953
3910.585000038147,0.0390625,-0.03271484375,1.03076171875,3883.965833465258
3910.59500002861,0.0380859375,-0.00390625,1.103515625,3883.975833455721
3910.6050000190735,0.0380859375,-0.00390625,1.103515625,3883.9858334461846
3910.6150000095367,0.00537109375,0.0263671875,0.9150390625,3883.995833436648
3910.625,0.00537109375,0.0263671875,0.9150390625,3884.005833427111
3910.6349999904633,0.046875,-0.02685546875,1.08447265625,3884.0158334175744
3910.6449999809274,0.046875,-0.02685546875,1.08447265625,3884.0258334080386
3910.6549999713898,0.03076171875,0.00390625,1.0927734375,3884.035833398501
3910.664999961853,0.03076171875,0.00390625,1.0927734375,3884.045833388964
3910.674999952316,-0.00048828125,0.01416015625,0.88916015625,3884.055833379427
3910.68499994278,-0.00048828125,0.01416015625,0.88916015625,3884.065833369891
3910.690000057221,0.0576171875,-0.03369140625,1.1337890625,3884.070833484332
3910.694999933243,0.0576171875,-0.03369140625,1.1337890625,3884.075833360354
3910.714999914169,0.02392578125,0.0234375,1.06396484375,3884.09583334128
3910.724999904633,0.02392578125,0.0234375,1.06396484375,3884.105833331744
3910.734999895096,0.001953125,-0.0009765625,0.89404296875,3884.115833322207
3910.744999885559,0.001953125,-0.0009765625,0.89404296875,3884.1258333126702
3910.7549998760223,0.05810546875,-0.02197265625,1.17236328125,3884.1358333031335
3910.7649998664856,0.05810546875,-0.02197265625,1.17236328125,3884.1458332935968
3910.775000095368,0.021484375,0.02783203125,1.01318359375,3884.155833522479
3910.785000085831,0.021484375,0.02783203125,1.01318359375,3884.1658335129423
3910.795000076294,0.00732421875,-0.0146484375,0.92431640625,3884.175833503405
3910.805000066757,0.00732421875,-0.0146484375,0.92431640625,3884.1858334938684
3910.815000057221,0.05029296875,-0.00732421875,1.181640625,3884.195833484332
3910.825000047684,0.05029296875,-0.00732421875,1.181640625,3884.2058334747953
3910.835000038147,0.0185546875,0.02294921875,0.958984375,3884.215833465258
3910.84500002861,0.0185546875,0.02294921875,0.958984375,3884.225833455721
3910.8550000190735,0.0234375,-0.021484375,1.00439453125,3884.2358334461846
3910.8650000095367,0.0234375,-0.021484375,1.00439453125,3884.245833436648
3910.875,0.0400390625,0.0048828125,1.13623046875,3884.255833427111
3910.8849999904633,0.0400390625,0.0048828125,1.13623046875,3884.2658334175744
3910.8949999809274,0.013671875,0.02587890625,0.94921875,3884.2758334080386
3910.9049999713898,0.013671875,0.02587890625,0.94921875,3884.285833398501
3910.914999961853,0.03515625,-0.0322265625,1.05078125,3884.295833388964
3910.924999952316,0.03515625,-0.0322265625,1.05078125,3884.305833379427
3910.93499994278,0.03271484375,0.0146484375,1.10595703125,3884.315833369891
3910.944999933243,0.03271484375,0.0146484375,1.10595703125,3884.325833360354
3910.954999923706,0.013671875,0.01708984375,0.931640625,3884.335833350817
3910.964999914169,0.013671875,0.01708984375,0.931640625,3884.34583334128
3910.974999904633,0.04296875,-0.03369140625,1.099609375,3884.355833331744
3910.984999895096,0.04296875,-0.03369140625,1.099609375,3884.365833322207
3910.994999885559,0.02734375,0.015625,1.05810546875,3884.3758333126702
3911.0049998760223,0.02734375,0.015625,1.05810546875,3884.3858333031335
3911.0149998664856,0.01171875,0.01416015625,0.93359375,3884.3958332935968
3911.025000095368,0.01171875,0.01416015625,0.93359375,3884.405833522479
3911.035000085831,0.0498046875,-0.0263671875,1.13427734375,3884.4158335129423
3911.045000076294,0.0498046875,-0.0263671875,1.13427734375,3884.425833503405
3911.055000066757,0.01513671875,0.015625,1.02392578125,3884.4358334938684
3911.065000057221,0.01513671875,0.015625,1.02392578125,3884.445833484332
3911.075000047684,0.01611328125,0.00439453125,0.9501953125,3884.4558334747953
3911.085000038147,0.01611328125,0.00439453125,0.9501953125,3884.465833465258
3911.09500002861,0.052734375,-0.02001953125,1.1357421875,3884.475833455721
3911.1050000190735,0.052734375,-0.02001953125,1.1357421875,3884.4858334461846
3911.1150000095367,0.01220703125,0.01806640625,1.00048828125,3884.495833436648
3911.125,0.01220703125,0.01806640625,1.00048828125,3884.505833427111
3911.1349999904633,0.021484375,-0.01123046875,0.9580078125,3884.5158334175744
3911.1449999809274,0.021484375,-0.01123046875,0.9580078125,3884.5258334080386
3911.1549999713898,0.0576171875,-0.01220703125,1.15234375,3884.535833398501
3911.164999961853,0.0576171875,-0.01220703125,1.15234375,3884.545833388964
3911.174999952316,0.0078125,0.01708984375,0.9765625,3884.555833379427
3911.18499994278,0.0078125,0.01708984375,0.9765625,3884.565833369891
3911.194999933243,0.0244140625,-0.01806640625,0.97802734375,3884.575833360354
3911.204999923706,0.0244140625,-0.01806640625,0.97802734375,3884.585833350817
3911.214999914169,0.05517578125,-0.0126953125,1.12646484375,3884.59583334128
3911.224999904633,0.05517578125,-0.0126953125,1.12646484375,3884.605833331744
3911.234999895096,0.013671875,0.01611328125,0.95751953125,3884.615833322207
3911.244999885559,0.013671875,0.01611328125,0.95751953125,3884.6258333126702
3911.2549998760223,0.0302734375,-0.0263671875,0.9931640625,3884.6358333031335
3911.2649998664856,0.0302734375,-0.0263671875,0.9931640625,3884.6458332935968
3911.275000095368,0.04296875,0.0029296875,1.12890625,3884.655833522479
3911.285000085831,0.04296875,0.0029296875,1.12890625,3884.6658335129423
3911.295000076294,0.02001953125,0.0126953125,0.92578125,3884.675833503405
3911.305000066757,0.02001953125,0.0126953125,0.92578125,3884.6858334938684
3911.315000057221,0.037109375,-0.04443359375,1.04443359375,3884.695833484332
3911.325000047684,0.037109375,-0.04443359375,1.04443359375,3884.7058334747953
3911.335000038147,0.033203125,0.02880859375,1.0810546875,3884.715833465258
3911.34500002861,0.033203125,0.02880859375,1.0810546875,3884.725833455721
3911.3550000190735,0.0224609375,-0.00537109375,0.89990234375,3884.7358334461846
3911.3650000095367,0.0224609375,-0.00537109375,0.89990234375,3884.745833436648
3911.375,0.0498046875,-0.03857421875,1.10888671875,3884.755833427111
3911.3849999904633,0.0498046875,-0.03857421875,1.10888671875,3884.7658334175744
3911.3949999809274,0.02392578125,0.02392578125,1.01123046875,3884.7758334080386
3911.4049999713898,0.02392578125,0.02392578125,1.01123046875,3884.785833398501
3911.414999961853,0.02978515625,-0.01171875,0.93017578125,3884.795833388964
3911.424999952316,0.02978515625,-0.01171875,0.93017578125,3884.805833379427
3911.43499994278,0.05126953125,-0.02978515625,1.1201171875,3884.815833369891
3911.444999933243,0.05126953125,-0.02978515625,1.1201171875,3884.825833360354
3911.454999923706,0.015625,0.02294921875,0.95751953125,3884.835833350817
3911.464999914169,0.015625,0.02294921875,0.95751953125,3884.84583334128
3911.474999904633,0.04150390625,-0.0146484375,0.96728515625,3884.855833331744
3911.484999895096,0.04150390625,-0.0146484375,0.96728515625,3884.865833322207
3911.494999885559,0.05419921875,-0.0166015625,1.11572265625,3884.8758333126702
3911.5049998760223,0.05419921875,-0.0166015625,1.11572265625,3884.8858333031335
3911.5149998664856,0.013671875,0.01025390625,0.91162109375,3884.8958332935968
3911.525000095368,0.013671875,0.01025390625,0.91162109375,3884.905833522479
3911.535000085831,0.04541015625,-0.02587890625,1.01025390625,3884.9158335129423
3911.545000076294,0.04541015625,-0.02587890625,1.01025390625,3884.925833503405
3911.555000066757,0.0498046875,-0.001953125,1.0908203125,3884.9358334938684
3911.565000057221,0.0498046875,-0.001953125,1.0908203125,3884.945833484332
3911.575000047684,0.009765625,0.009765625,0.89404296875,3884.9558334747953
3911.585000038147,0.009765625,0.009765625,0.89404296875,3884.965833465258
3911.59500002861,0.0498046875,-0.0244140625,1.04638671875,3884.975833455721
3911.6050000190735,0.0498046875,-0.0244140625,1.04638671875,3884.9858334461846
3911.6150000095367,0.05322265625,-0.00244140625,1.03125,3884.995833436648
3911.625,0.05322265625,-0.00244140625,1.03125,3885.005833427111
3911.6349999904633,0.0146484375,0.005859375,0.91943359375,3885.0158334175744
3911.6449999809274,0.0146484375,0.005859375,0.91943359375,3885.0258334080386
3911.6549999713898,0.0458984375,-0.02294921875,1.0458984375,3885.035833398501
3911.664999961853,0.0458984375,-0.02294921875,1.0458984375,3885.045833388964
3911.674999952316,0.05126953125,0.0107421875,1.02294921875,3885.055833379427
3911.68499994278,0.05126953125,0.0107421875,1.02294921875,3885.065833369891
3911.690000057221,0.02490234375,-0.00390625,0.912109375,3885.070833484332
3911.694999933243,0.02490234375,-0.00390625,0.912109375,3885.075833360354
3911.714999914169,0.04931640625,-0.0224609375,1.04248046875,3885.09583334128
3911.724999904633,0.04931640625,-0.0224609375,1.04248046875,3885.105833331744
3911.734999895096,0.04248046875,0.01806640625,0.9951171875,3885.115833322207
3911.744999885559,0.04248046875,0.01806640625,0.9951171875,3885.1258333126702
3911.7549998760223,0.0341796875,-0.01171875,0.92724609375,3885.1358333031335
3911.7649998664856,0.0341796875,-0.01171875,0.92724609375,3885.1458332935968
3911.775000095368,0.0517578125,-0.02294921875,1.060546875,3885.155833522479
3911.785000085831,0.0517578125,-0.02294921875,1.060546875,3885.1658335129423
3911.795000076294,0.0322265625,0.03125,0.97119140625,3885.175833503405
3911.805000066757,0.0322265625,0.03125,0.97119140625,3885.1858334938684
3911.815000057221,0.044921875,-0.0166015625,0.93359375,3885.195833484332
3911.825000047684,0.044921875,-0.0166015625,0.93359375,3885.2058334747953
3911.835000038147,0.0537109375,-0.01904296875,1.0615234375,3885.215833465258
3911.84500002861,0.0537109375,-0.01904296875,1.0615234375,3885.225833455721
3911.8550000190735,0.02685546875,0.03466796875,0.92919921875,3885.2358334461846
3911.8650000095367,0.02685546875,0.03466796875,0.92919921875,3885.245833436648
3911.875,0.05224609375,-0.02197265625,0.96435546875,3885.255833427111
3911.8849999904633,0.05224609375,-0.02197265625,0.96435546875,3885.2658334175744
3911.8949999809274,0.05322265625,-0.0078125,1.07275390625,3885.2758334080386
3911.9049999713898,0.05322265625,-0.0078125,1.07275390625,3885.285833398501
3911.914999961853,0.02587890625,0.025390625,0.88525390625,3885.295833388964
3911.924999952316,0.02587890625,0.025390625,0.88525390625,3885.305833379427
3911.93499994278,0.0615234375,-0.03173828125,1.001953125,3885.315833369891
3911.944999933243,0.0615234375,-0.03173828125,1.001953125,3885.325833360354
3911.954999923706,0.05126953125,0.01513671875,1.0400390625,3885.335833350817
3911.964999914169,0.05126953125,0.01513671875,1.0400390625,3885.34583334128
3911.974999904633,0.02294921875,0.0107421875,0.8505859375,3885.355833331744
3911.984999895096,0.02294921875,0.0107421875,0.8505859375,3885.365833322207
3911.994999885559,0.0712890625,-0.03173828125,1.05322265625,3885.3758333126702
3912.0049998760223,0.0712890625,-0.03173828125,1.05322265625,3885.3858333031335
3912.0149998664856,0.05126953125,0.02099609375,0.998046875,3885.3958332935968
3912.025000095368,0.05126953125,0.02099609375,0.998046875,3885.405833522479
3912.035000085831,0.0263671875,-0.00537109375,0.86083984375,3885.4158335129423
3912.045000076294,0.0263671875,-0.00537109375,0.86083984375,3885.425833503405
3912.055000066757,0.0693359375,-0.0224609375,1.0703125,3885.4358334938684
3912.065000057221,0.0693359375,-0.0224609375,1.0703125,3885.445833484332
3912.075000047684,0.0498046875,0.02197265625,0.9658203125,3885.4558334747953
3912.085000038147,0.0498046875,0.02197265625,0.9658203125,3885.465833465258
3912.09500002861,0.037109375,-0.0107421875,0.8896484375,3885.475833455721
3912.1050000190735,0.037109375,-0.0107421875,0.8896484375,3885.4858334461846
3912.1150000095367,0.06396484375,-0.01318359375,1.06298828125,3885.495833436648
3912.125,0.06396484375,-0.01318359375,1.06298828125,3885.505833427111
3912.1349999904633,0.0517578125,0.02001953125,0.93115234375,3885.5158334175744
3912.1449999809274,0.0517578125,0.02001953125,0.93115234375,3885.5258334080386
3912.1549999713898,0.04638671875,-0.025390625,0.9384765625,3885.535833398501
3912.164999961853,0.04638671875,-0.025390625,0.9384765625,3885.545833388964
3912.174999952316,0.0595703125,-0.00048828125,1.02783203125,3885.555833379427
3912.18499994278,0.0595703125,-0.00048828125,1.02783203125,3885.565833369891
3912.194999933243,0.044921875,0.02197265625,0.92236328125,3885.575833360354
3912.204999923706,0.044921875,0.02197265625,0.92236328125,3885.585833350817
3912.214999914169,0.060546875,-0.03271484375,0.97216796875,3885.59583334128
3912.224999904633,0.060546875,-0.03271484375,0.97216796875,3885.605833331744
3912.234999895096,0.05908203125,0.00244140625,0.99658203125,3885.615833322207
3912.244999885559,0.05908203125,0.00244140625,0.99658203125,3885.6258333126702
3912.2549998760223,0.03857421875,0.01953125,0.92431640625,3885.6358333031335
3912.2649998664856,0.03857421875,0.01953125,0.92431640625,3885.6458332935968
3912.275000095368,0.068359375,-0.0302734375,0.98828125,3885.655833522479
3912.285000085831,0.068359375,-0.0302734375,0.98828125,3885.6658335129423
3912.295000076294,0.05419921875,0.00390625,1.0107421875,3885.675833503405
3912.305000066757,0.05419921875,0.00390625,1.0107421875,3885.6858334938684
3912.315000057221,0.0419921875,0.017578125,0.90869140625,3885.695833484332
3912.325000047684,0.0419921875,0.017578125,0.90869140625,3885.7058334747953
3912.335000038147,0.07177734375,-0.02880859375,1.02734375,3885.715833465258
3912.34500002861,0.07177734375,-0.02880859375,1.02734375,3885.725833455721
3912.3550000190735,0.0478515625,0.01611328125,0.99609375,3885.7358334461846
3912.3650000095367,0.0478515625,0.01611328125,0.99609375,3885.745833436648
3912.375,0.03955078125,0.00390625,0.89404296875,3885.755833427111
3912.3849999904633,0.03955078125,0.00390625,0.89404296875,3885.7658334175744
3912.3949999809274,0.07763671875,-0.0234375,1.0556640625,3885.7758334080386
3912.4049999713898,0.07763671875,-0.0234375,1.0556640625,3885.785833398501
3912.414999961853,0.04150390625,0.02587890625,0.98583984375,3885.795833388964
3912.424999952316,0.04150390625,0.02587890625,0.98583984375,3885.805833379427
3912.43499994278,0.04345703125,-0.0107421875,0.8916015625,3885.815833369891
3912.444999933243,0.04345703125,-0.0107421875,0.8916015625,3885.825833360354
3912.454999923706,0.0771484375,-0.01611328125,1.0791015625,3885.835833350817
3912.464999914169,0.0771484375,-0.01611328125,1.0791015625,3885.84583334128
3912.474999904633,0.03955078125,0.02734375,0.9560546875,3885.855833331744
3912.484999895096,0.03955078125,0.02734375,0.9560546875,3885.865833322207
3912.494999885559,0.0439453125,-0.01416015625,0.9150390625,3885.8758333126702
3912.5049998760223,0.0439453125,-0.01416015625,0.9150390625,3885.8858333031335
3912.5149998664856,0.068359375,-0.00439453125,1.09521484375,3885.8958332935968
3912.525000095368,0.068359375,-0.00439453125,1.09521484375,3885.905833522479
3912.535000085831,0.04150390625,0.02685546875,0.939453125,3885.9158335129423
3912.545000076294,0.04150390625,0.02685546875,0.939453125,3885.925833503405
3912.555000066757,0.05078125,-0.02294921875,0.98486328125,3885.9358334938684
3912.565000057221,0.05078125,-0.02294921875,0.98486328125,3885.945833484332
3912.575000047684,0.0517578125,0.0107421875,1.06396484375,3885.9558334747953
3912.585000038147,0.0517578125,0.0107421875,1.06396484375,3885.965833465258
3912.59500002861,0.0400390625,0.021484375,0.9423828125,3885.975833455721
3912.6050000190735,0.0400390625,0.021484375,0.9423828125,3885.9858334461846
3912.6150000095367,0.0576171875,-0.03076171875,1.02001953125,3885.995833436648
3912.625,0.0576171875,-0.03076171875,1.02001953125,3886.005833427111
3912.6349999904633,0.04150390625,0.03173828125,1.04443359375,3886.0158334175744
3912.6449999809274,0.04150390625,0.03173828125,1.04443359375,3886.0258334080386
3912.6549999713898,0.0380859375,0.01611328125,0.94384765625,3886.035833398501
3912.664999961853,0.0380859375,0.01611328125,0.94384765625,3886.045833388964
3912.674999952316,0.0576171875,-0.0263671875,1.0732421875,3886.055833379427
3912.68499994278,0.0576171875,-0.0263671875,1.0732421875,3886.065833369891
3912.690000057221,0.03564453125,0.02587890625,0.99609375,3886.070833484332
3912.694999933243,0.03759765625,0.013671875,0.97021484375,3886.075833360354
3912.714999914169,0.03759765625,0.013671875,0.97021484375,3886.09583334128
3912.724999904633,0.03759765625,0.013671875,0.97021484375,3886.105833331744
3912.734999895096,0.060546875,-0.0224609375,1.080078125,3886.115833322207
3912.744999885559,0.060546875,-0.0224609375,1.080078125,3886.1258333126702
3912.7549998760223,0.02880859375,0.0341796875,0.97900390625,3886.1358333031335
3912.7649998664856,0.02880859375,0.0341796875,0.97900390625,3886.1458332935968
3912.775000095368,0.03515625,0.0029296875,0.99462890625,3886.155833522479
3912.785000085831,0.03515625,0.0029296875,0.99462890625,3886.1658335129423
3912.795000076294,0.056640625,-0.00439453125,1.09130859375,3886.175833503405
3912.805000066757,0.056640625,-0.00439453125,1.09130859375,3886.1858334938684
3912.815000057221,0.0234375,0.03076171875,0.98486328125,3886.195833484332
3912.825000047684,0.0234375,0.03076171875,0.98486328125,3886.2058334747953
3912.835000038147,0.0390625,-0.005859375,0.998046875,3886.215833465258
3912.84500002861,0.0390625,-0.005859375,0.998046875,3886.225833455721
3912.8550000190735,0.05615234375,0.00390625,1.10546875,3886.2358334461846
3912.8650000095367,0.05615234375,0.00390625,1.10546875,3886.245833436648
3912.875,0.015625,0.03369140625,0.97314453125,3886.255833427111
3912.8849999904633,0.015625,0.03369140625,0.97314453125,3886.2658334175744
3912.8949999809274,0.037109375,-0.00634765625,1.01025390625,3886.2758334080386
3912.9049999713898,0.037109375,-0.00634765625,1.01025390625,3886.285833398501
3912.914999961853,0.05712890625,0.00537109375,1.115234375,3886.295833388964
3912.924999952316,0.05712890625,0.00537109375,1.115234375,3886.305833379427
3912.93499994278,0.01904296875,0.03076171875,0.9638671875,3886.315833369891
3912.944999933243,0.01904296875,0.03076171875,0.9638671875,3886.325833360354
3912.954999923706,0.03369140625,-0.01708984375,1.025390625,3886.335833350817
3912.964999914169,0.03369140625,-0.01708984375,1.025390625,3886.34583334128
3912.974999904633,0.0439453125,0.02685546875,1.11572265625,3886.355833331744
3912.984999895096,0.0439453125,0.02685546875,1.11572265625,3886.365833322207
3912.994999885559,0.0224609375,0.01611328125,0.955078125,3886.3758333126702
3913.0049998760223,0.0224609375,0.01611328125,0.955078125,3886.3858333031335
3913.0149998664856,0.03955078125,-0.02001953125,1.0576171875,3886.3958332935968
3913.025000095368,0.03955078125,-0.02001953125,1.0576171875,3886.405833522479
3913.035000085831,0.0302734375,0.04052734375,1.0732421875,3886.4158335129423
3913.045000076294,0.0302734375,0.04052734375,1.0732421875,3886.425833503405
3913.055000066757,0.02392578125,0.0048828125,0.96044921875,3886.4358334938684
3913.065000057221,0.02392578125,0.0048828125,0.96044921875,3886.445833484332
3913.075000047684,0.04345703125,-0.01953125,1.10595703125,3886.4558334747953
3913.085000038147,0.04345703125,-0.01953125,1.10595703125,3886.465833465258
3913.09500002861,0.01611328125,0.04296875,1.029296875,3886.475833455721
3913.1050000190735,0.01611328125,0.04296875,1.029296875,3886.4858334461846
3913.1150000095367,0.03076171875,-0.00341796875,0.98095703125,3886.495833436648
3913.125,0.03076171875,-0.00341796875,0.98095703125,3886.505833427111
3913.1349999904633,0.04541015625,-0.0166015625,1.1357421875,3886.5158334175744
3913.1449999809274,0.04541015625,-0.0166015625,1.1357421875,3886.5258334080386
3913.1549999713898,0.00830078125,0.04345703125,0.9716796875,3886.535833398501
3913.164999961853,0.00830078125,0.04345703125,0.9716796875,3886.545833388964
3913.174999952316,0.0341796875,-0.0185546875,1.017578125,3886.555833379427
3913.18499994278,0.0341796875,-0.0185546875,1.017578125,3886.565833369891
3913.194999933243,0.04296875,0.00048828125,1.14501953125,3886.575833360354
3913.204999923706,0.04296875,0.00048828125,1.14501953125,3886.585833350817
3913.214999914169,0.00537109375,0.02392578125,0.9384765625,3886.59583334128
3913.224999904633,0.00537109375,0.02392578125,0.9384765625,3886.605833331744
3913.234999895096,0.03857421875,-0.0234375,1.0703125,3886.615833322207
3913.244999885559,0.03857421875,-0.0234375,1.0703125,3886.6258333126702
3913.2549998760223,0.03564453125,0.0146484375,1.12548828125,3886.6358333031335
3913.2649998664856,0.03564453125,0.0146484375,1.12548828125,3886.6458332935968
3913.275000095368,0.00048828125,0.0126953125,0.92333984375,3886.655833522479
3913.285000085831,0.00048828125,0.0126953125,0.92333984375,3886.6658335129423
3913.295000076294,0.04150390625,-0.02099609375,1.11572265625,3886.675833503405
3913.305000066757,0.04150390625,-0.02099609375,1.11572265625,3886.6858334938684
3913.315000057221,0.033203125,0.0126953125,1.0712890625,3886.695833484332
3913.325000047684,0.033203125,0.0126953125,1.0712890625,3886.7058334747953
3913.335000038147,0.00439453125,0.0048828125,0.9580078125,3886.715833465258
3913.34500002861,0.00439453125,0.0048828125,0.9580078125,3886.725833455721
3913.3550000190735,0.03662109375,-0.02099609375,1.11376953125,3886.7358334461846
3913.3650000095367,0.03662109375,-0.02099609375,1.11376953125,3886.745833436648
3913.375,0.0283203125,0.017578125,1.05712890625,3886.755833427111
3913.3849999904633,0.0283203125,0.017578125,1.05712890625,3886.7658334175744
3913.3949999809274,0.0107421875,-0.00830078125,0.99072265625,3886.7758334080386
3913.4049999713898,0.0107421875,-0.00830078125,0.99072265625,3886.785833398501
3913.414999961853,0.03173828125,-0.015625,1.10302734375,3886.795833388964
3913.424999952316,0.03173828125,-0.015625,1.10302734375,3886.805833379427
3913.43499994278,0.02294921875,0.01953125,1.04541015625,3886.815833369891
3913.444999933243,0.02294921875,0.01953125,1.04541015625,3886.825833360354
3913.454999923706,0.0234375,-0.01708984375,1.02001953125,3886.835833350817
3913.464999914169,0.0234375,-0.01708984375,1.02001953125,3886.84583334128
3913.474999904633,0.02978515625,-0.0185546875,1.0888671875,3886.855833331744
3913.484999895096,0.01123046875,0.02685546875,1.0205078125,3886.865833322207
3913.494999885559,0.01123046875,0.02685546875,1.0205078125,3886.8758333126702
3913.5049998760223,0.03271484375,-0.02734375,1.0361328125,3886.8858333031335
3913.5149998664856,0.03271484375,-0.02734375,1.0361328125,3886.8958332935968
3913.525000095368,0.02978515625,-0.02001953125,1.09228515625,3886.905833522479
3913.535000085831,0.02978515625,-0.02001953125,1.09228515625,3886.9158335129423
3913.545000076294,0.00439453125,0.03271484375,0.98779296875,3886.925833503405
3913.555000066757,0.00439453125,0.03271484375,0.98779296875,3886.9358334938684
3913.565000057221,0.03759765625,-0.0361328125,1.0634765625,3886.945833484332
3913.575000047684,0.03759765625,-0.0361328125,1.0634765625,3886.9558334747953
3913.585000038147,0.03076171875,-0.0087890625,1.10595703125,3886.965833465258
3913.59500002861,0.03076171875,-0.0087890625,1.10595703125,3886.975833455721
3913.6050000190735,0.00341796875,0.02001953125,0.9443359375,3886.9858334461846
3913.6150000095367,0.00341796875,0.02001953125,0.9443359375,3886.995833436648
3913.625,0.0458984375,-0.03759765625,1.091796875,3887.005833427111
3913.6349999904633,0.0458984375,-0.03759765625,1.091796875,3887.0158334175744
3913.6449999809274,0.02685546875,0.00390625,1.091796875,3887.0258334080386
3913.6549999713898,0.02685546875,0.00390625,1.091796875,3887.035833398501
3913.664999961853,0.00341796875,0.00048828125,0.90576171875,3887.045833388964
3913.674999952316,0.00341796875,0.00048828125,0.90576171875,3887.055833379427
3913.68499994278,0.05029296875,-0.0390625,1.14208984375,3887.065833369891
3913.690000057221,0.05029296875,-0.0390625,1.14208984375,3887.070833484332
3913.694999933243,0.0234375,0.01708984375,1.05859375,3887.075833360354
3913.714999914169,0.0234375,0.01708984375,1.05859375,3887.09583334128
3913.724999904633,0.005859375,-0.02099609375,0.90380859375,3887.105833331744
3913.734999895096,0.005859375,-0.02099609375,0.90380859375,3887.115833322207
3913.744999885559,0.05322265625,-0.02490234375,1.158203125,3887.1258333126702
3913.7549998760223,0.05322265625,-0.02490234375,1.158203125,3887.1358333031335
3913.7649998664856,0.02197265625,0.0126953125,0.998046875,3887.1458332935968
3913.775000095368,0.02197265625,0.0126953125,0.998046875,3887.155833522479
3913.785000085831,0.013671875,-0.03466796875,0.94287109375,3887.1658335129423
3913.795000076294,0.013671875,-0.03466796875,0.94287109375,3887.175833503405
3913.805000066757,0.044921875,-0.0087890625,1.14794921875,3887.1858334938684
3913.815000057221,0.044921875,-0.0087890625,1.14794921875,3887.195833484332
3913.825000047684,0.02197265625,0.00390625,0.9541015625,3887.2058334747953
3913.835000038147,0.02197265625,0.00390625,0.9541015625,3887.215833465258
3913.84500002861,0.0302734375,-0.0361328125,1.013671875,3887.225833455721
3913.8550000190735,0.0302734375,-0.0361328125,1.013671875,3887.2358334461846
3913.8650000095367,0.0361328125,0.00146484375,1.10498046875,3887.245833436648
3913.875,0.0361328125,0.00146484375,1.10498046875,3887.255833427111
3913.8849999904633,0.0234375,0.00146484375,0.91943359375,3887.2658334175744
3913.8949999809274,0.0234375,0.00146484375,0.91943359375,3887.2758334080386
3913.9049999713898,0.04248046875,-0.04833984375,1.072265625,3887.285833398501
3913.914999961853,0.04248046875,-0.04833984375,1.072265625,3887.295833388964
3913.924999952316,0.03125,0.01025390625,1.0478515625,3887.305833379427
3913.93499994278,0.03125,0.01025390625,1.0478515625,3887.315833369891
3913.944999933243,0.01953125,-0.0078125,0.9111328125,3887.325833360354
3913.954999923706,0.01953125,-0.0078125,0.9111328125,3887.335833350817
3913.964999914169,0.052734375,-0.03955078125,1.103515625,3887.34583334128
3913.974999904633,0.052734375,-0.03955078125,1.103515625,3887.355833331744
3913.984999895096,0.02734375,0.00341796875,1.00048828125,3887.365833322207
3913.994999885559,0.02734375,0.00341796875,1.00048828125,3887.3758333126702
3914.0049998760223,0.02001953125,-0.0068359375,0.92919921875,3887.3858333031335
3914.0149998664856,0.02001953125,-0.0068359375,0.92919921875,3887.3958332935968
3914.025000095368,0.05908203125,-0.02734375,1.11865234375,3887.405833522479
3914.035000085831,0.05908203125,-0.02734375,1.11865234375,3887.4158335129423
3914.045000076294,0.02294921875,0.00390625,0.98486328125,3887.425833503405
3914.055000066757,0.02294921875,0.00390625,0.98486328125,3887.4358334938684
3914.065000057221,0.0283203125,-0.01416015625,0.93603515625,3887.445833484332
3914.075000047684,0.0283203125,-0.01416015625,0.93603515625,3887.4558334747953
3914.085000038147,0.0625,-0.02685546875,1.1025390625,3887.465833465258
3914.09500002861,0.0625,-0.02685546875,1.1025390625,3887.475833455721
3914.1050000190735,0.02099609375,0.0087890625,0.96923828125,3887.4858334461846
3914.1150000095367,0.02099609375,0.0087890625,0.96923828125,3887.495833436648
3914.125,0.03271484375,-0.0341796875,0.935546875,3887.505833427111
3914.1349999904633,0.03271484375,-0.0341796875,0.935546875,3887.5158334175744
3914.1449999809274,0.06201171875,-0.00390625,1.12353515625,3887.5258334080386
3914.1549999713898,0.06201171875,-0.00390625,1.12353515625,3887.535833398501
3914.164999961853,0.02099609375,0.0087890625,0.93115234375,3887.545833388964
3914.174999952316,0.02099609375,0.0087890625,0.93115234375,3887.555833379427
3914.18499994278,0.04248046875,-0.03515625,0.966796875,3887.565833369891
3914.194999933243,0.04248046875,-0.03515625,0.966796875,3887.575833360354
3914.204999923706,0.05615234375,-0.001953125,1.08447265625,3887.585833350817
3914.214999914169,0.05615234375,-0.001953125,1.08447265625,3887.59583334128
3914.224999904633,0.0263671875,0.00048828125,0.8974609375,3887.605833331744
3914.234999895096,0.0263671875,0.00048828125,0.8974609375,3887.615833322207
3914.244999885559,0.0498046875,-0.04248046875,1.02392578125,3887.6258333126702
3914.2549998760223,0.0498046875,-0.04248046875,1.02392578125,3887.6358333031335
3914.2649998664856,0.04296875,0.025390625,1.0517578125,3887.6458332935968
3914.275000095368,0.04296875,0.025390625,1.0517578125,3887.655833522479
3914.285000085831,0.033203125,-0.015625,0.8935546875,3887.6658335129423
3914.295000076294,0.033203125,-0.015625,0.8935546875,3887.675833503405
3914.305000066757,0.0595703125,-0.0361328125,1.08154296875,3887.6858334938684
3914.315000057221,0.0595703125,-0.0361328125,1.08154296875,3887.695833484332
3914.325000047684,0.02783203125,0.0302734375,0.96484375,3887.7058334747953
3914.335000038147,0.02783203125,0.0302734375,0.96484375,3887.715833465258
3914.34500002861,0.0419921875,-0.02685546875,0.92578125,3887.725833455721
3914.3550000190735,0.0419921875,-0.02685546875,0.92578125,3887.7358334461846
3914.3650000095367,0.0673828125,-0.0244140625,1.10888671875,3887.745833436648
3914.375,0.0673828125,-0.0244140625,1.10888671875,3887.755833427111
3914.3849999904633,0.02001953125,0.02685546875,0.9140625,3887.7658334175744
3914.3949999809274,0.02001953125,0.02685546875,0.9140625,3887.7758334080386
3914.4049999713898,0.048828125,-0.021484375,0.9775390625,3887.785833398501
3914.414999961853,0.048828125,-0.021484375,0.9775390625,3887.795833388964
3914.424999952316,0.06396484375,-0.0185546875,1.10009765625,3887.805833379427
3914.43499994278,0.06396484375,-0.0185546875,1.10009765625,3887.815833369891
3914.444999933243,0.01904296875,0.017578125,0.8701171875,3887.825833360354
3914.454999923706,0.01904296875,0.017578125,0.8701171875,3887.835833350817
3914.464999914169,0.05419921875,-0.03125,1.0166015625,3887.84583334128
3914.474999904633,0.05419921875,-0.03125,1.0166015625,3887.855833331744
3914.484999895096,0.05517578125,0.00439453125,1.07666015625,3887.865833322207
3914.494999885559,0.05517578125,0.00439453125,1.07666015625,3887.8758333126702
3914.5049998760223,0.01806640625,0.01025390625,0.873046875,3887.8858333031335
3914.5149998664856,0.01806640625,0.01025390625,0.873046875,3887.8958332935968
3914.525000095368,0.05712890625,-0.02734375,1.06591796875,3887.905833522479
3914.535000085831,0.05712890625,-0.02734375,1.06591796875,3887.9158335129423
3914.545000076294,0.05322265625,0.0126953125,1.021484375,3887.925833503405
3914.555000066757,0.05322265625,0.0126953125,1.021484375,3887.9358334938684
3914.565000057221,0.021484375,-0.00146484375,0.8876953125,3887.945833484332
3914.575000047684,0.021484375,-0.00146484375,0.8876953125,3887.9558334747953
3914.585000038147,0.056640625,-0.0234375,1.06640625,3887.965833465258
3914.59500002861,0.056640625,-0.0234375,1.06640625,3887.975833455721
3914.6050000190735,0.04638671875,0.0224609375,1.01611328125,3887.9858334461846
3914.6150000095367,0.04638671875,0.0224609375,1.01611328125,3887.995833436648
3914.625,0.02783203125,-0.00732421875,0.927734375,3888.005833427111
3914.6349999904633,0.02783203125,-0.00732421875,0.927734375,3888.0158334175744
3914.6449999809274,0.056640625,-0.01708984375,1.05126953125,3888.0258334080386
3914.6549999713898,0.056640625,-0.01708984375,1.05126953125,3888.035833398501
3914.664999961853,0.04052734375,0.02880859375,0.990234375,3888.045833388964
3914.674999952316,0.04052734375,0.02880859375,0.990234375,3888.055833379427
3914.68499994278,0.0380859375,-0.02197265625,0.947265625,3888.065833369891
3914.690000057221,0.0380859375,-0.02197265625,0.947265625,3888.070833484332
3914.694999933243,0.05224609375,-0.00927734375,1.0751953125,3888.075833360354
3914.714999914169,0.02734375,0.03515625,0.9462890625,3888.09583334128
3914.7300000190735,0.02734375,0.03515625,0.9462890625,3888.1108334461846
3914.7400000095367,0.02734375,0.03515625,0.9462890625,3888.120833436648
3914.75,0.05126953125,-0.02392578125,0.99853515625,3888.130833427111
3914.7599999904633,0.05126953125,-0.02392578125,0.99853515625,3888.1408334175744
3914.7699999809274,0.0517578125,-0.0068359375,1.06787109375,3888.1508334080386
3914.7799999713898,0.0517578125,-0.0068359375,1.06787109375,3888.160833398501
3914.789999961853,0.013671875,0.0361328125,0.9208984375,3888.170833388964
3914.799999952316,0.013671875,0.0361328125,0.9208984375,3888.180833379427
3914.80999994278,0.05615234375,-0.0302734375,1.02392578125,3888.190833369891
3914.819999933243,0.05615234375,-0.0302734375,1.02392578125,3888.200833360354
3914.829999923706,0.05078125,0.0068359375,1.0888671875,3888.210833350817
3914.839999914169,0.05078125,0.0068359375,1.0888671875,3888.22083334128
3914.849999904633,0.01220703125,0.02978515625,0.86767578125,3888.230833331744
3914.859999895096,0.01220703125,0.02978515625,0.86767578125,3888.240833322207
3914.869999885559,0.0634765625,-0.02490234375,1.07470703125,3888.2508333126702
3914.8799998760223,0.0634765625,-0.02490234375,1.07470703125,3888.2608333031335
3914.8899998664856,0.0439453125,0.01513671875,1.0712890625,3888.2708332935968
3914.900000095368,0.0439453125,0.01513671875,1.0712890625,3888.280833522479
3914.910000085831,0.015625,0.00927734375,0.849609375,3888.2908335129423
3914.920000076294,0.015625,0.00927734375,0.849609375,3888.300833503405
3914.930000066757,0.0634765625,-0.0185546875,1.12353515625,3888.3108334938684
3914.940000057221,0.0634765625,-0.0185546875,1.12353515625,3888.320833484332
3914.950000047684,0.037109375,0.029296875,1.01416015625,3888.3308334747953
3914.960000038147,0.037109375,0.029296875,1.01416015625,3888.340833465258
3914.97000002861,0.01953125,-0.0048828125,0.88232421875,3888.350833455721
3914.9800000190735,0.01953125,-0.0048828125,0.88232421875,3888.3608334461846
3914.9900000095367,0.06396484375,-0.0087890625,1.146484375,3888.370833436648
3915.0,0.06396484375,-0.0087890625,1.146484375,3888.380833427111
3915.0099999904633,0.03076171875,0.02978515625,0.962890625,3888.3908334175744
3915.0199999809274,0.03076171875,0.02978515625,0.962890625,3888.4008334080386
3915.0299999713898,0.02783203125,-0.01171875,0.94580078125,3888.410833398501
3915.039999961853,0.02783203125,-0.01171875,0.94580078125,3888.420833388964
3915.049999952316,0.05517578125,-0.00341796875,1.123046875,3888.430833379427
3915.05999994278,0.05517578125,-0.00341796875,1.123046875,3888.440833369891
3915.069999933243,0.03076171875,0.0263671875,0.93505859375,3888.450833360354
3915.079999923706,0.03076171875,0.0263671875,0.93505859375,3888.460833350817
3915.089999914169,0.03857421875,-0.0185546875,1.01123046875,3888.47083334128
3915.099999904633,0.03857421875,-0.0185546875,1.01123046875,3888.480833331744
3915.109999895096,0.04150390625,0.0107421875,1.07861328125,3888.490833322207
3915.119999885559,0.04150390625,0.0107421875,1.07861328125,3888.5008333126702
3915.1299998760223,0.02734375,0.02099609375,0.9287109375,3888.5108333031335
3915.1399998664856,0.04833984375,-0.0224609375,1.06884765625,3888.5208332935968
3915.150000095368,0.04833984375,-0.0224609375,1.06884765625,3888.530833522479
3915.160000085831,0.03564453125,0.009765625,1.02294921875,3888.5408335129423
3915.170000076294,0.03564453125,0.009765625,1.02294921875,3888.550833503405
3915.180000066757,0.025390625,0.0263671875,0.939453125,3888.5608334938684
3915.190000057221,0.025390625,0.0263671875,0.939453125,3888.570833484332
3915.200000047684,0.05615234375,-0.0322265625,1.08642578125,3888.5808334747953
3915.210000038147,0.05615234375,-0.0322265625,1.08642578125,3888.590833465258
3915.22000002861,0.02734375,0.0107421875,1.00830078125,3888.600833455721
3915.2300000190735,0.02734375,0.0107421875,1.00830078125,3888.6108334461846
3915.2400000095367,0.0185546875,0.02197265625,0.9521484375,3888.620833436648
3915.25,0.0185546875,0.02197265625,0.9521484375,3888.630833427111
3915.2599999904633,0.0595703125,-0.02685546875,1.08740234375,3888.6408334175744
3915.2699999809274,0.0595703125,-0.02685546875,1.08740234375,3888.6508334080386
3915.2799999713898,0.029296875,0.0107421875,1.0205078125,3888.660833398501
3915.289999961853,0.029296875,0.0107421875,1.0205078125,3888.670833388964
3915.299999952316,0.02197265625,0.01123046875,0.94580078125,3888.680833379427
3915.30999994278,0.02197265625,0.01123046875,0.94580078125,3888.690833369891
3915.319999933243,0.056640625,-0.02197265625,1.08349609375,3888.700833360354
3915.329999923706,0.056640625,-0.02197265625,1.08349609375,3888.710833350817
3915.339999914169,0.0234375,0.01513671875,1.015625,3888.72083334128
3915.349999904633,0.0234375,0.01513671875,1.015625,3888.730833331744
3915.359999895096,0.0283203125,-0.00634765625,0.93408203125,3888.740833322207
3915.369999885559,0.0283203125,-0.00634765625,0.93408203125,3888.7508333126702
3915.3799998760223,0.056640625,-0.0185546875,1.10498046875,3888.7608333031335
3915.3899998664856,0.056640625,-0.0185546875,1.10498046875,3888.7708332935968
3915.400000095368,0.01953125,0.029296875,0.990234375,3888.780833522479
3915.410000085831,0.01953125,0.029296875,0.990234375,3888.7908335129423
3915.420000076294,0.029296875,-0.02978515625,0.9658203125,3888.800833503405
3915.430000066757,0.029296875,-0.02978515625,0.9658203125,3888.8108334938684
3915.440000057221,0.052734375,-0.005859375,1.09716796875,3888.820833484332
3915.450000047684,0.052734375,-0.005859375,1.09716796875,3888.8308334747953
3915.460000038147,0.021484375,0.01904296875,0.94970703125,3888.840833465258
3915.47000002861,0.021484375,0.01904296875,0.94970703125,3888.850833455721
3915.4800000190735,0.0361328125,-0.03466796875,1.01123046875,3888.8608334461846
3915.4900000095367,0.0361328125,-0.03466796875,1.01123046875,3888.870833436648
3915.5,0.03955078125,0.01318359375,1.08447265625,3888.880833427111
3915.5099999904633,0.03955078125,0.01318359375,1.08447265625,3888.8908334175744
3915.5199999809274,0.0224609375,0.0087890625,0.9345703125,3888.9008334080386
3915.5299999713898,0.0224609375,0.0087890625,0.9345703125,3888.910833398501
3915.539999961853,0.04443359375,-0.03564453125,1.08251953125,3888.920833388964
3915.549999952316,0.04443359375,-0.03564453125,1.08251953125,3888.930833379427
3915.55999994278,0.0283203125,0.01806640625,1.01904296875,3888.940833369891
3915.569999933243,0.0283203125,0.01806640625,1.01904296875,3888.950833360354
3915.579999923706,0.03125,0.0009765625,0.93896484375,3888.960833350817
3915.589999914169,0.03125,0.0009765625,0.93896484375,3888.97083334128
3915.599999904633,0.04931640625,-0.041015625,1.11474609375,3888.980833331744
3915.609999895096,0.04931640625,-0.041015625,1.11474609375,3888.990833322207
3915.619999885559,0.0166015625,0.02880859375,0.974609375,3889.0008333126702
3915.6299998760223,0.0166015625,0.02880859375,0.974609375,3889.0108333031335
3915.6399998664856,0.0302734375,-0.00830078125,0.9736328125,3889.0208332935968
3915.650000095368,0.0302734375,-0.00830078125,0.9736328125,3889.030833522479
3915.660000085831,0.0537109375,-0.03271484375,1.123046875,3889.0408335129423
3915.670000076294,0.0537109375,-0.03271484375,1.123046875,3889.050833503405
3915.680000066757,0.01318359375,0.01220703125,0.9345703125,3889.0608334938684
3915.690000057221,0.01318359375,0.01220703125,0.9345703125,3889.070833484332
3915.694999933243,0.01318359375,0.01220703125,0.9345703125,3889.075833360354
3915.700000047684,0.02978515625,-0.0087890625,1.009765625,3889.0808334747953
3915.72000002861,0.05078125,-0.01611328125,1.10009765625,3889.100833455721
3915.7300000190735,0.05078125,-0.01611328125,1.10009765625,3889.1108334461846
3915.7400000095367,0.00732421875,0.01123046875,0.94580078125,3889.120833436648
3915.75,0.00732421875,0.01123046875,0.94580078125,3889.130833427111
3915.7599999904633,0.03662109375,-0.009765625,1.0341796875,3889.1408334175744
3915.7699999809274,0.03662109375,-0.009765625,1.0341796875,3889.1508334080386
3915.7799999713898,0.046875,-0.01513671875,1.0654296875,3889.160833398501
3915.789999961853,0.046875,-0.01513671875,1.0654296875,3889.170833388964
3915.799999952316,0.00927734375,0.01416015625,0.95361328125,3889.180833379427
3915.80999994278,0.00927734375,0.01416015625,0.95361328125,3889.190833369891
3915.819999933243,0.0361328125,-0.0283203125,1.033203125,3889.200833360354
3915.829999923706,0.0361328125,-0.0283203125,1.033203125,3889.210833350817
3915.839999914169,0.04296875,0.00390625,1.05908203125,3889.22083334128
3915.849999904633,0.04296875,0.00390625,1.05908203125,3889.230833331744
3915.859999895096,0.01025390625,0.01171875,0.953125,3889.240833322207
3915.869999885559,0.01025390625,0.01171875,0.953125,3889.2508333126702
3915.8799998760223,0.037109375,-0.0263671875,1.03955078125,3889.2608333031335
3915.8899998664856,0.037109375,-0.0263671875,1.03955078125,3889.2708332935968
3915.900000095368,0.0380859375,0.00439453125,1.03759765625,3889.280833522479
3915.910000085831,0.0380859375,0.00439453125,1.03759765625,3889.2908335129423
3915.920000076294,0.0166015625,0.00830078125,0.97021484375,3889.300833503405
3915.930000066757,0.0166015625,0.00830078125,0.97021484375,3889.3108334938684
3915.940000057221,0.03515625,-0.037109375,1.0400390625,3889.320833484332
3915.950000047684,0.03515625,-0.037109375,1.0400390625,3889.3308334747953
3915.960000038147,0.0283203125,0.01953125,1.02392578125,3889.340833465258
3915.97000002861,0.0283203125,0.01953125,1.02392578125,3889.350833455721
3915.9800000190735,0.02685546875,-0.00146484375,0.96240234375,3889.3608334461846
3915.9900000095367,0.02685546875,-0.00146484375,0.96240234375,3889.370833436648
3916.0,0.0361328125,-0.03955078125,1.0751953125,3889.380833427111
3916.0099999904633,0.0361328125,-0.03955078125,1.0751953125,3889.3908334175744
3916.0199999809274,0.01318359375,0.037109375,0.9892578125,3889.4008334080386
3916.0299999713898,0.01318359375,0.037109375,0.9892578125,3889.410833398501
3916.039999961853,0.03271484375,-0.00927734375,0.97900390625,3889.420833388964
3916.049999952316,0.03271484375,-0.00927734375,0.97900390625,3889.430833379427
3916.05999994278,0.0419921875,-0.029296875,1.0927734375,3889.440833369891
3916.069999933243,0.0419921875,-0.029296875,1.0927734375,3889.450833360354
3916.079999923706,0.00830078125,0.02880859375,0.9365234375,3889.460833350817
3916.089999914169,0.00830078125,0.02880859375,0.9365234375,3889.47083334128
3916.099999904633,0.03759765625,-0.01416015625,1.02197265625,3889.480833331744
3916.109999895096,0.03759765625,-0.01416015625,1.02197265625,3889.490833322207
3916.119999885559,0.0390625,-0.02001953125,1.0693359375,3889.5008333126702
3916.1299998760223,0.0390625,-0.02001953125,1.0693359375,3889.5108333031335
3916.1399998664856,0.001953125,0.02392578125,0.9287109375,3889.5208332935968
3916.150000095368,0.001953125,0.02392578125,0.9287109375,3889.530833522479
3916.160000085831,0.04248046875,-0.01220703125,1.05859375,3889.5408335129423
3916.170000076294,0.04248046875,-0.01220703125,1.05859375,3889.550833503405
3916.180000066757,0.037109375,-0.0107421875,1.05078125,3889.5608334938684
3916.190000057221,0.037109375,-0.0107421875,1.05078125,3889.570833484332
3916.200000047684,0.0048828125,0.01953125,0.9296875,3889.5808334747953
3916.210000038147,0.0048828125,0.01953125,0.9296875,3889.590833465258
3916.22000002861,0.041015625,-0.021484375,1.07763671875,3889.600833455721
3916.2300000190735,0.041015625,-0.021484375,1.07763671875,3889.6108334461846
3916.2400000095367,0.03369140625,0.0078125,1.0244140625,3889.620833436648
3916.25,0.03369140625,0.0078125,1.0244140625,3889.630833427111
3916.2599999904633,0.00390625,0.01611328125,0.95751953125,3889.6408334175744
3916.2699999809274,0.00390625,0.01611328125,0.95751953125,3889.6508334080386
3916.2799999713898,0.0390625,-0.01953125,1.068359375,3889.660833398501
3916.289999961853,0.0390625,-0.01953125,1.068359375,3889.670833388964
3916.299999952316,0.033203125,0.009765625,1.0224609375,3889.680833379427
3916.30999994278,0.033203125,0.009765625,1.0224609375,3889.690833369891
3916.319999933243,0.009765625,0.01611328125,0.9833984375,3889.700833360354
3916.329999923706,0.009765625,0.01611328125,0.9833984375,3889.710833350817
3916.339999914169,0.03271484375,-0.0205078125,1.048828125,3889.72083334128
3916.349999904633,0.03271484375,-0.0205078125,1.048828125,3889.730833331744
3916.359999895096,0.0341796875,0.0224609375,1.00439453125,3889.740833322207
3916.369999885559,0.0341796875,0.0224609375,1.00439453125,3889.7508333126702
3916.3799998760223,0.01806640625,0.00634765625,0.9990234375,3889.7608333031335
3916.3899998664856,0.01806640625,0.00634765625,0.9990234375,3889.7708332935968
3916.400000095368,0.02783203125,-0.01806640625,1.04052734375,3889.780833522479
3916.410000085831,0.02783203125,-0.01806640625,1.04052734375,3889.7908335129423
3916.420000076294,0.02197265625,0.0283203125,1.00244140625,3889.800833503405
3916.430000066757,0.02197265625,0.0283203125,1.00244140625,3889.8108334938684
3916.440000057221,0.02783203125,0.0029296875,1.02685546875,3889.820833484332
3916.450000047684,0.02783203125,0.0029296875,1.02685546875,3889.8308334747953
3916.460000038147,0.02880859375,-0.017578125,1.03515625,3889.840833465258
3916.47000002861,0.02880859375,-0.017578125,1.03515625,3889.850833455721
3916.4800000190735,0.01318359375,0.0439453125,0.9912109375,3889.8608334461846
3916.4900000095367,0.01318359375,0.0439453125,0.9912109375,3889.870833436648
3916.5,0.0400390625,-0.00732421875,1.02490234375,3889.880833427111
3916.5099999904633,0.0400390625,-0.00732421875,1.02490234375,3889.8908334175744
3916.5199999809274,0.03173828125,-0.017578125,1.05908203125,3889.9008334080386
3916.5299999713898,0.03173828125,-0.017578125,1.05908203125,3889.910833398501
3916.539999961853,0.00341796875,0.0478515625,0.9677734375,3889.920833388964
3916.549999952316,0.00341796875,0.0478515625,0.9677734375,3889.930833379427
3916.55999994278,0.04248046875,-0.01513671875,1.04052734375,3889.940833369891
3916.569999933243,0.04248046875,-0.01513671875,1.04052734375,3889.950833360354
3916.579999923706,0.03369140625,-0.0087890625,1.0693359375,3889.960833350817
3916.589999914169,0.03369140625,-0.0087890625,1.0693359375,3889.97083334128
3916.599999904633,0.00537109375,0.0390625,0.93505859375,3889.980833331744
3916.609999895096,0.00537109375,0.0390625,0.93505859375,3889.990833322207
3916.619999885559,0.04443359375,-0.015625,1.0556640625,3890.0008333126702
3916.6299998760223,0.04443359375,-0.015625,1.0556640625,3890.0108333031335
3916.6399998664856,0.03515625,0.0087890625,1.0517578125,3890.0208332935968
3916.650000095368,0.03515625,0.0087890625,1.0517578125,3890.030833522479
3916.660000085831,0.00537109375,0.02490234375,0.916015625,3890.0408335129423
3916.670000076294,0.00537109375,0.02490234375,0.916015625,3890.050833503405
3916.680000066757,0.04541015625,-0.02099609375,1.07958984375,3890.0608334938684
3916.690000057221,0.04541015625,-0.02099609375,1.07958984375,3890.070833484332
3916.694999933243,0.0341796875,0.02294921875,1.02490234375,3890.075833360354
3916.700000047684,0.00732421875,0.0146484375,0.9345703125,3890.0808334747953
3916.72000002861,0.00732421875,0.0146484375,0.9345703125,3890.100833455721
3916.734999895096,0.00732421875,0.0146484375,0.9345703125,3890.115833322207
3916.744999885559,0.04443359375,-0.017578125,1.07275390625,3890.1258333126702
3916.7549998760223,0.04443359375,-0.017578125,1.07275390625,3890.1358333031335
3916.7649998664856,0.033203125,0.025390625,1.009765625,3890.1458332935968
3916.775000095368,0.033203125,0.025390625,1.009765625,3890.155833522479
3916.785000085831,0.015625,0.00634765625,0.9462890625,3890.1658335129423
3916.795000076294,0.015625,0.00634765625,0.9462890625,3890.175833503405
3916.805000066757,0.04150390625,-0.01123046875,1.0673828125,3890.1858334938684
3916.815000057221,0.03515625,0.02099609375,0.97802734375,3890.195833484332
3916.825000047684,0.03515625,0.02099609375,0.97802734375,3890.2058334747953
3916.835000038147,0.02587890625,-0.00048828125,0.9921875,3890.215833465258
3916.84500002861,0.02587890625,-0.00048828125,0.9921875,3890.225833455721
3916.8550000190735,0.03466796875,-0.0068359375,1.0390625,3890.2358334461846
3916.8650000095367,0.03466796875,-0.0068359375,1.0390625,3890.245833436648
3916.875,0.03271484375,0.029296875,0.96435546875,3890.255833427111
3916.8849999904633,0.03271484375,0.029296875,0.96435546875,3890.2658334175744
3916.8949999809274,0.04052734375,-0.0107421875,1.02880859375,3890.2758334080386
3916.9049999713898,0.04052734375,-0.0107421875,1.02880859375,3890.285833398501
3916.914999961853,0.03369140625,-0.009765625,0.99560546875,3890.295833388964
3916.924999952316,0.03369140625,-0.009765625,0.99560546875,3890.305833379427
3916.93499994278,0.02392578125,0.04052734375,0.96923828125,3890.315833369891
3916.944999933243,0.02392578125,0.04052734375,0.96923828125,3890.325833360354
3916.954999923706,0.046875,-0.02001953125,1.0224609375,3890.335833350817
3916.964999914169,0.046875,-0.02001953125,1.0224609375,3890.34583334128
3916.974999904633,0.03955078125,-0.01220703125,1.01318359375,3890.355833331744
3916.984999895096,0.03955078125,-0.01220703125,1.01318359375,3890.365833322207
3916.994999885559,0.01806640625,0.0361328125,0.9453125,3890.3758333126702
3917.0049998760223,0.01806640625,0.0361328125,0.9453125,3890.3858333031335
3917.0149998664856,0.0537109375,-0.0263671875,1.0302734375,3890.3958332935968
3917.025000095368,0.0537109375,-0.0263671875,1.0302734375,3890.405833522479
3917.035000085831,0.037109375,-0.00439453125,1.01708984375,3890.4158335129423
3917.045000076294,0.037109375,-0.00439453125,1.01708984375,3890.425833503405
3917.055000066757,0.017578125,0.02880859375,0.91357421875,3890.4358334938684
3917.065000057221,0.017578125,0.02880859375,0.91357421875,3890.445833484332
3917.075000047684,0.0615234375,-0.029296875,1.05908203125,3890.4558334747953
3917.085000038147,0.0615234375,-0.029296875,1.05908203125,3890.465833465258
3917.09500002861,0.03857421875,0.0087890625,1.00244140625,3890.475833455721
3917.1050000190735,0.03857421875,0.0087890625,1.00244140625,3890.4858334461846
3917.1150000095367,0.0205078125,0.0078125,0.9033203125,3890.495833436648
3917.125,0.0205078125,0.0078125,0.9033203125,3890.505833427111
3917.1349999904633,0.06201171875,-0.02978515625,1.0771484375,3890.5158334175744
3917.1449999809274,0.06201171875,-0.02978515625,1.0771484375,3890.5258334080386
3917.1549999713898,0.0380859375,0.01611328125,0.97265625,3890.535833398501
3917.164999961853,0.0380859375,0.01611328125,0.97265625,3890.545833388964
3917.174999952316,0.02294921875,-0.00390625,0.9111328125,3890.555833379427
3917.18499994278,0.02294921875,-0.00390625,0.9111328125,3890.565833369891
3917.194999933243,0.06103515625,-0.02783203125,1.06494140625,3890.575833360354
3917.204999923706,0.06103515625,-0.02783203125,1.06494140625,3890.585833350817
3917.214999914169,0.03955078125,0.01806640625,0.9580078125,3890.59583334128
3917.224999904633,0.03955078125,0.01806640625,0.9580078125,3890.605833331744
3917.234999895096,0.0322265625,-0.01611328125,0.93603515625,3890.615833322207
3917.244999885559,0.0322265625,-0.01611328125,0.93603515625,3890.6258333126702
3917.2549998760223,0.05517578125,-0.02099609375,1.03466796875,3890.6358333031335
3917.2649998664856,0.05517578125,-0.02099609375,1.03466796875,3890.6458332935968
3917.275000095368,0.04345703125,0.01123046875,0.9482421875,3890.655833522479
3917.285000085831,0.04345703125,0.01123046875,0.9482421875,3890.6658335129423
3917.295000076294,0.04296875,-0.02783203125,0.96630859375,3890.675833503405
3917.305000066757,0.04296875,-0.02783203125,0.96630859375,3890.6858334938684
3917.315000057221,0.0458984375,-0.0087890625,0.9912109375,3890.695833484332
3917.325000047684,0.0458984375,-0.0087890625,0.9912109375,3890.7058334747953
3917.335000038147,0.04638671875,0.01123046875,0.9404296875,3890.715833465258
3917.34500002861,0.04638671875,0.01123046875,0.9404296875,3890.725833455721
3917.3550000190735,0.0556640625,-0.03955078125,1.00048828125,3890.7358334461846
3917.3650000095367,0.0556640625,-0.03955078125,1.00048828125,3890.745833436648
3917.375,0.0439453125,-0.01025390625,0.95263671875,3890.755833427111
3917.3849999904633,0.0439453125,-0.01025390625,0.95263671875,3890.7658334175744
3917.3949999809274,0.041015625,0.013671875,0.96142578125,3890.7758334080386
3917.4049999713898,0.041015625,0.013671875,0.96142578125,3890.785833398501
3917.414999961853,0.0654296875,-0.04052734375,0.99462890625,3890.795833388964
3917.424999952316,0.0654296875,-0.04052734375,0.99462890625,3890.805833379427
3917.43499994278,0.04296875,-0.0107421875,0.94677734375,3890.815833369891
3917.444999933243,0.04296875,-0.0107421875,0.94677734375,3890.825833360354
3917.454999923706,0.04296875,0.013671875,0.95849609375,3890.835833350817
3917.464999914169,0.04296875,0.013671875,0.95849609375,3890.84583334128
3917.474999904633,0.06884765625,-0.0390625,0.9892578125,3890.855833331744
3917.484999895096,0.06884765625,-0.0390625,0.9892578125,3890.865833322207
3917.494999885559,0.0439453125,-0.005859375,0.974609375,3890.8758333126702
3917.5049998760223,0.0439453125,-0.005859375,0.974609375,3890.8858333031335
3917.5149998664856,0.0439453125,0.00146484375,0.9453125,3890.8958332935968
3917.525000095368,0.0439453125,0.00146484375,0.9453125,3890.905833522479
3917.535000085831,0.07373046875,-0.03759765625,0.98486328125,3890.9158335129423
3917.545000076294,0.07373046875,-0.03759765625,0.98486328125,3890.925833503405
3917.555000066757,0.044921875,0.0048828125,0.97607421875,3890.9358334938684
3917.565000057221,0.044921875,0.0048828125,0.97607421875,3890.945833484332
3917.575000047684,0.04443359375,-0.0068359375,0.92138671875,3890.9558334747953
3917.585000038147,0.04443359375,-0.0068359375,0.92138671875,3890.965833465258
3917.59500002861,0.0751953125,-0.0419921875,0.99267578125,3890.975833455721
3917.6050000190735,0.0751953125,-0.0419921875,0.99267578125,3890.9858334461846
3917.6150000095367,0.04736328125,0.02001953125,0.98291015625,3890.995833436648
