t,q1,q2,q3,q4,time_from_sync
,,,,,1430.0033334493637
,,,,,1430.013333439827
,,,,,1430.0233334302902
,,,,,1430.0333334207535
,,,,,1430.0433334112167
,,,,,1430.05333340168
,,,,,1430.0633333921432
,,,,,1430.0733333826067
,,,,,1430.0833333730698
,,,,,1430.093333363533
,,,,,1430.1033333539963
,,,,,1430.1133333444595
,,,,,1430.1233333349228
,,,,,1430.133333325386
,,,,,1430.1433333158493
,,,,,1430.1533333063126
,,,,,1430.1633332967758
,,,,,1430.1733335256577
,,,,,1430.183333516121
,,,,,1430.1933335065842
,,,,,1430.2033334970474
,,,,,1430.2133334875107
,,,,,1430.2233334779737
,,,,,1430.2333334684372
,,,,,1430.2433334589005
,,,,,1430.2533334493637
,,,,,1430.263333439827
,,,,,1430.2733334302902
,,,,,1430.2833334207535
,,,,,1430.2933334112167
,,,,,1430.30333340168
,,,,,1430.3133333921432
,,,,,1430.3233333826067
,,,,,1430.3333333730698
,,,,,1430.343333363533
,,,,,1430.3533333539963
,,,,,1430.3583334684372
,,,,,1430.3633333444595
,,,,,1430.3783334493637
,,,,,1430.3983334302902
,,,,,1430.4183334112167
,,,,,1430.42833340168
,,,,,1430.4383333921432
,,,,,1430.4483333826067
,,,,,1430.4583333730698
,,,,,1430.468333363533
,,,,,1430.4783333539963
,,,,,1430.4883333444595
,,,,,1430.4983333349228
,,,,,1430.508333325386
,,,,,1430.5183333158493
,,,,,1430.5283333063126
,,,,,1430.5383332967758
,,,,,1430.5483335256577
,,,,,1430.558333516121
,,,,,1430.5683335065842
,,,,,1430.5783334970474
,,,,,1430.5883334875107
,,,,,1430.5983334779737
,,,,,1430.6083334684372
,,,,,1430.6183334589005
,,,,,1430.6283334493637
,,,,,1430.638333439827
,,,,,1430.6483334302902
,,,,,1430.6583334207535
,,,,,1430.6683334112167
,,,,,1430.67833340168
,,,,,1430.6883333921432
,,,,,1430.6983333826067
,,,,,1430.7083333730698
,,,,,1430.718333363533
,,,,,1430.7283333539963
,,,,,1430.7383333444595
,,,,,1430.7483333349228
,,,,,1430.758333325386
,,,,,1430.7683333158493
,,,,,1430.7783333063126
,,,,,1430.7883332967758
,,,,,1430.7983335256577
,,,,,1430.808333516121
,,,,,1430.8183335065842
,,,,,1430.8283334970474
,,,,,1430.8383334875107
,,,,,1430.8483334779737
,,,,,1430.8583334684372
,,,,,1430.8683334589005
,,,,,1430.8783334493637
,,,,,1430.888333439827
,,,,,1430.8983334302902
,,,,,1430.9083334207535
,,,,,1430.9183334112167
,,,,,1430.92833340168
,,,,,1430.9383333921432
,,,,,1430.9483333826067
,,,,,1430.9583333730698
,,,,,1430.968333363533
,,,,,1430.9783333539963
,,,,,1430.9883333444595
,,,,,1430.9983333349228
,,,,,1431.008333325386
,,,,,1431.0183333158493
,,,,,1431.0283333063126
,,,,,1431.0383332967758
,,,,,1431.0483335256577
,,,,,1431.058333516121
,,,,,1431.0683335065842
,,,,,1431.0783334970474
,,,,,1431.0883334875107
,,,,,1431.0983334779737
,,,,,1431.1083334684372
,,,,,1431.1183334589005
,,,,,1431.1283334493637
,,,,,1431.138333439827
,,,,,1431.1483334302902
,,,,,1431.1583334207535
,,,,,1431.1683334112167
,,,,,1431.17833340168
,,,,,1431.1883333921432
,,,,,1431.1983333826067
,,,,,1431.2083333730698
,,,,,1431.218333363533
,,,,,1431.2283333539963
,,,,,1431.2383333444595
,,,,,1431.2483333349228
,,,,,1431.258333325386
,,,,,1431.2683333158493
,,,,,1431.2783333063126
,,,,,1431.2883332967758
,,,,,1431.2983335256577
,,,,,1431.308333516121
,,,,,1431.3183335065842
,,,,,1431.3283334970474
,,,,,1431.3383334875107
,,,,,1431.3483334779737
,,,,,1431.3583334684372
,,,,,1431.3633333444595
,,,,,1431.3683334589005
,,,,,1431.383333325386
,,,,,1431.3933333158493
,,,,,1431.4033333063126
,,,,,1431.4133332967758
,,,,,1431.4233335256577
,,,,,1431.433333516121
,,,,,1431.4433335065842
,,,,,1431.4533334970474
,,,,,1431.4633334875107
,,,,,1431.4733334779737
,,,,,1431.4833334684372
,,,,,1431.4933334589005
,,,,,1431.5033334493637
,,,,,1431.513333439827
,,,,,1431.5233334302902
,,,,,1431.5333334207535
,,,,,1431.5433334112167
,,,,,1431.55333340168
,,,,,1431.5633333921432
,,,,,1431.5733333826067
,,,,,1431.5833333730698
,,,,,1431.593333363533
,,,,,1431.6033333539963
,,,,,1431.6133333444595
,,,,,1431.6233333349228
,,,,,1431.633333325386
,,,,,1431.6433333158493
,,,,,1431.6533333063126
,,,,,1431.6633332967758
,,,,,1431.6733335256577
,,,,,1431.683333516121
,,,,,1431.6933335065842
,,,,,1431.7033334970474
,,,,,1431.7133334875107
,,,,,1431.7233334779737
,,,,,1431.7333334684372
,,,,,1431.7433334589005
,,,,,1431.7533334493637
,,,,,1431.763333439827
,,,,,1431.7733334302902
,,,,,1431.7833334207535
,,,,,1431.7933334112167
,,,,,1431.80333340168
,,,,,1431.8133333921432
,,,,,1431.8233333826067
,,,,,1431.8333333730698
,,,,,1431.843333363533
,,,,,1431.8533333539963
,,,,,1431.8633333444595
,,,,,1431.8733333349228
,,,,,1431.883333325386
,,,,,1431.8933333158493
,,,,,1431.9033333063126
,,,,,1431.9133332967758
,,,,,1431.9233335256577
,,,,,1431.933333516121
,,,,,1431.9433335065842
,,,,,1431.9533334970474
,,,,,1431.9633334875107
,,,,,1431.9733334779737
,,,,,1431.9833334684372
,,,,,1431.9933334589005
,,,,,1432.0033334493637
,,,,,1432.013333439827
,,,,,1432.0233334302902
,,,,,1432.0333334207535
,,,,,1432.0433334112167
,,,,,1432.05333340168
,,,,,1432.0633333921432
,,,,,1432.0733333826067
,,,,,1432.0833333730698
,,,,,1432.093333363533
,,,,,1432.1033333539963
,,,,,1432.1133333444595
,,,,,1432.1233333349228
,,,,,1432.133333325386
,,,,,1432.1433333158493
,,,,,1432.1533333063126
,,,,,1432.1633332967758
,,,,,1432.1733335256577
,,,,,1432.183333516121
,,,,,1432.1933335065842
,,,,,1432.2033334970474
,,,,,1432.2133334875107
,,,,,1432.2233334779737
,,,,,1432.2333334684372
,,,,,1432.2433334589005
,,,,,1432.2533334493637
,,,,,1432.263333439827
,,,,,1432.2733334302902
,,,,,1432.2833334207535
,,,,,1432.2933334112167
,,,,,1432.30333340168
,,,,,1432.3133333921432
,,,,,1432.3233333826067
,,,,,1432.3333333730698
,,,,,1432.343333363533
,,,,,1432.3533333539963
,,,,,1432.3633333444595
,,,,,1432.3683334589005
,,,,,1432.3733333349228
,,,,,1432.388333439827
,,,,,1432.3983334302902
,,,,,1432.4083334207535
,,,,,1432.4183334112167
,,,,,1432.42833340168
,,,,,1432.4383333921432
,,,,,1432.4483333826067
,,,,,1432.4583333730698
,,,,,1432.468333363533
,,,,,1432.4783333539963
,,,,,1432.4883333444595
,,,,,1432.4983333349228
,,,,,1432.508333325386
,,,,,1432.5183333158493
,,,,,1432.5283333063126
,,,,,1432.5383332967758
,,,,,1432.5483335256577
,,,,,1432.558333516121
,,,,,1432.5683335065842
,,,,,1432.5783334970474
,,,,,1432.5883334875107
,,,,,1432.5983334779737
,,,,,1432.6083334684372
,,,,,1432.6183334589005
,,,,,1432.6283334493637
,,,,,1432.638333439827
,,,,,1432.6483334302902
,,,,,1432.6583334207535
,,,,,1432.6683334112167
,,,,,1432.67833340168
,,,,,1432.6883333921432
,,,,,1432.6983333826067
,,,,,1432.7083333730698
,,,,,1432.718333363533
,,,,,1432.7283333539963
,,,,,1432.7383333444595
,,,,,1432.7483333349228
,,,,,1432.758333325386
,,,,,1432.7683333158493
,,,,,1432.7783333063126
,,,,,1432.7883332967758
,,,,,1432.7983335256577
,,,,,1432.808333516121
,,,,,1432.8183335065842
,,,,,1432.8283334970474
,,,,,1432.8383334875107
,,,,,1432.8483334779737
,,,,,1432.8583334684372
,,,,,1432.8683334589005
,,,,,1432.8783334493637
,,,,,1432.888333439827
,,,,,1432.8983334302902
,,,,,1432.9083334207535
,,,,,1432.9183334112167
,,,,,1432.92833340168
,,,,,1432.9383333921432
,,,,,1432.9483333826067
,,,,,1432.9583333730698
,,,,,1432.968333363533
,,,,,1432.9783333539963
,,,,,1432.9883333444595
,,,,,1432.9983333349228
,,,,,1433.008333325386
,,,,,1433.0183333158493
,,,,,1433.0283333063126
,,,,,1433.0383332967758
,,,,,1433.0483335256577
,,,,,1433.058333516121
,,,,,1433.0683335065842
,,,,,1433.0783334970474
,,,,,1433.0883334875107
,,,,,1433.0983334779737
,,,,,1433.1083334684372
,,,,,1433.1183334589005
,,,,,1433.1283334493637
,,,,,1433.138333439827
,,,,,1433.1483334302902
,,,,,1433.1583334207535
,,,,,1433.1683334112167
,,,,,1433.17833340168
,,,,,1433.1883333921432
,,,,,1433.1983333826067
,,,,,1433.2083333730698
,,,,,1433.218333363533
,,,,,1433.2283333539963
,,,,,1433.2383333444595
,,,,,1433.2483333349228
,,,,,1433.258333325386
,,,,,1433.2683333158493
,,,,,1433.2783333063126
,,,,,1433.2883332967758
,,,,,1433.2983335256577
,,,,,1433.308333516121
,,,,,1433.3183335065842
,,,,,1433.3283334970474
,,,,,1433.3383334875107
,,,,,1433.3483334779737
,,,,,1433.3583334684372
,,,,,1433.3683334589005
,,,,,1433.3733333349228
,,,,,1433.3783334493637
,,,,,1433.3933333158493
,,,,,1433.4033333063126
,,,,,1433.4133332967758
,,,,,1433.4233335256577
,,,,,1433.433333516121
,,,,,1433.4433335065842
,,,,,1433.4533334970474
,,,,,1433.4633334875107
,,,,,1433.4733334779737
,,,,,1433.4833334684372
,,,,,1433.4933334589005
,,,,,1433.5033334493637
,,,,,1433.513333439827
,,,,,1433.5233334302902
,,,,,1433.5333334207535
,,,,,1433.5433334112167
,,,,,1433.55333340168
,,,,,1433.5633333921432
,,,,,1433.5733333826067
,,,,,1433.5833333730698
,,,,,1433.593333363533
,,,,,1433.6033333539963
,,,,,1433.6133333444595
,,,,,1433.6233333349228
,,,,,1433.633333325386
,,,,,1433.6433333158493
,,,,,1433.6533333063126
,,,,,1433.6633332967758
,,,,,1433.6733335256577
,,,,,1433.683333516121
,,,,,1433.6933335065842
,,,,,1433.7033334970474
,,,,,1433.7133334875107
,,,,,1433.7233334779737
,,,,,1433.7333334684372
,,,,,1433.7433334589005
,,,,,1433.7533334493637
,,,,,1433.763333439827
,,,,,1433.7733334302902
,,,,,1433.7833334207535
,,,,,1433.7933334112167
,,,,,1433.80333340168
,,,,,1433.8133333921432
,,,,,1433.8233333826067
,,,,,1433.8333333730698
,,,,,1433.843333363533
,,,,,1433.8533333539963
,,,,,1433.8633333444595
,,,,,1433.8733333349228
,,,,,1433.883333325386
,,,,,1433.8933333158493
,,,,,1433.9033333063126
,,,,,1433.9133332967758
,,,,,1433.9233335256577
,,,,,1433.933333516121
,,,,,1433.9433335065842
,,,,,1433.9533334970474
,,,,,1433.9633334875107
,,,,,1433.9733334779737
,,,,,1433.9833334684372
,,,,,1433.9933334589005
,,,,,1434.0033334493637
,,,,,1434.013333439827
,,,,,1434.0233334302902
,,,,,1434.0333334207535
,,,,,1434.0433334112167
,,,,,1434.05333340168
,,,,,1434.0633333921432
,,,,,1434.0733333826067
,,,,,1434.0833333730698
,,,,,1434.093333363533
,,,,,1434.1033333539963
,,,,,1434.1133333444595
,,,,,1434.1233333349228
,,,,,1434.133333325386
,,,,,1434.1433333158493
,,,,,1434.1533333063126
,,,,,1434.1633332967758
,,,,,1434.1733335256577
,,,,,1434.183333516121
,,,,,1434.1933335065842
,,,,,1434.2033334970474
,,,,,1434.2133334875107
,,,,,1434.2233334779737
,,,,,1434.2333334684372
,,,,,1434.2433334589005
,,,,,1434.2533334493637
,,,,,1434.263333439827
,,,,,1434.2733334302902
,,,,,1434.2833334207535
,,,,,1434.2933334112167
,,,,,1434.30333340168
,,,,,1434.3133333921432
,,,,,1434.3233333826067
,,,,,1434.3333333730698
,,,,,1434.343333363533
,,,,,1434.3533333539963
,,,,,1434.3633333444595
,,,,,1434.3733333349228
,,,,,1434.3783334493637
,,,,,1434.383333325386
,,,,,1434.3983334302902
,,,,,1434.4083334207535
,,,,,1434.4183334112167
,,,,,1434.42833340168
,,,,,1434.4383333921432
,,,,,1434.4483333826067
,,,,,1434.4583333730698
,,,,,1434.468333363533
,,,,,1434.4783333539963
,,,,,1434.4883333444595
,,,,,1434.4983333349228
,,,,,1434.508333325386
,,,,,1434.5183333158493
,,,,,1434.5283333063126
,,,,,1434.5383332967758
,,,,,1434.5483335256577
,,,,,1434.558333516121
,,,,,1434.5683335065842
,,,,,1434.5783334970474
,,,,,1434.5883334875107
,,,,,1434.5983334779737
,,,,,1434.6083334684372
,,,,,1434.6183334589005
,,,,,1434.6283334493637
,,,,,1434.638333439827
,,,,,1434.6483334302902
,,,,,1434.6583334207535
,,,,,1434.6683334112167
,,,,,1434.67833340168
,,,,,1434.6883333921432
,,,,,1434.6983333826067
,,,,,1434.7083333730698
,,,,,1434.718333363533
,,,,,1434.7283333539963
,,,,,1434.7383333444595
,,,,,1434.7483333349228
,,,,,1434.758333325386
,,,,,1434.7683333158493
,,,,,1434.7783333063126
,,,,,1434.7883332967758
,,,,,1434.7983335256577
,,,,,1434.808333516121
,,,,,1434.8183335065842
,,,,,1434.8283334970474
,,,,,1434.8383334875107
,,,,,1434.8483334779737
,,,,,1434.8583334684372
,,,,,1434.8683334589005
,,,,,1434.8783334493637
,,,,,1434.888333439827
,,,,,1434.8983334302902
,,,,,1434.9083334207535
,,,,,1434.9183334112167
,,,,,1434.92833340168
,,,,,1434.9383333921432
,,,,,1434.9483333826067
,,,,,1434.9583333730698
,,,,,1434.968333363533
,,,,,1434.9783333539963
,,,,,1434.9883333444595
,,,,,1434.9983333349228
,,,,,1435.008333325386
,,,,,1435.0183333158493
,,,,,1435.0283333063126
,,,,,1435.0383332967758
,,,,,1435.0483335256577
,,,,,1435.058333516121
,,,,,1435.0683335065842
,,,,,1435.0783334970474
,,,,,1435.0883334875107
,,,,,1435.0983334779737
,,,,,1435.1083334684372
,,,,,1435.1183334589005
,,,,,1435.1283334493637
,,,,,1435.138333439827
,,,,,1435.1483334302902
,,,,,1435.1583334207535
,,,,,1435.1683334112167
,,,,,1435.17833340168
,,,,,1435.1883333921432
,,,,,1435.1983333826067
,,,,,1435.2083333730698
,,,,,1435.218333363533
,,,,,1435.2283333539963
,,,,,1435.2383333444595
,,,,,1435.2483333349228
,,,,,1435.258333325386
,,,,,1435.2683333158493
,,,,,1435.2783333063126
,,,,,1435.2883332967758
,,,,,1435.2983335256577
,,,,,1435.308333516121
,,,,,1435.3183335065842
,,,,,1435.3283334970474
,,,,,1435.3383334875107
,,,,,1435.3483334779737
,,,,,1435.3583334684372
,,,,,1435.3683334589005
,,,,,1435.3783334493637
,,,,,1435.383333325386
,,,,,1435.388333439827
,,,,,1435.4083334207535
,,,,,1435.4183334112167
,,,,,1435.42833340168
,,,,,1435.4383333921432
,,,,,1435.4483333826067
,,,,,1435.4583333730698
,,,,,1435.468333363533
,,,,,1435.4783333539963
,,,,,1435.4883333444595
,,,,,1435.4983333349228
,,,,,1435.508333325386
,,,,,1435.5183333158493
,,,,,1435.5283333063126
,,,,,1435.5383332967758
,,,,,1435.5483335256577
,,,,,1435.558333516121
,,,,,1435.5683335065842
,,,,,1435.5783334970474
,,,,,1435.5883334875107
,,,,,1435.5983334779737
,,,,,1435.6083334684372
,,,,,1435.6183334589005
,,,,,1435.6283334493637
,,,,,1435.638333439827
,,,,,1435.6483334302902
,,,,,1435.6583334207535
,,,,,1435.6683334112167
,,,,,1435.67833340168
,,,,,1435.6883333921432
,,,,,1435.6983333826067
,,,,,1435.7083333730698
,,,,,1435.718333363533
,,,,,1435.7283333539963
,,,,,1435.7383333444595
,,,,,1435.7483333349228
,,,,,1435.758333325386
,,,,,1435.7683333158493
,,,,,1435.7783333063126
,,,,,1435.7883332967758
,,,,,1435.7983335256577
,,,,,1435.808333516121
,,,,,1435.8183335065842
,,,,,1435.8283334970474
,,,,,1435.8383334875107
,,,,,1435.8483334779737
,,,,,1435.8583334684372
,,,,,1435.8683334589005
,,,,,1435.8783334493637
,,,,,1435.888333439827
,,,,,1435.8983334302902
,,,,,1435.9083334207535
,,,,,1435.9183334112167
,,,,,1435.92833340168
,,,,,1435.9383333921432
,,,,,1435.9483333826067
,,,,,1435.9583333730698
,,,,,1435.968333363533
,,,,,1435.9783333539963
,,,,,1435.9883333444595
,,,,,1435.9983333349228
,,,,,1436.008333325386
,,,,,1436.0183333158493
,,,,,1436.0283333063126
,,,,,1436.0383332967758
,,,,,1436.0483335256577
,,,,,1436.058333516121
,,,,,1436.0683335065842
,,,,,1436.0783334970474
,,,,,1436.0883334875107
,,,,,1436.0983334779737
,,,,,1436.1083334684372
,,,,,1436.1183334589005
,,,,,1436.1283334493637
,,,,,1436.138333439827
,,,,,1436.1483334302902
,,,,,1436.1583334207535
,,,,,1436.1683334112167
,,,,,1436.17833340168
,,,,,1436.1883333921432
,,,,,1436.1983333826067
,,,,,1436.2083333730698
,,,,,1436.218333363533
,,,,,1436.2283333539963
,,,,,1436.2383333444595
,,,,,1436.2483333349228
,,,,,1436.258333325386
,,,,,1436.2683333158493
,,,,,1436.2783333063126
,,,,,1436.2883332967758
,,,,,1436.2983335256577
,,,,,1436.308333516121
,,,,,1436.3183335065842
,,,,,1436.3283334970474
,,,,,1436.3383334875107
,,,,,1436.3483334779737
,,,,,1436.3583334684372
,,,,,1436.3683334589005
,,,,,1436.3783334493637
,,,,,1436.383333325386
,,,,,1436.388333439827
,,,,,1436.4033333063126
,,,,,1436.4133332967758
,,,,,1436.4233335256577
,,,,,1436.433333516121
,,,,,1436.4433335065842
,,,,,1436.4533334970474
,,,,,1436.4633334875107
,,,,,1436.4733334779737
,,,,,1436.4833334684372
,,,,,1436.4933334589005
,,,,,1436.5033334493637
,,,,,1436.513333439827
,,,,,1436.5233334302902
,,,,,1436.5333334207535
,,,,,1436.5433334112167
,,,,,1436.55333340168
,,,,,1436.5633333921432
,,,,,1436.5733333826067
,,,,,1436.5833333730698
,,,,,1436.593333363533
,,,,,1436.6033333539963
,,,,,1436.6133333444595
,,,,,1436.6233333349228
,,,,,1436.633333325386
,,,,,1436.6433333158493
,,,,,1436.6533333063126
,,,,,1436.6633332967758
,,,,,1436.6733335256577
,,,,,1436.683333516121
,,,,,1436.6933335065842
,,,,,1436.7033334970474
,,,,,1436.7133334875107
,,,,,1436.7233334779737
,,,,,1436.7333334684372
,,,,,1436.7433334589005
,,,,,1436.7533334493637
,,,,,1436.763333439827
,,,,,1436.7733334302902
,,,,,1436.7833334207535
,,,,,1436.7933334112167
,,,,,1436.80333340168
,,,,,1436.8133333921432
,,,,,1436.8233333826067
,,,,,1436.8333333730698
,,,,,1436.843333363533
,,,,,1436.8533333539963
,,,,,1436.8633333444595
,,,,,1436.8733333349228
,,,,,1436.883333325386
,,,,,1436.8933333158493
,,,,,1436.9033333063126
,,,,,1436.9133332967758
,,,,,1436.9233335256577
,,,,,1436.933333516121
,,,,,1436.9433335065842
,,,,,1436.9533334970474
,,,,,1436.9633334875107
,,,,,1436.9733334779737
,,,,,1436.9833334684372
,,,,,1436.9933334589005
,,,,,1437.0033334493637
,,,,,1437.013333439827
,,,,,1437.0233334302902
,,,,,1437.0333334207535
,,,,,1437.0433334112167
,,,,,1437.05333340168
,,,,,1437.0633333921432
,,,,,1437.0733333826067
,,,,,1437.0833333730698
,,,,,1437.093333363533
,,,,,1437.1033333539963
,,,,,1437.1133333444595
,,,,,1437.1233333349228
,,,,,1437.133333325386
,,,,,1437.1433333158493
,,,,,1437.1533333063126
,,,,,1437.1633332967758
,,,,,1437.1733335256577
,,,,,1437.183333516121
,,,,,1437.1933335065842
,,,,,1437.2033334970474
,,,,,1437.2133334875107
,,,,,1437.2233334779737
,,,,,1437.2333334684372
,,,,,1437.2433334589005
,,,,,1437.2533334493637
,,,,,1437.263333439827
,,,,,1437.2733334302902
,,,,,1437.2833334207535
,,,,,1437.2933334112167
,,,,,1437.30333340168
,,,,,1437.3133333921432
,,,,,1437.3233333826067
,,,,,1437.3333333730698
,,,,,1437.343333363533
,,,,,1437.3533333539963
,,,,,1437.3633333444595
,,,,,1437.3733333349228
,,,,,1437.383333325386
,,,,,1437.388333439827
,,,,,1437.3933333158493
,,,,,1437.4083334207535
,,,,,1437.4183334112167
,,,,,1437.42833340168
,,,,,1437.4383333921432
,,,,,1437.4483333826067
,,,,,1437.4583333730698
,,,,,1437.468333363533
,,,,,1437.4783333539963
,,,,,1437.4883333444595
,,,,,1437.4983333349228
,,,,,1437.508333325386
,,,,,1437.5183333158493
,,,,,1437.5283333063126
,,,,,1437.5383332967758
,,,,,1437.5483335256577
,,,,,1437.558333516121
,,,,,1437.5683335065842
,,,,,1437.5783334970474
,,,,,1437.5883334875107
,,,,,1437.5983334779737
,,,,,1437.6083334684372
,,,,,1437.6183334589005
,,,,,1437.6283334493637
,,,,,1437.638333439827
,,,,,1437.6483334302902
,,,,,1437.6583334207535
,,,,,1437.6683334112167
,,,,,1437.67833340168
,,,,,1437.6883333921432
,,,,,1437.6983333826067
,,,,,1437.7083333730698
,,,,,1437.718333363533
,,,,,1437.7283333539963
,,,,,1437.7383333444595
,,,,,1437.7483333349228
,,,,,1437.758333325386
,,,,,1437.7683333158493
,,,,,1437.7783333063126
,,,,,1437.7883332967758
,,,,,1437.7983335256577
,,,,,1437.808333516121
,,,,,1437.8183335065842
,,,,,1437.8283334970474
,,,,,1437.8383334875107
,,,,,1437.8483334779737
,,,,,1437.8583334684372
,,,,,1437.8683334589005
,,,,,1437.8783334493637
,,,,,1437.888333439827
,,,,,1437.8983334302902
,,,,,1437.9083334207535
,,,,,1437.9183334112167
,,,,,1437.92833340168
,,,,,1437.9383333921432
,,,,,1437.9483333826067
,,,,,1437.9583333730698
,,,,,1437.968333363533
,,,,,1437.9783333539963
,,,,,1437.9883333444595
,,,,,1437.9983333349228
,,,,,1438.008333325386
,,,,,1438.0183333158493
,,,,,1438.0283333063126
,,,,,1438.0383332967758
,,,,,1438.0483335256577
,,,,,1438.058333516121
,,,,,1438.0683335065842
,,,,,1438.0783334970474
,,,,,1438.0883334875107
,,,,,1438.0983334779737
,,,,,1438.1083334684372
,,,,,1438.1183334589005
,,,,,1438.1283334493637
,,,,,1438.138333439827
,,,,,1438.1483334302902
,,,,,1438.1583334207535
,,,,,1438.1683334112167
,,,,,1438.17833340168
,,,,,1438.1883333921432
,,,,,1438.1983333826067
,,,,,1438.2083333730698
,,,,,1438.218333363533
,,,,,1438.2283333539963
,,,,,1438.2383333444595
,,,,,1438.2483333349228
,,,,,1438.258333325386
,,,,,1438.2683333158493
,,,,,1438.2783333063126
,,,,,1438.2883332967758
,,,,,1438.2983335256577
,,,,,1438.308333516121
,,,,,1438.3183335065842
,,,,,1438.3283334970474
,,,,,1438.3383334875107
,,,,,1438.3483334779737
,,,,,1438.3583334684372
,,,,,1438.3683334589005
,,,,,1438.3783334493637
,,,,,1438.388333439827
,,,,,1438.3933333158493
,,,,,1438.3983334302902
,,,,,1438.4133332967758
,,,,,1438.4233335256577
,,,,,1438.433333516121
,,,,,1438.4433335065842
,,,,,1438.4533334970474
,,,,,1438.4633334875107
,,,,,1438.4733334779737
,,,,,1438.4833334684372
,,,,,1438.4933334589005
,,,,,1438.5033334493637
,,,,,1438.513333439827
,,,,,1438.5233334302902
,,,,,1438.5333334207535
,,,,,1438.5433334112167
,,,,,1438.55333340168
,,,,,1438.5633333921432
,,,,,1438.5733333826067
,,,,,1438.5833333730698
,,,,,1438.593333363533
,,,,,1438.6033333539963
,,,,,1438.6133333444595
,,,,,1438.6233333349228
,,,,,1438.633333325386
,,,,,1438.6433333158493
,,,,,1438.6533333063126
,,,,,1438.6633332967758
,,,,,1438.6733335256577
,,,,,1438.683333516121
,,,,,1438.6933335065842
,,,,,1438.7033334970474
,,,,,1438.7133334875107
,,,,,1438.7233334779737
,,,,,1438.7333334684372
,,,,,1438.7433334589005
,,,,,1438.7533334493637
,,,,,1438.763333439827
,,,,,1438.7733334302902
,,,,,1438.7833334207535
,,,,,1438.7933334112167
,,,,,1438.80333340168
,,,,,1438.8133333921432
,,,,,1438.8233333826067
,,,,,1438.8333333730698
,,,,,1438.843333363533
,,,,,1438.8533333539963
,,,,,1438.8633333444595
,,,,,1438.8733333349228
,,,,,1438.883333325386
,,,,,1438.8933333158493
,,,,,1438.9033333063126
,,,,,1438.9133332967758
,,,,,1438.9233335256577
,,,,,1438.933333516121
,,,,,1438.9433335065842
,,,,,1438.9533334970474
,,,,,1438.9633334875107
,,,,,1438.9733334779737
,,,,,1438.9833334684372
,,,,,1438.9933334589005
,,,,,1439.0033334493637
,,,,,1439.013333439827
,,,,,1439.0233334302902
,,,,,1439.0333334207535
,,,,,1439.0433334112167
,,,,,1439.05333340168
,,,,,1439.0633333921432
,,,,,1439.0733333826067
,,,,,1439.0833333730698
,,,,,1439.093333363533
,,,,,1439.1033333539963
,,,,,1439.1133333444595
,,,,,1439.1233333349228
,,,,,1439.133333325386
,,,,,1439.1433333158493
,,,,,1439.1533333063126
,,,,,1439.1633332967758
,,,,,1439.1733335256577
,,,,,1439.183333516121
,,,,,1439.1933335065842
,,,,,1439.2033334970474
,,,,,1439.2133334875107
,,,,,1439.2233334779737
,,,,,1439.2333334684372
,,,,,1439.2433334589005
,,,,,1439.2533334493637
,,,,,1439.263333439827
,,,,,1439.2733334302902
,,,,,1439.2833334207535
,,,,,1439.2933334112167
,,,,,1439.30333340168
,,,,,1439.3133333921432
,,,,,1439.3233333826067
,,,,,1439.3333333730698
,,,,,1439.343333363533
,,,,,1439.3533333539963
,,,,,1439.3633333444595
,,,,,1439.3733333349228
,,,,,1439.383333325386
,,,,,1439.3933333158493
,,,,,1439.3983334302902
,,,,,1439.4033333063126
,,,,,1439.4233335256577
,,,,,1439.433333516121
,,,,,1439.4433335065842
,,,,,1439.4533334970474
,,,,,1439.4633334875107
,,,,,1439.4733334779737
,,,,,1439.4833334684372
,,,,,1439.4933334589005
,,,,,1439.5033334493637
,,,,,1439.513333439827
,,,,,1439.5233334302902
,,,,,1439.5333334207535
,,,,,1439.5433334112167
,,,,,1439.55333340168
,,,,,1439.5633333921432
,,,,,1439.5733333826067
,,,,,1439.5833333730698
,,,,,1439.593333363533
,,,,,1439.6033333539963
,,,,,1439.6133333444595
,,,,,1439.6233333349228
,,,,,1439.633333325386
,,,,,1439.6433333158493
,,,,,1439.6533333063126
,,,,,1439.6633332967758
,,,,,1439.6733335256577
,,,,,1439.683333516121
,,,,,1439.6933335065842
,,,,,1439.7033334970474
,,,,,1439.7133334875107
,,,,,1439.7233334779737
,,,,,1439.7333334684372
,,,,,1439.7433334589005
,,,,,1439.7533334493637
,,,,,1439.763333439827
,,,,,1439.7733334302902
,,,,,1439.7833334207535
,,,,,1439.7933334112167
,,,,,1439.80333340168
,,,,,1439.8133333921432
,,,,,1439.8233333826067
,,,,,1439.8333333730698
,,,,,1439.843333363533
,,,,,1439.8533333539963
,,,,,1439.8633333444595
,,,,,1439.8733333349228
,,,,,1439.883333325386
,,,,,1439.8933333158493
,,,,,1439.9033333063126
,,,,,1439.9133332967758
,,,,,1439.9233335256577
,,,,,1439.933333516121
,,,,,1439.9433335065842
,,,,,1439.9533334970474
,,,,,1439.9633334875107
,,,,,1439.9733334779737
,,,,,1439.9833334684372
,,,,,1439.9933334589005
,,,,,1440.0033334493637
,,,,,1440.013333439827
,,,,,1440.0233334302902
,,,,,1440.0333334207535
,,,,,1440.0433334112167
,,,,,1440.05333340168
,,,,,1440.0633333921432
,,,,,1440.0733333826067
,,,,,1440.0833333730698
,,,,,1440.093333363533
,,,,,1440.1033333539963
,,,,,1440.1133333444595
,,,,,1440.1233333349228
,,,,,1440.133333325386
,,,,,1440.1433333158493
,,,,,1440.1533333063126
,,,,,1440.1633332967758
,,,,,1440.1733335256577
,,,,,1440.183333516121
,,,,,1440.1933335065842
,,,,,1440.2033334970474
,,,,,1440.2133334875107
,,,,,1440.2233334779737
,,,,,1440.2333334684372
,,,,,1440.2433334589005
,,,,,1440.2533334493637
,,,,,1440.263333439827
,,,,,1440.2733334302902
,,,,,1440.2833334207535
,,,,,1440.2933334112167
,,,,,1440.30333340168
,,,,,1440.3133333921432
,,,,,1440.3233333826067
,,,,,1440.3333333730698
,,,,,1440.343333363533
,,,,,1440.3533333539963
,,,,,1440.3633333444595
,,,,,1440.3733333349228
,,,,,1440.383333325386
,,,,,1440.3933333158493
,,,,,1440.3983334302902
,,,,,1440.4033333063126
,,,,,1440.4233335256577
,,,,,1440.433333516121
,,,,,1440.4433335065842
,,,,,1440.4533334970474
,,,,,1440.4633334875107
,,,,,1440.4733334779737
,,,,,1440.4833334684372
,,,,,1440.4933334589005
,,,,,1440.5033334493637
,,,,,1440.513333439827
,,,,,1440.5233334302902
,,,,,1440.5333334207535
,,,,,1440.5433334112167
,,,,,1440.55333340168
,,,,,1440.5633333921432
,,,,,1440.5733333826067
,,,,,1440.5833333730698
,,,,,1440.593333363533
,,,,,1440.6033333539963
,,,,,1440.6133333444595
,,,,,1440.6233333349228
,,,,,1440.633333325386
,,,,,1440.6433333158493
,,,,,1440.6533333063126
,,,,,1440.6633332967758
,,,,,1440.6733335256577
,,,,,1440.683333516121
,,,,,1440.6933335065842
,,,,,1440.7033334970474
,,,,,1440.7133334875107
,,,,,1440.7233334779737
,,,,,1440.7333334684372
,,,,,1440.7433334589005
,,,,,1440.7533334493637
,,,,,1440.763333439827
,,,,,1440.7733334302902
,,,,,1440.7833334207535
,,,,,1440.7933334112167
,,,,,1440.80333340168
,,,,,1440.8133333921432
,,,,,1440.8233333826067
,,,,,1440.8333333730698
,,,,,1440.843333363533
,,,,,1440.8533333539963
,,,,,1440.8633333444595
,,,,,1440.8733333349228
,,,,,1440.883333325386
,,,,,1440.8933333158493
,,,,,1440.9033333063126
,,,,,1440.9133332967758
,,,,,1440.9233335256577
,,,,,1440.933333516121
,,,,,1440.9433335065842
,,,,,1440.9533334970474
,,,,,1440.9633334875107
,,,,,1440.9733334779737
,,,,,1440.9833334684372
,,,,,1440.9933334589005
,,,,,1441.0033334493637
,,,,,1441.013333439827
,,,,,1441.0233334302902
,,,,,1441.0333334207535
,,,,,1441.0433334112167
,,,,,1441.05333340168
,,,,,1441.0633333921432
,,,,,1441.0733333826067
,,,,,1441.0833333730698
,,,,,1441.093333363533
,,,,,1441.1033333539963
,,,,,1441.1133333444595
,,,,,1441.1233333349228
,,,,,1441.133333325386
,,,,,1441.1433333158493
,,,,,1441.1533333063126
,,,,,1441.1633332967758
,,,,,1441.1733335256577
,,,,,1441.183333516121
,,,,,1441.1933335065842
,,,,,1441.2033334970474
,,,,,1441.2133334875107
,,,,,1441.2233334779737
,,,,,1441.2333334684372
,,,,,1441.2433334589005
,,,,,1441.2533334493637
,,,,,1441.263333439827
,,,,,1441.2733334302902
,,,,,1441.2833334207535
,,,,,1441.2933334112167
,,,,,1441.30333340168
,,,,,1441.3133333921432
,,,,,1441.3233333826067
,,,,,1441.3333333730698
,,,,,1441.343333363533
,,,,,1441.3533333539963
,,,,,1441.3633333444595
,,,,,1441.3733333349228
,,,,,1441.383333325386
,,,,,1441.3933333158493
,,,,,1441.3983334302902
,,,,,1441.4033333063126
,,,,,1441.4183334112167
,,,,,1441.42833340168
,,,,,1441.4383333921432
,,,,,1441.4483333826067
,,,,,1441.4583333730698
,,,,,1441.468333363533
,,,,,1441.4783333539963
,,,,,1441.4883333444595
,,,,,1441.4983333349228
,,,,,1441.508333325386
,,,,,1441.5183333158493
,,,,,1441.5283333063126
,,,,,1441.5383332967758
,,,,,1441.5483335256577
,,,,,1441.558333516121
,,,,,1441.5683335065842
,,,,,1441.5783334970474
,,,,,1441.5883334875107
,,,,,1441.5983334779737
,,,,,1441.6083334684372
,,,,,1441.6183334589005
,,,,,1441.6283334493637
,,,,,1441.638333439827
,,,,,1441.6483334302902
,,,,,1441.6583334207535
,,,,,1441.6683334112167
,,,,,1441.67833340168
,,,,,1441.6883333921432
,,,,,1441.6983333826067
,,,,,1441.7083333730698
,,,,,1441.718333363533
,,,,,1441.7283333539963
,,,,,1441.7383333444595
,,,,,1441.7483333349228
,,,,,1441.758333325386
,,,,,1441.7683333158493
,,,,,1441.7783333063126
,,,,,1441.7883332967758
,,,,,1441.7983335256577
,,,,,1441.808333516121
,,,,,1441.8183335065842
,,,,,1441.8283334970474
,,,,,1441.8383334875107
,,,,,1441.8483334779737
,,,,,1441.8583334684372
,,,,,1441.8683334589005
,,,,,1441.8783334493637
,,,,,1441.888333439827
,,,,,1441.8983334302902
,,,,,1441.9083334207535
,,,,,1441.9183334112167
,,,,,1441.92833340168
,,,,,1441.9383333921432
,,,,,1441.9483333826067
,,,,,1441.9583333730698
,,,,,1441.968333363533
,,,,,1441.9783333539963
,,,,,1441.9883333444595
,,,,,1441.9983333349228
,,,,,1442.008333325386
,,,,,1442.0183333158493
,,,,,1442.0283333063126
,,,,,1442.0383332967758
,,,,,1442.0483335256577
,,,,,1442.058333516121
,,,,,1442.0683335065842
,,,,,1442.0783334970474
,,,,,1442.0883334875107
,,,,,1442.0983334779737
,,,,,1442.1083334684372
,,,,,1442.1183334589005
,,,,,1442.1283334493637
,,,,,1442.138333439827
,,,,,1442.1483334302902
,,,,,1442.1583334207535
,,,,,1442.1683334112167
,,,,,1442.17833340168
,,,,,1442.1883333921432
,,,,,1442.1983333826067
,,,,,1442.2083333730698
,,,,,1442.218333363533
,,,,,1442.2283333539963
,,,,,1442.2383333444595
,,,,,1442.2483333349228
,,,,,1442.258333325386
,,,,,1442.2683333158493
,,,,,1442.2783333063126
,,,,,1442.2883332967758
,,,,,1442.2983335256577
,,,,,1442.308333516121
,,,,,1442.3183335065842
,,,,,1442.3283334970474
,,,,,1442.3383334875107
,,,,,1442.3483334779737
,,,,,1442.3583334684372
,,,,,1442.3683334589005
,,,,,1442.3783334493637
,,,,,1442.388333439827
,,,,,1442.3983334302902
,,,,,1442.4033333063126
,,,,,1442.4083334207535
,,,,,1442.4233335256577
,,,,,1442.433333516121
,,,,,1442.4433335065842
,,,,,1442.4533334970474
,,,,,1442.4633334875107
,,,,,1442.4733334779737
,,,,,1442.4833334684372
,,,,,1442.4933334589005
,,,,,1442.5033334493637
,,,,,1442.513333439827
,,,,,1442.5233334302902
,,,,,1442.5333334207535
,,,,,1442.5433334112167
,,,,,1442.55333340168
,,,,,1442.5633333921432
,,,,,1442.5733333826067
,,,,,1442.5833333730698
,,,,,1442.593333363533
,,,,,1442.6033333539963
,,,,,1442.6133333444595
,,,,,1442.6233333349228
,,,,,1442.633333325386
,,,,,1442.6433333158493
,,,,,1442.6533333063126
,,,,,1442.6633332967758
,,,,,1442.6733335256577
,,,,,1442.683333516121
,,,,,1442.6933335065842
,,,,,1442.7033334970474
,,,,,1442.7133334875107
,,,,,1442.7233334779737
,,,,,1442.7333334684372
,,,,,1442.7433334589005
,,,,,1442.7533334493637
,,,,,1442.763333439827
,,,,,1442.7733334302902
,,,,,1442.7833334207535
,,,,,1442.7933334112167
,,,,,1442.80333340168
,,,,,1442.8133333921432
,,,,,1442.8233333826067
,,,,,1442.8333333730698
,,,,,1442.843333363533
,,,,,1442.8533333539963
,,,,,1442.8633333444595
,,,,,1442.8733333349228
,,,,,1442.883333325386
,,,,,1442.8933333158493
,,,,,1442.9033333063126
,,,,,1442.9133332967758
,,,,,1442.9233335256577
,,,,,1442.933333516121
,,,,,1442.9433335065842
,,,,,1442.9533334970474
,,,,,1442.9633334875107
,,,,,1442.9733334779737
,,,,,1442.9833334684372
,,,,,1442.9933334589005
,,,,,1443.0033334493637
,,,,,1443.013333439827
,,,,,1443.0233334302902
,,,,,1443.0333334207535
,,,,,1443.0433334112167
,,,,,1443.05333340168
,,,,,1443.0633333921432
,,,,,1443.0733333826067
,,,,,1443.0833333730698
,,,,,1443.093333363533
,,,,,1443.1033333539963
,,,,,1443.1133333444595
,,,,,1443.1233333349228
,,,,,1443.133333325386
,,,,,1443.1433333158493
,,,,,1443.1533333063126
,,,,,1443.1633332967758
,,,,,1443.1733335256577
,,,,,1443.183333516121
,,,,,1443.1933335065842
,,,,,1443.2033334970474
,,,,,1443.2133334875107
,,,,,1443.2233334779737
,,,,,1443.2333334684372
,,,,,1443.2433334589005
,,,,,1443.2533334493637
,,,,,1443.263333439827
,,,,,1443.2733334302902
,,,,,1443.2833334207535
,,,,,1443.2933334112167
,,,,,1443.30333340168
,,,,,1443.3133333921432
,,,,,1443.3233333826067
,,,,,1443.3333333730698
,,,,,1443.343333363533
,,,,,1443.3533333539963
,,,,,1443.3633333444595
,,,,,1443.3733333349228
,,,,,1443.383333325386
,,,,,1443.3933333158493
,,,,,1443.4033333063126
,,,,,1443.4083334207535
,,,,,1443.4133332967758
,,,,,1443.42833340168
,,,,,1443.4383333921432
,,,,,1443.4483333826067
,,,,,1443.4583333730698
,,,,,1443.468333363533
,,,,,1443.4783333539963
,,,,,1443.4883333444595
,,,,,1443.4983333349228
,,,,,1443.508333325386
,,,,,1443.5183333158493
,,,,,1443.5283333063126
,,,,,1443.5383332967758
,,,,,1443.5483335256577
,,,,,1443.558333516121
,,,,,1443.5683335065842
,,,,,1443.5783334970474
,,,,,1443.5883334875107
,,,,,1443.5983334779737
,,,,,1443.6083334684372
,,,,,1443.6183334589005
,,,,,1443.6283334493637
,,,,,1443.638333439827
,,,,,1443.6483334302902
,,,,,1443.6583334207535
,,,,,1443.6683334112167
,,,,,1443.67833340168
,,,,,1443.6883333921432
,,,,,1443.6983333826067
,,,,,1443.7083333730698
,,,,,1443.718333363533
,,,,,1443.7283333539963
,,,,,1443.7383333444595
,,,,,1443.7483333349228
,,,,,1443.758333325386
,,,,,1443.7683333158493
,,,,,1443.7783333063126
,,,,,1443.7883332967758
,,,,,1443.7983335256577
,,,,,1443.808333516121
,,,,,1443.8183335065842
,,,,,1443.8283334970474
,,,,,1443.8383334875107
,,,,,1443.8483334779737
,,,,,1443.8583334684372
,,,,,1443.8683334589005
,,,,,1443.8783334493637
,,,,,1443.888333439827
,,,,,1443.8983334302902
,,,,,1443.9083334207535
,,,,,1443.9183334112167
,,,,,1443.92833340168
,,,,,1443.9383333921432
,,,,,1443.9483333826067
,,,,,1443.9583333730698
,,,,,1443.968333363533
,,,,,1443.9783333539963
,,,,,1443.9883333444595
,,,,,1443.9983333349228
,,,,,1444.008333325386
,,,,,1444.0183333158493
,,,,,1444.0283333063126
,,,,,1444.0383332967758
,,,,,1444.0483335256577
,,,,,1444.058333516121
,,,,,1444.0683335065842
,,,,,1444.0783334970474
,,,,,1444.0883334875107
,,,,,1444.0983334779737
,,,,,1444.1083334684372
,,,,,1444.1183334589005
,,,,,1444.1283334493637
,,,,,1444.138333439827
,,,,,1444.1483334302902
,,,,,1444.1583334207535
,,,,,1444.1683334112167
,,,,,1444.17833340168
,,,,,1444.1883333921432
,,,,,1444.1983333826067
,,,,,1444.2083333730698
,,,,,1444.218333363533
,,,,,1444.2283333539963
,,,,,1444.2383333444595
,,,,,1444.2483333349228
,,,,,1444.258333325386
,,,,,1444.2683333158493
,,,,,1444.2783333063126
,,,,,1444.2883332967758
,,,,,1444.2983335256577
,,,,,1444.308333516121
,,,,,1444.3183335065842
,,,,,1444.3283334970474
,,,,,1444.3383334875107
,,,,,1444.3483334779737
,,,,,1444.3583334684372
,,,,,1444.3683334589005
,,,,,1444.3783334493637
,,,,,1444.388333439827
,,,,,1444.3983334302902
,,,,,1444.4083334207535
,,,,,1444.4133332967758
,,,,,1444.4183334112167
,,,,,1444.433333516121
,,,,,1444.4433335065842
,,,,,1444.4533334970474
,,,,,1444.4633334875107
,,,,,1444.4733334779737
,,,,,1444.4833334684372
,,,,,1444.4933334589005
,,,,,1444.5033334493637
,,,,,1444.513333439827
,,,,,1444.5233334302902
,,,,,1444.5333334207535
,,,,,1444.5433334112167
,,,,,1444.55333340168
,,,,,1444.5633333921432
,,,,,1444.5733333826067
,,,,,1444.5833333730698
,,,,,1444.593333363533
,,,,,1444.6033333539963
,,,,,1444.6133333444595
,,,,,1444.6233333349228
,,,,,1444.633333325386
,,,,,1444.6433333158493
,,,,,1444.6533333063126
,,,,,1444.6633332967758
,,,,,1444.6733335256577
,,,,,1444.683333516121
,,,,,1444.6933335065842
,,,,,1444.7033334970474
,,,,,1444.7133334875107
,,,,,1444.7233334779737
,,,,,1444.7333334684372
,,,,,1444.7433334589005
,,,,,1444.7533334493637
,,,,,1444.763333439827
,,,,,1444.7733334302902
,,,,,1444.7833334207535
,,,,,1444.7933334112167
,,,,,1444.80333340168
,,,,,1444.8133333921432
,,,,,1444.8233333826067
,,,,,1444.8333333730698
,,,,,1444.843333363533
,,,,,1444.8533333539963
,,,,,1444.8633333444595
,,,,,1444.8733333349228
,,,,,1444.883333325386
,,,,,1444.8933333158493
,,,,,1444.9033333063126
,,,,,1444.9133332967758
,,,,,1444.9233335256577
,,,,,1444.933333516121
,,,,,1444.9433335065842
,,,,,1444.9533334970474
,,,,,1444.9633334875107
,,,,,1444.9733334779737
,,,,,1444.9833334684372
,,,,,1444.9933334589005
,,,,,1445.0033334493637
,,,,,1445.013333439827
,,,,,1445.0233334302902
,,,,,1445.0333334207535
,,,,,1445.0433334112167
,,,,,1445.05333340168
,,,,,1445.0633333921432
,,,,,1445.0733333826067
,,,,,1445.0833333730698
,,,,,1445.093333363533
,,,,,1445.1033333539963
,,,,,1445.1133333444595
,,,,,1445.1233333349228
,,,,,1445.133333325386
,,,,,1445.1433333158493
,,,,,1445.1533333063126
,,,,,1445.1633332967758
,,,,,1445.1733335256577
,,,,,1445.183333516121
,,,,,1445.1933335065842
,,,,,1445.2033334970474
,,,,,1445.2133334875107
,,,,,1445.2233334779737
,,,,,1445.2333334684372
,,,,,1445.2433334589005
,,,,,1445.2533334493637
,,,,,1445.263333439827
,,,,,1445.2733334302902
,,,,,1445.2833334207535
,,,,,1445.2933334112167
,,,,,1445.30333340168
,,,,,1445.3133333921432
,,,,,1445.3233333826067
,,,,,1445.3333333730698
,,,,,1445.343333363533
,,,,,1445.3533333539963
,,,,,1445.3633333444595
,,,,,1445.3733333349228
,,,,,1445.383333325386
,,,,,1445.3933333158493
,,,,,1445.4033333063126
,,,,,1445.4133332967758
,,,,,1445.4183334112167
,,,,,1445.4233335256577
,,,,,1445.4433335065842
,,,,,1445.4533334970474
,,,,,1445.4633334875107
,,,,,1445.4733334779737
,,,,,1445.4833334684372
,,,,,1445.4933334589005
,,,,,1445.5033334493637
,,,,,1445.513333439827
,,,,,1445.5233334302902
,,,,,1445.5333334207535
,,,,,1445.5433334112167
,,,,,1445.55333340168
,,,,,1445.5633333921432
,,,,,1445.5733333826067
,,,,,1445.5833333730698
,,,,,1445.593333363533
,,,,,1445.6033333539963
,,,,,1445.6133333444595
,,,,,1445.6233333349228
,,,,,1445.633333325386
,,,,,1445.6433333158493
,,,,,1445.6533333063126
,,,,,1445.6633332967758
,,,,,1445.6733335256577
,,,,,1445.683333516121
,,,,,1445.6933335065842
,,,,,1445.7033334970474
,,,,,1445.7133334875107
,,,,,1445.7233334779737
,,,,,1445.7333334684372
,,,,,1445.7433334589005
,,,,,1445.7533334493637
,,,,,1445.763333439827
,,,,,1445.7733334302902
,,,,,1445.7833334207535
,,,,,1445.7933334112167
,,,,,1445.80333340168
,,,,,1445.8133333921432
,,,,,1445.8233333826067
,,,,,1445.8333333730698
,,,,,1445.843333363533
,,,,,1445.8533333539963
,,,,,1445.8633333444595
,,,,,1445.8733333349228
,,,,,1445.883333325386
,,,,,1445.8933333158493
,,,,,1445.9033333063126
,,,,,1445.9133332967758
,,,,,1445.9233335256577
,,,,,1445.933333516121
,,,,,1445.9433335065842
,,,,,1445.9533334970474
,,,,,1445.9633334875107
,,,,,1445.9733334779737
,,,,,1445.9833334684372
,,,,,1445.9933334589005
,,,,,1446.0033334493637
,,,,,1446.013333439827
,,,,,1446.0233334302902
,,,,,1446.0333334207535
,,,,,1446.0433334112167
,,,,,1446.05333340168
,,,,,1446.0633333921432
,,,,,1446.0733333826067
,,,,,1446.0833333730698
,,,,,1446.093333363533
,,,,,1446.1033333539963
,,,,,1446.1133333444595
,,,,,1446.1233333349228
,,,,,1446.133333325386
,,,,,1446.1433333158493
,,,,,1446.1533333063126
,,,,,1446.1633332967758
,,,,,1446.1733335256577
,,,,,1446.183333516121
,,,,,1446.1933335065842
,,,,,1446.2033334970474
,,,,,1446.2133334875107
,,,,,1446.2233334779737
,,,,,1446.2333334684372
,,,,,1446.2433334589005
,,,,,1446.2533334493637
,,,,,1446.263333439827
,,,,,1446.2733334302902
,,,,,1446.2833334207535
,,,,,1446.2933334112167
,,,,,1446.30333340168
,,,,,1446.3133333921432
,,,,,1446.3233333826067
,,,,,1446.3333333730698
,,,,,1446.343333363533
,,,,,1446.3533333539963
,,,,,1446.3633333444595
,,,,,1446.3733333349228
,,,,,1446.383333325386
,,,,,1446.3933333158493
,,,,,1446.4033333063126
,,,,,1446.4133332967758
,,,,,1446.4183334112167
,,,,,1446.4233335256577
,,,,,1446.4383333921432
,,,,,1446.4483333826067
,,,,,1446.4583333730698
,,,,,1446.468333363533
,,,,,1446.4783333539963
,,,,,1446.4883333444595
,,,,,1446.4983333349228
,,,,,1446.508333325386
,,,,,1446.5183333158493
,,,,,1446.5283333063126
,,,,,1446.5383332967758
,,,,,1446.5483335256577
,,,,,1446.558333516121
,,,,,1446.5683335065842
,,,,,1446.5783334970474
,,,,,1446.5883334875107
,,,,,1446.5983334779737
,,,,,1446.6083334684372
,,,,,1446.6183334589005
,,,,,1446.6283334493637
,,,,,1446.638333439827
,,,,,1446.6483334302902
,,,,,1446.6583334207535
,,,,,1446.6683334112167
,,,,,1446.67833340168
,,,,,1446.6883333921432
,,,,,1446.6983333826067
,,,,,1446.7083333730698
,,,,,1446.718333363533
,,,,,1446.7283333539963
,,,,,1446.7383333444595
,,,,,1446.7483333349228
,,,,,1446.758333325386
,,,,,1446.7683333158493
,,,,,1446.7783333063126
,,,,,1446.7883332967758
,,,,,1446.7983335256577
,,,,,1446.808333516121
,,,,,1446.8183335065842
,,,,,1446.8283334970474
,,,,,1446.8383334875107
,,,,,1446.8483334779737
,,,,,1446.8583334684372
,,,,,1446.8683334589005
,,,,,1446.8783334493637
,,,,,1446.888333439827
,,,,,1446.8983334302902
,,,,,1446.9083334207535
,,,,,1446.9183334112167
,,,,,1446.92833340168
,,,,,1446.9383333921432
,,,,,1446.9483333826067
,,,,,1446.9583333730698
,,,,,1446.968333363533
,,,,,1446.9783333539963
,,,,,1446.9883333444595
,,,,,1446.9983333349228
,,,,,1447.008333325386
,,,,,1447.0183333158493
,,,,,1447.0283333063126
,,,,,1447.0383332967758
,,,,,1447.0483335256577
,,,,,1447.058333516121
,,,,,1447.0683335065842
,,,,,1447.0783334970474
,,,,,1447.0883334875107
,,,,,1447.0983334779737
,,,,,1447.1083334684372
,,,,,1447.1183334589005
,,,,,1447.1283334493637
,,,,,1447.138333439827
,,,,,1447.1483334302902
,,,,,1447.1583334207535
,,,,,1447.1683334112167
,,,,,1447.17833340168
,,,,,1447.1883333921432
,,,,,1447.1983333826067
,,,,,1447.2083333730698
,,,,,1447.218333363533
,,,,,1447.2283333539963
,,,,,1447.2383333444595
,,,,,1447.2483333349228
,,,,,1447.258333325386
,,,,,1447.2683333158493
,,,,,1447.2783333063126
,,,,,1447.2883332967758
,,,,,1447.2983335256577
,,,,,1447.308333516121
,,,,,1447.3183335065842
,,,,,1447.3283334970474
,,,,,1447.3383334875107
,,,,,1447.3483334779737
,,,,,1447.3583334684372
,,,,,1447.3683334589005
,,,,,1447.3783334493637
,,,,,1447.388333439827
,,,,,1447.3983334302902
,,,,,1447.4083334207535
,,,,,1447.4183334112167
,,,,,1447.4233335256577
,,,,,1447.42833340168
,,,,,1447.4433335065842
,,,,,1447.4533334970474
,,,,,1447.4633334875107
,,,,,1447.4733334779737
,,,,,1447.4833334684372
,,,,,1447.4933334589005
,,,,,1447.5033334493637
,,,,,1447.513333439827
,,,,,1447.5233334302902
,,,,,1447.5333334207535
,,,,,1447.5433334112167
,,,,,1447.55333340168
,,,,,1447.5633333921432
,,,,,1447.5733333826067
,,,,,1447.5833333730698
,,,,,1447.593333363533
,,,,,1447.6033333539963
,,,,,1447.6133333444595
,,,,,1447.6233333349228
,,,,,1447.633333325386
,,,,,1447.6433333158493
,,,,,1447.6533333063126
,,,,,1447.6633332967758
,,,,,1447.6733335256577
,,,,,1447.683333516121
,,,,,1447.6933335065842
,,,,,1447.7033334970474
,,,,,1447.7133334875107
,,,,,1447.7233334779737
,,,,,1447.7333334684372
,,,,,1447.7433334589005
,,,,,1447.7533334493637
,,,,,1447.763333439827
,,,,,1447.7733334302902
,,,,,1447.7833334207535
,,,,,1447.7933334112167
,,,,,1447.80333340168
,,,,,1447.8133333921432
,,,,,1447.8233333826067
,,,,,1447.8333333730698
,,,,,1447.843333363533
,,,,,1447.8533333539963
,,,,,1447.8633333444595
,,,,,1447.8733333349228
,,,,,1447.883333325386
,,,,,1447.8933333158493
,,,,,1447.9033333063126
,,,,,1447.9133332967758
,,,,,1447.9233335256577
,,,,,1447.933333516121
,,,,,1447.9433335065842
,,,,,1447.9533334970474
,,,,,1447.9633334875107
,,,,,1447.9733334779737
,,,,,1447.9833334684372
,,,,,1447.9933334589005
,,,,,1448.0033334493637
,,,,,1448.013333439827
,,,,,1448.0233334302902
,,,,,1448.0333334207535
,,,,,1448.0433334112167
,,,,,1448.05333340168
,,,,,1448.0633333921432
,,,,,1448.0733333826067
,,,,,1448.0833333730698
,,,,,1448.093333363533
,,,,,1448.1033333539963
,,,,,1448.1133333444595
,,,,,1448.1233333349228
,,,,,1448.133333325386
,,,,,1448.1433333158493
,,,,,1448.1533333063126
,,,,,1448.1633332967758
,,,,,1448.1733335256577
,,,,,1448.183333516121
,,,,,1448.1933335065842
,,,,,1448.2033334970474
,,,,,1448.2133334875107
,,,,,1448.2233334779737
,,,,,1448.2333334684372
,,,,,1448.2433334589005
,,,,,1448.2533334493637
,,,,,1448.263333439827
,,,,,1448.2733334302902
,,,,,1448.2833334207535
,,,,,1448.2933334112167
,,,,,1448.30333340168
,,,,,1448.3133333921432
,,,,,1448.3233333826067
,,,,,1448.3333333730698
,,,,,1448.343333363533
,,,,,1448.3533333539963
,,,,,1448.3633333444595
,,,,,1448.3733333349228
,,,,,1448.383333325386
,,,,,1448.3933333158493
,,,,,1448.4033333063126
,,,,,1448.4133332967758
,,,,,1448.4233335256577
,,,,,1448.42833340168
,,,,,1448.433333516121
,,,,,1448.4483333826067
,,,,,1448.4583333730698
,,,,,1448.468333363533
,,,,,1448.4783333539963
,,,,,1448.4883333444595
,,,,,1448.4983333349228
,,,,,1448.508333325386
,,,,,1448.5183333158493
,,,,,1448.5283333063126
,,,,,1448.5383332967758
,,,,,1448.5483335256577
,,,,,1448.558333516121
,,,,,1448.5683335065842
,,,,,1448.5783334970474
,,,,,1448.5883334875107
,,,,,1448.5983334779737
,,,,,1448.6083334684372
,,,,,1448.6183334589005
,,,,,1448.6283334493637
,,,,,1448.638333439827
,,,,,1448.6483334302902
,,,,,1448.6583334207535
,,,,,1448.6683334112167
,,,,,1448.67833340168
,,,,,1448.6883333921432
,,,,,1448.6983333826067
,,,,,1448.7083333730698
,,,,,1448.718333363533
,,,,,1448.7283333539963
,,,,,1448.7383333444595
,,,,,1448.7483333349228
,,,,,1448.758333325386
,,,,,1448.7683333158493
,,,,,1448.7783333063126
,,,,,1448.7883332967758
,,,,,1448.7983335256577
,,,,,1448.808333516121
,,,,,1448.8183335065842
,,,,,1448.8283334970474
,,,,,1448.8383334875107
,,,,,1448.8483334779737
,,,,,1448.8583334684372
,,,,,1448.8683334589005
,,,,,1448.8783334493637
,,,,,1448.888333439827
,,,,,1448.8983334302902
,,,,,1448.9083334207535
,,,,,1448.9183334112167
,,,,,1448.92833340168
,,,,,1448.9383333921432
,,,,,1448.9483333826067
,,,,,1448.9583333730698
,,,,,1448.968333363533
,,,,,1448.9783333539963
,,,,,1448.9883333444595
,,,,,1448.9983333349228
,,,,,1449.008333325386
,,,,,1449.0183333158493
,,,,,1449.0283333063126
,,,,,1449.0383332967758
,,,,,1449.0483335256577
,,,,,1449.058333516121
,,,,,1449.0683335065842
,,,,,1449.0783334970474
,,,,,1449.0883334875107
,,,,,1449.0983334779737
,,,,,1449.1083334684372
,,,,,1449.1183334589005
,,,,,1449.1283334493637
,,,,,1449.138333439827
,,,,,1449.1483334302902
,,,,,1449.1583334207535
,,,,,1449.1683334112167
,,,,,1449.17833340168
,,,,,1449.1883333921432
,,,,,1449.1983333826067
,,,,,1449.2083333730698
,,,,,1449.218333363533
,,,,,1449.2283333539963
,,,,,1449.2383333444595
,,,,,1449.2483333349228
,,,,,1449.258333325386
,,,,,1449.2683333158493
,,,,,1449.2783333063126
,,,,,1449.2883332967758
,,,,,1449.2983335256577
,,,,,1449.308333516121
,,,,,1449.3183335065842
,,,,,1449.3283334970474
,,,,,1449.3383334875107
,,,,,1449.3483334779737
,,,,,1449.3583334684372
,,,,,1449.3683334589005
,,,,,1449.3783334493637
,,,,,1449.388333439827
,,,,,1449.3983334302902
,,,,,1449.4083334207535
,,,,,1449.4183334112167
,,,,,1449.42833340168
,,,,,1449.433333516121
,,,,,1449.4383333921432
,,,,,1449.4533334970474
,,,,,1449.4633334875107
,,,,,1449.4733334779737
,,,,,1449.4833334684372
,,,,,1449.4933334589005
,,,,,1449.5033334493637
,,,,,1449.513333439827
,,,,,1449.5233334302902
,,,,,1449.5333334207535
,,,,,1449.5433334112167
,,,,,1449.55333340168
,,,,,1449.5633333921432
,,,,,1449.5733333826067
,,,,,1449.5833333730698
,,,,,1449.593333363533
,,,,,1449.6033333539963
,,,,,1449.6133333444595
,,,,,1449.6233333349228
,,,,,1449.633333325386
,,,,,1449.6433333158493
,,,,,1449.6533333063126
,,,,,1449.6633332967758
,,,,,1449.6733335256577
,,,,,1449.683333516121
,,,,,1449.6933335065842
,,,,,1449.7033334970474
,,,,,1449.7133334875107
,,,,,1449.7233334779737
,,,,,1449.7333334684372
,,,,,1449.7433334589005
,,,,,1449.7533334493637
,,,,,1449.763333439827
,,,,,1449.7733334302902
,,,,,1449.7833334207535
,,,,,1449.7933334112167
,,,,,1449.80333340168
,,,,,1449.8133333921432
,,,,,1449.8233333826067
,,,,,1449.8333333730698
,,,,,1449.843333363533
,,,,,1449.8533333539963
,,,,,1449.8633333444595
,,,,,1449.8733333349228
,,,,,1449.883333325386
,,,,,1449.8933333158493
,,,,,1449.9033333063126
,,,,,1449.9133332967758
,,,,,1449.9233335256577
,,,,,1449.933333516121
,,,,,1449.9433335065842
,,,,,1449.9533334970474
,,,,,1449.9633334875107
,,,,,1449.9733334779737
,,,,,1449.9833334684372
,,,,,1449.9933334589005
,,,,,1450.0033334493637
,,,,,1450.013333439827
,,,,,1450.0233334302902
,,,,,1450.0333334207535
,,,,,1450.0433334112167
,,,,,1450.05333340168
,,,,,1450.0633333921432
,,,,,1450.0733333826067
,,,,,1450.0833333730698
,,,,,1450.093333363533
,,,,,1450.1033333539963
,,,,,1450.1133333444595
,,,,,1450.1233333349228
,,,,,1450.133333325386
,,,,,1450.1433333158493
,,,,,1450.1533333063126
,,,,,1450.1633332967758
,,,,,1450.1733335256577
,,,,,1450.183333516121
,,,,,1450.1933335065842
,,,,,1450.2033334970474
,,,,,1450.2133334875107
,,,,,1450.2233334779737
,,,,,1450.2333334684372
,,,,,1450.2433334589005
,,,,,1450.2533334493637
,,,,,1450.263333439827
,,,,,1450.2733334302902
,,,,,1450.2833334207535
,,,,,1450.2933334112167
,,,,,1450.30333340168
,,,,,1450.3133333921432
,,,,,1450.3233333826067
,,,,,1450.3333333730698
,,,,,1450.343333363533
,,,,,1450.3533333539963
,,,,,1450.3633333444595
,,,,,1450.3733333349228
,,,,,1450.383333325386
,,,,,1450.3933333158493
,,,,,1450.4033333063126
,,,,,1450.4133332967758
,,,,,1450.4233335256577
,,,,,1450.433333516121
,,,,,1450.4383333921432
,,,,,1450.4433335065842
,,,,,1450.4633334875107
,,,,,1450.4733334779737
,,,,,1450.4833334684372
,,,,,1450.4933334589005
,,,,,1450.5033334493637
,,,,,1450.513333439827
,,,,,1450.5233334302902
,,,,,1450.5333334207535
,,,,,1450.5433334112167
,,,,,1450.55333340168
,,,,,1450.5633333921432
,,,,,1450.5733333826067
,,,,,1450.5833333730698
,,,,,1450.593333363533
,,,,,1450.6033333539963
,,,,,1450.6133333444595
,,,,,1450.6233333349228
,,,,,1450.633333325386
,,,,,1450.6433333158493
,,,,,1450.6533333063126
,,,,,1450.6633332967758
,,,,,1450.6733335256577
,,,,,1450.683333516121
,,,,,1450.6933335065842
,,,,,1450.7033334970474
,,,,,1450.7133334875107
,,,,,1450.7233334779737
,,,,,1450.7333334684372
,,,,,1450.7433334589005
,,,,,1450.7533334493637
,,,,,1450.763333439827
,,,,,1450.7733334302902
,,,,,1450.7833334207535
,,,,,1450.7933334112167
,,,,,1450.80333340168
,,,,,1450.8133333921432
,,,,,1450.8233333826067
,,,,,1450.8333333730698
,,,,,1450.843333363533
,,,,,1450.8533333539963
,,,,,1450.8633333444595
,,,,,1450.8733333349228
,,,,,1450.883333325386
,,,,,1450.8933333158493
,,,,,1450.9033333063126
,,,,,1450.9133332967758
,,,,,1450.9233335256577
,,,,,1450.933333516121
,,,,,1450.9433335065842
,,,,,1450.9533334970474
,,,,,1450.9633334875107
,,,,,1450.9733334779737
,,,,,1450.9833334684372
,,,,,1450.9933334589005
,,,,,1451.0033334493637
,,,,,1451.013333439827
,,,,,1451.0233334302902
,,,,,1451.0333334207535
,,,,,1451.0433334112167
,,,,,1451.05333340168
,,,,,1451.0633333921432
,,,,,1451.0733333826067
,,,,,1451.0833333730698
,,,,,1451.093333363533
,,,,,1451.1033333539963
,,,,,1451.1133333444595
,,,,,1451.1233333349228
,,,,,1451.133333325386
,,,,,1451.1433333158493
,,,,,1451.1533333063126
,,,,,1451.1633332967758
,,,,,1451.1733335256577
,,,,,1451.183333516121
,,,,,1451.1933335065842
,,,,,1451.2033334970474
,,,,,1451.2133334875107
,,,,,1451.2233334779737
,,,,,1451.2333334684372
,,,,,1451.2433334589005
,,,,,1451.2533334493637
,,,,,1451.263333439827
,,,,,1451.2733334302902
,,,,,1451.2833334207535
,,,,,1451.2933334112167
,,,,,1451.30333340168
,,,,,1451.3133333921432
,,,,,1451.3233333826067
,,,,,1451.3333333730698
,,,,,1451.343333363533
,,,,,1451.3533333539963
,,,,,1451.3633333444595
,,,,,1451.3733333349228
,,,,,1451.383333325386
,,,,,1451.3933333158493
,,,,,1451.4033333063126
,,,,,1451.4133332967758
,,,,,1451.4233335256577
,,,,,1451.433333516121
,,,,,1451.4383333921432
,,,,,1451.4433335065842
,,,,,1451.4583333730698
,,,,,1451.468333363533
,,,,,1451.4783333539963
,,,,,1451.4883333444595
,,,,,1451.4983333349228
,,,,,1451.508333325386
,,,,,1451.5183333158493
,,,,,1451.5283333063126
,,,,,1451.5383332967758
,,,,,1451.5483335256577
,,,,,1451.558333516121
,,,,,1451.5683335065842
,,,,,1451.5783334970474
,,,,,1451.5883334875107
,,,,,1451.5983334779737
,,,,,1451.6083334684372
,,,,,1451.6183334589005
,,,,,1451.6283334493637
,,,,,1451.638333439827
,,,,,1451.6483334302902
,,,,,1451.6583334207535
,,,,,1451.6683334112167
,,,,,1451.67833340168
,,,,,1451.6883333921432
,,,,,1451.6983333826067
,,,,,1451.7083333730698
,,,,,1451.718333363533
,,,,,1451.7283333539963
,,,,,1451.7383333444595
,,,,,1451.7483333349228
,,,,,1451.758333325386
,,,,,1451.7683333158493
,,,,,1451.7783333063126
,,,,,1451.7883332967758
,,,,,1451.7983335256577
,,,,,1451.808333516121
,,,,,1451.8183335065842
,,,,,1451.8283334970474
,,,,,1451.8383334875107
,,,,,1451.8483334779737
,,,,,1451.8583334684372
,,,,,1451.8683334589005
,,,,,1451.8783334493637
,,,,,1451.888333439827
,,,,,1451.8983334302902
,,,,,1451.9083334207535
,,,,,1451.9183334112167
,,,,,1451.92833340168
,,,,,1451.9383333921432
,,,,,1451.9483333826067
,,,,,1451.9583333730698
,,,,,1451.968333363533
,,,,,1451.9783333539963
,,,,,1451.9883333444595
,,,,,1451.9983333349228
,,,,,1452.008333325386
,,,,,1452.0183333158493
,,,,,1452.0283333063126
,,,,,1452.0383332967758
,,,,,1452.0483335256577
,,,,,1452.058333516121
,,,,,1452.0683335065842
,,,,,1452.0783334970474
,,,,,1452.0883334875107
,,,,,1452.0983334779737
,,,,,1452.1083334684372
,,,,,1452.1183334589005
,,,,,1452.1283334493637
,,,,,1452.138333439827
,,,,,1452.1483334302902
,,,,,1452.1583334207535
,,,,,1452.1683334112167
,,,,,1452.17833340168
,,,,,1452.1883333921432
,,,,,1452.1983333826067
,,,,,1452.2083333730698
,,,,,1452.218333363533
,,,,,1452.2283333539963
,,,,,1452.2383333444595
,,,,,1452.2483333349228
,,,,,1452.258333325386
,,,,,1452.2683333158493
,,,,,1452.2783333063126
,,,,,1452.2883332967758
,,,,,1452.2983335256577
,,,,,1452.308333516121
,,,,,1452.3183335065842
,,,,,1452.3283334970474
,,,,,1452.3383334875107
,,,,,1452.3483334779737
,,,,,1452.3583334684372
,,,,,1452.3683334589005
,,,,,1452.3783334493637
,,,,,1452.388333439827
,,,,,1452.3983334302902
,,,,,1452.4083334207535
,,,,,1452.4183334112167
,,,,,1452.42833340168
,,,,,1452.4383333921432
,,,,,1452.4433335065842
,,,,,1452.4483333826067
,,,,,1452.4633334875107
,,,,,1452.4733334779737
,,,,,1452.4833334684372
,,,,,1452.4933334589005
,,,,,1452.5033334493637
,,,,,1452.513333439827
,,,,,1452.5233334302902
,,,,,1452.5333334207535
,,,,,1452.5433334112167
,,,,,1452.55333340168
,,,,,1452.5633333921432
,,,,,1452.5733333826067
,,,,,1452.5833333730698
,,,,,1452.593333363533
,,,,,1452.6033333539963
,,,,,1452.6133333444595
,,,,,1452.6233333349228
,,,,,1452.633333325386
,,,,,1452.6433333158493
,,,,,1452.6533333063126
,,,,,1452.6633332967758
,,,,,1452.6733335256577
,,,,,1452.683333516121
,,,,,1452.6933335065842
,,,,,1452.7033334970474
,,,,,1452.7133334875107
,,,,,1452.7233334779737
,,,,,1452.7333334684372
,,,,,1452.7433334589005
,,,,,1452.7533334493637
,,,,,1452.763333439827
,,,,,1452.7733334302902
,,,,,1452.7833334207535
,,,,,1452.7933334112167
,,,,,1452.80333340168
,,,,,1452.8133333921432
,,,,,1452.8233333826067
,,,,,1452.8333333730698
,,,,,1452.843333363533
,,,,,1452.8533333539963
,,,,,1452.8633333444595
,,,,,1452.8733333349228
,,,,,1452.883333325386
,,,,,1452.8933333158493
,,,,,1452.9033333063126
,,,,,1452.9133332967758
,,,,,1452.9233335256577
,,,,,1452.933333516121
,,,,,1452.9433335065842
,,,,,1452.9533334970474
,,,,,1452.9633334875107
,,,,,1452.9733334779737
,,,,,1452.9833334684372
,,,,,1452.9933334589005
,,,,,1453.0033334493637
,,,,,1453.013333439827
,,,,,1453.0233334302902
,,,,,1453.0333334207535
,,,,,1453.0433334112167
,,,,,1453.05333340168
,,,,,1453.0633333921432
,,,,,1453.0733333826067
,,,,,1453.0833333730698
,,,,,1453.093333363533
,,,,,1453.1033333539963
,,,,,1453.1133333444595
,,,,,1453.1233333349228
,,,,,1453.133333325386
,,,,,1453.1433333158493
,,,,,1453.1533333063126
,,,,,1453.1633332967758
,,,,,1453.1733335256577
,,,,,1453.183333516121
,,,,,1453.1933335065842
,,,,,1453.2033334970474
,,,,,1453.2133334875107
,,,,,1453.2233334779737
,,,,,1453.2333334684372
,,,,,1453.2433334589005
,,,,,1453.2533334493637
,,,,,1453.263333439827
,,,,,1453.2733334302902
,,,,,1453.2833334207535
,,,,,1453.2933334112167
,,,,,1453.30333340168
,,,,,1453.3133333921432
,,,,,1453.3233333826067
,,,,,1453.3333333730698
,,,,,1453.343333363533
,,,,,1453.3533333539963
,,,,,1453.3633333444595
,,,,,1453.3733333349228
,,,,,1453.383333325386
,,,,,1453.3933333158493
,,,,,1453.4033333063126
,,,,,1453.4133332967758
,,,,,1453.4233335256577
,,,,,1453.433333516121
,,,,,1453.4433335065842
,,,,,1453.4483333826067
,,,,,1453.4533334970474
,,,,,1453.468333363533
,,,,,1453.4783333539963
,,,,,1453.4883333444595
,,,,,1453.4983333349228
,,,,,1453.508333325386
,,,,,1453.5183333158493
,,,,,1453.5283333063126
,,,,,1453.5383332967758
,,,,,1453.5483335256577
,,,,,1453.558333516121
,,,,,1453.5683335065842
,,,,,1453.5783334970474
,,,,,1453.5883334875107
,,,,,1453.5983334779737
,,,,,1453.6083334684372
,,,,,1453.6183334589005
,,,,,1453.6283334493637
,,,,,1453.638333439827
,,,,,1453.6483334302902
,,,,,1453.6583334207535
,,,,,1453.6683334112167
,,,,,1453.67833340168
,,,,,1453.6883333921432
,,,,,1453.6983333826067
,,,,,1453.7083333730698
,,,,,1453.718333363533
,,,,,1453.7283333539963
,,,,,1453.7383333444595
,,,,,1453.7483333349228
,,,,,1453.758333325386
,,,,,1453.7683333158493
,,,,,1453.7783333063126
,,,,,1453.7883332967758
,,,,,1453.7983335256577
,,,,,1453.808333516121
,,,,,1453.8183335065842
,,,,,1453.8283334970474
,,,,,1453.8383334875107
,,,,,1453.8483334779737
,,,,,1453.8583334684372
,,,,,1453.8683334589005
,,,,,1453.8783334493637
,,,,,1453.888333439827
,,,,,1453.8983334302902
,,,,,1453.9083334207535
,,,,,1453.9183334112167
,,,,,1453.92833340168
,,,,,1453.9383333921432
,,,,,1453.9483333826067
,,,,,1453.9583333730698
,,,,,1453.968333363533
,,,,,1453.9783333539963
,,,,,1453.9883333444595
,,,,,1453.9983333349228
,,,,,1454.008333325386
,,,,,1454.0183333158493
,,,,,1454.0283333063126
,,,,,1454.0383332967758
,,,,,1454.0483335256577
,,,,,1454.058333516121
,,,,,1454.0683335065842
,,,,,1454.0783334970474
,,,,,1454.0883334875107
,,,,,1454.0983334779737
,,,,,1454.1083334684372
,,,,,1454.1183334589005
,,,,,1454.1283334493637
,,,,,1454.138333439827
,,,,,1454.1483334302902
,,,,,1454.1583334207535
,,,,,1454.1683334112167
,,,,,1454.17833340168
,,,,,1454.1883333921432
,,,,,1454.1983333826067
,,,,,1454.2083333730698
,,,,,1454.218333363533
,,,,,1454.2283333539963
,,,,,1454.2383333444595
,,,,,1454.2483333349228
,,,,,1454.258333325386
,,,,,1454.2683333158493
,,,,,1454.2783333063126
,,,,,1454.2883332967758
,,,,,1454.2983335256577
,,,,,1454.308333516121
,,,,,1454.3183335065842
,,,,,1454.3283334970474
,,,,,1454.3383334875107
,,,,,1454.3483334779737
,,,,,1454.3583334684372
,,,,,1454.3683334589005
,,,,,1454.3783334493637
,,,,,1454.388333439827
,,,,,1454.3983334302902
,,,,,1454.4083334207535
,,,,,1454.4183334112167
,,,,,1454.42833340168
,,,,,1454.4383333921432
,,,,,1454.4483333826067
,,,,,1454.4533334970474
,,,,,1454.4583333730698
,,,,,1454.4783333539963
,,,,,1454.4883333444595
,,,,,1454.4983333349228
,,,,,1454.508333325386
,,,,,1454.5183333158493
,,,,,1454.5283333063126
,,,,,1454.5383332967758
,,,,,1454.5483335256577
,,,,,1454.558333516121
,,,,,1454.5683335065842
,,,,,1454.5783334970474
,,,,,1454.5883334875107
,,,,,1454.5983334779737
,,,,,1454.6083334684372
,,,,,1454.6183334589005
,,,,,1454.6283334493637
,,,,,1454.638333439827
,,,,,1454.6483334302902
,,,,,1454.6583334207535
,,,,,1454.6683334112167
,,,,,1454.67833340168
,,,,,1454.6883333921432
,,,,,1454.6983333826067
,,,,,1454.7083333730698
,,,,,1454.718333363533
,,,,,1454.7283333539963
,,,,,1454.7383333444595
,,,,,1454.7483333349228
,,,,,1454.758333325386
,,,,,1454.7683333158493
,,,,,1454.7783333063126
,,,,,1454.7883332967758
,,,,,1454.7983335256577
,,,,,1454.808333516121
,,,,,1454.8183335065842
,,,,,1454.8283334970474
,,,,,1454.8383334875107
,,,,,1454.8483334779737
,,,,,1454.8583334684372
,,,,,1454.8683334589005
,,,,,1454.8783334493637
,,,,,1454.888333439827
,,,,,1454.8983334302902
,,,,,1454.9083334207535
,,,,,1454.9183334112167
,,,,,1454.92833340168
,,,,,1454.9383333921432
,,,,,1454.9483333826067
,,,,,1454.9583333730698
,,,,,1454.968333363533
,,,,,1454.9783333539963
,,,,,1454.9883333444595
,,,,,1454.9983333349228
,,,,,1455.008333325386
,,,,,1455.0183333158493
,,,,,1455.0283333063126
,,,,,1455.0383332967758
,,,,,1455.0483335256577
,,,,,1455.058333516121
,,,,,1455.0683335065842
,,,,,1455.0783334970474
,,,,,1455.0883334875107
,,,,,1455.0983334779737
,,,,,1455.1083334684372
,,,,,1455.1183334589005
,,,,,1455.1283334493637
,,,,,1455.138333439827
,,,,,1455.1483334302902
,,,,,1455.1583334207535
,,,,,1455.1683334112167
,,,,,1455.17833340168
,,,,,1455.1883333921432
,,,,,1455.1983333826067
,,,,,1455.2083333730698
,,,,,1455.218333363533
,,,,,1455.2283333539963
,,,,,1455.2383333444595
,,,,,1455.2483333349228
,,,,,1455.258333325386
,,,,,1455.2683333158493
,,,,,1455.2783333063126
,,,,,1455.2883332967758
,,,,,1455.2983335256577
,,,,,1455.308333516121
,,,,,1455.3183335065842
,,,,,1455.3283334970474
,,,,,1455.3383334875107
,,,,,1455.3483334779737
,,,,,1455.3583334684372
,,,,,1455.3683334589005
,,,,,1455.3783334493637
,,,,,1455.388333439827
,,,,,1455.3983334302902
,,,,,1455.4083334207535
,,,,,1455.4183334112167
,,,,,1455.42833340168
,,,,,1455.4383333921432
,,,,,1455.4483333826067
,,,,,1455.4533334970474
,,,,,1455.4583333730698
,,,,,1455.4733334779737
,,,,,1455.4833334684372
,,,,,1455.4933334589005
,,,,,1455.5033334493637
,,,,,1455.513333439827
,,,,,1455.5233334302902
,,,,,1455.5333334207535
,,,,,1455.5433334112167
,,,,,1455.55333340168
,,,,,1455.5633333921432
,,,,,1455.5733333826067
,,,,,1455.5833333730698
,,,,,1455.593333363533
,,,,,1455.6033333539963
,,,,,1455.6133333444595
,,,,,1455.6233333349228
,,,,,1455.633333325386
,,,,,1455.6433333158493
,,,,,1455.6533333063126
,,,,,1455.6633332967758
,,,,,1455.6733335256577
,,,,,1455.683333516121
,,,,,1455.6933335065842
,,,,,1455.7033334970474
,,,,,1455.7133334875107
,,,,,1455.7233334779737
,,,,,1455.7333334684372
,,,,,1455.7433334589005
,,,,,1455.7533334493637
,,,,,1455.763333439827
,,,,,1455.7733334302902
,,,,,1455.7833334207535
,,,,,1455.7933334112167
,,,,,1455.80333340168
,,,,,1455.8133333921432
,,,,,1455.8233333826067
,,,,,1455.8333333730698
,,,,,1455.843333363533
,,,,,1455.8533333539963
,,,,,1455.8633333444595
,,,,,1455.8733333349228
,,,,,1455.883333325386
,,,,,1455.8933333158493
,,,,,1455.9033333063126
,,,,,1455.9133332967758
,,,,,1455.9233335256577
,,,,,1455.933333516121
,,,,,1455.9433335065842
,,,,,1455.9533334970474
,,,,,1455.9633334875107
,,,,,1455.9733334779737
,,,,,1455.9833334684372
,,,,,1455.9933334589005
,,,,,1456.0033334493637
,,,,,1456.013333439827
,,,,,1456.0233334302902
,,,,,1456.0333334207535
,,,,,1456.0433334112167
,,,,,1456.05333340168
,,,,,1456.0633333921432
,,,,,1456.0733333826067
,,,,,1456.0833333730698
,,,,,1456.093333363533
,,,,,1456.1033333539963
,,,,,1456.1133333444595
,,,,,1456.1233333349228
,,,,,1456.133333325386
,,,,,1456.1433333158493
,,,,,1456.1533333063126
,,,,,1456.1633332967758
,,,,,1456.1733335256577
,,,,,1456.183333516121
,,,,,1456.1933335065842
,,,,,1456.2033334970474
,,,,,1456.2133334875107
,,,,,1456.2233334779737
,,,,,1456.2333334684372
,,,,,1456.2433334589005
,,,,,1456.2533334493637
,,,,,1456.263333439827
,,,,,1456.2733334302902
,,,,,1456.2833334207535
,,,,,1456.2933334112167
,,,,,1456.30333340168
,,,,,1456.3133333921432
,,,,,1456.3233333826067
,,,,,1456.3333333730698
,,,,,1456.343333363533
,,,,,1456.3533333539963
,,,,,1456.3633333444595
,,,,,1456.3733333349228
,,,,,1456.383333325386
,,,,,1456.3933333158493
,,,,,1456.4033333063126
,,,,,1456.4133332967758
,,,,,1456.4233335256577
,,,,,1456.433333516121
,,,,,1456.4433335065842
,,,,,1456.4533334970474
,,,,,1456.4583333730698
,,,,,1456.4633334875107
,,,,,1456.4783333539963
,,,,,1456.4883333444595
,,,,,1456.4983333349228
,,,,,1456.508333325386
,,,,,1456.5183333158493
,,,,,1456.5283333063126
,,,,,1456.5383332967758
,,,,,1456.5483335256577
,,,,,1456.558333516121
,,,,,1456.5683335065842
,,,,,1456.5783334970474
,,,,,1456.5883334875107
,,,,,1456.5983334779737
,,,,,1456.6083334684372
,,,,,1456.6183334589005
,,,,,1456.6283334493637
,,,,,1456.638333439827
,,,,,1456.6483334302902
,,,,,1456.6583334207535
,,,,,1456.6683334112167
,,,,,1456.67833340168
,,,,,1456.6883333921432
,,,,,1456.6983333826067
,,,,,1456.7083333730698
,,,,,1456.718333363533
,,,,,1456.7283333539963
,,,,,1456.7383333444595
,,,,,1456.7483333349228
,,,,,1456.758333325386
,,,,,1456.7683333158493
,,,,,1456.7783333063126
,,,,,1456.7883332967758
,,,,,1456.7983335256577
,,,,,1456.808333516121
,,,,,1456.8183335065842
,,,,,1456.8283334970474
,,,,,1456.8383334875107
,,,,,1456.8483334779737
,,,,,1456.8583334684372
,,,,,1456.8683334589005
,,,,,1456.8783334493637
,,,,,1456.888333439827
,,,,,1456.8983334302902
,,,,,1456.9083334207535
,,,,,1456.9183334112167
,,,,,1456.92833340168
,,,,,1456.9383333921432
,,,,,1456.9483333826067
,,,,,1456.9583333730698
,,,,,1456.968333363533
,,,,,1456.9783333539963
,,,,,1456.9883333444595
,,,,,1456.9983333349228
,,,,,1457.008333325386
,,,,,1457.0183333158493
,,,,,1457.0283333063126
,,,,,1457.0383332967758
,,,,,1457.0483335256577
,,,,,1457.058333516121
,,,,,1457.0683335065842
,,,,,1457.0783334970474
,,,,,1457.0883334875107
,,,,,1457.0983334779737
,,,,,1457.1083334684372
,,,,,1457.1183334589005
,,,,,1457.1283334493637
,,,,,1457.138333439827
,,,,,1457.1483334302902
,,,,,1457.1583334207535
,,,,,1457.1683334112167
,,,,,1457.17833340168
,,,,,1457.1883333921432
,,,,,1457.1983333826067
,,,,,1457.2083333730698
,,,,,1457.218333363533
,,,,,1457.2283333539963
,,,,,1457.2383333444595
,,,,,1457.2483333349228
,,,,,1457.258333325386
,,,,,1457.2683333158493
,,,,,1457.2783333063126
,,,,,1457.2883332967758
,,,,,1457.2983335256577
,,,,,1457.308333516121
,,,,,1457.3183335065842
,,,,,1457.3283334970474
,,,,,1457.3383334875107
,,,,,1457.3483334779737
,,,,,1457.3583334684372
,,,,,1457.3683334589005
,,,,,1457.3783334493637
,,,,,1457.388333439827
,,,,,1457.3983334302902
,,,,,1457.4083334207535
,,,,,1457.4183334112167
,,,,,1457.42833340168
,,,,,1457.4383333921432
,,,,,1457.4483333826067
,,,,,1457.4583333730698
,,,,,1457.4633334875107
,,,,,1457.468333363533
,,,,,1457.4833334684372
,,,,,1457.4933334589005
,,,,,1457.5033334493637
,,,,,1457.513333439827
,,,,,1457.5233334302902
,,,,,1457.5333334207535
,,,,,1457.5433334112167
,,,,,1457.55333340168
,,,,,1457.5633333921432
,,,,,1457.5733333826067
,,,,,1457.5833333730698
,,,,,1457.593333363533
,,,,,1457.6033333539963
,,,,,1457.6133333444595
,,,,,1457.6233333349228
,,,,,1457.633333325386
,,,,,1457.6433333158493
,,,,,1457.6533333063126
,,,,,1457.6633332967758
,,,,,1457.6733335256577
,,,,,1457.683333516121
,,,,,1457.6933335065842
,,,,,1457.7033334970474
,,,,,1457.7133334875107
,,,,,1457.7233334779737
,,,,,1457.7333334684372
,,,,,1457.7433334589005
,,,,,1457.7533334493637
,,,,,1457.763333439827
,,,,,1457.7733334302902
,,,,,1457.7833334207535
,,,,,1457.7933334112167
,,,,,1457.80333340168
,,,,,1457.8133333921432
,,,,,1457.8233333826067
,,,,,1457.8333333730698
,,,,,1457.843333363533
,,,,,1457.8533333539963
,,,,,1457.8633333444595
,,,,,1457.8733333349228
,,,,,1457.883333325386
,,,,,1457.8933333158493
,,,,,1457.9033333063126
,,,,,1457.9133332967758
,,,,,1457.9233335256577
,,,,,1457.933333516121
,,,,,1457.9433335065842
,,,,,1457.9533334970474
,,,,,1457.9633334875107
,,,,,1457.9733334779737
,,,,,1457.9833334684372
,,,,,1457.9933334589005
,,,,,1458.0033334493637
,,,,,1458.013333439827
,,,,,1458.0233334302902
,,,,,1458.0333334207535
,,,,,1458.0433334112167
,,,,,1458.05333340168
,,,,,1458.0633333921432
,,,,,1458.0733333826067
,,,,,1458.0833333730698
,,,,,1458.093333363533
,,,,,1458.1033333539963
,,,,,1458.1133333444595
,,,,,1458.1233333349228
,,,,,1458.133333325386
,,,,,1458.1433333158493
,,,,,1458.1533333063126
,,,,,1458.1633332967758
,,,,,1458.1733335256577
,,,,,1458.183333516121
,,,,,1458.1933335065842
,,,,,1458.2033334970474
,,,,,1458.2133334875107
,,,,,1458.2233334779737
,,,,,1458.2333334684372
,,,,,1458.2433334589005
,,,,,1458.2533334493637
,,,,,1458.263333439827
,,,,,1458.2733334302902
,,,,,1458.2833334207535
,,,,,1458.2933334112167
,,,,,1458.30333340168
,,,,,1458.3133333921432
,,,,,1458.3233333826067
,,,,,1458.3333333730698
,,,,,1458.343333363533
,,,,,1458.3533333539963
,,,,,1458.3633333444595
,,,,,1458.3733333349228
,,,,,1458.383333325386
,,,,,1458.3933333158493
,,,,,1458.4033333063126
,,,,,1458.4133332967758
,,,,,1458.4233335256577
,,,,,1458.433333516121
,,,,,1458.4433335065842
,,,,,1458.4533334970474
,,,,,1458.4633334875107
,,,,,1458.468333363533
,,,,,1458.4733334779737
,,,,,1458.4883333444595
,,,,,1458.4983333349228
,,,,,1458.508333325386
,,,,,1458.5183333158493
,,,,,1458.5283333063126
,,,,,1458.5383332967758
,,,,,1458.5483335256577
,,,,,1458.558333516121
,,,,,1458.5683335065842
,,,,,1458.5783334970474
,,,,,1458.5883334875107
,,,,,1458.5983334779737
,,,,,1458.6083334684372
,,,,,1458.6183334589005
,,,,,1458.6283334493637
,,,,,1458.638333439827
,,,,,1458.6483334302902
,,,,,1458.6583334207535
,,,,,1458.6683334112167
,,,,,1458.67833340168
,,,,,1458.6883333921432
,,,,,1458.6983333826067
,,,,,1458.7083333730698
,,,,,1458.718333363533
,,,,,1458.7283333539963
,,,,,1458.7383333444595
,,,,,1458.7483333349228
,,,,,1458.758333325386
,,,,,1458.7683333158493
,,,,,1458.7783333063126
,,,,,1458.7883332967758
,,,,,1458.7983335256577
,,,,,1458.808333516121
,,,,,1458.8183335065842
,,,,,1458.8283334970474
,,,,,1458.8383334875107
,,,,,1458.8483334779737
,,,,,1458.8583334684372
,,,,,1458.8683334589005
,,,,,1458.8783334493637
,,,,,1458.888333439827
,,,,,1458.8983334302902
,,,,,1458.9083334207535
,,,,,1458.9183334112167
,,,,,1458.92833340168
,,,,,1458.9383333921432
,,,,,1458.9483333826067
,,,,,1458.9583333730698
,,,,,1458.968333363533
,,,,,1458.9783333539963
,,,,,1458.9883333444595
,,,,,1458.9983333349228
,,,,,1459.008333325386
,,,,,1459.0183333158493
,,,,,1459.0283333063126
,,,,,1459.0383332967758
,,,,,1459.0483335256577
,,,,,1459.058333516121
,,,,,1459.0683335065842
,,,,,1459.0783334970474
,,,,,1459.0883334875107
,,,,,1459.0983334779737
,,,,,1459.1083334684372
,,,,,1459.1183334589005
,,,,,1459.1283334493637
,,,,,1459.138333439827
,,,,,1459.1483334302902
,,,,,1459.1583334207535
,,,,,1459.1683334112167
,,,,,1459.17833340168
,,,,,1459.1883333921432
,,,,,1459.1983333826067
,,,,,1459.2083333730698
,,,,,1459.218333363533
,,,,,1459.2283333539963
,,,,,1459.2383333444595
,,,,,1459.2483333349228
,,,,,1459.258333325386
,,,,,1459.2683333158493
,,,,,1459.2783333063126
,,,,,1459.2883332967758
,,,,,1459.2983335256577
,,,,,1459.308333516121
,,,,,1459.3183335065842
,,,,,1459.3283334970474
,,,,,1459.3383334875107
,,,,,1459.3483334779737
,,,,,1459.3583334684372
,,,,,1459.3683334589005
,,,,,1459.3783334493637
,,,,,1459.388333439827
,,,,,1459.3983334302902
,,,,,1459.4083334207535
,,,,,1459.4183334112167
,,,,,1459.42833340168
,,,,,1459.4383333921432
,,,,,1459.4483333826067
,,,,,1459.4583333730698
,,,,,1459.468333363533
,,,,,1459.4733334779737
,,,,,1459.4783333539963
,,,,,1459.4983333349228
,,,,,1459.508333325386
,,,,,1459.5183333158493
,,,,,1459.5283333063126
,,,,,1459.5383332967758
,,,,,1459.5483335256577
,,,,,1459.558333516121
,,,,,1459.5683335065842
,,,,,1459.5783334970474
,,,,,1459.5883334875107
,,,,,1459.5983334779737
,,,,,1459.6083334684372
,,,,,1459.6183334589005
,,,,,1459.6283334493637
,,,,,1459.638333439827
,,,,,1459.6483334302902
,,,,,1459.6583334207535
,,,,,1459.6683334112167
,,,,,1459.67833340168
,,,,,1459.6883333921432
,,,,,1459.6983333826067
,,,,,1459.7083333730698
,,,,,1459.718333363533
,,,,,1459.7283333539963
,,,,,1459.7383333444595
,,,,,1459.7483333349228
,,,,,1459.758333325386
,,,,,1459.7683333158493
,,,,,1459.7783333063126
,,,,,1459.7883332967758
,,,,,1459.7983335256577
,,,,,1459.808333516121
,,,,,1459.8183335065842
,,,,,1459.8283334970474
,,,,,1459.8383334875107
,,,,,1459.8483334779737
,,,,,1459.8583334684372
,,,,,1459.8683334589005
,,,,,1459.8783334493637
,,,,,1459.888333439827
,,,,,1459.8983334302902
,,,,,1459.9083334207535
,,,,,1459.9183334112167
,,,,,1459.92833340168
,,,,,1459.9383333921432
,,,,,1459.9483333826067
,,,,,1459.9583333730698
,,,,,1459.968333363533
,,,,,1459.9783333539963
,,,,,1459.9883333444595
,,,,,1459.9983333349228
,,,,,1460.008333325386
,,,,,1460.0183333158493
,,,,,1460.0283333063126
,,,,,1460.0383332967758
,,,,,1460.0483335256577
,,,,,1460.058333516121
,,,,,1460.0683335065842
,,,,,1460.0783334970474
,,,,,1460.0883334875107
,,,,,1460.0983334779737
,,,,,1460.1083334684372
,,,,,1460.1183334589005
,,,,,1460.1283334493637
,,,,,1460.138333439827
,,,,,1460.1483334302902
,,,,,1460.1583334207535
,,,,,1460.1683334112167
,,,,,1460.17833340168
,,,,,1460.1883333921432
,,,,,1460.1983333826067
,,,,,1460.2083333730698
,,,,,1460.218333363533
,,,,,1460.2283333539963
,,,,,1460.2383333444595
,,,,,1460.2483333349228
,,,,,1460.258333325386
,,,,,1460.2683333158493
,,,,,1460.2783333063126
,,,,,1460.2883332967758
,,,,,1460.2983335256577
,,,,,1460.308333516121
,,,,,1460.3183335065842
,,,,,1460.3283334970474
,,,,,1460.3383334875107
,,,,,1460.3483334779737
,,,,,1460.3583334684372
,,,,,1460.3683334589005
,,,,,1460.3783334493637
,,,,,1460.388333439827
,,,,,1460.3983334302902
,,,,,1460.4083334207535
,,,,,1460.4183334112167
,,,,,1460.42833340168
,,,,,1460.4383333921432
,,,,,1460.4483333826067
,,,,,1460.4583333730698
,,,,,1460.468333363533
,,,,,1460.4733334779737
,,,,,1460.4783333539963
,,,,,1460.4933334589005
,,,,,1460.5033334493637
,,,,,1460.513333439827
,,,,,1460.5233334302902
,,,,,1460.5333334207535
,,,,,1460.5433334112167
,,,,,1460.55333340168
,,,,,1460.5633333921432
,,,,,1460.5733333826067
,,,,,1460.5833333730698
,,,,,1460.593333363533
,,,,,1460.6033333539963
,,,,,1460.6133333444595
,,,,,1460.6233333349228
,,,,,1460.633333325386
,,,,,1460.6433333158493
,,,,,1460.6533333063126
,,,,,1460.6633332967758
,,,,,1460.6733335256577
,,,,,1460.683333516121
,,,,,1460.6933335065842
,,,,,1460.7033334970474
,,,,,1460.7133334875107
,,,,,1460.7233334779737
,,,,,1460.7333334684372
,,,,,1460.7433334589005
,,,,,1460.7533334493637
,,,,,1460.763333439827
,,,,,1460.7733334302902
,,,,,1460.7833334207535
,,,,,1460.7933334112167
,,,,,1460.80333340168
,,,,,1460.8133333921432
,,,,,1460.8233333826067
,,,,,1460.8333333730698
,,,,,1460.843333363533
,,,,,1460.8533333539963
,,,,,1460.8633333444595
,,,,,1460.8733333349228
,,,,,1460.883333325386
,,,,,1460.8933333158493
,,,,,1460.9033333063126
,,,,,1460.9133332967758
,,,,,1460.9233335256577
,,,,,1460.933333516121
,,,,,1460.9433335065842
,,,,,1460.9533334970474
,,,,,1460.9633334875107
,,,,,1460.9733334779737
,,,,,1460.9833334684372
,,,,,1460.9933334589005
,,,,,1461.0033334493637
,,,,,1461.013333439827
,,,,,1461.0233334302902
,,,,,1461.0333334207535
,,,,,1461.0433334112167
,,,,,1461.05333340168
,,,,,1461.0633333921432
,,,,,1461.0733333826067
,,,,,1461.0833333730698
,,,,,1461.093333363533
,,,,,1461.1033333539963
,,,,,1461.1133333444595
,,,,,1461.1233333349228
,,,,,1461.133333325386
,,,,,1461.1433333158493
,,,,,1461.1533333063126
,,,,,1461.1633332967758
,,,,,1461.1733335256577
,,,,,1461.183333516121
,,,,,1461.1933335065842
,,,,,1461.2033334970474
,,,,,1461.2133334875107
,,,,,1461.2233334779737
,,,,,1461.2333334684372
,,,,,1461.2433334589005
,,,,,1461.2533334493637
,,,,,1461.263333439827
,,,,,1461.2733334302902
,,,,,1461.2833334207535
,,,,,1461.2933334112167
,,,,,1461.30333340168
,,,,,1461.3133333921432
,,,,,1461.3233333826067
,,,,,1461.3333333730698
,,,,,1461.343333363533
,,,,,1461.3533333539963
,,,,,1461.3633333444595
,,,,,1461.3733333349228
,,,,,1461.383333325386
,,,,,1461.3933333158493
,,,,,1461.4033333063126
,,,,,1461.4133332967758
,,,,,1461.4233335256577
,,,,,1461.433333516121
,,,,,1461.4433335065842
,,,,,1461.4533334970474
,,,,,1461.4633334875107
,,,,,1461.4733334779737
,,,,,1461.4783333539963
,,,,,1461.4833334684372
,,,,,1461.5033334493637
,,,,,1461.513333439827
,,,,,1461.5233334302902
,,,,,1461.5333334207535
,,,,,1461.5433334112167
,,,,,1461.55333340168
,,,,,1461.5633333921432
,,,,,1461.5733333826067
,,,,,1461.5833333730698
,,,,,1461.593333363533
,,,,,1461.6033333539963
,,,,,1461.6133333444595
,,,,,1461.6233333349228
,,,,,1461.633333325386
,,,,,1461.6433333158493
,,,,,1461.6533333063126
,,,,,1461.6633332967758
,,,,,1461.6733335256577
,,,,,1461.683333516121
,,,,,1461.6933335065842
,,,,,1461.7033334970474
,,,,,1461.7133334875107
,,,,,1461.7233334779737
,,,,,1461.7333334684372
,,,,,1461.7433334589005
,,,,,1461.7533334493637
,,,,,1461.763333439827
,,,,,1461.7733334302902
,,,,,1461.7833334207535
,,,,,1461.7933334112167
,,,,,1461.80333340168
,,,,,1461.8133333921432
,,,,,1461.8233333826067
,,,,,1461.8333333730698
,,,,,1461.843333363533
,,,,,1461.8533333539963
,,,,,1461.8633333444595
,,,,,1461.8733333349228
,,,,,1461.883333325386
,,,,,1461.8933333158493
,,,,,1461.9033333063126
,,,,,1461.9133332967758
,,,,,1461.9233335256577
,,,,,1461.933333516121
,,,,,1461.9433335065842
,,,,,1461.9533334970474
,,,,,1461.9633334875107
,,,,,1461.9733334779737
,,,,,1461.9833334684372
,,,,,1461.9933334589005
,,,,,1462.0033334493637
,,,,,1462.013333439827
,,,,,1462.0233334302902
,,,,,1462.0333334207535
,,,,,1462.0433334112167
,,,,,1462.05333340168
,,,,,1462.0633333921432
,,,,,1462.0733333826067
,,,,,1462.0833333730698
,,,,,1462.093333363533
,,,,,1462.1033333539963
,,,,,1462.1133333444595
,,,,,1462.1233333349228
,,,,,1462.133333325386
,,,,,1462.1433333158493
,,,,,1462.1533333063126
,,,,,1462.1633332967758
,,,,,1462.1733335256577
,,,,,1462.183333516121
,,,,,1462.1933335065842
,,,,,1462.2033334970474
,,,,,1462.2133334875107
,,,,,1462.2233334779737
,,,,,1462.2333334684372
,,,,,1462.2433334589005
,,,,,1462.2533334493637
,,,,,1462.263333439827
,,,,,1462.2733334302902
,,,,,1462.2833334207535
,,,,,1462.2933334112167
,,,,,1462.30333340168
,,,,,1462.3133333921432
,,,,,1462.3233333826067
,,,,,1462.3333333730698
,,,,,1462.343333363533
,,,,,1462.3533333539963
,,,,,1462.3633333444595
,,,,,1462.3733333349228
,,,,,1462.383333325386
,,,,,1462.3933333158493
,,,,,1462.4033333063126
,,,,,1462.4133332967758
,,,,,1462.4233335256577
,,,,,1462.433333516121
,,,,,1462.4433335065842
,,,,,1462.4533334970474
,,,,,1462.4633334875107
,,,,,1462.4733334779737
,,,,,1462.4783333539963
,,,,,1462.4833334684372
,,,,,1462.4983333349228
,,,,,1462.508333325386
,,,,,1462.5183333158493
,,,,,1462.5283333063126
,,,,,1462.5383332967758
,,,,,1462.5483335256577
,,,,,1462.558333516121
,,,,,1462.5683335065842
,,,,,1462.5783334970474
,,,,,1462.5883334875107
,,,,,1462.5983334779737
,,,,,1462.6083334684372
,,,,,1462.6183334589005
,,,,,1462.6283334493637
,,,,,1462.638333439827
,,,,,1462.6483334302902
,,,,,1462.6583334207535
,,,,,1462.6683334112167
,,,,,1462.67833340168
,,,,,1462.6883333921432
,,,,,1462.6983333826067
,,,,,1462.7083333730698
,,,,,1462.718333363533
,,,,,1462.7283333539963
,,,,,1462.7383333444595
,,,,,1462.7483333349228
,,,,,1462.758333325386
,,,,,1462.7683333158493
,,,,,1462.7783333063126
,,,,,1462.7883332967758
,,,,,1462.7983335256577
,,,,,1462.808333516121
,,,,,1462.8183335065842
,,,,,1462.8283334970474
,,,,,1462.8383334875107
,,,,,1462.8483334779737
,,,,,1462.8583334684372
,,,,,1462.8683334589005
,,,,,1462.8783334493637
,,,,,1462.888333439827
,,,,,1462.8983334302902
,,,,,1462.9083334207535
,,,,,1462.9183334112167
,,,,,1462.92833340168
,,,,,1462.9383333921432
,,,,,1462.9483333826067
,,,,,1462.9583333730698
,,,,,1462.968333363533
,,,,,1462.9783333539963
,,,,,1462.9883333444595
,,,,,1462.9983333349228
,,,,,1463.008333325386
,,,,,1463.0183333158493
,,,,,1463.0283333063126
,,,,,1463.0383332967758
,,,,,1463.0483335256577
,,,,,1463.058333516121
,,,,,1463.0683335065842
,,,,,1463.0783334970474
,,,,,1463.0883334875107
,,,,,1463.0983334779737
,,,,,1463.1083334684372
,,,,,1463.1183334589005
,,,,,1463.1283334493637
,,,,,1463.138333439827
,,,,,1463.1483334302902
,,,,,1463.1583334207535
,,,,,1463.1683334112167
,,,,,1463.17833340168
,,,,,1463.1883333921432
,,,,,1463.1983333826067
,,,,,1463.2083333730698
,,,,,1463.218333363533
,,,,,1463.2283333539963
,,,,,1463.2383333444595
,,,,,1463.2483333349228
,,,,,1463.258333325386
,,,,,1463.2683333158493
,,,,,1463.2783333063126
,,,,,1463.2883332967758
,,,,,1463.2983335256577
,,,,,1463.308333516121
,,,,,1463.3183335065842
,,,,,1463.3283334970474
,,,,,1463.3383334875107
,,,,,1463.3483334779737
,,,,,1463.3583334684372
,,,,,1463.3683334589005
,,,,,1463.3783334493637
,,,,,1463.388333439827
,,,,,1463.3983334302902
,,,,,1463.4083334207535
,,,,,1463.4183334112167
,,,,,1463.42833340168
,,,,,1463.4383333921432
,,,,,1463.4483333826067
,,,,,1463.4583333730698
,,,,,1463.468333363533
,,,,,1463.4783333539963
,,,,,1463.4833334684372
,,,,,1463.4883333444595
,,,,,1463.5033334493637
,,,,,1463.513333439827
,,,,,1463.5233334302902
,,,,,1463.5333334207535
,,,,,1463.5433334112167
,,,,,1463.55333340168
,,,,,1463.5633333921432
,,,,,1463.5733333826067
,,,,,1463.5833333730698
,,,,,1463.593333363533
,,,,,1463.6033333539963
,,,,,1463.6133333444595
,,,,,1463.6233333349228
,,,,,1463.633333325386
,,,,,1463.6433333158493
,,,,,1463.6533333063126
,,,,,1463.6633332967758
,,,,,1463.6733335256577
,,,,,1463.683333516121
,,,,,1463.6933335065842
,,,,,1463.7033334970474
,,,,,1463.7133334875107
,,,,,1463.7233334779737
,,,,,1463.7333334684372
,,,,,1463.7433334589005
,,,,,1463.7533334493637
,,,,,1463.763333439827
,,,,,1463.7733334302902
,,,,,1463.7833334207535
,,,,,1463.7933334112167
,,,,,1463.80333340168
,,,,,1463.8133333921432
,,,,,1463.8233333826067
,,,,,1463.8333333730698
,,,,,1463.843333363533
,,,,,1463.8533333539963
,,,,,1463.8633333444595
,,,,,1463.8733333349228
,,,,,1463.883333325386
,,,,,1463.8933333158493
,,,,,1463.9033333063126
,,,,,1463.9133332967758
,,,,,1463.9233335256577
,,,,,1463.933333516121
,,,,,1463.9433335065842
,,,,,1463.9533334970474
,,,,,1463.9633334875107
,,,,,1463.9733334779737
,,,,,1463.9833334684372
,,,,,1463.9933334589005
,,,,,1464.0033334493637
,,,,,1464.013333439827
,,,,,1464.0233334302902
,,,,,1464.0333334207535
,,,,,1464.0433334112167
,,,,,1464.05333340168
,,,,,1464.0633333921432
,,,,,1464.0733333826067
,,,,,1464.0833333730698
,,,,,1464.093333363533
,,,,,1464.1033333539963
,,,,,1464.1133333444595
,,,,,1464.1233333349228
,,,,,1464.133333325386
,,,,,1464.1433333158493
,,,,,1464.1533333063126
,,,,,1464.1633332967758
,,,,,1464.1733335256577
,,,,,1464.183333516121
,,,,,1464.1933335065842
,,,,,1464.2033334970474
,,,,,1464.2133334875107
,,,,,1464.2233334779737
,,,,,1464.2333334684372
,,,,,1464.2433334589005
,,,,,1464.2533334493637
,,,,,1464.263333439827
,,,,,1464.2733334302902
,,,,,1464.2833334207535
,,,,,1464.2933334112167
,,,,,1464.30333340168
,,,,,1464.3133333921432
,,,,,1464.3233333826067
,,,,,1464.3333333730698
,,,,,1464.343333363533
,,,,,1464.3533333539963
,,,,,1464.3633333444595
,,,,,1464.3733333349228
,,,,,1464.383333325386
,,,,,1464.3933333158493
,,,,,1464.4033333063126
,,,,,1464.4133332967758
,,,,,1464.4233335256577
,,,,,1464.433333516121
,,,,,1464.4433335065842
,,,,,1464.4533334970474
,,,,,1464.4633334875107
,,,,,1464.4733334779737
,,,,,1464.4833334684372
,,,,,1464.4883333444595
,,,,,1464.4933334589005
,,,,,1464.513333439827
,,,,,1464.5233334302902
,,,,,1464.5333334207535
,,,,,1464.5433334112167
,,,,,1464.55333340168
,,,,,1464.5633333921432
,,,,,1464.5733333826067
,,,,,1464.5833333730698
,,,,,1464.593333363533
,,,,,1464.6033333539963
,,,,,1464.6133333444595
,,,,,1464.6233333349228
,,,,,1464.633333325386
,,,,,1464.6433333158493
,,,,,1464.6533333063126
,,,,,1464.6633332967758
,,,,,1464.6733335256577
,,,,,1464.683333516121
,,,,,1464.6933335065842
,,,,,1464.7033334970474
,,,,,1464.7133334875107
,,,,,1464.7233334779737
,,,,,1464.7333334684372
,,,,,1464.7433334589005
,,,,,1464.7533334493637
,,,,,1464.763333439827
,,,,,1464.7733334302902
,,,,,1464.7833334207535
,,,,,1464.7933334112167
,,,,,1464.80333340168
,,,,,1464.8133333921432
,,,,,1464.8233333826067
,,,,,1464.8333333730698
,,,,,1464.843333363533
,,,,,1464.8533333539963
,,,,,1464.8633333444595
,,,,,1464.8733333349228
,,,,,1464.883333325386
,,,,,1464.8933333158493
,,,,,1464.9033333063126
,,,,,1464.9133332967758
,,,,,1464.9233335256577
,,,,,1464.933333516121
,,,,,1464.9433335065842
,,,,,1464.9533334970474
,,,,,1464.9633334875107
,,,,,1464.9733334779737
,,,,,1464.9833334684372
,,,,,1464.9933334589005
,,,,,1465.0033334493637
,,,,,1465.013333439827
,,,,,1465.0233334302902
,,,,,1465.0333334207535
,,,,,1465.0433334112167
,,,,,1465.05333340168
,,,,,1465.0633333921432
,,,,,1465.0733333826067
,,,,,1465.0833333730698
,,,,,1465.093333363533
,,,,,1465.1033333539963
,,,,,1465.1133333444595
,,,,,1465.1233333349228
,,,,,1465.133333325386
,,,,,1465.1433333158493
,,,,,1465.1533333063126
,,,,,1465.1633332967758
,,,,,1465.1733335256577
,,,,,1465.183333516121
,,,,,1465.1933335065842
,,,,,1465.2033334970474
,,,,,1465.2133334875107
,,,,,1465.2233334779737
,,,,,1465.2333334684372
,,,,,1465.2433334589005
,,,,,1465.2533334493637
,,,,,1465.263333439827
,,,,,1465.2733334302902
,,,,,1465.2833334207535
,,,,,1465.2933334112167
,,,,,1465.30333340168
,,,,,1465.3133333921432
,,,,,1465.3233333826067
,,,,,1465.3333333730698
,,,,,1465.343333363533
,,,,,1465.3533333539963
,,,,,1465.3633333444595
,,,,,1465.3733333349228
,,,,,1465.383333325386
,,,,,1465.3933333158493
,,,,,1465.4033333063126
,,,,,1465.4133332967758
,,,,,1465.4233335256577
,,,,,1465.433333516121
,,,,,1465.4433335065842
,,,,,1465.4533334970474
,,,,,1465.4633334875107
,,,,,1465.4733334779737
,,,,,1465.4833334684372
,,,,,1465.4883333444595
,,,,,1465.4933334589005
,,,,,1465.513333439827
,,,,,1465.5233334302902
,,,,,1465.5333334207535
,,,,,1465.5433334112167
,,,,,1465.55333340168
,,,,,1465.5633333921432
,,,,,1465.5733333826067
,,,,,1465.5833333730698
,,,,,1465.593333363533
,,,,,1465.6033333539963
,,,,,1465.6133333444595
,,,,,1465.6233333349228
,,,,,1465.633333325386
,,,,,1465.6433333158493
,,,,,1465.6533333063126
,,,,,1465.6633332967758
,,,,,1465.6733335256577
,,,,,1465.683333516121
,,,,,1465.6933335065842
,,,,,1465.7033334970474
,,,,,1465.7133334875107
,,,,,1465.7233334779737
,,,,,1465.7333334684372
,,,,,1465.7433334589005
,,,,,1465.7533334493637
,,,,,1465.763333439827
,,,,,1465.7733334302902
,,,,,1465.7833334207535
,,,,,1465.7933334112167
,,,,,1465.80333340168
,,,,,1465.8133333921432
,,,,,1465.8233333826067
,,,,,1465.8333333730698
,,,,,1465.843333363533
,,,,,1465.8533333539963
,,,,,1465.8633333444595
,,,,,1465.8733333349228
,,,,,1465.883333325386
,,,,,1465.8933333158493
,,,,,1465.9033333063126
,,,,,1465.9133332967758
,,,,,1465.9233335256577
,,,,,1465.933333516121
,,,,,1465.9433335065842
,,,,,1465.9533334970474
,,,,,1465.9633334875107
,,,,,1465.9733334779737
,,,,,1465.9833334684372
,,,,,1465.9933334589005
,,,,,1466.0033334493637
,,,,,1466.013333439827
,,,,,1466.0233334302902
,,,,,1466.0333334207535
,,,,,1466.0433334112167
,,,,,1466.05333340168
,,,,,1466.0633333921432
,,,,,1466.0733333826067
,,,,,1466.0833333730698
,,,,,1466.093333363533
,,,,,1466.1033333539963
,,,,,1466.1133333444595
,,,,,1466.1233333349228
,,,,,1466.133333325386
,,,,,1466.1433333158493
,,,,,1466.1533333063126
,,,,,1466.1633332967758
,,,,,1466.1733335256577
,,,,,1466.183333516121
,,,,,1466.1933335065842
,,,,,1466.2033334970474
,,,,,1466.2133334875107
,,,,,1466.2233334779737
,,,,,1466.2333334684372
,,,,,1466.2433334589005
,,,,,1466.2533334493637
,,,,,1466.263333439827
,,,,,1466.2733334302902
,,,,,1466.2833334207535
,,,,,1466.2933334112167
,,,,,1466.30333340168
,,,,,1466.3133333921432
,,,,,1466.3233333826067
,,,,,1466.3333333730698
,,,,,1466.343333363533
,,,,,1466.3533333539963
,,,,,1466.3633333444595
,,,,,1466.3733333349228
,,,,,1466.383333325386
,,,,,1466.3933333158493
,,,,,1466.4033333063126
,,,,,1466.4133332967758
,,,,,1466.4233335256577
,,,,,1466.433333516121
,,,,,1466.4433335065842
,,,,,1466.4533334970474
,,,,,1466.4633334875107
,,,,,1466.4733334779737
,,,,,1466.4833334684372
,,,,,1466.4883333444595
,,,,,1466.4933334589005
,,,,,1466.513333439827
,,,,,1466.5233334302902
,,,,,1466.5333334207535
,,,,,1466.5433334112167
,,,,,1466.55333340168
,,,,,1466.5633333921432
,,,,,1466.5733333826067
,,,,,1466.5833333730698
,,,,,1466.593333363533
,,,,,1466.6033333539963
,,,,,1466.6133333444595
,,,,,1466.6233333349228
,,,,,1466.633333325386
,,,,,1466.6433333158493
,,,,,1466.6533333063126
,,,,,1466.6633332967758
,,,,,1466.6733335256577
,,,,,1466.683333516121
,,,,,1466.6933335065842
,,,,,1466.7033334970474
,,,,,1466.7133334875107
,,,,,1466.7233334779737
,,,,,1466.7333334684372
,,,,,1466.7433334589005
,,,,,1466.7533334493637
,,,,,1466.763333439827
,,,,,1466.7733334302902
,,,,,1466.7833334207535
,,,,,1466.7933334112167
,,,,,1466.80333340168
,,,,,1466.8133333921432
,,,,,1466.8233333826067
,,,,,1466.8333333730698
,,,,,1466.843333363533
,,,,,1466.8533333539963
,,,,,1466.8633333444595
,,,,,1466.8733333349228
,,,,,1466.883333325386
,,,,,1466.8933333158493
,,,,,1466.9033333063126
,,,,,1466.9133332967758
,,,,,1466.9233335256577
,,,,,1466.933333516121
,,,,,1466.9433335065842
,,,,,1466.9533334970474
,,,,,1466.9633334875107
,,,,,1466.9733334779737
,,,,,1466.9833334684372
,,,,,1466.9933334589005
,,,,,1467.0033334493637
,,,,,1467.013333439827
,,,,,1467.0233334302902
,,,,,1467.0333334207535
,,,,,1467.0433334112167
,,,,,1467.05333340168
,,,,,1467.0633333921432
,,,,,1467.0733333826067
,,,,,1467.0833333730698
,,,,,1467.093333363533
,,,,,1467.1033333539963
,,,,,1467.1133333444595
,,,,,1467.1233333349228
,,,,,1467.133333325386
,,,,,1467.1433333158493
,,,,,1467.1533333063126
,,,,,1467.1633332967758
,,,,,1467.1733335256577
,,,,,1467.183333516121
,,,,,1467.1933335065842
,,,,,1467.2033334970474
,,,,,1467.2133334875107
,,,,,1467.2233334779737
,,,,,1467.2333334684372
,,,,,1467.2433334589005
,,,,,1467.2533334493637
,,,,,1467.263333439827
,,,,,1467.2733334302902
,,,,,1467.2833334207535
,,,,,1467.2933334112167
,,,,,1467.30333340168
,,,,,1467.3133333921432
,,,,,1467.3233333826067
,,,,,1467.3333333730698
,,,,,1467.343333363533
,,,,,1467.3533333539963
,,,,,1467.3633333444595
,,,,,1467.3733333349228
,,,,,1467.383333325386
,,,,,1467.3933333158493
,,,,,1467.4033333063126
,,,,,1467.4133332967758
,,,,,1467.4233335256577
,,,,,1467.433333516121
,,,,,1467.4433335065842
,,,,,1467.4533334970474
,,,,,1467.4633334875107
,,,,,1467.4733334779737
,,,,,1467.4833334684372
,,,,,1467.4883333444595
,,,,,1467.4933334589005
,,,,,1467.508333325386
,,,,,1467.5183333158493
,,,,,1467.5283333063126
,,,,,1467.5383332967758
,,,,,1467.5483335256577
,,,,,1467.558333516121
,,,,,1467.5683335065842
,,,,,1467.5783334970474
,,,,,1467.5883334875107
,,,,,1467.5983334779737
,,,,,1467.6083334684372
,,,,,1467.6183334589005
,,,,,1467.6283334493637
,,,,,1467.638333439827
,,,,,1467.6483334302902
,,,,,1467.6583334207535
,,,,,1467.6683334112167
,,,,,1467.67833340168
,,,,,1467.6883333921432
,,,,,1467.6983333826067
,,,,,1467.7083333730698
,,,,,1467.718333363533
,,,,,1467.7283333539963
,,,,,1467.7383333444595
,,,,,1467.7483333349228
,,,,,1467.758333325386
,,,,,1467.7683333158493
,,,,,1467.7783333063126
,,,,,1467.7883332967758
,,,,,1467.7983335256577
,,,,,1467.808333516121
,,,,,1467.8183335065842
,,,,,1467.8283334970474
,,,,,1467.8383334875107
,,,,,1467.8483334779737
,,,,,1467.8583334684372
,,,,,1467.8683334589005
,,,,,1467.8783334493637
,,,,,1467.888333439827
,,,,,1467.8983334302902
,,,,,1467.9083334207535
,,,,,1467.9183334112167
,,,,,1467.92833340168
,,,,,1467.9383333921432
,,,,,1467.9483333826067
,,,,,1467.9583333730698
,,,,,1467.968333363533
,,,,,1467.9783333539963
,,,,,1467.9883333444595
,,,,,1467.9983333349228
,,,,,1468.008333325386
,,,,,1468.0183333158493
,,,,,1468.0283333063126
,,,,,1468.0383332967758
,,,,,1468.0483335256577
,,,,,1468.058333516121
,,,,,1468.0683335065842
,,,,,1468.0783334970474
,,,,,1468.0883334875107
,,,,,1468.0983334779737
,,,,,1468.1083334684372
,,,,,1468.1183334589005
,,,,,1468.1283334493637
,,,,,1468.138333439827
,,,,,1468.1483334302902
,,,,,1468.1583334207535
,,,,,1468.1683334112167
,,,,,1468.17833340168
,,,,,1468.1883333921432
,,,,,1468.1983333826067
,,,,,1468.2083333730698
,,,,,1468.218333363533
,,,,,1468.2283333539963
,,,,,1468.2383333444595
,,,,,1468.2483333349228
,,,,,1468.258333325386
,,,,,1468.2683333158493
,,,,,1468.2783333063126
,,,,,1468.2883332967758
,,,,,1468.2983335256577
,,,,,1468.308333516121
,,,,,1468.3183335065842
,,,,,1468.3283334970474
,,,,,1468.3383334875107
,,,,,1468.3483334779737
,,,,,1468.3583334684372
,,,,,1468.3683334589005
,,,,,1468.3783334493637
,,,,,1468.388333439827
,,,,,1468.3983334302902
,,,,,1468.4083334207535
,,,,,1468.4183334112167
,,,,,1468.42833340168
,,,,,1468.4383333921432
,,,,,1468.4483333826067
,,,,,1468.4583333730698
,,,,,1468.468333363533
,,,,,1468.4783333539963
,,,,,1468.4883333444595
,,,,,1468.4933334589005
,,,,,1468.4983333349228
,,,,,1468.5183333158493
,,,,,1468.5283333063126
,,,,,1468.5383332967758
,,,,,1468.5483335256577
,,,,,1468.558333516121
,,,,,1468.5683335065842
,,,,,1468.5783334970474
,,,,,1468.5883334875107
,,,,,1468.5983334779737
,,,,,1468.6083334684372
,,,,,1468.6183334589005
,,,,,1468.6283334493637
,,,,,1468.638333439827
,,,,,1468.6483334302902
,,,,,1468.6583334207535
,,,,,1468.6683334112167
,,,,,1468.67833340168
,,,,,1468.6883333921432
,,,,,1468.6983333826067
,,,,,1468.7083333730698
,,,,,1468.718333363533
,,,,,1468.7283333539963
,,,,,1468.7383333444595
,,,,,1468.7483333349228
,,,,,1468.758333325386
,,,,,1468.7683333158493
,,,,,1468.7783333063126
,,,,,1468.7883332967758
,,,,,1468.7983335256577
,,,,,1468.808333516121
,,,,,1468.8183335065842
,,,,,1468.8283334970474
,,,,,1468.8383334875107
,,,,,1468.8483334779737
,,,,,1468.8583334684372
,,,,,1468.8683334589005
,,,,,1468.8783334493637
,,,,,1468.888333439827
,,,,,1468.8983334302902
,,,,,1468.9083334207535
,,,,,1468.9183334112167
,,,,,1468.92833340168
,,,,,1468.9383333921432
,,,,,1468.9483333826067
,,,,,1468.9583333730698
,,,,,1468.968333363533
,,,,,1468.9783333539963
,,,,,1468.9883333444595
,,,,,1468.9983333349228
,,,,,1469.008333325386
,,,,,1469.0183333158493
,,,,,1469.0283333063126
,,,,,1469.0383332967758
,,,,,1469.0483335256577
,,,,,1469.058333516121
,,,,,1469.0683335065842
,,,,,1469.0783334970474
,,,,,1469.0883334875107
,,,,,1469.0983334779737
,,,,,1469.1083334684372
,,,,,1469.1183334589005
,,,,,1469.1283334493637
,,,,,1469.138333439827
,,,,,1469.1483334302902
,,,,,1469.1583334207535
,,,,,1469.1683334112167
,,,,,1469.17833340168
,,,,,1469.1883333921432
,,,,,1469.1983333826067
,,,,,1469.2083333730698
,,,,,1469.218333363533
,,,,,1469.2283333539963
,,,,,1469.2383333444595
,,,,,1469.2483333349228
,,,,,1469.258333325386
,,,,,1469.2683333158493
,,,,,1469.2783333063126
,,,,,1469.2883332967758
,,,,,1469.2983335256577
,,,,,1469.308333516121
,,,,,1469.3183335065842
,,,,,1469.3283334970474
,,,,,1469.3383334875107
,,,,,1469.3483334779737
,,,,,1469.3583334684372
,,,,,1469.3683334589005
,,,,,1469.3783334493637
,,,,,1469.388333439827
,,,,,1469.3983334302902
,,,,,1469.4083334207535
,,,,,1469.4183334112167
,,,,,1469.42833340168
,,,,,1469.4383333921432
,,,,,1469.4483333826067
,,,,,1469.4583333730698
,,,,,1469.468333363533
,,,,,1469.4783333539963
,,,,,1469.4883333444595
,,,,,1469.4933334589005
,,,,,1469.4983333349228
,,,,,1469.513333439827
,,,,,1469.5283333063126
,,,,,1469.5383332967758
,,,,,1469.5483335256577
,,,,,1469.558333516121
,,,,,1469.5683335065842
,,,,,1469.5783334970474
,,,,,1469.5883334875107
,,,,,1469.5983334779737
,,,,,1469.6083334684372
,,,,,1469.6183334589005
,,,,,1469.6283334493637
,,,,,1469.638333439827
,,,,,1469.6483334302902
,,,,,1469.6583334207535
,,,,,1469.6683334112167
,,,,,1469.67833340168
,,,,,1469.6883333921432
,,,,,1469.6983333826067
,,,,,1469.7083333730698
,,,,,1469.718333363533
,,,,,1469.7283333539963
,,,,,1469.7383333444595
,,,,,1469.7483333349228
,,,,,1469.758333325386
,,,,,1469.7683333158493
,,,,,1469.7783333063126
,,,,,1469.7883332967758
,,,,,1469.7983335256577
,,,,,1469.808333516121
,,,,,1469.8183335065842
,,,,,1469.8283334970474
,,,,,1469.8383334875107
,,,,,1469.8483334779737
,,,,,1469.8583334684372
,,,,,1469.8683334589005
,,,,,1469.8783334493637
,,,,,1469.888333439827
,,,,,1469.8983334302902
,,,,,1469.9083334207535
,,,,,1469.9183334112167
,,,,,1469.92833340168
,,,,,1469.9383333921432
,,,,,1469.9483333826067
,,,,,1469.9583333730698
,,,,,1469.968333363533
,,,,,1469.9783333539963
,,,,,1469.9883333444595
,,,,,1469.9983333349228
,,,,,1470.008333325386
,,,,,1470.0183333158493
,,,,,1470.0283333063126
,,,,,1470.0383332967758
,,,,,1470.0483335256577
,,,,,1470.058333516121
,,,,,1470.0683335065842
,,,,,1470.0783334970474
,,,,,1470.0883334875107
,,,,,1470.0983334779737
,,,,,1470.1083334684372
,,,,,1470.1183334589005
,,,,,1470.1283334493637
,,,,,1470.138333439827
,,,,,1470.1483334302902
,,,,,1470.1583334207535
,,,,,1470.1683334112167
,,,,,1470.17833340168
,,,,,1470.1883333921432
,,,,,1470.1983333826067
,,,,,1470.2083333730698
,,,,,1470.218333363533
,,,,,1470.2283333539963
,,,,,1470.2383333444595
,,,,,1470.2483333349228
,,,,,1470.258333325386
,,,,,1470.2683333158493
,,,,,1470.2783333063126
,,,,,1470.2883332967758
,,,,,1470.2983335256577
,,,,,1470.308333516121
,,,,,1470.3183335065842
,,,,,1470.3283334970474
,,,,,1470.3383334875107
,,,,,1470.3483334779737
,,,,,1470.3583334684372
,,,,,1470.3683334589005
,,,,,1470.3783334493637
,,,,,1470.388333439827
,,,,,1470.3983334302902
,,,,,1470.4083334207535
,,,,,1470.4183334112167
,,,,,1470.42833340168
,,,,,1470.4383333921432
,,,,,1470.4483333826067
,,,,,1470.4583333730698
,,,,,1470.468333363533
,,,,,1470.4783333539963
,,,,,1470.4883333444595
,,,,,1470.4933334589005
,,,,,1470.4983333349228
,,,,,1470.513333439827
,,,,,1470.5233334302902
,,,,,1470.5333334207535
,,,,,1470.5433334112167
,,,,,1470.55333340168
,,,,,1470.5633333921432
,,,,,1470.5733333826067
,,,,,1470.5833333730698
,,,,,1470.593333363533
,,,,,1470.6033333539963
,,,,,1470.6133333444595
,,,,,1470.6233333349228
,,,,,1470.633333325386
,,,,,1470.6433333158493
,,,,,1470.6533333063126
,,,,,1470.6633332967758
,,,,,1470.6733335256577
,,,,,1470.683333516121
,,,,,1470.6933335065842
,,,,,1470.7033334970474
,,,,,1470.7133334875107
,,,,,1470.7233334779737
,,,,,1470.7333334684372
,,,,,1470.7433334589005
,,,,,1470.7533334493637
,,,,,1470.763333439827
,,,,,1470.7733334302902
,,,,,1470.7833334207535
,,,,,1470.7933334112167
,,,,,1470.80333340168
,,,,,1470.8133333921432
,,,,,1470.8233333826067
,,,,,1470.8333333730698
,,,,,1470.843333363533
,,,,,1470.8533333539963
,,,,,1470.8633333444595
,,,,,1470.8733333349228
,,,,,1470.883333325386
,,,,,1470.8933333158493
,,,,,1470.9033333063126
,,,,,1470.9133332967758
,,,,,1470.9233335256577
,,,,,1470.933333516121
,,,,,1470.9433335065842
,,,,,1470.9533334970474
,,,,,1470.9633334875107
,,,,,1470.9733334779737
,,,,,1470.9833334684372
,,,,,1470.9933334589005
,,,,,1471.0033334493637
,,,,,1471.013333439827
,,,,,1471.0233334302902
,,,,,1471.0333334207535
,,,,,1471.0433334112167
,,,,,1471.05333340168
,,,,,1471.0633333921432
,,,,,1471.0733333826067
,,,,,1471.0833333730698
,,,,,1471.093333363533
,,,,,1471.1033333539963
,,,,,1471.1133333444595
,,,,,1471.1233333349228
,,,,,1471.133333325386
,,,,,1471.1433333158493
,,,,,1471.1533333063126
,,,,,1471.1633332967758
,,,,,1471.1733335256577
,,,,,1471.183333516121
,,,,,1471.1933335065842
,,,,,1471.2033334970474
,,,,,1471.2133334875107
,,,,,1471.2233334779737
,,,,,1471.2333334684372
,,,,,1471.2433334589005
,,,,,1471.2533334493637
,,,,,1471.263333439827
,,,,,1471.2733334302902
,,,,,1471.2833334207535
,,,,,1471.2933334112167
,,,,,1471.30333340168
,,,,,1471.3133333921432
,,,,,1471.3233333826067
,,,,,1471.3333333730698
,,,,,1471.343333363533
,,,,,1471.3533333539963
,,,,,1471.3633333444595
,,,,,1471.3733333349228
,,,,,1471.383333325386
,,,,,1471.3933333158493
,,,,,1471.4033333063126
,,,,,1471.4133332967758
,,,,,1471.4233335256577
,,,,,1471.433333516121
,,,,,1471.4433335065842
,,,,,1471.4533334970474
,,,,,1471.4633334875107
,,,,,1471.4733334779737
,,,,,1471.4833334684372
,,,,,1471.4933334589005
,,,,,1471.4983333349228
,,,,,1471.5033334493637
,,,,,1471.5183333158493
,,,,,1471.5283333063126
,,,,,1471.5383332967758
,,,,,1471.5483335256577
,,,,,1471.558333516121
,,,,,1471.5683335065842
,,,,,1471.5783334970474
,,,,,1471.5883334875107
,,,,,1471.5983334779737
,,,,,1471.6083334684372
,,,,,1471.6183334589005
,,,,,1471.6283334493637
,,,,,1471.638333439827
,,,,,1471.6483334302902
,,,,,1471.6583334207535
,,,,,1471.6683334112167
,,,,,1471.67833340168
,,,,,1471.6883333921432
,,,,,1471.6983333826067
,,,,,1471.7083333730698
,,,,,1471.718333363533
,,,,,1471.7283333539963
,,,,,1471.7383333444595
,,,,,1471.7483333349228
,,,,,1471.758333325386
,,,,,1471.7683333158493
,,,,,1471.7783333063126
,,,,,1471.7883332967758
,,,,,1471.7983335256577
,,,,,1471.808333516121
,,,,,1471.8183335065842
,,,,,1471.8283334970474
,,,,,1471.8383334875107
,,,,,1471.8483334779737
,,,,,1471.8583334684372
,,,,,1471.8683334589005
,,,,,1471.8783334493637
,,,,,1471.888333439827
,,,,,1471.8983334302902
,,,,,1471.9083334207535
,,,,,1471.9183334112167
,,,,,1471.92833340168
,,,,,1471.9383333921432
,,,,,1471.9483333826067
,,,,,1471.9583333730698
,,,,,1471.968333363533
,,,,,1471.9783333539963
,,,,,1471.9883333444595
,,,,,1471.9983333349228
,,,,,1472.008333325386
,,,,,1472.0183333158493
,,,,,1472.0283333063126
,,,,,1472.0383332967758
,,,,,1472.0483335256577
,,,,,1472.058333516121
,,,,,1472.0683335065842
,,,,,1472.0783334970474
,,,,,1472.0883334875107
,,,,,1472.0983334779737
,,,,,1472.1083334684372
,,,,,1472.1183334589005
,,,,,1472.1283334493637
,,,,,1472.138333439827
,,,,,1472.1483334302902
,,,,,1472.1583334207535
,,,,,1472.1683334112167
,,,,,1472.17833340168
,,,,,1472.1883333921432
,,,,,1472.1983333826067
,,,,,1472.2083333730698
,,,,,1472.218333363533
,,,,,1472.2283333539963
,,,,,1472.2383333444595
,,,,,1472.2483333349228
,,,,,1472.258333325386
,,,,,1472.2683333158493
,,,,,1472.2783333063126
,,,,,1472.2883332967758
,,,,,1472.2983335256577
,,,,,1472.308333516121
,,,,,1472.3183335065842
,,,,,1472.3283334970474
,,,,,1472.3383334875107
,,,,,1472.3483334779737
,,,,,1472.3583334684372
,,,,,1472.3683334589005
,,,,,1472.3783334493637
,,,,,1472.388333439827
,,,,,1472.3983334302902
,,,,,1472.4083334207535
,,,,,1472.4183334112167
,,,,,1472.42833340168
,,,,,1472.4383333921432
,,,,,1472.4483333826067
,,,,,1472.4583333730698
,,,,,1472.468333363533
,,,,,1472.4783333539963
,,,,,1472.4883333444595
,,,,,1472.4983333349228
,,,,,1472.5033334493637
,,,,,1472.508333325386
,,,,,1472.5233334302902
,,,,,1472.5333334207535
,,,,,1472.5433334112167
,,,,,1472.55333340168
,,,,,1472.5633333921432
,,,,,1472.5733333826067
,,,,,1472.5833333730698
,,,,,1472.593333363533
,,,,,1472.6033333539963
,,,,,1472.6133333444595
,,,,,1472.6233333349228
,,,,,1472.633333325386
,,,,,1472.6433333158493
,,,,,1472.6533333063126
,,,,,1472.6633332967758
,,,,,1472.6733335256577
,,,,,1472.683333516121
,,,,,1472.6933335065842
,,,,,1472.7033334970474
,,,,,1472.7133334875107
,,,,,1472.7233334779737
,,,,,1472.7333334684372
,,,,,1472.7433334589005
,,,,,1472.7533334493637
,,,,,1472.763333439827
,,,,,1472.7733334302902
,,,,,1472.7833334207535
,,,,,1472.7933334112167
,,,,,1472.80333340168
,,,,,1472.8133333921432
,,,,,1472.8233333826067
,,,,,1472.8333333730698
,,,,,1472.843333363533
,,,,,1472.8533333539963
,,,,,1472.8633333444595
,,,,,1472.8733333349228
,,,,,1472.883333325386
,,,,,1472.8933333158493
,,,,,1472.9033333063126
,,,,,1472.9133332967758
,,,,,1472.9233335256577
,,,,,1472.933333516121
,,,,,1472.9433335065842
,,,,,1472.9533334970474
,,,,,1472.9633334875107
,,,,,1472.9733334779737
,,,,,1472.9833334684372
,,,,,1472.9933334589005
,,,,,1473.0033334493637
,,,,,1473.013333439827
,,,,,1473.0233334302902
,,,,,1473.0333334207535
,,,,,1473.0433334112167
,,,,,1473.05333340168
,,,,,1473.0633333921432
,,,,,1473.0733333826067
,,,,,1473.0833333730698
,,,,,1473.093333363533
,,,,,1473.1033333539963
,,,,,1473.1133333444595
,,,,,1473.1233333349228
,,,,,1473.133333325386
,,,,,1473.1433333158493
,,,,,1473.1533333063126
,,,,,1473.1633332967758
,,,,,1473.1733335256577
,,,,,1473.183333516121
,,,,,1473.1933335065842
,,,,,1473.2033334970474
,,,,,1473.2133334875107
,,,,,1473.2233334779737
,,,,,1473.2333334684372
,,,,,1473.2433334589005
,,,,,1473.2533334493637
,,,,,1473.263333439827
,,,,,1473.2733334302902
,,,,,1473.2833334207535
,,,,,1473.2933334112167
,,,,,1473.30333340168
,,,,,1473.3133333921432
,,,,,1473.3233333826067
,,,,,1473.3333333730698
,,,,,1473.343333363533
,,,,,1473.3533333539963
,,,,,1473.3633333444595
,,,,,1473.3733333349228
,,,,,1473.383333325386
,,,,,1473.3933333158493
,,,,,1473.4033333063126
,,,,,1473.4133332967758
,,,,,1473.4233335256577
,,,,,1473.433333516121
,,,,,1473.4433335065842
,,,,,1473.4533334970474
,,,,,1473.4633334875107
,,,,,1473.4733334779737
,,,,,1473.4833334684372
,,,,,1473.4933334589005
,,,,,1473.5033334493637
,,,,,1473.508333325386
,,,,,1473.513333439827
,,,,,1473.5283333063126
,,,,,1473.5383332967758
,,,,,1473.5483335256577
,,,,,1473.558333516121
,,,,,1473.5683335065842
,,,,,1473.5783334970474
,,,,,1473.5883334875107
,,,,,1473.5983334779737
,,,,,1473.6083334684372
,,,,,1473.6183334589005
,,,,,1473.6283334493637
,,,,,1473.638333439827
,,,,,1473.6483334302902
,,,,,1473.6583334207535
,,,,,1473.6683334112167
,,,,,1473.67833340168
,,,,,1473.6883333921432
,,,,,1473.6983333826067
,,,,,1473.7083333730698
,,,,,1473.718333363533
,,,,,1473.7283333539963
,,,,,1473.7383333444595
,,,,,1473.7483333349228
,,,,,1473.758333325386
,,,,,1473.7683333158493
,,,,,1473.7783333063126
,,,,,1473.7883332967758
,,,,,1473.7983335256577
,,,,,1473.808333516121
,,,,,1473.8183335065842
,,,,,1473.8283334970474
,,,,,1473.8383334875107
,,,,,1473.8483334779737
,,,,,1473.8583334684372
,,,,,1473.8683334589005
,,,,,1473.8783334493637
,,,,,1473.888333439827
,,,,,1473.8983334302902
,,,,,1473.9083334207535
,,,,,1473.9183334112167
,,,,,1473.92833340168
,,,,,1473.9383333921432
,,,,,1473.9483333826067
,,,,,1473.9583333730698
,,,,,1473.968333363533
,,,,,1473.9783333539963
,,,,,1473.9883333444595
,,,,,1473.9983333349228
,,,,,1474.008333325386
,,,,,1474.0183333158493
,,,,,1474.0283333063126
,,,,,1474.0383332967758
,,,,,1474.0483335256577
,,,,,1474.058333516121
,,,,,1474.0683335065842
,,,,,1474.0783334970474
,,,,,1474.0883334875107
,,,,,1474.0983334779737
,,,,,1474.1083334684372
,,,,,1474.1183334589005
,,,,,1474.1283334493637
,,,,,1474.138333439827
,,,,,1474.1483334302902
,,,,,1474.1583334207535
,,,,,1474.1683334112167
,,,,,1474.17833340168
,,,,,1474.1883333921432
,,,,,1474.1983333826067
,,,,,1474.2083333730698
,,,,,1474.218333363533
,,,,,1474.2283333539963
,,,,,1474.2383333444595
,,,,,1474.2483333349228
,,,,,1474.258333325386
,,,,,1474.2683333158493
,,,,,1474.2783333063126
,,,,,1474.2883332967758
,,,,,1474.2983335256577
,,,,,1474.308333516121
,,,,,1474.3183335065842
,,,,,1474.3283334970474
,,,,,1474.3383334875107
,,,,,1474.3483334779737
,,,,,1474.3583334684372
,,,,,1474.3683334589005
,,,,,1474.3783334493637
,,,,,1474.388333439827
,,,,,1474.3983334302902
,,,,,1474.4083334207535
,,,,,1474.4183334112167
,,,,,1474.42833340168
,,,,,1474.4383333921432
,,,,,1474.4483333826067
,,,,,1474.4583333730698
,,,,,1474.468333363533
,,,,,1474.4783333539963
,,,,,1474.4883333444595
,,,,,1474.4983333349228
,,,,,1474.508333325386
,,,,,1474.513333439827
,,,,,1474.5183333158493
,,,,,1474.5333334207535
,,,,,1474.5483335256577
,,,,,1474.558333516121
,,,,,1474.5683335065842
,,,,,1474.5783334970474
,,,,,1474.5883334875107
,,,,,1474.5983334779737
,,,,,1474.6083334684372
,,,,,1474.6183334589005
,,,,,1474.6283334493637
,,,,,1474.638333439827
,,,,,1474.6483334302902
,,,,,1474.6583334207535
,,,,,1474.6683334112167
,,,,,1474.67833340168
,,,,,1474.6883333921432
,,,,,1474.6983333826067
,,,,,1474.7083333730698
,,,,,1474.718333363533
,,,,,1474.7283333539963
,,,,,1474.7383333444595
,,,,,1474.7483333349228
,,,,,1474.758333325386
,,,,,1474.7683333158493
,,,,,1474.7783333063126
,,,,,1474.7883332967758
,,,,,1474.7983335256577
,,,,,1474.808333516121
,,,,,1474.8183335065842
,,,,,1474.8283334970474
,,,,,1474.8383334875107
,,,,,1474.8483334779737
,,,,,1474.8583334684372
,,,,,1474.8683334589005
,,,,,1474.8783334493637
,,,,,1474.888333439827
,,,,,1474.8983334302902
,,,,,1474.9083334207535
,,,,,1474.9183334112167
,,,,,1474.92833340168
,,,,,1474.9383333921432
,,,,,1474.9483333826067
,,,,,1474.9583333730698
,,,,,1474.968333363533
,,,,,1474.9783333539963
,,,,,1474.9883333444595
,,,,,1474.9983333349228
,,,,,1475.008333325386
,,,,,1475.0183333158493
,,,,,1475.0283333063126
,,,,,1475.0383332967758
,,,,,1475.0483335256577
,,,,,1475.058333516121
,,,,,1475.0683335065842
,,,,,1475.0783334970474
,,,,,1475.0883334875107
,,,,,1475.0983334779737
,,,,,1475.1083334684372
,,,,,1475.1183334589005
,,,,,1475.1283334493637
,,,,,1475.138333439827
,,,,,1475.1483334302902
,,,,,1475.1583334207535
,,,,,1475.1683334112167
,,,,,1475.17833340168
,,,,,1475.1883333921432
,,,,,1475.1983333826067
,,,,,1475.2083333730698
,,,,,1475.218333363533
,,,,,1475.2283333539963
,,,,,1475.2383333444595
,,,,,1475.2483333349228
,,,,,1475.258333325386
,,,,,1475.2683333158493
,,,,,1475.2783333063126
,,,,,1475.2883332967758
,,,,,1475.2983335256577
,,,,,1475.308333516121
,,,,,1475.3183335065842
,,,,,1475.3283334970474
,,,,,1475.3383334875107
,,,,,1475.3483334779737
,,,,,1475.3583334684372
,,,,,1475.3683334589005
,,,,,1475.3783334493637
,,,,,1475.388333439827
,,,,,1475.3983334302902
,,,,,1475.4083334207535
,,,,,1475.4183334112167
,,,,,1475.42833340168
,,,,,1475.4383333921432
,,,,,1475.4483333826067
,,,,,1475.4583333730698
,,,,,1475.468333363533
,,,,,1475.4783333539963
,,,,,1475.4883333444595
,,,,,1475.4983333349228
,,,,,1475.508333325386
,,,,,1475.513333439827
,,,,,1475.5183333158493
,,,,,1475.5333334207535
,,,,,1475.5433334112167
,,,,,1475.55333340168
,,,,,1475.5633333921432
,,,,,1475.5733333826067
,,,,,1475.5833333730698
,,,,,1475.593333363533
,,,,,1475.6033333539963
,,,,,1475.6133333444595
,,,,,1475.6233333349228
,,,,,1475.633333325386
,,,,,1475.6433333158493
,,,,,1475.6533333063126
,,,,,1475.6633332967758
,,,,,1475.6733335256577
,,,,,1475.683333516121
,,,,,1475.6933335065842
,,,,,1475.7033334970474
,,,,,1475.7133334875107
,,,,,1475.7233334779737
,,,,,1475.7333334684372
,,,,,1475.7433334589005
,,,,,1475.7533334493637
,,,,,1475.763333439827
,,,,,1475.7733334302902
,,,,,1475.7833334207535
,,,,,1475.7933334112167
,,,,,1475.80333340168
,,,,,1475.8133333921432
,,,,,1475.8233333826067
,,,,,1475.8333333730698
,,,,,1475.843333363533
,,,,,1475.8533333539963
,,,,,1475.8633333444595
,,,,,1475.8733333349228
,,,,,1475.883333325386
,,,,,1475.8933333158493
,,,,,1475.9033333063126
,,,,,1475.9133332967758
,,,,,1475.9233335256577
,,,,,1475.933333516121
,,,,,1475.9433335065842
,,,,,1475.9533334970474
,,,,,1475.9633334875107
,,,,,1475.9733334779737
,,,,,1475.9833334684372
,,,,,1475.9933334589005
,,,,,1476.0033334493637
,,,,,1476.013333439827
,,,,,1476.0233334302902
,,,,,1476.0333334207535
,,,,,1476.0433334112167
,,,,,1476.05333340168
,,,,,1476.0633333921432
,,,,,1476.0733333826067
,,,,,1476.0833333730698
,,,,,1476.093333363533
,,,,,1476.1033333539963
,,,,,1476.1133333444595
,,,,,1476.1233333349228
,,,,,1476.133333325386
,,,,,1476.1433333158493
,,,,,1476.1533333063126
,,,,,1476.1633332967758
,,,,,1476.1733335256577
,,,,,1476.183333516121
,,,,,1476.1933335065842
,,,,,1476.2033334970474
,,,,,1476.2133334875107
,,,,,1476.2233334779737
,,,,,1476.2333334684372
,,,,,1476.2433334589005
,,,,,1476.2533334493637
,,,,,1476.263333439827
,,,,,1476.2733334302902
,,,,,1476.2833334207535
,,,,,1476.2933334112167
,,,,,1476.30333340168
,,,,,1476.3133333921432
,,,,,1476.3233333826067
,,,,,1476.3333333730698
,,,,,1476.343333363533
,,,,,1476.3533333539963
,,,,,1476.3633333444595
,,,,,1476.3733333349228
,,,,,1476.383333325386
,,,,,1476.3933333158493
,,,,,1476.4033333063126
,,,,,1476.4133332967758
,,,,,1476.4233335256577
,,,,,1476.433333516121
,,,,,1476.4433335065842
,,,,,1476.4533334970474
,,,,,1476.4633334875107
,,,,,1476.4733334779737
,,,,,1476.4833334684372
,,,,,1476.4933334589005
,,,,,1476.5033334493637
,,,,,1476.513333439827
,,,,,1476.5183333158493
,,,,,1476.5233334302902
,,,,,1476.5383332967758
,,,,,1476.5483335256577
,,,,,1476.558333516121
,,,,,1476.5683335065842
,,,,,1476.5783334970474
,,,,,1476.5883334875107
,,,,,1476.5983334779737
,,,,,1476.6083334684372
,,,,,1476.6183334589005
,,,,,1476.6283334493637
,,,,,1476.638333439827
,,,,,1476.6483334302902
,,,,,1476.6583334207535
,,,,,1476.6683334112167
,,,,,1476.67833340168
,,,,,1476.6883333921432
,,,,,1476.6983333826067
,,,,,1476.7083333730698
,,,,,1476.718333363533
,,,,,1476.7283333539963
,,,,,1476.7383333444595
,,,,,1476.7483333349228
,,,,,1476.758333325386
,,,,,1476.7683333158493
,,,,,1476.7783333063126
,,,,,1476.7883332967758
,,,,,1476.7983335256577
,,,,,1476.808333516121
,,,,,1476.8183335065842
,,,,,1476.8283334970474
,,,,,1476.8383334875107
,,,,,1476.8483334779737
,,,,,1476.8583334684372
,,,,,1476.8683334589005
,,,,,1476.8783334493637
,,,,,1476.888333439827
,,,,,1476.8983334302902
,,,,,1476.9083334207535
,,,,,1476.9183334112167
,,,,,1476.92833340168
,,,,,1476.9383333921432
,,,,,1476.9483333826067
,,,,,1476.9583333730698
,,,,,1476.968333363533
,,,,,1476.9783333539963
,,,,,1476.9883333444595
,,,,,1476.9983333349228
,,,,,1477.008333325386
,,,,,1477.0183333158493
,,,,,1477.0283333063126
,,,,,1477.0383332967758
,,,,,1477.0483335256577
,,,,,1477.058333516121
,,,,,1477.0683335065842
,,,,,1477.0783334970474
,,,,,1477.0883334875107
,,,,,1477.0983334779737
,,,,,1477.1083334684372
,,,,,1477.1183334589005
,,,,,1477.1283334493637
,,,,,1477.138333439827
,,,,,1477.1483334302902
,,,,,1477.1583334207535
,,,,,1477.1683334112167
,,,,,1477.17833340168
,,,,,1477.1883333921432
,,,,,1477.1983333826067
,,,,,1477.2083333730698
,,,,,1477.218333363533
,,,,,1477.2283333539963
,,,,,1477.2383333444595
,,,,,1477.2483333349228
,,,,,1477.258333325386
,,,,,1477.2683333158493
,,,,,1477.2783333063126
,,,,,1477.2883332967758
,,,,,1477.2983335256577
,,,,,1477.308333516121
,,,,,1477.3183335065842
,,,,,1477.3283334970474
,,,,,1477.3383334875107
,,,,,1477.3483334779737
,,,,,1477.3583334684372
,,,,,1477.3683334589005
,,,,,1477.3783334493637
,,,,,1477.388333439827
,,,,,1477.3983334302902
,,,,,1477.4083334207535
,,,,,1477.4183334112167
,,,,,1477.42833340168
,,,,,1477.4383333921432
,,,,,1477.4483333826067
,,,,,1477.4583333730698
,,,,,1477.468333363533
,,,,,1477.4783333539963
,,,,,1477.4883333444595
,,,,,1477.4983333349228
,,,,,1477.508333325386
,,,,,1477.5183333158493
,,,,,1477.5233334302902
,,,,,1477.5283333063126
,,,,,1477.5433334112167
,,,,,1477.55333340168
,,,,,1477.5633333921432
,,,,,1477.5733333826067
,,,,,1477.5833333730698
,,,,,1477.593333363533
,,,,,1477.6033333539963
,,,,,1477.6133333444595
,,,,,1477.6233333349228
,,,,,1477.633333325386
,,,,,1477.6433333158493
,,,,,1477.6533333063126
,,,,,1477.6633332967758
,,,,,1477.6733335256577
,,,,,1477.683333516121
,,,,,1477.6933335065842
,,,,,1477.7033334970474
,,,,,1477.7133334875107
,,,,,1477.7233334779737
,,,,,1477.7333334684372
,,,,,1477.7433334589005
,,,,,1477.7533334493637
,,,,,1477.763333439827
,,,,,1477.7733334302902
,,,,,1477.7833334207535
,,,,,1477.7933334112167
,,,,,1477.80333340168
,,,,,1477.8133333921432
,,,,,1477.8233333826067
,,,,,1477.8333333730698
,,,,,1477.843333363533
,,,,,1477.8533333539963
,,,,,1477.8633333444595
,,,,,1477.8733333349228
,,,,,1477.883333325386
,,,,,1477.8933333158493
,,,,,1477.9033333063126
,,,,,1477.9133332967758
,,,,,1477.9233335256577
,,,,,1477.933333516121
,,,,,1477.9433335065842
,,,,,1477.9533334970474
,,,,,1477.9633334875107
,,,,,1477.9733334779737
,,,,,1477.9833334684372
,,,,,1477.9933334589005
,,,,,1478.0033334493637
,,,,,1478.013333439827
,,,,,1478.0233334302902
,,,,,1478.0333334207535
,,,,,1478.0433334112167
,,,,,1478.05333340168
,,,,,1478.0633333921432
,,,,,1478.0733333826067
,,,,,1478.0833333730698
,,,,,1478.093333363533
,,,,,1478.1033333539963
,,,,,1478.1133333444595
,,,,,1478.1233333349228
,,,,,1478.133333325386
,,,,,1478.1433333158493
,,,,,1478.1533333063126
,,,,,1478.1633332967758
,,,,,1478.1733335256577
,,,,,1478.183333516121
,,,,,1478.1933335065842
,,,,,1478.2033334970474
,,,,,1478.2133334875107
,,,,,1478.2233334779737
,,,,,1478.2333334684372
,,,,,1478.2433334589005
,,,,,1478.2533334493637
,,,,,1478.263333439827
,,,,,1478.2733334302902
,,,,,1478.2833334207535
,,,,,1478.2933334112167
,,,,,1478.30333340168
,,,,,1478.3133333921432
,,,,,1478.3233333826067
,,,,,1478.3333333730698
,,,,,1478.343333363533
,,,,,1478.3533333539963
,,,,,1478.3633333444595
,,,,,1478.3733333349228
,,,,,1478.383333325386
,,,,,1478.3933333158493
,,,,,1478.4033333063126
,,,,,1478.4133332967758
,,,,,1478.4233335256577
,,,,,1478.433333516121
,,,,,1478.4433335065842
,,,,,1478.4533334970474
,,,,,1478.4633334875107
,,,,,1478.4733334779737
,,,,,1478.4833334684372
,,,,,1478.4933334589005
,,,,,1478.5033334493637
,,,,,1478.513333439827
,,,,,1478.5233334302902
,,,,,1478.5283333063126
,,,,,1478.5333334207535
,,,,,1478.5483335256577
,,,,,1478.558333516121
,,,,,1478.5683335065842
,,,,,1478.5783334970474
,,,,,1478.5883334875107
,,,,,1478.5983334779737
,,,,,1478.6083334684372
,,,,,1478.6183334589005
,,,,,1478.6283334493637
,,,,,1478.638333439827
,,,,,1478.6483334302902
,,,,,1478.6583334207535
,,,,,1478.6683334112167
,,,,,1478.67833340168
,,,,,1478.6883333921432
,,,,,1478.6983333826067
,,,,,1478.7083333730698
,,,,,1478.718333363533
,,,,,1478.7283333539963
,,,,,1478.7383333444595
,,,,,1478.7483333349228
,,,,,1478.758333325386
,,,,,1478.7683333158493
,,,,,1478.7783333063126
,,,,,1478.7883332967758
,,,,,1478.7983335256577
,,,,,1478.808333516121
,,,,,1478.8183335065842
,,,,,1478.8283334970474
,,,,,1478.8383334875107
,,,,,1478.8483334779737
,,,,,1478.8583334684372
,,,,,1478.8683334589005
,,,,,1478.8783334493637
,,,,,1478.888333439827
,,,,,1478.8983334302902
,,,,,1478.9083334207535
,,,,,1478.9183334112167
,,,,,1478.92833340168
,,,,,1478.9383333921432
,,,,,1478.9483333826067
,,,,,1478.9583333730698
,,,,,1478.968333363533
,,,,,1478.9783333539963
,,,,,1478.9883333444595
,,,,,1478.9983333349228
,,,,,1479.008333325386
,,,,,1479.0183333158493
,,,,,1479.0283333063126
,,,,,1479.0383332967758
,,,,,1479.0483335256577
,,,,,1479.058333516121
,,,,,1479.0683335065842
,,,,,1479.0783334970474
,,,,,1479.0883334875107
,,,,,1479.0983334779737
,,,,,1479.1083334684372
,,,,,1479.1183334589005
,,,,,1479.1283334493637
,,,,,1479.138333439827
,,,,,1479.1483334302902
,,,,,1479.1583334207535
,,,,,1479.1683334112167
,,,,,1479.17833340168
,,,,,1479.1883333921432
,,,,,1479.1983333826067
,,,,,1479.2083333730698
,,,,,1479.218333363533
,,,,,1479.2283333539963
,,,,,1479.2383333444595
,,,,,1479.2483333349228
,,,,,1479.258333325386
,,,,,1479.2683333158493
,,,,,1479.2783333063126
,,,,,1479.2883332967758
,,,,,1479.2983335256577
,,,,,1479.308333516121
,,,,,1479.3183335065842
,,,,,1479.3283334970474
,,,,,1479.3383334875107
,,,,,1479.3483334779737
,,,,,1479.3583334684372
,,,,,1479.3683334589005
,,,,,1479.3783334493637
,,,,,1479.388333439827
,,,,,1479.3983334302902
,,,,,1479.4083334207535
,,,,,1479.4183334112167
,,,,,1479.42833340168
,,,,,1479.4383333921432
,,,,,1479.4483333826067
,,,,,1479.4583333730698
,,,,,1479.468333363533
,,,,,1479.4783333539963
,,,,,1479.4883333444595
,,,,,1479.4983333349228
,,,,,1479.508333325386
,,,,,1479.5183333158493
,,,,,1479.5283333063126
,,,,,1479.5333334207535
,,,,,1479.5383332967758
,,,,,1479.558333516121
,,,,,1479.5733333826067
,,,,,1479.5833333730698
,,,,,1479.593333363533
,,,,,1479.6033333539963
,,,,,1479.6133333444595
,,,,,1479.6233333349228
,,,,,1479.633333325386
,,,,,1479.6433333158493
,,,,,1479.6533333063126
,,,,,1479.6633332967758
,,,,,1479.6733335256577
,,,,,1479.683333516121
,,,,,1479.6933335065842
,,,,,1479.7033334970474
,,,,,1479.7133334875107
,,,,,1479.7233334779737
,,,,,1479.7333334684372
,,,,,1479.7433334589005
,,,,,1479.7533334493637
,,,,,1479.763333439827
,,,,,1479.7733334302902
,,,,,1479.7833334207535
,,,,,1479.7933334112167
,,,,,1479.80333340168
,,,,,1479.8133333921432
,,,,,1479.8233333826067
,,,,,1479.8333333730698
,,,,,1479.843333363533
,,,,,1479.8533333539963
,,,,,1479.8633333444595
,,,,,1479.8733333349228
,,,,,1479.883333325386
,,,,,1479.8933333158493
,,,,,1479.9033333063126
,,,,,1479.9133332967758
,,,,,1479.9233335256577
,,,,,1479.933333516121
,,,,,1479.9433335065842
,,,,,1479.9533334970474
,,,,,1479.9633334875107
,,,,,1479.9733334779737
,,,,,1479.9833334684372
,,,,,1479.9933334589005
,,,,,1480.0033334493637
,,,,,1480.013333439827
,,,,,1480.0233334302902
,,,,,1480.0333334207535
,,,,,1480.0433334112167
,,,,,1480.05333340168
,,,,,1480.0633333921432
,,,,,1480.0733333826067
,,,,,1480.0833333730698
,,,,,1480.093333363533
,,,,,1480.1033333539963
,,,,,1480.1133333444595
,,,,,1480.1233333349228
,,,,,1480.133333325386
,,,,,1480.1433333158493
,,,,,1480.1533333063126
,,,,,1480.1633332967758
,,,,,1480.1733335256577
,,,,,1480.183333516121
,,,,,1480.1933335065842
,,,,,1480.2033334970474
,,,,,1480.2133334875107
,,,,,1480.2233334779737
,,,,,1480.2333334684372
,,,,,1480.2433334589005
,,,,,1480.2533334493637
,,,,,1480.263333439827
,,,,,1480.2733334302902
,,,,,1480.2833334207535
,,,,,1480.2933334112167
,,,,,1480.30333340168
,,,,,1480.3133333921432
,,,,,1480.3233333826067
,,,,,1480.3333333730698
,,,,,1480.343333363533
,,,,,1480.3533333539963
,,,,,1480.3633333444595
,,,,,1480.3733333349228
,,,,,1480.383333325386
,,,,,1480.3933333158493
,,,,,1480.4033333063126
,,,,,1480.4133332967758
,,,,,1480.4233335256577
,,,,,1480.433333516121
,,,,,1480.4433335065842
,,,,,1480.4533334970474
,,,,,1480.4633334875107
,,,,,1480.4733334779737
,,,,,1480.4833334684372
,,,,,1480.4933334589005
,,,,,1480.5033334493637
,,,,,1480.513333439827
,,,,,1480.5233334302902
,,,,,1480.5333334207535
,,,,,1480.5383332967758
,,,,,1480.5433334112167
,,,,,1480.558333516121
,,,,,1480.5683335065842
,,,,,1480.5783334970474
,,,,,1480.5883334875107
,,,,,1480.5983334779737
,,,,,1480.6083334684372
,,,,,1480.6183334589005
,,,,,1480.6283334493637
,,,,,1480.638333439827
,,,,,1480.6483334302902
,,,,,1480.6583334207535
,,,,,1480.6683334112167
,,,,,1480.67833340168
,,,,,1480.6883333921432
,,,,,1480.6983333826067
,,,,,1480.7083333730698
,,,,,1480.718333363533
,,,,,1480.7283333539963
,,,,,1480.7383333444595
,,,,,1480.7483333349228
,,,,,1480.758333325386
,,,,,1480.7683333158493
,,,,,1480.7783333063126
,,,,,1480.7883332967758
,,,,,1480.7983335256577
,,,,,1480.808333516121
,,,,,1480.8183335065842
,,,,,1480.8283334970474
,,,,,1480.8383334875107
,,,,,1480.8483334779737
,,,,,1480.8583334684372
,,,,,1480.8683334589005
,,,,,1480.8783334493637
,,,,,1480.888333439827
,,,,,1480.8983334302902
,,,,,1480.9083334207535
,,,,,1480.9183334112167
,,,,,1480.92833340168
,,,,,1480.9383333921432
,,,,,1480.9483333826067
,,,,,1480.9583333730698
,,,,,1480.968333363533
,,,,,1480.9783333539963
,,,,,1480.9883333444595
,,,,,1480.9983333349228
,,,,,1481.008333325386
,,,,,1481.0183333158493
,,,,,1481.0283333063126
,,,,,1481.0383332967758
,,,,,1481.0483335256577
,,,,,1481.058333516121
,,,,,1481.0683335065842
,,,,,1481.0783334970474
,,,,,1481.0883334875107
,,,,,1481.0983334779737
,,,,,1481.1083334684372
,,,,,1481.1183334589005
,,,,,1481.1283334493637
,,,,,1481.138333439827
,,,,,1481.1483334302902
,,,,,1481.1583334207535
,,,,,1481.1683334112167
,,,,,1481.17833340168
,,,,,1481.1883333921432
,,,,,1481.1983333826067
,,,,,1481.2083333730698
,,,,,1481.218333363533
,,,,,1481.2283333539963
,,,,,1481.2383333444595
,,,,,1481.2483333349228
,,,,,1481.258333325386
,,,,,1481.2683333158493
,,,,,1481.2783333063126
,,,,,1481.2883332967758
,,,,,1481.2983335256577
,,,,,1481.308333516121
,,,,,1481.3183335065842
,,,,,1481.3283334970474
,,,,,1481.3383334875107
,,,,,1481.3483334779737
,,,,,1481.3583334684372
,,,,,1481.3683334589005
,,,,,1481.3783334493637
,,,,,1481.388333439827
,,,,,1481.3983334302902
,,,,,1481.4083334207535
,,,,,1481.4183334112167
,,,,,1481.42833340168
,,,,,1481.4383333921432
,,,,,1481.4483333826067
,,,,,1481.4583333730698
,,,,,1481.468333363533
,,,,,1481.4783333539963
,,,,,1481.4883333444595
,,,,,1481.4983333349228
,,,,,1481.508333325386
,,,,,1481.5183333158493
,,,,,1481.5283333063126
,,,,,1481.5383332967758
,,,,,1481.5433334112167
,,,,,1481.5483335256577
,,,,,1481.5633333921432
,,,,,1481.5733333826067
,,,,,1481.5833333730698
,,,,,1481.593333363533
,,,,,1481.6033333539963
,,,,,1481.6133333444595
,,,,,1481.6233333349228
,,,,,1481.633333325386
,,,,,1481.6433333158493
,,,,,1481.6533333063126
,,,,,1481.6633332967758
,,,,,1481.6733335256577
,,,,,1481.683333516121
,,,,,1481.6933335065842
,,,,,1481.7033334970474
,,,,,1481.7133334875107
,,,,,1481.7233334779737
,,,,,1481.7333334684372
,,,,,1481.7433334589005
,,,,,1481.7533334493637
,,,,,1481.763333439827
,,,,,1481.7733334302902
,,,,,1481.7833334207535
,,,,,1481.7933334112167
,,,,,1481.80333340168
,,,,,1481.8133333921432
,,,,,1481.8233333826067
,,,,,1481.8333333730698
,,,,,1481.843333363533
,,,,,1481.8533333539963
,,,,,1481.8633333444595
,,,,,1481.8733333349228
,,,,,1481.883333325386
,,,,,1481.8933333158493
,,,,,1481.9033333063126
,,,,,1481.9133332967758
,,,,,1481.9233335256577
,,,,,1481.933333516121
,,,,,1481.9433335065842
,,,,,1481.9533334970474
,,,,,1481.9633334875107
,,,,,1481.9733334779737
,,,,,1481.9833334684372
,,,,,1481.9933334589005
,,,,,1482.0033334493637
,,,,,1482.013333439827
,,,,,1482.0233334302902
,,,,,1482.0333334207535
,,,,,1482.0433334112167
,,,,,1482.05333340168
,,,,,1482.0633333921432
,,,,,1482.0733333826067
,,,,,1482.0833333730698
,,,,,1482.093333363533
,,,,,1482.1033333539963
,,,,,1482.1133333444595
,,,,,1482.1233333349228
,,,,,1482.133333325386
,,,,,1482.1433333158493
,,,,,1482.1533333063126
,,,,,1482.1633332967758
,,,,,1482.1733335256577
,,,,,1482.183333516121
,,,,,1482.1933335065842
,,,,,1482.2033334970474
,,,,,1482.2133334875107
,,,,,1482.2233334779737
,,,,,1482.2333334684372
,,,,,1482.2433334589005
,,,,,1482.2533334493637
,,,,,1482.263333439827
,,,,,1482.2733334302902
,,,,,1482.2833334207535
,,,,,1482.2933334112167
,,,,,1482.30333340168
,,,,,1482.3133333921432
,,,,,1482.3233333826067
,,,,,1482.3333333730698
,,,,,1482.343333363533
,,,,,1482.3533333539963
,,,,,1482.3633333444595
,,,,,1482.3733333349228
,,,,,1482.383333325386
,,,,,1482.3933333158493
,,,,,1482.4033333063126
,,,,,1482.4133332967758
,,,,,1482.4233335256577
,,,,,1482.433333516121
,,,,,1482.4433335065842
,,,,,1482.4533334970474
,,,,,1482.4633334875107
,,,,,1482.4733334779737
,,,,,1482.4833334684372
,,,,,1482.4933334589005
,,,,,1482.5033334493637
,,,,,1482.513333439827
,,,,,1482.5233334302902
,,,,,1482.5333334207535
,,,,,1482.5433334112167
,,,,,1482.5483335256577
,,,,,1482.55333340168
,,,,,1482.5683335065842
,,,,,1482.5783334970474
,,,,,1482.5883334875107
,,,,,1482.5983334779737
,,,,,1482.6083334684372
,,,,,1482.6183334589005
,,,,,1482.6283334493637
,,,,,1482.638333439827
,,,,,1482.6483334302902
,,,,,1482.6583334207535
,,,,,1482.6683334112167
,,,,,1482.67833340168
,,,,,1482.6883333921432
,,,,,1482.6983333826067
,,,,,1482.7083333730698
,,,,,1482.718333363533
,,,,,1482.7283333539963
,,,,,1482.7383333444595
,,,,,1482.7483333349228
,,,,,1482.758333325386
,,,,,1482.7683333158493
,,,,,1482.7783333063126
,,,,,1482.7883332967758
,,,,,1482.7983335256577
,,,,,1482.808333516121
,,,,,1482.8183335065842
,,,,,1482.8283334970474
,,,,,1482.8383334875107
,,,,,1482.8483334779737
,,,,,1482.8583334684372
,,,,,1482.8683334589005
,,,,,1482.8783334493637
,,,,,1482.888333439827
,,,,,1482.8983334302902
,,,,,1482.9083334207535
,,,,,1482.9183334112167
,,,,,1482.92833340168
,,,,,1482.9383333921432
,,,,,1482.9483333826067
,,,,,1482.9583333730698
,,,,,1482.968333363533
,,,,,1482.9783333539963
,,,,,1482.9883333444595
,,,,,1482.9983333349228
,,,,,1483.008333325386
,,,,,1483.0183333158493
,,,,,1483.0283333063126
,,,,,1483.0383332967758
,,,,,1483.0483335256577
,,,,,1483.058333516121
,,,,,1483.0683335065842
,,,,,1483.0783334970474
,,,,,1483.0883334875107
,,,,,1483.0983334779737
,,,,,1483.1083334684372
,,,,,1483.1183334589005
,,,,,1483.1283334493637
,,,,,1483.138333439827
,,,,,1483.1483334302902
,,,,,1483.1583334207535
,,,,,1483.1683334112167
,,,,,1483.17833340168
,,,,,1483.1883333921432
,,,,,1483.1983333826067
,,,,,1483.2083333730698
,,,,,1483.218333363533
,,,,,1483.2283333539963
,,,,,1483.2383333444595
,,,,,1483.2483333349228
,,,,,1483.258333325386
,,,,,1483.2683333158493
,,,,,1483.2783333063126
,,,,,1483.2883332967758
,,,,,1483.2983335256577
,,,,,1483.308333516121
,,,,,1483.3183335065842
,,,,,1483.3283334970474
,,,,,1483.3383334875107
,,,,,1483.3483334779737
,,,,,1483.3583334684372
,,,,,1483.3683334589005
,,,,,1483.3783334493637
,,,,,1483.388333439827
,,,,,1483.3983334302902
,,,,,1483.4083334207535
,,,,,1483.4183334112167
,,,,,1483.42833340168
,,,,,1483.4383333921432
,,,,,1483.4483333826067
,,,,,1483.4583333730698
,,,,,1483.468333363533
,,,,,1483.4783333539963
,,,,,1483.4883333444595
,,,,,1483.4983333349228
,,,,,1483.508333325386
,,,,,1483.5183333158493
,,,,,1483.5283333063126
,,,,,1483.5383332967758
,,,,,1483.5483335256577
,,,,,1483.55333340168
,,,,,1483.558333516121
,,,,,1483.5733333826067
,,,,,1483.5833333730698
,,,,,1483.593333363533
,,,,,1483.6033333539963
,,,,,1483.6133333444595
,,,,,1483.6233333349228
,,,,,1483.633333325386
,,,,,1483.6433333158493
,,,,,1483.6533333063126
,,,,,1483.6633332967758
,,,,,1483.6733335256577
,,,,,1483.683333516121
,,,,,1483.6933335065842
,,,,,1483.7033334970474
,,,,,1483.7133334875107
,,,,,1483.7233334779737
,,,,,1483.7333334684372
,,,,,1483.7433334589005
,,,,,1483.7533334493637
,,,,,1483.763333439827
,,,,,1483.7733334302902
,,,,,1483.7833334207535
,,,,,1483.7933334112167
,,,,,1483.80333340168
,,,,,1483.8133333921432
,,,,,1483.8233333826067
,,,,,1483.8333333730698
,,,,,1483.843333363533
,,,,,1483.8533333539963
,,,,,1483.8633333444595
,,,,,1483.8733333349228
,,,,,1483.883333325386
,,,,,1483.8933333158493
,,,,,1483.9033333063126
,,,,,1483.9133332967758
,,,,,1483.9233335256577
,,,,,1483.933333516121
,,,,,1483.9433335065842
,,,,,1483.9533334970474
,,,,,1483.9633334875107
,,,,,1483.9733334779737
,,,,,1483.9833334684372
,,,,,1483.9933334589005
,,,,,1484.0033334493637
,,,,,1484.013333439827
,,,,,1484.0233334302902
,,,,,1484.0333334207535
,,,,,1484.0433334112167
,,,,,1484.05333340168
,,,,,1484.0633333921432
,,,,,1484.0733333826067
,,,,,1484.0833333730698
,,,,,1484.093333363533
,,,,,1484.1033333539963
,,,,,1484.1133333444595
,,,,,1484.1233333349228
,,,,,1484.133333325386
,,,,,1484.1433333158493
,,,,,1484.1533333063126
,,,,,1484.1633332967758
,,,,,1484.1733335256577
,,,,,1484.183333516121
,,,,,1484.1933335065842
,,,,,1484.2033334970474
,,,,,1484.2133334875107
,,,,,1484.2233334779737
,,,,,1484.2333334684372
,,,,,1484.2433334589005
,,,,,1484.2533334493637
,,,,,1484.263333439827
,,,,,1484.2733334302902
,,,,,1484.2833334207535
,,,,,1484.2933334112167
,,,,,1484.30333340168
,,,,,1484.3133333921432
,,,,,1484.3233333826067
,,,,,1484.3333333730698
,,,,,1484.343333363533
,,,,,1484.3533333539963
,,,,,1484.3633333444595
,,,,,1484.3733333349228
,,,,,1484.383333325386
,,,,,1484.3933333158493
,,,,,1484.4033333063126
,,,,,1484.4133332967758
,,,,,1484.4233335256577
,,,,,1484.433333516121
,,,,,1484.4433335065842
,,,,,1484.4533334970474
,,,,,1484.4633334875107
,,,,,1484.4733334779737
,,,,,1484.4833334684372
,,,,,1484.4933334589005
,,,,,1484.5033334493637
,,,,,1484.513333439827
,,,,,1484.5233334302902
,,,,,1484.5333334207535
,,,,,1484.5433334112167
,,,,,1484.55333340168
,,,,,1484.558333516121
,,,,,1484.5633333921432
,,,,,1484.5833333730698
,,,,,1484.593333363533
,,,,,1484.6033333539963
,,,,,1484.6133333444595
,,,,,1484.6233333349228
,,,,,1484.633333325386
,,,,,1484.6433333158493
,,,,,1484.6533333063126
,,,,,1484.6633332967758
,,,,,1484.6733335256577
,,,,,1484.683333516121
,,,,,1484.6933335065842
,,,,,1484.7033334970474
,,,,,1484.7133334875107
,,,,,1484.7233334779737
,,,,,1484.7333334684372
,,,,,1484.7433334589005
,,,,,1484.7533334493637
,,,,,1484.763333439827
,,,,,1484.7733334302902
,,,,,1484.7833334207535
,,,,,1484.7933334112167
,,,,,1484.80333340168
,,,,,1484.8133333921432
,,,,,1484.8233333826067
,,,,,1484.8333333730698
,,,,,1484.843333363533
,,,,,1484.8533333539963
,,,,,1484.8633333444595
,,,,,1484.8733333349228
,,,,,1484.883333325386
,,,,,1484.8933333158493
,,,,,1484.9033333063126
,,,,,1484.9133332967758
,,,,,1484.9233335256577
,,,,,1484.933333516121
,,,,,1484.9433335065842
,,,,,1484.9533334970474
,,,,,1484.9633334875107
,,,,,1484.9733334779737
,,,,,1484.9833334684372
,,,,,1484.9933334589005
,,,,,1485.0033334493637
,,,,,1485.013333439827
,,,,,1485.0233334302902
,,,,,1485.0333334207535
,,,,,1485.0433334112167
,,,,,1485.05333340168
,,,,,1485.0633333921432
,,,,,1485.0733333826067
,,,,,1485.0833333730698
,,,,,1485.093333363533
,,,,,1485.1033333539963
,,,,,1485.1133333444595
,,,,,1485.1233333349228
,,,,,1485.133333325386
,,,,,1485.1433333158493
,,,,,1485.1533333063126
,,,,,1485.1633332967758
,,,,,1485.1733335256577
,,,,,1485.183333516121
,,,,,1485.1933335065842
,,,,,1485.2033334970474
,,,,,1485.2133334875107
,,,,,1485.2233334779737
,,,,,1485.2333334684372
,,,,,1485.2433334589005
,,,,,1485.2533334493637
,,,,,1485.263333439827
,,,,,1485.2733334302902
,,,,,1485.2833334207535
,,,,,1485.2933334112167
,,,,,1485.30333340168
,,,,,1485.3133333921432
,,,,,1485.3233333826067
,,,,,1485.3333333730698
,,,,,1485.343333363533
,,,,,1485.3533333539963
,,,,,1485.3633333444595
,,,,,1485.3733333349228
,,,,,1485.383333325386
,,,,,1485.3933333158493
,,,,,1485.4033333063126
,,,,,1485.4133332967758
,,,,,1485.4233335256577
,,,,,1485.433333516121
,,,,,1485.4433335065842
,,,,,1485.4533334970474
,,,,,1485.4633334875107
,,,,,1485.4733334779737
,,,,,1485.4833334684372
,,,,,1485.4933334589005
,,,,,1485.5033334493637
,,,,,1485.513333439827
,,,,,1485.5233334302902
,,,,,1485.5333334207535
,,,,,1485.5433334112167
,,,,,1485.55333340168
,,,,,1485.558333516121
,,,,,1485.5633333921432
,,,,,1485.5783334970474
,,,,,1485.5883334875107
,,,,,1485.5983334779737
,,,,,1485.6083334684372
,,,,,1485.6183334589005
,,,,,1485.6283334493637
,,,,,1485.638333439827
,,,,,1485.6483334302902
,,,,,1485.6583334207535
,,,,,1485.6683334112167
,,,,,1485.67833340168
,,,,,1485.6883333921432
,,,,,1485.6983333826067
,,,,,1485.7083333730698
,,,,,1485.718333363533
,,,,,1485.7283333539963
,,,,,1485.7383333444595
,,,,,1485.7483333349228
,,,,,1485.758333325386
,,,,,1485.7683333158493
,,,,,1485.7783333063126
,,,,,1485.7883332967758
,,,,,1485.7983335256577
,,,,,1485.808333516121
,,,,,1485.8183335065842
,,,,,1485.8283334970474
,,,,,1485.8383334875107
,,,,,1485.8483334779737
,,,,,1485.8583334684372
,,,,,1485.8683334589005
,,,,,1485.8783334493637
,,,,,1485.888333439827
,,,,,1485.8983334302902
,,,,,1485.9083334207535
,,,,,1485.9183334112167
,,,,,1485.92833340168
,,,,,1485.9383333921432
,,,,,1485.9483333826067
,,,,,1485.9583333730698
,,,,,1485.968333363533
,,,,,1485.9783333539963
,,,,,1485.9883333444595
,,,,,1485.9983333349228
,,,,,1486.008333325386
,,,,,1486.0183333158493
,,,,,1486.0283333063126
,,,,,1486.0383332967758
,,,,,1486.0483335256577
,,,,,1486.058333516121
,,,,,1486.0683335065842
,,,,,1486.0783334970474
,,,,,1486.0883334875107
,,,,,1486.0983334779737
,,,,,1486.1083334684372
,,,,,1486.1183334589005
,,,,,1486.1283334493637
,,,,,1486.138333439827
,,,,,1486.1483334302902
,,,,,1486.1583334207535
,,,,,1486.1683334112167
,,,,,1486.17833340168
,,,,,1486.1883333921432
,,,,,1486.1983333826067
,,,,,1486.2083333730698
,,,,,1486.218333363533
,,,,,1486.2283333539963
,,,,,1486.2383333444595
,,,,,1486.2483333349228
,,,,,1486.258333325386
,,,,,1486.2683333158493
,,,,,1486.2783333063126
,,,,,1486.2883332967758
,,,,,1486.2983335256577
,,,,,1486.308333516121
,,,,,1486.3183335065842
,,,,,1486.3283334970474
,,,,,1486.3383334875107
,,,,,1486.3483334779737
,,,,,1486.3583334684372
,,,,,1486.3683334589005
,,,,,1486.3783334493637
,,,,,1486.388333439827
,,,,,1486.3983334302902
,,,,,1486.4083334207535
,,,,,1486.4183334112167
,,,,,1486.42833340168
,,,,,1486.4383333921432
,,,,,1486.4483333826067
,,,,,1486.4583333730698
,,,,,1486.468333363533
,,,,,1486.4783333539963
,,,,,1486.4883333444595
,,,,,1486.4983333349228
,,,,,1486.508333325386
,,,,,1486.5183333158493
,,,,,1486.5283333063126
,,,,,1486.5383332967758
,,,,,1486.5483335256577
,,,,,1486.558333516121
,,,,,1486.5633333921432
,,,,,1486.5683335065842
,,,,,1486.5833333730698
,,,,,1486.593333363533
,,,,,1486.6033333539963
,,,,,1486.6133333444595
,,,,,1486.6233333349228
,,,,,1486.633333325386
,,,,,1486.6433333158493
,,,,,1486.6533333063126
,,,,,1486.6633332967758
,,,,,1486.6733335256577
,,,,,1486.683333516121
,,,,,1486.6933335065842
,,,,,1486.7033334970474
,,,,,1486.7133334875107
,,,,,1486.7233334779737
,,,,,1486.7333334684372
,,,,,1486.7433334589005
,,,,,1486.7533334493637
,,,,,1486.763333439827
,,,,,1486.7733334302902
,,,,,1486.7833334207535
,,,,,1486.7933334112167
,,,,,1486.80333340168
,,,,,1486.8133333921432
,,,,,1486.8233333826067
,,,,,1486.8333333730698
,,,,,1486.843333363533
,,,,,1486.8533333539963
,,,,,1486.8633333444595
,,,,,1486.8733333349228
,,,,,1486.883333325386
,,,,,1486.8933333158493
,,,,,1486.9033333063126
,,,,,1486.9133332967758
,,,,,1486.9233335256577
,,,,,1486.933333516121
,,,,,1486.9433335065842
,,,,,1486.9533334970474
,,,,,1486.9633334875107
,,,,,1486.9733334779737
,,,,,1486.9833334684372
,,,,,1486.9933334589005
,,,,,1487.0033334493637
,,,,,1487.013333439827
,,,,,1487.0233334302902
,,,,,1487.0333334207535
,,,,,1487.0433334112167
,,,,,1487.05333340168
,,,,,1487.0633333921432
,,,,,1487.0733333826067
,,,,,1487.0833333730698
,,,,,1487.093333363533
,,,,,1487.1033333539963
,,,,,1487.1133333444595
,,,,,1487.1233333349228
,,,,,1487.133333325386
,,,,,1487.1433333158493
,,,,,1487.1533333063126
,,,,,1487.1633332967758
,,,,,1487.1733335256577
,,,,,1487.183333516121
,,,,,1487.1933335065842
,,,,,1487.2033334970474
,,,,,1487.2133334875107
,,,,,1487.2233334779737
,,,,,1487.2333334684372
,,,,,1487.2433334589005
,,,,,1487.2533334493637
,,,,,1487.263333439827
,,,,,1487.2733334302902
,,,,,1487.2833334207535
,,,,,1487.2933334112167
,,,,,1487.30333340168
,,,,,1487.3133333921432
,,,,,1487.3233333826067
,,,,,1487.3333333730698
,,,,,1487.343333363533
,,,,,1487.3533333539963
,,,,,1487.3633333444595
,,,,,1487.3733333349228
,,,,,1487.383333325386
,,,,,1487.3933333158493
,,,,,1487.4033333063126
,,,,,1487.4133332967758
,,,,,1487.4233335256577
,,,,,1487.433333516121
,,,,,1487.4433335065842
,,,,,1487.4533334970474
,,,,,1487.4633334875107
,,,,,1487.4733334779737
,,,,,1487.4833334684372
,,,,,1487.4933334589005
,,,,,1487.5033334493637
,,,,,1487.513333439827
,,,,,1487.5233334302902
,,,,,1487.5333334207535
,,,,,1487.5433334112167
,,,,,1487.55333340168
,,,,,1487.5633333921432
,,,,,1487.5683335065842
,,,,,1487.5733333826067
,,,,,1487.5883334875107
,,,,,1487.5983334779737
,,,,,1487.6083334684372
,,,,,1487.6183334589005
,,,,,1487.6283334493637
,,,,,1487.638333439827
,,,,,1487.6483334302902
,,,,,1487.6583334207535
,,,,,1487.6683334112167
,,,,,1487.67833340168
,,,,,1487.6883333921432
,,,,,1487.6983333826067
,,,,,1487.7083333730698
,,,,,1487.718333363533
,,,,,1487.7283333539963
,,,,,1487.7383333444595
,,,,,1487.7483333349228
,,,,,1487.758333325386
,,,,,1487.7683333158493
,,,,,1487.7783333063126
,,,,,1487.7883332967758
,,,,,1487.7983335256577
,,,,,1487.808333516121
,,,,,1487.8183335065842
,,,,,1487.8283334970474
,,,,,1487.8383334875107
,,,,,1487.8483334779737
,,,,,1487.8583334684372
,,,,,1487.8683334589005
,,,,,1487.8783334493637
,,,,,1487.888333439827
,,,,,1487.8983334302902
,,,,,1487.9083334207535
,,,,,1487.9183334112167
,,,,,1487.92833340168
,,,,,1487.9383333921432
,,,,,1487.9483333826067
,,,,,1487.9583333730698
,,,,,1487.968333363533
,,,,,1487.9783333539963
,,,,,1487.9883333444595
,,,,,1487.9983333349228
,,,,,1488.008333325386
,,,,,1488.0183333158493
,,,,,1488.0283333063126
,,,,,1488.0383332967758
,,,,,1488.0483335256577
,,,,,1488.058333516121
,,,,,1488.0683335065842
,,,,,1488.0783334970474
,,,,,1488.0883334875107
,,,,,1488.0983334779737
,,,,,1488.1083334684372
,,,,,1488.1183334589005
,,,,,1488.1283334493637
,,,,,1488.138333439827
,,,,,1488.1483334302902
,,,,,1488.1583334207535
,,,,,1488.1683334112167
,,,,,1488.17833340168
,,,,,1488.1883333921432
,,,,,1488.1983333826067
,,,,,1488.2083333730698
,,,,,1488.218333363533
,,,,,1488.2283333539963
,,,,,1488.2383333444595
,,,,,1488.2483333349228
,,,,,1488.258333325386
,,,,,1488.2683333158493
,,,,,1488.2783333063126
,,,,,1488.2883332967758
,,,,,1488.2983335256577
,,,,,1488.308333516121
,,,,,1488.3183335065842
,,,,,1488.3283334970474
,,,,,1488.3383334875107
,,,,,1488.3483334779737
,,,,,1488.3583334684372
,,,,,1488.3683334589005
,,,,,1488.3783334493637
,,,,,1488.388333439827
,,,,,1488.3983334302902
,,,,,1488.4083334207535
,,,,,1488.4183334112167
,,,,,1488.42833340168
,,,,,1488.4383333921432
,,,,,1488.4483333826067
,,,,,1488.4583333730698
,,,,,1488.468333363533
,,,,,1488.4783333539963
,,,,,1488.4883333444595
,,,,,1488.4983333349228
,,,,,1488.508333325386
,,,,,1488.5183333158493
,,,,,1488.5283333063126
,,,,,1488.5383332967758
,,,,,1488.5483335256577
,,,,,1488.558333516121
,,,,,1488.5683335065842
,,,,,1488.5733333826067
,,,,,1488.5783334970474
,,,,,1488.593333363533
,,,,,1488.6033333539963
,,,,,1488.6133333444595
,,,,,1488.6233333349228
,,,,,1488.633333325386
,,,,,1488.6433333158493
,,,,,1488.6533333063126
,,,,,1488.6633332967758
,,,,,1488.6733335256577
,,,,,1488.683333516121
,,,,,1488.6933335065842
,,,,,1488.7033334970474
,,,,,1488.7133334875107
,,,,,1488.7233334779737
,,,,,1488.7333334684372
,,,,,1488.7433334589005
,,,,,1488.7533334493637
,,,,,1488.763333439827
,,,,,1488.7733334302902
,,,,,1488.7833334207535
,,,,,1488.7933334112167
,,,,,1488.80333340168
,,,,,1488.8133333921432
,,,,,1488.8233333826067
,,,,,1488.8333333730698
,,,,,1488.843333363533
,,,,,1488.8533333539963
,,,,,1488.8633333444595
,,,,,1488.8733333349228
,,,,,1488.883333325386
,,,,,1488.8933333158493
,,,,,1488.9033333063126
,,,,,1488.9133332967758
,,,,,1488.9233335256577
,,,,,1488.933333516121
,,,,,1488.9433335065842
,,,,,1488.9533334970474
,,,,,1488.9633334875107
,,,,,1488.9733334779737
,,,,,1488.9833334684372
,,,,,1488.9933334589005
,,,,,1489.0033334493637
,,,,,1489.013333439827
,,,,,1489.0233334302902
,,,,,1489.0333334207535
,,,,,1489.0433334112167
,,,,,1489.05333340168
,,,,,1489.0633333921432
,,,,,1489.0733333826067
,,,,,1489.0833333730698
,,,,,1489.093333363533
,,,,,1489.1033333539963
,,,,,1489.1133333444595
,,,,,1489.1233333349228
,,,,,1489.133333325386
,,,,,1489.1433333158493
,,,,,1489.1533333063126
,,,,,1489.1633332967758
,,,,,1489.1733335256577
,,,,,1489.183333516121
,,,,,1489.1933335065842
,,,,,1489.2033334970474
,,,,,1489.2133334875107
,,,,,1489.2233334779737
,,,,,1489.2333334684372
,,,,,1489.2433334589005
,,,,,1489.2533334493637
,,,,,1489.263333439827
,,,,,1489.2733334302902
,,,,,1489.2833334207535
,,,,,1489.2933334112167
,,,,,1489.30333340168
,,,,,1489.3133333921432
,,,,,1489.3233333826067
,,,,,1489.3333333730698
,,,,,1489.343333363533
,,,,,1489.3533333539963
,,,,,1489.3633333444595
,,,,,1489.3733333349228
,,,,,1489.383333325386
,,,,,1489.3933333158493
,,,,,1489.4033333063126
,,,,,1489.4133332967758
,,,,,1489.4233335256577
,,,,,1489.433333516121
,,,,,1489.4433335065842
,,,,,1489.4533334970474
,,,,,1489.4633334875107
,,,,,1489.4733334779737
,,,,,1489.4833334684372
,,,,,1489.4933334589005
,,,,,1489.5033334493637
,,,,,1489.513333439827
,,,,,1489.5233334302902
,,,,,1489.5333334207535
,,,,,1489.5433334112167
,,,,,1489.55333340168
,,,,,1489.5633333921432
,,,,,1489.5733333826067
,,,,,1489.5783334970474
,,,,,1489.5833333730698
,,,,,1489.6033333539963
,,,,,1489.6133333444595
,,,,,1489.6233333349228
,,,,,1489.633333325386
,,,,,1489.6433333158493
,,,,,1489.6533333063126
,,,,,1489.6633332967758
,,,,,1489.6733335256577
,,,,,1489.683333516121
,,,,,1489.6933335065842
,,,,,1489.7033334970474
,,,,,1489.7133334875107
,,,,,1489.7233334779737
,,,,,1489.7333334684372
,,,,,1489.7433334589005
,,,,,1489.7533334493637
,,,,,1489.763333439827
,,,,,1489.7733334302902
,,,,,1489.7833334207535
,,,,,1489.7933334112167
,,,,,1489.80333340168
,,,,,1489.8133333921432
,,,,,1489.8233333826067
,,,,,1489.8333333730698
,,,,,1489.843333363533
,,,,,1489.8533333539963
,,,,,1489.8633333444595
,,,,,1489.8733333349228
,,,,,1489.883333325386
,,,,,1489.8933333158493
,,,,,1489.9033333063126
,,,,,1489.9133332967758
,,,,,1489.9233335256577
,,,,,1489.933333516121
,,,,,1489.9433335065842
,,,,,1489.9533334970474
,,,,,1489.9633334875107
,,,,,1489.9733334779737
,,,,,1489.9833334684372
,,,,,1489.9933334589005
,,,,,1490.0033334493637
,,,,,1490.013333439827
,,,,,1490.0233334302902
,,,,,1490.0333334207535
,,,,,1490.0433334112167
,,,,,1490.05333340168
,,,,,1490.0633333921432
,,,,,1490.0733333826067
,,,,,1490.0833333730698
,,,,,1490.093333363533
,,,,,1490.1033333539963
,,,,,1490.1133333444595
,,,,,1490.1233333349228
,,,,,1490.133333325386
,,,,,1490.1433333158493
,,,,,1490.1533333063126
,,,,,1490.1633332967758
,,,,,1490.1733335256577
,,,,,1490.183333516121
,,,,,1490.1933335065842
,,,,,1490.2033334970474
,,,,,1490.2133334875107
,,,,,1490.2233334779737
,,,,,1490.2333334684372
,,,,,1490.2433334589005
,,,,,1490.2533334493637
,,,,,1490.263333439827
,,,,,1490.2733334302902
,,,,,1490.2833334207535
,,,,,1490.2933334112167
,,,,,1490.30333340168
,,,,,1490.3133333921432
,,,,,1490.3233333826067
,,,,,1490.3333333730698
,,,,,1490.343333363533
,,,,,1490.3533333539963
,,,,,1490.3633333444595
,,,,,1490.3733333349228
,,,,,1490.383333325386
,,,,,1490.3933333158493
,,,,,1490.4033333063126
,,,,,1490.4133332967758
,,,,,1490.4233335256577
,,,,,1490.433333516121
,,,,,1490.4433335065842
,,,,,1490.4533334970474
,,,,,1490.4633334875107
,,,,,1490.4733334779737
,,,,,1490.4833334684372
,,,,,1490.4933334589005
,,,,,1490.5033334493637
,,,,,1490.513333439827
,,,,,1490.5233334302902
,,,,,1490.5333334207535
,,,,,1490.5433334112167
,,,,,1490.55333340168
,,,,,1490.5633333921432
,,,,,1490.5733333826067
,,,,,1490.5783334970474
,,,,,1490.5833333730698
,,,,,1490.5983334779737
,,,,,1490.6083334684372
,,,,,1490.6183334589005
,,,,,1490.6283334493637
,,,,,1490.638333439827
,,,,,1490.6483334302902
,,,,,1490.6583334207535
,,,,,1490.6683334112167
,,,,,1490.67833340168
,,,,,1490.6883333921432
,,,,,1490.6983333826067
,,,,,1490.7083333730698
,,,,,1490.718333363533
,,,,,1490.7283333539963
,,,,,1490.7383333444595
,,,,,1490.7483333349228
,,,,,1490.758333325386
,,,,,1490.7683333158493
,,,,,1490.7783333063126
,,,,,1490.7883332967758
,,,,,1490.7983335256577
,,,,,1490.808333516121
,,,,,1490.8183335065842
,,,,,1490.8283334970474
,,,,,1490.8383334875107
,,,,,1490.8483334779737
,,,,,1490.8583334684372
,,,,,1490.8683334589005
,,,,,1490.8783334493637
,,,,,1490.888333439827
,,,,,1490.8983334302902
,,,,,1490.9083334207535
,,,,,1490.9183334112167
,,,,,1490.92833340168
,,,,,1490.9383333921432
,,,,,1490.9483333826067
,,,,,1490.9583333730698
,,,,,1490.968333363533
,,,,,1490.9783333539963
,,,,,1490.9883333444595
,,,,,1490.9983333349228
,,,,,1491.008333325386
,,,,,1491.0183333158493
,,,,,1491.0283333063126
,,,,,1491.0383332967758
,,,,,1491.0483335256577
,,,,,1491.058333516121
,,,,,1491.0683335065842
,,,,,1491.0783334970474
,,,,,1491.0883334875107
,,,,,1491.0983334779737
,,,,,1491.1083334684372
,,,,,1491.1183334589005
,,,,,1491.1283334493637
,,,,,1491.138333439827
,,,,,1491.1483334302902
,,,,,1491.1583334207535
,,,,,1491.1683334112167
,,,,,1491.17833340168
,,,,,1491.1883333921432
,,,,,1491.1983333826067
,,,,,1491.2083333730698
,,,,,1491.218333363533
,,,,,1491.2283333539963
,,,,,1491.2383333444595
,,,,,1491.2483333349228
,,,,,1491.258333325386
,,,,,1491.2683333158493
,,,,,1491.2783333063126
,,,,,1491.2883332967758
,,,,,1491.2983335256577
,,,,,1491.308333516121
,,,,,1491.3183335065842
,,,,,1491.3283334970474
,,,,,1491.3383334875107
,,,,,1491.3483334779737
,,,,,1491.3583334684372
,,,,,1491.3683334589005
,,,,,1491.3783334493637
,,,,,1491.388333439827
,,,,,1491.3983334302902
,,,,,1491.4083334207535
,,,,,1491.4183334112167
,,,,,1491.42833340168
,,,,,1491.4383333921432
,,,,,1491.4483333826067
,,,,,1491.4583333730698
,,,,,1491.468333363533
,,,,,1491.4783333539963
,,,,,1491.4883333444595
,,,,,1491.4983333349228
,,,,,1491.508333325386
,,,,,1491.5183333158493
,,,,,1491.5283333063126
,,,,,1491.5383332967758
,,,,,1491.5483335256577
,,,,,1491.558333516121
,,,,,1491.5683335065842
,,,,,1491.5783334970474
,,,,,1491.5833333730698
,,,,,1491.5883334875107
,,,,,1491.6033333539963
,,,,,1491.6133333444595
,,,,,1491.6233333349228
,,,,,1491.633333325386
,,,,,1491.6433333158493
,,,,,1491.6533333063126
,,,,,1491.6633332967758
,,,,,1491.6733335256577
,,,,,1491.683333516121
,,,,,1491.6933335065842
,,,,,1491.7033334970474
,,,,,1491.7133334875107
,,,,,1491.7233334779737
,,,,,1491.7333334684372
,,,,,1491.7433334589005
,,,,,1491.7533334493637
,,,,,1491.763333439827
,,,,,1491.7733334302902
,,,,,1491.7833334207535
,,,,,1491.7933334112167
,,,,,1491.80333340168
,,,,,1491.8133333921432
,,,,,1491.8233333826067
,,,,,1491.8333333730698
,,,,,1491.843333363533
,,,,,1491.8533333539963
,,,,,1491.8633333444595
,,,,,1491.8733333349228
,,,,,1491.883333325386
,,,,,1491.8933333158493
,,,,,1491.9033333063126
,,,,,1491.9133332967758
,,,,,1491.9233335256577
,,,,,1491.933333516121
,,,,,1491.9433335065842
,,,,,1491.9533334970474
,,,,,1491.9633334875107
,,,,,1491.9733334779737
,,,,,1491.9833334684372
,,,,,1491.9933334589005
,,,,,1492.0033334493637
,,,,,1492.013333439827
,,,,,1492.0233334302902
,,,,,1492.0333334207535
,,,,,1492.0433334112167
,,,,,1492.05333340168
,,,,,1492.0633333921432
,,,,,1492.0733333826067
,,,,,1492.0833333730698
,,,,,1492.093333363533
,,,,,1492.1033333539963
,,,,,1492.1133333444595
,,,,,1492.1233333349228
,,,,,1492.133333325386
,,,,,1492.1433333158493
,,,,,1492.1533333063126
,,,,,1492.1633332967758
,,,,,1492.1733335256577
,,,,,1492.183333516121
,,,,,1492.1933335065842
,,,,,1492.2033334970474
,,,,,1492.2133334875107
,,,,,1492.2233334779737
,,,,,1492.2333334684372
,,,,,1492.2433334589005
,,,,,1492.2533334493637
,,,,,1492.263333439827
,,,,,1492.2733334302902
,,,,,1492.2833334207535
,,,,,1492.2933334112167
,,,,,1492.30333340168
,,,,,1492.3133333921432
,,,,,1492.3233333826067
,,,,,1492.3333333730698
,,,,,1492.343333363533
,,,,,1492.3533333539963
,,,,,1492.3633333444595
,,,,,1492.3733333349228
,,,,,1492.383333325386
,,,,,1492.3933333158493
,,,,,1492.4033333063126
,,,,,1492.4133332967758
,,,,,1492.4233335256577
,,,,,1492.433333516121
,,,,,1492.4433335065842
,,,,,1492.4533334970474
,,,,,1492.4633334875107
,,,,,1492.4733334779737
,,,,,1492.4833334684372
,,,,,1492.4933334589005
,,,,,1492.5033334493637
,,,,,1492.513333439827
,,,,,1492.5233334302902
,,,,,1492.5333334207535
,,,,,1492.5433334112167
,,,,,1492.55333340168
,,,,,1492.5633333921432
,,,,,1492.5733333826067
,,,,,1492.5833333730698
,,,,,1492.5883334875107
,,,,,1492.593333363533
,,,,,1492.6083334684372
,,,,,1492.6183334589005
,,,,,1492.6283334493637
,,,,,1492.638333439827
,,,,,1492.6483334302902
,,,,,1492.6583334207535
,,,,,1492.6683334112167
,,,,,1492.67833340168
,,,,,1492.6883333921432
,,,,,1492.6983333826067
,,,,,1492.7083333730698
,,,,,1492.718333363533
,,,,,1492.7283333539963
,,,,,1492.7383333444595
,,,,,1492.7483333349228
,,,,,1492.758333325386
,,,,,1492.7683333158493
,,,,,1492.7783333063126
,,,,,1492.7883332967758
,,,,,1492.7983335256577
,,,,,1492.808333516121
,,,,,1492.8183335065842
,,,,,1492.8283334970474
,,,,,1492.8383334875107
,,,,,1492.8483334779737
,,,,,1492.8583334684372
,,,,,1492.8683334589005
,,,,,1492.8783334493637
,,,,,1492.888333439827
,,,,,1492.8983334302902
,,,,,1492.9083334207535
,,,,,1492.9183334112167
,,,,,1492.92833340168
,,,,,1492.9383333921432
,,,,,1492.9483333826067
,,,,,1492.9583333730698
,,,,,1492.968333363533
,,,,,1492.9783333539963
,,,,,1492.9883333444595
,,,,,1492.9983333349228
,,,,,1493.008333325386
,,,,,1493.0183333158493
,,,,,1493.0283333063126
,,,,,1493.0383332967758
,,,,,1493.0483335256577
,,,,,1493.058333516121
,,,,,1493.0683335065842
,,,,,1493.0783334970474
,,,,,1493.0883334875107
,,,,,1493.0983334779737
,,,,,1493.1083334684372
,,,,,1493.1183334589005
,,,,,1493.1283334493637
,,,,,1493.138333439827
,,,,,1493.1483334302902
,,,,,1493.1583334207535
,,,,,1493.1683334112167
,,,,,1493.17833340168
,,,,,1493.1883333921432
,,,,,1493.1983333826067
,,,,,1493.2083333730698
,,,,,1493.218333363533
,,,,,1493.2283333539963
,,,,,1493.2383333444595
,,,,,1493.2483333349228
,,,,,1493.258333325386
,,,,,1493.2683333158493
,,,,,1493.2783333063126
,,,,,1493.2883332967758
,,,,,1493.2983335256577
,,,,,1493.308333516121
,,,,,1493.3183335065842
,,,,,1493.3283334970474
,,,,,1493.3383334875107
,,,,,1493.3483334779737
,,,,,1493.3583334684372
,,,,,1493.3683334589005
,,,,,1493.3783334493637
,,,,,1493.388333439827
,,,,,1493.3983334302902
,,,,,1493.4083334207535
,,,,,1493.4183334112167
,,,,,1493.42833340168
,,,,,1493.4383333921432
,,,,,1493.4483333826067
,,,,,1493.4583333730698
,,,,,1493.468333363533
,,,,,1493.4783333539963
,,,,,1493.4883333444595
,,,,,1493.4983333349228
,,,,,1493.508333325386
,,,,,1493.5183333158493
,,,,,1493.5283333063126
,,,,,1493.5383332967758
,,,,,1493.5483335256577
,,,,,1493.558333516121
,,,,,1493.5683335065842
,,,,,1493.5783334970474
,,,,,1493.5883334875107
,,,,,1493.593333363533
,,,,,1493.5983334779737
,,,,,1493.6133333444595
,,,,,1493.6233333349228
,,,,,1493.633333325386
,,,,,1493.6433333158493
,,,,,1493.6533333063126
,,,,,1493.6633332967758
,,,,,1493.6733335256577
,,,,,1493.683333516121
,,,,,1493.6933335065842
,,,,,1493.7033334970474
,,,,,1493.7133334875107
,,,,,1493.7233334779737
,,,,,1493.7333334684372
,,,,,1493.7433334589005
,,,,,1493.7533334493637
,,,,,1493.763333439827
,,,,,1493.7733334302902
,,,,,1493.7833334207535
,,,,,1493.7933334112167
,,,,,1493.80333340168
,,,,,1493.8133333921432
,,,,,1493.8233333826067
,,,,,1493.8333333730698
,,,,,1493.843333363533
,,,,,1493.8533333539963
,,,,,1493.8633333444595
,,,,,1493.8733333349228
,,,,,1493.883333325386
,,,,,1493.8933333158493
,,,,,1493.9033333063126
,,,,,1493.9133332967758
,,,,,1493.9233335256577
,,,,,1493.933333516121
,,,,,1493.9433335065842
,,,,,1493.9533334970474
,,,,,1493.9633334875107
,,,,,1493.9733334779737
,,,,,1493.9833334684372
,,,,,1493.9933334589005
,,,,,1494.0033334493637
,,,,,1494.013333439827
,,,,,1494.0233334302902
,,,,,1494.0333334207535
,,,,,1494.0433334112167
,,,,,1494.05333340168
,,,,,1494.0633333921432
,,,,,1494.0733333826067
,,,,,1494.0833333730698
,,,,,1494.093333363533
,,,,,1494.1033333539963
,,,,,1494.1133333444595
,,,,,1494.1233333349228
,,,,,1494.133333325386
,,,,,1494.1433333158493
,,,,,1494.1533333063126
,,,,,1494.1633332967758
,,,,,1494.1733335256577
,,,,,1494.183333516121
,,,,,1494.1933335065842
,,,,,1494.2033334970474
,,,,,1494.2133334875107
,,,,,1494.2233334779737
,,,,,1494.2333334684372
,,,,,1494.2433334589005
,,,,,1494.2533334493637
,,,,,1494.263333439827
,,,,,1494.2733334302902
,,,,,1494.2833334207535
,,,,,1494.2933334112167
,,,,,1494.30333340168
,,,,,1494.3133333921432
,,,,,1494.3233333826067
,,,,,1494.3333333730698
,,,,,1494.343333363533
,,,,,1494.3533333539963
,,,,,1494.3633333444595
,,,,,1494.3733333349228
,,,,,1494.383333325386
,,,,,1494.3933333158493
,,,,,1494.4033333063126
,,,,,1494.4133332967758
,,,,,1494.4233335256577
,,,,,1494.433333516121
,,,,,1494.4433335065842
,,,,,1494.4533334970474
,,,,,1494.4633334875107
,,,,,1494.4733334779737
,,,,,1494.4833334684372
,,,,,1494.4933334589005
,,,,,1494.5033334493637
,,,,,1494.513333439827
,,,,,1494.5233334302902
,,,,,1494.5333334207535
,,,,,1494.5433334112167
,,,,,1494.55333340168
,,,,,1494.5633333921432
,,,,,1494.5733333826067
,,,,,1494.5833333730698
,,,,,1494.593333363533
,,,,,1494.5983334779737
,,,,,1494.6033333539963
,,,,,1494.6233333349228
,,,,,1494.633333325386
,,,,,1494.6433333158493
,,,,,1494.6533333063126
,,,,,1494.6633332967758
,,,,,1494.6733335256577
,,,,,1494.683333516121
,,,,,1494.6933335065842
,,,,,1494.7033334970474
,,,,,1494.7133334875107
,,,,,1494.7233334779737
,,,,,1494.7333334684372
,,,,,1494.7433334589005
,,,,,1494.7533334493637
,,,,,1494.763333439827
,,,,,1494.7733334302902
,,,,,1494.7833334207535
,,,,,1494.7933334112167
,,,,,1494.80333340168
,,,,,1494.8133333921432
,,,,,1494.8233333826067
,,,,,1494.8333333730698
,,,,,1494.843333363533
,,,,,1494.8533333539963
,,,,,1494.8633333444595
,,,,,1494.8733333349228
,,,,,1494.883333325386
,,,,,1494.8933333158493
,,,,,1494.9033333063126
,,,,,1494.9133332967758
,,,,,1494.9233335256577
,,,,,1494.933333516121
,,,,,1494.9433335065842
,,,,,1494.9533334970474
,,,,,1494.9633334875107
,,,,,1494.9733334779737
,,,,,1494.9833334684372
,,,,,1494.9933334589005
,,,,,1495.0033334493637
,,,,,1495.013333439827
,,,,,1495.0233334302902
,,,,,1495.0333334207535
,,,,,1495.0433334112167
,,,,,1495.05333340168
,,,,,1495.0633333921432
,,,,,1495.0733333826067
,,,,,1495.0833333730698
,,,,,1495.093333363533
,,,,,1495.1033333539963
,,,,,1495.1133333444595
,,,,,1495.1233333349228
,,,,,1495.133333325386
,,,,,1495.1433333158493
,,,,,1495.1533333063126
,,,,,1495.1633332967758
,,,,,1495.1733335256577
,,,,,1495.183333516121
,,,,,1495.1933335065842
,,,,,1495.2033334970474
,,,,,1495.2133334875107
,,,,,1495.2233334779737
,,,,,1495.2333334684372
,,,,,1495.2433334589005
,,,,,1495.2533334493637
,,,,,1495.263333439827
,,,,,1495.2733334302902
,,,,,1495.2833334207535
,,,,,1495.2933334112167
,,,,,1495.30333340168
,,,,,1495.3133333921432
,,,,,1495.3233333826067
,,,,,1495.3333333730698
,,,,,1495.343333363533
,,,,,1495.3533333539963
,,,,,1495.3633333444595
,,,,,1495.3733333349228
,,,,,1495.383333325386
,,,,,1495.3933333158493
,,,,,1495.4033333063126
,,,,,1495.4133332967758
,,,,,1495.4233335256577
,,,,,1495.433333516121
,,,,,1495.4433335065842
,,,,,1495.4533334970474
,,,,,1495.4633334875107
,,,,,1495.4733334779737
,,,,,1495.4833334684372
,,,,,1495.4933334589005
,,,,,1495.5033334493637
,,,,,1495.513333439827
,,,,,1495.5233334302902
,,,,,1495.5333334207535
,,,,,1495.5433334112167
,,,,,1495.55333340168
,,,,,1495.5633333921432
,,,,,1495.5733333826067
,,,,,1495.5833333730698
,,,,,1495.593333363533
,,,,,1495.5983334779737
,,,,,1495.6033333539963
,,,,,1495.6183334589005
,,,,,1495.6283334493637
,,,,,1495.638333439827
,,,,,1495.6483334302902
,,,,,1495.6583334207535
,,,,,1495.6683334112167
,,,,,1495.67833340168
,,,,,1495.6883333921432
,,,,,1495.6983333826067
,,,,,1495.7083333730698
,,,,,1495.718333363533
,,,,,1495.7283333539963
,,,,,1495.7383333444595
,,,,,1495.7483333349228
,,,,,1495.758333325386
,,,,,1495.7683333158493
,,,,,1495.7783333063126
,,,,,1495.7883332967758
,,,,,1495.7983335256577
,,,,,1495.808333516121
,,,,,1495.8183335065842
,,,,,1495.8283334970474
,,,,,1495.8383334875107
,,,,,1495.8483334779737
,,,,,1495.8583334684372
,,,,,1495.8683334589005
,,,,,1495.8783334493637
,,,,,1495.888333439827
,,,,,1495.8983334302902
,,,,,1495.9083334207535
,,,,,1495.9183334112167
,,,,,1495.92833340168
,,,,,1495.9383333921432
,,,,,1495.9483333826067
,,,,,1495.9583333730698
,,,,,1495.968333363533
,,,,,1495.9783333539963
,,,,,1495.9883333444595
,,,,,1495.9983333349228
,,,,,1496.008333325386
,,,,,1496.0183333158493
,,,,,1496.0283333063126
,,,,,1496.0383332967758
,,,,,1496.0483335256577
,,,,,1496.058333516121
,,,,,1496.0683335065842
,,,,,1496.0783334970474
,,,,,1496.0883334875107
,,,,,1496.0983334779737
,,,,,1496.1083334684372
,,,,,1496.1183334589005
,,,,,1496.1283334493637
,,,,,1496.138333439827
,,,,,1496.1483334302902
,,,,,1496.1583334207535
,,,,,1496.1683334112167
,,,,,1496.17833340168
,,,,,1496.1883333921432
,,,,,1496.1983333826067
,,,,,1496.2083333730698
,,,,,1496.218333363533
,,,,,1496.2283333539963
,,,,,1496.2383333444595
,,,,,1496.2483333349228
,,,,,1496.258333325386
,,,,,1496.2683333158493
,,,,,1496.2783333063126
,,,,,1496.2883332967758
,,,,,1496.2983335256577
,,,,,1496.308333516121
,,,,,1496.3183335065842
,,,,,1496.3283334970474
,,,,,1496.3383334875107
,,,,,1496.3483334779737
,,,,,1496.3583334684372
,,,,,1496.3683334589005
,,,,,1496.3783334493637
,,,,,1496.388333439827
,,,,,1496.3983334302902
,,,,,1496.4083334207535
,,,,,1496.4183334112167
,,,,,1496.42833340168
,,,,,1496.4383333921432
,,,,,1496.4483333826067
,,,,,1496.4583333730698
,,,,,1496.468333363533
,,,,,1496.4783333539963
,,,,,1496.4883333444595
,,,,,1496.4983333349228
,,,,,1496.508333325386
,,,,,1496.5183333158493
,,,,,1496.5283333063126
,,,,,1496.5383332967758
,,,,,1496.5483335256577
,,,,,1496.558333516121
,,,,,1496.5683335065842
,,,,,1496.5783334970474
,,,,,1496.5883334875107
,,,,,1496.5983334779737
,,,,,1496.6033333539963
,,,,,1496.6083334684372
,,,,,1496.6233333349228
,,,,,1496.633333325386
,,,,,1496.6433333158493
,,,,,1496.6533333063126
,,,,,1496.6633332967758
,,,,,1496.6733335256577
,,,,,1496.683333516121
,,,,,1496.6933335065842
,,,,,1496.7033334970474
,,,,,1496.7133334875107
,,,,,1496.7233334779737
,,,,,1496.7333334684372
,,,,,1496.7433334589005
,,,,,1496.7533334493637
,,,,,1496.763333439827
,,,,,1496.7733334302902
,,,,,1496.7833334207535
,,,,,1496.7933334112167
,,,,,1496.80333340168
,,,,,1496.8133333921432
,,,,,1496.8233333826067
,,,,,1496.8333333730698
,,,,,1496.843333363533
,,,,,1496.8533333539963
,,,,,1496.8633333444595
,,,,,1496.8733333349228
,,,,,1496.883333325386
,,,,,1496.8933333158493
,,,,,1496.9033333063126
,,,,,1496.9133332967758
,,,,,1496.9233335256577
,,,,,1496.933333516121
,,,,,1496.9433335065842
,,,,,1496.9533334970474
,,,,,1496.9633334875107
,,,,,1496.9733334779737
,,,,,1496.9833334684372
,,,,,1496.9933334589005
,,,,,1497.0033334493637
,,,,,1497.013333439827
,,,,,1497.0233334302902
,,,,,1497.0333334207535
,,,,,1497.0433334112167
,,,,,1497.05333340168
,,,,,1497.0633333921432
,,,,,1497.0733333826067
,,,,,1497.0833333730698
,,,,,1497.093333363533
,,,,,1497.1033333539963
,,,,,1497.1133333444595
,,,,,1497.1233333349228
,,,,,1497.133333325386
,,,,,1497.1433333158493
,,,,,1497.1533333063126
,,,,,1497.1633332967758
,,,,,1497.1733335256577
,,,,,1497.183333516121
,,,,,1497.1933335065842
,,,,,1497.2033334970474
,,,,,1497.2133334875107
,,,,,1497.2233334779737
,,,,,1497.2333334684372
,,,,,1497.2433334589005
,,,,,1497.2533334493637
,,,,,1497.263333439827
,,,,,1497.2733334302902
,,,,,1497.2833334207535
,,,,,1497.2933334112167
,,,,,1497.30333340168
,,,,,1497.3133333921432
,,,,,1497.3233333826067
,,,,,1497.3333333730698
,,,,,1497.343333363533
,,,,,1497.3533333539963
,,,,,1497.3633333444595
,,,,,1497.3733333349228
,,,,,1497.383333325386
,,,,,1497.3933333158493
,,,,,1497.4033333063126
,,,,,1497.4133332967758
,,,,,1497.4233335256577
,,,,,1497.433333516121
,,,,,1497.4433335065842
,,,,,1497.4533334970474
,,,,,1497.4633334875107
,,,,,1497.4733334779737
,,,,,1497.4833334684372
,,,,,1497.4933334589005
,,,,,1497.5033334493637
,,,,,1497.513333439827
,,,,,1497.5233334302902
,,,,,1497.5333334207535
,,,,,1497.5433334112167
,,,,,1497.55333340168
,,,,,1497.5633333921432
,,,,,1497.5733333826067
,,,,,1497.5833333730698
,,,,,1497.593333363533
,,,,,1497.6033333539963
,,,,,1497.6083334684372
,,,,,1497.6133333444595
,,,,,1497.6283334493637
,,,,,1497.638333439827
,,,,,1497.6483334302902
,,,,,1497.6583334207535
,,,,,1497.6683334112167
,,,,,1497.67833340168
,,,,,1497.6883333921432
,,,,,1497.6983333826067
,,,,,1497.7083333730698
,,,,,1497.718333363533
,,,,,1497.7283333539963
,,,,,1497.7383333444595
,,,,,1497.7483333349228
,,,,,1497.758333325386
,,,,,1497.7683333158493
,,,,,1497.7783333063126
,,,,,1497.7883332967758
,,,,,1497.7983335256577
,,,,,1497.808333516121
,,,,,1497.8183335065842
,,,,,1497.8283334970474
,,,,,1497.8383334875107
,,,,,1497.8483334779737
,,,,,1497.8583334684372
,,,,,1497.8683334589005
,,,,,1497.8783334493637
,,,,,1497.888333439827
,,,,,1497.8983334302902
,,,,,1497.9083334207535
,,,,,1497.9183334112167
,,,,,1497.92833340168
,,,,,1497.9383333921432
,,,,,1497.9483333826067
,,,,,1497.9583333730698
,,,,,1497.968333363533
,,,,,1497.9783333539963
,,,,,1497.9883333444595
,,,,,1497.9983333349228
,,,,,1498.008333325386
,,,,,1498.0183333158493
,,,,,1498.0283333063126
,,,,,1498.0383332967758
,,,,,1498.0483335256577
,,,,,1498.058333516121
,,,,,1498.0683335065842
,,,,,1498.0783334970474
,,,,,1498.0883334875107
,,,,,1498.0983334779737
,,,,,1498.1083334684372
,,,,,1498.1183334589005
,,,,,1498.1283334493637
,,,,,1498.138333439827
,,,,,1498.1483334302902
,,,,,1498.1583334207535
,,,,,1498.1683334112167
,,,,,1498.17833340168
,,,,,1498.1883333921432
,,,,,1498.1983333826067
,,,,,1498.2083333730698
,,,,,1498.218333363533
,,,,,1498.2283333539963
,,,,,1498.2383333444595
,,,,,1498.2483333349228
,,,,,1498.258333325386
,,,,,1498.2683333158493
,,,,,1498.2783333063126
,,,,,1498.2883332967758
,,,,,1498.2983335256577
,,,,,1498.308333516121
,,,,,1498.3183335065842
,,,,,1498.3283334970474
,,,,,1498.3383334875107
,,,,,1498.3483334779737
,,,,,1498.3583334684372
,,,,,1498.3683334589005
,,,,,1498.3783334493637
,,,,,1498.388333439827
,,,,,1498.3983334302902
,,,,,1498.4083334207535
,,,,,1498.4183334112167
,,,,,1498.42833340168
,,,,,1498.4383333921432
,,,,,1498.4483333826067
,,,,,1498.4583333730698
,,,,,1498.468333363533
,,,,,1498.4783333539963
,,,,,1498.4883333444595
,,,,,1498.4983333349228
,,,,,1498.508333325386
,,,,,1498.5183333158493
,,,,,1498.5283333063126
,,,,,1498.5383332967758
,,,,,1498.5483335256577
,,,,,1498.558333516121
,,,,,1498.5683335065842
,,,,,1498.5783334970474
,,,,,1498.5883334875107
,,,,,1498.5983334779737
,,,,,1498.6083334684372
,,,,,1498.6133333444595
,,,,,1498.6183334589005
,,,,,1498.633333325386
,,,,,1498.6433333158493
,,,,,1498.6533333063126
,,,,,1498.6633332967758
,,,,,1498.6733335256577
,,,,,1498.683333516121
,,,,,1498.6933335065842
,,,,,1498.7033334970474
,,,,,1498.7133334875107
,,,,,1498.7233334779737
,,,,,1498.7333334684372
,,,,,1498.7433334589005
,,,,,1498.7533334493637
,,,,,1498.763333439827
,,,,,1498.7733334302902
,,,,,1498.7833334207535
,,,,,1498.7933334112167
,,,,,1498.80333340168
,,,,,1498.8133333921432
,,,,,1498.8233333826067
,,,,,1498.8333333730698
,,,,,1498.843333363533
,,,,,1498.8533333539963
,,,,,1498.8633333444595
,,,,,1498.8733333349228
,,,,,1498.883333325386
,,,,,1498.8933333158493
,,,,,1498.9033333063126
,,,,,1498.9133332967758
,,,,,1498.9233335256577
,,,,,1498.933333516121
,,,,,1498.9433335065842
,,,,,1498.9533334970474
,,,,,1498.9633334875107
,,,,,1498.9733334779737
,,,,,1498.9833334684372
,,,,,1498.9933334589005
,,,,,1499.0033334493637
,,,,,1499.013333439827
,,,,,1499.0233334302902
,,,,,1499.0333334207535
,,,,,1499.0433334112167
,,,,,1499.05333340168
,,,,,1499.0633333921432
,,,,,1499.0733333826067
,,,,,1499.0833333730698
,,,,,1499.093333363533
,,,,,1499.1033333539963
,,,,,1499.1133333444595
,,,,,1499.1233333349228
,,,,,1499.133333325386
,,,,,1499.1433333158493
,,,,,1499.1533333063126
,,,,,1499.1633332967758
,,,,,1499.1733335256577
,,,,,1499.183333516121
,,,,,1499.1933335065842
,,,,,1499.2033334970474
,,,,,1499.2133334875107
,,,,,1499.2233334779737
,,,,,1499.2333334684372
,,,,,1499.2433334589005
,,,,,1499.2533334493637
,,,,,1499.263333439827
,,,,,1499.2733334302902
,,,,,1499.2833334207535
,,,,,1499.2933334112167
,,,,,1499.30333340168
,,,,,1499.3133333921432
,,,,,1499.3233333826067
,,,,,1499.3333333730698
,,,,,1499.343333363533
,,,,,1499.3533333539963
,,,,,1499.3633333444595
,,,,,1499.3733333349228
,,,,,1499.383333325386
,,,,,1499.3933333158493
,,,,,1499.4033333063126
,,,,,1499.4133332967758
,,,,,1499.4233335256577
,,,,,1499.433333516121
,,,,,1499.4433335065842
,,,,,1499.4533334970474
,,,,,1499.4633334875107
,,,,,1499.4733334779737
,,,,,1499.4833334684372
,,,,,1499.4933334589005
,,,,,1499.5033334493637
,,,,,1499.513333439827
,,,,,1499.5233334302902
,,,,,1499.5333334207535
,,,,,1499.5433334112167
,,,,,1499.55333340168
,,,,,1499.5633333921432
,,,,,1499.5733333826067
,,,,,1499.5833333730698
,,,,,1499.593333363533
,,,,,1499.6033333539963
,,,,,1499.6133333444595
,,,,,1499.6183334589005
,,,,,1499.6233333349228
,,,,,1499.6433333158493
,,,,,1499.6533333063126
,,,,,1499.6633332967758
,,,,,1499.6733335256577
,,,,,1499.683333516121
,,,,,1499.6933335065842
,,,,,1499.7033334970474
,,,,,1499.7133334875107
,,,,,1499.7233334779737
,,,,,1499.7333334684372
,,,,,1499.7433334589005
,,,,,1499.7533334493637
,,,,,1499.763333439827
,,,,,1499.7733334302902
,,,,,1499.7833334207535
,,,,,1499.7933334112167
,,,,,1499.80333340168
,,,,,1499.8133333921432
,,,,,1499.8233333826067
,,,,,1499.8333333730698
,,,,,1499.843333363533
,,,,,1499.8533333539963
,,,,,1499.8633333444595
,,,,,1499.8733333349228
,,,,,1499.883333325386
,,,,,1499.8933333158493
,,,,,1499.9033333063126
,,,,,1499.9133332967758
,,,,,1499.9233335256577
,,,,,1499.933333516121
,,,,,1499.9433335065842
,,,,,1499.9533334970474
,,,,,1499.9633334875107
,,,,,1499.9733334779737
,,,,,1499.9833334684372
,,,,,1499.9933334589005
