t,q1,q2,q3,q4,time_from_sync
,,,,,2530.008333325386
,,,,,2530.0183333158493
,,,,,2530.0283333063126
,,,,,2530.038333296776
,,,,,2530.0483335256577
,,,,,2530.058333516121
,,,,,2530.068333506584
,,,,,2530.0783334970474
,,,,,2530.0883334875107
,,,,,2530.0983334779744
,,,,,2530.108333468437
,,,,,2530.1183334589005
,,,,,2530.1283334493633
,,,,,2530.138333439827
,,,,,2530.14833343029
,,,,,2530.158333420754
,,,,,2530.1683334112167
,,,,,2530.17833340168
,,,,,2530.1883333921432
,,,,,2530.1983333826065
,,,,,2530.2083333730698
,,,,,2530.218333363533
,,,,,2530.2283333539963
,,,,,2530.2383333444595
,,,,,2530.2483333349232
,,,,,2530.258333325386
,,,,,2530.2683333158493
,,,,,2530.2783333063126
,,,,,2530.288333296776
,,,,,2530.2983335256577
,,,,,2530.308333516121
,,,,,2530.318333506584
,,,,,2530.3283334970474
,,,,,2530.3383334875107
,,,,,2530.3483334779744
,,,,,2530.358333468437
,,,,,2530.3683334589005
,,,,,2530.3783334493633
,,,,,2530.388333439827
,,,,,2530.39833343029
,,,,,2530.408333420754
,,,,,2530.4183334112167
,,,,,2530.42833340168
,,,,,2530.4383333921432
,,,,,2530.4483333826065
,,,,,2530.4583333730698
,,,,,2530.468333363533
,,,,,2530.4783333539963
,,,,,2530.4883333444595
,,,,,2530.4983333349232
,,,,,2530.508333325386
,,,,,2530.5183333158493
,,,,,2530.5283333063126
,,,,,2530.538333296776
,,,,,2530.5483335256577
,,,,,2530.558333516121
,,,,,2530.568333506584
,,,,,2530.5733333826065
,,,,,2530.5783334970474
,,,,,2530.5983334779744
,,,,,2530.608333468437
,,,,,2530.6183334589005
,,,,,2530.6283334493633
,,,,,2530.638333439827
,,,,,2530.64833343029
,,,,,2530.658333420754
,,,,,2530.6683334112167
,,,,,2530.67833340168
,,,,,2530.6883333921432
,,,,,2530.6983333826065
,,,,,2530.7083333730698
,,,,,2530.718333363533
,,,,,2530.7283333539963
,,,,,2530.7383333444595
,,,,,2530.7483333349232
,,,,,2530.758333325386
,,,,,2530.7683333158493
,,,,,2530.7783333063126
,,,,,2530.788333296776
,,,,,2530.7983335256577
,,,,,2530.808333516121
,,,,,2530.818333506584
,,,,,2530.8283334970474
,,,,,2530.8383334875107
,,,,,2530.8483334779744
,,,,,2530.858333468437
,,,,,2530.8683334589005
,,,,,2530.8783334493633
,,,,,2530.888333439827
,,,,,2530.89833343029
,,,,,2530.908333420754
,,,,,2530.9183334112167
,,,,,2530.92833340168
,,,,,2530.9383333921432
,,,,,2530.9483333826065
,,,,,2530.9583333730698
,,,,,2530.968333363533
,,,,,2530.9783333539963
,,,,,2530.9883333444595
,,,,,2530.9983333349232
,,,,,2531.008333325386
,,,,,2531.0183333158493
,,,,,2531.0283333063126
,,,,,2531.038333296776
,,,,,2531.0483335256577
,,,,,2531.058333516121
,,,,,2531.068333506584
,,,,,2531.0783334970474
,,,,,2531.0883334875107
,,,,,2531.0983334779744
,,,,,2531.108333468437
,,,,,2531.1183334589005
,,,,,2531.1283334493633
,,,,,2531.138333439827
,,,,,2531.14833343029
,,,,,2531.158333420754
,,,,,2531.1683334112167
,,,,,2531.17833340168
,,,,,2531.1883333921432
,,,,,2531.1983333826065
,,,,,2531.2083333730698
,,,,,2531.218333363533
,,,,,2531.2283333539963
,,,,,2531.2383333444595
,,,,,2531.2483333349232
,,,,,2531.258333325386
,,,,,2531.2683333158493
,,,,,2531.2783333063126
,,,,,2531.288333296776
,,,,,2531.2983335256577
,,,,,2531.308333516121
,,,,,2531.318333506584
,,,,,2531.3283334970474
,,,,,2531.3383334875107
,,,,,2531.3483334779744
,,,,,2531.358333468437
,,,,,2531.3683334589005
,,,,,2531.3783334493633
,,,,,2531.388333439827
,,,,,2531.39833343029
,,,,,2531.408333420754
,,,,,2531.4183334112167
,,,,,2531.42833340168
,,,,,2531.4383333921432
,,,,,2531.4483333826065
,,,,,2531.4583333730698
,,,,,2531.468333363533
,,,,,2531.4783333539963
,,,,,2531.4883333444595
,,,,,2531.4983333349232
,,,,,2531.508333325386
,,,,,2531.5183333158493
,,,,,2531.5283333063126
,,,,,2531.538333296776
,,,,,2531.5483335256577
,,,,,2531.558333516121
,,,,,2531.568333506584
,,,,,2531.5733333826065
,,,,,2531.5783334970474
,,,,,2531.593333363533
,,,,,2531.6033333539963
,,,,,2531.6133333444595
,,,,,2531.6233333349232
,,,,,2531.633333325386
,,,,,2531.6433333158493
,,,,,2531.6533333063126
,,,,,2531.663333296776
,,,,,2531.6733335256577
,,,,,2531.683333516121
,,,,,2531.693333506584
,,,,,2531.7033334970474
,,,,,2531.7133334875107
,,,,,2531.7233334779744
,,,,,2531.733333468437
,,,,,2531.7433334589005
,,,,,2531.7533334493633
,,,,,2531.763333439827
,,,,,2531.77333343029
,,,,,2531.783333420754
,,,,,2531.7933334112167
,,,,,2531.80333340168
,,,,,2531.8133333921432
,,,,,2531.8233333826065
,,,,,2531.8333333730698
,,,,,2531.843333363533
,,,,,2531.8533333539963
,,,,,2531.8633333444595
,,,,,2531.8733333349232
,,,,,2531.883333325386
,,,,,2531.8933333158493
,,,,,2531.9033333063126
,,,,,2531.913333296776
,,,,,2531.9233335256577
,,,,,2531.933333516121
,,,,,2531.943333506584
,,,,,2531.9533334970474
,,,,,2531.9633334875107
,,,,,2531.9733334779744
,,,,,2531.983333468437
,,,,,2531.9933334589005
,,,,,2532.0033334493633
,,,,,2532.013333439827
,,,,,2532.02333343029
,,,,,2532.033333420754
,,,,,2532.0433334112167
,,,,,2532.05333340168
,,,,,2532.0633333921432
,,,,,2532.0733333826065
,,,,,2532.0833333730698
,,,,,2532.093333363533
,,,,,2532.1033333539963
,,,,,2532.1133333444595
,,,,,2532.1233333349232
,,,,,2532.133333325386
,,,,,2532.1433333158493
,,,,,2532.1533333063126
,,,,,2532.163333296776
,,,,,2532.1733335256577
,,,,,2532.183333516121
,,,,,2532.193333506584
,,,,,2532.2033334970474
,,,,,2532.2133334875107
,,,,,2532.2233334779744
,,,,,2532.233333468437
,,,,,2532.2433334589005
,,,,,2532.2533334493633
,,,,,2532.263333439827
,,,,,2532.27333343029
,,,,,2532.283333420754
,,,,,2532.2933334112167
,,,,,2532.30333340168
,,,,,2532.3133333921432
,,,,,2532.3233333826065
,,,,,2532.3333333730698
,,,,,2532.343333363533
,,,,,2532.3533333539963
,,,,,2532.3633333444595
,,,,,2532.3733333349232
,,,,,2532.383333325386
,,,,,2532.3933333158493
,,,,,2532.4033333063126
,,,,,2532.413333296776
,,,,,2532.4233335256577
,,,,,2532.433333516121
,,,,,2532.443333506584
,,,,,2532.4533334970474
,,,,,2532.4633334875107
,,,,,2532.4733334779744
,,,,,2532.483333468437
,,,,,2532.4933334589005
,,,,,2532.5033334493633
,,,,,2532.513333439827
,,,,,2532.52333343029
,,,,,2532.533333420754
,,,,,2532.5433334112167
,,,,,2532.55333340168
,,,,,2532.5633333921432
,,,,,2532.5733333826065
,,,,,2532.5783334970474
,,,,,2532.5833333730698
,,,,,2532.5983334779744
,,,,,2532.6183334589005
,,,,,2532.6283334493633
,,,,,2532.638333439827
,,,,,2532.64833343029
,,,,,2532.658333420754
,,,,,2532.6683334112167
,,,,,2532.67833340168
,,,,,2532.6883333921432
,,,,,2532.6983333826065
,,,,,2532.7083333730698
,,,,,2532.718333363533
,,,,,2532.7283333539963
,,,,,2532.7383333444595
,,,,,2532.7483333349232
,,,,,2532.758333325386
,,,,,2532.7683333158493
,,,,,2532.7783333063126
,,,,,2532.788333296776
,,,,,2532.7983335256577
,,,,,2532.808333516121
,,,,,2532.818333506584
,,,,,2532.8283334970474
,,,,,2532.8383334875107
,,,,,2532.8483334779744
,,,,,2532.858333468437
,,,,,2532.8683334589005
,,,,,2532.8783334493633
,,,,,2532.888333439827
,,,,,2532.89833343029
,,,,,2532.908333420754
,,,,,2532.9183334112167
,,,,,2532.92833340168
,,,,,2532.9383333921432
,,,,,2532.9483333826065
,,,,,2532.9583333730698
,,,,,2532.968333363533
,,,,,2532.9783333539963
,,,,,2532.9883333444595
,,,,,2532.9983333349232
,,,,,2533.008333325386
,,,,,2533.0183333158493
,,,,,2533.0283333063126
,,,,,2533.038333296776
,,,,,2533.0483335256577
,,,,,2533.058333516121
,,,,,2533.068333506584
,,,,,2533.0783334970474
,,,,,2533.0883334875107
,,,,,2533.0983334779744
,,,,,2533.108333468437
,,,,,2533.1183334589005
,,,,,2533.1283334493633
,,,,,2533.138333439827
,,,,,2533.14833343029
,,,,,2533.158333420754
,,,,,2533.1683334112167
,,,,,2533.17833340168
,,,,,2533.1883333921432
,,,,,2533.1983333826065
,,,,,2533.2083333730698
,,,,,2533.218333363533
,,,,,2533.2283333539963
,,,,,2533.2383333444595
,,,,,2533.2483333349232
,,,,,2533.258333325386
,,,,,2533.2683333158493
,,,,,2533.2783333063126
,,,,,2533.288333296776
,,,,,2533.2983335256577
,,,,,2533.308333516121
,,,,,2533.318333506584
,,,,,2533.3283334970474
,,,,,2533.3383334875107
,,,,,2533.3483334779744
,,,,,2533.358333468437
,,,,,2533.3683334589005
,,,,,2533.3783334493633
,,,,,2533.388333439827
,,,,,2533.39833343029
,,,,,2533.408333420754
,,,,,2533.4183334112167
,,,,,2533.42833340168
,,,,,2533.4383333921432
,,,,,2533.4483333826065
,,,,,2533.4583333730698
,,,,,2533.468333363533
,,,,,2533.4783333539963
,,,,,2533.4883333444595
,,,,,2533.4983333349232
,,,,,2533.508333325386
,,,,,2533.5183333158493
,,,,,2533.5283333063126
,,,,,2533.538333296776
,,,,,2533.5483335256577
,,,,,2533.558333516121
,,,,,2533.568333506584
,,,,,2533.5783334970474
,,,,,2533.5833333730698
,,,,,2533.5883334875107
,,,,,2533.6033333539963
,,,,,2533.6133333444595
,,,,,2533.6233333349232
,,,,,2533.633333325386
,,,,,2533.6433333158493
,,,,,2533.6533333063126
,,,,,2533.663333296776
,,,,,2533.6733335256577
,,,,,2533.683333516121
,,,,,2533.693333506584
,,,,,2533.7033334970474
,,,,,2533.7133334875107
,,,,,2533.7233334779744
,,,,,2533.733333468437
,,,,,2533.7433334589005
,,,,,2533.7533334493633
,,,,,2533.763333439827
,,,,,2533.77333343029
,,,,,2533.783333420754
,,,,,2533.7933334112167
,,,,,2533.80333340168
,,,,,2533.8133333921432
,,,,,2533.8233333826065
,,,,,2533.8333333730698
,,,,,2533.843333363533
,,,,,2533.8533333539963
,,,,,2533.8633333444595
,,,,,2533.8733333349232
,,,,,2533.883333325386
,,,,,2533.8933333158493
,,,,,2533.9033333063126
,,,,,2533.913333296776
,,,,,2533.9233335256577
,,,,,2533.933333516121
,,,,,2533.943333506584
,,,,,2533.9533334970474
,,,,,2533.9633334875107
,,,,,2533.9733334779744
,,,,,2533.983333468437
,,,,,2533.9933334589005
,,,,,2534.0033334493633
,,,,,2534.013333439827
,,,,,2534.02333343029
,,,,,2534.033333420754
,,,,,2534.0433334112167
,,,,,2534.05333340168
,,,,,2534.0633333921432
,,,,,2534.0733333826065
,,,,,2534.0833333730698
,,,,,2534.093333363533
,,,,,2534.1033333539963
,,,,,2534.1133333444595
,,,,,2534.1233333349232
,,,,,2534.133333325386
,,,,,2534.1433333158493
,,,,,2534.1533333063126
,,,,,2534.163333296776
,,,,,2534.1733335256577
,,,,,2534.183333516121
,,,,,2534.193333506584
,,,,,2534.2033334970474
,,,,,2534.2133334875107
,,,,,2534.2233334779744
,,,,,2534.233333468437
,,,,,2534.2433334589005
,,,,,2534.2533334493633
,,,,,2534.263333439827
,,,,,2534.27333343029
,,,,,2534.283333420754
,,,,,2534.2933334112167
,,,,,2534.30333340168
,,,,,2534.3133333921432
,,,,,2534.3233333826065
,,,,,2534.3333333730698
,,,,,2534.343333363533
,,,,,2534.3533333539963
,,,,,2534.3633333444595
,,,,,2534.3733333349232
,,,,,2534.383333325386
,,,,,2534.3933333158493
,,,,,2534.4033333063126
,,,,,2534.413333296776
,,,,,2534.4233335256577
,,,,,2534.433333516121
,,,,,2534.443333506584
,,,,,2534.4533334970474
,,,,,2534.4633334875107
,,,,,2534.4733334779744
,,,,,2534.483333468437
,,,,,2534.4933334589005
,,,,,2534.5033334493633
,,,,,2534.513333439827
,,,,,2534.52333343029
,,,,,2534.533333420754
,,,,,2534.5433334112167
,,,,,2534.55333340168
,,,,,2534.5633333921432
,,,,,2534.5733333826065
,,,,,2534.5833333730698
,,,,,2534.5883334875107
,,,,,2534.593333363533
,,,,,2534.608333468437
,,,,,2534.6183334589005
,,,,,2534.6283334493633
,,,,,2534.638333439827
,,,,,2534.64833343029
,,,,,2534.658333420754
,,,,,2534.6683334112167
,,,,,2534.67833340168
,,,,,2534.6883333921432
,,,,,2534.6983333826065
,,,,,2534.7083333730698
,,,,,2534.718333363533
,,,,,2534.7283333539963
,,,,,2534.7383333444595
,,,,,2534.7483333349232
,,,,,2534.758333325386
,,,,,2534.7683333158493
,,,,,2534.7783333063126
,,,,,2534.788333296776
,,,,,2534.7983335256577
,,,,,2534.808333516121
,,,,,2534.818333506584
,,,,,2534.8283334970474
,,,,,2534.8383334875107
,,,,,2534.8483334779744
,,,,,2534.858333468437
,,,,,2534.8683334589005
,,,,,2534.8783334493633
,,,,,2534.888333439827
,,,,,2534.89833343029
,,,,,2534.908333420754
,,,,,2534.9183334112167
,,,,,2534.92833340168
,,,,,2534.9383333921432
,,,,,2534.9483333826065
,,,,,2534.9583333730698
,,,,,2534.968333363533
,,,,,2534.9783333539963
,,,,,2534.9883333444595
,,,,,2534.9983333349232
,,,,,2535.008333325386
,,,,,2535.0183333158493
,,,,,2535.0283333063126
,,,,,2535.038333296776
,,,,,2535.0483335256577
,,,,,2535.058333516121
,,,,,2535.068333506584
,,,,,2535.0783334970474
,,,,,2535.0883334875107
,,,,,2535.0983334779744
,,,,,2535.108333468437
,,,,,2535.1183334589005
,,,,,2535.1283334493633
,,,,,2535.138333439827
,,,,,2535.14833343029
,,,,,2535.158333420754
,,,,,2535.1683334112167
,,,,,2535.17833340168
,,,,,2535.1883333921432
,,,,,2535.1983333826065
,,,,,2535.2083333730698
,,,,,2535.218333363533
,,,,,2535.2283333539963
,,,,,2535.2383333444595
,,,,,2535.2483333349232
,,,,,2535.258333325386
,,,,,2535.2683333158493
,,,,,2535.2783333063126
,,,,,2535.288333296776
,,,,,2535.2983335256577
,,,,,2535.308333516121
,,,,,2535.318333506584
,,,,,2535.3283334970474
,,,,,2535.3383334875107
,,,,,2535.3483334779744
,,,,,2535.358333468437
,,,,,2535.3683334589005
,,,,,2535.3783334493633
,,,,,2535.388333439827
,,,,,2535.39833343029
,,,,,2535.408333420754
,,,,,2535.4183334112167
,,,,,2535.42833340168
,,,,,2535.4383333921432
,,,,,2535.4483333826065
,,,,,2535.4583333730698
,,,,,2535.468333363533
,,,,,2535.4783333539963
,,,,,2535.4883333444595
,,,,,2535.4983333349232
,,,,,2535.508333325386
,,,,,2535.5183333158493
,,,,,2535.5283333063126
,,,,,2535.538333296776
,,,,,2535.5483335256577
,,,,,2535.558333516121
,,,,,2535.568333506584
,,,,,2535.5783334970474
,,,,,2535.5883334875107
,,,,,2535.593333363533
,,,,,2535.5983334779744
,,,,,2535.6133333444595
,,,,,2535.6233333349232
,,,,,2535.633333325386
,,,,,2535.6433333158493
,,,,,2535.6533333063126
,,,,,2535.663333296776
,,,,,2535.6733335256577
,,,,,2535.683333516121
,,,,,2535.693333506584
,,,,,2535.7033334970474
,,,,,2535.7133334875107
,,,,,2535.7233334779744
,,,,,2535.733333468437
,,,,,2535.7433334589005
,,,,,2535.7533334493633
,,,,,2535.763333439827
,,,,,2535.77333343029
,,,,,2535.783333420754
,,,,,2535.7933334112167
,,,,,2535.80333340168
,,,,,2535.8133333921432
,,,,,2535.8233333826065
,,,,,2535.8333333730698
,,,,,2535.843333363533
,,,,,2535.8533333539963
,,,,,2535.8633333444595
,,,,,2535.8733333349232
,,,,,2535.883333325386
,,,,,2535.8933333158493
,,,,,2535.9033333063126
,,,,,2535.913333296776
,,,,,2535.9233335256577
,,,,,2535.933333516121
,,,,,2535.943333506584
,,,,,2535.9533334970474
,,,,,2535.9633334875107
,,,,,2535.9733334779744
,,,,,2535.983333468437
,,,,,2535.9933334589005
,,,,,2536.0033334493633
,,,,,2536.013333439827
,,,,,2536.02333343029
,,,,,2536.033333420754
,,,,,2536.0433334112167
,,,,,2536.05333340168
,,,,,2536.0633333921432
,,,,,2536.0733333826065
,,,,,2536.0833333730698
,,,,,2536.093333363533
,,,,,2536.1033333539963
,,,,,2536.1133333444595
,,,,,2536.1233333349232
,,,,,2536.133333325386
,,,,,2536.1433333158493
,,,,,2536.1533333063126
,,,,,2536.163333296776
,,,,,2536.1733335256577
,,,,,2536.183333516121
,,,,,2536.193333506584
,,,,,2536.2033334970474
,,,,,2536.2133334875107
,,,,,2536.2233334779744
,,,,,2536.233333468437
,,,,,2536.2433334589005
,,,,,2536.2533334493633
,,,,,2536.263333439827
,,,,,2536.27333343029
,,,,,2536.283333420754
,,,,,2536.2933334112167
,,,,,2536.30333340168
,,,,,2536.3133333921432
,,,,,2536.3233333826065
,,,,,2536.3333333730698
,,,,,2536.343333363533
,,,,,2536.3533333539963
,,,,,2536.3633333444595
,,,,,2536.3733333349232
,,,,,2536.383333325386
,,,,,2536.3933333158493
,,,,,2536.4033333063126
,,,,,2536.413333296776
,,,,,2536.4233335256577
,,,,,2536.433333516121
,,,,,2536.443333506584
,,,,,2536.4533334970474
,,,,,2536.4633334875107
,,,,,2536.4733334779744
,,,,,2536.483333468437
,,,,,2536.4933334589005
,,,,,2536.5033334493633
,,,,,2536.513333439827
,,,,,2536.52333343029
,,,,,2536.533333420754
,,,,,2536.5433334112167
,,,,,2536.55333340168
,,,,,2536.5633333921432
,,,,,2536.5733333826065
,,,,,2536.5833333730698
,,,,,2536.593333363533
,,,,,2536.5983334779744
,,,,,2536.6033333539963
,,,,,2536.6183334589005
,,,,,2536.638333439827
,,,,,2536.64833343029
,,,,,2536.658333420754
,,,,,2536.6683334112167
,,,,,2536.67833340168
,,,,,2536.6883333921432
,,,,,2536.6983333826065
,,,,,2536.7083333730698
,,,,,2536.718333363533
,,,,,2536.7283333539963
,,,,,2536.7383333444595
,,,,,2536.7483333349232
,,,,,2536.758333325386
,,,,,2536.7683333158493
,,,,,2536.7783333063126
,,,,,2536.788333296776
,,,,,2536.7983335256577
,,,,,2536.808333516121
,,,,,2536.818333506584
,,,,,2536.8283334970474
,,,,,2536.8383334875107
,,,,,2536.8483334779744
,,,,,2536.858333468437
,,,,,2536.8683334589005
,,,,,2536.8783334493633
,,,,,2536.888333439827
,,,,,2536.89833343029
,,,,,2536.908333420754
,,,,,2536.9183334112167
,,,,,2536.92833340168
,,,,,2536.9383333921432
,,,,,2536.9483333826065
,,,,,2536.9583333730698
,,,,,2536.968333363533
,,,,,2536.9783333539963
,,,,,2536.9883333444595
,,,,,2536.9983333349232
,,,,,2537.008333325386
,,,,,2537.0183333158493
,,,,,2537.0283333063126
,,,,,2537.038333296776
,,,,,2537.0483335256577
,,,,,2537.058333516121
,,,,,2537.068333506584
,,,,,2537.0783334970474
,,,,,2537.0883334875107
,,,,,2537.0983334779744
,,,,,2537.108333468437
,,,,,2537.1183334589005
,,,,,2537.1283334493633
,,,,,2537.138333439827
,,,,,2537.14833343029
,,,,,2537.158333420754
,,,,,2537.1683334112167
,,,,,2537.17833340168
,,,,,2537.1883333921432
,,,,,2537.1983333826065
,,,,,2537.2083333730698
,,,,,2537.218333363533
,,,,,2537.2283333539963
,,,,,2537.2383333444595
,,,,,2537.2483333349232
,,,,,2537.258333325386
,,,,,2537.2683333158493
,,,,,2537.2783333063126
,,,,,2537.288333296776
,,,,,2537.2983335256577
,,,,,2537.308333516121
,,,,,2537.318333506584
,,,,,2537.3283334970474
,,,,,2537.3383334875107
,,,,,2537.3483334779744
,,,,,2537.358333468437
,,,,,2537.3683334589005
,,,,,2537.3783334493633
,,,,,2537.388333439827
,,,,,2537.39833343029
,,,,,2537.408333420754
,,,,,2537.4183334112167
,,,,,2537.42833340168
,,,,,2537.4383333921432
,,,,,2537.4483333826065
,,,,,2537.4583333730698
,,,,,2537.468333363533
,,,,,2537.4783333539963
,,,,,2537.4883333444595
,,,,,2537.4983333349232
,,,,,2537.508333325386
,,,,,2537.5183333158493
,,,,,2537.5283333063126
,,,,,2537.538333296776
,,,,,2537.5483335256577
,,,,,2537.558333516121
,,,,,2537.568333506584
,,,,,2537.5783334970474
,,,,,2537.5883334875107
,,,,,2537.5983334779744
,,,,,2537.6033333539963
,,,,,2537.608333468437
,,,,,2537.6283334493633
,,,,,2537.638333439827
,,,,,2537.64833343029
,,,,,2537.658333420754
,,,,,2537.6683334112167
,,,,,2537.67833340168
,,,,,2537.6883333921432
,,,,,2537.6983333826065
,,,,,2537.7083333730698
,,,,,2537.718333363533
,,,,,2537.7283333539963
,,,,,2537.7383333444595
,,,,,2537.7483333349232
,,,,,2537.758333325386
,,,,,2537.7683333158493
,,,,,2537.7783333063126
,,,,,2537.788333296776
,,,,,2537.7983335256577
,,,,,2537.808333516121
,,,,,2537.818333506584
,,,,,2537.8283334970474
,,,,,2537.8383334875107
,,,,,2537.8483334779744
,,,,,2537.858333468437
,,,,,2537.8683334589005
,,,,,2537.8783334493633
,,,,,2537.888333439827
,,,,,2537.89833343029
,,,,,2537.908333420754
,,,,,2537.9183334112167
,,,,,2537.92833340168
,,,,,2537.9383333921432
,,,,,2537.9483333826065
,,,,,2537.9583333730698
,,,,,2537.968333363533
,,,,,2537.9783333539963
,,,,,2537.9883333444595
,,,,,2537.9983333349232
,,,,,2538.008333325386
,,,,,2538.0183333158493
,,,,,2538.0283333063126
,,,,,2538.038333296776
,,,,,2538.0483335256577
,,,,,2538.058333516121
,,,,,2538.068333506584
,,,,,2538.0783334970474
,,,,,2538.0883334875107
,,,,,2538.0983334779744
,,,,,2538.108333468437
,,,,,2538.1183334589005
,,,,,2538.1283334493633
,,,,,2538.138333439827
,,,,,2538.14833343029
,,,,,2538.158333420754
,,,,,2538.1683334112167
,,,,,2538.17833340168
,,,,,2538.1883333921432
,,,,,2538.1983333826065
,,,,,2538.2083333730698
,,,,,2538.218333363533
,,,,,2538.2283333539963
,,,,,2538.2383333444595
,,,,,2538.2483333349232
,,,,,2538.258333325386
,,,,,2538.2683333158493
,,,,,2538.2783333063126
,,,,,2538.288333296776
,,,,,2538.2983335256577
,,,,,2538.308333516121
,,,,,2538.318333506584
,,,,,2538.3283334970474
,,,,,2538.3383334875107
,,,,,2538.3483334779744
,,,,,2538.358333468437
,,,,,2538.3683334589005
,,,,,2538.3783334493633
,,,,,2538.388333439827
,,,,,2538.39833343029
,,,,,2538.408333420754
,,,,,2538.4183334112167
,,,,,2538.42833340168
,,,,,2538.4383333921432
,,,,,2538.4483333826065
,,,,,2538.4583333730698
,,,,,2538.468333363533
,,,,,2538.4783333539963
,,,,,2538.4883333444595
,,,,,2538.4983333349232
,,,,,2538.508333325386
,,,,,2538.5183333158493
,,,,,2538.5283333063126
,,,,,2538.538333296776
,,,,,2538.5483335256577
,,,,,2538.558333516121
,,,,,2538.568333506584
,,,,,2538.5783334970474
,,,,,2538.5883334875107
,,,,,2538.5983334779744
,,,,,2538.6033333539963
,,,,,2538.608333468437
,,,,,2538.6283334493633
,,,,,2538.638333439827
,,,,,2538.64833343029
,,,,,2538.658333420754
,,,,,2538.6683334112167
,,,,,2538.67833340168
,,,,,2538.6883333921432
,,,,,2538.6983333826065
,,,,,2538.7083333730698
,,,,,2538.718333363533
,,,,,2538.7283333539963
,,,,,2538.7383333444595
,,,,,2538.7483333349232
,,,,,2538.758333325386
,,,,,2538.7683333158493
,,,,,2538.7783333063126
,,,,,2538.788333296776
,,,,,2538.7983335256577
,,,,,2538.808333516121
,,,,,2538.818333506584
,,,,,2538.8283334970474
,,,,,2538.8383334875107
,,,,,2538.8483334779744
,,,,,2538.858333468437
,,,,,2538.8683334589005
,,,,,2538.8783334493633
,,,,,2538.888333439827
,,,,,2538.89833343029
,,,,,2538.908333420754
,,,,,2538.9183334112167
,,,,,2538.92833340168
,,,,,2538.9383333921432
,,,,,2538.9483333826065
,,,,,2538.9583333730698
,,,,,2538.968333363533
,,,,,2538.9783333539963
,,,,,2538.9883333444595
,,,,,2538.9983333349232
,,,,,2539.008333325386
,,,,,2539.0183333158493
,,,,,2539.0283333063126
,,,,,2539.038333296776
,,,,,2539.0483335256577
,,,,,2539.058333516121
,,,,,2539.068333506584
,,,,,2539.0783334970474
,,,,,2539.0883334875107
,,,,,2539.0983334779744
,,,,,2539.108333468437
,,,,,2539.1183334589005
,,,,,2539.1283334493633
,,,,,2539.138333439827
,,,,,2539.14833343029
,,,,,2539.158333420754
,,,,,2539.1683334112167
,,,,,2539.17833340168
,,,,,2539.1883333921432
,,,,,2539.1983333826065
,,,,,2539.2083333730698
,,,,,2539.218333363533
,,,,,2539.2283333539963
,,,,,2539.2383333444595
,,,,,2539.2483333349232
,,,,,2539.258333325386
,,,,,2539.2683333158493
,,,,,2539.2783333063126
,,,,,2539.288333296776
,,,,,2539.2983335256577
,,,,,2539.308333516121
,,,,,2539.318333506584
,,,,,2539.3283334970474
,,,,,2539.3383334875107
,,,,,2539.3483334779744
,,,,,2539.358333468437
,,,,,2539.3683334589005
,,,,,2539.3783334493633
,,,,,2539.388333439827
,,,,,2539.39833343029
,,,,,2539.408333420754
,,,,,2539.4183334112167
,,,,,2539.42833340168
,,,,,2539.4383333921432
,,,,,2539.4483333826065
,,,,,2539.4583333730698
,,,,,2539.468333363533
,,,,,2539.4783333539963
,,,,,2539.4883333444595
,,,,,2539.4983333349232
,,,,,2539.508333325386
,,,,,2539.5183333158493
,,,,,2539.5283333063126
,,,,,2539.538333296776
,,,,,2539.5483335256577
,,,,,2539.558333516121
,,,,,2539.568333506584
,,,,,2539.5783334970474
,,,,,2539.5883334875107
,,,,,2539.5983334779744
,,,,,2539.6033333539963
,,,,,2539.608333468437
,,,,,2539.6283334493633
,,,,,2539.638333439827
,,,,,2539.64833343029
,,,,,2539.658333420754
,,,,,2539.6683334112167
,,,,,2539.67833340168
,,,,,2539.6883333921432
,,,,,2539.6983333826065
,,,,,2539.7083333730698
,,,,,2539.718333363533
,,,,,2539.7283333539963
,,,,,2539.7383333444595
,,,,,2539.7483333349232
,,,,,2539.758333325386
,,,,,2539.7683333158493
,,,,,2539.7783333063126
,,,,,2539.788333296776
,,,,,2539.7983335256577
,,,,,2539.808333516121
,,,,,2539.818333506584
,,,,,2539.8283334970474
,,,,,2539.8383334875107
,,,,,2539.8483334779744
,,,,,2539.858333468437
,,,,,2539.8683334589005
,,,,,2539.8783334493633
,,,,,2539.888333439827
,,,,,2539.89833343029
,,,,,2539.908333420754
,,,,,2539.9183334112167
,,,,,2539.92833340168
,,,,,2539.9383333921432
,,,,,2539.9483333826065
,,,,,2539.9583333730698
,,,,,2539.968333363533
,,,,,2539.9783333539963
,,,,,2539.9883333444595
,,,,,2539.9983333349232
,,,,,2540.008333325386
,,,,,2540.0183333158493
,,,,,2540.0283333063126
,,,,,2540.038333296776
,,,,,2540.0483335256577
,,,,,2540.058333516121
,,,,,2540.068333506584
,,,,,2540.0783334970474
,,,,,2540.0883334875107
,,,,,2540.0983334779744
,,,,,2540.108333468437
,,,,,2540.1183334589005
,,,,,2540.1283334493633
,,,,,2540.138333439827
,,,,,2540.14833343029
,,,,,2540.158333420754
,,,,,2540.1683334112167
,,,,,2540.17833340168
,,,,,2540.1883333921432
,,,,,2540.1983333826065
,,,,,2540.2083333730698
,,,,,2540.218333363533
,,,,,2540.2283333539963
,,,,,2540.2383333444595
,,,,,2540.2483333349232
,,,,,2540.258333325386
,,,,,2540.2683333158493
,,,,,2540.2783333063126
,,,,,2540.288333296776
,,,,,2540.2983335256577
,,,,,2540.308333516121
,,,,,2540.318333506584
,,,,,2540.3283334970474
,,,,,2540.3383334875107
,,,,,2540.3483334779744
,,,,,2540.358333468437
,,,,,2540.3683334589005
,,,,,2540.3783334493633
,,,,,2540.388333439827
,,,,,2540.39833343029
,,,,,2540.408333420754
,,,,,2540.4183334112167
,,,,,2540.42833340168
,,,,,2540.4383333921432
,,,,,2540.4483333826065
,,,,,2540.4583333730698
,,,,,2540.468333363533
,,,,,2540.4783333539963
,,,,,2540.4883333444595
,,,,,2540.4983333349232
,,,,,2540.508333325386
,,,,,2540.5183333158493
,,,,,2540.5283333063126
,,,,,2540.538333296776
,,,,,2540.5483335256577
,,,,,2540.558333516121
,,,,,2540.568333506584
,,,,,2540.5783334970474
,,,,,2540.5883334875107
,,,,,2540.5983334779744
,,,,,2540.6033333539963
,,,,,2540.608333468437
,,,,,2540.6283334493633
,,,,,2540.638333439827
,,,,,2540.64833343029
,,,,,2540.658333420754
,,,,,2540.6683334112167
,,,,,2540.67833340168
,,,,,2540.6883333921432
,,,,,2540.6983333826065
,,,,,2540.7083333730698
,,,,,2540.718333363533
,,,,,2540.7283333539963
,,,,,2540.7383333444595
,,,,,2540.7483333349232
,,,,,2540.758333325386
,,,,,2540.7683333158493
,,,,,2540.7783333063126
,,,,,2540.788333296776
,,,,,2540.7983335256577
,,,,,2540.808333516121
,,,,,2540.818333506584
,,,,,2540.8283334970474
,,,,,2540.8383334875107
,,,,,2540.8483334779744
,,,,,2540.858333468437
,,,,,2540.8683334589005
,,,,,2540.8783334493633
,,,,,2540.888333439827
,,,,,2540.89833343029
,,,,,2540.908333420754
,,,,,2540.9183334112167
,,,,,2540.92833340168
,,,,,2540.9383333921432
,,,,,2540.9483333826065
,,,,,2540.9583333730698
,,,,,2540.968333363533
,,,,,2540.9783333539963
,,,,,2540.9883333444595
,,,,,2540.9983333349232
,,,,,2541.008333325386
,,,,,2541.0183333158493
,,,,,2541.0283333063126
,,,,,2541.038333296776
,,,,,2541.0483335256577
,,,,,2541.058333516121
,,,,,2541.068333506584
,,,,,2541.0783334970474
,,,,,2541.0883334875107
,,,,,2541.0983334779744
,,,,,2541.108333468437
,,,,,2541.1183334589005
,,,,,2541.1283334493633
,,,,,2541.138333439827
,,,,,2541.14833343029
,,,,,2541.158333420754
,,,,,2541.1683334112167
,,,,,2541.17833340168
,,,,,2541.1883333921432
,,,,,2541.1983333826065
,,,,,2541.2083333730698
,,,,,2541.218333363533
,,,,,2541.2283333539963
,,,,,2541.2383333444595
,,,,,2541.2483333349232
,,,,,2541.258333325386
,,,,,2541.2683333158493
,,,,,2541.2783333063126
,,,,,2541.288333296776
,,,,,2541.2983335256577
,,,,,2541.308333516121
,,,,,2541.318333506584
,,,,,2541.3283334970474
,,,,,2541.3383334875107
,,,,,2541.3483334779744
,,,,,2541.358333468437
,,,,,2541.3683334589005
,,,,,2541.3783334493633
,,,,,2541.388333439827
,,,,,2541.39833343029
,,,,,2541.408333420754
,,,,,2541.4183334112167
,,,,,2541.42833340168
,,,,,2541.4383333921432
,,,,,2541.4483333826065
,,,,,2541.4583333730698
,,,,,2541.468333363533
,,,,,2541.4783333539963
,,,,,2541.4883333444595
,,,,,2541.4983333349232
,,,,,2541.508333325386
,,,,,2541.5183333158493
,,,,,2541.5283333063126
,,,,,2541.538333296776
,,,,,2541.5483335256577
,,,,,2541.558333516121
,,,,,2541.568333506584
,,,,,2541.5783334970474
,,,,,2541.5883334875107
,,,,,2541.5983334779744
,,,,,2541.6033333539963
,,,,,2541.608333468437
,,,,,2541.6283334493633
,,,,,2541.6433333158493
,,,,,2541.6533333063126
,,,,,2541.663333296776
,,,,,2541.6733335256577
,,,,,2541.683333516121
,,,,,2541.693333506584
,,,,,2541.7033334970474
,,,,,2541.7133334875107
,,,,,2541.7233334779744
,,,,,2541.733333468437
,,,,,2541.7433334589005
,,,,,2541.7533334493633
,,,,,2541.763333439827
,,,,,2541.77333343029
,,,,,2541.783333420754
,,,,,2541.7933334112167
,,,,,2541.80333340168
,,,,,2541.8133333921432
,,,,,2541.8233333826065
,,,,,2541.8333333730698
,,,,,2541.843333363533
,,,,,2541.8533333539963
,,,,,2541.8633333444595
,,,,,2541.8733333349232
,,,,,2541.883333325386
,,,,,2541.8933333158493
,,,,,2541.9033333063126
,,,,,2541.913333296776
,,,,,2541.9233335256577
,,,,,2541.933333516121
,,,,,2541.943333506584
,,,,,2541.9533334970474
,,,,,2541.9633334875107
,,,,,2541.9733334779744
,,,,,2541.983333468437
,,,,,2541.9933334589005
,,,,,2542.0033334493633
,,,,,2542.013333439827
,,,,,2542.02333343029
,,,,,2542.033333420754
,,,,,2542.0433334112167
,,,,,2542.05333340168
,,,,,2542.0633333921432
,,,,,2542.0733333826065
,,,,,2542.0833333730698
,,,,,2542.093333363533
,,,,,2542.1033333539963
,,,,,2542.1133333444595
,,,,,2542.1233333349232
,,,,,2542.133333325386
,,,,,2542.1433333158493
,,,,,2542.1533333063126
,,,,,2542.163333296776
,,,,,2542.1733335256577
,,,,,2542.183333516121
,,,,,2542.193333506584
,,,,,2542.2033334970474
,,,,,2542.2133334875107
,,,,,2542.2233334779744
,,,,,2542.233333468437
,,,,,2542.2433334589005
,,,,,2542.2533334493633
,,,,,2542.263333439827
,,,,,2542.27333343029
,,,,,2542.283333420754
,,,,,2542.2933334112167
,,,,,2542.30333340168
,,,,,2542.3133333921432
,,,,,2542.3233333826065
,,,,,2542.3333333730698
,,,,,2542.343333363533
,,,,,2542.3533333539963
,,,,,2542.3633333444595
,,,,,2542.3733333349232
,,,,,2542.383333325386
,,,,,2542.3933333158493
,,,,,2542.4033333063126
,,,,,2542.413333296776
,,,,,2542.4233335256577
,,,,,2542.433333516121
,,,,,2542.443333506584
,,,,,2542.4533334970474
,,,,,2542.4633334875107
,,,,,2542.4733334779744
,,,,,2542.483333468437
,,,,,2542.4933334589005
,,,,,2542.5033334493633
,,,,,2542.513333439827
,,,,,2542.52333343029
,,,,,2542.533333420754
,,,,,2542.5433334112167
,,,,,2542.55333340168
,,,,,2542.5633333921432
,,,,,2542.5733333826065
,,,,,2542.5833333730698
,,,,,2542.593333363533
,,,,,2542.6033333539963
,,,,,2542.608333468437
,,,,,2542.6133333444595
,,,,,2542.633333325386
,,,,,2542.6433333158493
,,,,,2542.6533333063126
,,,,,2542.663333296776
,,,,,2542.6733335256577
,,,,,2542.683333516121
,,,,,2542.693333506584
,,,,,2542.7033334970474
,,,,,2542.7133334875107
,,,,,2542.7233334779744
,,,,,2542.733333468437
,,,,,2542.7433334589005
,,,,,2542.7533334493633
,,,,,2542.763333439827
,,,,,2542.77333343029
,,,,,2542.783333420754
,,,,,2542.7933334112167
,,,,,2542.80333340168
,,,,,2542.8133333921432
,,,,,2542.8233333826065
,,,,,2542.8333333730698
,,,,,2542.843333363533
,,,,,2542.8533333539963
,,,,,2542.8633333444595
,,,,,2542.8733333349232
,,,,,2542.883333325386
,,,,,2542.8933333158493
,,,,,2542.9033333063126
,,,,,2542.913333296776
,,,,,2542.9233335256577
,,,,,2542.933333516121
,,,,,2542.943333506584
,,,,,2542.9533334970474
,,,,,2542.9633334875107
,,,,,2542.9733334779744
,,,,,2542.983333468437
,,,,,2542.9933334589005
,,,,,2543.0033334493633
,,,,,2543.013333439827
,,,,,2543.02333343029
,,,,,2543.033333420754
,,,,,2543.0433334112167
,,,,,2543.05333340168
,,,,,2543.0633333921432
,,,,,2543.0733333826065
,,,,,2543.0833333730698
,,,,,2543.093333363533
,,,,,2543.1033333539963
,,,,,2543.1133333444595
,,,,,2543.1233333349232
,,,,,2543.133333325386
,,,,,2543.1433333158493
,,,,,2543.1533333063126
,,,,,2543.163333296776
,,,,,2543.1733335256577
,,,,,2543.183333516121
,,,,,2543.193333506584
,,,,,2543.2033334970474
,,,,,2543.2133334875107
,,,,,2543.2233334779744
,,,,,2543.233333468437
,,,,,2543.2433334589005
,,,,,2543.2533334493633
,,,,,2543.263333439827
,,,,,2543.27333343029
,,,,,2543.283333420754
,,,,,2543.2933334112167
,,,,,2543.30333340168
,,,,,2543.3133333921432
,,,,,2543.3233333826065
,,,,,2543.3333333730698
,,,,,2543.343333363533
,,,,,2543.3533333539963
,,,,,2543.3633333444595
,,,,,2543.3733333349232
,,,,,2543.383333325386
,,,,,2543.3933333158493
,,,,,2543.4033333063126
,,,,,2543.413333296776
,,,,,2543.4233335256577
,,,,,2543.433333516121
,,,,,2543.443333506584
,,,,,2543.4533334970474
,,,,,2543.4633334875107
,,,,,2543.4733334779744
,,,,,2543.483333468437
,,,,,2543.4933334589005
,,,,,2543.5033334493633
,,,,,2543.513333439827
,,,,,2543.52333343029
,,,,,2543.533333420754
,,,,,2543.5433334112167
,,,,,2543.55333340168
,,,,,2543.5633333921432
,,,,,2543.5733333826065
,,,,,2543.5833333730698
,,,,,2543.593333363533
,,,,,2543.6033333539963
,,,,,2543.608333468437
,,,,,2543.6133333444595
,,,,,2543.633333325386
,,,,,2543.6433333158493
,,,,,2543.6533333063126
,,,,,2543.663333296776
,,,,,2543.6733335256577
,,,,,2543.683333516121
,,,,,2543.693333506584
,,,,,2543.7033334970474
,,,,,2543.7133334875107
,,,,,2543.7233334779744
,,,,,2543.733333468437
,,,,,2543.7433334589005
,,,,,2543.7533334493633
,,,,,2543.763333439827
,,,,,2543.77333343029
,,,,,2543.783333420754
,,,,,2543.7933334112167
,,,,,2543.80333340168
,,,,,2543.8133333921432
,,,,,2543.8233333826065
,,,,,2543.8333333730698
,,,,,2543.843333363533
,,,,,2543.8533333539963
,,,,,2543.8633333444595
,,,,,2543.8733333349232
,,,,,2543.883333325386
,,,,,2543.8933333158493
,,,,,2543.9033333063126
,,,,,2543.913333296776
,,,,,2543.9233335256577
,,,,,2543.933333516121
,,,,,2543.943333506584
,,,,,2543.9533334970474
,,,,,2543.9633334875107
,,,,,2543.9733334779744
,,,,,2543.983333468437
,,,,,2543.9933334589005
,,,,,2544.0033334493633
,,,,,2544.013333439827
,,,,,2544.02333343029
,,,,,2544.033333420754
,,,,,2544.0433334112167
,,,,,2544.05333340168
,,,,,2544.0633333921432
,,,,,2544.0733333826065
,,,,,2544.0833333730698
,,,,,2544.093333363533
,,,,,2544.1033333539963
,,,,,2544.1133333444595
,,,,,2544.1233333349232
,,,,,2544.133333325386
,,,,,2544.1433333158493
,,,,,2544.1533333063126
,,,,,2544.163333296776
,,,,,2544.1733335256577
,,,,,2544.183333516121
,,,,,2544.193333506584
,,,,,2544.2033334970474
,,,,,2544.2133334875107
,,,,,2544.2233334779744
,,,,,2544.233333468437
,,,,,2544.2433334589005
,,,,,2544.2533334493633
,,,,,2544.263333439827
,,,,,2544.27333343029
,,,,,2544.283333420754
,,,,,2544.2933334112167
,,,,,2544.30333340168
,,,,,2544.3133333921432
,,,,,2544.3233333826065
,,,,,2544.3333333730698
,,,,,2544.343333363533
,,,,,2544.3533333539963
,,,,,2544.3633333444595
,,,,,2544.3733333349232
,,,,,2544.383333325386
,,,,,2544.3933333158493
,,,,,2544.4033333063126
,,,,,2544.413333296776
,,,,,2544.4233335256577
,,,,,2544.433333516121
,,,,,2544.443333506584
,,,,,2544.4533334970474
,,,,,2544.4633334875107
,,,,,2544.4733334779744
,,,,,2544.483333468437
,,,,,2544.4933334589005
,,,,,2544.5033334493633
,,,,,2544.513333439827
,,,,,2544.52333343029
,,,,,2544.533333420754
,,,,,2544.5433334112167
,,,,,2544.55333340168
,,,,,2544.5633333921432
,,,,,2544.5733333826065
,,,,,2544.5833333730698
,,,,,2544.593333363533
,,,,,2544.6033333539963
,,,,,2544.608333468437
,,,,,2544.6133333444595
,,,,,2544.633333325386
,,,,,2544.6433333158493
,,,,,2544.6533333063126
,,,,,2544.663333296776
,,,,,2544.6733335256577
,,,,,2544.683333516121
,,,,,2544.693333506584
,,,,,2544.7033334970474
,,,,,2544.7133334875107
,,,,,2544.7233334779744
,,,,,2544.733333468437
,,,,,2544.7433334589005
,,,,,2544.7533334493633
,,,,,2544.763333439827
,,,,,2544.77333343029
,,,,,2544.783333420754
,,,,,2544.7933334112167
,,,,,2544.80333340168
,,,,,2544.8133333921432
,,,,,2544.8233333826065
,,,,,2544.8333333730698
,,,,,2544.843333363533
,,,,,2544.8533333539963
,,,,,2544.8633333444595
,,,,,2544.8733333349232
,,,,,2544.883333325386
,,,,,2544.8933333158493
,,,,,2544.9033333063126
,,,,,2544.913333296776
,,,,,2544.9233335256577
,,,,,2544.933333516121
,,,,,2544.943333506584
,,,,,2544.9533334970474
,,,,,2544.9633334875107
,,,,,2544.9733334779744
,,,,,2544.983333468437
,,,,,2544.9933334589005
,,,,,2545.0033334493633
,,,,,2545.013333439827
,,,,,2545.02333343029
,,,,,2545.033333420754
,,,,,2545.0433334112167
,,,,,2545.05333340168
,,,,,2545.0633333921432
,,,,,2545.0733333826065
,,,,,2545.0833333730698
,,,,,2545.093333363533
,,,,,2545.1033333539963
,,,,,2545.1133333444595
,,,,,2545.1233333349232
,,,,,2545.133333325386
,,,,,2545.1433333158493
,,,,,2545.1533333063126
,,,,,2545.163333296776
,,,,,2545.1733335256577
,,,,,2545.183333516121
,,,,,2545.193333506584
,,,,,2545.2033334970474
,,,,,2545.2133334875107
,,,,,2545.2233334779744
,,,,,2545.233333468437
,,,,,2545.2433334589005
,,,,,2545.2533334493633
,,,,,2545.263333439827
,,,,,2545.27333343029
,,,,,2545.283333420754
,,,,,2545.2933334112167
,,,,,2545.30333340168
,,,,,2545.3133333921432
,,,,,2545.3233333826065
,,,,,2545.3333333730698
,,,,,2545.343333363533
,,,,,2545.3533333539963
,,,,,2545.3633333444595
,,,,,2545.3733333349232
,,,,,2545.383333325386
,,,,,2545.3933333158493
,,,,,2545.4033333063126
,,,,,2545.413333296776
,,,,,2545.4233335256577
,,,,,2545.433333516121
,,,,,2545.443333506584
,,,,,2545.4533334970474
,,,,,2545.4633334875107
,,,,,2545.4733334779744
,,,,,2545.483333468437
,,,,,2545.4933334589005
,,,,,2545.5033334493633
,,,,,2545.513333439827
,,,,,2545.52333343029
,,,,,2545.533333420754
,,,,,2545.5433334112167
,,,,,2545.55333340168
,,,,,2545.5633333921432
,,,,,2545.5733333826065
,,,,,2545.5833333730698
,,,,,2545.593333363533
,,,,,2545.6033333539963
,,,,,2545.608333468437
,,,,,2545.6133333444595
,,,,,2545.6283334493633
,,,,,2545.638333439827
,,,,,2545.64833343029
,,,,,2545.658333420754
,,,,,2545.6683334112167
,,,,,2545.67833340168
,,,,,2545.6883333921432
,,,,,2545.6983333826065
,,,,,2545.7083333730698
,,,,,2545.718333363533
,,,,,2545.7283333539963
,,,,,2545.7383333444595
,,,,,2545.7483333349232
,,,,,2545.758333325386
,,,,,2545.7683333158493
,,,,,2545.7783333063126
,,,,,2545.788333296776
,,,,,2545.7983335256577
,,,,,2545.808333516121
,,,,,2545.818333506584
,,,,,2545.8283334970474
,,,,,2545.8383334875107
,,,,,2545.8483334779744
,,,,,2545.858333468437
,,,,,2545.8683334589005
,,,,,2545.8783334493633
,,,,,2545.888333439827
,,,,,2545.89833343029
,,,,,2545.908333420754
,,,,,2545.9183334112167
,,,,,2545.92833340168
,,,,,2545.9383333921432
,,,,,2545.9483333826065
,,,,,2545.9583333730698
,,,,,2545.968333363533
,,,,,2545.9783333539963
,,,,,2545.9883333444595
,,,,,2545.9983333349232
,,,,,2546.008333325386
,,,,,2546.0183333158493
,,,,,2546.0283333063126
,,,,,2546.038333296776
,,,,,2546.0483335256577
,,,,,2546.058333516121
,,,,,2546.068333506584
,,,,,2546.0783334970474
,,,,,2546.0883334875107
,,,,,2546.0983334779744
,,,,,2546.108333468437
,,,,,2546.1183334589005
,,,,,2546.1283334493633
,,,,,2546.138333439827
,,,,,2546.14833343029
,,,,,2546.158333420754
,,,,,2546.1683334112167
,,,,,2546.17833340168
,,,,,2546.1883333921432
,,,,,2546.1983333826065
,,,,,2546.2083333730698
,,,,,2546.218333363533
,,,,,2546.2283333539963
,,,,,2546.2383333444595
,,,,,2546.2483333349232
,,,,,2546.258333325386
,,,,,2546.2683333158493
,,,,,2546.2783333063126
,,,,,2546.288333296776
,,,,,2546.2983335256577
,,,,,2546.308333516121
,,,,,2546.318333506584
,,,,,2546.3283334970474
,,,,,2546.3383334875107
,,,,,2546.3483334779744
,,,,,2546.358333468437
,,,,,2546.3683334589005
,,,,,2546.3783334493633
,,,,,2546.388333439827
,,,,,2546.39833343029
,,,,,2546.408333420754
,,,,,2546.4183334112167
,,,,,2546.42833340168
,,,,,2546.4383333921432
,,,,,2546.4483333826065
,,,,,2546.4583333730698
,,,,,2546.468333363533
,,,,,2546.4783333539963
,,,,,2546.4883333444595
,,,,,2546.4983333349232
,,,,,2546.508333325386
,,,,,2546.5183333158493
,,,,,2546.5283333063126
,,,,,2546.538333296776
,,,,,2546.5483335256577
,,,,,2546.558333516121
,,,,,2546.568333506584
,,,,,2546.5783334970474
,,,,,2546.5883334875107
,,,,,2546.5983334779744
,,,,,2546.608333468437
,,,,,2546.6133333444595
,,,,,2546.6183334589005
,,,,,2546.633333325386
,,,,,2546.6533333063126
,,,,,2546.663333296776
,,,,,2546.6733335256577
,,,,,2546.683333516121
,,,,,2546.693333506584
,,,,,2546.7033334970474
,,,,,2546.7133334875107
,,,,,2546.7233334779744
,,,,,2546.733333468437
,,,,,2546.7433334589005
,,,,,2546.7533334493633
,,,,,2546.763333439827
,,,,,2546.77333343029
,,,,,2546.783333420754
,,,,,2546.7933334112167
,,,,,2546.80333340168
,,,,,2546.8133333921432
,,,,,2546.8233333826065
,,,,,2546.8333333730698
,,,,,2546.843333363533
,,,,,2546.8533333539963
,,,,,2546.8633333444595
,,,,,2546.8733333349232
,,,,,2546.883333325386
,,,,,2546.8933333158493
,,,,,2546.9033333063126
,,,,,2546.913333296776
,,,,,2546.9233335256577
,,,,,2546.933333516121
,,,,,2546.943333506584
,,,,,2546.9533334970474
,,,,,2546.9633334875107
,,,,,2546.9733334779744
,,,,,2546.983333468437
,,,,,2546.9933334589005
,,,,,2547.0033334493633
,,,,,2547.013333439827
,,,,,2547.02333343029
,,,,,2547.033333420754
,,,,,2547.0433334112167
,,,,,2547.05333340168
,,,,,2547.0633333921432
,,,,,2547.0733333826065
,,,,,2547.0833333730698
,,,,,2547.093333363533
,,,,,2547.1033333539963
,,,,,2547.1133333444595
,,,,,2547.1233333349232
,,,,,2547.133333325386
,,,,,2547.1433333158493
,,,,,2547.1533333063126
,,,,,2547.163333296776
,,,,,2547.1733335256577
,,,,,2547.183333516121
,,,,,2547.193333506584
,,,,,2547.2033334970474
,,,,,2547.2133334875107
,,,,,2547.2233334779744
,,,,,2547.233333468437
,,,,,2547.2433334589005
,,,,,2547.2533334493633
,,,,,2547.263333439827
,,,,,2547.27333343029
,,,,,2547.283333420754
,,,,,2547.2933334112167
,,,,,2547.30333340168
,,,,,2547.3133333921432
,,,,,2547.3233333826065
,,,,,2547.3333333730698
,,,,,2547.343333363533
,,,,,2547.3533333539963
,,,,,2547.3633333444595
,,,,,2547.3733333349232
,,,,,2547.383333325386
,,,,,2547.3933333158493
,,,,,2547.4033333063126
,,,,,2547.413333296776
,,,,,2547.4233335256577
,,,,,2547.433333516121
,,,,,2547.443333506584
,,,,,2547.4533334970474
,,,,,2547.4633334875107
,,,,,2547.4733334779744
,,,,,2547.483333468437
,,,,,2547.4933334589005
,,,,,2547.5033334493633
,,,,,2547.513333439827
,,,,,2547.52333343029
,,,,,2547.533333420754
,,,,,2547.5433334112167
,,,,,2547.55333340168
,,,,,2547.5633333921432
,,,,,2547.5733333826065
,,,,,2547.5833333730698
,,,,,2547.593333363533
,,,,,2547.6033333539963
,,,,,2547.6133333444595
,,,,,2547.6183334589005
,,,,,2547.6233333349232
,,,,,2547.6433333158493
,,,,,2547.6533333063126
,,,,,2547.663333296776
,,,,,2547.6733335256577
,,,,,2547.683333516121
,,,,,2547.693333506584
,,,,,2547.7033334970474
,,,,,2547.7133334875107
,,,,,2547.7233334779744
,,,,,2547.733333468437
,,,,,2547.7433334589005
,,,,,2547.7533334493633
,,,,,2547.763333439827
,,,,,2547.77333343029
,,,,,2547.783333420754
,,,,,2547.7933334112167
,,,,,2547.80333340168
,,,,,2547.8133333921432
,,,,,2547.8233333826065
,,,,,2547.8333333730698
,,,,,2547.843333363533
,,,,,2547.8533333539963
,,,,,2547.8633333444595
,,,,,2547.8733333349232
,,,,,2547.883333325386
,,,,,2547.8933333158493
,,,,,2547.9033333063126
,,,,,2547.913333296776
,,,,,2547.9233335256577
,,,,,2547.933333516121
,,,,,2547.943333506584
,,,,,2547.9533334970474
,,,,,2547.9633334875107
,,,,,2547.9733334779744
,,,,,2547.983333468437
,,,,,2547.9933334589005
,,,,,2548.0033334493633
,,,,,2548.013333439827
,,,,,2548.02333343029
,,,,,2548.033333420754
,,,,,2548.0433334112167
,,,,,2548.05333340168
,,,,,2548.0633333921432
,,,,,2548.0733333826065
,,,,,2548.0833333730698
,,,,,2548.093333363533
,,,,,2548.1033333539963
,,,,,2548.1133333444595
,,,,,2548.1233333349232
,,,,,2548.133333325386
,,,,,2548.1433333158493
,,,,,2548.1533333063126
,,,,,2548.163333296776
,,,,,2548.1733335256577
,,,,,2548.183333516121
,,,,,2548.193333506584
,,,,,2548.2033334970474
,,,,,2548.2133334875107
,,,,,2548.2233334779744
,,,,,2548.233333468437
,,,,,2548.2433334589005
,,,,,2548.2533334493633
,,,,,2548.263333439827
,,,,,2548.27333343029
,,,,,2548.283333420754
,,,,,2548.2933334112167
,,,,,2548.30333340168
,,,,,2548.3133333921432
,,,,,2548.3233333826065
,,,,,2548.3333333730698
,,,,,2548.343333363533
,,,,,2548.3533333539963
,,,,,2548.3633333444595
,,,,,2548.3733333349232
,,,,,2548.383333325386
,,,,,2548.3933333158493
,,,,,2548.4033333063126
,,,,,2548.413333296776
,,,,,2548.4233335256577
,,,,,2548.433333516121
,,,,,2548.443333506584
,,,,,2548.4533334970474
,,,,,2548.4633334875107
,,,,,2548.4733334779744
,,,,,2548.483333468437
,,,,,2548.4933334589005
,,,,,2548.5033334493633
,,,,,2548.513333439827
,,,,,2548.52333343029
,,,,,2548.533333420754
,,,,,2548.5433334112167
,,,,,2548.55333340168
,,,,,2548.5633333921432
,,,,,2548.5733333826065
,,,,,2548.5833333730698
,,,,,2548.593333363533
,,,,,2548.6033333539963
,,,,,2548.6133333444595
,,,,,2548.6183334589005
,,,,,2548.6233333349232
,,,,,2548.6433333158493
,,,,,2548.6533333063126
,,,,,2548.663333296776
,,,,,2548.6733335256577
,,,,,2548.683333516121
,,,,,2548.693333506584
,,,,,2548.7033334970474
,,,,,2548.7133334875107
,,,,,2548.7233334779744
,,,,,2548.733333468437
,,,,,2548.7433334589005
,,,,,2548.7533334493633
,,,,,2548.763333439827
,,,,,2548.77333343029
,,,,,2548.783333420754
,,,,,2548.7933334112167
,,,,,2548.80333340168
,,,,,2548.8133333921432
,,,,,2548.8233333826065
,,,,,2548.8333333730698
,,,,,2548.843333363533
,,,,,2548.8533333539963
,,,,,2548.8633333444595
,,,,,2548.8733333349232
,,,,,2548.883333325386
,,,,,2548.8933333158493
,,,,,2548.9033333063126
,,,,,2548.913333296776
,,,,,2548.9233335256577
,,,,,2548.933333516121
,,,,,2548.943333506584
,,,,,2548.9533334970474
,,,,,2548.9633334875107
,,,,,2548.9733334779744
,,,,,2548.983333468437
,,,,,2548.9933334589005
,,,,,2549.0033334493633
,,,,,2549.013333439827
,,,,,2549.02333343029
,,,,,2549.033333420754
,,,,,2549.0433334112167
,,,,,2549.05333340168
,,,,,2549.0633333921432
,,,,,2549.0733333826065
,,,,,2549.0833333730698
,,,,,2549.093333363533
,,,,,2549.1033333539963
,,,,,2549.1133333444595
,,,,,2549.1233333349232
,,,,,2549.133333325386
,,,,,2549.1433333158493
,,,,,2549.1533333063126
,,,,,2549.163333296776
,,,,,2549.1733335256577
,,,,,2549.183333516121
,,,,,2549.193333506584
,,,,,2549.2033334970474
,,,,,2549.2133334875107
,,,,,2549.2233334779744
,,,,,2549.233333468437
,,,,,2549.2433334589005
,,,,,2549.2533334493633
,,,,,2549.263333439827
,,,,,2549.27333343029
,,,,,2549.283333420754
,,,,,2549.2933334112167
,,,,,2549.30333340168
,,,,,2549.3133333921432
,,,,,2549.3233333826065
,,,,,2549.3333333730698
,,,,,2549.343333363533
,,,,,2549.3533333539963
,,,,,2549.3633333444595
,,,,,2549.3733333349232
,,,,,2549.383333325386
,,,,,2549.3933333158493
,,,,,2549.4033333063126
,,,,,2549.413333296776
,,,,,2549.4233335256577
,,,,,2549.433333516121
,,,,,2549.443333506584
,,,,,2549.4533334970474
,,,,,2549.4633334875107
,,,,,2549.4733334779744
,,,,,2549.483333468437
,,,,,2549.4933334589005
,,,,,2549.5033334493633
,,,,,2549.513333439827
,,,,,2549.52333343029
,,,,,2549.533333420754
,,,,,2549.5433334112167
,,,,,2549.55333340168
,,,,,2549.5633333921432
,,,,,2549.5733333826065
,,,,,2549.5833333730698
,,,,,2549.593333363533
,,,,,2549.6033333539963
,,,,,2549.6133333444595
,,,,,2549.6183334589005
,,,,,2549.6233333349232
,,,,,2549.6433333158493
,,,,,2549.6533333063126
,,,,,2549.663333296776
,,,,,2549.6733335256577
,,,,,2549.683333516121
,,,,,2549.693333506584
,,,,,2549.7033334970474
,,,,,2549.7133334875107
,,,,,2549.7233334779744
,,,,,2549.733333468437
,,,,,2549.7433334589005
,,,,,2549.7533334493633
,,,,,2549.763333439827
,,,,,2549.77333343029
,,,,,2549.783333420754
,,,,,2549.7933334112167
,,,,,2549.80333340168
,,,,,2549.8133333921432
,,,,,2549.8233333826065
,,,,,2549.8333333730698
,,,,,2549.843333363533
,,,,,2549.8533333539963
,,,,,2549.8633333444595
,,,,,2549.8733333349232
,,,,,2549.883333325386
,,,,,2549.8933333158493
,,,,,2549.9033333063126
,,,,,2549.913333296776
,,,,,2549.9233335256577
,,,,,2549.933333516121
,,,,,2549.943333506584
,,,,,2549.9533334970474
,,,,,2549.9633334875107
,,,,,2549.9733334779744
,,,,,2549.983333468437
,,,,,2549.9933334589005
,,,,,2550.0033334493633
,,,,,2550.013333439827
,,,,,2550.02333343029
,,,,,2550.033333420754
,,,,,2550.0433334112167
,,,,,2550.05333340168
,,,,,2550.0633333921432
,,,,,2550.0733333826065
,,,,,2550.0833333730698
,,,,,2550.093333363533
,,,,,2550.1033333539963
,,,,,2550.1133333444595
,,,,,2550.1233333349232
,,,,,2550.133333325386
,,,,,2550.1433333158493
,,,,,2550.1533333063126
,,,,,2550.163333296776
,,,,,2550.1733335256577
,,,,,2550.183333516121
,,,,,2550.193333506584
,,,,,2550.2033334970474
,,,,,2550.2133334875107
,,,,,2550.2233334779744
,,,,,2550.233333468437
,,,,,2550.2433334589005
,,,,,2550.2533334493633
,,,,,2550.263333439827
,,,,,2550.27333343029
,,,,,2550.283333420754
,,,,,2550.2933334112167
,,,,,2550.30333340168
,,,,,2550.3133333921432
,,,,,2550.3233333826065
,,,,,2550.3333333730698
,,,,,2550.343333363533
,,,,,2550.3533333539963
,,,,,2550.3633333444595
,,,,,2550.3733333349232
,,,,,2550.383333325386
,,,,,2550.3933333158493
,,,,,2550.4033333063126
,,,,,2550.413333296776
,,,,,2550.4233335256577
,,,,,2550.433333516121
,,,,,2550.443333506584
,,,,,2550.4533334970474
,,,,,2550.4633334875107
,,,,,2550.4733334779744
,,,,,2550.483333468437
,,,,,2550.4933334589005
,,,,,2550.5033334493633
,,,,,2550.513333439827
,,,,,2550.52333343029
,,,,,2550.533333420754
,,,,,2550.5433334112167
,,,,,2550.55333340168
,,,,,2550.5633333921432
,,,,,2550.5733333826065
,,,,,2550.5833333730698
,,,,,2550.593333363533
,,,,,2550.6033333539963
,,,,,2550.6133333444595
,,,,,2550.6183334589005
,,,,,2550.6233333349232
,,,,,2550.6433333158493
,,,,,2550.6533333063126
,,,,,2550.663333296776
,,,,,2550.6733335256577
,,,,,2550.683333516121
,,,,,2550.693333506584
,,,,,2550.7033334970474
,,,,,2550.7133334875107
,,,,,2550.7233334779744
,,,,,2550.733333468437
,,,,,2550.7433334589005
,,,,,2550.7533334493633
,,,,,2550.763333439827
,,,,,2550.77333343029
,,,,,2550.783333420754
,,,,,2550.7933334112167
,,,,,2550.80333340168
,,,,,2550.8133333921432
,,,,,2550.8233333826065
,,,,,2550.8333333730698
,,,,,2550.843333363533
,,,,,2550.8533333539963
,,,,,2550.8633333444595
,,,,,2550.8733333349232
,,,,,2550.883333325386
,,,,,2550.8933333158493
,,,,,2550.9033333063126
,,,,,2550.913333296776
,,,,,2550.9233335256577
,,,,,2550.933333516121
,,,,,2550.943333506584
,,,,,2550.9533334970474
,,,,,2550.9633334875107
,,,,,2550.9733334779744
,,,,,2550.983333468437
,,,,,2550.9933334589005
,,,,,2551.0033334493633
,,,,,2551.013333439827
,,,,,2551.02333343029
,,,,,2551.033333420754
,,,,,2551.0433334112167
,,,,,2551.05333340168
,,,,,2551.0633333921432
,,,,,2551.0733333826065
,,,,,2551.0833333730698
,,,,,2551.093333363533
,,,,,2551.1033333539963
,,,,,2551.1133333444595
,,,,,2551.1233333349232
,,,,,2551.133333325386
,,,,,2551.1433333158493
,,,,,2551.1533333063126
,,,,,2551.163333296776
,,,,,2551.1733335256577
,,,,,2551.183333516121
,,,,,2551.193333506584
,,,,,2551.2033334970474
,,,,,2551.2133334875107
,,,,,2551.2233334779744
,,,,,2551.233333468437
,,,,,2551.2433334589005
,,,,,2551.2533334493633
,,,,,2551.263333439827
,,,,,2551.27333343029
,,,,,2551.283333420754
,,,,,2551.2933334112167
,,,,,2551.30333340168
,,,,,2551.3133333921432
,,,,,2551.3233333826065
,,,,,2551.3333333730698
,,,,,2551.343333363533
,,,,,2551.3533333539963
,,,,,2551.3633333444595
,,,,,2551.3733333349232
,,,,,2551.383333325386
,,,,,2551.3933333158493
,,,,,2551.4033333063126
,,,,,2551.413333296776
,,,,,2551.4233335256577
,,,,,2551.433333516121
,,,,,2551.443333506584
,,,,,2551.4533334970474
,,,,,2551.4633334875107
,,,,,2551.4733334779744
,,,,,2551.483333468437
,,,,,2551.4933334589005
,,,,,2551.5033334493633
,,,,,2551.513333439827
,,,,,2551.52333343029
,,,,,2551.533333420754
,,,,,2551.5433334112167
,,,,,2551.55333340168
,,,,,2551.5633333921432
,,,,,2551.5733333826065
,,,,,2551.5833333730698
,,,,,2551.593333363533
,,,,,2551.6033333539963
,,,,,2551.6133333444595
,,,,,2551.6183334589005
,,,,,2551.6233333349232
,,,,,2551.6433333158493
,,,,,2551.658333420754
,,,,,2551.6683334112167
,,,,,2551.67833340168
,,,,,2551.6883333921432
,,,,,2551.6983333826065
,,,,,2551.7083333730698
,,,,,2551.718333363533
,,,,,2551.7283333539963
,,,,,2551.7383333444595
,,,,,2551.7483333349232
,,,,,2551.758333325386
,,,,,2551.7683333158493
,,,,,2551.7783333063126
,,,,,2551.788333296776
,,,,,2551.7983335256577
,,,,,2551.808333516121
,,,,,2551.818333506584
,,,,,2551.8283334970474
,,,,,2551.8383334875107
,,,,,2551.8483334779744
,,,,,2551.858333468437
,,,,,2551.8683334589005
,,,,,2551.8783334493633
,,,,,2551.888333439827
,,,,,2551.89833343029
,,,,,2551.908333420754
,,,,,2551.9183334112167
,,,,,2551.92833340168
,,,,,2551.9383333921432
,,,,,2551.9483333826065
,,,,,2551.9583333730698
,,,,,2551.968333363533
,,,,,2551.9783333539963
,,,,,2551.9883333444595
,,,,,2551.9983333349232
,,,,,2552.008333325386
,,,,,2552.0183333158493
,,,,,2552.0283333063126
,,,,,2552.038333296776
,,,,,2552.0483335256577
,,,,,2552.058333516121
,,,,,2552.068333506584
,,,,,2552.0783334970474
,,,,,2552.0883334875107
,,,,,2552.0983334779744
,,,,,2552.108333468437
,,,,,2552.1183334589005
,,,,,2552.1283334493633
,,,,,2552.138333439827
,,,,,2552.14833343029
,,,,,2552.158333420754
,,,,,2552.1683334112167
,,,,,2552.17833340168
,,,,,2552.1883333921432
,,,,,2552.1983333826065
,,,,,2552.2083333730698
,,,,,2552.218333363533
,,,,,2552.2283333539963
,,,,,2552.2383333444595
,,,,,2552.2483333349232
,,,,,2552.258333325386
,,,,,2552.2683333158493
,,,,,2552.2783333063126
,,,,,2552.288333296776
,,,,,2552.2983335256577
,,,,,2552.308333516121
,,,,,2552.318333506584
,,,,,2552.3283334970474
,,,,,2552.3383334875107
,,,,,2552.3483334779744
,,,,,2552.358333468437
,,,,,2552.3683334589005
,,,,,2552.3783334493633
,,,,,2552.388333439827
,,,,,2552.39833343029
,,,,,2552.408333420754
,,,,,2552.4183334112167
,,,,,2552.42833340168
,,,,,2552.4383333921432
,,,,,2552.4483333826065
,,,,,2552.4583333730698
,,,,,2552.468333363533
,,,,,2552.4783333539963
,,,,,2552.4883333444595
,,,,,2552.4983333349232
,,,,,2552.508333325386
,,,,,2552.5183333158493
,,,,,2552.5283333063126
,,,,,2552.538333296776
,,,,,2552.5483335256577
,,,,,2552.558333516121
,,,,,2552.568333506584
,,,,,2552.5783334970474
,,,,,2552.5883334875107
,,,,,2552.5983334779744
,,,,,2552.608333468437
,,,,,2552.6183334589005
,,,,,2552.6233333349232
,,,,,2552.6283334493633
,,,,,2552.64833343029
,,,,,2552.658333420754
,,,,,2552.6683334112167
,,,,,2552.67833340168
,,,,,2552.6883333921432
,,,,,2552.6983333826065
,,,,,2552.7083333730698
,,,,,2552.718333363533
,,,,,2552.7283333539963
,,,,,2552.7383333444595
,,,,,2552.7483333349232
,,,,,2552.758333325386
,,,,,2552.7683333158493
,,,,,2552.7783333063126
,,,,,2552.788333296776
,,,,,2552.7983335256577
,,,,,2552.808333516121
,,,,,2552.818333506584
,,,,,2552.8283334970474
,,,,,2552.8383334875107
,,,,,2552.8483334779744
,,,,,2552.858333468437
,,,,,2552.8683334589005
,,,,,2552.8783334493633
,,,,,2552.888333439827
,,,,,2552.89833343029
,,,,,2552.908333420754
,,,,,2552.9183334112167
,,,,,2552.92833340168
,,,,,2552.9383333921432
,,,,,2552.9483333826065
,,,,,2552.9583333730698
,,,,,2552.968333363533
,,,,,2552.9783333539963
,,,,,2552.9883333444595
,,,,,2552.9983333349232
,,,,,2553.008333325386
,,,,,2553.0183333158493
,,,,,2553.0283333063126
,,,,,2553.038333296776
,,,,,2553.0483335256577
,,,,,2553.058333516121
,,,,,2553.068333506584
,,,,,2553.0783334970474
,,,,,2553.0883334875107
,,,,,2553.0983334779744
,,,,,2553.108333468437
,,,,,2553.1183334589005
,,,,,2553.1283334493633
,,,,,2553.138333439827
,,,,,2553.14833343029
,,,,,2553.158333420754
,,,,,2553.1683334112167
,,,,,2553.17833340168
,,,,,2553.1883333921432
,,,,,2553.1983333826065
,,,,,2553.2083333730698
,,,,,2553.218333363533
,,,,,2553.2283333539963
,,,,,2553.2383333444595
,,,,,2553.2483333349232
,,,,,2553.258333325386
,,,,,2553.2683333158493
,,,,,2553.2783333063126
,,,,,2553.288333296776
,,,,,2553.2983335256577
,,,,,2553.308333516121
,,,,,2553.318333506584
,,,,,2553.3283334970474
,,,,,2553.3383334875107
,,,,,2553.3483334779744
,,,,,2553.358333468437
,,,,,2553.3683334589005
,,,,,2553.3783334493633
,,,,,2553.388333439827
,,,,,2553.39833343029
,,,,,2553.408333420754
,,,,,2553.4183334112167
,,,,,2553.42833340168
,,,,,2553.4383333921432
,,,,,2553.4483333826065
,,,,,2553.4583333730698
,,,,,2553.468333363533
,,,,,2553.4783333539963
,,,,,2553.4883333444595
,,,,,2553.4983333349232
,,,,,2553.508333325386
,,,,,2553.5183333158493
,,,,,2553.5283333063126
,,,,,2553.538333296776
,,,,,2553.5483335256577
,,,,,2553.558333516121
,,,,,2553.568333506584
,,,,,2553.5783334970474
,,,,,2553.5883334875107
,,,,,2553.5983334779744
,,,,,2553.608333468437
,,,,,2553.6183334589005
,,,,,2553.6233333349232
,,,,,2553.6283334493633
,,,,,2553.64833343029
,,,,,2553.658333420754
,,,,,2553.6683334112167
,,,,,2553.67833340168
,,,,,2553.6883333921432
,,,,,2553.6983333826065
,,,,,2553.7083333730698
,,,,,2553.718333363533
,,,,,2553.7283333539963
,,,,,2553.7383333444595
,,,,,2553.7483333349232
,,,,,2553.758333325386
,,,,,2553.7683333158493
,,,,,2553.7783333063126
,,,,,2553.788333296776
,,,,,2553.7983335256577
,,,,,2553.808333516121
,,,,,2553.818333506584
,,,,,2553.8283334970474
,,,,,2553.8383334875107
,,,,,2553.8483334779744
,,,,,2553.858333468437
,,,,,2553.8683334589005
,,,,,2553.8783334493633
,,,,,2553.888333439827
,,,,,2553.89833343029
,,,,,2553.908333420754
,,,,,2553.9183334112167
,,,,,2553.92833340168
,,,,,2553.9383333921432
,,,,,2553.9483333826065
,,,,,2553.9583333730698
,,,,,2553.968333363533
,,,,,2553.9783333539963
,,,,,2553.9883333444595
,,,,,2553.9983333349232
,,,,,2554.008333325386
,,,,,2554.0183333158493
,,,,,2554.0283333063126
,,,,,2554.038333296776
,,,,,2554.0483335256577
,,,,,2554.058333516121
,,,,,2554.068333506584
,,,,,2554.0783334970474
,,,,,2554.0883334875107
,,,,,2554.0983334779744
,,,,,2554.108333468437
,,,,,2554.1183334589005
,,,,,2554.1283334493633
,,,,,2554.138333439827
,,,,,2554.14833343029
,,,,,2554.158333420754
,,,,,2554.1683334112167
,,,,,2554.17833340168
,,,,,2554.1883333921432
,,,,,2554.1983333826065
,,,,,2554.2083333730698
,,,,,2554.218333363533
,,,,,2554.2283333539963
,,,,,2554.2383333444595
,,,,,2554.2483333349232
,,,,,2554.258333325386
,,,,,2554.2683333158493
,,,,,2554.2783333063126
,,,,,2554.288333296776
,,,,,2554.2983335256577
,,,,,2554.308333516121
,,,,,2554.318333506584
,,,,,2554.3283334970474
,,,,,2554.3383334875107
,,,,,2554.3483334779744
,,,,,2554.358333468437
,,,,,2554.3683334589005
,,,,,2554.3783334493633
,,,,,2554.388333439827
,,,,,2554.39833343029
,,,,,2554.408333420754
,,,,,2554.4183334112167
,,,,,2554.42833340168
,,,,,2554.4383333921432
,,,,,2554.4483333826065
,,,,,2554.4583333730698
,,,,,2554.468333363533
,,,,,2554.4783333539963
,,,,,2554.4883333444595
,,,,,2554.4983333349232
,,,,,2554.508333325386
,,,,,2554.5183333158493
,,,,,2554.5283333063126
,,,,,2554.538333296776
,,,,,2554.5483335256577
,,,,,2554.558333516121
,,,,,2554.568333506584
,,,,,2554.5783334970474
,,,,,2554.5883334875107
,,,,,2554.5983334779744
,,,,,2554.608333468437
,,,,,2554.6183334589005
,,,,,2554.6233333349232
,,,,,2554.6283334493633
,,,,,2554.64833343029
,,,,,2554.658333420754
,,,,,2554.6683334112167
,,,,,2554.67833340168
,,,,,2554.6883333921432
,,,,,2554.6983333826065
,,,,,2554.7083333730698
,,,,,2554.718333363533
,,,,,2554.7283333539963
,,,,,2554.7383333444595
,,,,,2554.7483333349232
,,,,,2554.758333325386
,,,,,2554.7683333158493
,,,,,2554.7783333063126
,,,,,2554.788333296776
,,,,,2554.7983335256577
,,,,,2554.808333516121
,,,,,2554.818333506584
,,,,,2554.8283334970474
,,,,,2554.8383334875107
,,,,,2554.8483334779744
,,,,,2554.858333468437
,,,,,2554.8683334589005
,,,,,2554.8783334493633
,,,,,2554.888333439827
,,,,,2554.89833343029
,,,,,2554.908333420754
,,,,,2554.9183334112167
,,,,,2554.92833340168
,,,,,2554.9383333921432
,,,,,2554.9483333826065
,,,,,2554.9583333730698
,,,,,2554.968333363533
,,,,,2554.9783333539963
,,,,,2554.9883333444595
,,,,,2554.9983333349232
,,,,,2555.008333325386
,,,,,2555.0183333158493
,,,,,2555.0283333063126
,,,,,2555.038333296776
,,,,,2555.0483335256577
,,,,,2555.058333516121
,,,,,2555.068333506584
,,,,,2555.0783334970474
,,,,,2555.0883334875107
,,,,,2555.0983334779744
,,,,,2555.108333468437
,,,,,2555.1183334589005
,,,,,2555.1283334493633
,,,,,2555.138333439827
,,,,,2555.14833343029
,,,,,2555.158333420754
,,,,,2555.1683334112167
,,,,,2555.17833340168
,,,,,2555.1883333921432
,,,,,2555.1983333826065
,,,,,2555.2083333730698
,,,,,2555.218333363533
,,,,,2555.2283333539963
,,,,,2555.2383333444595
,,,,,2555.2483333349232
,,,,,2555.258333325386
,,,,,2555.2683333158493
,,,,,2555.2783333063126
,,,,,2555.288333296776
,,,,,2555.2983335256577
,,,,,2555.308333516121
,,,,,2555.318333506584
,,,,,2555.3283334970474
,,,,,2555.3383334875107
,,,,,2555.3483334779744
,,,,,2555.358333468437
,,,,,2555.3683334589005
,,,,,2555.3783334493633
,,,,,2555.388333439827
,,,,,2555.39833343029
,,,,,2555.408333420754
,,,,,2555.4183334112167
,,,,,2555.42833340168
,,,,,2555.4383333921432
,,,,,2555.4483333826065
,,,,,2555.4583333730698
,,,,,2555.468333363533
,,,,,2555.4783333539963
,,,,,2555.4883333444595
,,,,,2555.4983333349232
,,,,,2555.508333325386
,,,,,2555.5183333158493
,,,,,2555.5283333063126
,,,,,2555.538333296776
,,,,,2555.5483335256577
,,,,,2555.558333516121
,,,,,2555.568333506584
,,,,,2555.5783334970474
,,,,,2555.5883334875107
,,,,,2555.5983334779744
,,,,,2555.608333468437
,,,,,2555.6183334589005
,,,,,2555.6233333349232
,,,,,2555.6283334493633
,,,,,2555.6433333158493
,,,,,2555.6533333063126
,,,,,2555.663333296776
,,,,,2555.6733335256577
,,,,,2555.683333516121
,,,,,2555.693333506584
,,,,,2555.7033334970474
,,,,,2555.7133334875107
,,,,,2555.7233334779744
,,,,,2555.733333468437
,,,,,2555.7433334589005
,,,,,2555.7533334493633
,,,,,2555.763333439827
,,,,,2555.77333343029
,,,,,2555.783333420754
,,,,,2555.7933334112167
,,,,,2555.80333340168
,,,,,2555.8133333921432
,,,,,2555.8233333826065
,,,,,2555.8333333730698
,,,,,2555.843333363533
,,,,,2555.8533333539963
,,,,,2555.8633333444595
,,,,,2555.8733333349232
,,,,,2555.883333325386
,,,,,2555.8933333158493
,,,,,2555.9033333063126
,,,,,2555.913333296776
,,,,,2555.9233335256577
,,,,,2555.933333516121
,,,,,2555.943333506584
,,,,,2555.9533334970474
,,,,,2555.9633334875107
,,,,,2555.9733334779744
,,,,,2555.983333468437
,,,,,2555.9933334589005
,,,,,2556.0033334493633
,,,,,2556.013333439827
,,,,,2556.02333343029
,,,,,2556.033333420754
,,,,,2556.0433334112167
,,,,,2556.05333340168
,,,,,2556.0633333921432
,,,,,2556.0733333826065
,,,,,2556.0833333730698
,,,,,2556.093333363533
,,,,,2556.1033333539963
,,,,,2556.1133333444595
,,,,,2556.1233333349232
,,,,,2556.133333325386
,,,,,2556.1433333158493
,,,,,2556.1533333063126
,,,,,2556.163333296776
,,,,,2556.1733335256577
,,,,,2556.183333516121
,,,,,2556.193333506584
,,,,,2556.2033334970474
,,,,,2556.2133334875107
,,,,,2556.2233334779744
,,,,,2556.233333468437
,,,,,2556.2433334589005
,,,,,2556.2533334493633
,,,,,2556.263333439827
,,,,,2556.27333343029
,,,,,2556.283333420754
,,,,,2556.2933334112167
,,,,,2556.30333340168
,,,,,2556.3133333921432
,,,,,2556.3233333826065
,,,,,2556.3333333730698
,,,,,2556.343333363533
,,,,,2556.3533333539963
,,,,,2556.3633333444595
,,,,,2556.3733333349232
,,,,,2556.383333325386
,,,,,2556.3933333158493
,,,,,2556.4033333063126
,,,,,2556.413333296776
,,,,,2556.4233335256577
,,,,,2556.433333516121
,,,,,2556.443333506584
,,,,,2556.4533334970474
,,,,,2556.4633334875107
,,,,,2556.4733334779744
,,,,,2556.483333468437
,,,,,2556.4933334589005
,,,,,2556.5033334493633
,,,,,2556.513333439827
,,,,,2556.52333343029
,,,,,2556.533333420754
,,,,,2556.5433334112167
,,,,,2556.55333340168
,,,,,2556.5633333921432
,,,,,2556.5733333826065
,,,,,2556.5833333730698
,,,,,2556.593333363533
,,,,,2556.6033333539963
,,,,,2556.6133333444595
,,,,,2556.6233333349232
,,,,,2556.6283334493633
,,,,,2556.633333325386
,,,,,2556.6533333063126
,,,,,2556.6683334112167
,,,,,2556.67833340168
,,,,,2556.6883333921432
,,,,,2556.6983333826065
,,,,,2556.7083333730698
,,,,,2556.718333363533
,,,,,2556.7283333539963
,,,,,2556.7383333444595
,,,,,2556.7483333349232
,,,,,2556.758333325386
,,,,,2556.7683333158493
,,,,,2556.7783333063126
,,,,,2556.788333296776
,,,,,2556.7983335256577
,,,,,2556.808333516121
,,,,,2556.818333506584
,,,,,2556.8283334970474
,,,,,2556.8383334875107
,,,,,2556.8483334779744
,,,,,2556.858333468437
,,,,,2556.8683334589005
,,,,,2556.8783334493633
,,,,,2556.888333439827
,,,,,2556.89833343029
,,,,,2556.908333420754
,,,,,2556.9183334112167
,,,,,2556.92833340168
,,,,,2556.9383333921432
,,,,,2556.9483333826065
,,,,,2556.9583333730698
,,,,,2556.968333363533
,,,,,2556.9783333539963
,,,,,2556.9883333444595
,,,,,2556.9983333349232
,,,,,2557.008333325386
,,,,,2557.0183333158493
,,,,,2557.0283333063126
,,,,,2557.038333296776
,,,,,2557.0483335256577
,,,,,2557.058333516121
,,,,,2557.068333506584
,,,,,2557.0783334970474
,,,,,2557.0883334875107
,,,,,2557.0983334779744
,,,,,2557.108333468437
,,,,,2557.1183334589005
,,,,,2557.1283334493633
,,,,,2557.138333439827
,,,,,2557.14833343029
,,,,,2557.158333420754
,,,,,2557.1683334112167
,,,,,2557.17833340168
,,,,,2557.1883333921432
,,,,,2557.1983333826065
,,,,,2557.2083333730698
,,,,,2557.218333363533
,,,,,2557.2283333539963
,,,,,2557.2383333444595
,,,,,2557.2483333349232
,,,,,2557.258333325386
,,,,,2557.2683333158493
,,,,,2557.2783333063126
,,,,,2557.288333296776
,,,,,2557.2983335256577
,,,,,2557.308333516121
,,,,,2557.318333506584
,,,,,2557.3283334970474
,,,,,2557.3383334875107
,,,,,2557.3483334779744
,,,,,2557.358333468437
,,,,,2557.3683334589005
,,,,,2557.3783334493633
,,,,,2557.388333439827
,,,,,2557.39833343029
,,,,,2557.408333420754
,,,,,2557.4183334112167
,,,,,2557.42833340168
,,,,,2557.4383333921432
,,,,,2557.4483333826065
,,,,,2557.4583333730698
,,,,,2557.468333363533
,,,,,2557.4783333539963
,,,,,2557.4883333444595
,,,,,2557.4983333349232
,,,,,2557.508333325386
,,,,,2557.5183333158493
,,,,,2557.5283333063126
,,,,,2557.538333296776
,,,,,2557.5483335256577
,,,,,2557.558333516121
,,,,,2557.568333506584
,,,,,2557.5783334970474
,,,,,2557.5883334875107
,,,,,2557.5983334779744
,,,,,2557.608333468437
,,,,,2557.6183334589005
,,,,,2557.6283334493633
,,,,,2557.633333325386
,,,,,2557.638333439827
,,,,,2557.6533333063126
,,,,,2557.663333296776
,,,,,2557.6733335256577
,,,,,2557.683333516121
,,,,,2557.693333506584
,,,,,2557.7033334970474
,,,,,2557.7133334875107
,,,,,2557.7233334779744
,,,,,2557.733333468437
,,,,,2557.7433334589005
,,,,,2557.7533334493633
,,,,,2557.763333439827
,,,,,2557.77333343029
,,,,,2557.783333420754
,,,,,2557.7933334112167
,,,,,2557.80333340168
,,,,,2557.8133333921432
,,,,,2557.8233333826065
,,,,,2557.8333333730698
,,,,,2557.843333363533
,,,,,2557.8533333539963
,,,,,2557.8633333444595
,,,,,2557.8733333349232
,,,,,2557.883333325386
,,,,,2557.8933333158493
,,,,,2557.9033333063126
,,,,,2557.913333296776
,,,,,2557.9233335256577
,,,,,2557.933333516121
,,,,,2557.943333506584
,,,,,2557.9533334970474
,,,,,2557.9633334875107
,,,,,2557.9733334779744
,,,,,2557.983333468437
,,,,,2557.9933334589005
,,,,,2558.0033334493633
,,,,,2558.013333439827
,,,,,2558.02333343029
,,,,,2558.033333420754
,,,,,2558.0433334112167
,,,,,2558.05333340168
,,,,,2558.0633333921432
,,,,,2558.0733333826065
,,,,,2558.0833333730698
,,,,,2558.093333363533
,,,,,2558.1033333539963
,,,,,2558.1133333444595
,,,,,2558.1233333349232
,,,,,2558.133333325386
,,,,,2558.1433333158493
,,,,,2558.1533333063126
,,,,,2558.163333296776
,,,,,2558.1733335256577
,,,,,2558.183333516121
,,,,,2558.193333506584
,,,,,2558.2033334970474
,,,,,2558.2133334875107
,,,,,2558.2233334779744
,,,,,2558.233333468437
,,,,,2558.2433334589005
,,,,,2558.2533334493633
,,,,,2558.263333439827
,,,,,2558.27333343029
,,,,,2558.283333420754
,,,,,2558.2933334112167
,,,,,2558.30333340168
,,,,,2558.3133333921432
,,,,,2558.3233333826065
,,,,,2558.3333333730698
,,,,,2558.343333363533
,,,,,2558.3533333539963
,,,,,2558.3633333444595
,,,,,2558.3733333349232
,,,,,2558.383333325386
,,,,,2558.3933333158493
,,,,,2558.4033333063126
,,,,,2558.413333296776
,,,,,2558.4233335256577
,,,,,2558.433333516121
,,,,,2558.443333506584
,,,,,2558.4533334970474
,,,,,2558.4633334875107
,,,,,2558.4733334779744
,,,,,2558.483333468437
,,,,,2558.4933334589005
,,,,,2558.5033334493633
,,,,,2558.513333439827
,,,,,2558.52333343029
,,,,,2558.533333420754
,,,,,2558.5433334112167
,,,,,2558.55333340168
,,,,,2558.5633333921432
,,,,,2558.5733333826065
,,,,,2558.5833333730698
,,,,,2558.593333363533
,,,,,2558.6033333539963
,,,,,2558.6133333444595
,,,,,2558.6233333349232
,,,,,2558.633333325386
,,,,,2558.638333439827
,,,,,2558.6433333158493
,,,,,2558.658333420754
,,,,,2558.6683334112167
,,,,,2558.67833340168
,,,,,2558.6883333921432
,,,,,2558.6983333826065
,,,,,2558.7083333730698
,,,,,2558.718333363533
,,,,,2558.7283333539963
,,,,,2558.7383333444595
,,,,,2558.7483333349232
,,,,,2558.758333325386
,,,,,2558.7683333158493
,,,,,2558.7783333063126
,,,,,2558.788333296776
,,,,,2558.7983335256577
,,,,,2558.808333516121
,,,,,2558.818333506584
,,,,,2558.8283334970474
,,,,,2558.8383334875107
,,,,,2558.8483334779744
,,,,,2558.858333468437
,,,,,2558.8683334589005
,,,,,2558.8783334493633
,,,,,2558.888333439827
,,,,,2558.89833343029
,,,,,2558.908333420754
,,,,,2558.9183334112167
,,,,,2558.92833340168
,,,,,2558.9383333921432
,,,,,2558.9483333826065
,,,,,2558.9583333730698
,,,,,2558.968333363533
,,,,,2558.9783333539963
,,,,,2558.9883333444595
,,,,,2558.9983333349232
,,,,,2559.008333325386
,,,,,2559.0183333158493
,,,,,2559.0283333063126
,,,,,2559.038333296776
,,,,,2559.0483335256577
,,,,,2559.058333516121
,,,,,2559.068333506584
,,,,,2559.0783334970474
,,,,,2559.0883334875107
,,,,,2559.0983334779744
,,,,,2559.108333468437
,,,,,2559.1183334589005
,,,,,2559.1283334493633
,,,,,2559.138333439827
,,,,,2559.14833343029
,,,,,2559.158333420754
,,,,,2559.1683334112167
,,,,,2559.17833340168
,,,,,2559.1883333921432
,,,,,2559.1983333826065
,,,,,2559.2083333730698
,,,,,2559.218333363533
,,,,,2559.2283333539963
,,,,,2559.2383333444595
,,,,,2559.2483333349232
,,,,,2559.258333325386
,,,,,2559.2683333158493
,,,,,2559.2783333063126
,,,,,2559.288333296776
,,,,,2559.2983335256577
,,,,,2559.308333516121
,,,,,2559.318333506584
,,,,,2559.3283334970474
,,,,,2559.3383334875107
,,,,,2559.3483334779744
,,,,,2559.358333468437
,,,,,2559.3683334589005
,,,,,2559.3783334493633
,,,,,2559.388333439827
,,,,,2559.39833343029
,,,,,2559.408333420754
,,,,,2559.4183334112167
,,,,,2559.42833340168
,,,,,2559.4383333921432
,,,,,2559.4483333826065
,,,,,2559.4583333730698
,,,,,2559.468333363533
,,,,,2559.4783333539963
,,,,,2559.4883333444595
,,,,,2559.4983333349232
,,,,,2559.508333325386
,,,,,2559.5183333158493
,,,,,2559.5283333063126
,,,,,2559.538333296776
,,,,,2559.5483335256577
,,,,,2559.558333516121
,,,,,2559.568333506584
,,,,,2559.5783334970474
,,,,,2559.5883334875107
,,,,,2559.5983334779744
,,,,,2559.608333468437
,,,,,2559.6183334589005
,,,,,2559.6283334493633
,,,,,2559.638333439827
,,,,,2559.6433333158493
,,,,,2559.64833343029
,,,,,2559.663333296776
,,,,,2559.6733335256577
,,,,,2559.683333516121
,,,,,2559.693333506584
,,,,,2559.7033334970474
,,,,,2559.7133334875107
,,,,,2559.7233334779744
,,,,,2559.733333468437
,,,,,2559.7433334589005
,,,,,2559.7533334493633
,,,,,2559.763333439827
,,,,,2559.77333343029
,,,,,2559.783333420754
,,,,,2559.7933334112167
,,,,,2559.80333340168
,,,,,2559.8133333921432
,,,,,2559.8233333826065
,,,,,2559.8333333730698
,,,,,2559.843333363533
,,,,,2559.8533333539963
,,,,,2559.8633333444595
,,,,,2559.8733333349232
,,,,,2559.883333325386
,,,,,2559.8933333158493
,,,,,2559.9033333063126
,,,,,2559.913333296776
,,,,,2559.9233335256577
,,,,,2559.933333516121
,,,,,2559.943333506584
,,,,,2559.9533334970474
,,,,,2559.9633334875107
,,,,,2559.9733334779744
,,,,,2559.983333468437
,,,,,2559.9933334589005
,,,,,2560.0033334493633
,,,,,2560.013333439827
,,,,,2560.02333343029
,,,,,2560.033333420754
,,,,,2560.0433334112167
,,,,,2560.05333340168
,,,,,2560.0633333921432
,,,,,2560.0733333826065
,,,,,2560.0833333730698
,,,,,2560.093333363533
,,,,,2560.1033333539963
,,,,,2560.1133333444595
,,,,,2560.1233333349232
,,,,,2560.133333325386
,,,,,2560.1433333158493
,,,,,2560.1533333063126
,,,,,2560.163333296776
,,,,,2560.1733335256577
,,,,,2560.183333516121
,,,,,2560.193333506584
,,,,,2560.2033334970474
,,,,,2560.2133334875107
,,,,,2560.2233334779744
,,,,,2560.233333468437
,,,,,2560.2433334589005
,,,,,2560.2533334493633
,,,,,2560.263333439827
,,,,,2560.27333343029
,,,,,2560.283333420754
,,,,,2560.2933334112167
,,,,,2560.30333340168
,,,,,2560.3133333921432
,,,,,2560.3233333826065
,,,,,2560.3333333730698
,,,,,2560.343333363533
,,,,,2560.3533333539963
,,,,,2560.3633333444595
,,,,,2560.3733333349232
,,,,,2560.383333325386
,,,,,2560.3933333158493
,,,,,2560.4033333063126
,,,,,2560.413333296776
,,,,,2560.4233335256577
,,,,,2560.433333516121
,,,,,2560.443333506584
,,,,,2560.4533334970474
,,,,,2560.4633334875107
,,,,,2560.4733334779744
,,,,,2560.483333468437
,,,,,2560.4933334589005
,,,,,2560.5033334493633
,,,,,2560.513333439827
,,,,,2560.52333343029
,,,,,2560.533333420754
,,,,,2560.5433334112167
,,,,,2560.55333340168
,,,,,2560.5633333921432
,,,,,2560.5733333826065
,,,,,2560.5833333730698
,,,,,2560.593333363533
,,,,,2560.6033333539963
,,,,,2560.6133333444595
,,,,,2560.6233333349232
,,,,,2560.633333325386
,,,,,2560.6433333158493
,,,,,2560.64833343029
,,,,,2560.6533333063126
,,,,,2560.6683334112167
,,,,,2560.67833340168
,,,,,2560.6883333921432
,,,,,2560.6983333826065
,,,,,2560.7083333730698
,,,,,2560.718333363533
,,,,,2560.7283333539963
,,,,,2560.7383333444595
,,,,,2560.7483333349232
,,,,,2560.758333325386
,,,,,2560.7683333158493
,,,,,2560.7783333063126
,,,,,2560.788333296776
,,,,,2560.7983335256577
,,,,,2560.808333516121
,,,,,2560.818333506584
,,,,,2560.8283334970474
,,,,,2560.8383334875107
,,,,,2560.8483334779744
,,,,,2560.858333468437
,,,,,2560.8683334589005
,,,,,2560.8783334493633
,,,,,2560.888333439827
,,,,,2560.89833343029
,,,,,2560.908333420754
,,,,,2560.9183334112167
,,,,,2560.92833340168
,,,,,2560.9383333921432
,,,,,2560.9483333826065
,,,,,2560.9583333730698
,,,,,2560.968333363533
,,,,,2560.9783333539963
,,,,,2560.9883333444595
,,,,,2560.9983333349232
,,,,,2561.008333325386
,,,,,2561.0183333158493
,,,,,2561.0283333063126
,,,,,2561.038333296776
,,,,,2561.0483335256577
,,,,,2561.058333516121
,,,,,2561.068333506584
,,,,,2561.0783334970474
,,,,,2561.0883334875107
,,,,,2561.0983334779744
,,,,,2561.108333468437
,,,,,2561.1183334589005
,,,,,2561.1283334493633
,,,,,2561.138333439827
,,,,,2561.14833343029
,,,,,2561.158333420754
,,,,,2561.1683334112167
,,,,,2561.17833340168
,,,,,2561.1883333921432
,,,,,2561.1983333826065
,,,,,2561.2083333730698
,,,,,2561.218333363533
,,,,,2561.2283333539963
,,,,,2561.2383333444595
,,,,,2561.2483333349232
,,,,,2561.258333325386
,,,,,2561.2683333158493
,,,,,2561.2783333063126
,,,,,2561.288333296776
,,,,,2561.2983335256577
,,,,,2561.308333516121
,,,,,2561.318333506584
,,,,,2561.3283334970474
,,,,,2561.3383334875107
,,,,,2561.3483334779744
,,,,,2561.358333468437
,,,,,2561.3683334589005
,,,,,2561.3783334493633
,,,,,2561.388333439827
,,,,,2561.39833343029
,,,,,2561.408333420754
,,,,,2561.4183334112167
,,,,,2561.42833340168
,,,,,2561.4383333921432
,,,,,2561.4483333826065
,,,,,2561.4583333730698
,,,,,2561.468333363533
,,,,,2561.4783333539963
,,,,,2561.4883333444595
,,,,,2561.4983333349232
,,,,,2561.508333325386
,,,,,2561.5183333158493
,,,,,2561.5283333063126
,,,,,2561.538333296776
,,,,,2561.5483335256577
,,,,,2561.558333516121
,,,,,2561.568333506584
,,,,,2561.5783334970474
,,,,,2561.5883334875107
,,,,,2561.5983334779744
,,,,,2561.608333468437
,,,,,2561.6183334589005
,,,,,2561.6283334493633
,,,,,2561.638333439827
,,,,,2561.64833343029
,,,,,2561.6533333063126
,,,,,2561.658333420754
,,,,,2561.6733335256577
,,,,,2561.693333506584
,,,,,2561.7033334970474
,,,,,2561.7133334875107
,,,,,2561.7233334779744
,,,,,2561.733333468437
,,,,,2561.7433334589005
,,,,,2561.7533334493633
,,,,,2561.763333439827
,,,,,2561.77333343029
,,,,,2561.783333420754
,,,,,2561.7933334112167
,,,,,2561.80333340168
,,,,,2561.8133333921432
,,,,,2561.8233333826065
,,,,,2561.8333333730698
,,,,,2561.843333363533
,,,,,2561.8533333539963
,,,,,2561.8633333444595
,,,,,2561.8733333349232
,,,,,2561.883333325386
,,,,,2561.8933333158493
,,,,,2561.9033333063126
,,,,,2561.913333296776
,,,,,2561.9233335256577
,,,,,2561.933333516121
,,,,,2561.943333506584
,,,,,2561.9533334970474
,,,,,2561.9633334875107
,,,,,2561.9733334779744
,,,,,2561.983333468437
,,,,,2561.9933334589005
,,,,,2562.0033334493633
,,,,,2562.013333439827
,,,,,2562.02333343029
,,,,,2562.033333420754
,,,,,2562.0433334112167
,,,,,2562.05333340168
,,,,,2562.0633333921432
,,,,,2562.0733333826065
,,,,,2562.0833333730698
,,,,,2562.093333363533
,,,,,2562.1033333539963
,,,,,2562.1133333444595
,,,,,2562.1233333349232
,,,,,2562.133333325386
,,,,,2562.1433333158493
,,,,,2562.1533333063126
,,,,,2562.163333296776
,,,,,2562.1733335256577
,,,,,2562.183333516121
,,,,,2562.193333506584
,,,,,2562.2033334970474
,,,,,2562.2133334875107
,,,,,2562.2233334779744
,,,,,2562.233333468437
,,,,,2562.2433334589005
,,,,,2562.2533334493633
,,,,,2562.263333439827
,,,,,2562.27333343029
,,,,,2562.283333420754
,,,,,2562.2933334112167
,,,,,2562.30333340168
,,,,,2562.3133333921432
,,,,,2562.3233333826065
,,,,,2562.3333333730698
,,,,,2562.343333363533
,,,,,2562.3533333539963
,,,,,2562.3633333444595
,,,,,2562.3733333349232
,,,,,2562.383333325386
,,,,,2562.3933333158493
,,,,,2562.4033333063126
,,,,,2562.413333296776
,,,,,2562.4233335256577
,,,,,2562.433333516121
,,,,,2562.443333506584
,,,,,2562.4533334970474
,,,,,2562.4633334875107
,,,,,2562.4733334779744
,,,,,2562.483333468437
,,,,,2562.4933334589005
,,,,,2562.5033334493633
,,,,,2562.513333439827
,,,,,2562.52333343029
,,,,,2562.533333420754
,,,,,2562.5433334112167
,,,,,2562.55333340168
,,,,,2562.5633333921432
,,,,,2562.5733333826065
,,,,,2562.5833333730698
,,,,,2562.593333363533
,,,,,2562.6033333539963
,,,,,2562.6133333444595
,,,,,2562.6233333349232
,,,,,2562.633333325386
,,,,,2562.6433333158493
,,,,,2562.6533333063126
,,,,,2562.658333420754
,,,,,2562.663333296776
,,,,,2562.683333516121
,,,,,2562.693333506584
,,,,,2562.7033334970474
,,,,,2562.7133334875107
,,,,,2562.7233334779744
,,,,,2562.733333468437
,,,,,2562.7433334589005
,,,,,2562.7533334493633
,,,,,2562.763333439827
,,,,,2562.77333343029
,,,,,2562.783333420754
,,,,,2562.7933334112167
,,,,,2562.80333340168
,,,,,2562.8133333921432
,,,,,2562.8233333826065
,,,,,2562.8333333730698
,,,,,2562.843333363533
,,,,,2562.8533333539963
,,,,,2562.8633333444595
,,,,,2562.8733333349232
,,,,,2562.883333325386
,,,,,2562.8933333158493
,,,,,2562.9033333063126
,,,,,2562.913333296776
,,,,,2562.9233335256577
,,,,,2562.933333516121
,,,,,2562.943333506584
,,,,,2562.9533334970474
,,,,,2562.9633334875107
,,,,,2562.9733334779744
,,,,,2562.983333468437
,,,,,2562.9933334589005
,,,,,2563.0033334493633
,,,,,2563.013333439827
,,,,,2563.02333343029
,,,,,2563.033333420754
,,,,,2563.0433334112167
,,,,,2563.05333340168
,,,,,2563.0633333921432
,,,,,2563.0733333826065
,,,,,2563.0833333730698
,,,,,2563.093333363533
,,,,,2563.1033333539963
,,,,,2563.1133333444595
,,,,,2563.1233333349232
,,,,,2563.133333325386
,,,,,2563.1433333158493
,,,,,2563.1533333063126
,,,,,2563.163333296776
,,,,,2563.1733335256577
,,,,,2563.183333516121
,,,,,2563.193333506584
,,,,,2563.2033334970474
,,,,,2563.2133334875107
,,,,,2563.2233334779744
,,,,,2563.233333468437
,,,,,2563.2433334589005
,,,,,2563.2533334493633
,,,,,2563.263333439827
,,,,,2563.27333343029
,,,,,2563.283333420754
,,,,,2563.2933334112167
,,,,,2563.30333340168
,,,,,2563.3133333921432
,,,,,2563.3233333826065
,,,,,2563.3333333730698
,,,,,2563.343333363533
,,,,,2563.3533333539963
,,,,,2563.3633333444595
,,,,,2563.3733333349232
,,,,,2563.383333325386
,,,,,2563.3933333158493
,,,,,2563.4033333063126
,,,,,2563.413333296776
,,,,,2563.4233335256577
,,,,,2563.433333516121
,,,,,2563.443333506584
,,,,,2563.4533334970474
,,,,,2563.4633334875107
,,,,,2563.4733334779744
,,,,,2563.483333468437
,,,,,2563.4933334589005
,,,,,2563.5033334493633
,,,,,2563.513333439827
,,,,,2563.52333343029
,,,,,2563.533333420754
,,,,,2563.5433334112167
,,,,,2563.55333340168
,,,,,2563.5633333921432
,,,,,2563.5733333826065
,,,,,2563.5833333730698
,,,,,2563.593333363533
,,,,,2563.6033333539963
,,,,,2563.6133333444595
,,,,,2563.6233333349232
,,,,,2563.633333325386
,,,,,2563.6433333158493
,,,,,2563.6533333063126
,,,,,2563.658333420754
,,,,,2563.663333296776
,,,,,2563.683333516121
,,,,,2563.693333506584
,,,,,2563.7033334970474
,,,,,2563.7133334875107
,,,,,2563.7233334779744
,,,,,2563.733333468437
,,,,,2563.7433334589005
,,,,,2563.7533334493633
,,,,,2563.763333439827
,,,,,2563.77333343029
,,,,,2563.783333420754
,,,,,2563.7933334112167
,,,,,2563.80333340168
,,,,,2563.8133333921432
,,,,,2563.8233333826065
,,,,,2563.8333333730698
,,,,,2563.843333363533
,,,,,2563.8533333539963
,,,,,2563.8633333444595
,,,,,2563.8733333349232
,,,,,2563.883333325386
,,,,,2563.8933333158493
,,,,,2563.9033333063126
,,,,,2563.913333296776
,,,,,2563.9233335256577
,,,,,2563.933333516121
,,,,,2563.943333506584
,,,,,2563.9533334970474
,,,,,2563.9633334875107
,,,,,2563.9733334779744
,,,,,2563.983333468437
,,,,,2563.9933334589005
,,,,,2564.0033334493633
,,,,,2564.013333439827
,,,,,2564.02333343029
,,,,,2564.033333420754
,,,,,2564.0433334112167
,,,,,2564.05333340168
,,,,,2564.0633333921432
,,,,,2564.0733333826065
,,,,,2564.0833333730698
,,,,,2564.093333363533
,,,,,2564.1033333539963
,,,,,2564.1133333444595
,,,,,2564.1233333349232
,,,,,2564.133333325386
,,,,,2564.1433333158493
,,,,,2564.1533333063126
,,,,,2564.163333296776
,,,,,2564.1733335256577
,,,,,2564.183333516121
,,,,,2564.193333506584
,,,,,2564.2033334970474
,,,,,2564.2133334875107
,,,,,2564.2233334779744
,,,,,2564.233333468437
,,,,,2564.2433334589005
,,,,,2564.2533334493633
,,,,,2564.263333439827
,,,,,2564.27333343029
,,,,,2564.283333420754
,,,,,2564.2933334112167
,,,,,2564.30333340168
,,,,,2564.3133333921432
,,,,,2564.3233333826065
,,,,,2564.3333333730698
,,,,,2564.343333363533
,,,,,2564.3533333539963
,,,,,2564.3633333444595
,,,,,2564.3733333349232
,,,,,2564.383333325386
,,,,,2564.3933333158493
,,,,,2564.4033333063126
,,,,,2564.413333296776
,,,,,2564.4233335256577
,,,,,2564.433333516121
,,,,,2564.443333506584
,,,,,2564.4533334970474
,,,,,2564.4633334875107
,,,,,2564.4733334779744
,,,,,2564.483333468437
,,,,,2564.4933334589005
,,,,,2564.5033334493633
,,,,,2564.513333439827
,,,,,2564.52333343029
,,,,,2564.533333420754
,,,,,2564.5433334112167
,,,,,2564.55333340168
,,,,,2564.5633333921432
,,,,,2564.5733333826065
,,,,,2564.5833333730698
,,,,,2564.593333363533
,,,,,2564.6033333539963
,,,,,2564.6133333444595
,,,,,2564.6233333349232
,,,,,2564.633333325386
,,,,,2564.6433333158493
,,,,,2564.6533333063126
,,,,,2564.658333420754
,,,,,2564.663333296776
,,,,,2564.683333516121
,,,,,2564.693333506584
,,,,,2564.7033334970474
,,,,,2564.7133334875107
,,,,,2564.7233334779744
,,,,,2564.733333468437
,,,,,2564.7433334589005
,,,,,2564.7533334493633
,,,,,2564.763333439827
,,,,,2564.77333343029
,,,,,2564.783333420754
,,,,,2564.7933334112167
,,,,,2564.80333340168
,,,,,2564.8133333921432
,,,,,2564.8233333826065
,,,,,2564.8333333730698
,,,,,2564.843333363533
,,,,,2564.8533333539963
,,,,,2564.8633333444595
,,,,,2564.8733333349232
,,,,,2564.883333325386
,,,,,2564.8933333158493
,,,,,2564.9033333063126
,,,,,2564.913333296776
,,,,,2564.9233335256577
,,,,,2564.933333516121
,,,,,2564.943333506584
,,,,,2564.9533334970474
,,,,,2564.9633334875107
,,,,,2564.9733334779744
,,,,,2564.983333468437
,,,,,2564.9933334589005
,,,,,2565.0033334493633
,,,,,2565.013333439827
,,,,,2565.02333343029
,,,,,2565.033333420754
,,,,,2565.0433334112167
,,,,,2565.05333340168
,,,,,2565.0633333921432
,,,,,2565.0733333826065
,,,,,2565.0833333730698
,,,,,2565.093333363533
,,,,,2565.1033333539963
,,,,,2565.1133333444595
,,,,,2565.1233333349232
,,,,,2565.133333325386
,,,,,2565.1433333158493
,,,,,2565.1533333063126
,,,,,2565.163333296776
,,,,,2565.1733335256577
,,,,,2565.183333516121
,,,,,2565.193333506584
,,,,,2565.2033334970474
,,,,,2565.2133334875107
,,,,,2565.2233334779744
,,,,,2565.233333468437
,,,,,2565.2433334589005
,,,,,2565.2533334493633
,,,,,2565.263333439827
,,,,,2565.27333343029
,,,,,2565.283333420754
,,,,,2565.2933334112167
,,,,,2565.30333340168
,,,,,2565.3133333921432
,,,,,2565.3233333826065
,,,,,2565.3333333730698
,,,,,2565.343333363533
,,,,,2565.3533333539963
,,,,,2565.3633333444595
,,,,,2565.3733333349232
,,,,,2565.383333325386
,,,,,2565.3933333158493
,,,,,2565.4033333063126
,,,,,2565.413333296776
,,,,,2565.4233335256577
,,,,,2565.433333516121
,,,,,2565.443333506584
,,,,,2565.4533334970474
,,,,,2565.4633334875107
,,,,,2565.4733334779744
,,,,,2565.483333468437
,,,,,2565.4933334589005
,,,,,2565.5033334493633
,,,,,2565.513333439827
,,,,,2565.52333343029
,,,,,2565.533333420754
,,,,,2565.5433334112167
,,,,,2565.55333340168
,,,,,2565.5633333921432
,,,,,2565.5733333826065
,,,,,2565.5833333730698
,,,,,2565.593333363533
,,,,,2565.6033333539963
,,,,,2565.6133333444595
,,,,,2565.6233333349232
,,,,,2565.633333325386
,,,,,2565.6433333158493
,,,,,2565.6533333063126
,,,,,2565.658333420754
,,,,,2565.663333296776
,,,,,2565.683333516121
,,,,,2565.693333506584
,,,,,2565.7033334970474
,,,,,2565.7133334875107
,,,,,2565.7233334779744
,,,,,2565.733333468437
,,,,,2565.7433334589005
,,,,,2565.7533334493633
,,,,,2565.763333439827
,,,,,2565.77333343029
,,,,,2565.783333420754
,,,,,2565.7933334112167
,,,,,2565.80333340168
,,,,,2565.8133333921432
,,,,,2565.8233333826065
,,,,,2565.8333333730698
,,,,,2565.843333363533
,,,,,2565.8533333539963
,,,,,2565.8633333444595
,,,,,2565.8733333349232
,,,,,2565.883333325386
,,,,,2565.8933333158493
,,,,,2565.9033333063126
,,,,,2565.913333296776
,,,,,2565.9233335256577
,,,,,2565.933333516121
,,,,,2565.943333506584
,,,,,2565.9533334970474
,,,,,2565.9633334875107
,,,,,2565.9733334779744
,,,,,2565.983333468437
,,,,,2565.9933334589005
,,,,,2566.0033334493633
,,,,,2566.013333439827
,,,,,2566.02333343029
,,,,,2566.033333420754
,,,,,2566.0433334112167
,,,,,2566.05333340168
,,,,,2566.0633333921432
,,,,,2566.0733333826065
,,,,,2566.0833333730698
,,,,,2566.093333363533
,,,,,2566.1033333539963
,,,,,2566.1133333444595
,,,,,2566.1233333349232
,,,,,2566.133333325386
,,,,,2566.1433333158493
,,,,,2566.1533333063126
,,,,,2566.163333296776
,,,,,2566.1733335256577
,,,,,2566.183333516121
,,,,,2566.193333506584
,,,,,2566.2033334970474
,,,,,2566.2133334875107
,,,,,2566.2233334779744
,,,,,2566.233333468437
,,,,,2566.2433334589005
,,,,,2566.2533334493633
,,,,,2566.263333439827
,,,,,2566.27333343029
,,,,,2566.283333420754
,,,,,2566.2933334112167
,,,,,2566.30333340168
,,,,,2566.3133333921432
,,,,,2566.3233333826065
,,,,,2566.3333333730698
,,,,,2566.343333363533
,,,,,2566.3533333539963
,,,,,2566.3633333444595
,,,,,2566.3733333349232
,,,,,2566.383333325386
,,,,,2566.3933333158493
,,,,,2566.4033333063126
,,,,,2566.413333296776
,,,,,2566.4233335256577
,,,,,2566.433333516121
,,,,,2566.443333506584
,,,,,2566.4533334970474
,,,,,2566.4633334875107
,,,,,2566.4733334779744
,,,,,2566.483333468437
,,,,,2566.4933334589005
,,,,,2566.5033334493633
,,,,,2566.513333439827
,,,,,2566.52333343029
,,,,,2566.533333420754
,,,,,2566.5433334112167
,,,,,2566.55333340168
,,,,,2566.5633333921432
,,,,,2566.5733333826065
,,,,,2566.5833333730698
,,,,,2566.593333363533
,,,,,2566.6033333539963
,,,,,2566.6133333444595
,,,,,2566.6233333349232
,,,,,2566.633333325386
,,,,,2566.6433333158493
,,,,,2566.6533333063126
,,,,,2566.658333420754
,,,,,2566.663333296776
,,,,,2566.683333516121
,,,,,2566.6983333826065
,,,,,2566.7083333730698
,,,,,2566.718333363533
,,,,,2566.7283333539963
,,,,,2566.7383333444595
,,,,,2566.7483333349232
,,,,,2566.758333325386
,,,,,2566.7683333158493
,,,,,2566.7783333063126
,,,,,2566.788333296776
,,,,,2566.7983335256577
,,,,,2566.808333516121
,,,,,2566.818333506584
,,,,,2566.8283334970474
,,,,,2566.8383334875107
,,,,,2566.8483334779744
,,,,,2566.858333468437
,,,,,2566.8683334589005
,,,,,2566.8783334493633
,,,,,2566.888333439827
,,,,,2566.89833343029
,,,,,2566.908333420754
,,,,,2566.9183334112167
,,,,,2566.92833340168
,,,,,2566.9383333921432
,,,,,2566.9483333826065
,,,,,2566.9583333730698
,,,,,2566.968333363533
,,,,,2566.9783333539963
,,,,,2566.9883333444595
,,,,,2566.9983333349232
,,,,,2567.008333325386
,,,,,2567.0183333158493
,,,,,2567.0283333063126
,,,,,2567.038333296776
,,,,,2567.0483335256577
,,,,,2567.058333516121
,,,,,2567.068333506584
,,,,,2567.0783334970474
,,,,,2567.0883334875107
,,,,,2567.0983334779744
,,,,,2567.108333468437
,,,,,2567.1183334589005
,,,,,2567.1283334493633
,,,,,2567.138333439827
,,,,,2567.14833343029
,,,,,2567.158333420754
,,,,,2567.1683334112167
,,,,,2567.17833340168
,,,,,2567.1883333921432
,,,,,2567.1983333826065
,,,,,2567.2083333730698
,,,,,2567.218333363533
,,,,,2567.2283333539963
,,,,,2567.2383333444595
,,,,,2567.2483333349232
,,,,,2567.258333325386
,,,,,2567.2683333158493
,,,,,2567.2783333063126
,,,,,2567.288333296776
,,,,,2567.2983335256577
,,,,,2567.308333516121
,,,,,2567.318333506584
,,,,,2567.3283334970474
,,,,,2567.3383334875107
,,,,,2567.3483334779744
,,,,,2567.358333468437
,,,,,2567.3683334589005
,,,,,2567.3783334493633
,,,,,2567.388333439827
,,,,,2567.39833343029
,,,,,2567.408333420754
,,,,,2567.4183334112167
,,,,,2567.42833340168
,,,,,2567.4383333921432
,,,,,2567.4483333826065
,,,,,2567.4583333730698
,,,,,2567.468333363533
,,,,,2567.4783333539963
,,,,,2567.4883333444595
,,,,,2567.4983333349232
,,,,,2567.508333325386
,,,,,2567.5183333158493
,,,,,2567.5283333063126
,,,,,2567.538333296776
,,,,,2567.5483335256577
,,,,,2567.558333516121
,,,,,2567.568333506584
,,,,,2567.5783334970474
,,,,,2567.5883334875107
,,,,,2567.5983334779744
,,,,,2567.608333468437
,,,,,2567.6183334589005
,,,,,2567.6283334493633
,,,,,2567.638333439827
,,,,,2567.64833343029
,,,,,2567.658333420754
,,,,,2567.663333296776
,,,,,2567.6683334112167
,,,,,2567.6883333921432
,,,,,2567.6983333826065
,,,,,2567.7083333730698
,,,,,2567.718333363533
,,,,,2567.7283333539963
,,,,,2567.7383333444595
,,,,,2567.7483333349232
,,,,,2567.758333325386
,,,,,2567.7683333158493
,,,,,2567.7783333063126
,,,,,2567.788333296776
,,,,,2567.7983335256577
,,,,,2567.808333516121
,,,,,2567.818333506584
,,,,,2567.8283334970474
,,,,,2567.8383334875107
,,,,,2567.8483334779744
,,,,,2567.858333468437
,,,,,2567.8683334589005
,,,,,2567.8783334493633
,,,,,2567.888333439827
,,,,,2567.89833343029
,,,,,2567.908333420754
,,,,,2567.9183334112167
,,,,,2567.92833340168
,,,,,2567.9383333921432
,,,,,2567.9483333826065
,,,,,2567.9583333730698
,,,,,2567.968333363533
,,,,,2567.9783333539963
,,,,,2567.9883333444595
,,,,,2567.9983333349232
,,,,,2568.008333325386
,,,,,2568.0183333158493
,,,,,2568.0283333063126
,,,,,2568.038333296776
,,,,,2568.0483335256577
,,,,,2568.058333516121
,,,,,2568.068333506584
,,,,,2568.0783334970474
,,,,,2568.0883334875107
,,,,,2568.0983334779744
,,,,,2568.108333468437
,,,,,2568.1183334589005
,,,,,2568.1283334493633
,,,,,2568.138333439827
,,,,,2568.14833343029
,,,,,2568.158333420754
,,,,,2568.1683334112167
,,,,,2568.17833340168
,,,,,2568.1883333921432
,,,,,2568.1983333826065
,,,,,2568.2083333730698
,,,,,2568.218333363533
,,,,,2568.2283333539963
,,,,,2568.2383333444595
,,,,,2568.2483333349232
,,,,,2568.258333325386
,,,,,2568.2683333158493
,,,,,2568.2783333063126
,,,,,2568.288333296776
,,,,,2568.2983335256577
,,,,,2568.308333516121
,,,,,2568.318333506584
,,,,,2568.3283334970474
,,,,,2568.3383334875107
,,,,,2568.3483334779744
,,,,,2568.358333468437
,,,,,2568.3683334589005
,,,,,2568.3783334493633
,,,,,2568.388333439827
,,,,,2568.39833343029
,,,,,2568.408333420754
,,,,,2568.4183334112167
,,,,,2568.42833340168
,,,,,2568.4383333921432
,,,,,2568.4483333826065
,,,,,2568.4583333730698
,,,,,2568.468333363533
,,,,,2568.4783333539963
,,,,,2568.4883333444595
,,,,,2568.4983333349232
,,,,,2568.508333325386
,,,,,2568.5183333158493
,,,,,2568.5283333063126
,,,,,2568.538333296776
,,,,,2568.5483335256577
,,,,,2568.558333516121
,,,,,2568.568333506584
,,,,,2568.5783334970474
,,,,,2568.5883334875107
,,,,,2568.5983334779744
,,,,,2568.608333468437
,,,,,2568.6183334589005
,,,,,2568.6283334493633
,,,,,2568.638333439827
,,,,,2568.64833343029
,,,,,2568.658333420754
,,,,,2568.663333296776
,,,,,2568.6683334112167
,,,,,2568.6883333921432
,,,,,2568.6983333826065
,,,,,2568.7083333730698
,,,,,2568.718333363533
,,,,,2568.7283333539963
,,,,,2568.7383333444595
,,,,,2568.7483333349232
,,,,,2568.758333325386
,,,,,2568.7683333158493
,,,,,2568.7783333063126
,,,,,2568.788333296776
,,,,,2568.7983335256577
,,,,,2568.808333516121
,,,,,2568.818333506584
,,,,,2568.8283334970474
,,,,,2568.8383334875107
,,,,,2568.8483334779744
,,,,,2568.858333468437
,,,,,2568.8683334589005
,,,,,2568.8783334493633
,,,,,2568.888333439827
,,,,,2568.89833343029
,,,,,2568.908333420754
,,,,,2568.9183334112167
,,,,,2568.92833340168
,,,,,2568.9383333921432
,,,,,2568.9483333826065
,,,,,2568.9583333730698
,,,,,2568.968333363533
,,,,,2568.9783333539963
,,,,,2568.9883333444595
,,,,,2568.9983333349232
,,,,,2569.008333325386
,,,,,2569.0183333158493
,,,,,2569.0283333063126
,,,,,2569.038333296776
,,,,,2569.0483335256577
,,,,,2569.058333516121
,,,,,2569.068333506584
,,,,,2569.0783334970474
,,,,,2569.0883334875107
,,,,,2569.0983334779744
,,,,,2569.108333468437
,,,,,2569.1183334589005
,,,,,2569.1283334493633
,,,,,2569.138333439827
,,,,,2569.14833343029
,,,,,2569.158333420754
,,,,,2569.1683334112167
,,,,,2569.17833340168
,,,,,2569.1883333921432
,,,,,2569.1983333826065
,,,,,2569.2083333730698
,,,,,2569.218333363533
,,,,,2569.2283333539963
,,,,,2569.2383333444595
,,,,,2569.2483333349232
,,,,,2569.258333325386
,,,,,2569.2683333158493
,,,,,2569.2783333063126
,,,,,2569.288333296776
,,,,,2569.2983335256577
,,,,,2569.308333516121
,,,,,2569.318333506584
,,,,,2569.3283334970474
,,,,,2569.3383334875107
,,,,,2569.3483334779744
,,,,,2569.358333468437
,,,,,2569.3683334589005
,,,,,2569.3783334493633
,,,,,2569.388333439827
,,,,,2569.39833343029
,,,,,2569.408333420754
,,,,,2569.4183334112167
,,,,,2569.42833340168
,,,,,2569.4383333921432
,,,,,2569.4483333826065
,,,,,2569.4583333730698
,,,,,2569.468333363533
,,,,,2569.4783333539963
,,,,,2569.4883333444595
,,,,,2569.4983333349232
,,,,,2569.508333325386
,,,,,2569.5183333158493
,,,,,2569.5283333063126
,,,,,2569.538333296776
,,,,,2569.5483335256577
,,,,,2569.558333516121
,,,,,2569.568333506584
,,,,,2569.5783334970474
,,,,,2569.5883334875107
,,,,,2569.5983334779744
,,,,,2569.608333468437
,,,,,2569.6183334589005
,,,,,2569.6283334493633
,,,,,2569.638333439827
,,,,,2569.64833343029
,,,,,2569.658333420754
,,,,,2569.663333296776
,,,,,2569.6683334112167
,,,,,2569.6883333921432
,,,,,2569.6983333826065
,,,,,2569.7083333730698
,,,,,2569.718333363533
,,,,,2569.7283333539963
,,,,,2569.7383333444595
,,,,,2569.7483333349232
,,,,,2569.758333325386
,,,,,2569.7683333158493
,,,,,2569.7783333063126
,,,,,2569.788333296776
,,,,,2569.7983335256577
,,,,,2569.808333516121
,,,,,2569.818333506584
,,,,,2569.8283334970474
,,,,,2569.8383334875107
,,,,,2569.8483334779744
,,,,,2569.858333468437
,,,,,2569.8683334589005
,,,,,2569.8783334493633
,,,,,2569.888333439827
,,,,,2569.89833343029
,,,,,2569.908333420754
,,,,,2569.9183334112167
,,,,,2569.92833340168
,,,,,2569.9383333921432
,,,,,2569.9483333826065
,,,,,2569.9583333730698
,,,,,2569.968333363533
,,,,,2569.9783333539963
,,,,,2569.9883333444595
,,,,,2569.9983333349232
,,,,,2570.008333325386
,,,,,2570.0183333158493
,,,,,2570.0283333063126
,,,,,2570.038333296776
,,,,,2570.0483335256577
,,,,,2570.058333516121
,,,,,2570.068333506584
,,,,,2570.0783334970474
,,,,,2570.0883334875107
,,,,,2570.0983334779744
,,,,,2570.108333468437
,,,,,2570.1183334589005
,,,,,2570.1283334493633
,,,,,2570.138333439827
,,,,,2570.14833343029
,,,,,2570.158333420754
,,,,,2570.1683334112167
,,,,,2570.17833340168
,,,,,2570.1883333921432
,,,,,2570.1983333826065
,,,,,2570.2083333730698
,,,,,2570.218333363533
,,,,,2570.2283333539963
,,,,,2570.2383333444595
,,,,,2570.2483333349232
,,,,,2570.258333325386
,,,,,2570.2683333158493
,,,,,2570.2783333063126
,,,,,2570.288333296776
,,,,,2570.2983335256577
,,,,,2570.308333516121
,,,,,2570.318333506584
,,,,,2570.3283334970474
,,,,,2570.3383334875107
,,,,,2570.3483334779744
,,,,,2570.358333468437
,,,,,2570.3683334589005
,,,,,2570.3783334493633
,,,,,2570.388333439827
,,,,,2570.39833343029
,,,,,2570.408333420754
,,,,,2570.4183334112167
,,,,,2570.42833340168
,,,,,2570.4383333921432
,,,,,2570.4483333826065
,,,,,2570.4583333730698
,,,,,2570.468333363533
,,,,,2570.4783333539963
,,,,,2570.4883333444595
,,,,,2570.4983333349232
,,,,,2570.508333325386
,,,,,2570.5183333158493
,,,,,2570.5283333063126
,,,,,2570.538333296776
,,,,,2570.5483335256577
,,,,,2570.558333516121
,,,,,2570.568333506584
,,,,,2570.5783334970474
,,,,,2570.5883334875107
,,,,,2570.5983334779744
,,,,,2570.608333468437
,,,,,2570.6183334589005
,,,,,2570.6283334493633
,,,,,2570.638333439827
,,,,,2570.64833343029
,,,,,2570.658333420754
,,,,,2570.663333296776
,,,,,2570.6683334112167
,,,,,2570.683333516121
,,,,,2570.693333506584
,,,,,2570.7033334970474
,,,,,2570.7133334875107
,,,,,2570.7233334779744
,,,,,2570.733333468437
,,,,,2570.7433334589005
,,,,,2570.7533334493633
,,,,,2570.763333439827
,,,,,2570.77333343029
,,,,,2570.783333420754
,,,,,2570.7933334112167
,,,,,2570.80333340168
,,,,,2570.8133333921432
,,,,,2570.8233333826065
,,,,,2570.8333333730698
,,,,,2570.843333363533
,,,,,2570.8533333539963
,,,,,2570.8633333444595
,,,,,2570.8733333349232
,,,,,2570.883333325386
,,,,,2570.8933333158493
,,,,,2570.9033333063126
,,,,,2570.913333296776
,,,,,2570.9233335256577
,,,,,2570.933333516121
,,,,,2570.943333506584
,,,,,2570.9533334970474
,,,,,2570.9633334875107
,,,,,2570.9733334779744
,,,,,2570.983333468437
,,,,,2570.9933334589005
,,,,,2571.0033334493633
,,,,,2571.013333439827
,,,,,2571.02333343029
,,,,,2571.033333420754
,,,,,2571.0433334112167
,,,,,2571.05333340168
,,,,,2571.0633333921432
,,,,,2571.0733333826065
,,,,,2571.0833333730698
,,,,,2571.093333363533
,,,,,2571.1033333539963
,,,,,2571.1133333444595
,,,,,2571.1233333349232
,,,,,2571.133333325386
,,,,,2571.1433333158493
,,,,,2571.1533333063126
,,,,,2571.163333296776
,,,,,2571.1733335256577
,,,,,2571.183333516121
,,,,,2571.193333506584
,,,,,2571.2033334970474
,,,,,2571.2133334875107
,,,,,2571.2233334779744
,,,,,2571.233333468437
,,,,,2571.2433334589005
,,,,,2571.2533334493633
,,,,,2571.263333439827
,,,,,2571.27333343029
,,,,,2571.283333420754
,,,,,2571.2933334112167
,,,,,2571.30333340168
,,,,,2571.3133333921432
,,,,,2571.3233333826065
,,,,,2571.3333333730698
,,,,,2571.343333363533
,,,,,2571.3533333539963
,,,,,2571.3633333444595
,,,,,2571.3733333349232
,,,,,2571.383333325386
,,,,,2571.3933333158493
,,,,,2571.4033333063126
,,,,,2571.413333296776
,,,,,2571.4233335256577
,,,,,2571.433333516121
,,,,,2571.443333506584
,,,,,2571.4533334970474
,,,,,2571.4633334875107
,,,,,2571.4733334779744
,,,,,2571.483333468437
,,,,,2571.4933334589005
,,,,,2571.5033334493633
,,,,,2571.513333439827
,,,,,2571.52333343029
,,,,,2571.533333420754
,,,,,2571.5433334112167
,,,,,2571.55333340168
,,,,,2571.5633333921432
,,,,,2571.5733333826065
,,,,,2571.5833333730698
,,,,,2571.593333363533
,,,,,2571.6033333539963
,,,,,2571.6133333444595
,,,,,2571.6233333349232
,,,,,2571.633333325386
,,,,,2571.6433333158493
,,,,,2571.6533333063126
,,,,,2571.663333296776
,,,,,2571.6683334112167
,,,,,2571.6733335256577
,,,,,2571.693333506584
,,,,,2571.7083333730698
,,,,,2571.718333363533
,,,,,2571.7283333539963
,,,,,2571.7383333444595
,,,,,2571.7483333349232
,,,,,2571.758333325386
,,,,,2571.7683333158493
,,,,,2571.7783333063126
,,,,,2571.788333296776
,,,,,2571.7983335256577
,,,,,2571.808333516121
,,,,,2571.818333506584
,,,,,2571.8283334970474
,,,,,2571.8383334875107
,,,,,2571.8483334779744
,,,,,2571.858333468437
,,,,,2571.8683334589005
,,,,,2571.8783334493633
,,,,,2571.888333439827
,,,,,2571.89833343029
,,,,,2571.908333420754
,,,,,2571.9183334112167
,,,,,2571.92833340168
,,,,,2571.9383333921432
,,,,,2571.9483333826065
,,,,,2571.9583333730698
,,,,,2571.968333363533
,,,,,2571.9783333539963
,,,,,2571.9883333444595
,,,,,2571.9983333349232
,,,,,2572.008333325386
,,,,,2572.0183333158493
,,,,,2572.0283333063126
,,,,,2572.038333296776
,,,,,2572.0483335256577
,,,,,2572.058333516121
,,,,,2572.068333506584
,,,,,2572.0783334970474
,,,,,2572.0883334875107
,,,,,2572.0983334779744
,,,,,2572.108333468437
,,,,,2572.1183334589005
,,,,,2572.1283334493633
,,,,,2572.138333439827
,,,,,2572.14833343029
,,,,,2572.158333420754
,,,,,2572.1683334112167
,,,,,2572.17833340168
,,,,,2572.1883333921432
,,,,,2572.1983333826065
,,,,,2572.2083333730698
,,,,,2572.218333363533
,,,,,2572.2283333539963
,,,,,2572.2383333444595
,,,,,2572.2483333349232
,,,,,2572.258333325386
,,,,,2572.2683333158493
,,,,,2572.2783333063126
,,,,,2572.288333296776
,,,,,2572.2983335256577
,,,,,2572.308333516121
,,,,,2572.318333506584
,,,,,2572.3283334970474
,,,,,2572.3383334875107
,,,,,2572.3483334779744
,,,,,2572.358333468437
,,,,,2572.3683334589005
,,,,,2572.3783334493633
,,,,,2572.388333439827
,,,,,2572.39833343029
,,,,,2572.408333420754
,,,,,2572.4183334112167
,,,,,2572.42833340168
,,,,,2572.4383333921432
,,,,,2572.4483333826065
,,,,,2572.4583333730698
,,,,,2572.468333363533
,,,,,2572.4783333539963
,,,,,2572.4883333444595
,,,,,2572.4983333349232
,,,,,2572.508333325386
,,,,,2572.5183333158493
,,,,,2572.5283333063126
,,,,,2572.538333296776
,,,,,2572.5483335256577
,,,,,2572.558333516121
,,,,,2572.568333506584
,,,,,2572.5783334970474
,,,,,2572.5883334875107
,,,,,2572.5983334779744
,,,,,2572.608333468437
,,,,,2572.6183334589005
,,,,,2572.6283334493633
,,,,,2572.638333439827
,,,,,2572.64833343029
,,,,,2572.658333420754
,,,,,2572.6683334112167
,,,,,2572.6733335256577
,,,,,2572.67833340168
,,,,,2572.693333506584
,,,,,2572.7033334970474
,,,,,2572.7133334875107
,,,,,2572.7233334779744
,,,,,2572.733333468437
,,,,,2572.7433334589005
,,,,,2572.7533334493633
,,,,,2572.763333439827
,,,,,2572.77333343029
,,,,,2572.783333420754
,,,,,2572.7933334112167
,,,,,2572.80333340168
,,,,,2572.8133333921432
,,,,,2572.8233333826065
,,,,,2572.8333333730698
,,,,,2572.843333363533
,,,,,2572.8533333539963
,,,,,2572.8633333444595
,,,,,2572.8733333349232
,,,,,2572.883333325386
,,,,,2572.8933333158493
,,,,,2572.9033333063126
,,,,,2572.913333296776
,,,,,2572.9233335256577
,,,,,2572.933333516121
,,,,,2572.943333506584
,,,,,2572.9533334970474
,,,,,2572.9633334875107
,,,,,2572.9733334779744
,,,,,2572.983333468437
,,,,,2572.9933334589005
,,,,,2573.0033334493633
,,,,,2573.013333439827
,,,,,2573.02333343029
,,,,,2573.033333420754
,,,,,2573.0433334112167
,,,,,2573.05333340168
,,,,,2573.0633333921432
,,,,,2573.0733333826065
,,,,,2573.0833333730698
,,,,,2573.093333363533
,,,,,2573.1033333539963
,,,,,2573.1133333444595
,,,,,2573.1233333349232
,,,,,2573.133333325386
,,,,,2573.1433333158493
,,,,,2573.1533333063126
,,,,,2573.163333296776
,,,,,2573.1733335256577
,,,,,2573.183333516121
,,,,,2573.193333506584
,,,,,2573.2033334970474
,,,,,2573.2133334875107
,,,,,2573.2233334779744
,,,,,2573.233333468437
,,,,,2573.2433334589005
,,,,,2573.2533334493633
,,,,,2573.263333439827
,,,,,2573.27333343029
,,,,,2573.283333420754
,,,,,2573.2933334112167
,,,,,2573.30333340168
,,,,,2573.3133333921432
,,,,,2573.3233333826065
,,,,,2573.3333333730698
,,,,,2573.343333363533
,,,,,2573.3533333539963
,,,,,2573.3633333444595
,,,,,2573.3733333349232
,,,,,2573.383333325386
,,,,,2573.3933333158493
,,,,,2573.4033333063126
,,,,,2573.413333296776
,,,,,2573.4233335256577
,,,,,2573.433333516121
,,,,,2573.443333506584
,,,,,2573.4533334970474
,,,,,2573.4633334875107
,,,,,2573.4733334779744
,,,,,2573.483333468437
,,,,,2573.4933334589005
,,,,,2573.5033334493633
,,,,,2573.513333439827
,,,,,2573.52333343029
,,,,,2573.533333420754
,,,,,2573.5433334112167
,,,,,2573.55333340168
,,,,,2573.5633333921432
,,,,,2573.5733333826065
,,,,,2573.5833333730698
,,,,,2573.593333363533
,,,,,2573.6033333539963
,,,,,2573.6133333444595
,,,,,2573.6233333349232
,,,,,2573.633333325386
,,,,,2573.6433333158493
,,,,,2573.6533333063126
,,,,,2573.663333296776
,,,,,2573.6733335256577
,,,,,2573.67833340168
,,,,,2573.683333516121
,,,,,2573.6983333826065
,,,,,2573.7083333730698
,,,,,2573.718333363533
,,,,,2573.7283333539963
,,,,,2573.7383333444595
,,,,,2573.7483333349232
,,,,,2573.758333325386
,,,,,2573.7683333158493
,,,,,2573.7783333063126
,,,,,2573.788333296776
,,,,,2573.7983335256577
,,,,,2573.808333516121
,,,,,2573.818333506584
,,,,,2573.8283334970474
,,,,,2573.8383334875107
,,,,,2573.8483334779744
,,,,,2573.858333468437
,,,,,2573.8683334589005
,,,,,2573.8783334493633
,,,,,2573.888333439827
,,,,,2573.89833343029
,,,,,2573.908333420754
,,,,,2573.9183334112167
,,,,,2573.92833340168
,,,,,2573.9383333921432
,,,,,2573.9483333826065
,,,,,2573.9583333730698
,,,,,2573.968333363533
,,,,,2573.9783333539963
,,,,,2573.9883333444595
,,,,,2573.9983333349232
,,,,,2574.008333325386
,,,,,2574.0183333158493
,,,,,2574.0283333063126
,,,,,2574.038333296776
,,,,,2574.0483335256577
,,,,,2574.058333516121
,,,,,2574.068333506584
,,,,,2574.0783334970474
,,,,,2574.0883334875107
,,,,,2574.0983334779744
,,,,,2574.108333468437
,,,,,2574.1183334589005
,,,,,2574.1283334493633
,,,,,2574.138333439827
,,,,,2574.14833343029
,,,,,2574.158333420754
,,,,,2574.1683334112167
,,,,,2574.17833340168
,,,,,2574.1883333921432
,,,,,2574.1983333826065
,,,,,2574.2083333730698
,,,,,2574.218333363533
,,,,,2574.2283333539963
,,,,,2574.2383333444595
,,,,,2574.2483333349232
,,,,,2574.258333325386
,,,,,2574.2683333158493
,,,,,2574.2783333063126
,,,,,2574.288333296776
,,,,,2574.2983335256577
,,,,,2574.308333516121
,,,,,2574.318333506584
,,,,,2574.3283334970474
,,,,,2574.3383334875107
,,,,,2574.3483334779744
,,,,,2574.358333468437
,,,,,2574.3683334589005
,,,,,2574.3783334493633
,,,,,2574.388333439827
,,,,,2574.39833343029
,,,,,2574.408333420754
,,,,,2574.4183334112167
,,,,,2574.42833340168
,,,,,2574.4383333921432
,,,,,2574.4483333826065
,,,,,2574.4583333730698
,,,,,2574.468333363533
,,,,,2574.4783333539963
,,,,,2574.4883333444595
,,,,,2574.4983333349232
,,,,,2574.508333325386
,,,,,2574.5183333158493
,,,,,2574.5283333063126
,,,,,2574.538333296776
,,,,,2574.5483335256577
,,,,,2574.558333516121
,,,,,2574.568333506584
,,,,,2574.5783334970474
,,,,,2574.5883334875107
,,,,,2574.5983334779744
,,,,,2574.608333468437
,,,,,2574.6183334589005
,,,,,2574.6283334493633
,,,,,2574.638333439827
,,,,,2574.64833343029
,,,,,2574.658333420754
,,,,,2574.6683334112167
,,,,,2574.67833340168
,,,,,2574.683333516121
,,,,,2574.6883333921432
,,,,,2574.7033334970474
,,,,,2574.7133334875107
,,,,,2574.7233334779744
,,,,,2574.733333468437
,,,,,2574.7433334589005
,,,,,2574.7533334493633
,,,,,2574.763333439827
,,,,,2574.77333343029
,,,,,2574.783333420754
,,,,,2574.7933334112167
,,,,,2574.80333340168
,,,,,2574.8133333921432
,,,,,2574.8233333826065
,,,,,2574.8333333730698
,,,,,2574.843333363533
,,,,,2574.8533333539963
,,,,,2574.8633333444595
,,,,,2574.8733333349232
,,,,,2574.883333325386
,,,,,2574.8933333158493
,,,,,2574.9033333063126
,,,,,2574.913333296776
,,,,,2574.9233335256577
,,,,,2574.933333516121
,,,,,2574.943333506584
,,,,,2574.9533334970474
,,,,,2574.9633334875107
,,,,,2574.9733334779744
,,,,,2574.983333468437
,,,,,2574.9933334589005
,,,,,2575.0033334493633
,,,,,2575.013333439827
,,,,,2575.02333343029
,,,,,2575.033333420754
,,,,,2575.0433334112167
,,,,,2575.05333340168
,,,,,2575.0633333921432
,,,,,2575.0733333826065
,,,,,2575.0833333730698
,,,,,2575.093333363533
,,,,,2575.1033333539963
,,,,,2575.1133333444595
,,,,,2575.1233333349232
,,,,,2575.133333325386
,,,,,2575.1433333158493
,,,,,2575.1533333063126
,,,,,2575.163333296776
,,,,,2575.1733335256577
,,,,,2575.183333516121
,,,,,2575.193333506584
,,,,,2575.2033334970474
,,,,,2575.2133334875107
,,,,,2575.2233334779744
,,,,,2575.233333468437
,,,,,2575.2433334589005
,,,,,2575.2533334493633
,,,,,2575.263333439827
,,,,,2575.27333343029
,,,,,2575.283333420754
,,,,,2575.2933334112167
,,,,,2575.30333340168
,,,,,2575.3133333921432
,,,,,2575.3233333826065
,,,,,2575.3333333730698
,,,,,2575.343333363533
,,,,,2575.3533333539963
,,,,,2575.3633333444595
,,,,,2575.3733333349232
,,,,,2575.383333325386
,,,,,2575.3933333158493
,,,,,2575.4033333063126
,,,,,2575.413333296776
,,,,,2575.4233335256577
,,,,,2575.433333516121
,,,,,2575.443333506584
,,,,,2575.4533334970474
,,,,,2575.4633334875107
,,,,,2575.4733334779744
,,,,,2575.483333468437
,,,,,2575.4933334589005
,,,,,2575.5033334493633
,,,,,2575.513333439827
,,,,,2575.52333343029
,,,,,2575.533333420754
,,,,,2575.5433334112167
,,,,,2575.55333340168
,,,,,2575.5633333921432
,,,,,2575.5733333826065
,,,,,2575.5833333730698
,,,,,2575.593333363533
,,,,,2575.6033333539963
,,,,,2575.6133333444595
,,,,,2575.6233333349232
,,,,,2575.633333325386
,,,,,2575.6433333158493
,,,,,2575.6533333063126
,,,,,2575.663333296776
,,,,,2575.6733335256577
,,,,,2575.683333516121
,,,,,2575.6883333921432
,,,,,2575.693333506584
,,,,,2575.7083333730698
,,,,,2575.718333363533
,,,,,2575.7283333539963
,,,,,2575.7383333444595
,,,,,2575.7483333349232
,,,,,2575.758333325386
,,,,,2575.7683333158493
,,,,,2575.7783333063126
,,,,,2575.788333296776
,,,,,2575.7983335256577
,,,,,2575.808333516121
,,,,,2575.818333506584
,,,,,2575.8283334970474
,,,,,2575.8383334875107
,,,,,2575.8483334779744
,,,,,2575.858333468437
,,,,,2575.8683334589005
,,,,,2575.8783334493633
,,,,,2575.888333439827
,,,,,2575.89833343029
,,,,,2575.908333420754
,,,,,2575.9183334112167
,,,,,2575.92833340168
,,,,,2575.9383333921432
,,,,,2575.9483333826065
,,,,,2575.9583333730698
,,,,,2575.968333363533
,,,,,2575.9783333539963
,,,,,2575.9883333444595
,,,,,2575.9983333349232
,,,,,2576.008333325386
,,,,,2576.0183333158493
,,,,,2576.0283333063126
,,,,,2576.038333296776
,,,,,2576.0483335256577
,,,,,2576.058333516121
,,,,,2576.068333506584
,,,,,2576.0783334970474
,,,,,2576.0883334875107
,,,,,2576.0983334779744
,,,,,2576.108333468437
,,,,,2576.1183334589005
,,,,,2576.1283334493633
,,,,,2576.138333439827
,,,,,2576.14833343029
,,,,,2576.158333420754
,,,,,2576.1683334112167
,,,,,2576.17833340168
,,,,,2576.1883333921432
,,,,,2576.1983333826065
,,,,,2576.2083333730698
,,,,,2576.218333363533
,,,,,2576.2283333539963
,,,,,2576.2383333444595
,,,,,2576.2483333349232
,,,,,2576.258333325386
,,,,,2576.2683333158493
,,,,,2576.2783333063126
,,,,,2576.288333296776
,,,,,2576.2983335256577
,,,,,2576.308333516121
,,,,,2576.318333506584
,,,,,2576.3283334970474
,,,,,2576.3383334875107
,,,,,2576.3483334779744
,,,,,2576.358333468437
,,,,,2576.3683334589005
,,,,,2576.3783334493633
,,,,,2576.388333439827
,,,,,2576.39833343029
,,,,,2576.408333420754
,,,,,2576.4183334112167
,,,,,2576.42833340168
,,,,,2576.4383333921432
,,,,,2576.4483333826065
,,,,,2576.4583333730698
,,,,,2576.468333363533
,,,,,2576.4783333539963
,,,,,2576.4883333444595
,,,,,2576.4983333349232
,,,,,2576.508333325386
,,,,,2576.5183333158493
,,,,,2576.5283333063126
,,,,,2576.538333296776
,,,,,2576.5483335256577
,,,,,2576.558333516121
,,,,,2576.568333506584
,,,,,2576.5783334970474
,,,,,2576.5883334875107
,,,,,2576.5983334779744
,,,,,2576.608333468437
,,,,,2576.6183334589005
,,,,,2576.6283334493633
,,,,,2576.638333439827
,,,,,2576.64833343029
,,,,,2576.658333420754
,,,,,2576.6683334112167
,,,,,2576.67833340168
,,,,,2576.6883333921432
,,,,,2576.693333506584
,,,,,2576.6983333826065
,,,,,2576.7133334875107
,,,,,2576.733333468437
,,,,,2576.7433334589005
,,,,,2576.7533334493633
,,,,,2576.763333439827
,,,,,2576.77333343029
,,,,,2576.783333420754
,,,,,2576.7933334112167
,,,,,2576.80333340168
,,,,,2576.8133333921432
,,,,,2576.8233333826065
,,,,,2576.8333333730698
,,,,,2576.843333363533
,,,,,2576.8533333539963
,,,,,2576.8633333444595
,,,,,2576.8733333349232
,,,,,2576.883333325386
,,,,,2576.8933333158493
,,,,,2576.9033333063126
,,,,,2576.913333296776
,,,,,2576.9233335256577
,,,,,2576.933333516121
,,,,,2576.943333506584
,,,,,2576.9533334970474
,,,,,2576.9633334875107
,,,,,2576.9733334779744
,,,,,2576.983333468437
,,,,,2576.9933334589005
,,,,,2577.0033334493633
,,,,,2577.013333439827
,,,,,2577.02333343029
,,,,,2577.033333420754
,,,,,2577.0433334112167
,,,,,2577.05333340168
,,,,,2577.0633333921432
,,,,,2577.0733333826065
,,,,,2577.0833333730698
,,,,,2577.093333363533
,,,,,2577.1033333539963
,,,,,2577.1133333444595
,,,,,2577.1233333349232
,,,,,2577.133333325386
,,,,,2577.1433333158493
,,,,,2577.1533333063126
,,,,,2577.163333296776
,,,,,2577.1733335256577
,,,,,2577.183333516121
,,,,,2577.193333506584
,,,,,2577.2033334970474
,,,,,2577.2133334875107
,,,,,2577.2233334779744
,,,,,2577.233333468437
,,,,,2577.2433334589005
,,,,,2577.2533334493633
,,,,,2577.263333439827
,,,,,2577.27333343029
,,,,,2577.283333420754
,,,,,2577.2933334112167
,,,,,2577.30333340168
,,,,,2577.3133333921432
,,,,,2577.3233333826065
,,,,,2577.3333333730698
,,,,,2577.343333363533
,,,,,2577.3533333539963
,,,,,2577.3633333444595
,,,,,2577.3733333349232
,,,,,2577.383333325386
,,,,,2577.3933333158493
,,,,,2577.4033333063126
,,,,,2577.413333296776
,,,,,2577.4233335256577
,,,,,2577.433333516121
,,,,,2577.443333506584
,,,,,2577.4533334970474
,,,,,2577.4633334875107
,,,,,2577.4733334779744
,,,,,2577.483333468437
,,,,,2577.4933334589005
,,,,,2577.5033334493633
,,,,,2577.513333439827
,,,,,2577.52333343029
,,,,,2577.533333420754
,,,,,2577.5433334112167
,,,,,2577.55333340168
,,,,,2577.5633333921432
,,,,,2577.5733333826065
,,,,,2577.5833333730698
,,,,,2577.593333363533
,,,,,2577.6033333539963
,,,,,2577.6133333444595
,,,,,2577.6233333349232
,,,,,2577.633333325386
,,,,,2577.6433333158493
,,,,,2577.6533333063126
,,,,,2577.663333296776
,,,,,2577.6733335256577
,,,,,2577.683333516121
,,,,,2577.693333506584
,,,,,2577.6983333826065
,,,,,2577.7033334970474
,,,,,2577.718333363533
,,,,,2577.7283333539963
,,,,,2577.7383333444595
,,,,,2577.7483333349232
,,,,,2577.758333325386
,,,,,2577.7683333158493
,,,,,2577.7783333063126
,,,,,2577.788333296776
,,,,,2577.7983335256577
,,,,,2577.808333516121
,,,,,2577.818333506584
,,,,,2577.8283334970474
,,,,,2577.8383334875107
,,,,,2577.8483334779744
,,,,,2577.858333468437
,,,,,2577.8683334589005
,,,,,2577.8783334493633
,,,,,2577.888333439827
,,,,,2577.89833343029
,,,,,2577.908333420754
,,,,,2577.9183334112167
,,,,,2577.92833340168
,,,,,2577.9383333921432
,,,,,2577.9483333826065
,,,,,2577.9583333730698
,,,,,2577.968333363533
,,,,,2577.9783333539963
,,,,,2577.9883333444595
,,,,,2577.9983333349232
,,,,,2578.008333325386
,,,,,2578.0183333158493
,,,,,2578.0283333063126
,,,,,2578.038333296776
,,,,,2578.0483335256577
,,,,,2578.058333516121
,,,,,2578.068333506584
,,,,,2578.0783334970474
,,,,,2578.0883334875107
,,,,,2578.0983334779744
,,,,,2578.108333468437
,,,,,2578.1183334589005
,,,,,2578.1283334493633
,,,,,2578.138333439827
,,,,,2578.14833343029
,,,,,2578.158333420754
,,,,,2578.1683334112167
,,,,,2578.17833340168
,,,,,2578.1883333921432
,,,,,2578.1983333826065
,,,,,2578.2083333730698
,,,,,2578.218333363533
,,,,,2578.2283333539963
,,,,,2578.2383333444595
,,,,,2578.2483333349232
,,,,,2578.258333325386
,,,,,2578.2683333158493
,,,,,2578.2783333063126
,,,,,2578.288333296776
,,,,,2578.2983335256577
,,,,,2578.308333516121
,,,,,2578.318333506584
,,,,,2578.3283334970474
,,,,,2578.3383334875107
,,,,,2578.3483334779744
,,,,,2578.358333468437
,,,,,2578.3683334589005
,,,,,2578.3783334493633
,,,,,2578.388333439827
,,,,,2578.39833343029
,,,,,2578.408333420754
,,,,,2578.4183334112167
,,,,,2578.42833340168
,,,,,2578.4383333921432
,,,,,2578.4483333826065
,,,,,2578.4583333730698
,,,,,2578.468333363533
,,,,,2578.4783333539963
,,,,,2578.4883333444595
,,,,,2578.4983333349232
,,,,,2578.508333325386
,,,,,2578.5183333158493
,,,,,2578.5283333063126
,,,,,2578.538333296776
,,,,,2578.5483335256577
,,,,,2578.558333516121
,,,,,2578.568333506584
,,,,,2578.5783334970474
,,,,,2578.5883334875107
,,,,,2578.5983334779744
,,,,,2578.608333468437
,,,,,2578.6183334589005
,,,,,2578.6283334493633
,,,,,2578.638333439827
,,,,,2578.64833343029
,,,,,2578.658333420754
,,,,,2578.6683334112167
,,,,,2578.67833340168
,,,,,2578.6883333921432
,,,,,2578.6983333826065
,,,,,2578.7033334970474
,,,,,2578.7083333730698
,,,,,2578.7233334779744
,,,,,2578.733333468437
,,,,,2578.7433334589005
,,,,,2578.7533334493633
,,,,,2578.763333439827
,,,,,2578.77333343029
,,,,,2578.783333420754
,,,,,2578.7933334112167
,,,,,2578.80333340168
,,,,,2578.8133333921432
,,,,,2578.8233333826065
,,,,,2578.8333333730698
,,,,,2578.843333363533
,,,,,2578.8533333539963
,,,,,2578.8633333444595
,,,,,2578.8733333349232
,,,,,2578.883333325386
,,,,,2578.8933333158493
,,,,,2578.9033333063126
,,,,,2578.913333296776
,,,,,2578.9233335256577
,,,,,2578.933333516121
,,,,,2578.943333506584
,,,,,2578.9533334970474
,,,,,2578.9633334875107
,,,,,2578.9733334779744
,,,,,2578.983333468437
,,,,,2578.9933334589005
,,,,,2579.0033334493633
,,,,,2579.013333439827
,,,,,2579.02333343029
,,,,,2579.033333420754
,,,,,2579.0433334112167
,,,,,2579.05333340168
,,,,,2579.0633333921432
,,,,,2579.0733333826065
,,,,,2579.0833333730698
,,,,,2579.093333363533
,,,,,2579.1033333539963
,,,,,2579.1133333444595
,,,,,2579.1233333349232
,,,,,2579.133333325386
,,,,,2579.1433333158493
,,,,,2579.1533333063126
,,,,,2579.163333296776
,,,,,2579.1733335256577
,,,,,2579.183333516121
,,,,,2579.193333506584
,,,,,2579.2033334970474
,,,,,2579.2133334875107
,,,,,2579.2233334779744
,,,,,2579.233333468437
,,,,,2579.2433334589005
,,,,,2579.2533334493633
,,,,,2579.263333439827
,,,,,2579.27333343029
,,,,,2579.283333420754
,,,,,2579.2933334112167
,,,,,2579.30333340168
,,,,,2579.3133333921432
,,,,,2579.3233333826065
,,,,,2579.3333333730698
,,,,,2579.343333363533
,,,,,2579.3533333539963
,,,,,2579.3633333444595
,,,,,2579.3733333349232
,,,,,2579.383333325386
,,,,,2579.3933333158493
,,,,,2579.4033333063126
,,,,,2579.413333296776
,,,,,2579.4233335256577
,,,,,2579.433333516121
,,,,,2579.443333506584
,,,,,2579.4533334970474
,,,,,2579.4633334875107
,,,,,2579.4733334779744
,,,,,2579.483333468437
,,,,,2579.4933334589005
,,,,,2579.5033334493633
,,,,,2579.513333439827
,,,,,2579.52333343029
,,,,,2579.533333420754
,,,,,2579.5433334112167
,,,,,2579.55333340168
,,,,,2579.5633333921432
,,,,,2579.5733333826065
,,,,,2579.5833333730698
,,,,,2579.593333363533
,,,,,2579.6033333539963
,,,,,2579.6133333444595
,,,,,2579.6233333349232
,,,,,2579.633333325386
,,,,,2579.6433333158493
,,,,,2579.6533333063126
,,,,,2579.663333296776
,,,,,2579.6733335256577
,,,,,2579.683333516121
,,,,,2579.693333506584
,,,,,2579.7033334970474
,,,,,2579.7083333730698
,,,,,2579.7133334875107
,,,,,2579.7283333539963
,,,,,2579.7383333444595
,,,,,2579.7483333349232
,,,,,2579.758333325386
,,,,,2579.7683333158493
,,,,,2579.7783333063126
,,,,,2579.788333296776
,,,,,2579.7983335256577
,,,,,2579.808333516121
,,,,,2579.818333506584
,,,,,2579.8283334970474
,,,,,2579.8383334875107
,,,,,2579.8483334779744
,,,,,2579.858333468437
,,,,,2579.8683334589005
,,,,,2579.8783334493633
,,,,,2579.888333439827
,,,,,2579.89833343029
,,,,,2579.908333420754
,,,,,2579.9183334112167
,,,,,2579.92833340168
,,,,,2579.9383333921432
,,,,,2579.9483333826065
,,,,,2579.9583333730698
,,,,,2579.968333363533
,,,,,2579.9783333539963
,,,,,2579.9883333444595
,,,,,2579.9983333349232
,,,,,2580.008333325386
,,,,,2580.0183333158493
,,,,,2580.0283333063126
,,,,,2580.038333296776
,,,,,2580.0483335256577
,,,,,2580.058333516121
,,,,,2580.068333506584
,,,,,2580.0783334970474
,,,,,2580.0883334875107
,,,,,2580.0983334779744
,,,,,2580.108333468437
,,,,,2580.1183334589005
,,,,,2580.1283334493633
,,,,,2580.138333439827
,,,,,2580.14833343029
,,,,,2580.158333420754
,,,,,2580.1683334112167
,,,,,2580.17833340168
,,,,,2580.1883333921432
,,,,,2580.1983333826065
,,,,,2580.2083333730698
,,,,,2580.218333363533
,,,,,2580.2283333539963
,,,,,2580.2383333444595
,,,,,2580.2483333349232
,,,,,2580.258333325386
,,,,,2580.2683333158493
,,,,,2580.2783333063126
,,,,,2580.288333296776
,,,,,2580.2983335256577
,,,,,2580.308333516121
,,,,,2580.318333506584
,,,,,2580.3283334970474
,,,,,2580.3383334875107
,,,,,2580.3483334779744
,,,,,2580.358333468437
,,,,,2580.3683334589005
,,,,,2580.3783334493633
,,,,,2580.388333439827
,,,,,2580.39833343029
,,,,,2580.408333420754
,,,,,2580.4183334112167
,,,,,2580.42833340168
,,,,,2580.4383333921432
,,,,,2580.4483333826065
,,,,,2580.4583333730698
,,,,,2580.468333363533
,,,,,2580.4783333539963
,,,,,2580.4883333444595
,,,,,2580.4983333349232
,,,,,2580.508333325386
,,,,,2580.5183333158493
,,,,,2580.5283333063126
,,,,,2580.538333296776
,,,,,2580.5483335256577
,,,,,2580.558333516121
,,,,,2580.568333506584
,,,,,2580.5783334970474
,,,,,2580.5883334875107
,,,,,2580.5983334779744
,,,,,2580.608333468437
,,,,,2580.6183334589005
,,,,,2580.6283334493633
,,,,,2580.638333439827
,,,,,2580.64833343029
,,,,,2580.658333420754
,,,,,2580.6683334112167
,,,,,2580.67833340168
,,,,,2580.6883333921432
,,,,,2580.6983333826065
,,,,,2580.7083333730698
,,,,,2580.7133334875107
,,,,,2580.718333363533
,,,,,2580.733333468437
,,,,,2580.7433334589005
,,,,,2580.7533334493633
,,,,,2580.763333439827
,,,,,2580.77333343029
,,,,,2580.783333420754
,,,,,2580.7933334112167
,,,,,2580.80333340168
,,,,,2580.8133333921432
,,,,,2580.8233333826065
,,,,,2580.8333333730698
,,,,,2580.843333363533
,,,,,2580.8533333539963
,,,,,2580.8633333444595
,,,,,2580.8733333349232
,,,,,2580.883333325386
,,,,,2580.8933333158493
,,,,,2580.9033333063126
,,,,,2580.913333296776
,,,,,2580.9233335256577
,,,,,2580.933333516121
,,,,,2580.943333506584
,,,,,2580.9533334970474
,,,,,2580.9633334875107
,,,,,2580.9733334779744
,,,,,2580.983333468437
,,,,,2580.9933334589005
,,,,,2581.0033334493633
,,,,,2581.013333439827
,,,,,2581.02333343029
,,,,,2581.033333420754
,,,,,2581.0433334112167
,,,,,2581.05333340168
,,,,,2581.0633333921432
,,,,,2581.0733333826065
,,,,,2581.0833333730698
,,,,,2581.093333363533
,,,,,2581.1033333539963
,,,,,2581.1133333444595
,,,,,2581.1233333349232
,,,,,2581.133333325386
,,,,,2581.1433333158493
,,,,,2581.1533333063126
,,,,,2581.163333296776
,,,,,2581.1733335256577
,,,,,2581.183333516121
,,,,,2581.193333506584
,,,,,2581.2033334970474
,,,,,2581.2133334875107
,,,,,2581.2233334779744
,,,,,2581.233333468437
,,,,,2581.2433334589005
,,,,,2581.2533334493633
,,,,,2581.263333439827
,,,,,2581.27333343029
,,,,,2581.283333420754
,,,,,2581.2933334112167
,,,,,2581.30333340168
,,,,,2581.3133333921432
,,,,,2581.3233333826065
,,,,,2581.3333333730698
,,,,,2581.343333363533
,,,,,2581.3533333539963
,,,,,2581.3633333444595
,,,,,2581.3733333349232
,,,,,2581.383333325386
,,,,,2581.3933333158493
,,,,,2581.4033333063126
,,,,,2581.413333296776
,,,,,2581.4233335256577
,,,,,2581.433333516121
,,,,,2581.443333506584
,,,,,2581.4533334970474
,,,,,2581.4633334875107
,,,,,2581.4733334779744
,,,,,2581.483333468437
,,,,,2581.4933334589005
,,,,,2581.5033334493633
,,,,,2581.513333439827
,,,,,2581.52333343029
,,,,,2581.533333420754
,,,,,2581.5433334112167
,,,,,2581.55333340168
,,,,,2581.5633333921432
,,,,,2581.5733333826065
,,,,,2581.5833333730698
,,,,,2581.593333363533
,,,,,2581.6033333539963
,,,,,2581.6133333444595
,,,,,2581.6233333349232
,,,,,2581.633333325386
,,,,,2581.6433333158493
,,,,,2581.6533333063126
,,,,,2581.663333296776
,,,,,2581.6733335256577
,,,,,2581.683333516121
,,,,,2581.693333506584
,,,,,2581.7033334970474
,,,,,2581.7133334875107
,,,,,2581.718333363533
,,,,,2581.7233334779744
,,,,,2581.7383333444595
,,,,,2581.758333325386
,,,,,2581.7683333158493
,,,,,2581.7783333063126
,,,,,2581.788333296776
,,,,,2581.7983335256577
,,,,,2581.808333516121
,,,,,2581.818333506584
,,,,,2581.8283334970474
,,,,,2581.8383334875107
,,,,,2581.8483334779744
,,,,,2581.858333468437
,,,,,2581.8683334589005
,,,,,2581.8783334493633
,,,,,2581.888333439827
,,,,,2581.89833343029
,,,,,2581.908333420754
,,,,,2581.9183334112167
,,,,,2581.92833340168
,,,,,2581.9383333921432
,,,,,2581.9483333826065
,,,,,2581.9583333730698
,,,,,2581.968333363533
,,,,,2581.9783333539963
,,,,,2581.9883333444595
,,,,,2581.9983333349232
,,,,,2582.008333325386
,,,,,2582.0183333158493
,,,,,2582.0283333063126
,,,,,2582.038333296776
,,,,,2582.0483335256577
,,,,,2582.058333516121
,,,,,2582.068333506584
,,,,,2582.0783334970474
,,,,,2582.0883334875107
,,,,,2582.0983334779744
,,,,,2582.108333468437
,,,,,2582.1183334589005
,,,,,2582.1283334493633
,,,,,2582.138333439827
,,,,,2582.14833343029
,,,,,2582.158333420754
,,,,,2582.1683334112167
,,,,,2582.17833340168
,,,,,2582.1883333921432
,,,,,2582.1983333826065
,,,,,2582.2083333730698
,,,,,2582.218333363533
,,,,,2582.2283333539963
,,,,,2582.2383333444595
,,,,,2582.2483333349232
,,,,,2582.258333325386
,,,,,2582.2683333158493
,,,,,2582.2783333063126
,,,,,2582.288333296776
,,,,,2582.2983335256577
,,,,,2582.308333516121
,,,,,2582.318333506584
,,,,,2582.3283334970474
,,,,,2582.3383334875107
,,,,,2582.3483334779744
,,,,,2582.358333468437
,,,,,2582.3683334589005
,,,,,2582.3783334493633
,,,,,2582.388333439827
,,,,,2582.39833343029
,,,,,2582.408333420754
,,,,,2582.4183334112167
,,,,,2582.42833340168
,,,,,2582.4383333921432
,,,,,2582.4483333826065
,,,,,2582.4583333730698
,,,,,2582.468333363533
,,,,,2582.4783333539963
,,,,,2582.4883333444595
,,,,,2582.4983333349232
,,,,,2582.508333325386
,,,,,2582.5183333158493
,,,,,2582.5283333063126
,,,,,2582.538333296776
,,,,,2582.5483335256577
,,,,,2582.558333516121
,,,,,2582.568333506584
,,,,,2582.5783334970474
,,,,,2582.5883334875107
,,,,,2582.5983334779744
,,,,,2582.608333468437
,,,,,2582.6183334589005
,,,,,2582.6283334493633
,,,,,2582.638333439827
,,,,,2582.64833343029
,,,,,2582.658333420754
,,,,,2582.6683334112167
,,,,,2582.67833340168
,,,,,2582.6883333921432
,,,,,2582.6983333826065
,,,,,2582.7083333730698
,,,,,2582.718333363533
,,,,,2582.7233334779744
,,,,,2582.7283333539963
,,,,,2582.7483333349232
,,,,,2582.758333325386
,,,,,2582.7683333158493
,,,,,2582.7783333063126
,,,,,2582.788333296776
,,,,,2582.7983335256577
,,,,,2582.808333516121
,,,,,2582.818333506584
,,,,,2582.8283334970474
,,,,,2582.8383334875107
,,,,,2582.8483334779744
,,,,,2582.858333468437
,,,,,2582.8683334589005
,,,,,2582.8783334493633
,,,,,2582.888333439827
,,,,,2582.89833343029
,,,,,2582.908333420754
,,,,,2582.9183334112167
,,,,,2582.92833340168
,,,,,2582.9383333921432
,,,,,2582.9483333826065
,,,,,2582.9583333730698
,,,,,2582.968333363533
,,,,,2582.9783333539963
,,,,,2582.9883333444595
,,,,,2582.9983333349232
,,,,,2583.008333325386
,,,,,2583.0183333158493
,,,,,2583.0283333063126
,,,,,2583.038333296776
,,,,,2583.0483335256577
,,,,,2583.058333516121
,,,,,2583.068333506584
,,,,,2583.0783334970474
,,,,,2583.0883334875107
,,,,,2583.0983334779744
,,,,,2583.108333468437
,,,,,2583.1183334589005
,,,,,2583.1283334493633
,,,,,2583.138333439827
,,,,,2583.14833343029
,,,,,2583.158333420754
,,,,,2583.1683334112167
,,,,,2583.17833340168
,,,,,2583.1883333921432
,,,,,2583.1983333826065
,,,,,2583.2083333730698
,,,,,2583.218333363533
,,,,,2583.2283333539963
,,,,,2583.2383333444595
,,,,,2583.2483333349232
,,,,,2583.258333325386
,,,,,2583.2683333158493
,,,,,2583.2783333063126
,,,,,2583.288333296776
,,,,,2583.2983335256577
,,,,,2583.308333516121
,,,,,2583.318333506584
,,,,,2583.3283334970474
,,,,,2583.3383334875107
,,,,,2583.3483334779744
,,,,,2583.358333468437
,,,,,2583.3683334589005
,,,,,2583.3783334493633
,,,,,2583.388333439827
,,,,,2583.39833343029
,,,,,2583.408333420754
,,,,,2583.4183334112167
,,,,,2583.42833340168
,,,,,2583.4383333921432
,,,,,2583.4483333826065
,,,,,2583.4583333730698
,,,,,2583.468333363533
,,,,,2583.4783333539963
,,,,,2583.4883333444595
,,,,,2583.4983333349232
,,,,,2583.508333325386
,,,,,2583.5183333158493
,,,,,2583.5283333063126
,,,,,2583.538333296776
,,,,,2583.5483335256577
,,,,,2583.558333516121
,,,,,2583.568333506584
,,,,,2583.5783334970474
,,,,,2583.5883334875107
,,,,,2583.5983334779744
,,,,,2583.608333468437
,,,,,2583.6183334589005
,,,,,2583.6283334493633
,,,,,2583.638333439827
,,,,,2583.64833343029
,,,,,2583.658333420754
,,,,,2583.6683334112167
,,,,,2583.67833340168
,,,,,2583.6883333921432
,,,,,2583.6983333826065
,,,,,2583.7083333730698
,,,,,2583.718333363533
,,,,,2583.7233334779744
,,,,,2583.7283333539963
,,,,,2583.7483333349232
,,,,,2583.758333325386
,,,,,2583.7683333158493
,,,,,2583.7783333063126
,,,,,2583.788333296776
,,,,,2583.7983335256577
,,,,,2583.808333516121
,,,,,2583.818333506584
,,,,,2583.8283334970474
,,,,,2583.8383334875107
,,,,,2583.8483334779744
,,,,,2583.858333468437
,,,,,2583.8683334589005
,,,,,2583.8783334493633
,,,,,2583.888333439827
,,,,,2583.89833343029
,,,,,2583.908333420754
,,,,,2583.9183334112167
,,,,,2583.92833340168
,,,,,2583.9383333921432
,,,,,2583.9483333826065
,,,,,2583.9583333730698
,,,,,2583.968333363533
,,,,,2583.9783333539963
,,,,,2583.9883333444595
,,,,,2583.9983333349232
,,,,,2584.008333325386
,,,,,2584.0183333158493
,,,,,2584.0283333063126
,,,,,2584.038333296776
,,,,,2584.0483335256577
,,,,,2584.058333516121
,,,,,2584.068333506584
,,,,,2584.0783334970474
,,,,,2584.0883334875107
,,,,,2584.0983334779744
,,,,,2584.108333468437
,,,,,2584.1183334589005
,,,,,2584.1283334493633
,,,,,2584.138333439827
,,,,,2584.14833343029
,,,,,2584.158333420754
,,,,,2584.1683334112167
,,,,,2584.17833340168
,,,,,2584.1883333921432
,,,,,2584.1983333826065
,,,,,2584.2083333730698
,,,,,2584.218333363533
,,,,,2584.2283333539963
,,,,,2584.2383333444595
,,,,,2584.2483333349232
,,,,,2584.258333325386
,,,,,2584.2683333158493
,,,,,2584.2783333063126
,,,,,2584.288333296776
,,,,,2584.2983335256577
,,,,,2584.308333516121
,,,,,2584.318333506584
,,,,,2584.3283334970474
,,,,,2584.3383334875107
,,,,,2584.3483334779744
,,,,,2584.358333468437
,,,,,2584.3683334589005
,,,,,2584.3783334493633
,,,,,2584.388333439827
,,,,,2584.39833343029
,,,,,2584.408333420754
,,,,,2584.4183334112167
,,,,,2584.42833340168
,,,,,2584.4383333921432
,,,,,2584.4483333826065
,,,,,2584.4583333730698
,,,,,2584.468333363533
,,,,,2584.4783333539963
,,,,,2584.4883333444595
,,,,,2584.4983333349232
,,,,,2584.508333325386
,,,,,2584.5183333158493
,,,,,2584.5283333063126
,,,,,2584.538333296776
,,,,,2584.5483335256577
,,,,,2584.558333516121
,,,,,2584.568333506584
,,,,,2584.5783334970474
,,,,,2584.5883334875107
,,,,,2584.5983334779744
,,,,,2584.608333468437
,,,,,2584.6183334589005
,,,,,2584.6283334493633
,,,,,2584.638333439827
,,,,,2584.64833343029
,,,,,2584.658333420754
,,,,,2584.6683334112167
,,,,,2584.67833340168
,,,,,2584.6883333921432
,,,,,2584.6983333826065
,,,,,2584.7083333730698
,,,,,2584.718333363533
,,,,,2584.7233334779744
,,,,,2584.7283333539963
,,,,,2584.7483333349232
,,,,,2584.758333325386
,,,,,2584.7683333158493
,,,,,2584.7783333063126
,,,,,2584.788333296776
,,,,,2584.7983335256577
,,,,,2584.808333516121
,,,,,2584.818333506584
,,,,,2584.8283334970474
,,,,,2584.8383334875107
,,,,,2584.8483334779744
,,,,,2584.858333468437
,,,,,2584.8683334589005
,,,,,2584.8783334493633
,,,,,2584.888333439827
,,,,,2584.89833343029
,,,,,2584.908333420754
,,,,,2584.9183334112167
,,,,,2584.92833340168
,,,,,2584.9383333921432
,,,,,2584.9483333826065
,,,,,2584.9583333730698
,,,,,2584.968333363533
,,,,,2584.9783333539963
,,,,,2584.9883333444595
,,,,,2584.9983333349232
,,,,,2585.008333325386
,,,,,2585.0183333158493
,,,,,2585.0283333063126
,,,,,2585.038333296776
,,,,,2585.0483335256577
,,,,,2585.058333516121
,,,,,2585.068333506584
,,,,,2585.0783334970474
,,,,,2585.0883334875107
,,,,,2585.0983334779744
,,,,,2585.108333468437
,,,,,2585.1183334589005
,,,,,2585.1283334493633
,,,,,2585.138333439827
,,,,,2585.14833343029
,,,,,2585.158333420754
,,,,,2585.1683334112167
,,,,,2585.17833340168
,,,,,2585.1883333921432
,,,,,2585.1983333826065
,,,,,2585.2083333730698
,,,,,2585.218333363533
,,,,,2585.2283333539963
,,,,,2585.2383333444595
,,,,,2585.2483333349232
,,,,,2585.258333325386
,,,,,2585.2683333158493
,,,,,2585.2783333063126
,,,,,2585.288333296776
,,,,,2585.2983335256577
,,,,,2585.308333516121
,,,,,2585.318333506584
,,,,,2585.3283334970474
,,,,,2585.3383334875107
,,,,,2585.3483334779744
,,,,,2585.358333468437
,,,,,2585.3683334589005
,,,,,2585.3783334493633
,,,,,2585.388333439827
,,,,,2585.39833343029
,,,,,2585.408333420754
,,,,,2585.4183334112167
,,,,,2585.42833340168
,,,,,2585.4383333921432
,,,,,2585.4483333826065
,,,,,2585.4583333730698
,,,,,2585.468333363533
,,,,,2585.4783333539963
,,,,,2585.4883333444595
,,,,,2585.4983333349232
,,,,,2585.508333325386
,,,,,2585.5183333158493
,,,,,2585.5283333063126
,,,,,2585.538333296776
,,,,,2585.5483335256577
,,,,,2585.558333516121
,,,,,2585.568333506584
,,,,,2585.5783334970474
,,,,,2585.5883334875107
,,,,,2585.5983334779744
,,,,,2585.608333468437
,,,,,2585.6183334589005
,,,,,2585.6283334493633
,,,,,2585.638333439827
,,,,,2585.64833343029
,,,,,2585.658333420754
,,,,,2585.6683334112167
,,,,,2585.67833340168
,,,,,2585.6883333921432
,,,,,2585.6983333826065
,,,,,2585.7083333730698
,,,,,2585.718333363533
,,,,,2585.7233334779744
,,,,,2585.7283333539963
,,,,,2585.7483333349232
,,,,,2585.758333325386
,,,,,2585.7683333158493
,,,,,2585.7783333063126
,,,,,2585.788333296776
,,,,,2585.7983335256577
,,,,,2585.808333516121
,,,,,2585.818333506584
,,,,,2585.8283334970474
,,,,,2585.8383334875107
,,,,,2585.8483334779744
,,,,,2585.858333468437
,,,,,2585.8683334589005
,,,,,2585.8783334493633
,,,,,2585.888333439827
,,,,,2585.89833343029
,,,,,2585.908333420754
,,,,,2585.9183334112167
,,,,,2585.92833340168
,,,,,2585.9383333921432
,,,,,2585.9483333826065
,,,,,2585.9583333730698
,,,,,2585.968333363533
,,,,,2585.9783333539963
,,,,,2585.9883333444595
,,,,,2585.9983333349232
,,,,,2586.008333325386
,,,,,2586.0183333158493
,,,,,2586.0283333063126
,,,,,2586.038333296776
,,,,,2586.0483335256577
,,,,,2586.058333516121
,,,,,2586.068333506584
,,,,,2586.0783334970474
,,,,,2586.0883334875107
,,,,,2586.0983334779744
,,,,,2586.108333468437
,,,,,2586.1183334589005
,,,,,2586.1283334493633
,,,,,2586.138333439827
,,,,,2586.14833343029
,,,,,2586.158333420754
,,,,,2586.1683334112167
,,,,,2586.17833340168
,,,,,2586.1883333921432
,,,,,2586.1983333826065
,,,,,2586.2083333730698
,,,,,2586.218333363533
,,,,,2586.2283333539963
,,,,,2586.2383333444595
,,,,,2586.2483333349232
,,,,,2586.258333325386
,,,,,2586.2683333158493
,,,,,2586.2783333063126
,,,,,2586.288333296776
,,,,,2586.2983335256577
,,,,,2586.308333516121
,,,,,2586.318333506584
,,,,,2586.3283334970474
,,,,,2586.3383334875107
,,,,,2586.3483334779744
,,,,,2586.358333468437
,,,,,2586.3683334589005
,,,,,2586.3783334493633
,,,,,2586.388333439827
,,,,,2586.39833343029
,,,,,2586.408333420754
,,,,,2586.4183334112167
,,,,,2586.42833340168
,,,,,2586.4383333921432
,,,,,2586.4483333826065
,,,,,2586.4583333730698
,,,,,2586.468333363533
,,,,,2586.4783333539963
,,,,,2586.4883333444595
,,,,,2586.4983333349232
,,,,,2586.508333325386
,,,,,2586.5183333158493
,,,,,2586.5283333063126
,,,,,2586.538333296776
,,,,,2586.5483335256577
,,,,,2586.558333516121
,,,,,2586.568333506584
,,,,,2586.5783334970474
,,,,,2586.5883334875107
,,,,,2586.5983334779744
,,,,,2586.608333468437
,,,,,2586.6183334589005
,,,,,2586.6283334493633
,,,,,2586.638333439827
,,,,,2586.64833343029
,,,,,2586.658333420754
,,,,,2586.6683334112167
,,,,,2586.67833340168
,,,,,2586.6883333921432
,,,,,2586.6983333826065
,,,,,2586.7083333730698
,,,,,2586.718333363533
,,,,,2586.7233334779744
,,,,,2586.7283333539963
,,,,,2586.7483333349232
,,,,,2586.763333439827
,,,,,2586.77333343029
,,,,,2586.783333420754
,,,,,2586.7933334112167
,,,,,2586.80333340168
,,,,,2586.8133333921432
,,,,,2586.8233333826065
,,,,,2586.8333333730698
,,,,,2586.843333363533
,,,,,2586.8533333539963
,,,,,2586.8633333444595
,,,,,2586.8733333349232
,,,,,2586.883333325386
,,,,,2586.8933333158493
,,,,,2586.9033333063126
,,,,,2586.913333296776
,,,,,2586.9233335256577
,,,,,2586.933333516121
,,,,,2586.943333506584
,,,,,2586.9533334970474
,,,,,2586.9633334875107
,,,,,2586.9733334779744
,,,,,2586.983333468437
,,,,,2586.9933334589005
,,,,,2587.0033334493633
,,,,,2587.013333439827
,,,,,2587.02333343029
,,,,,2587.033333420754
,,,,,2587.0433334112167
,,,,,2587.05333340168
,,,,,2587.0633333921432
,,,,,2587.0733333826065
,,,,,2587.0833333730698
,,,,,2587.093333363533
,,,,,2587.1033333539963
,,,,,2587.1133333444595
,,,,,2587.1233333349232
,,,,,2587.133333325386
,,,,,2587.1433333158493
,,,,,2587.1533333063126
,,,,,2587.163333296776
,,,,,2587.1733335256577
,,,,,2587.183333516121
,,,,,2587.193333506584
,,,,,2587.2033334970474
,,,,,2587.2133334875107
,,,,,2587.2233334779744
,,,,,2587.233333468437
,,,,,2587.2433334589005
,,,,,2587.2533334493633
,,,,,2587.263333439827
,,,,,2587.27333343029
,,,,,2587.283333420754
,,,,,2587.2933334112167
,,,,,2587.30333340168
,,,,,2587.3133333921432
,,,,,2587.3233333826065
,,,,,2587.3333333730698
,,,,,2587.343333363533
,,,,,2587.3533333539963
,,,,,2587.3633333444595
,,,,,2587.3733333349232
,,,,,2587.383333325386
,,,,,2587.3933333158493
,,,,,2587.4033333063126
,,,,,2587.413333296776
,,,,,2587.4233335256577
,,,,,2587.433333516121
,,,,,2587.443333506584
,,,,,2587.4533334970474
,,,,,2587.4633334875107
,,,,,2587.4733334779744
,,,,,2587.483333468437
,,,,,2587.4933334589005
,,,,,2587.5033334493633
,,,,,2587.513333439827
,,,,,2587.52333343029
,,,,,2587.533333420754
,,,,,2587.5433334112167
,,,,,2587.55333340168
,,,,,2587.5633333921432
,,,,,2587.5733333826065
,,,,,2587.5833333730698
,,,,,2587.593333363533
,,,,,2587.6033333539963
,,,,,2587.6133333444595
,,,,,2587.6233333349232
,,,,,2587.633333325386
,,,,,2587.6433333158493
,,,,,2587.6533333063126
,,,,,2587.663333296776
,,,,,2587.6733335256577
,,,,,2587.683333516121
,,,,,2587.693333506584
,,,,,2587.7033334970474
,,,,,2587.7133334875107
,,,,,2587.7233334779744
,,,,,2587.7283333539963
,,,,,2587.733333468437
,,,,,2587.7533334493633
,,,,,2587.763333439827
,,,,,2587.77333343029
,,,,,2587.783333420754
,,,,,2587.7933334112167
,,,,,2587.80333340168
,,,,,2587.8133333921432
,,,,,2587.8233333826065
,,,,,2587.8333333730698
,,,,,2587.843333363533
,,,,,2587.8533333539963
,,,,,2587.8633333444595
,,,,,2587.8733333349232
,,,,,2587.883333325386
,,,,,2587.8933333158493
,,,,,2587.9033333063126
,,,,,2587.913333296776
,,,,,2587.9233335256577
,,,,,2587.933333516121
,,,,,2587.943333506584
,,,,,2587.9533334970474
,,,,,2587.9633334875107
,,,,,2587.9733334779744
,,,,,2587.983333468437
,,,,,2587.9933334589005
,,,,,2588.0033334493633
,,,,,2588.013333439827
,,,,,2588.02333343029
,,,,,2588.033333420754
,,,,,2588.0433334112167
,,,,,2588.05333340168
,,,,,2588.0633333921432
,,,,,2588.0733333826065
,,,,,2588.0833333730698
,,,,,2588.093333363533
,,,,,2588.1033333539963
,,,,,2588.1133333444595
,,,,,2588.1233333349232
,,,,,2588.133333325386
,,,,,2588.1433333158493
,,,,,2588.1533333063126
,,,,,2588.163333296776
,,,,,2588.1733335256577
,,,,,2588.183333516121
,,,,,2588.193333506584
,,,,,2588.2033334970474
,,,,,2588.2133334875107
,,,,,2588.2233334779744
,,,,,2588.233333468437
,,,,,2588.2433334589005
,,,,,2588.2533334493633
,,,,,2588.263333439827
,,,,,2588.27333343029
,,,,,2588.283333420754
,,,,,2588.2933334112167
,,,,,2588.30333340168
,,,,,2588.3133333921432
,,,,,2588.3233333826065
,,,,,2588.3333333730698
,,,,,2588.343333363533
,,,,,2588.3533333539963
,,,,,2588.3633333444595
,,,,,2588.3733333349232
,,,,,2588.383333325386
,,,,,2588.3933333158493
,,,,,2588.4033333063126
,,,,,2588.413333296776
,,,,,2588.4233335256577
,,,,,2588.433333516121
,,,,,2588.443333506584
,,,,,2588.4533334970474
,,,,,2588.4633334875107
,,,,,2588.4733334779744
,,,,,2588.483333468437
,,,,,2588.4933334589005
,,,,,2588.5033334493633
,,,,,2588.513333439827
,,,,,2588.52333343029
,,,,,2588.533333420754
,,,,,2588.5433334112167
,,,,,2588.55333340168
,,,,,2588.5633333921432
,,,,,2588.5733333826065
,,,,,2588.5833333730698
,,,,,2588.593333363533
,,,,,2588.6033333539963
,,,,,2588.6133333444595
,,,,,2588.6233333349232
,,,,,2588.633333325386
,,,,,2588.6433333158493
,,,,,2588.6533333063126
,,,,,2588.663333296776
,,,,,2588.6733335256577
,,,,,2588.683333516121
,,,,,2588.693333506584
,,,,,2588.7033334970474
,,,,,2588.7133334875107
,,,,,2588.7233334779744
,,,,,2588.7283333539963
,,,,,2588.733333468437
,,,,,2588.7533334493633
,,,,,2588.763333439827
,,,,,2588.77333343029
,,,,,2588.783333420754
,,,,,2588.7933334112167
,,,,,2588.80333340168
,,,,,2588.8133333921432
,,,,,2588.8233333826065
,,,,,2588.8333333730698
,,,,,2588.843333363533
,,,,,2588.8533333539963
,,,,,2588.8633333444595
,,,,,2588.8733333349232
,,,,,2588.883333325386
,,,,,2588.8933333158493
,,,,,2588.9033333063126
,,,,,2588.913333296776
,,,,,2588.9233335256577
,,,,,2588.933333516121
,,,,,2588.943333506584
,,,,,2588.9533334970474
,,,,,2588.9633334875107
,,,,,2588.9733334779744
,,,,,2588.983333468437
,,,,,2588.9933334589005
,,,,,2589.0033334493633
,,,,,2589.013333439827
,,,,,2589.02333343029
,,,,,2589.033333420754
,,,,,2589.0433334112167
,,,,,2589.05333340168
,,,,,2589.0633333921432
,,,,,2589.0733333826065
,,,,,2589.0833333730698
,,,,,2589.093333363533
,,,,,2589.1033333539963
,,,,,2589.1133333444595
,,,,,2589.1233333349232
,,,,,2589.133333325386
,,,,,2589.1433333158493
,,,,,2589.1533333063126
,,,,,2589.163333296776
,,,,,2589.1733335256577
,,,,,2589.183333516121
,,,,,2589.193333506584
,,,,,2589.2033334970474
,,,,,2589.2133334875107
,,,,,2589.2233334779744
,,,,,2589.233333468437
,,,,,2589.2433334589005
,,,,,2589.2533334493633
,,,,,2589.263333439827
,,,,,2589.27333343029
,,,,,2589.283333420754
,,,,,2589.2933334112167
,,,,,2589.30333340168
,,,,,2589.3133333921432
,,,,,2589.3233333826065
,,,,,2589.3333333730698
,,,,,2589.343333363533
,,,,,2589.3533333539963
,,,,,2589.3633333444595
,,,,,2589.3733333349232
,,,,,2589.383333325386
,,,,,2589.3933333158493
,,,,,2589.4033333063126
,,,,,2589.413333296776
,,,,,2589.4233335256577
,,,,,2589.433333516121
,,,,,2589.443333506584
,,,,,2589.4533334970474
,,,,,2589.4633334875107
,,,,,2589.4733334779744
,,,,,2589.483333468437
,,,,,2589.4933334589005
,,,,,2589.5033334493633
,,,,,2589.513333439827
,,,,,2589.52333343029
,,,,,2589.533333420754
,,,,,2589.5433334112167
,,,,,2589.55333340168
,,,,,2589.5633333921432
,,,,,2589.5733333826065
,,,,,2589.5833333730698
,,,,,2589.593333363533
,,,,,2589.6033333539963
,,,,,2589.6133333444595
,,,,,2589.6233333349232
,,,,,2589.633333325386
,,,,,2589.6433333158493
,,,,,2589.6533333063126
,,,,,2589.663333296776
,,,,,2589.6733335256577
,,,,,2589.683333516121
,,,,,2589.693333506584
,,,,,2589.7033334970474
,,,,,2589.7133334875107
,,,,,2589.7233334779744
,,,,,2589.7283333539963
,,,,,2589.733333468437
,,,,,2589.7533334493633
,,,,,2589.763333439827
,,,,,2589.77333343029
,,,,,2589.783333420754
,,,,,2589.7933334112167
,,,,,2589.80333340168
,,,,,2589.8133333921432
,,,,,2589.8233333826065
,,,,,2589.8333333730698
,,,,,2589.843333363533
,,,,,2589.8533333539963
,,,,,2589.8633333444595
,,,,,2589.8733333349232
,,,,,2589.883333325386
,,,,,2589.8933333158493
,,,,,2589.9033333063126
,,,,,2589.913333296776
,,,,,2589.9233335256577
,,,,,2589.933333516121
,,,,,2589.943333506584
,,,,,2589.9533334970474
,,,,,2589.9633334875107
,,,,,2589.9733334779744
,,,,,2589.983333468437
,,,,,2589.9933334589005
,,,,,2590.0033334493633
,,,,,2590.013333439827
,,,,,2590.02333343029
,,,,,2590.033333420754
,,,,,2590.0433334112167
,,,,,2590.05333340168
,,,,,2590.0633333921432
,,,,,2590.0733333826065
,,,,,2590.0833333730698
,,,,,2590.093333363533
,,,,,2590.1033333539963
,,,,,2590.1133333444595
,,,,,2590.1233333349232
,,,,,2590.133333325386
,,,,,2590.1433333158493
,,,,,2590.1533333063126
,,,,,2590.163333296776
,,,,,2590.1733335256577
,,,,,2590.183333516121
,,,,,2590.193333506584
,,,,,2590.2033334970474
,,,,,2590.2133334875107
,,,,,2590.2233334779744
,,,,,2590.233333468437
,,,,,2590.2433334589005
,,,,,2590.2533334493633
,,,,,2590.263333439827
,,,,,2590.27333343029
,,,,,2590.283333420754
,,,,,2590.2933334112167
,,,,,2590.30333340168
,,,,,2590.3133333921432
,,,,,2590.3233333826065
,,,,,2590.3333333730698
,,,,,2590.343333363533
,,,,,2590.3533333539963
,,,,,2590.3633333444595
,,,,,2590.3733333349232
,,,,,2590.383333325386
,,,,,2590.3933333158493
,,,,,2590.4033333063126
,,,,,2590.413333296776
,,,,,2590.4233335256577
,,,,,2590.433333516121
,,,,,2590.443333506584
,,,,,2590.4533334970474
,,,,,2590.4633334875107
,,,,,2590.4733334779744
,,,,,2590.483333468437
,,,,,2590.4933334589005
,,,,,2590.5033334493633
,,,,,2590.513333439827
,,,,,2590.52333343029
,,,,,2590.533333420754
,,,,,2590.5433334112167
,,,,,2590.55333340168
,,,,,2590.5633333921432
,,,,,2590.5733333826065
,,,,,2590.5833333730698
,,,,,2590.593333363533
,,,,,2590.6033333539963
,,,,,2590.6133333444595
,,,,,2590.6233333349232
,,,,,2590.633333325386
,,,,,2590.6433333158493
,,,,,2590.6533333063126
,,,,,2590.663333296776
,,,,,2590.6733335256577
,,,,,2590.683333516121
,,,,,2590.693333506584
,,,,,2590.7033334970474
,,,,,2590.7133334875107
,,,,,2590.7233334779744
,,,,,2590.7283333539963
,,,,,2590.733333468437
,,,,,2590.7483333349232
,,,,,2590.758333325386
,,,,,2590.7683333158493
,,,,,2590.7783333063126
,,,,,2590.788333296776
,,,,,2590.7983335256577
,,,,,2590.808333516121
,,,,,2590.818333506584
,,,,,2590.8283334970474
,,,,,2590.8383334875107
,,,,,2590.8483334779744
,,,,,2590.858333468437
,,,,,2590.8683334589005
,,,,,2590.8783334493633
,,,,,2590.888333439827
,,,,,2590.89833343029
,,,,,2590.908333420754
,,,,,2590.9183334112167
,,,,,2590.92833340168
,,,,,2590.9383333921432
,,,,,2590.9483333826065
,,,,,2590.9583333730698
,,,,,2590.968333363533
,,,,,2590.9783333539963
,,,,,2590.9883333444595
,,,,,2590.9983333349232
,,,,,2591.008333325386
,,,,,2591.0183333158493
,,,,,2591.0283333063126
,,,,,2591.038333296776
,,,,,2591.0483335256577
,,,,,2591.058333516121
,,,,,2591.068333506584
,,,,,2591.0783334970474
,,,,,2591.0883334875107
,,,,,2591.0983334779744
,,,,,2591.108333468437
,,,,,2591.1183334589005
,,,,,2591.1283334493633
,,,,,2591.138333439827
,,,,,2591.14833343029
,,,,,2591.158333420754
,,,,,2591.1683334112167
,,,,,2591.17833340168
,,,,,2591.1883333921432
,,,,,2591.1983333826065
,,,,,2591.2083333730698
,,,,,2591.218333363533
,,,,,2591.2283333539963
,,,,,2591.2383333444595
,,,,,2591.2483333349232
,,,,,2591.258333325386
,,,,,2591.2683333158493
,,,,,2591.2783333063126
,,,,,2591.288333296776
,,,,,2591.2983335256577
,,,,,2591.308333516121
,,,,,2591.318333506584
,,,,,2591.3283334970474
,,,,,2591.3383334875107
,,,,,2591.3483334779744
,,,,,2591.358333468437
,,,,,2591.3683334589005
,,,,,2591.3783334493633
,,,,,2591.388333439827
,,,,,2591.39833343029
,,,,,2591.408333420754
,,,,,2591.4183334112167
,,,,,2591.42833340168
,,,,,2591.4383333921432
,,,,,2591.4483333826065
,,,,,2591.4583333730698
,,,,,2591.468333363533
,,,,,2591.4783333539963
,,,,,2591.4883333444595
,,,,,2591.4983333349232
,,,,,2591.508333325386
,,,,,2591.5183333158493
,,,,,2591.5283333063126
,,,,,2591.538333296776
,,,,,2591.5483335256577
,,,,,2591.558333516121
,,,,,2591.568333506584
,,,,,2591.5783334970474
,,,,,2591.5883334875107
,,,,,2591.5983334779744
,,,,,2591.608333468437
,,,,,2591.6183334589005
,,,,,2591.6283334493633
,,,,,2591.638333439827
,,,,,2591.64833343029
,,,,,2591.658333420754
,,,,,2591.6683334112167
,,,,,2591.67833340168
,,,,,2591.6883333921432
,,,,,2591.6983333826065
,,,,,2591.7083333730698
,,,,,2591.718333363533
,,,,,2591.7283333539963
,,,,,2591.733333468437
,,,,,2591.7383333444595
,,,,,2591.7533334493633
,,,,,2591.77333343029
,,,,,2591.783333420754
,,,,,2591.7933334112167
,,,,,2591.80333340168
,,,,,2591.8133333921432
,,,,,2591.8233333826065
,,,,,2591.8333333730698
,,,,,2591.843333363533
,,,,,2591.8533333539963
,,,,,2591.8633333444595
,,,,,2591.8733333349232
,,,,,2591.883333325386
,,,,,2591.8933333158493
,,,,,2591.9033333063126
,,,,,2591.913333296776
,,,,,2591.9233335256577
,,,,,2591.933333516121
,,,,,2591.943333506584
,,,,,2591.9533334970474
,,,,,2591.9633334875107
,,,,,2591.9733334779744
,,,,,2591.983333468437
,,,,,2591.9933334589005
,,,,,2592.0033334493633
,,,,,2592.013333439827
,,,,,2592.02333343029
,,,,,2592.033333420754
,,,,,2592.0433334112167
,,,,,2592.05333340168
,,,,,2592.0633333921432
,,,,,2592.0733333826065
,,,,,2592.0833333730698
,,,,,2592.093333363533
,,,,,2592.1033333539963
,,,,,2592.1133333444595
,,,,,2592.1233333349232
,,,,,2592.133333325386
,,,,,2592.1433333158493
,,,,,2592.1533333063126
,,,,,2592.163333296776
,,,,,2592.1733335256577
,,,,,2592.183333516121
,,,,,2592.193333506584
,,,,,2592.2033334970474
,,,,,2592.2133334875107
,,,,,2592.2233334779744
,,,,,2592.233333468437
,,,,,2592.2433334589005
,,,,,2592.2533334493633
,,,,,2592.263333439827
,,,,,2592.27333343029
,,,,,2592.283333420754
,,,,,2592.2933334112167
,,,,,2592.30333340168
,,,,,2592.3133333921432
,,,,,2592.3233333826065
,,,,,2592.3333333730698
,,,,,2592.343333363533
,,,,,2592.3533333539963
,,,,,2592.3633333444595
,,,,,2592.3733333349232
,,,,,2592.383333325386
,,,,,2592.3933333158493
,,,,,2592.4033333063126
,,,,,2592.413333296776
,,,,,2592.4233335256577
,,,,,2592.433333516121
,,,,,2592.443333506584
,,,,,2592.4533334970474
,,,,,2592.4633334875107
,,,,,2592.4733334779744
,,,,,2592.483333468437
,,,,,2592.4933334589005
,,,,,2592.5033334493633
,,,,,2592.513333439827
,,,,,2592.52333343029
,,,,,2592.533333420754
,,,,,2592.5433334112167
,,,,,2592.55333340168
,,,,,2592.5633333921432
,,,,,2592.5733333826065
,,,,,2592.5833333730698
,,,,,2592.593333363533
,,,,,2592.6033333539963
,,,,,2592.6133333444595
,,,,,2592.6233333349232
,,,,,2592.633333325386
,,,,,2592.6433333158493
,,,,,2592.6533333063126
,,,,,2592.663333296776
,,,,,2592.6733335256577
,,,,,2592.683333516121
,,,,,2592.693333506584
,,,,,2592.7033334970474
,,,,,2592.7133334875107
,,,,,2592.7233334779744
,,,,,2592.733333468437
,,,,,2592.7383333444595
,,,,,2592.7433334589005
,,,,,2592.758333325386
,,,,,2592.7683333158493
,,,,,2592.7783333063126
,,,,,2592.788333296776
,,,,,2592.7983335256577
,,,,,2592.808333516121
,,,,,2592.818333506584
,,,,,2592.8283334970474
,,,,,2592.8383334875107
,,,,,2592.8483334779744
,,,,,2592.858333468437
,,,,,2592.8683334589005
,,,,,2592.8783334493633
,,,,,2592.888333439827
,,,,,2592.89833343029
,,,,,2592.908333420754
,,,,,2592.9183334112167
,,,,,2592.92833340168
,,,,,2592.9383333921432
,,,,,2592.9483333826065
,,,,,2592.9583333730698
,,,,,2592.968333363533
,,,,,2592.9783333539963
,,,,,2592.9883333444595
,,,,,2592.9983333349232
,,,,,2593.008333325386
,,,,,2593.0183333158493
,,,,,2593.0283333063126
,,,,,2593.038333296776
,,,,,2593.0483335256577
,,,,,2593.058333516121
,,,,,2593.068333506584
,,,,,2593.0783334970474
,,,,,2593.0883334875107
,,,,,2593.0983334779744
,,,,,2593.108333468437
,,,,,2593.1183334589005
,,,,,2593.1283334493633
,,,,,2593.138333439827
,,,,,2593.14833343029
,,,,,2593.158333420754
,,,,,2593.1683334112167
,,,,,2593.17833340168
,,,,,2593.1883333921432
,,,,,2593.1983333826065
,,,,,2593.2083333730698
,,,,,2593.218333363533
,,,,,2593.2283333539963
,,,,,2593.2383333444595
,,,,,2593.2483333349232
,,,,,2593.258333325386
,,,,,2593.2683333158493
,,,,,2593.2783333063126
,,,,,2593.288333296776
,,,,,2593.2983335256577
,,,,,2593.308333516121
,,,,,2593.318333506584
,,,,,2593.3283334970474
,,,,,2593.3383334875107
,,,,,2593.3483334779744
,,,,,2593.358333468437
,,,,,2593.3683334589005
,,,,,2593.3783334493633
,,,,,2593.388333439827
,,,,,2593.39833343029
,,,,,2593.408333420754
,,,,,2593.4183334112167
,,,,,2593.42833340168
,,,,,2593.4383333921432
,,,,,2593.4483333826065
,,,,,2593.4583333730698
,,,,,2593.468333363533
,,,,,2593.4783333539963
,,,,,2593.4883333444595
,,,,,2593.4983333349232
,,,,,2593.508333325386
,,,,,2593.5183333158493
,,,,,2593.5283333063126
,,,,,2593.538333296776
,,,,,2593.5483335256577
,,,,,2593.558333516121
,,,,,2593.568333506584
,,,,,2593.5783334970474
,,,,,2593.5883334875107
,,,,,2593.5983334779744
,,,,,2593.608333468437
,,,,,2593.6183334589005
,,,,,2593.6283334493633
,,,,,2593.638333439827
,,,,,2593.64833343029
,,,,,2593.658333420754
,,,,,2593.6683334112167
,,,,,2593.67833340168
,,,,,2593.6883333921432
,,,,,2593.6983333826065
,,,,,2593.7083333730698
,,,,,2593.718333363533
,,,,,2593.7283333539963
,,,,,2593.7383333444595
,,,,,2593.7433334589005
,,,,,2593.7483333349232
,,,,,2593.763333439827
,,,,,2593.77333343029
,,,,,2593.783333420754
,,,,,2593.7933334112167
,,,,,2593.80333340168
,,,,,2593.8133333921432
,,,,,2593.8233333826065
,,,,,2593.8333333730698
,,,,,2593.843333363533
,,,,,2593.8533333539963
,,,,,2593.8633333444595
,,,,,2593.8733333349232
,,,,,2593.883333325386
,,,,,2593.8933333158493
,,,,,2593.9033333063126
,,,,,2593.913333296776
,,,,,2593.9233335256577
,,,,,2593.933333516121
,,,,,2593.943333506584
,,,,,2593.9533334970474
,,,,,2593.9633334875107
,,,,,2593.9733334779744
,,,,,2593.983333468437
,,,,,2593.9933334589005
,,,,,2594.0033334493633
,,,,,2594.013333439827
,,,,,2594.02333343029
,,,,,2594.033333420754
,,,,,2594.0433334112167
,,,,,2594.05333340168
,,,,,2594.0633333921432
,,,,,2594.0733333826065
,,,,,2594.0833333730698
,,,,,2594.093333363533
,,,,,2594.1033333539963
,,,,,2594.1133333444595
,,,,,2594.1233333349232
,,,,,2594.133333325386
,,,,,2594.1433333158493
,,,,,2594.1533333063126
,,,,,2594.163333296776
,,,,,2594.1733335256577
,,,,,2594.183333516121
,,,,,2594.193333506584
,,,,,2594.2033334970474
,,,,,2594.2133334875107
,,,,,2594.2233334779744
,,,,,2594.233333468437
,,,,,2594.2433334589005
,,,,,2594.2533334493633
,,,,,2594.263333439827
,,,,,2594.27333343029
,,,,,2594.283333420754
,,,,,2594.2933334112167
,,,,,2594.30333340168
,,,,,2594.3133333921432
,,,,,2594.3233333826065
,,,,,2594.3333333730698
,,,,,2594.343333363533
,,,,,2594.3533333539963
,,,,,2594.3633333444595
,,,,,2594.3733333349232
,,,,,2594.383333325386
,,,,,2594.3933333158493
,,,,,2594.4033333063126
,,,,,2594.413333296776
,,,,,2594.4233335256577
,,,,,2594.433333516121
,,,,,2594.443333506584
,,,,,2594.4533334970474
,,,,,2594.4633334875107
,,,,,2594.4733334779744
,,,,,2594.483333468437
,,,,,2594.4933334589005
,,,,,2594.5033334493633
,,,,,2594.513333439827
,,,,,2594.52333343029
,,,,,2594.533333420754
,,,,,2594.5433334112167
,,,,,2594.55333340168
,,,,,2594.5633333921432
,,,,,2594.5733333826065
,,,,,2594.5833333730698
,,,,,2594.593333363533
,,,,,2594.6033333539963
,,,,,2594.6133333444595
,,,,,2594.6233333349232
,,,,,2594.633333325386
,,,,,2594.6433333158493
,,,,,2594.6533333063126
,,,,,2594.663333296776
,,,,,2594.6733335256577
,,,,,2594.683333516121
,,,,,2594.693333506584
,,,,,2594.7033334970474
,,,,,2594.7133334875107
,,,,,2594.7233334779744
,,,,,2594.733333468437
,,,,,2594.7433334589005
,,,,,2594.7483333349232
,,,,,2594.7533334493633
,,,,,2594.7683333158493
,,,,,2594.7783333063126
,,,,,2594.788333296776
,,,,,2594.7983335256577
,,,,,2594.808333516121
,,,,,2594.818333506584
,,,,,2594.8283334970474
,,,,,2594.8383334875107
,,,,,2594.8483334779744
,,,,,2594.858333468437
,,,,,2594.8683334589005
,,,,,2594.8783334493633
,,,,,2594.888333439827
,,,,,2594.89833343029
,,,,,2594.908333420754
,,,,,2594.9183334112167
,,,,,2594.92833340168
,,,,,2594.9383333921432
,,,,,2594.9483333826065
,,,,,2594.9583333730698
,,,,,2594.968333363533
,,,,,2594.9783333539963
,,,,,2594.9883333444595
,,,,,2594.9983333349232
,,,,,2595.008333325386
,,,,,2595.0183333158493
,,,,,2595.0283333063126
,,,,,2595.038333296776
,,,,,2595.0483335256577
,,,,,2595.058333516121
,,,,,2595.068333506584
,,,,,2595.0783334970474
,,,,,2595.0883334875107
,,,,,2595.0983334779744
,,,,,2595.108333468437
,,,,,2595.1183334589005
,,,,,2595.1283334493633
,,,,,2595.138333439827
,,,,,2595.14833343029
,,,,,2595.158333420754
,,,,,2595.1683334112167
,,,,,2595.17833340168
,,,,,2595.1883333921432
,,,,,2595.1983333826065
,,,,,2595.2083333730698
,,,,,2595.218333363533
,,,,,2595.2283333539963
,,,,,2595.2383333444595
,,,,,2595.2483333349232
,,,,,2595.258333325386
,,,,,2595.2683333158493
,,,,,2595.2783333063126
,,,,,2595.288333296776
,,,,,2595.2983335256577
,,,,,2595.308333516121
,,,,,2595.318333506584
,,,,,2595.3283334970474
,,,,,2595.3383334875107
,,,,,2595.3483334779744
,,,,,2595.358333468437
,,,,,2595.3683334589005
,,,,,2595.3783334493633
,,,,,2595.388333439827
,,,,,2595.39833343029
,,,,,2595.408333420754
,,,,,2595.4183334112167
,,,,,2595.42833340168
,,,,,2595.4383333921432
,,,,,2595.4483333826065
,,,,,2595.4583333730698
,,,,,2595.468333363533
,,,,,2595.4783333539963
,,,,,2595.4883333444595
,,,,,2595.4983333349232
,,,,,2595.508333325386
,,,,,2595.5183333158493
,,,,,2595.5283333063126
,,,,,2595.538333296776
,,,,,2595.5483335256577
,,,,,2595.558333516121
,,,,,2595.568333506584
,,,,,2595.5783334970474
,,,,,2595.5883334875107
,,,,,2595.5983334779744
,,,,,2595.608333468437
,,,,,2595.6183334589005
,,,,,2595.6283334493633
,,,,,2595.638333439827
,,,,,2595.64833343029
,,,,,2595.658333420754
,,,,,2595.6683334112167
,,,,,2595.67833340168
,,,,,2595.6883333921432
,,,,,2595.6983333826065
,,,,,2595.7083333730698
,,,,,2595.718333363533
,,,,,2595.7283333539963
,,,,,2595.7383333444595
,,,,,2595.7483333349232
,,,,,2595.7533334493633
,,,,,2595.758333325386
,,,,,2595.77333343029
,,,,,2595.783333420754
,,,,,2595.7933334112167
,,,,,2595.80333340168
,,,,,2595.8133333921432
,,,,,2595.8233333826065
,,,,,2595.8333333730698
,,,,,2595.843333363533
,,,,,2595.8533333539963
,,,,,2595.8633333444595
,,,,,2595.8733333349232
,,,,,2595.883333325386
,,,,,2595.8933333158493
,,,,,2595.9033333063126
,,,,,2595.913333296776
,,,,,2595.9233335256577
,,,,,2595.933333516121
,,,,,2595.943333506584
,,,,,2595.9533334970474
,,,,,2595.9633334875107
,,,,,2595.9733334779744
,,,,,2595.983333468437
,,,,,2595.9933334589005
,,,,,2596.0033334493633
,,,,,2596.013333439827
,,,,,2596.02333343029
,,,,,2596.033333420754
,,,,,2596.0433334112167
,,,,,2596.05333340168
,,,,,2596.0633333921432
,,,,,2596.0733333826065
,,,,,2596.0833333730698
,,,,,2596.093333363533
,,,,,2596.1033333539963
,,,,,2596.1133333444595
,,,,,2596.1233333349232
,,,,,2596.133333325386
,,,,,2596.1433333158493
,,,,,2596.1533333063126
,,,,,2596.163333296776
,,,,,2596.1733335256577
,,,,,2596.183333516121
,,,,,2596.193333506584
,,,,,2596.2033334970474
,,,,,2596.2133334875107
,,,,,2596.2233334779744
,,,,,2596.233333468437
,,,,,2596.2433334589005
,,,,,2596.2533334493633
,,,,,2596.263333439827
,,,,,2596.27333343029
,,,,,2596.283333420754
,,,,,2596.2933334112167
,,,,,2596.30333340168
,,,,,2596.3133333921432
,,,,,2596.3233333826065
,,,,,2596.3333333730698
,,,,,2596.343333363533
,,,,,2596.3533333539963
,,,,,2596.3633333444595
,,,,,2596.3733333349232
,,,,,2596.383333325386
,,,,,2596.3933333158493
,,,,,2596.4033333063126
,,,,,2596.413333296776
,,,,,2596.4233335256577
,,,,,2596.433333516121
,,,,,2596.443333506584
,,,,,2596.4533334970474
,,,,,2596.4633334875107
,,,,,2596.4733334779744
,,,,,2596.483333468437
,,,,,2596.4933334589005
,,,,,2596.5033334493633
,,,,,2596.513333439827
,,,,,2596.52333343029
,,,,,2596.533333420754
,,,,,2596.5433334112167
,,,,,2596.55333340168
,,,,,2596.5633333921432
,,,,,2596.5733333826065
,,,,,2596.5833333730698
,,,,,2596.593333363533
,,,,,2596.6033333539963
,,,,,2596.6133333444595
,,,,,2596.6233333349232
,,,,,2596.633333325386
,,,,,2596.6433333158493
,,,,,2596.6533333063126
,,,,,2596.663333296776
,,,,,2596.6733335256577
,,,,,2596.683333516121
,,,,,2596.693333506584
,,,,,2596.7033334970474
,,,,,2596.7133334875107
,,,,,2596.7233334779744
,,,,,2596.733333468437
,,,,,2596.7433334589005
,,,,,2596.7533334493633
,,,,,2596.758333325386
,,,,,2596.763333439827
,,,,,2596.7783333063126
,,,,,2596.7983335256577
,,,,,2596.808333516121
,,,,,2596.818333506584
,,,,,2596.8283334970474
,,,,,2596.8383334875107
,,,,,2596.8483334779744
,,,,,2596.858333468437
,,,,,2596.8683334589005
,,,,,2596.8783334493633
,,,,,2596.888333439827
,,,,,2596.89833343029
,,,,,2596.908333420754
,,,,,2596.9183334112167
,,,,,2596.92833340168
,,,,,2596.9383333921432
,,,,,2596.9483333826065
,,,,,2596.9583333730698
,,,,,2596.968333363533
,,,,,2596.9783333539963
,,,,,2596.9883333444595
,,,,,2596.9983333349232
,,,,,2597.008333325386
,,,,,2597.0183333158493
,,,,,2597.0283333063126
,,,,,2597.038333296776
,,,,,2597.0483335256577
,,,,,2597.058333516121
,,,,,2597.068333506584
,,,,,2597.0783334970474
,,,,,2597.0883334875107
,,,,,2597.0983334779744
,,,,,2597.108333468437
,,,,,2597.1183334589005
,,,,,2597.1283334493633
,,,,,2597.138333439827
,,,,,2597.14833343029
,,,,,2597.158333420754
,,,,,2597.1683334112167
,,,,,2597.17833340168
,,,,,2597.1883333921432
,,,,,2597.1983333826065
,,,,,2597.2083333730698
,,,,,2597.218333363533
,,,,,2597.2283333539963
,,,,,2597.2383333444595
,,,,,2597.2483333349232
,,,,,2597.258333325386
,,,,,2597.2683333158493
,,,,,2597.2783333063126
,,,,,2597.288333296776
,,,,,2597.2983335256577
,,,,,2597.308333516121
,,,,,2597.318333506584
,,,,,2597.3283334970474
,,,,,2597.3383334875107
,,,,,2597.3483334779744
,,,,,2597.358333468437
,,,,,2597.3683334589005
,,,,,2597.3783334493633
,,,,,2597.388333439827
,,,,,2597.39833343029
,,,,,2597.408333420754
,,,,,2597.4183334112167
,,,,,2597.42833340168
,,,,,2597.4383333921432
,,,,,2597.4483333826065
,,,,,2597.4583333730698
,,,,,2597.468333363533
,,,,,2597.4783333539963
,,,,,2597.4883333444595
,,,,,2597.4983333349232
,,,,,2597.508333325386
,,,,,2597.5183333158493
,,,,,2597.5283333063126
,,,,,2597.538333296776
,,,,,2597.5483335256577
,,,,,2597.558333516121
,,,,,2597.568333506584
,,,,,2597.5783334970474
,,,,,2597.5883334875107
,,,,,2597.5983334779744
,,,,,2597.608333468437
,,,,,2597.6183334589005
,,,,,2597.6283334493633
,,,,,2597.638333439827
,,,,,2597.64833343029
,,,,,2597.658333420754
,,,,,2597.6683334112167
,,,,,2597.67833340168
,,,,,2597.6883333921432
,,,,,2597.6983333826065
,,,,,2597.7083333730698
,,,,,2597.718333363533
,,,,,2597.7283333539963
,,,,,2597.7383333444595
,,,,,2597.7483333349232
,,,,,2597.758333325386
,,,,,2597.763333439827
,,,,,2597.7683333158493
,,,,,2597.788333296776
,,,,,2597.7983335256577
,,,,,2597.808333516121
,,,,,2597.818333506584
,,,,,2597.8283334970474
,,,,,2597.8383334875107
,,,,,2597.8483334779744
,,,,,2597.858333468437
,,,,,2597.8683334589005
,,,,,2597.8783334493633
,,,,,2597.888333439827
,,,,,2597.89833343029
,,,,,2597.908333420754
,,,,,2597.9183334112167
,,,,,2597.92833340168
,,,,,2597.9383333921432
,,,,,2597.9483333826065
,,,,,2597.9583333730698
,,,,,2597.968333363533
,,,,,2597.9783333539963
,,,,,2597.9883333444595
,,,,,2597.9983333349232
,,,,,2598.008333325386
,,,,,2598.0183333158493
,,,,,2598.0283333063126
,,,,,2598.038333296776
,,,,,2598.0483335256577
,,,,,2598.058333516121
,,,,,2598.068333506584
,,,,,2598.0783334970474
,,,,,2598.0883334875107
,,,,,2598.0983334779744
,,,,,2598.108333468437
,,,,,2598.1183334589005
,,,,,2598.1283334493633
,,,,,2598.138333439827
,,,,,2598.14833343029
,,,,,2598.158333420754
,,,,,2598.1683334112167
,,,,,2598.17833340168
,,,,,2598.1883333921432
,,,,,2598.1983333826065
,,,,,2598.2083333730698
,,,,,2598.218333363533
,,,,,2598.2283333539963
,,,,,2598.2383333444595
,,,,,2598.2483333349232
,,,,,2598.258333325386
,,,,,2598.2683333158493
,,,,,2598.2783333063126
,,,,,2598.288333296776
,,,,,2598.2983335256577
,,,,,2598.308333516121
,,,,,2598.318333506584
,,,,,2598.3283334970474
,,,,,2598.3383334875107
,,,,,2598.3483334779744
,,,,,2598.358333468437
,,,,,2598.3683334589005
,,,,,2598.3783334493633
,,,,,2598.388333439827
,,,,,2598.39833343029
,,,,,2598.408333420754
,,,,,2598.4183334112167
,,,,,2598.42833340168
,,,,,2598.4383333921432
,,,,,2598.4483333826065
,,,,,2598.4583333730698
,,,,,2598.468333363533
,,,,,2598.4783333539963
,,,,,2598.4883333444595
,,,,,2598.4983333349232
,,,,,2598.508333325386
,,,,,2598.5183333158493
,,,,,2598.5283333063126
,,,,,2598.538333296776
,,,,,2598.5483335256577
,,,,,2598.558333516121
,,,,,2598.568333506584
,,,,,2598.5783334970474
,,,,,2598.5883334875107
,,,,,2598.5983334779744
,,,,,2598.608333468437
,,,,,2598.6183334589005
,,,,,2598.6283334493633
,,,,,2598.638333439827
,,,,,2598.64833343029
,,,,,2598.658333420754
,,,,,2598.6683334112167
,,,,,2598.67833340168
,,,,,2598.6883333921432
,,,,,2598.6983333826065
,,,,,2598.7083333730698
,,,,,2598.718333363533
,,,,,2598.7283333539963
,,,,,2598.7383333444595
,,,,,2598.7483333349232
,,,,,2598.758333325386
,,,,,2598.763333439827
,,,,,2598.7683333158493
,,,,,2598.788333296776
,,,,,2598.7983335256577
,,,,,2598.808333516121
,,,,,2598.818333506584
,,,,,2598.8283334970474
,,,,,2598.8383334875107
,,,,,2598.8483334779744
,,,,,2598.858333468437
,,,,,2598.8683334589005
,,,,,2598.8783334493633
,,,,,2598.888333439827
,,,,,2598.89833343029
,,,,,2598.908333420754
,,,,,2598.9183334112167
,,,,,2598.92833340168
,,,,,2598.9383333921432
,,,,,2598.9483333826065
,,,,,2598.9583333730698
,,,,,2598.968333363533
,,,,,2598.9783333539963
,,,,,2598.9883333444595
,,,,,2598.9983333349232
,,,,,2599.008333325386
,,,,,2599.0183333158493
,,,,,2599.0283333063126
,,,,,2599.038333296776
,,,,,2599.0483335256577
,,,,,2599.058333516121
,,,,,2599.068333506584
,,,,,2599.0783334970474
,,,,,2599.0883334875107
,,,,,2599.0983334779744
,,,,,2599.108333468437
,,,,,2599.1183334589005
,,,,,2599.1283334493633
,,,,,2599.138333439827
,,,,,2599.14833343029
,,,,,2599.158333420754
,,,,,2599.1683334112167
,,,,,2599.17833340168
,,,,,2599.1883333921432
,,,,,2599.1983333826065
,,,,,2599.2083333730698
,,,,,2599.218333363533
,,,,,2599.2283333539963
,,,,,2599.2383333444595
,,,,,2599.2483333349232
,,,,,2599.258333325386
,,,,,2599.2683333158493
,,,,,2599.2783333063126
,,,,,2599.288333296776
,,,,,2599.2983335256577
,,,,,2599.308333516121
,,,,,2599.318333506584
,,,,,2599.3283334970474
,,,,,2599.3383334875107
,,,,,2599.3483334779744
,,,,,2599.358333468437
,,,,,2599.3683334589005
,,,,,2599.3783334493633
,,,,,2599.388333439827
,,,,,2599.39833343029
,,,,,2599.408333420754
,,,,,2599.4183334112167
,,,,,2599.42833340168
,,,,,2599.4383333921432
,,,,,2599.4483333826065
,,,,,2599.4583333730698
,,,,,2599.468333363533
,,,,,2599.4783333539963
,,,,,2599.4883333444595
,,,,,2599.4983333349232
,,,,,2599.508333325386
,,,,,2599.5183333158493
,,,,,2599.5283333063126
,,,,,2599.538333296776
,,,,,2599.5483335256577
,,,,,2599.558333516121
,,,,,2599.568333506584
,,,,,2599.5783334970474
,,,,,2599.5883334875107
,,,,,2599.5983334779744
,,,,,2599.608333468437
,,,,,2599.6183334589005
,,,,,2599.6283334493633
,,,,,2599.638333439827
,,,,,2599.64833343029
,,,,,2599.658333420754
,,,,,2599.6683334112167
,,,,,2599.67833340168
,,,,,2599.6883333921432
,,,,,2599.6983333826065
,,,,,2599.7083333730698
,,,,,2599.718333363533
,,,,,2599.7283333539963
,,,,,2599.7383333444595
,,,,,2599.7483333349232
,,,,,2599.758333325386
,,,,,2599.763333439827
,,,,,2599.7683333158493
,,,,,2599.788333296776
,,,,,2599.7983335256577
,,,,,2599.808333516121
,,,,,2599.818333506584
,,,,,2599.8283334970474
,,,,,2599.8383334875107
,,,,,2599.8483334779744
,,,,,2599.858333468437
,,,,,2599.8683334589005
,,,,,2599.8783334493633
,,,,,2599.888333439827
,,,,,2599.89833343029
,,,,,2599.908333420754
,,,,,2599.9183334112167
,,,,,2599.92833340168
,,,,,2599.9383333921432
,,,,,2599.9483333826065
,,,,,2599.9583333730698
,,,,,2599.968333363533
,,,,,2599.9783333539963
,,,,,2599.9883333444595
,,,,,2599.9983333349232
,,,,,2600.008333325386
,,,,,2600.0183333158493
,,,,,2600.0283333063126
,,,,,2600.038333296776
,,,,,2600.0483335256577
,,,,,2600.058333516121
,,,,,2600.068333506584
,,,,,2600.0783334970474
,,,,,2600.0883334875107
,,,,,2600.0983334779744
,,,,,2600.108333468437
,,,,,2600.1183334589005
,,,,,2600.1283334493633
,,,,,2600.138333439827
,,,,,2600.14833343029
,,,,,2600.158333420754
,,,,,2600.1683334112167
,,,,,2600.17833340168
,,,,,2600.1883333921432
,,,,,2600.1983333826065
,,,,,2600.2083333730698
,,,,,2600.218333363533
,,,,,2600.2283333539963
,,,,,2600.2383333444595
,,,,,2600.2483333349232
,,,,,2600.258333325386
,,,,,2600.2683333158493
,,,,,2600.2783333063126
,,,,,2600.288333296776
,,,,,2600.2983335256577
,,,,,2600.308333516121
,,,,,2600.318333506584
,,,,,2600.3283334970474
,,,,,2600.3383334875107
,,,,,2600.3483334779744
,,,,,2600.358333468437
,,,,,2600.3683334589005
,,,,,2600.3783334493633
,,,,,2600.388333439827
,,,,,2600.39833343029
,,,,,2600.408333420754
,,,,,2600.4183334112167
,,,,,2600.42833340168
,,,,,2600.4383333921432
,,,,,2600.4483333826065
,,,,,2600.4583333730698
,,,,,2600.468333363533
,,,,,2600.4783333539963
,,,,,2600.4883333444595
,,,,,2600.4983333349232
,,,,,2600.508333325386
,,,,,2600.5183333158493
,,,,,2600.5283333063126
,,,,,2600.538333296776
,,,,,2600.5483335256577
,,,,,2600.558333516121
,,,,,2600.568333506584
,,,,,2600.5783334970474
,,,,,2600.5883334875107
,,,,,2600.5983334779744
,,,,,2600.608333468437
,,,,,2600.6183334589005
,,,,,2600.6283334493633
,,,,,2600.638333439827
,,,,,2600.64833343029
,,,,,2600.658333420754
,,,,,2600.6683334112167
,,,,,2600.67833340168
,,,,,2600.6883333921432
,,,,,2600.6983333826065
,,,,,2600.7083333730698
,,,,,2600.718333363533
,,,,,2600.7283333539963
,,,,,2600.7383333444595
,,,,,2600.7483333349232
,,,,,2600.758333325386
,,,,,2600.763333439827
,,,,,2600.7683333158493
,,,,,2600.788333296776
,,,,,2600.7983335256577
,,,,,2600.808333516121
,,,,,2600.818333506584
,,,,,2600.8283334970474
,,,,,2600.8383334875107
,,,,,2600.8483334779744
,,,,,2600.858333468437
,,,,,2600.8683334589005
,,,,,2600.8783334493633
,,,,,2600.888333439827
,,,,,2600.89833343029
,,,,,2600.908333420754
,,,,,2600.9183334112167
,,,,,2600.92833340168
,,,,,2600.9383333921432
,,,,,2600.9483333826065
,,,,,2600.9583333730698
,,,,,2600.968333363533
,,,,,2600.9783333539963
,,,,,2600.9883333444595
,,,,,2600.9983333349232
,,,,,2601.008333325386
,,,,,2601.0183333158493
,,,,,2601.0283333063126
,,,,,2601.038333296776
,,,,,2601.0483335256577
,,,,,2601.058333516121
,,,,,2601.068333506584
,,,,,2601.0783334970474
,,,,,2601.0883334875107
,,,,,2601.0983334779744
,,,,,2601.108333468437
,,,,,2601.1183334589005
,,,,,2601.1283334493633
,,,,,2601.138333439827
,,,,,2601.14833343029
,,,,,2601.158333420754
,,,,,2601.1683334112167
,,,,,2601.17833340168
,,,,,2601.1883333921432
,,,,,2601.1983333826065
,,,,,2601.2083333730698
,,,,,2601.218333363533
,,,,,2601.2283333539963
,,,,,2601.2383333444595
,,,,,2601.2483333349232
,,,,,2601.258333325386
,,,,,2601.2683333158493
,,,,,2601.2783333063126
,,,,,2601.288333296776
,,,,,2601.2983335256577
,,,,,2601.308333516121
,,,,,2601.318333506584
,,,,,2601.3283334970474
,,,,,2601.3383334875107
,,,,,2601.3483334779744
,,,,,2601.358333468437
,,,,,2601.3683334589005
,,,,,2601.3783334493633
,,,,,2601.388333439827
,,,,,2601.39833343029
,,,,,2601.408333420754
,,,,,2601.4183334112167
,,,,,2601.42833340168
,,,,,2601.4383333921432
,,,,,2601.4483333826065
,,,,,2601.4583333730698
,,,,,2601.468333363533
,,,,,2601.4783333539963
,,,,,2601.4883333444595
,,,,,2601.4983333349232
,,,,,2601.508333325386
,,,,,2601.5183333158493
,,,,,2601.5283333063126
,,,,,2601.538333296776
,,,,,2601.5483335256577
,,,,,2601.558333516121
,,,,,2601.568333506584
,,,,,2601.5783334970474
,,,,,2601.5883334875107
,,,,,2601.5983334779744
,,,,,2601.608333468437
,,,,,2601.6183334589005
,,,,,2601.6283334493633
,,,,,2601.638333439827
,,,,,2601.64833343029
,,,,,2601.658333420754
,,,,,2601.6683334112167
,,,,,2601.67833340168
,,,,,2601.6883333921432
,,,,,2601.6983333826065
,,,,,2601.7083333730698
,,,,,2601.718333363533
,,,,,2601.7283333539963
,,,,,2601.7383333444595
,,,,,2601.7483333349232
,,,,,2601.758333325386
,,,,,2601.763333439827
,,,,,2601.7683333158493
,,,,,2601.788333296776
,,,,,2601.80333340168
,,,,,2601.8133333921432
,,,,,2601.8233333826065
,,,,,2601.8333333730698
,,,,,2601.843333363533
,,,,,2601.8533333539963
,,,,,2601.8633333444595
,,,,,2601.8733333349232
,,,,,2601.883333325386
,,,,,2601.8933333158493
,,,,,2601.9033333063126
,,,,,2601.913333296776
,,,,,2601.9233335256577
,,,,,2601.933333516121
,,,,,2601.943333506584
,,,,,2601.9533334970474
,,,,,2601.9633334875107
,,,,,2601.9733334779744
,,,,,2601.983333468437
,,,,,2601.9933334589005
,,,,,2602.0033334493633
,,,,,2602.013333439827
,,,,,2602.02333343029
,,,,,2602.033333420754
,,,,,2602.0433334112167
,,,,,2602.05333340168
,,,,,2602.0633333921432
,,,,,2602.0733333826065
,,,,,2602.0833333730698
,,,,,2602.093333363533
,,,,,2602.1033333539963
,,,,,2602.1133333444595
,,,,,2602.1233333349232
,,,,,2602.133333325386
,,,,,2602.1433333158493
,,,,,2602.1533333063126
,,,,,2602.163333296776
,,,,,2602.1733335256577
,,,,,2602.183333516121
,,,,,2602.193333506584
,,,,,2602.2033334970474
,,,,,2602.2133334875107
,,,,,2602.2233334779744
,,,,,2602.233333468437
,,,,,2602.2433334589005
,,,,,2602.2533334493633
,,,,,2602.263333439827
,,,,,2602.27333343029
,,,,,2602.283333420754
,,,,,2602.2933334112167
,,,,,2602.30333340168
,,,,,2602.3133333921432
,,,,,2602.3233333826065
,,,,,2602.3333333730698
,,,,,2602.343333363533
,,,,,2602.3533333539963
,,,,,2602.3633333444595
,,,,,2602.3733333349232
,,,,,2602.383333325386
,,,,,2602.3933333158493
,,,,,2602.4033333063126
,,,,,2602.413333296776
,,,,,2602.4233335256577
,,,,,2602.433333516121
,,,,,2602.443333506584
,,,,,2602.4533334970474
,,,,,2602.4633334875107
,,,,,2602.4733334779744
,,,,,2602.483333468437
,,,,,2602.4933334589005
,,,,,2602.5033334493633
,,,,,2602.513333439827
,,,,,2602.52333343029
,,,,,2602.533333420754
,,,,,2602.5433334112167
,,,,,2602.55333340168
,,,,,2602.5633333921432
,,,,,2602.5733333826065
,,,,,2602.5833333730698
,,,,,2602.593333363533
,,,,,2602.6033333539963
,,,,,2602.6133333444595
,,,,,2602.6233333349232
,,,,,2602.633333325386
,,,,,2602.6433333158493
,,,,,2602.6533333063126
,,,,,2602.663333296776
,,,,,2602.6733335256577
,,,,,2602.683333516121
,,,,,2602.693333506584
,,,,,2602.7033334970474
,,,,,2602.7133334875107
,,,,,2602.7233334779744
,,,,,2602.733333468437
,,,,,2602.7433334589005
,,,,,2602.7533334493633
,,,,,2602.763333439827
,,,,,2602.7683333158493
,,,,,2602.77333343029
,,,,,2602.7933334112167
,,,,,2602.80333340168
,,,,,2602.8133333921432
,,,,,2602.8233333826065
,,,,,2602.8333333730698
,,,,,2602.843333363533
,,,,,2602.8533333539963
,,,,,2602.8633333444595
,,,,,2602.8733333349232
,,,,,2602.883333325386
,,,,,2602.8933333158493
,,,,,2602.9033333063126
,,,,,2602.913333296776
,,,,,2602.9233335256577
,,,,,2602.933333516121
,,,,,2602.943333506584
,,,,,2602.9533334970474
,,,,,2602.9633334875107
,,,,,2602.9733334779744
,,,,,2602.983333468437
,,,,,2602.9933334589005
,,,,,2603.0033334493633
,,,,,2603.013333439827
,,,,,2603.02333343029
,,,,,2603.033333420754
,,,,,2603.0433334112167
,,,,,2603.05333340168
,,,,,2603.0633333921432
,,,,,2603.0733333826065
,,,,,2603.0833333730698
,,,,,2603.093333363533
,,,,,2603.1033333539963
,,,,,2603.1133333444595
,,,,,2603.1233333349232
,,,,,2603.133333325386
,,,,,2603.1433333158493
,,,,,2603.1533333063126
,,,,,2603.163333296776
,,,,,2603.1733335256577
,,,,,2603.183333516121
,,,,,2603.193333506584
,,,,,2603.2033334970474
,,,,,2603.2133334875107
,,,,,2603.2233334779744
,,,,,2603.233333468437
,,,,,2603.2433334589005
,,,,,2603.2533334493633
,,,,,2603.263333439827
,,,,,2603.27333343029
,,,,,2603.283333420754
,,,,,2603.2933334112167
,,,,,2603.30333340168
,,,,,2603.3133333921432
,,,,,2603.3233333826065
,,,,,2603.3333333730698
,,,,,2603.343333363533
,,,,,2603.3533333539963
,,,,,2603.3633333444595
,,,,,2603.3733333349232
,,,,,2603.383333325386
,,,,,2603.3933333158493
,,,,,2603.4033333063126
,,,,,2603.413333296776
,,,,,2603.4233335256577
,,,,,2603.433333516121
,,,,,2603.443333506584
,,,,,2603.4533334970474
,,,,,2603.4633334875107
,,,,,2603.4733334779744
,,,,,2603.483333468437
,,,,,2603.4933334589005
,,,,,2603.5033334493633
,,,,,2603.513333439827
,,,,,2603.52333343029
,,,,,2603.533333420754
,,,,,2603.5433334112167
,,,,,2603.55333340168
,,,,,2603.5633333921432
,,,,,2603.5733333826065
,,,,,2603.5833333730698
,,,,,2603.593333363533
,,,,,2603.6033333539963
,,,,,2603.6133333444595
,,,,,2603.6233333349232
,,,,,2603.633333325386
,,,,,2603.6433333158493
,,,,,2603.6533333063126
,,,,,2603.663333296776
,,,,,2603.6733335256577
,,,,,2603.683333516121
,,,,,2603.693333506584
,,,,,2603.7033334970474
,,,,,2603.7133334875107
,,,,,2603.7233334779744
,,,,,2603.733333468437
,,,,,2603.7433334589005
,,,,,2603.7533334493633
,,,,,2603.763333439827
,,,,,2603.7683333158493
,,,,,2603.77333343029
,,,,,2603.7933334112167
,,,,,2603.80333340168
,,,,,2603.8133333921432
,,,,,2603.8233333826065
,,,,,2603.8333333730698
,,,,,2603.843333363533
,,,,,2603.8533333539963
,,,,,2603.8633333444595
,,,,,2603.8733333349232
,,,,,2603.883333325386
,,,,,2603.8933333158493
,,,,,2603.9033333063126
,,,,,2603.913333296776
,,,,,2603.9233335256577
,,,,,2603.933333516121
,,,,,2603.943333506584
,,,,,2603.9533334970474
,,,,,2603.9633334875107
,,,,,2603.9733334779744
,,,,,2603.983333468437
,,,,,2603.9933334589005
,,,,,2604.0033334493633
,,,,,2604.013333439827
,,,,,2604.02333343029
,,,,,2604.033333420754
,,,,,2604.0433334112167
,,,,,2604.05333340168
,,,,,2604.0633333921432
,,,,,2604.0733333826065
,,,,,2604.0833333730698
,,,,,2604.093333363533
,,,,,2604.1033333539963
,,,,,2604.1133333444595
,,,,,2604.1233333349232
,,,,,2604.133333325386
,,,,,2604.1433333158493
,,,,,2604.1533333063126
,,,,,2604.163333296776
,,,,,2604.1733335256577
,,,,,2604.183333516121
,,,,,2604.193333506584
,,,,,2604.2033334970474
,,,,,2604.2133334875107
,,,,,2604.2233334779744
,,,,,2604.233333468437
,,,,,2604.2433334589005
,,,,,2604.2533334493633
,,,,,2604.263333439827
,,,,,2604.27333343029
,,,,,2604.283333420754
,,,,,2604.2933334112167
,,,,,2604.30333340168
,,,,,2604.3133333921432
,,,,,2604.3233333826065
,,,,,2604.3333333730698
,,,,,2604.343333363533
,,,,,2604.3533333539963
,,,,,2604.3633333444595
,,,,,2604.3733333349232
,,,,,2604.383333325386
,,,,,2604.3933333158493
,,,,,2604.4033333063126
,,,,,2604.413333296776
,,,,,2604.4233335256577
,,,,,2604.433333516121
,,,,,2604.443333506584
,,,,,2604.4533334970474
,,,,,2604.4633334875107
,,,,,2604.4733334779744
,,,,,2604.483333468437
,,,,,2604.4933334589005
,,,,,2604.5033334493633
,,,,,2604.513333439827
,,,,,2604.52333343029
,,,,,2604.533333420754
,,,,,2604.5433334112167
,,,,,2604.55333340168
,,,,,2604.5633333921432
,,,,,2604.5733333826065
,,,,,2604.5833333730698
,,,,,2604.593333363533
,,,,,2604.6033333539963
,,,,,2604.6133333444595
,,,,,2604.6233333349232
,,,,,2604.633333325386
,,,,,2604.6433333158493
,,,,,2604.6533333063126
,,,,,2604.663333296776
,,,,,2604.6733335256577
,,,,,2604.683333516121
,,,,,2604.693333506584
,,,,,2604.7033334970474
,,,,,2604.7133334875107
,,,,,2604.7233334779744
,,,,,2604.733333468437
,,,,,2604.7433334589005
,,,,,2604.7533334493633
,,,,,2604.763333439827
,,,,,2604.7683333158493
,,,,,2604.77333343029
,,,,,2604.7933334112167
,,,,,2604.80333340168
,,,,,2604.8133333921432
,,,,,2604.8233333826065
,,,,,2604.8333333730698
,,,,,2604.843333363533
,,,,,2604.8533333539963
,,,,,2604.8633333444595
,,,,,2604.8733333349232
,,,,,2604.883333325386
,,,,,2604.8933333158493
,,,,,2604.9033333063126
,,,,,2604.913333296776
,,,,,2604.9233335256577
,,,,,2604.933333516121
,,,,,2604.943333506584
,,,,,2604.9533334970474
,,,,,2604.9633334875107
,,,,,2604.9733334779744
,,,,,2604.983333468437
,,,,,2604.9933334589005
,,,,,2605.0033334493633
,,,,,2605.013333439827
,,,,,2605.02333343029
,,,,,2605.033333420754
,,,,,2605.0433334112167
,,,,,2605.05333340168
,,,,,2605.0633333921432
,,,,,2605.0733333826065
,,,,,2605.0833333730698
,,,,,2605.093333363533
,,,,,2605.1033333539963
,,,,,2605.1133333444595
,,,,,2605.1233333349232
,,,,,2605.133333325386
,,,,,2605.1433333158493
,,,,,2605.1533333063126
,,,,,2605.163333296776
,,,,,2605.1733335256577
,,,,,2605.183333516121
,,,,,2605.193333506584
,,,,,2605.2033334970474
,,,,,2605.2133334875107
,,,,,2605.2233334779744
,,,,,2605.233333468437
,,,,,2605.2433334589005
,,,,,2605.2533334493633
,,,,,2605.263333439827
,,,,,2605.27333343029
,,,,,2605.283333420754
,,,,,2605.2933334112167
,,,,,2605.30333340168
,,,,,2605.3133333921432
,,,,,2605.3233333826065
,,,,,2605.3333333730698
,,,,,2605.343333363533
,,,,,2605.3533333539963
,,,,,2605.3633333444595
,,,,,2605.3733333349232
,,,,,2605.383333325386
,,,,,2605.3933333158493
,,,,,2605.4033333063126
,,,,,2605.413333296776
,,,,,2605.4233335256577
,,,,,2605.433333516121
,,,,,2605.443333506584
,,,,,2605.4533334970474
,,,,,2605.4633334875107
,,,,,2605.4733334779744
,,,,,2605.483333468437
,,,,,2605.4933334589005
,,,,,2605.5033334493633
,,,,,2605.513333439827
,,,,,2605.52333343029
,,,,,2605.533333420754
,,,,,2605.5433334112167
,,,,,2605.55333340168
,,,,,2605.5633333921432
,,,,,2605.5733333826065
,,,,,2605.5833333730698
,,,,,2605.593333363533
,,,,,2605.6033333539963
,,,,,2605.6133333444595
,,,,,2605.6233333349232
,,,,,2605.633333325386
,,,,,2605.6433333158493
,,,,,2605.6533333063126
,,,,,2605.663333296776
,,,,,2605.6733335256577
,,,,,2605.683333516121
,,,,,2605.693333506584
,,,,,2605.7033334970474
,,,,,2605.7133334875107
,,,,,2605.7233334779744
,,,,,2605.733333468437
,,,,,2605.7433334589005
,,,,,2605.7533334493633
,,,,,2605.763333439827
,,,,,2605.7683333158493
,,,,,2605.77333343029
,,,,,2605.788333296776
,,,,,2605.7983335256577
,,,,,2605.808333516121
,,,,,2605.818333506584
,,,,,2605.8283334970474
,,,,,2605.8383334875107
,,,,,2605.8483334779744
,,,,,2605.858333468437
,,,,,2605.8683334589005
,,,,,2605.8783334493633
,,,,,2605.888333439827
,,,,,2605.89833343029
,,,,,2605.908333420754
,,,,,2605.9183334112167
,,,,,2605.92833340168
,,,,,2605.9383333921432
,,,,,2605.9483333826065
,,,,,2605.9583333730698
,,,,,2605.968333363533
,,,,,2605.9783333539963
,,,,,2605.9883333444595
,,,,,2605.9983333349232
,,,,,2606.008333325386
,,,,,2606.0183333158493
,,,,,2606.0283333063126
,,,,,2606.038333296776
,,,,,2606.0483335256577
,,,,,2606.058333516121
,,,,,2606.068333506584
,,,,,2606.0783334970474
,,,,,2606.0883334875107
,,,,,2606.0983334779744
,,,,,2606.108333468437
,,,,,2606.1183334589005
,,,,,2606.1283334493633
,,,,,2606.138333439827
,,,,,2606.14833343029
,,,,,2606.158333420754
,,,,,2606.1683334112167
,,,,,2606.17833340168
,,,,,2606.1883333921432
,,,,,2606.1983333826065
,,,,,2606.2083333730698
,,,,,2606.218333363533
,,,,,2606.2283333539963
,,,,,2606.2383333444595
,,,,,2606.2483333349232
,,,,,2606.258333325386
,,,,,2606.2683333158493
,,,,,2606.2783333063126
,,,,,2606.288333296776
,,,,,2606.2983335256577
,,,,,2606.308333516121
,,,,,2606.318333506584
,,,,,2606.3283334970474
,,,,,2606.3383334875107
,,,,,2606.3483334779744
,,,,,2606.358333468437
,,,,,2606.3683334589005
,,,,,2606.3783334493633
,,,,,2606.388333439827
,,,,,2606.39833343029
,,,,,2606.408333420754
,,,,,2606.4183334112167
,,,,,2606.42833340168
,,,,,2606.4383333921432
,,,,,2606.4483333826065
,,,,,2606.4583333730698
,,,,,2606.468333363533
,,,,,2606.4783333539963
,,,,,2606.4883333444595
,,,,,2606.4983333349232
,,,,,2606.508333325386
,,,,,2606.5183333158493
,,,,,2606.5283333063126
,,,,,2606.538333296776
,,,,,2606.5483335256577
,,,,,2606.558333516121
,,,,,2606.568333506584
,,,,,2606.5783334970474
,,,,,2606.5883334875107
,,,,,2606.5983334779744
,,,,,2606.608333468437
,,,,,2606.6183334589005
,,,,,2606.6283334493633
,,,,,2606.638333439827
,,,,,2606.64833343029
,,,,,2606.658333420754
,,,,,2606.6683334112167
,,,,,2606.67833340168
,,,,,2606.6883333921432
,,,,,2606.6983333826065
,,,,,2606.7083333730698
,,,,,2606.718333363533
,,,,,2606.7283333539963
,,,,,2606.7383333444595
,,,,,2606.7483333349232
,,,,,2606.758333325386
,,,,,2606.7683333158493
,,,,,2606.77333343029
,,,,,2606.7783333063126
,,,,,2606.7933334112167
,,,,,2606.8133333921432
,,,,,2606.8233333826065
,,,,,2606.8333333730698
,,,,,2606.843333363533
,,,,,2606.8533333539963
,,,,,2606.8633333444595
,,,,,2606.8733333349232
,,,,,2606.883333325386
,,,,,2606.8933333158493
,,,,,2606.9033333063126
,,,,,2606.913333296776
,,,,,2606.9233335256577
,,,,,2606.933333516121
,,,,,2606.943333506584
,,,,,2606.9533334970474
,,,,,2606.9633334875107
,,,,,2606.9733334779744
,,,,,2606.983333468437
,,,,,2606.9933334589005
,,,,,2607.0033334493633
,,,,,2607.013333439827
,,,,,2607.02333343029
,,,,,2607.033333420754
,,,,,2607.0433334112167
,,,,,2607.05333340168
,,,,,2607.0633333921432
,,,,,2607.0733333826065
,,,,,2607.0833333730698
,,,,,2607.093333363533
,,,,,2607.1033333539963
,,,,,2607.1133333444595
,,,,,2607.1233333349232
,,,,,2607.133333325386
,,,,,2607.1433333158493
,,,,,2607.1533333063126
,,,,,2607.163333296776
,,,,,2607.1733335256577
,,,,,2607.183333516121
,,,,,2607.193333506584
,,,,,2607.2033334970474
,,,,,2607.2133334875107
,,,,,2607.2233334779744
,,,,,2607.233333468437
,,,,,2607.2433334589005
,,,,,2607.2533334493633
,,,,,2607.263333439827
,,,,,2607.27333343029
,,,,,2607.283333420754
,,,,,2607.2933334112167
,,,,,2607.30333340168
,,,,,2607.3133333921432
,,,,,2607.3233333826065
,,,,,2607.3333333730698
,,,,,2607.343333363533
,,,,,2607.3533333539963
,,,,,2607.3633333444595
,,,,,2607.3733333349232
,,,,,2607.383333325386
,,,,,2607.3933333158493
,,,,,2607.4033333063126
,,,,,2607.413333296776
,,,,,2607.4233335256577
,,,,,2607.433333516121
,,,,,2607.443333506584
,,,,,2607.4533334970474
,,,,,2607.4633334875107
,,,,,2607.4733334779744
,,,,,2607.483333468437
,,,,,2607.4933334589005
,,,,,2607.5033334493633
,,,,,2607.513333439827
,,,,,2607.52333343029
,,,,,2607.533333420754
,,,,,2607.5433334112167
,,,,,2607.55333340168
,,,,,2607.5633333921432
,,,,,2607.5733333826065
,,,,,2607.5833333730698
,,,,,2607.593333363533
,,,,,2607.6033333539963
,,,,,2607.6133333444595
,,,,,2607.6233333349232
,,,,,2607.633333325386
,,,,,2607.6433333158493
,,,,,2607.6533333063126
,,,,,2607.663333296776
,,,,,2607.6733335256577
,,,,,2607.683333516121
,,,,,2607.693333506584
,,,,,2607.7033334970474
,,,,,2607.7133334875107
,,,,,2607.7233334779744
,,,,,2607.733333468437
,,,,,2607.7433334589005
,,,,,2607.7533334493633
,,,,,2607.763333439827
,,,,,2607.77333343029
,,,,,2607.7783333063126
,,,,,2607.783333420754
,,,,,2607.7983335256577
,,,,,2607.808333516121
,,,,,2607.818333506584
,,,,,2607.8283334970474
,,,,,2607.8383334875107
,,,,,2607.8483334779744
,,,,,2607.858333468437
,,,,,2607.8683334589005
,,,,,2607.8783334493633
,,,,,2607.888333439827
,,,,,2607.89833343029
,,,,,2607.908333420754
,,,,,2607.9183334112167
,,,,,2607.92833340168
,,,,,2607.9383333921432
,,,,,2607.9483333826065
,,,,,2607.9583333730698
,,,,,2607.968333363533
,,,,,2607.9783333539963
,,,,,2607.9883333444595
,,,,,2607.9983333349232
,,,,,2608.008333325386
,,,,,2608.0183333158493
,,,,,2608.0283333063126
,,,,,2608.038333296776
,,,,,2608.0483335256577
,,,,,2608.058333516121
,,,,,2608.068333506584
,,,,,2608.0783334970474
,,,,,2608.0883334875107
,,,,,2608.0983334779744
,,,,,2608.108333468437
,,,,,2608.1183334589005
,,,,,2608.1283334493633
,,,,,2608.138333439827
,,,,,2608.14833343029
,,,,,2608.158333420754
,,,,,2608.1683334112167
,,,,,2608.17833340168
,,,,,2608.1883333921432
,,,,,2608.1983333826065
,,,,,2608.2083333730698
,,,,,2608.218333363533
,,,,,2608.2283333539963
,,,,,2608.2383333444595
,,,,,2608.2483333349232
,,,,,2608.258333325386
,,,,,2608.2683333158493
,,,,,2608.2783333063126
,,,,,2608.288333296776
,,,,,2608.2983335256577
,,,,,2608.308333516121
,,,,,2608.318333506584
,,,,,2608.3283334970474
,,,,,2608.3383334875107
,,,,,2608.3483334779744
,,,,,2608.358333468437
,,,,,2608.3683334589005
,,,,,2608.3783334493633
,,,,,2608.388333439827
,,,,,2608.39833343029
,,,,,2608.408333420754
,,,,,2608.4183334112167
,,,,,2608.42833340168
,,,,,2608.4383333921432
,,,,,2608.4483333826065
,,,,,2608.4583333730698
,,,,,2608.468333363533
,,,,,2608.4783333539963
,,,,,2608.4883333444595
,,,,,2608.4983333349232
,,,,,2608.508333325386
,,,,,2608.5183333158493
,,,,,2608.5283333063126
,,,,,2608.538333296776
,,,,,2608.5483335256577
,,,,,2608.558333516121
,,,,,2608.568333506584
,,,,,2608.5783334970474
,,,,,2608.5883334875107
,,,,,2608.5983334779744
,,,,,2608.608333468437
,,,,,2608.6183334589005
,,,,,2608.6283334493633
,,,,,2608.638333439827
,,,,,2608.64833343029
,,,,,2608.658333420754
,,,,,2608.6683334112167
,,,,,2608.67833340168
,,,,,2608.6883333921432
,,,,,2608.6983333826065
,,,,,2608.7083333730698
,,,,,2608.718333363533
,,,,,2608.7283333539963
,,,,,2608.7383333444595
,,,,,2608.7483333349232
,,,,,2608.758333325386
,,,,,2608.7683333158493
,,,,,2608.7783333063126
,,,,,2608.783333420754
,,,,,2608.788333296776
,,,,,2608.80333340168
,,,,,2608.8133333921432
,,,,,2608.8233333826065
,,,,,2608.8333333730698
,,,,,2608.843333363533
,,,,,2608.8533333539963
,,,,,2608.8633333444595
,,,,,2608.8733333349232
,,,,,2608.883333325386
,,,,,2608.8933333158493
,,,,,2608.9033333063126
,,,,,2608.913333296776
,,,,,2608.9233335256577
,,,,,2608.933333516121
,,,,,2608.943333506584
,,,,,2608.9533334970474
,,,,,2608.9633334875107
,,,,,2608.9733334779744
,,,,,2608.983333468437
,,,,,2608.9933334589005
,,,,,2609.0033334493633
,,,,,2609.013333439827
,,,,,2609.02333343029
,,,,,2609.033333420754
,,,,,2609.0433334112167
,,,,,2609.05333340168
,,,,,2609.0633333921432
,,,,,2609.0733333826065
,,,,,2609.0833333730698
,,,,,2609.093333363533
,,,,,2609.1033333539963
,,,,,2609.1133333444595
,,,,,2609.1233333349232
,,,,,2609.133333325386
,,,,,2609.1433333158493
,,,,,2609.1533333063126
,,,,,2609.163333296776
,,,,,2609.1733335256577
,,,,,2609.183333516121
,,,,,2609.193333506584
,,,,,2609.2033334970474
,,,,,2609.2133334875107
,,,,,2609.2233334779744
,,,,,2609.233333468437
,,,,,2609.2433334589005
,,,,,2609.2533334493633
,,,,,2609.263333439827
,,,,,2609.27333343029
,,,,,2609.283333420754
,,,,,2609.2933334112167
,,,,,2609.30333340168
,,,,,2609.3133333921432
,,,,,2609.3233333826065
,,,,,2609.3333333730698
,,,,,2609.343333363533
,,,,,2609.3533333539963
,,,,,2609.3633333444595
,,,,,2609.3733333349232
,,,,,2609.383333325386
,,,,,2609.3933333158493
,,,,,2609.4033333063126
,,,,,2609.413333296776
,,,,,2609.4233335256577
,,,,,2609.433333516121
,,,,,2609.443333506584
,,,,,2609.4533334970474
,,,,,2609.4633334875107
,,,,,2609.4733334779744
,,,,,2609.483333468437
,,,,,2609.4933334589005
,,,,,2609.5033334493633
,,,,,2609.513333439827
,,,,,2609.52333343029
,,,,,2609.533333420754
,,,,,2609.5433334112167
,,,,,2609.55333340168
,,,,,2609.5633333921432
,,,,,2609.5733333826065
,,,,,2609.5833333730698
,,,,,2609.593333363533
,,,,,2609.6033333539963
,,,,,2609.6133333444595
,,,,,2609.6233333349232
,,,,,2609.633333325386
,,,,,2609.6433333158493
,,,,,2609.6533333063126
,,,,,2609.663333296776
,,,,,2609.6733335256577
,,,,,2609.683333516121
,,,,,2609.693333506584
,,,,,2609.7033334970474
,,,,,2609.7133334875107
,,,,,2609.7233334779744
,,,,,2609.733333468437
,,,,,2609.7433334589005
,,,,,2609.7533334493633
,,,,,2609.763333439827
,,,,,2609.77333343029
,,,,,2609.783333420754
,,,,,2609.788333296776
,,,,,2609.7933334112167
,,,,,2609.808333516121
,,,,,2609.818333506584
,,,,,2609.8283334970474
,,,,,2609.8383334875107
,,,,,2609.8483334779744
,,,,,2609.858333468437
,,,,,2609.8683334589005
,,,,,2609.8783334493633
,,,,,2609.888333439827
,,,,,2609.89833343029
,,,,,2609.908333420754
,,,,,2609.9183334112167
,,,,,2609.92833340168
,,,,,2609.9383333921432
,,,,,2609.9483333826065
,,,,,2609.9583333730698
,,,,,2609.968333363533
,,,,,2609.9783333539963
,,,,,2609.9883333444595
,,,,,2609.9983333349232
,,,,,2610.008333325386
,,,,,2610.0183333158493
,,,,,2610.0283333063126
,,,,,2610.038333296776
,,,,,2610.0483335256577
,,,,,2610.058333516121
,,,,,2610.068333506584
,,,,,2610.0783334970474
,,,,,2610.0883334875107
,,,,,2610.0983334779744
,,,,,2610.108333468437
,,,,,2610.1183334589005
,,,,,2610.1283334493633
,,,,,2610.138333439827
,,,,,2610.14833343029
,,,,,2610.158333420754
,,,,,2610.1683334112167
,,,,,2610.17833340168
,,,,,2610.1883333921432
,,,,,2610.1983333826065
,,,,,2610.2083333730698
,,,,,2610.218333363533
,,,,,2610.2283333539963
,,,,,2610.2383333444595
,,,,,2610.2483333349232
,,,,,2610.258333325386
,,,,,2610.2683333158493
,,,,,2610.2783333063126
,,,,,2610.288333296776
,,,,,2610.2983335256577
,,,,,2610.308333516121
,,,,,2610.318333506584
,,,,,2610.3283334970474
,,,,,2610.3383334875107
,,,,,2610.3483334779744
,,,,,2610.358333468437
,,,,,2610.3683334589005
,,,,,2610.3783334493633
,,,,,2610.388333439827
,,,,,2610.39833343029
,,,,,2610.408333420754
,,,,,2610.4183334112167
,,,,,2610.42833340168
,,,,,2610.4383333921432
,,,,,2610.4483333826065
,,,,,2610.4583333730698
,,,,,2610.468333363533
,,,,,2610.4783333539963
,,,,,2610.4883333444595
,,,,,2610.4983333349232
,,,,,2610.508333325386
,,,,,2610.5183333158493
,,,,,2610.5283333063126
,,,,,2610.538333296776
,,,,,2610.5483335256577
,,,,,2610.558333516121
,,,,,2610.568333506584
,,,,,2610.5783334970474
,,,,,2610.5883334875107
,,,,,2610.5983334779744
,,,,,2610.608333468437
,,,,,2610.6183334589005
,,,,,2610.6283334493633
,,,,,2610.638333439827
,,,,,2610.64833343029
,,,,,2610.658333420754
,,,,,2610.6683334112167
,,,,,2610.67833340168
,,,,,2610.6883333921432
,,,,,2610.6983333826065
,,,,,2610.7083333730698
,,,,,2610.718333363533
,,,,,2610.7283333539963
,,,,,2610.7383333444595
,,,,,2610.7483333349232
,,,,,2610.758333325386
,,,,,2610.7683333158493
,,,,,2610.7783333063126
,,,,,2610.788333296776
,,,,,2610.7933334112167
,,,,,2610.7983335256577
,,,,,2610.8133333921432
,,,,,2610.8233333826065
,,,,,2610.8333333730698
,,,,,2610.843333363533
,,,,,2610.8533333539963
,,,,,2610.8633333444595
,,,,,2610.8733333349232
,,,,,2610.883333325386
,,,,,2610.8933333158493
,,,,,2610.9033333063126
,,,,,2610.913333296776
,,,,,2610.9233335256577
,,,,,2610.933333516121
,,,,,2610.943333506584
,,,,,2610.9533334970474
,,,,,2610.9633334875107
,,,,,2610.9733334779744
,,,,,2610.983333468437
,,,,,2610.9933334589005
,,,,,2611.0033334493633
,,,,,2611.013333439827
,,,,,2611.02333343029
,,,,,2611.033333420754
,,,,,2611.0433334112167
,,,,,2611.05333340168
,,,,,2611.0633333921432
,,,,,2611.0733333826065
,,,,,2611.0833333730698
,,,,,2611.093333363533
,,,,,2611.1033333539963
,,,,,2611.1133333444595
,,,,,2611.1233333349232
,,,,,2611.133333325386
,,,,,2611.1433333158493
,,,,,2611.1533333063126
,,,,,2611.163333296776
,,,,,2611.1733335256577
,,,,,2611.183333516121
,,,,,2611.193333506584
,,,,,2611.2033334970474
,,,,,2611.2133334875107
,,,,,2611.2233334779744
,,,,,2611.233333468437
,,,,,2611.2433334589005
,,,,,2611.2533334493633
,,,,,2611.263333439827
,,,,,2611.27333343029
,,,,,2611.283333420754
,,,,,2611.2933334112167
,,,,,2611.30333340168
,,,,,2611.3133333921432
,,,,,2611.3233333826065
,,,,,2611.3333333730698
,,,,,2611.343333363533
,,,,,2611.3533333539963
,,,,,2611.3633333444595
,,,,,2611.3733333349232
,,,,,2611.383333325386
,,,,,2611.3933333158493
,,,,,2611.4033333063126
,,,,,2611.413333296776
,,,,,2611.4233335256577
,,,,,2611.433333516121
,,,,,2611.443333506584
,,,,,2611.4533334970474
,,,,,2611.4633334875107
,,,,,2611.4733334779744
,,,,,2611.483333468437
,,,,,2611.4933334589005
,,,,,2611.5033334493633
,,,,,2611.513333439827
,,,,,2611.52333343029
,,,,,2611.533333420754
,,,,,2611.5433334112167
,,,,,2611.55333340168
,,,,,2611.5633333921432
,,,,,2611.5733333826065
,,,,,2611.5833333730698
,,,,,2611.593333363533
,,,,,2611.6033333539963
,,,,,2611.6133333444595
,,,,,2611.6233333349232
,,,,,2611.633333325386
,,,,,2611.6433333158493
,,,,,2611.6533333063126
,,,,,2611.663333296776
,,,,,2611.6733335256577
,,,,,2611.683333516121
,,,,,2611.693333506584
,,,,,2611.7033334970474
,,,,,2611.7133334875107
,,,,,2611.7233334779744
,,,,,2611.733333468437
,,,,,2611.7433334589005
,,,,,2611.7533334493633
,,,,,2611.763333439827
,,,,,2611.77333343029
,,,,,2611.783333420754
,,,,,2611.7933334112167
,,,,,2611.7983335256577
,,,,,2611.80333340168
,,,,,2611.818333506584
,,,,,2611.8383334875107
,,,,,2611.8483334779744
,,,,,2611.858333468437
,,,,,2611.8683334589005
,,,,,2611.8783334493633
,,,,,2611.888333439827
,,,,,2611.89833343029
,,,,,2611.908333420754
,,,,,2611.9183334112167
,,,,,2611.92833340168
,,,,,2611.9383333921432
,,,,,2611.9483333826065
,,,,,2611.9583333730698
,,,,,2611.968333363533
,,,,,2611.9783333539963
,,,,,2611.9883333444595
,,,,,2611.9983333349232
,,,,,2612.008333325386
,,,,,2612.0183333158493
,,,,,2612.0283333063126
,,,,,2612.038333296776
,,,,,2612.0483335256577
,,,,,2612.058333516121
,,,,,2612.068333506584
,,,,,2612.0783334970474
,,,,,2612.0883334875107
,,,,,2612.0983334779744
,,,,,2612.108333468437
,,,,,2612.1183334589005
,,,,,2612.1283334493633
,,,,,2612.138333439827
,,,,,2612.14833343029
,,,,,2612.158333420754
,,,,,2612.1683334112167
,,,,,2612.17833340168
,,,,,2612.1883333921432
,,,,,2612.1983333826065
,,,,,2612.2083333730698
,,,,,2612.218333363533
,,,,,2612.2283333539963
,,,,,2612.2383333444595
,,,,,2612.2483333349232
,,,,,2612.258333325386
,,,,,2612.2683333158493
,,,,,2612.2783333063126
,,,,,2612.288333296776
,,,,,2612.2983335256577
,,,,,2612.308333516121
,,,,,2612.318333506584
,,,,,2612.3283334970474
,,,,,2612.3383334875107
,,,,,2612.3483334779744
,,,,,2612.358333468437
,,,,,2612.3683334589005
,,,,,2612.3783334493633
,,,,,2612.388333439827
,,,,,2612.39833343029
,,,,,2612.408333420754
,,,,,2612.4183334112167
,,,,,2612.42833340168
,,,,,2612.4383333921432
,,,,,2612.4483333826065
,,,,,2612.4583333730698
,,,,,2612.468333363533
,,,,,2612.4783333539963
,,,,,2612.4883333444595
,,,,,2612.4983333349232
,,,,,2612.508333325386
,,,,,2612.5183333158493
,,,,,2612.5283333063126
,,,,,2612.538333296776
,,,,,2612.5483335256577
,,,,,2612.558333516121
,,,,,2612.568333506584
,,,,,2612.5783334970474
,,,,,2612.5883334875107
,,,,,2612.5983334779744
,,,,,2612.608333468437
,,,,,2612.6183334589005
,,,,,2612.6283334493633
,,,,,2612.638333439827
,,,,,2612.64833343029
,,,,,2612.658333420754
,,,,,2612.6683334112167
,,,,,2612.67833340168
,,,,,2612.6883333921432
,,,,,2612.6983333826065
,,,,,2612.7083333730698
,,,,,2612.718333363533
,,,,,2612.7283333539963
,,,,,2612.7383333444595
,,,,,2612.7483333349232
,,,,,2612.758333325386
,,,,,2612.7683333158493
,,,,,2612.7783333063126
,,,,,2612.788333296776
,,,,,2612.7983335256577
,,,,,2612.80333340168
,,,,,2612.808333516121
,,,,,2612.8283334970474
,,,,,2612.8383334875107
,,,,,2612.8483334779744
,,,,,2612.858333468437
,,,,,2612.8683334589005
,,,,,2612.8783334493633
,,,,,2612.888333439827
,,,,,2612.89833343029
,,,,,2612.908333420754
,,,,,2612.9183334112167
,,,,,2612.92833340168
,,,,,2612.9383333921432
,,,,,2612.9483333826065
,,,,,2612.9583333730698
,,,,,2612.968333363533
,,,,,2612.9783333539963
,,,,,2612.9883333444595
,,,,,2612.9983333349232
,,,,,2613.008333325386
,,,,,2613.0183333158493
,,,,,2613.0283333063126
,,,,,2613.038333296776
,,,,,2613.0483335256577
,,,,,2613.058333516121
,,,,,2613.068333506584
,,,,,2613.0783334970474
,,,,,2613.0883334875107
,,,,,2613.0983334779744
,,,,,2613.108333468437
,,,,,2613.1183334589005
,,,,,2613.1283334493633
,,,,,2613.138333439827
,,,,,2613.14833343029
,,,,,2613.158333420754
,,,,,2613.1683334112167
,,,,,2613.17833340168
,,,,,2613.1883333921432
,,,,,2613.1983333826065
,,,,,2613.2083333730698
,,,,,2613.218333363533
,,,,,2613.2283333539963
,,,,,2613.2383333444595
,,,,,2613.2483333349232
,,,,,2613.258333325386
,,,,,2613.2683333158493
,,,,,2613.2783333063126
,,,,,2613.288333296776
,,,,,2613.2983335256577
,,,,,2613.308333516121
,,,,,2613.318333506584
,,,,,2613.3283334970474
,,,,,2613.3383334875107
,,,,,2613.3483334779744
,,,,,2613.358333468437
,,,,,2613.3683334589005
,,,,,2613.3783334493633
,,,,,2613.388333439827
,,,,,2613.39833343029
,,,,,2613.408333420754
,,,,,2613.4183334112167
,,,,,2613.42833340168
,,,,,2613.4383333921432
,,,,,2613.4483333826065
,,,,,2613.4583333730698
,,,,,2613.468333363533
,,,,,2613.4783333539963
,,,,,2613.4883333444595
,,,,,2613.4983333349232
,,,,,2613.508333325386
,,,,,2613.5183333158493
,,,,,2613.5283333063126
,,,,,2613.538333296776
,,,,,2613.5483335256577
,,,,,2613.558333516121
,,,,,2613.568333506584
,,,,,2613.5783334970474
,,,,,2613.5883334875107
,,,,,2613.5983334779744
,,,,,2613.608333468437
,,,,,2613.6183334589005
,,,,,2613.6283334493633
,,,,,2613.638333439827
,,,,,2613.64833343029
,,,,,2613.658333420754
,,,,,2613.6683334112167
,,,,,2613.67833340168
,,,,,2613.6883333921432
,,,,,2613.6983333826065
,,,,,2613.7083333730698
,,,,,2613.718333363533
,,,,,2613.7283333539963
,,,,,2613.7383333444595
,,,,,2613.7483333349232
,,,,,2613.758333325386
,,,,,2613.7683333158493
,,,,,2613.7783333063126
,,,,,2613.788333296776
,,,,,2613.7983335256577
,,,,,2613.80333340168
,,,,,2613.808333516121
,,,,,2613.8283334970474
,,,,,2613.8383334875107
,,,,,2613.8483334779744
,,,,,2613.858333468437
,,,,,2613.8683334589005
,,,,,2613.8783334493633
,,,,,2613.888333439827
,,,,,2613.89833343029
,,,,,2613.908333420754
,,,,,2613.9183334112167
,,,,,2613.92833340168
,,,,,2613.9383333921432
,,,,,2613.9483333826065
,,,,,2613.9583333730698
,,,,,2613.968333363533
,,,,,2613.9783333539963
,,,,,2613.9883333444595
,,,,,2613.9983333349232
,,,,,2614.008333325386
,,,,,2614.0183333158493
,,,,,2614.0283333063126
,,,,,2614.038333296776
,,,,,2614.0483335256577
,,,,,2614.058333516121
,,,,,2614.068333506584
,,,,,2614.0783334970474
,,,,,2614.0883334875107
,,,,,2614.0983334779744
,,,,,2614.108333468437
,,,,,2614.1183334589005
,,,,,2614.1283334493633
,,,,,2614.138333439827
,,,,,2614.14833343029
,,,,,2614.158333420754
,,,,,2614.1683334112167
,,,,,2614.17833340168
,,,,,2614.1883333921432
,,,,,2614.1983333826065
,,,,,2614.2083333730698
,,,,,2614.218333363533
,,,,,2614.2283333539963
,,,,,2614.2383333444595
,,,,,2614.2483333349232
,,,,,2614.258333325386
,,,,,2614.2683333158493
,,,,,2614.2783333063126
,,,,,2614.288333296776
,,,,,2614.2983335256577
,,,,,2614.308333516121
,,,,,2614.318333506584
,,,,,2614.3283334970474
,,,,,2614.3383334875107
,,,,,2614.3483334779744
,,,,,2614.358333468437
,,,,,2614.3683334589005
,,,,,2614.3783334493633
,,,,,2614.388333439827
,,,,,2614.39833343029
,,,,,2614.408333420754
,,,,,2614.4183334112167
,,,,,2614.42833340168
,,,,,2614.4383333921432
,,,,,2614.4483333826065
,,,,,2614.4583333730698
,,,,,2614.468333363533
,,,,,2614.4783333539963
,,,,,2614.4883333444595
,,,,,2614.4983333349232
,,,,,2614.508333325386
,,,,,2614.5183333158493
,,,,,2614.5283333063126
,,,,,2614.538333296776
,,,,,2614.5483335256577
,,,,,2614.558333516121
,,,,,2614.568333506584
,,,,,2614.5783334970474
,,,,,2614.5883334875107
,,,,,2614.5983334779744
,,,,,2614.608333468437
,,,,,2614.6183334589005
,,,,,2614.6283334493633
,,,,,2614.638333439827
,,,,,2614.64833343029
,,,,,2614.658333420754
,,,,,2614.6683334112167
,,,,,2614.67833340168
,,,,,2614.6883333921432
,,,,,2614.6983333826065
,,,,,2614.7083333730698
,,,,,2614.718333363533
,,,,,2614.7283333539963
,,,,,2614.7383333444595
,,,,,2614.7483333349232
,,,,,2614.758333325386
,,,,,2614.7683333158493
,,,,,2614.7783333063126
,,,,,2614.788333296776
,,,,,2614.7983335256577
,,,,,2614.80333340168
,,,,,2614.808333516121
,,,,,2614.8283334970474
,,,,,2614.8383334875107
,,,,,2614.8483334779744
,,,,,2614.858333468437
,,,,,2614.8683334589005
,,,,,2614.8783334493633
,,,,,2614.888333439827
,,,,,2614.89833343029
,,,,,2614.908333420754
,,,,,2614.9183334112167
,,,,,2614.92833340168
,,,,,2614.9383333921432
,,,,,2614.9483333826065
,,,,,2614.9583333730698
,,,,,2614.968333363533
,,,,,2614.9783333539963
,,,,,2614.9883333444595
,,,,,2614.9983333349232
,,,,,2615.008333325386
,,,,,2615.0183333158493
,,,,,2615.0283333063126
,,,,,2615.038333296776
,,,,,2615.0483335256577
,,,,,2615.058333516121
,,,,,2615.068333506584
,,,,,2615.0783334970474
,,,,,2615.0883334875107
,,,,,2615.0983334779744
,,,,,2615.108333468437
,,,,,2615.1183334589005
,,,,,2615.1283334493633
,,,,,2615.138333439827
,,,,,2615.14833343029
,,,,,2615.158333420754
,,,,,2615.1683334112167
,,,,,2615.17833340168
,,,,,2615.1883333921432
,,,,,2615.1983333826065
,,,,,2615.2083333730698
,,,,,2615.218333363533
,,,,,2615.2283333539963
,,,,,2615.2383333444595
,,,,,2615.2483333349232
,,,,,2615.258333325386
,,,,,2615.2683333158493
,,,,,2615.2783333063126
,,,,,2615.288333296776
,,,,,2615.2983335256577
,,,,,2615.308333516121
,,,,,2615.318333506584
,,,,,2615.3283334970474
,,,,,2615.3383334875107
,,,,,2615.3483334779744
,,,,,2615.358333468437
,,,,,2615.3683334589005
,,,,,2615.3783334493633
,,,,,2615.388333439827
,,,,,2615.39833343029
,,,,,2615.408333420754
,,,,,2615.4183334112167
,,,,,2615.42833340168
,,,,,2615.4383333921432
,,,,,2615.4483333826065
,,,,,2615.4583333730698
,,,,,2615.468333363533
,,,,,2615.4783333539963
,,,,,2615.4883333444595
,,,,,2615.4983333349232
,,,,,2615.508333325386
,,,,,2615.5183333158493
,,,,,2615.5283333063126
,,,,,2615.538333296776
,,,,,2615.5483335256577
,,,,,2615.558333516121
,,,,,2615.568333506584
,,,,,2615.5783334970474
,,,,,2615.5883334875107
,,,,,2615.5983334779744
,,,,,2615.608333468437
,,,,,2615.6183334589005
,,,,,2615.6283334493633
,,,,,2615.638333439827
,,,,,2615.64833343029
,,,,,2615.658333420754
,,,,,2615.6683334112167
,,,,,2615.67833340168
,,,,,2615.6883333921432
,,,,,2615.6983333826065
,,,,,2615.7083333730698
,,,,,2615.718333363533
,,,,,2615.7283333539963
,,,,,2615.7383333444595
,,,,,2615.7483333349232
,,,,,2615.758333325386
,,,,,2615.7683333158493
,,,,,2615.7783333063126
,,,,,2615.788333296776
,,,,,2615.7983335256577
,,,,,2615.80333340168
,,,,,2615.808333516121
,,,,,2615.8283334970474
,,,,,2615.8383334875107
,,,,,2615.8483334779744
,,,,,2615.858333468437
,,,,,2615.8683334589005
,,,,,2615.8783334493633
,,,,,2615.888333439827
,,,,,2615.89833343029
,,,,,2615.908333420754
,,,,,2615.9183334112167
,,,,,2615.92833340168
,,,,,2615.9383333921432
,,,,,2615.9483333826065
,,,,,2615.9583333730698
,,,,,2615.968333363533
,,,,,2615.9783333539963
,,,,,2615.9883333444595
,,,,,2615.9983333349232
,,,,,2616.008333325386
,,,,,2616.0183333158493
,,,,,2616.0283333063126
,,,,,2616.038333296776
,,,,,2616.0483335256577
,,,,,2616.058333516121
,,,,,2616.068333506584
,,,,,2616.0783334970474
,,,,,2616.0883334875107
,,,,,2616.0983334779744
,,,,,2616.108333468437
,,,,,2616.1183334589005
,,,,,2616.1283334493633
,,,,,2616.138333439827
,,,,,2616.14833343029
,,,,,2616.158333420754
,,,,,2616.1683334112167
,,,,,2616.17833340168
,,,,,2616.1883333921432
,,,,,2616.1983333826065
,,,,,2616.2083333730698
,,,,,2616.218333363533
,,,,,2616.2283333539963
,,,,,2616.2383333444595
,,,,,2616.2483333349232
,,,,,2616.258333325386
,,,,,2616.2683333158493
,,,,,2616.2783333063126
,,,,,2616.288333296776
,,,,,2616.2983335256577
,,,,,2616.308333516121
,,,,,2616.318333506584
,,,,,2616.3283334970474
,,,,,2616.3383334875107
,,,,,2616.3483334779744
,,,,,2616.358333468437
,,,,,2616.3683334589005
,,,,,2616.3783334493633
,,,,,2616.388333439827
,,,,,2616.39833343029
,,,,,2616.408333420754
,,,,,2616.4183334112167
,,,,,2616.42833340168
,,,,,2616.4383333921432
,,,,,2616.4483333826065
,,,,,2616.4583333730698
,,,,,2616.468333363533
,,,,,2616.4783333539963
,,,,,2616.4883333444595
,,,,,2616.4983333349232
,,,,,2616.508333325386
,,,,,2616.5183333158493
,,,,,2616.5283333063126
,,,,,2616.538333296776
,,,,,2616.5483335256577
,,,,,2616.558333516121
,,,,,2616.568333506584
,,,,,2616.5783334970474
,,,,,2616.5883334875107
,,,,,2616.5983334779744
,,,,,2616.608333468437
,,,,,2616.6183334589005
,,,,,2616.6283334493633
,,,,,2616.638333439827
,,,,,2616.64833343029
,,,,,2616.658333420754
,,,,,2616.6683334112167
,,,,,2616.67833340168
,,,,,2616.6883333921432
,,,,,2616.6983333826065
,,,,,2616.7083333730698
,,,,,2616.718333363533
,,,,,2616.7283333539963
,,,,,2616.7383333444595
,,,,,2616.7483333349232
,,,,,2616.758333325386
,,,,,2616.7683333158493
,,,,,2616.7783333063126
,,,,,2616.788333296776
,,,,,2616.7983335256577
,,,,,2616.80333340168
,,,,,2616.808333516121
,,,,,2616.8283334970474
,,,,,2616.843333363533
,,,,,2616.8533333539963
,,,,,2616.8633333444595
,,,,,2616.8733333349232
,,,,,2616.883333325386
,,,,,2616.8933333158493
,,,,,2616.9033333063126
,,,,,2616.913333296776
,,,,,2616.9233335256577
,,,,,2616.933333516121
,,,,,2616.943333506584
,,,,,2616.9533334970474
,,,,,2616.9633334875107
,,,,,2616.9733334779744
,,,,,2616.983333468437
,,,,,2616.9933334589005
,,,,,2617.0033334493633
,,,,,2617.013333439827
,,,,,2617.02333343029
,,,,,2617.033333420754
,,,,,2617.0433334112167
,,,,,2617.05333340168
,,,,,2617.0633333921432
,,,,,2617.0733333826065
,,,,,2617.0833333730698
,,,,,2617.093333363533
,,,,,2617.1033333539963
,,,,,2617.1133333444595
,,,,,2617.1233333349232
,,,,,2617.133333325386
,,,,,2617.1433333158493
,,,,,2617.1533333063126
,,,,,2617.163333296776
,,,,,2617.1733335256577
,,,,,2617.183333516121
,,,,,2617.193333506584
,,,,,2617.2033334970474
,,,,,2617.2133334875107
,,,,,2617.2233334779744
,,,,,2617.233333468437
,,,,,2617.2433334589005
,,,,,2617.2533334493633
,,,,,2617.263333439827
,,,,,2617.27333343029
,,,,,2617.283333420754
,,,,,2617.2933334112167
,,,,,2617.30333340168
,,,,,2617.3133333921432
,,,,,2617.3233333826065
,,,,,2617.3333333730698
,,,,,2617.343333363533
,,,,,2617.3533333539963
,,,,,2617.3633333444595
,,,,,2617.3733333349232
,,,,,2617.383333325386
,,,,,2617.3933333158493
,,,,,2617.4033333063126
,,,,,2617.413333296776
,,,,,2617.4233335256577
,,,,,2617.433333516121
,,,,,2617.443333506584
,,,,,2617.4533334970474
,,,,,2617.4633334875107
,,,,,2617.4733334779744
,,,,,2617.483333468437
,,,,,2617.4933334589005
,,,,,2617.5033334493633
,,,,,2617.513333439827
,,,,,2617.52333343029
,,,,,2617.533333420754
,,,,,2617.5433334112167
,,,,,2617.55333340168
,,,,,2617.5633333921432
,,,,,2617.5733333826065
,,,,,2617.5833333730698
,,,,,2617.593333363533
,,,,,2617.6033333539963
,,,,,2617.6133333444595
,,,,,2617.6233333349232
,,,,,2617.633333325386
,,,,,2617.6433333158493
,,,,,2617.6533333063126
,,,,,2617.663333296776
,,,,,2617.6733335256577
,,,,,2617.683333516121
,,,,,2617.693333506584
,,,,,2617.7033334970474
,,,,,2617.7133334875107
,,,,,2617.7233334779744
,,,,,2617.733333468437
,,,,,2617.7433334589005
,,,,,2617.7533334493633
,,,,,2617.763333439827
,,,,,2617.77333343029
,,,,,2617.783333420754
,,,,,2617.7933334112167
,,,,,2617.80333340168
,,,,,2617.808333516121
,,,,,2617.8133333921432
,,,,,2617.8333333730698
,,,,,2617.843333363533
,,,,,2617.8533333539963
,,,,,2617.8633333444595
,,,,,2617.8733333349232
,,,,,2617.883333325386
,,,,,2617.8933333158493
,,,,,2617.9033333063126
,,,,,2617.913333296776
,,,,,2617.9233335256577
,,,,,2617.933333516121
,,,,,2617.943333506584
,,,,,2617.9533334970474
,,,,,2617.9633334875107
,,,,,2617.9733334779744
,,,,,2617.983333468437
,,,,,2617.9933334589005
,,,,,2618.0033334493633
,,,,,2618.013333439827
,,,,,2618.02333343029
,,,,,2618.033333420754
,,,,,2618.0433334112167
,,,,,2618.05333340168
,,,,,2618.0633333921432
,,,,,2618.0733333826065
,,,,,2618.0833333730698
,,,,,2618.093333363533
,,,,,2618.1033333539963
,,,,,2618.1133333444595
,,,,,2618.1233333349232
,,,,,2618.133333325386
,,,,,2618.1433333158493
,,,,,2618.1533333063126
,,,,,2618.163333296776
,,,,,2618.1733335256577
,,,,,2618.183333516121
,,,,,2618.193333506584
,,,,,2618.2033334970474
,,,,,2618.2133334875107
,,,,,2618.2233334779744
,,,,,2618.233333468437
,,,,,2618.2433334589005
,,,,,2618.2533334493633
,,,,,2618.263333439827
,,,,,2618.27333343029
,,,,,2618.283333420754
,,,,,2618.2933334112167
,,,,,2618.30333340168
,,,,,2618.3133333921432
,,,,,2618.3233333826065
,,,,,2618.3333333730698
,,,,,2618.343333363533
,,,,,2618.3533333539963
,,,,,2618.3633333444595
,,,,,2618.3733333349232
,,,,,2618.383333325386
,,,,,2618.3933333158493
,,,,,2618.4033333063126
,,,,,2618.413333296776
,,,,,2618.4233335256577
,,,,,2618.433333516121
,,,,,2618.443333506584
,,,,,2618.4533334970474
,,,,,2618.4633334875107
,,,,,2618.4733334779744
,,,,,2618.483333468437
,,,,,2618.4933334589005
,,,,,2618.5033334493633
,,,,,2618.513333439827
,,,,,2618.52333343029
,,,,,2618.533333420754
,,,,,2618.5433334112167
,,,,,2618.55333340168
,,,,,2618.5633333921432
,,,,,2618.5733333826065
,,,,,2618.5833333730698
,,,,,2618.593333363533
,,,,,2618.6033333539963
,,,,,2618.6133333444595
,,,,,2618.6233333349232
,,,,,2618.633333325386
,,,,,2618.6433333158493
,,,,,2618.6533333063126
,,,,,2618.663333296776
,,,,,2618.6733335256577
,,,,,2618.683333516121
,,,,,2618.693333506584
,,,,,2618.7033334970474
,,,,,2618.7133334875107
,,,,,2618.7233334779744
,,,,,2618.733333468437
,,,,,2618.7433334589005
,,,,,2618.7533334493633
,,,,,2618.763333439827
,,,,,2618.77333343029
,,,,,2618.783333420754
,,,,,2618.7933334112167
,,,,,2618.80333340168
,,,,,2618.808333516121
,,,,,2618.8133333921432
,,,,,2618.8333333730698
,,,,,2618.843333363533
,,,,,2618.8533333539963
,,,,,2618.8633333444595
,,,,,2618.8733333349232
,,,,,2618.883333325386
,,,,,2618.8933333158493
,,,,,2618.9033333063126
,,,,,2618.913333296776
,,,,,2618.9233335256577
,,,,,2618.933333516121
,,,,,2618.943333506584
,,,,,2618.9533334970474
,,,,,2618.9633334875107
,,,,,2618.9733334779744
,,,,,2618.983333468437
,,,,,2618.9933334589005
,,,,,2619.0033334493633
,,,,,2619.013333439827
,,,,,2619.02333343029
,,,,,2619.033333420754
,,,,,2619.0433334112167
,,,,,2619.05333340168
,,,,,2619.0633333921432
,,,,,2619.0733333826065
,,,,,2619.0833333730698
,,,,,2619.093333363533
,,,,,2619.1033333539963
,,,,,2619.1133333444595
,,,,,2619.1233333349232
,,,,,2619.133333325386
,,,,,2619.1433333158493
,,,,,2619.1533333063126
,,,,,2619.163333296776
,,,,,2619.1733335256577
,,,,,2619.183333516121
,,,,,2619.193333506584
,,,,,2619.2033334970474
,,,,,2619.2133334875107
,,,,,2619.2233334779744
,,,,,2619.233333468437
,,,,,2619.2433334589005
,,,,,2619.2533334493633
,,,,,2619.263333439827
,,,,,2619.27333343029
,,,,,2619.283333420754
,,,,,2619.2933334112167
,,,,,2619.30333340168
,,,,,2619.3133333921432
,,,,,2619.3233333826065
,,,,,2619.3333333730698
,,,,,2619.343333363533
,,,,,2619.3533333539963
,,,,,2619.3633333444595
,,,,,2619.3733333349232
,,,,,2619.383333325386
,,,,,2619.3933333158493
,,,,,2619.4033333063126
,,,,,2619.413333296776
,,,,,2619.4233335256577
,,,,,2619.433333516121
,,,,,2619.443333506584
,,,,,2619.4533334970474
,,,,,2619.4633334875107
,,,,,2619.4733334779744
,,,,,2619.483333468437
,,,,,2619.4933334589005
,,,,,2619.5033334493633
,,,,,2619.513333439827
,,,,,2619.52333343029
,,,,,2619.533333420754
,,,,,2619.5433334112167
,,,,,2619.55333340168
,,,,,2619.5633333921432
,,,,,2619.5733333826065
,,,,,2619.5833333730698
,,,,,2619.593333363533
,,,,,2619.6033333539963
,,,,,2619.6133333444595
,,,,,2619.6233333349232
,,,,,2619.633333325386
,,,,,2619.6433333158493
,,,,,2619.6533333063126
,,,,,2619.663333296776
,,,,,2619.6733335256577
,,,,,2619.683333516121
,,,,,2619.693333506584
,,,,,2619.7033334970474
,,,,,2619.7133334875107
,,,,,2619.7233334779744
,,,,,2619.733333468437
,,,,,2619.7433334589005
,,,,,2619.7533334493633
,,,,,2619.763333439827
,,,,,2619.77333343029
,,,,,2619.783333420754
,,,,,2619.7933334112167
,,,,,2619.80333340168
,,,,,2619.808333516121
,,,,,2619.8133333921432
,,,,,2619.8333333730698
,,,,,2619.843333363533
,,,,,2619.8533333539963
,,,,,2619.8633333444595
,,,,,2619.8733333349232
,,,,,2619.883333325386
,,,,,2619.8933333158493
,,,,,2619.9033333063126
,,,,,2619.913333296776
,,,,,2619.9233335256577
,,,,,2619.933333516121
,,,,,2619.943333506584
,,,,,2619.9533334970474
,,,,,2619.9633334875107
,,,,,2619.9733334779744
,,,,,2619.983333468437
,,,,,2619.9933334589005
,,,,,2620.0033334493633
,,,,,2620.013333439827
,,,,,2620.02333343029
,,,,,2620.033333420754
,,,,,2620.0433334112167
,,,,,2620.05333340168
,,,,,2620.0633333921432
,,,,,2620.0733333826065
,,,,,2620.0833333730698
,,,,,2620.093333363533
,,,,,2620.1033333539963
,,,,,2620.1133333444595
,,,,,2620.1233333349232
,,,,,2620.133333325386
,,,,,2620.1433333158493
,,,,,2620.1533333063126
,,,,,2620.163333296776
,,,,,2620.1733335256577
,,,,,2620.183333516121
,,,,,2620.193333506584
,,,,,2620.2033334970474
,,,,,2620.2133334875107
,,,,,2620.2233334779744
,,,,,2620.233333468437
,,,,,2620.2433334589005
,,,,,2620.2533334493633
,,,,,2620.263333439827
,,,,,2620.27333343029
,,,,,2620.283333420754
,,,,,2620.2933334112167
,,,,,2620.30333340168
,,,,,2620.3133333921432
,,,,,2620.3233333826065
,,,,,2620.3333333730698
,,,,,2620.343333363533
,,,,,2620.3533333539963
,,,,,2620.3633333444595
,,,,,2620.3733333349232
,,,,,2620.383333325386
,,,,,2620.3933333158493
,,,,,2620.4033333063126
,,,,,2620.413333296776
,,,,,2620.4233335256577
,,,,,2620.433333516121
,,,,,2620.443333506584
,,,,,2620.4533334970474
,,,,,2620.4633334875107
,,,,,2620.4733334779744
,,,,,2620.483333468437
,,,,,2620.4933334589005
,,,,,2620.5033334493633
,,,,,2620.513333439827
,,,,,2620.52333343029
,,,,,2620.533333420754
,,,,,2620.5433334112167
,,,,,2620.55333340168
,,,,,2620.5633333921432
,,,,,2620.5733333826065
,,,,,2620.5833333730698
,,,,,2620.593333363533
,,,,,2620.6033333539963
,,,,,2620.6133333444595
,,,,,2620.6233333349232
,,,,,2620.633333325386
,,,,,2620.6433333158493
,,,,,2620.6533333063126
,,,,,2620.663333296776
,,,,,2620.6733335256577
,,,,,2620.683333516121
,,,,,2620.693333506584
,,,,,2620.7033334970474
,,,,,2620.7133334875107
,,,,,2620.7233334779744
,,,,,2620.733333468437
,,,,,2620.7433334589005
,,,,,2620.7533334493633
,,,,,2620.763333439827
,,,,,2620.77333343029
,,,,,2620.783333420754
,,,,,2620.7933334112167
,,,,,2620.80333340168
,,,,,2620.808333516121
,,,,,2620.8133333921432
,,,,,2620.8283334970474
,,,,,2620.843333363533
,,,,,2620.8533333539963
,,,,,2620.8633333444595
,,,,,2620.8733333349232
,,,,,2620.883333325386
,,,,,2620.8933333158493
,,,,,2620.9033333063126
,,,,,2620.913333296776
,,,,,2620.9233335256577
,,,,,2620.933333516121
,,,,,2620.943333506584
,,,,,2620.9533334970474
,,,,,2620.9633334875107
,,,,,2620.9733334779744
,,,,,2620.983333468437
,,,,,2620.9933334589005
,,,,,2621.0033334493633
,,,,,2621.013333439827
,,,,,2621.02333343029
,,,,,2621.033333420754
,,,,,2621.0433334112167
,,,,,2621.05333340168
,,,,,2621.0633333921432
,,,,,2621.0733333826065
,,,,,2621.0833333730698
,,,,,2621.093333363533
,,,,,2621.1033333539963
,,,,,2621.1133333444595
,,,,,2621.1233333349232
,,,,,2621.133333325386
,,,,,2621.1433333158493
,,,,,2621.1533333063126
,,,,,2621.163333296776
,,,,,2621.1733335256577
,,,,,2621.183333516121
,,,,,2621.193333506584
,,,,,2621.2033334970474
,,,,,2621.2133334875107
,,,,,2621.2233334779744
,,,,,2621.233333468437
,,,,,2621.2433334589005
,,,,,2621.2533334493633
,,,,,2621.263333439827
,,,,,2621.27333343029
,,,,,2621.283333420754
,,,,,2621.2933334112167
,,,,,2621.30333340168
,,,,,2621.3133333921432
,,,,,2621.3233333826065
,,,,,2621.3333333730698
,,,,,2621.343333363533
,,,,,2621.3533333539963
,,,,,2621.3633333444595
,,,,,2621.3733333349232
,,,,,2621.383333325386
,,,,,2621.3933333158493
,,,,,2621.4033333063126
,,,,,2621.413333296776
,,,,,2621.4233335256577
,,,,,2621.433333516121
,,,,,2621.443333506584
,,,,,2621.4533334970474
,,,,,2621.4633334875107
,,,,,2621.4733334779744
,,,,,2621.483333468437
,,,,,2621.4933334589005
,,,,,2621.5033334493633
,,,,,2621.513333439827
,,,,,2621.52333343029
,,,,,2621.533333420754
,,,,,2621.5433334112167
,,,,,2621.55333340168
,,,,,2621.5633333921432
,,,,,2621.5733333826065
,,,,,2621.5833333730698
,,,,,2621.593333363533
,,,,,2621.6033333539963
,,,,,2621.6133333444595
,,,,,2621.6233333349232
,,,,,2621.633333325386
,,,,,2621.6433333158493
,,,,,2621.6533333063126
,,,,,2621.663333296776
,,,,,2621.6733335256577
,,,,,2621.683333516121
,,,,,2621.693333506584
,,,,,2621.7033334970474
,,,,,2621.7133334875107
,,,,,2621.7233334779744
,,,,,2621.733333468437
,,,,,2621.7433334589005
,,,,,2621.7533334493633
,,,,,2621.763333439827
,,,,,2621.77333343029
,,,,,2621.783333420754
,,,,,2621.7933334112167
,,,,,2621.80333340168
,,,,,2621.808333516121
,,,,,2621.8133333921432
,,,,,2621.8333333730698
,,,,,2621.8483334779744
,,,,,2621.858333468437
,,,,,2621.8683334589005
,,,,,2621.8783334493633
,,,,,2621.888333439827
,,,,,2621.89833343029
,,,,,2621.908333420754
,,,,,2621.9183334112167
,,,,,2621.92833340168
,,,,,2621.9383333921432
,,,,,2621.9483333826065
,,,,,2621.9583333730698
,,,,,2621.968333363533
,,,,,2621.9783333539963
,,,,,2621.9883333444595
,,,,,2621.9983333349232
,,,,,2622.008333325386
,,,,,2622.0183333158493
,,,,,2622.0283333063126
,,,,,2622.038333296776
,,,,,2622.0483335256577
,,,,,2622.058333516121
,,,,,2622.068333506584
,,,,,2622.0783334970474
,,,,,2622.0883334875107
,,,,,2622.0983334779744
,,,,,2622.108333468437
,,,,,2622.1183334589005
,,,,,2622.1283334493633
,,,,,2622.138333439827
,,,,,2622.14833343029
,,,,,2622.158333420754
,,,,,2622.1683334112167
,,,,,2622.17833340168
,,,,,2622.1883333921432
,,,,,2622.1983333826065
,,,,,2622.2083333730698
,,,,,2622.218333363533
,,,,,2622.2283333539963
,,,,,2622.2383333444595
,,,,,2622.2483333349232
,,,,,2622.258333325386
,,,,,2622.2683333158493
,,,,,2622.2783333063126
,,,,,2622.288333296776
,,,,,2622.2983335256577
,,,,,2622.308333516121
,,,,,2622.318333506584
,,,,,2622.3283334970474
,,,,,2622.3383334875107
,,,,,2622.3483334779744
,,,,,2622.358333468437
,,,,,2622.3683334589005
,,,,,2622.3783334493633
,,,,,2622.388333439827
,,,,,2622.39833343029
,,,,,2622.408333420754
,,,,,2622.4183334112167
,,,,,2622.42833340168
,,,,,2622.4383333921432
,,,,,2622.4483333826065
,,,,,2622.4583333730698
,,,,,2622.468333363533
,,,,,2622.4783333539963
,,,,,2622.4883333444595
,,,,,2622.4983333349232
,,,,,2622.508333325386
,,,,,2622.5183333158493
,,,,,2622.5283333063126
,,,,,2622.538333296776
,,,,,2622.5483335256577
,,,,,2622.558333516121
,,,,,2622.568333506584
,,,,,2622.5783334970474
,,,,,2622.5883334875107
,,,,,2622.5983334779744
,,,,,2622.608333468437
,,,,,2622.6183334589005
,,,,,2622.6283334493633
,,,,,2622.638333439827
,,,,,2622.64833343029
,,,,,2622.658333420754
,,,,,2622.6683334112167
,,,,,2622.67833340168
,,,,,2622.6883333921432
,,,,,2622.6983333826065
,,,,,2622.7083333730698
,,,,,2622.718333363533
,,,,,2622.7283333539963
,,,,,2622.7383333444595
,,,,,2622.7483333349232
,,,,,2622.758333325386
,,,,,2622.7683333158493
,,,,,2622.7783333063126
,,,,,2622.788333296776
,,,,,2622.7983335256577
,,,,,2622.808333516121
,,,,,2622.8133333921432
,,,,,2622.818333506584
,,,,,2622.8383334875107
,,,,,2622.8483334779744
,,,,,2622.858333468437
,,,,,2622.8683334589005
,,,,,2622.8783334493633
,,,,,2622.888333439827
,,,,,2622.89833343029
,,,,,2622.908333420754
,,,,,2622.9183334112167
,,,,,2622.92833340168
,,,,,2622.9383333921432
,,,,,2622.9483333826065
,,,,,2622.9583333730698
,,,,,2622.968333363533
,,,,,2622.9783333539963
,,,,,2622.9883333444595
,,,,,2622.9983333349232
,,,,,2623.008333325386
,,,,,2623.0183333158493
,,,,,2623.0283333063126
,,,,,2623.038333296776
,,,,,2623.0483335256577
,,,,,2623.058333516121
,,,,,2623.068333506584
,,,,,2623.0783334970474
,,,,,2623.0883334875107
,,,,,2623.0983334779744
,,,,,2623.108333468437
,,,,,2623.1183334589005
,,,,,2623.1283334493633
,,,,,2623.138333439827
,,,,,2623.14833343029
,,,,,2623.158333420754
,,,,,2623.1683334112167
,,,,,2623.17833340168
,,,,,2623.1883333921432
,,,,,2623.1983333826065
,,,,,2623.2083333730698
,,,,,2623.218333363533
,,,,,2623.2283333539963
,,,,,2623.2383333444595
,,,,,2623.2483333349232
,,,,,2623.258333325386
,,,,,2623.2683333158493
,,,,,2623.2783333063126
,,,,,2623.288333296776
,,,,,2623.2983335256577
,,,,,2623.308333516121
,,,,,2623.318333506584
,,,,,2623.3283334970474
,,,,,2623.3383334875107
,,,,,2623.3483334779744
,,,,,2623.358333468437
,,,,,2623.3683334589005
,,,,,2623.3783334493633
,,,,,2623.388333439827
,,,,,2623.39833343029
,,,,,2623.408333420754
,,,,,2623.4183334112167
,,,,,2623.42833340168
,,,,,2623.4383333921432
,,,,,2623.4483333826065
,,,,,2623.4583333730698
,,,,,2623.468333363533
,,,,,2623.4783333539963
,,,,,2623.4883333444595
,,,,,2623.4983333349232
,,,,,2623.508333325386
,,,,,2623.5183333158493
,,,,,2623.5283333063126
,,,,,2623.538333296776
,,,,,2623.5483335256577
,,,,,2623.558333516121
,,,,,2623.568333506584
,,,,,2623.5783334970474
,,,,,2623.5883334875107
,,,,,2623.5983334779744
,,,,,2623.608333468437
,,,,,2623.6183334589005
,,,,,2623.6283334493633
,,,,,2623.638333439827
,,,,,2623.64833343029
,,,,,2623.658333420754
,,,,,2623.6683334112167
,,,,,2623.67833340168
,,,,,2623.6883333921432
,,,,,2623.6983333826065
,,,,,2623.7083333730698
,,,,,2623.718333363533
,,,,,2623.7283333539963
,,,,,2623.7383333444595
,,,,,2623.7483333349232
,,,,,2623.758333325386
,,,,,2623.7683333158493
,,,,,2623.7783333063126
,,,,,2623.788333296776
,,,,,2623.7983335256577
,,,,,2623.808333516121
,,,,,2623.8133333921432
,,,,,2623.818333506584
,,,,,2623.8383334875107
,,,,,2623.8483334779744
,,,,,2623.858333468437
,,,,,2623.8683334589005
,,,,,2623.8783334493633
,,,,,2623.888333439827
,,,,,2623.89833343029
,,,,,2623.908333420754
,,,,,2623.9183334112167
,,,,,2623.92833340168
,,,,,2623.9383333921432
,,,,,2623.9483333826065
,,,,,2623.9583333730698
,,,,,2623.968333363533
,,,,,2623.9783333539963
,,,,,2623.9883333444595
,,,,,2623.9983333349232
,,,,,2624.008333325386
,,,,,2624.0183333158493
,,,,,2624.0283333063126
,,,,,2624.038333296776
,,,,,2624.0483335256577
,,,,,2624.058333516121
,,,,,2624.068333506584
,,,,,2624.0783334970474
,,,,,2624.0883334875107
,,,,,2624.0983334779744
,,,,,2624.108333468437
,,,,,2624.1183334589005
,,,,,2624.1283334493633
,,,,,2624.138333439827
,,,,,2624.14833343029
,,,,,2624.158333420754
,,,,,2624.1683334112167
,,,,,2624.17833340168
,,,,,2624.1883333921432
,,,,,2624.1983333826065
,,,,,2624.2083333730698
,,,,,2624.218333363533
,,,,,2624.2283333539963
,,,,,2624.2383333444595
,,,,,2624.2483333349232
,,,,,2624.258333325386
,,,,,2624.2683333158493
,,,,,2624.2783333063126
,,,,,2624.288333296776
,,,,,2624.2983335256577
,,,,,2624.308333516121
,,,,,2624.318333506584
,,,,,2624.3283334970474
,,,,,2624.3383334875107
,,,,,2624.3483334779744
,,,,,2624.358333468437
,,,,,2624.3683334589005
,,,,,2624.3783334493633
,,,,,2624.388333439827
,,,,,2624.39833343029
,,,,,2624.408333420754
,,,,,2624.4183334112167
,,,,,2624.42833340168
,,,,,2624.4383333921432
,,,,,2624.4483333826065
,,,,,2624.4583333730698
,,,,,2624.468333363533
,,,,,2624.4783333539963
,,,,,2624.4883333444595
,,,,,2624.4983333349232
,,,,,2624.508333325386
,,,,,2624.5183333158493
,,,,,2624.5283333063126
,,,,,2624.538333296776
,,,,,2624.5483335256577
,,,,,2624.558333516121
,,,,,2624.568333506584
,,,,,2624.5783334970474
,,,,,2624.5883334875107
,,,,,2624.5983334779744
,,,,,2624.608333468437
,,,,,2624.6183334589005
,,,,,2624.6283334493633
,,,,,2624.638333439827
,,,,,2624.64833343029
,,,,,2624.658333420754
,,,,,2624.6683334112167
,,,,,2624.67833340168
,,,,,2624.6883333921432
,,,,,2624.6983333826065
,,,,,2624.7083333730698
,,,,,2624.718333363533
,,,,,2624.7283333539963
,,,,,2624.7383333444595
,,,,,2624.7483333349232
,,,,,2624.758333325386
,,,,,2624.7683333158493
,,,,,2624.7783333063126
,,,,,2624.788333296776
,,,,,2624.7983335256577
,,,,,2624.808333516121
,,,,,2624.8133333921432
,,,,,2624.818333506584
,,,,,2624.8383334875107
,,,,,2624.8483334779744
,,,,,2624.858333468437
,,,,,2624.8683334589005
,,,,,2624.8783334493633
,,,,,2624.888333439827
,,,,,2624.89833343029
,,,,,2624.908333420754
,,,,,2624.9183334112167
,,,,,2624.92833340168
,,,,,2624.9383333921432
,,,,,2624.9483333826065
,,,,,2624.9583333730698
,,,,,2624.968333363533
,,,,,2624.9783333539963
,,,,,2624.9883333444595
,,,,,2624.9983333349232
,,,,,2625.008333325386
,,,,,2625.0183333158493
,,,,,2625.0283333063126
,,,,,2625.038333296776
,,,,,2625.0483335256577
,,,,,2625.058333516121
,,,,,2625.068333506584
,,,,,2625.0783334970474
,,,,,2625.0883334875107
,,,,,2625.0983334779744
,,,,,2625.108333468437
,,,,,2625.1183334589005
,,,,,2625.1283334493633
,,,,,2625.138333439827
,,,,,2625.14833343029
,,,,,2625.158333420754
,,,,,2625.1683334112167
,,,,,2625.17833340168
,,,,,2625.1883333921432
,,,,,2625.1983333826065
,,,,,2625.2083333730698
,,,,,2625.218333363533
,,,,,2625.2283333539963
,,,,,2625.2383333444595
,,,,,2625.2483333349232
,,,,,2625.258333325386
,,,,,2625.2683333158493
,,,,,2625.2783333063126
,,,,,2625.288333296776
,,,,,2625.2983335256577
,,,,,2625.308333516121
,,,,,2625.318333506584
,,,,,2625.3283334970474
,,,,,2625.3383334875107
,,,,,2625.3483334779744
,,,,,2625.358333468437
,,,,,2625.3683334589005
,,,,,2625.3783334493633
,,,,,2625.388333439827
,,,,,2625.39833343029
,,,,,2625.408333420754
,,,,,2625.4183334112167
,,,,,2625.42833340168
,,,,,2625.4383333921432
,,,,,2625.4483333826065
,,,,,2625.4583333730698
,,,,,2625.468333363533
,,,,,2625.4783333539963
,,,,,2625.4883333444595
,,,,,2625.4983333349232
,,,,,2625.508333325386
,,,,,2625.5183333158493
,,,,,2625.5283333063126
,,,,,2625.538333296776
,,,,,2625.5483335256577
,,,,,2625.558333516121
,,,,,2625.568333506584
,,,,,2625.5783334970474
,,,,,2625.5883334875107
,,,,,2625.5983334779744
,,,,,2625.608333468437
,,,,,2625.6183334589005
,,,,,2625.6283334493633
,,,,,2625.638333439827
,,,,,2625.64833343029
,,,,,2625.658333420754
,,,,,2625.6683334112167
,,,,,2625.67833340168
,,,,,2625.6883333921432
,,,,,2625.6983333826065
,,,,,2625.7083333730698
,,,,,2625.718333363533
,,,,,2625.7283333539963
,,,,,2625.7383333444595
,,,,,2625.7483333349232
,,,,,2625.758333325386
,,,,,2625.7683333158493
,,,,,2625.7783333063126
,,,,,2625.788333296776
,,,,,2625.7983335256577
,,,,,2625.808333516121
,,,,,2625.8133333921432
,,,,,2625.818333506584
,,,,,2625.8383334875107
,,,,,2625.8483334779744
,,,,,2625.858333468437
,,,,,2625.8683334589005
,,,,,2625.8783334493633
,,,,,2625.888333439827
,,,,,2625.89833343029
,,,,,2625.908333420754
,,,,,2625.9183334112167
,,,,,2625.92833340168
,,,,,2625.9383333921432
,,,,,2625.9483333826065
,,,,,2625.9583333730698
,,,,,2625.968333363533
,,,,,2625.9783333539963
,,,,,2625.9883333444595
,,,,,2625.9983333349232
,,,,,2626.008333325386
,,,,,2626.0183333158493
,,,,,2626.0283333063126
,,,,,2626.038333296776
,,,,,2626.0483335256577
,,,,,2626.058333516121
,,,,,2626.068333506584
,,,,,2626.0783334970474
,,,,,2626.0883334875107
,,,,,2626.0983334779744
,,,,,2626.108333468437
,,,,,2626.1183334589005
,,,,,2626.1283334493633
,,,,,2626.138333439827
,,,,,2626.14833343029
,,,,,2626.158333420754
,,,,,2626.1683334112167
,,,,,2626.17833340168
,,,,,2626.1883333921432
,,,,,2626.1983333826065
,,,,,2626.2083333730698
,,,,,2626.218333363533
,,,,,2626.2283333539963
,,,,,2626.2383333444595
,,,,,2626.2483333349232
,,,,,2626.258333325386
,,,,,2626.2683333158493
,,,,,2626.2783333063126
,,,,,2626.288333296776
,,,,,2626.2983335256577
,,,,,2626.308333516121
,,,,,2626.318333506584
,,,,,2626.3283334970474
,,,,,2626.3383334875107
,,,,,2626.3483334779744
,,,,,2626.358333468437
,,,,,2626.3683334589005
,,,,,2626.3783334493633
,,,,,2626.388333439827
,,,,,2626.39833343029
,,,,,2626.408333420754
,,,,,2626.4183334112167
,,,,,2626.42833340168
,,,,,2626.4383333921432
,,,,,2626.4483333826065
,,,,,2626.4583333730698
,,,,,2626.468333363533
,,,,,2626.4783333539963
,,,,,2626.4883333444595
,,,,,2626.4983333349232
,,,,,2626.508333325386
,,,,,2626.5183333158493
,,,,,2626.5283333063126
,,,,,2626.538333296776
,,,,,2626.5483335256577
,,,,,2626.558333516121
,,,,,2626.568333506584
,,,,,2626.5783334970474
,,,,,2626.5883334875107
,,,,,2626.5983334779744
,,,,,2626.608333468437
,,,,,2626.6183334589005
,,,,,2626.6283334493633
,,,,,2626.638333439827
,,,,,2626.64833343029
,,,,,2626.658333420754
,,,,,2626.6683334112167
,,,,,2626.67833340168
,,,,,2626.6883333921432
,,,,,2626.6983333826065
,,,,,2626.7083333730698
,,,,,2626.718333363533
,,,,,2626.7283333539963
,,,,,2626.7383333444595
,,,,,2626.7483333349232
,,,,,2626.758333325386
,,,,,2626.7683333158493
,,,,,2626.7783333063126
,,,,,2626.788333296776
,,,,,2626.7983335256577
,,,,,2626.808333516121
,,,,,2626.8133333921432
,,,,,2626.818333506584
,,,,,2626.8383334875107
,,,,,2626.8533333539963
,,,,,2626.8633333444595
,,,,,2626.8733333349232
,,,,,2626.883333325386
,,,,,2626.8933333158493
,,,,,2626.9033333063126
,,,,,2626.913333296776
,,,,,2626.9233335256577
,,,,,2626.933333516121
,,,,,2626.943333506584
,,,,,2626.9533334970474
,,,,,2626.9633334875107
,,,,,2626.9733334779744
,,,,,2626.983333468437
,,,,,2626.9933334589005
,,,,,2627.0033334493633
,,,,,2627.013333439827
,,,,,2627.02333343029
,,,,,2627.033333420754
,,,,,2627.0433334112167
,,,,,2627.05333340168
,,,,,2627.0633333921432
,,,,,2627.0733333826065
,,,,,2627.0833333730698
,,,,,2627.093333363533
,,,,,2627.1033333539963
,,,,,2627.1133333444595
,,,,,2627.1233333349232
,,,,,2627.133333325386
,,,,,2627.1433333158493
,,,,,2627.1533333063126
,,,,,2627.163333296776
,,,,,2627.1733335256577
,,,,,2627.183333516121
,,,,,2627.193333506584
,,,,,2627.2033334970474
,,,,,2627.2133334875107
,,,,,2627.2233334779744
,,,,,2627.233333468437
,,,,,2627.2433334589005
,,,,,2627.2533334493633
,,,,,2627.263333439827
,,,,,2627.27333343029
,,,,,2627.283333420754
,,,,,2627.2933334112167
,,,,,2627.30333340168
,,,,,2627.3133333921432
,,,,,2627.3233333826065
,,,,,2627.3333333730698
,,,,,2627.343333363533
,,,,,2627.3533333539963
,,,,,2627.3633333444595
,,,,,2627.3733333349232
,,,,,2627.383333325386
,,,,,2627.3933333158493
,,,,,2627.4033333063126
,,,,,2627.413333296776
,,,,,2627.4233335256577
,,,,,2627.433333516121
,,,,,2627.443333506584
,,,,,2627.4533334970474
,,,,,2627.4633334875107
,,,,,2627.4733334779744
,,,,,2627.483333468437
,,,,,2627.4933334589005
,,,,,2627.5033334493633
,,,,,2627.513333439827
,,,,,2627.52333343029
,,,,,2627.533333420754
,,,,,2627.5433334112167
,,,,,2627.55333340168
,,,,,2627.5633333921432
,,,,,2627.5733333826065
,,,,,2627.5833333730698
,,,,,2627.593333363533
,,,,,2627.6033333539963
,,,,,2627.6133333444595
,,,,,2627.6233333349232
,,,,,2627.633333325386
,,,,,2627.6433333158493
,,,,,2627.6533333063126
,,,,,2627.663333296776
,,,,,2627.6733335256577
,,,,,2627.683333516121
,,,,,2627.693333506584
,,,,,2627.7033334970474
,,,,,2627.7133334875107
,,,,,2627.7233334779744
,,,,,2627.733333468437
,,,,,2627.7433334589005
,,,,,2627.7533334493633
,,,,,2627.763333439827
,,,,,2627.77333343029
,,,,,2627.783333420754
,,,,,2627.7933334112167
,,,,,2627.80333340168
,,,,,2627.8133333921432
,,,,,2627.818333506584
,,,,,2627.8233333826065
,,,,,2627.843333363533
,,,,,2627.8533333539963
,,,,,2627.8633333444595
,,,,,2627.8733333349232
,,,,,2627.883333325386
,,,,,2627.8933333158493
,,,,,2627.9033333063126
,,,,,2627.913333296776
,,,,,2627.9233335256577
,,,,,2627.933333516121
,,,,,2627.943333506584
,,,,,2627.9533334970474
,,,,,2627.9633334875107
,,,,,2627.9733334779744
,,,,,2627.983333468437
,,,,,2627.9933334589005
,,,,,2628.0033334493633
,,,,,2628.013333439827
,,,,,2628.02333343029
,,,,,2628.033333420754
,,,,,2628.0433334112167
,,,,,2628.05333340168
,,,,,2628.0633333921432
,,,,,2628.0733333826065
,,,,,2628.0833333730698
,,,,,2628.093333363533
,,,,,2628.1033333539963
,,,,,2628.1133333444595
,,,,,2628.1233333349232
,,,,,2628.133333325386
,,,,,2628.1433333158493
,,,,,2628.1533333063126
,,,,,2628.163333296776
,,,,,2628.1733335256577
,,,,,2628.183333516121
,,,,,2628.193333506584
,,,,,2628.2033334970474
,,,,,2628.2133334875107
,,,,,2628.2233334779744
,,,,,2628.233333468437
,,,,,2628.2433334589005
,,,,,2628.2533334493633
,,,,,2628.263333439827
,,,,,2628.27333343029
,,,,,2628.283333420754
,,,,,2628.2933334112167
,,,,,2628.30333340168
,,,,,2628.3133333921432
,,,,,2628.3233333826065
,,,,,2628.3333333730698
,,,,,2628.343333363533
,,,,,2628.3533333539963
,,,,,2628.3633333444595
,,,,,2628.3733333349232
,,,,,2628.383333325386
,,,,,2628.3933333158493
,,,,,2628.4033333063126
,,,,,2628.413333296776
,,,,,2628.4233335256577
,,,,,2628.433333516121
,,,,,2628.443333506584
,,,,,2628.4533334970474
,,,,,2628.4633334875107
,,,,,2628.4733334779744
,,,,,2628.483333468437
,,,,,2628.4933334589005
,,,,,2628.5033334493633
,,,,,2628.513333439827
,,,,,2628.52333343029
,,,,,2628.533333420754
,,,,,2628.5433334112167
,,,,,2628.55333340168
,,,,,2628.5633333921432
,,,,,2628.5733333826065
,,,,,2628.5833333730698
,,,,,2628.593333363533
,,,,,2628.6033333539963
,,,,,2628.6133333444595
,,,,,2628.6233333349232
,,,,,2628.633333325386
,,,,,2628.6433333158493
,,,,,2628.6533333063126
,,,,,2628.663333296776
,,,,,2628.6733335256577
,,,,,2628.683333516121
,,,,,2628.693333506584
,,,,,2628.7033334970474
,,,,,2628.7133334875107
,,,,,2628.7233334779744
,,,,,2628.733333468437
,,,,,2628.7433334589005
,,,,,2628.7533334493633
,,,,,2628.763333439827
,,,,,2628.77333343029
,,,,,2628.783333420754
,,,,,2628.7933334112167
,,,,,2628.80333340168
,,,,,2628.8133333921432
,,,,,2628.818333506584
,,,,,2628.8233333826065
,,,,,2628.843333363533
,,,,,2628.8533333539963
,,,,,2628.8633333444595
,,,,,2628.8733333349232
,,,,,2628.883333325386
,,,,,2628.8933333158493
,,,,,2628.9033333063126
,,,,,2628.913333296776
,,,,,2628.9233335256577
,,,,,2628.933333516121
,,,,,2628.943333506584
,,,,,2628.9533334970474
,,,,,2628.9633334875107
,,,,,2628.9733334779744
,,,,,2628.983333468437
,,,,,2628.9933334589005
,,,,,2629.0033334493633
,,,,,2629.013333439827
,,,,,2629.02333343029
,,,,,2629.033333420754
,,,,,2629.0433334112167
,,,,,2629.05333340168
,,,,,2629.0633333921432
,,,,,2629.0733333826065
,,,,,2629.0833333730698
,,,,,2629.093333363533
,,,,,2629.1033333539963
,,,,,2629.1133333444595
,,,,,2629.1233333349232
,,,,,2629.133333325386
,,,,,2629.1433333158493
,,,,,2629.1533333063126
,,,,,2629.163333296776
,,,,,2629.1733335256577
,,,,,2629.183333516121
,,,,,2629.193333506584
,,,,,2629.2033334970474
,,,,,2629.2133334875107
,,,,,2629.2233334779744
,,,,,2629.233333468437
,,,,,2629.2433334589005
,,,,,2629.2533334493633
,,,,,2629.263333439827
,,,,,2629.27333343029
,,,,,2629.283333420754
,,,,,2629.2933334112167
,,,,,2629.30333340168
,,,,,2629.3133333921432
,,,,,2629.3233333826065
,,,,,2629.3333333730698
,,,,,2629.343333363533
,,,,,2629.3533333539963
,,,,,2629.3633333444595
,,,,,2629.3733333349232
,,,,,2629.383333325386
,,,,,2629.3933333158493
,,,,,2629.4033333063126
,,,,,2629.413333296776
,,,,,2629.4233335256577
,,,,,2629.433333516121
,,,,,2629.443333506584
,,,,,2629.4533334970474
,,,,,2629.4633334875107
,,,,,2629.4733334779744
,,,,,2629.483333468437
,,,,,2629.4933334589005
,,,,,2629.5033334493633
,,,,,2629.513333439827
,,,,,2629.52333343029
,,,,,2629.533333420754
,,,,,2629.5433334112167
,,,,,2629.55333340168
,,,,,2629.5633333921432
,,,,,2629.5733333826065
,,,,,2629.5833333730698
,,,,,2629.593333363533
,,,,,2629.6033333539963
,,,,,2629.6133333444595
,,,,,2629.6233333349232
,,,,,2629.633333325386
,,,,,2629.6433333158493
,,,,,2629.6533333063126
,,,,,2629.663333296776
,,,,,2629.6733335256577
,,,,,2629.683333516121
,,,,,2629.693333506584
,,,,,2629.7033334970474
,,,,,2629.7133334875107
,,,,,2629.7233334779744
,,,,,2629.733333468437
,,,,,2629.7433334589005
,,,,,2629.7533334493633
,,,,,2629.763333439827
,,,,,2629.77333343029
,,,,,2629.783333420754
,,,,,2629.7933334112167
,,,,,2629.80333340168
,,,,,2629.8133333921432
,,,,,2629.818333506584
,,,,,2629.8233333826065
,,,,,2629.8383334875107
,,,,,2629.8533333539963
,,,,,2629.8633333444595
,,,,,2629.8733333349232
,,,,,2629.883333325386
,,,,,2629.8933333158493
,,,,,2629.9033333063126
,,,,,2629.913333296776
,,,,,2629.9233335256577
,,,,,2629.933333516121
,,,,,2629.943333506584
,,,,,2629.9533334970474
,,,,,2629.9633334875107
,,,,,2629.9733334779744
,,,,,2629.983333468437
,,,,,2629.9933334589005
,,,,,2630.0033334493633
,,,,,2630.013333439827
,,,,,2630.02333343029
,,,,,2630.033333420754
,,,,,2630.0433334112167
,,,,,2630.05333340168
,,,,,2630.0633333921432
,,,,,2630.0733333826065
,,,,,2630.0833333730698
,,,,,2630.093333363533
,,,,,2630.1033333539963
,,,,,2630.1133333444595
,,,,,2630.1233333349232
,,,,,2630.133333325386
,,,,,2630.1433333158493
,,,,,2630.1533333063126
,,,,,2630.163333296776
,,,,,2630.1733335256577
,,,,,2630.183333516121
,,,,,2630.193333506584
,,,,,2630.2033334970474
,,,,,2630.2133334875107
,,,,,2630.2233334779744
,,,,,2630.233333468437
,,,,,2630.2433334589005
,,,,,2630.2533334493633
,,,,,2630.263333439827
,,,,,2630.27333343029
,,,,,2630.283333420754
,,,,,2630.2933334112167
,,,,,2630.30333340168
,,,,,2630.3133333921432
,,,,,2630.3233333826065
,,,,,2630.3333333730698
,,,,,2630.343333363533
,,,,,2630.3533333539963
,,,,,2630.3633333444595
,,,,,2630.3733333349232
,,,,,2630.383333325386
,,,,,2630.3933333158493
,,,,,2630.4033333063126
,,,,,2630.413333296776
,,,,,2630.4233335256577
,,,,,2630.433333516121
,,,,,2630.443333506584
,,,,,2630.4533334970474
,,,,,2630.4633334875107
,,,,,2630.4733334779744
,,,,,2630.483333468437
,,,,,2630.4933334589005
,,,,,2630.5033334493633
,,,,,2630.513333439827
,,,,,2630.52333343029
,,,,,2630.533333420754
,,,,,2630.5433334112167
,,,,,2630.55333340168
,,,,,2630.5633333921432
,,,,,2630.5733333826065
,,,,,2630.5833333730698
,,,,,2630.593333363533
,,,,,2630.6033333539963
,,,,,2630.6133333444595
,,,,,2630.6233333349232
,,,,,2630.633333325386
,,,,,2630.6433333158493
,,,,,2630.6533333063126
,,,,,2630.663333296776
,,,,,2630.6733335256577
,,,,,2630.683333516121
,,,,,2630.693333506584
,,,,,2630.7033334970474
,,,,,2630.7133334875107
,,,,,2630.7233334779744
,,,,,2630.733333468437
,,,,,2630.7433334589005
,,,,,2630.7533334493633
,,,,,2630.763333439827
,,,,,2630.77333343029
,,,,,2630.783333420754
,,,,,2630.7933334112167
,,,,,2630.80333340168
,,,,,2630.8133333921432
,,,,,2630.818333506584
,,,,,2630.8233333826065
,,,,,2630.8383334875107
,,,,,2630.8483334779744
,,,,,2630.858333468437
,,,,,2630.8683334589005
,,,,,2630.8783334493633
,,,,,2630.888333439827
,,,,,2630.89833343029
,,,,,2630.908333420754
,,,,,2630.9183334112167
,,,,,2630.92833340168
,,,,,2630.9383333921432
,,,,,2630.9483333826065
,,,,,2630.9583333730698
,,,,,2630.968333363533
,,,,,2630.9783333539963
,,,,,2630.9883333444595
,,,,,2630.9983333349232
,,,,,2631.008333325386
,,,,,2631.0183333158493
,,,,,2631.0283333063126
,,,,,2631.038333296776
,,,,,2631.0483335256577
,,,,,2631.058333516121
,,,,,2631.068333506584
,,,,,2631.0783334970474
,,,,,2631.0883334875107
,,,,,2631.0983334779744
,,,,,2631.108333468437
,,,,,2631.1183334589005
,,,,,2631.1283334493633
,,,,,2631.138333439827
,,,,,2631.14833343029
,,,,,2631.158333420754
,,,,,2631.1683334112167
,,,,,2631.17833340168
,,,,,2631.1883333921432
,,,,,2631.1983333826065
,,,,,2631.2083333730698
,,,,,2631.218333363533
,,,,,2631.2283333539963
,,,,,2631.2383333444595
,,,,,2631.2483333349232
,,,,,2631.258333325386
,,,,,2631.2683333158493
,,,,,2631.2783333063126
,,,,,2631.288333296776
,,,,,2631.2983335256577
,,,,,2631.308333516121
,,,,,2631.318333506584
,,,,,2631.3283334970474
,,,,,2631.3383334875107
,,,,,2631.3483334779744
,,,,,2631.358333468437
,,,,,2631.3683334589005
,,,,,2631.3783334493633
,,,,,2631.388333439827
,,,,,2631.39833343029
,,,,,2631.408333420754
,,,,,2631.4183334112167
,,,,,2631.42833340168
,,,,,2631.4383333921432
,,,,,2631.4483333826065
,,,,,2631.4583333730698
,,,,,2631.468333363533
,,,,,2631.4783333539963
,,,,,2631.4883333444595
,,,,,2631.4983333349232
,,,,,2631.508333325386
,,,,,2631.5183333158493
,,,,,2631.5283333063126
,,,,,2631.538333296776
,,,,,2631.5483335256577
,,,,,2631.558333516121
,,,,,2631.568333506584
,,,,,2631.5783334970474
,,,,,2631.5883334875107
,,,,,2631.5983334779744
,,,,,2631.608333468437
,,,,,2631.6183334589005
,,,,,2631.6283334493633
,,,,,2631.638333439827
,,,,,2631.64833343029
,,,,,2631.658333420754
,,,,,2631.6683334112167
,,,,,2631.67833340168
,,,,,2631.6883333921432
,,,,,2631.6983333826065
,,,,,2631.7083333730698
,,,,,2631.718333363533
,,,,,2631.7283333539963
,,,,,2631.7383333444595
,,,,,2631.7483333349232
,,,,,2631.758333325386
,,,,,2631.7683333158493
,,,,,2631.7783333063126
,,,,,2631.788333296776
,,,,,2631.7983335256577
,,,,,2631.808333516121
,,,,,2631.818333506584
,,,,,2631.8233333826065
,,,,,2631.8283334970474
,,,,,2631.843333363533
,,,,,2631.8633333444595
,,,,,2631.8733333349232
,,,,,2631.883333325386
,,,,,2631.8933333158493
,,,,,2631.9033333063126
,,,,,2631.913333296776
,,,,,2631.9233335256577
,,,,,2631.933333516121
,,,,,2631.943333506584
,,,,,2631.9533334970474
,,,,,2631.9633334875107
,,,,,2631.9733334779744
,,,,,2631.983333468437
,,,,,2631.9933334589005
,,,,,2632.0033334493633
,,,,,2632.013333439827
,,,,,2632.02333343029
,,,,,2632.033333420754
,,,,,2632.0433334112167
,,,,,2632.05333340168
,,,,,2632.0633333921432
,,,,,2632.0733333826065
,,,,,2632.0833333730698
,,,,,2632.093333363533
,,,,,2632.1033333539963
,,,,,2632.1133333444595
,,,,,2632.1233333349232
,,,,,2632.133333325386
,,,,,2632.1433333158493
,,,,,2632.1533333063126
,,,,,2632.163333296776
,,,,,2632.1733335256577
,,,,,2632.183333516121
,,,,,2632.193333506584
,,,,,2632.2033334970474
,,,,,2632.2133334875107
,,,,,2632.2233334779744
,,,,,2632.233333468437
,,,,,2632.2433334589005
,,,,,2632.2533334493633
,,,,,2632.263333439827
,,,,,2632.27333343029
,,,,,2632.283333420754
,,,,,2632.2933334112167
,,,,,2632.30333340168
,,,,,2632.3133333921432
,,,,,2632.3233333826065
,,,,,2632.3333333730698
,,,,,2632.343333363533
,,,,,2632.3533333539963
,,,,,2632.3633333444595
,,,,,2632.3733333349232
,,,,,2632.383333325386
,,,,,2632.3933333158493
,,,,,2632.4033333063126
,,,,,2632.413333296776
,,,,,2632.4233335256577
,,,,,2632.433333516121
,,,,,2632.443333506584
,,,,,2632.4533334970474
,,,,,2632.4633334875107
,,,,,2632.4733334779744
,,,,,2632.483333468437
,,,,,2632.4933334589005
,,,,,2632.5033334493633
,,,,,2632.513333439827
,,,,,2632.52333343029
,,,,,2632.533333420754
,,,,,2632.5433334112167
,,,,,2632.55333340168
,,,,,2632.5633333921432
,,,,,2632.5733333826065
,,,,,2632.5833333730698
,,,,,2632.593333363533
,,,,,2632.6033333539963
,,,,,2632.6133333444595
,,,,,2632.6233333349232
,,,,,2632.633333325386
,,,,,2632.6433333158493
,,,,,2632.6533333063126
,,,,,2632.663333296776
,,,,,2632.6733335256577
,,,,,2632.683333516121
,,,,,2632.693333506584
,,,,,2632.7033334970474
,,,,,2632.7133334875107
,,,,,2632.7233334779744
,,,,,2632.733333468437
,,,,,2632.7433334589005
,,,,,2632.7533334493633
,,,,,2632.763333439827
,,,,,2632.77333343029
,,,,,2632.783333420754
,,,,,2632.7933334112167
,,,,,2632.80333340168
,,,,,2632.8133333921432
,,,,,2632.8233333826065
,,,,,2632.8283334970474
,,,,,2632.8333333730698
,,,,,2632.8533333539963
,,,,,2632.8633333444595
,,,,,2632.8733333349232
,,,,,2632.883333325386
,,,,,2632.8933333158493
,,,,,2632.9033333063126
,,,,,2632.913333296776
,,,,,2632.9233335256577
,,,,,2632.933333516121
,,,,,2632.943333506584
,,,,,2632.9533334970474
,,,,,2632.9633334875107
,,,,,2632.9733334779744
,,,,,2632.983333468437
,,,,,2632.9933334589005
,,,,,2633.0033334493633
,,,,,2633.013333439827
,,,,,2633.02333343029
,,,,,2633.033333420754
,,,,,2633.0433334112167
,,,,,2633.05333340168
,,,,,2633.0633333921432
,,,,,2633.0733333826065
,,,,,2633.0833333730698
,,,,,2633.093333363533
,,,,,2633.1033333539963
,,,,,2633.1133333444595
,,,,,2633.1233333349232
,,,,,2633.133333325386
,,,,,2633.1433333158493
,,,,,2633.1533333063126
,,,,,2633.163333296776
,,,,,2633.1733335256577
,,,,,2633.183333516121
,,,,,2633.193333506584
,,,,,2633.2033334970474
,,,,,2633.2133334875107
,,,,,2633.2233334779744
,,,,,2633.233333468437
,,,,,2633.2433334589005
,,,,,2633.2533334493633
,,,,,2633.263333439827
,,,,,2633.27333343029
,,,,,2633.283333420754
,,,,,2633.2933334112167
,,,,,2633.30333340168
,,,,,2633.3133333921432
,,,,,2633.3233333826065
,,,,,2633.3333333730698
,,,,,2633.343333363533
,,,,,2633.3533333539963
,,,,,2633.3633333444595
,,,,,2633.3733333349232
,,,,,2633.383333325386
,,,,,2633.3933333158493
,,,,,2633.4033333063126
,,,,,2633.413333296776
,,,,,2633.4233335256577
,,,,,2633.433333516121
,,,,,2633.443333506584
,,,,,2633.4533334970474
,,,,,2633.4633334875107
,,,,,2633.4733334779744
,,,,,2633.483333468437
,,,,,2633.4933334589005
,,,,,2633.5033334493633
,,,,,2633.513333439827
,,,,,2633.52333343029
,,,,,2633.533333420754
,,,,,2633.5433334112167
,,,,,2633.55333340168
,,,,,2633.5633333921432
,,,,,2633.5733333826065
,,,,,2633.5833333730698
,,,,,2633.593333363533
,,,,,2633.6033333539963
,,,,,2633.6133333444595
,,,,,2633.6233333349232
,,,,,2633.633333325386
,,,,,2633.6433333158493
,,,,,2633.6533333063126
,,,,,2633.663333296776
,,,,,2633.6733335256577
,,,,,2633.683333516121
,,,,,2633.693333506584
,,,,,2633.7033334970474
,,,,,2633.7133334875107
,,,,,2633.7233334779744
,,,,,2633.733333468437
,,,,,2633.7433334589005
,,,,,2633.7533334493633
,,,,,2633.763333439827
,,,,,2633.77333343029
,,,,,2633.783333420754
,,,,,2633.7933334112167
,,,,,2633.80333340168
,,,,,2633.8133333921432
,,,,,2633.8233333826065
,,,,,2633.8283334970474
,,,,,2633.8333333730698
,,,,,2633.8533333539963
,,,,,2633.8633333444595
,,,,,2633.8733333349232
,,,,,2633.883333325386
,,,,,2633.8933333158493
,,,,,2633.9033333063126
,,,,,2633.913333296776
,,,,,2633.9233335256577
,,,,,2633.933333516121
,,,,,2633.943333506584
,,,,,2633.9533334970474
,,,,,2633.9633334875107
,,,,,2633.9733334779744
,,,,,2633.983333468437
,,,,,2633.9933334589005
,,,,,2634.0033334493633
,,,,,2634.013333439827
,,,,,2634.02333343029
,,,,,2634.033333420754
,,,,,2634.0433334112167
,,,,,2634.05333340168
,,,,,2634.0633333921432
,,,,,2634.0733333826065
,,,,,2634.0833333730698
,,,,,2634.093333363533
,,,,,2634.1033333539963
,,,,,2634.1133333444595
,,,,,2634.1233333349232
,,,,,2634.133333325386
,,,,,2634.1433333158493
,,,,,2634.1533333063126
,,,,,2634.163333296776
,,,,,2634.1733335256577
,,,,,2634.183333516121
,,,,,2634.193333506584
,,,,,2634.2033334970474
,,,,,2634.2133334875107
,,,,,2634.2233334779744
,,,,,2634.233333468437
,,,,,2634.2433334589005
,,,,,2634.2533334493633
,,,,,2634.263333439827
,,,,,2634.27333343029
,,,,,2634.283333420754
,,,,,2634.2933334112167
,,,,,2634.30333340168
,,,,,2634.3133333921432
,,,,,2634.3233333826065
,,,,,2634.3333333730698
,,,,,2634.343333363533
,,,,,2634.3533333539963
,,,,,2634.3633333444595
,,,,,2634.3733333349232
,,,,,2634.383333325386
,,,,,2634.3933333158493
,,,,,2634.4033333063126
,,,,,2634.413333296776
,,,,,2634.4233335256577
,,,,,2634.433333516121
,,,,,2634.443333506584
,,,,,2634.4533334970474
,,,,,2634.4633334875107
,,,,,2634.4733334779744
,,,,,2634.483333468437
,,,,,2634.4933334589005
,,,,,2634.5033334493633
,,,,,2634.513333439827
,,,,,2634.52333343029
,,,,,2634.533333420754
,,,,,2634.5433334112167
,,,,,2634.55333340168
,,,,,2634.5633333921432
,,,,,2634.5733333826065
,,,,,2634.5833333730698
,,,,,2634.593333363533
,,,,,2634.6033333539963
,,,,,2634.6133333444595
,,,,,2634.6233333349232
,,,,,2634.633333325386
,,,,,2634.6433333158493
,,,,,2634.6533333063126
,,,,,2634.663333296776
,,,,,2634.6733335256577
,,,,,2634.683333516121
,,,,,2634.693333506584
,,,,,2634.7033334970474
,,,,,2634.7133334875107
,,,,,2634.7233334779744
,,,,,2634.733333468437
,,,,,2634.7433334589005
,,,,,2634.7533334493633
,,,,,2634.763333439827
,,,,,2634.77333343029
,,,,,2634.783333420754
,,,,,2634.7933334112167
,,,,,2634.80333340168
,,,,,2634.8133333921432
,,,,,2634.8233333826065
,,,,,2634.8283334970474
,,,,,2634.8333333730698
,,,,,2634.8533333539963
,,,,,2634.8633333444595
,,,,,2634.8733333349232
,,,,,2634.883333325386
,,,,,2634.8933333158493
,,,,,2634.9033333063126
,,,,,2634.913333296776
,,,,,2634.9233335256577
,,,,,2634.933333516121
,,,,,2634.943333506584
,,,,,2634.9533334970474
,,,,,2634.9633334875107
,,,,,2634.9733334779744
,,,,,2634.983333468437
,,,,,2634.9933334589005
,,,,,2635.0033334493633
,,,,,2635.013333439827
,,,,,2635.02333343029
,,,,,2635.033333420754
,,,,,2635.0433334112167
,,,,,2635.05333340168
,,,,,2635.0633333921432
,,,,,2635.0733333826065
,,,,,2635.0833333730698
,,,,,2635.093333363533
,,,,,2635.1033333539963
,,,,,2635.1133333444595
,,,,,2635.1233333349232
,,,,,2635.133333325386
,,,,,2635.1433333158493
,,,,,2635.1533333063126
,,,,,2635.163333296776
,,,,,2635.1733335256577
,,,,,2635.183333516121
,,,,,2635.193333506584
,,,,,2635.2033334970474
,,,,,2635.2133334875107
,,,,,2635.2233334779744
,,,,,2635.233333468437
,,,,,2635.2433334589005
,,,,,2635.2533334493633
,,,,,2635.263333439827
,,,,,2635.27333343029
,,,,,2635.283333420754
,,,,,2635.2933334112167
,,,,,2635.30333340168
,,,,,2635.3133333921432
,,,,,2635.3233333826065
,,,,,2635.3333333730698
,,,,,2635.343333363533
,,,,,2635.3533333539963
,,,,,2635.3633333444595
,,,,,2635.3733333349232
,,,,,2635.383333325386
,,,,,2635.3933333158493
,,,,,2635.4033333063126
,,,,,2635.413333296776
,,,,,2635.4233335256577
,,,,,2635.433333516121
,,,,,2635.443333506584
,,,,,2635.4533334970474
,,,,,2635.4633334875107
,,,,,2635.4733334779744
,,,,,2635.483333468437
,,,,,2635.4933334589005
,,,,,2635.5033334493633
,,,,,2635.513333439827
,,,,,2635.52333343029
,,,,,2635.533333420754
,,,,,2635.5433334112167
,,,,,2635.55333340168
,,,,,2635.5633333921432
,,,,,2635.5733333826065
,,,,,2635.5833333730698
,,,,,2635.593333363533
,,,,,2635.6033333539963
,,,,,2635.6133333444595
,,,,,2635.6233333349232
,,,,,2635.633333325386
,,,,,2635.6433333158493
,,,,,2635.6533333063126
,,,,,2635.663333296776
,,,,,2635.6733335256577
,,,,,2635.683333516121
,,,,,2635.693333506584
,,,,,2635.7033334970474
,,,,,2635.7133334875107
,,,,,2635.7233334779744
,,,,,2635.733333468437
,,,,,2635.7433334589005
,,,,,2635.7533334493633
,,,,,2635.763333439827
,,,,,2635.77333343029
,,,,,2635.783333420754
,,,,,2635.7933334112167
,,,,,2635.80333340168
,,,,,2635.8133333921432
,,,,,2635.8233333826065
,,,,,2635.8283334970474
,,,,,2635.8333333730698
,,,,,2635.8533333539963
,,,,,2635.8683334589005
,,,,,2635.8783334493633
,,,,,2635.888333439827
,,,,,2635.89833343029
,,,,,2635.908333420754
,,,,,2635.9183334112167
,,,,,2635.92833340168
,,,,,2635.9383333921432
,,,,,2635.9483333826065
,,,,,2635.9583333730698
,,,,,2635.968333363533
,,,,,2635.9783333539963
,,,,,2635.9883333444595
,,,,,2635.9983333349232
,,,,,2636.008333325386
,,,,,2636.0183333158493
,,,,,2636.0283333063126
,,,,,2636.038333296776
,,,,,2636.0483335256577
,,,,,2636.058333516121
,,,,,2636.068333506584
,,,,,2636.0783334970474
,,,,,2636.0883334875107
,,,,,2636.0983334779744
,,,,,2636.108333468437
,,,,,2636.1183334589005
,,,,,2636.1283334493633
,,,,,2636.138333439827
,,,,,2636.14833343029
,,,,,2636.158333420754
,,,,,2636.1683334112167
,,,,,2636.17833340168
,,,,,2636.1883333921432
,,,,,2636.1983333826065
,,,,,2636.2083333730698
,,,,,2636.218333363533
,,,,,2636.2283333539963
,,,,,2636.2383333444595
,,,,,2636.2483333349232
,,,,,2636.258333325386
,,,,,2636.2683333158493
,,,,,2636.2783333063126
,,,,,2636.288333296776
,,,,,2636.2983335256577
,,,,,2636.308333516121
,,,,,2636.318333506584
,,,,,2636.3283334970474
,,,,,2636.3383334875107
,,,,,2636.3483334779744
,,,,,2636.358333468437
,,,,,2636.3683334589005
,,,,,2636.3783334493633
,,,,,2636.388333439827
,,,,,2636.39833343029
,,,,,2636.408333420754
,,,,,2636.4183334112167
,,,,,2636.42833340168
,,,,,2636.4383333921432
,,,,,2636.4483333826065
,,,,,2636.4583333730698
,,,,,2636.468333363533
,,,,,2636.4783333539963
,,,,,2636.4883333444595
,,,,,2636.4983333349232
,,,,,2636.508333325386
,,,,,2636.5183333158493
,,,,,2636.5283333063126
,,,,,2636.538333296776
,,,,,2636.5483335256577
,,,,,2636.558333516121
,,,,,2636.568333506584
,,,,,2636.5783334970474
,,,,,2636.5883334875107
,,,,,2636.5983334779744
,,,,,2636.608333468437
,,,,,2636.6183334589005
,,,,,2636.6283334493633
,,,,,2636.638333439827
,,,,,2636.64833343029
,,,,,2636.658333420754
,,,,,2636.6683334112167
,,,,,2636.67833340168
,,,,,2636.6883333921432
,,,,,2636.6983333826065
,,,,,2636.7083333730698
,,,,,2636.718333363533
,,,,,2636.7283333539963
,,,,,2636.7383333444595
,,,,,2636.7483333349232
,,,,,2636.758333325386
,,,,,2636.7683333158493
,,,,,2636.7783333063126
,,,,,2636.788333296776
,,,,,2636.7983335256577
,,,,,2636.808333516121
,,,,,2636.818333506584
,,,,,2636.8283334970474
,,,,,2636.8333333730698
,,,,,2636.8383334875107
,,,,,2636.858333468437
,,,,,2636.8683334589005
,,,,,2636.8783334493633
,,,,,2636.888333439827
,,,,,2636.89833343029
,,,,,2636.908333420754
,,,,,2636.9183334112167
,,,,,2636.92833340168
,,,,,2636.9383333921432
,,,,,2636.9483333826065
,,,,,2636.9583333730698
,,,,,2636.968333363533
,,,,,2636.9783333539963
,,,,,2636.9883333444595
,,,,,2636.9983333349232
,,,,,2637.008333325386
,,,,,2637.0183333158493
,,,,,2637.0283333063126
,,,,,2637.038333296776
,,,,,2637.0483335256577
,,,,,2637.058333516121
,,,,,2637.068333506584
,,,,,2637.0783334970474
,,,,,2637.0883334875107
,,,,,2637.0983334779744
,,,,,2637.108333468437
,,,,,2637.1183334589005
,,,,,2637.1283334493633
,,,,,2637.138333439827
,,,,,2637.14833343029
,,,,,2637.158333420754
,,,,,2637.1683334112167
,,,,,2637.17833340168
,,,,,2637.1883333921432
,,,,,2637.1983333826065
,,,,,2637.2083333730698
,,,,,2637.218333363533
,,,,,2637.2283333539963
,,,,,2637.2383333444595
,,,,,2637.2483333349232
,,,,,2637.258333325386
,,,,,2637.2683333158493
,,,,,2637.2783333063126
,,,,,2637.288333296776
,,,,,2637.2983335256577
,,,,,2637.308333516121
,,,,,2637.318333506584
,,,,,2637.3283334970474
,,,,,2637.3383334875107
,,,,,2637.3483334779744
,,,,,2637.358333468437
,,,,,2637.3683334589005
,,,,,2637.3783334493633
,,,,,2637.388333439827
,,,,,2637.39833343029
,,,,,2637.408333420754
,,,,,2637.4183334112167
,,,,,2637.42833340168
,,,,,2637.4383333921432
,,,,,2637.4483333826065
,,,,,2637.4583333730698
,,,,,2637.468333363533
,,,,,2637.4783333539963
,,,,,2637.4883333444595
,,,,,2637.4983333349232
,,,,,2637.508333325386
,,,,,2637.5183333158493
,,,,,2637.5283333063126
,,,,,2637.538333296776
,,,,,2637.5483335256577
,,,,,2637.558333516121
,,,,,2637.568333506584
,,,,,2637.5783334970474
,,,,,2637.5883334875107
,,,,,2637.5983334779744
,,,,,2637.608333468437
,,,,,2637.6183334589005
,,,,,2637.6283334493633
,,,,,2637.638333439827
,,,,,2637.64833343029
,,,,,2637.658333420754
,,,,,2637.6683334112167
,,,,,2637.67833340168
,,,,,2637.6883333921432
,,,,,2637.6983333826065
,,,,,2637.7083333730698
,,,,,2637.718333363533
,,,,,2637.7283333539963
,,,,,2637.7383333444595
,,,,,2637.7483333349232
,,,,,2637.758333325386
,,,,,2637.7683333158493
,,,,,2637.7783333063126
,,,,,2637.788333296776
,,,,,2637.7983335256577
,,,,,2637.808333516121
,,,,,2637.818333506584
,,,,,2637.8283334970474
,,,,,2637.8333333730698
,,,,,2637.8383334875107
,,,,,2637.858333468437
,,,,,2637.8683334589005
,,,,,2637.8783334493633
,,,,,2637.888333439827
,,,,,2637.89833343029
,,,,,2637.908333420754
,,,,,2637.9183334112167
,,,,,2637.92833340168
,,,,,2637.9383333921432
,,,,,2637.9483333826065
,,,,,2637.9583333730698
,,,,,2637.968333363533
,,,,,2637.9783333539963
,,,,,2637.9883333444595
,,,,,2637.9983333349232
,,,,,2638.008333325386
,,,,,2638.0183333158493
,,,,,2638.0283333063126
,,,,,2638.038333296776
,,,,,2638.0483335256577
,,,,,2638.058333516121
,,,,,2638.068333506584
,,,,,2638.0783334970474
,,,,,2638.0883334875107
,,,,,2638.0983334779744
,,,,,2638.108333468437
,,,,,2638.1183334589005
,,,,,2638.1283334493633
,,,,,2638.138333439827
,,,,,2638.14833343029
,,,,,2638.158333420754
,,,,,2638.1683334112167
,,,,,2638.17833340168
,,,,,2638.1883333921432
,,,,,2638.1983333826065
,,,,,2638.2083333730698
,,,,,2638.218333363533
,,,,,2638.2283333539963
,,,,,2638.2383333444595
,,,,,2638.2483333349232
,,,,,2638.258333325386
,,,,,2638.2683333158493
,,,,,2638.2783333063126
,,,,,2638.288333296776
,,,,,2638.2983335256577
,,,,,2638.308333516121
,,,,,2638.318333506584
,,,,,2638.3283334970474
,,,,,2638.3383334875107
,,,,,2638.3483334779744
,,,,,2638.358333468437
,,,,,2638.3683334589005
,,,,,2638.3783334493633
,,,,,2638.388333439827
,,,,,2638.39833343029
,,,,,2638.408333420754
,,,,,2638.4183334112167
,,,,,2638.42833340168
,,,,,2638.4383333921432
,,,,,2638.4483333826065
,,,,,2638.4583333730698
,,,,,2638.468333363533
,,,,,2638.4783333539963
,,,,,2638.4883333444595
,,,,,2638.4983333349232
,,,,,2638.508333325386
,,,,,2638.5183333158493
,,,,,2638.5283333063126
,,,,,2638.538333296776
,,,,,2638.5483335256577
,,,,,2638.558333516121
,,,,,2638.568333506584
,,,,,2638.5783334970474
,,,,,2638.5883334875107
,,,,,2638.5983334779744
,,,,,2638.608333468437
,,,,,2638.6183334589005
,,,,,2638.6283334493633
,,,,,2638.638333439827
,,,,,2638.64833343029
,,,,,2638.658333420754
,,,,,2638.6683334112167
,,,,,2638.67833340168
,,,,,2638.6883333921432
,,,,,2638.6983333826065
,,,,,2638.7083333730698
,,,,,2638.718333363533
,,,,,2638.7283333539963
,,,,,2638.7383333444595
,,,,,2638.7483333349232
,,,,,2638.758333325386
,,,,,2638.7683333158493
,,,,,2638.7783333063126
,,,,,2638.788333296776
,,,,,2638.7983335256577
,,,,,2638.808333516121
,,,,,2638.818333506584
,,,,,2638.8283334970474
,,,,,2638.8333333730698
,,,,,2638.8383334875107
,,,,,2638.858333468437
,,,,,2638.8683334589005
,,,,,2638.8783334493633
,,,,,2638.888333439827
,,,,,2638.89833343029
,,,,,2638.908333420754
,,,,,2638.9183334112167
,,,,,2638.92833340168
,,,,,2638.9383333921432
,,,,,2638.9483333826065
,,,,,2638.9583333730698
,,,,,2638.968333363533
,,,,,2638.9783333539963
,,,,,2638.9883333444595
,,,,,2638.9983333349232
,,,,,2639.008333325386
,,,,,2639.0183333158493
,,,,,2639.0283333063126
,,,,,2639.038333296776
,,,,,2639.0483335256577
,,,,,2639.058333516121
,,,,,2639.068333506584
,,,,,2639.0783334970474
,,,,,2639.0883334875107
,,,,,2639.0983334779744
,,,,,2639.108333468437
,,,,,2639.1183334589005
,,,,,2639.1283334493633
,,,,,2639.138333439827
,,,,,2639.14833343029
,,,,,2639.158333420754
,,,,,2639.1683334112167
,,,,,2639.17833340168
,,,,,2639.1883333921432
,,,,,2639.1983333826065
,,,,,2639.2083333730698
,,,,,2639.218333363533
,,,,,2639.2283333539963
,,,,,2639.2383333444595
,,,,,2639.2483333349232
,,,,,2639.258333325386
,,,,,2639.2683333158493
,,,,,2639.2783333063126
,,,,,2639.288333296776
,,,,,2639.2983335256577
,,,,,2639.308333516121
,,,,,2639.318333506584
,,,,,2639.3283334970474
,,,,,2639.3383334875107
,,,,,2639.3483334779744
,,,,,2639.358333468437
,,,,,2639.3683334589005
,,,,,2639.3783334493633
,,,,,2639.388333439827
,,,,,2639.39833343029
,,,,,2639.408333420754
,,,,,2639.4183334112167
,,,,,2639.42833340168
,,,,,2639.4383333921432
,,,,,2639.4483333826065
,,,,,2639.4583333730698
,,,,,2639.468333363533
,,,,,2639.4783333539963
,,,,,2639.4883333444595
,,,,,2639.4983333349232
,,,,,2639.508333325386
,,,,,2639.5183333158493
,,,,,2639.5283333063126
,,,,,2639.538333296776
,,,,,2639.5483335256577
,,,,,2639.558333516121
,,,,,2639.568333506584
,,,,,2639.5783334970474
,,,,,2639.5883334875107
,,,,,2639.5983334779744
,,,,,2639.608333468437
,,,,,2639.6183334589005
,,,,,2639.6283334493633
,,,,,2639.638333439827
,,,,,2639.64833343029
,,,,,2639.658333420754
,,,,,2639.6683334112167
,,,,,2639.67833340168
,,,,,2639.6883333921432
,,,,,2639.6983333826065
,,,,,2639.7083333730698
,,,,,2639.718333363533
,,,,,2639.7283333539963
,,,,,2639.7383333444595
,,,,,2639.7483333349232
,,,,,2639.758333325386
,,,,,2639.7683333158493
,,,,,2639.7783333063126
,,,,,2639.788333296776
,,,,,2639.7983335256577
,,,,,2639.808333516121
,,,,,2639.818333506584
,,,,,2639.8283334970474
,,,,,2639.8333333730698
,,,,,2639.8383334875107
,,,,,2639.858333468437
,,,,,2639.8683334589005
,,,,,2639.8783334493633
,,,,,2639.888333439827
,,,,,2639.89833343029
,,,,,2639.908333420754
,,,,,2639.9183334112167
,,,,,2639.92833340168
,,,,,2639.9383333921432
,,,,,2639.9483333826065
,,,,,2639.9583333730698
,,,,,2639.968333363533
,,,,,2639.9783333539963
,,,,,2639.9883333444595
,,,,,2639.9983333349232
,,,,,2640.008333325386
,,,,,2640.0183333158493
,,,,,2640.0283333063126
,,,,,2640.038333296776
,,,,,2640.0483335256577
,,,,,2640.058333516121
,,,,,2640.068333506584
,,,,,2640.0783334970474
,,,,,2640.0883334875107
,,,,,2640.0983334779744
,,,,,2640.108333468437
,,,,,2640.1183334589005
,,,,,2640.1283334493633
,,,,,2640.138333439827
,,,,,2640.14833343029
,,,,,2640.158333420754
,,,,,2640.1683334112167
,,,,,2640.17833340168
,,,,,2640.1883333921432
,,,,,2640.1983333826065
,,,,,2640.2083333730698
,,,,,2640.218333363533
,,,,,2640.2283333539963
,,,,,2640.2383333444595
,,,,,2640.2483333349232
,,,,,2640.258333325386
,,,,,2640.2683333158493
,,,,,2640.2783333063126
,,,,,2640.288333296776
,,,,,2640.2983335256577
,,,,,2640.308333516121
,,,,,2640.318333506584
,,,,,2640.3283334970474
,,,,,2640.3383334875107
,,,,,2640.3483334779744
,,,,,2640.358333468437
,,,,,2640.3683334589005
,,,,,2640.3783334493633
,,,,,2640.388333439827
,,,,,2640.39833343029
,,,,,2640.408333420754
,,,,,2640.4183334112167
,,,,,2640.42833340168
,,,,,2640.4383333921432
,,,,,2640.4483333826065
,,,,,2640.4583333730698
,,,,,2640.468333363533
,,,,,2640.4783333539963
,,,,,2640.4883333444595
,,,,,2640.4983333349232
,,,,,2640.508333325386
,,,,,2640.5183333158493
,,,,,2640.5283333063126
,,,,,2640.538333296776
,,,,,2640.5483335256577
,,,,,2640.558333516121
,,,,,2640.568333506584
,,,,,2640.5783334970474
,,,,,2640.5883334875107
,,,,,2640.5983334779744
,,,,,2640.608333468437
,,,,,2640.6183334589005
,,,,,2640.6283334493633
,,,,,2640.638333439827
,,,,,2640.64833343029
,,,,,2640.658333420754
,,,,,2640.6683334112167
,,,,,2640.67833340168
,,,,,2640.6883333921432
,,,,,2640.6983333826065
,,,,,2640.7083333730698
,,,,,2640.718333363533
,,,,,2640.7283333539963
,,,,,2640.7383333444595
,,,,,2640.7483333349232
,,,,,2640.758333325386
,,,,,2640.7683333158493
,,,,,2640.7783333063126
,,,,,2640.788333296776
,,,,,2640.7983335256577
,,,,,2640.808333516121
,,,,,2640.818333506584
,,,,,2640.8283334970474
,,,,,2640.8333333730698
,,,,,2640.8383334875107
,,,,,2640.8533333539963
,,,,,2640.8733333349232
,,,,,2640.883333325386
,,,,,2640.8933333158493
,,,,,2640.9033333063126
,,,,,2640.913333296776
,,,,,2640.9233335256577
,,,,,2640.933333516121
,,,,,2640.943333506584
,,,,,2640.9533334970474
,,,,,2640.9633334875107
,,,,,2640.9733334779744
,,,,,2640.983333468437
,,,,,2640.9933334589005
,,,,,2641.0033334493633
,,,,,2641.013333439827
,,,,,2641.02333343029
,,,,,2641.033333420754
,,,,,2641.0433334112167
,,,,,2641.05333340168
,,,,,2641.0633333921432
,,,,,2641.0733333826065
,,,,,2641.0833333730698
,,,,,2641.093333363533
,,,,,2641.1033333539963
,,,,,2641.1133333444595
,,,,,2641.1233333349232
,,,,,2641.133333325386
,,,,,2641.1433333158493
,,,,,2641.1533333063126
,,,,,2641.163333296776
,,,,,2641.1733335256577
,,,,,2641.183333516121
,,,,,2641.193333506584
,,,,,2641.2033334970474
,,,,,2641.2133334875107
,,,,,2641.2233334779744
,,,,,2641.233333468437
,,,,,2641.2433334589005
,,,,,2641.2533334493633
,,,,,2641.263333439827
,,,,,2641.27333343029
,,,,,2641.283333420754
,,,,,2641.2933334112167
,,,,,2641.30333340168
,,,,,2641.3133333921432
,,,,,2641.3233333826065
,,,,,2641.3333333730698
,,,,,2641.343333363533
,,,,,2641.3533333539963
,,,,,2641.3633333444595
,,,,,2641.3733333349232
,,,,,2641.383333325386
,,,,,2641.3933333158493
,,,,,2641.4033333063126
,,,,,2641.413333296776
,,,,,2641.4233335256577
,,,,,2641.433333516121
,,,,,2641.443333506584
,,,,,2641.4533334970474
,,,,,2641.4633334875107
,,,,,2641.4733334779744
,,,,,2641.483333468437
,,,,,2641.4933334589005
,,,,,2641.5033334493633
,,,,,2641.513333439827
,,,,,2641.52333343029
,,,,,2641.533333420754
,,,,,2641.5433334112167
,,,,,2641.55333340168
,,,,,2641.5633333921432
,,,,,2641.5733333826065
,,,,,2641.5833333730698
,,,,,2641.593333363533
,,,,,2641.6033333539963
,,,,,2641.6133333444595
,,,,,2641.6233333349232
,,,,,2641.633333325386
,,,,,2641.6433333158493
,,,,,2641.6533333063126
,,,,,2641.663333296776
,,,,,2641.6733335256577
,,,,,2641.683333516121
,,,,,2641.693333506584
,,,,,2641.7033334970474
,,,,,2641.7133334875107
,,,,,2641.7233334779744
,,,,,2641.733333468437
,,,,,2641.7433334589005
,,,,,2641.7533334493633
,,,,,2641.763333439827
,,,,,2641.77333343029
,,,,,2641.783333420754
,,,,,2641.7933334112167
,,,,,2641.80333340168
,,,,,2641.8133333921432
,,,,,2641.8233333826065
,,,,,2641.8333333730698
,,,,,2641.8383334875107
,,,,,2641.843333363533
,,,,,2641.8633333444595
,,,,,2641.8733333349232
,,,,,2641.883333325386
,,,,,2641.8933333158493
,,,,,2641.9033333063126
,,,,,2641.913333296776
,,,,,2641.9233335256577
,,,,,2641.933333516121
,,,,,2641.943333506584
,,,,,2641.9533334970474
,,,,,2641.9633334875107
,,,,,2641.9733334779744
,,,,,2641.983333468437
,,,,,2641.9933334589005
,,,,,2642.0033334493633
,,,,,2642.013333439827
,,,,,2642.02333343029
,,,,,2642.033333420754
,,,,,2642.0433334112167
,,,,,2642.05333340168
,,,,,2642.0633333921432
,,,,,2642.0733333826065
,,,,,2642.0833333730698
,,,,,2642.093333363533
,,,,,2642.1033333539963
,,,,,2642.1133333444595
,,,,,2642.1233333349232
,,,,,2642.133333325386
,,,,,2642.1433333158493
,,,,,2642.1533333063126
,,,,,2642.163333296776
,,,,,2642.1733335256577
,,,,,2642.183333516121
,,,,,2642.193333506584
,,,,,2642.2033334970474
,,,,,2642.2133334875107
,,,,,2642.2233334779744
,,,,,2642.233333468437
,,,,,2642.2433334589005
,,,,,2642.2533334493633
,,,,,2642.263333439827
,,,,,2642.27333343029
,,,,,2642.283333420754
,,,,,2642.2933334112167
,,,,,2642.30333340168
,,,,,2642.3133333921432
,,,,,2642.3233333826065
,,,,,2642.3333333730698
,,,,,2642.343333363533
,,,,,2642.3533333539963
,,,,,2642.3633333444595
,,,,,2642.3733333349232
,,,,,2642.383333325386
,,,,,2642.3933333158493
,,,,,2642.4033333063126
,,,,,2642.413333296776
,,,,,2642.4233335256577
,,,,,2642.433333516121
,,,,,2642.443333506584
,,,,,2642.4533334970474
,,,,,2642.4633334875107
,,,,,2642.4733334779744
,,,,,2642.483333468437
,,,,,2642.4933334589005
,,,,,2642.5033334493633
,,,,,2642.513333439827
,,,,,2642.52333343029
,,,,,2642.533333420754
,,,,,2642.5433334112167
,,,,,2642.55333340168
,,,,,2642.5633333921432
,,,,,2642.5733333826065
,,,,,2642.5833333730698
,,,,,2642.593333363533
,,,,,2642.6033333539963
,,,,,2642.6133333444595
,,,,,2642.6233333349232
,,,,,2642.633333325386
,,,,,2642.6433333158493
,,,,,2642.6533333063126
,,,,,2642.663333296776
,,,,,2642.6733335256577
,,,,,2642.683333516121
,,,,,2642.693333506584
,,,,,2642.7033334970474
,,,,,2642.7133334875107
,,,,,2642.7233334779744
,,,,,2642.733333468437
,,,,,2642.7433334589005
,,,,,2642.7533334493633
,,,,,2642.763333439827
,,,,,2642.77333343029
,,,,,2642.783333420754
,,,,,2642.7933334112167
,,,,,2642.80333340168
,,,,,2642.8133333921432
,,,,,2642.8233333826065
,,,,,2642.8333333730698
,,,,,2642.8383334875107
,,,,,2642.843333363533
,,,,,2642.8633333444595
,,,,,2642.8733333349232
,,,,,2642.883333325386
,,,,,2642.8933333158493
,,,,,2642.9033333063126
,,,,,2642.913333296776
,,,,,2642.9233335256577
,,,,,2642.933333516121
,,,,,2642.943333506584
,,,,,2642.9533334970474
,,,,,2642.9633334875107
,,,,,2642.9733334779744
,,,,,2642.983333468437
,,,,,2642.9933334589005
,,,,,2643.0033334493633
,,,,,2643.013333439827
,,,,,2643.02333343029
,,,,,2643.033333420754
,,,,,2643.0433334112167
,,,,,2643.05333340168
,,,,,2643.0633333921432
,,,,,2643.0733333826065
,,,,,2643.0833333730698
,,,,,2643.093333363533
,,,,,2643.1033333539963
,,,,,2643.1133333444595
,,,,,2643.1233333349232
,,,,,2643.133333325386
,,,,,2643.1433333158493
,,,,,2643.1533333063126
,,,,,2643.163333296776
,,,,,2643.1733335256577
,,,,,2643.183333516121
,,,,,2643.193333506584
,,,,,2643.2033334970474
,,,,,2643.2133334875107
,,,,,2643.2233334779744
,,,,,2643.233333468437
,,,,,2643.2433334589005
,,,,,2643.2533334493633
,,,,,2643.263333439827
,,,,,2643.27333343029
,,,,,2643.283333420754
,,,,,2643.2933334112167
,,,,,2643.30333340168
,,,,,2643.3133333921432
,,,,,2643.3233333826065
,,,,,2643.3333333730698
,,,,,2643.343333363533
,,,,,2643.3533333539963
,,,,,2643.3633333444595
,,,,,2643.3733333349232
,,,,,2643.383333325386
,,,,,2643.3933333158493
,,,,,2643.4033333063126
,,,,,2643.413333296776
,,,,,2643.4233335256577
,,,,,2643.433333516121
,,,,,2643.443333506584
,,,,,2643.4533334970474
,,,,,2643.4633334875107
,,,,,2643.4733334779744
,,,,,2643.483333468437
,,,,,2643.4933334589005
,,,,,2643.5033334493633
,,,,,2643.513333439827
,,,,,2643.52333343029
,,,,,2643.533333420754
,,,,,2643.5433334112167
,,,,,2643.55333340168
,,,,,2643.5633333921432
,,,,,2643.5733333826065
,,,,,2643.5833333730698
,,,,,2643.593333363533
,,,,,2643.6033333539963
,,,,,2643.6133333444595
,,,,,2643.6233333349232
,,,,,2643.633333325386
,,,,,2643.6433333158493
,,,,,2643.6533333063126
,,,,,2643.663333296776
,,,,,2643.6733335256577
,,,,,2643.683333516121
,,,,,2643.693333506584
,,,,,2643.7033334970474
,,,,,2643.7133334875107
,,,,,2643.7233334779744
,,,,,2643.733333468437
,,,,,2643.7433334589005
,,,,,2643.7533334493633
,,,,,2643.763333439827
,,,,,2643.77333343029
,,,,,2643.783333420754
,,,,,2643.7933334112167
,,,,,2643.80333340168
,,,,,2643.8133333921432
,,,,,2643.8233333826065
,,,,,2643.8333333730698
,,,,,2643.8383334875107
,,,,,2643.843333363533
,,,,,2643.8633333444595
,,,,,2643.8733333349232
,,,,,2643.883333325386
,,,,,2643.8933333158493
,,,,,2643.9033333063126
,,,,,2643.913333296776
,,,,,2643.9233335256577
,,,,,2643.933333516121
,,,,,2643.943333506584
,,,,,2643.9533334970474
,,,,,2643.9633334875107
,,,,,2643.9733334779744
,,,,,2643.983333468437
,,,,,2643.9933334589005
,,,,,2644.0033334493633
,,,,,2644.013333439827
,,,,,2644.02333343029
,,,,,2644.033333420754
,,,,,2644.0433334112167
,,,,,2644.05333340168
,,,,,2644.0633333921432
,,,,,2644.0733333826065
,,,,,2644.0833333730698
,,,,,2644.093333363533
,,,,,2644.1033333539963
,,,,,2644.1133333444595
,,,,,2644.1233333349232
,,,,,2644.133333325386
,,,,,2644.1433333158493
,,,,,2644.1533333063126
,,,,,2644.163333296776
,,,,,2644.1733335256577
,,,,,2644.183333516121
,,,,,2644.193333506584
,,,,,2644.2033334970474
,,,,,2644.2133334875107
,,,,,2644.2233334779744
,,,,,2644.233333468437
,,,,,2644.2433334589005
,,,,,2644.2533334493633
,,,,,2644.263333439827
,,,,,2644.27333343029
,,,,,2644.283333420754
,,,,,2644.2933334112167
,,,,,2644.30333340168
,,,,,2644.3133333921432
,,,,,2644.3233333826065
,,,,,2644.3333333730698
,,,,,2644.343333363533
,,,,,2644.3533333539963
,,,,,2644.3633333444595
,,,,,2644.3733333349232
,,,,,2644.383333325386
,,,,,2644.3933333158493
,,,,,2644.4033333063126
,,,,,2644.413333296776
,,,,,2644.4233335256577
,,,,,2644.433333516121
,,,,,2644.443333506584
,,,,,2644.4533334970474
,,,,,2644.4633334875107
,,,,,2644.4733334779744
,,,,,2644.483333468437
,,,,,2644.4933334589005
,,,,,2644.5033334493633
,,,,,2644.513333439827
,,,,,2644.52333343029
,,,,,2644.533333420754
,,,,,2644.5433334112167
,,,,,2644.55333340168
,,,,,2644.5633333921432
,,,,,2644.5733333826065
,,,,,2644.5833333730698
,,,,,2644.593333363533
,,,,,2644.6033333539963
,,,,,2644.6133333444595
,,,,,2644.6233333349232
,,,,,2644.633333325386
,,,,,2644.6433333158493
,,,,,2644.6533333063126
,,,,,2644.663333296776
,,,,,2644.6733335256577
,,,,,2644.683333516121
,,,,,2644.693333506584
,,,,,2644.7033334970474
,,,,,2644.7133334875107
,,,,,2644.7233334779744
,,,,,2644.733333468437
,,,,,2644.7433334589005
,,,,,2644.7533334493633
,,,,,2644.763333439827
,,,,,2644.77333343029
,,,,,2644.783333420754
,,,,,2644.7933334112167
,,,,,2644.80333340168
,,,,,2644.8133333921432
,,,,,2644.8233333826065
,,,,,2644.8333333730698
,,,,,2644.8383334875107
,,,,,2644.843333363533
,,,,,2644.8633333444595
,,,,,2644.8733333349232
,,,,,2644.883333325386
,,,,,2644.8933333158493
,,,,,2644.9033333063126
,,,,,2644.913333296776
,,,,,2644.9233335256577
,,,,,2644.933333516121
,,,,,2644.943333506584
,,,,,2644.9533334970474
,,,,,2644.9633334875107
,,,,,2644.9733334779744
,,,,,2644.983333468437
,,,,,2644.9933334589005
,,,,,2645.0033334493633
,,,,,2645.013333439827
,,,,,2645.02333343029
,,,,,2645.033333420754
,,,,,2645.0433334112167
,,,,,2645.05333340168
,,,,,2645.0633333921432
,,,,,2645.0733333826065
,,,,,2645.0833333730698
,,,,,2645.093333363533
,,,,,2645.1033333539963
,,,,,2645.1133333444595
,,,,,2645.1233333349232
,,,,,2645.133333325386
,,,,,2645.1433333158493
,,,,,2645.1533333063126
,,,,,2645.163333296776
,,,,,2645.1733335256577
,,,,,2645.183333516121
,,,,,2645.193333506584
,,,,,2645.2033334970474
,,,,,2645.2133334875107
,,,,,2645.2233334779744
,,,,,2645.233333468437
,,,,,2645.2433334589005
,,,,,2645.2533334493633
,,,,,2645.263333439827
,,,,,2645.27333343029
,,,,,2645.283333420754
,,,,,2645.2933334112167
,,,,,2645.30333340168
,,,,,2645.3133333921432
,,,,,2645.3233333826065
,,,,,2645.3333333730698
,,,,,2645.343333363533
,,,,,2645.3533333539963
,,,,,2645.3633333444595
,,,,,2645.3733333349232
,,,,,2645.383333325386
,,,,,2645.3933333158493
,,,,,2645.4033333063126
,,,,,2645.413333296776
,,,,,2645.4233335256577
,,,,,2645.433333516121
,,,,,2645.443333506584
,,,,,2645.4533334970474
,,,,,2645.4633334875107
,,,,,2645.4733334779744
,,,,,2645.483333468437
,,,,,2645.4933334589005
,,,,,2645.5033334493633
,,,,,2645.513333439827
,,,,,2645.52333343029
,,,,,2645.533333420754
,,,,,2645.5433334112167
,,,,,2645.55333340168
,,,,,2645.5633333921432
,,,,,2645.5733333826065
,,,,,2645.5833333730698
,,,,,2645.593333363533
,,,,,2645.6033333539963
,,,,,2645.6133333444595
,,,,,2645.6233333349232
,,,,,2645.633333325386
,,,,,2645.6433333158493
,,,,,2645.6533333063126
,,,,,2645.663333296776
,,,,,2645.6733335256577
,,,,,2645.683333516121
,,,,,2645.693333506584
,,,,,2645.7033334970474
,,,,,2645.7133334875107
,,,,,2645.7233334779744
,,,,,2645.733333468437
,,,,,2645.7433334589005
,,,,,2645.7533334493633
,,,,,2645.763333439827
,,,,,2645.77333343029
,,,,,2645.783333420754
,,,,,2645.7933334112167
,,,,,2645.80333340168
,,,,,2645.8133333921432
,,,,,2645.8233333826065
,,,,,2645.8333333730698
,,,,,2645.8383334875107
,,,,,2645.843333363533
,,,,,2645.8633333444595
,,,,,2645.8783334493633
,,,,,2645.888333439827
,,,,,2645.89833343029
,,,,,2645.908333420754
,,,,,2645.9183334112167
,,,,,2645.92833340168
,,,,,2645.9383333921432
,,,,,2645.9483333826065
,,,,,2645.9583333730698
,,,,,2645.968333363533
,,,,,2645.9783333539963
,,,,,2645.9883333444595
,,,,,2645.9983333349232
,,,,,2646.008333325386
,,,,,2646.0183333158493
,,,,,2646.0283333063126
,,,,,2646.038333296776
,,,,,2646.0483335256577
,,,,,2646.058333516121
,,,,,2646.068333506584
,,,,,2646.0783334970474
,,,,,2646.0883334875107
,,,,,2646.0983334779744
,,,,,2646.108333468437
,,,,,2646.1183334589005
,,,,,2646.1283334493633
,,,,,2646.138333439827
,,,,,2646.14833343029
,,,,,2646.158333420754
,,,,,2646.1683334112167
,,,,,2646.17833340168
,,,,,2646.1883333921432
,,,,,2646.1983333826065
,,,,,2646.2083333730698
,,,,,2646.218333363533
,,,,,2646.2283333539963
,,,,,2646.2383333444595
,,,,,2646.2483333349232
,,,,,2646.258333325386
,,,,,2646.2683333158493
,,,,,2646.2783333063126
,,,,,2646.288333296776
,,,,,2646.2983335256577
,,,,,2646.308333516121
,,,,,2646.318333506584
,,,,,2646.3283334970474
,,,,,2646.3383334875107
,,,,,2646.3483334779744
,,,,,2646.358333468437
,,,,,2646.3683334589005
,,,,,2646.3783334493633
,,,,,2646.388333439827
,,,,,2646.39833343029
,,,,,2646.408333420754
,,,,,2646.4183334112167
,,,,,2646.42833340168
,,,,,2646.4383333921432
,,,,,2646.4483333826065
,,,,,2646.4583333730698
,,,,,2646.468333363533
,,,,,2646.4783333539963
,,,,,2646.4883333444595
,,,,,2646.4983333349232
,,,,,2646.508333325386
,,,,,2646.5183333158493
,,,,,2646.5283333063126
,,,,,2646.538333296776
,,,,,2646.5483335256577
,,,,,2646.558333516121
,,,,,2646.568333506584
,,,,,2646.5783334970474
,,,,,2646.5883334875107
,,,,,2646.5983334779744
,,,,,2646.608333468437
,,,,,2646.6183334589005
,,,,,2646.6283334493633
,,,,,2646.638333439827
,,,,,2646.64833343029
,,,,,2646.658333420754
,,,,,2646.6683334112167
,,,,,2646.67833340168
,,,,,2646.6883333921432
,,,,,2646.6983333826065
,,,,,2646.7083333730698
,,,,,2646.718333363533
,,,,,2646.7283333539963
,,,,,2646.7383333444595
,,,,,2646.7483333349232
,,,,,2646.758333325386
,,,,,2646.7683333158493
,,,,,2646.7783333063126
,,,,,2646.788333296776
,,,,,2646.7983335256577
,,,,,2646.808333516121
,,,,,2646.818333506584
,,,,,2646.8283334970474
,,,,,2646.8383334875107
,,,,,2646.843333363533
,,,,,2646.8483334779744
,,,,,2646.8683334589005
,,,,,2646.8783334493633
,,,,,2646.888333439827
,,,,,2646.89833343029
,,,,,2646.908333420754
,,,,,2646.9183334112167
,,,,,2646.92833340168
,,,,,2646.9383333921432
,,,,,2646.9483333826065
,,,,,2646.9583333730698
,,,,,2646.968333363533
,,,,,2646.9783333539963
,,,,,2646.9883333444595
,,,,,2646.9983333349232
,,,,,2647.008333325386
,,,,,2647.0183333158493
,,,,,2647.0283333063126
,,,,,2647.038333296776
,,,,,2647.0483335256577
,,,,,2647.058333516121
,,,,,2647.068333506584
,,,,,2647.0783334970474
,,,,,2647.0883334875107
,,,,,2647.0983334779744
,,,,,2647.108333468437
,,,,,2647.1183334589005
,,,,,2647.1283334493633
,,,,,2647.138333439827
,,,,,2647.14833343029
,,,,,2647.158333420754
,,,,,2647.1683334112167
,,,,,2647.17833340168
,,,,,2647.1883333921432
,,,,,2647.1983333826065
,,,,,2647.2083333730698
,,,,,2647.218333363533
,,,,,2647.2283333539963
,,,,,2647.2383333444595
,,,,,2647.2483333349232
,,,,,2647.258333325386
,,,,,2647.2683333158493
,,,,,2647.2783333063126
,,,,,2647.288333296776
,,,,,2647.2983335256577
,,,,,2647.308333516121
,,,,,2647.318333506584
,,,,,2647.3283334970474
,,,,,2647.3383334875107
,,,,,2647.3483334779744
,,,,,2647.358333468437
,,,,,2647.3683334589005
,,,,,2647.3783334493633
,,,,,2647.388333439827
,,,,,2647.39833343029
,,,,,2647.408333420754
,,,,,2647.4183334112167
,,,,,2647.42833340168
,,,,,2647.4383333921432
,,,,,2647.4483333826065
,,,,,2647.4583333730698
,,,,,2647.468333363533
,,,,,2647.4783333539963
,,,,,2647.4883333444595
,,,,,2647.4983333349232
,,,,,2647.508333325386
,,,,,2647.5183333158493
,,,,,2647.5283333063126
,,,,,2647.538333296776
,,,,,2647.5483335256577
,,,,,2647.558333516121
,,,,,2647.568333506584
,,,,,2647.5783334970474
,,,,,2647.5883334875107
,,,,,2647.5983334779744
,,,,,2647.608333468437
,,,,,2647.6183334589005
,,,,,2647.6283334493633
,,,,,2647.638333439827
,,,,,2647.64833343029
,,,,,2647.658333420754
,,,,,2647.6683334112167
,,,,,2647.67833340168
,,,,,2647.6883333921432
,,,,,2647.6983333826065
,,,,,2647.7083333730698
,,,,,2647.718333363533
,,,,,2647.7283333539963
,,,,,2647.7383333444595
,,,,,2647.7483333349232
,,,,,2647.758333325386
,,,,,2647.7683333158493
,,,,,2647.7783333063126
,,,,,2647.788333296776
,,,,,2647.7983335256577
,,,,,2647.808333516121
,,,,,2647.818333506584
,,,,,2647.8283334970474
,,,,,2647.8383334875107
,,,,,2647.843333363533
,,,,,2647.8483334779744
,,,,,2647.8683334589005
,,,,,2647.8783334493633
,,,,,2647.888333439827
,,,,,2647.89833343029
,,,,,2647.908333420754
,,,,,2647.9183334112167
,,,,,2647.92833340168
,,,,,2647.9383333921432
,,,,,2647.9483333826065
,,,,,2647.9583333730698
,,,,,2647.968333363533
,,,,,2647.9783333539963
,,,,,2647.9883333444595
,,,,,2647.9983333349232
,,,,,2648.008333325386
,,,,,2648.0183333158493
,,,,,2648.0283333063126
,,,,,2648.038333296776
,,,,,2648.0483335256577
,,,,,2648.058333516121
,,,,,2648.068333506584
,,,,,2648.0783334970474
,,,,,2648.0883334875107
,,,,,2648.0983334779744
,,,,,2648.108333468437
,,,,,2648.1183334589005
,,,,,2648.1283334493633
,,,,,2648.138333439827
,,,,,2648.14833343029
,,,,,2648.158333420754
,,,,,2648.1683334112167
,,,,,2648.17833340168
,,,,,2648.1883333921432
,,,,,2648.1983333826065
,,,,,2648.2083333730698
,,,,,2648.218333363533
,,,,,2648.2283333539963
,,,,,2648.2383333444595
,,,,,2648.2483333349232
,,,,,2648.258333325386
,,,,,2648.2683333158493
,,,,,2648.2783333063126
,,,,,2648.288333296776
,,,,,2648.2983335256577
,,,,,2648.308333516121
,,,,,2648.318333506584
,,,,,2648.3283334970474
,,,,,2648.3383334875107
,,,,,2648.3483334779744
,,,,,2648.358333468437
,,,,,2648.3683334589005
,,,,,2648.3783334493633
,,,,,2648.388333439827
,,,,,2648.39833343029
,,,,,2648.408333420754
,,,,,2648.4183334112167
,,,,,2648.42833340168
,,,,,2648.4383333921432
,,,,,2648.4483333826065
,,,,,2648.4583333730698
,,,,,2648.468333363533
,,,,,2648.4783333539963
,,,,,2648.4883333444595
,,,,,2648.4983333349232
,,,,,2648.508333325386
,,,,,2648.5183333158493
,,,,,2648.5283333063126
,,,,,2648.538333296776
,,,,,2648.5483335256577
,,,,,2648.558333516121
,,,,,2648.568333506584
,,,,,2648.5783334970474
,,,,,2648.5883334875107
,,,,,2648.5983334779744
,,,,,2648.608333468437
,,,,,2648.6183334589005
,,,,,2648.6283334493633
,,,,,2648.638333439827
,,,,,2648.64833343029
,,,,,2648.658333420754
,,,,,2648.6683334112167
,,,,,2648.67833340168
,,,,,2648.6883333921432
,,,,,2648.6983333826065
,,,,,2648.7083333730698
,,,,,2648.718333363533
,,,,,2648.7283333539963
,,,,,2648.7383333444595
,,,,,2648.7483333349232
,,,,,2648.758333325386
,,,,,2648.7683333158493
,,,,,2648.7783333063126
,,,,,2648.788333296776
,,,,,2648.7983335256577
,,,,,2648.808333516121
,,,,,2648.818333506584
,,,,,2648.8283334970474
,,,,,2648.8383334875107
,,,,,2648.843333363533
,,,,,2648.8483334779744
,,,,,2648.8683334589005
,,,,,2648.8783334493633
,,,,,2648.888333439827
,,,,,2648.89833343029
,,,,,2648.908333420754
,,,,,2648.9183334112167
,,,,,2648.92833340168
,,,,,2648.9383333921432
,,,,,2648.9483333826065
,,,,,2648.9583333730698
,,,,,2648.968333363533
,,,,,2648.9783333539963
,,,,,2648.9883333444595
,,,,,2648.9983333349232
,,,,,2649.008333325386
,,,,,2649.0183333158493
,,,,,2649.0283333063126
,,,,,2649.038333296776
,,,,,2649.0483335256577
,,,,,2649.058333516121
,,,,,2649.068333506584
,,,,,2649.0783334970474
,,,,,2649.0883334875107
,,,,,2649.0983334779744
,,,,,2649.108333468437
,,,,,2649.1183334589005
,,,,,2649.1283334493633
,,,,,2649.138333439827
,,,,,2649.14833343029
,,,,,2649.158333420754
,,,,,2649.1683334112167
,,,,,2649.17833340168
,,,,,2649.1883333921432
,,,,,2649.1983333826065
,,,,,2649.2083333730698
,,,,,2649.218333363533
,,,,,2649.2283333539963
,,,,,2649.2383333444595
,,,,,2649.2483333349232
,,,,,2649.258333325386
,,,,,2649.2683333158493
,,,,,2649.2783333063126
,,,,,2649.288333296776
,,,,,2649.2983335256577
,,,,,2649.308333516121
,,,,,2649.318333506584
,,,,,2649.3283334970474
,,,,,2649.3383334875107
,,,,,2649.3483334779744
,,,,,2649.358333468437
,,,,,2649.3683334589005
,,,,,2649.3783334493633
,,,,,2649.388333439827
,,,,,2649.39833343029
,,,,,2649.408333420754
,,,,,2649.4183334112167
,,,,,2649.42833340168
,,,,,2649.4383333921432
,,,,,2649.4483333826065
,,,,,2649.4583333730698
,,,,,2649.468333363533
,,,,,2649.4783333539963
,,,,,2649.4883333444595
,,,,,2649.4983333349232
,,,,,2649.508333325386
,,,,,2649.5183333158493
,,,,,2649.5283333063126
,,,,,2649.538333296776
,,,,,2649.5483335256577
,,,,,2649.558333516121
,,,,,2649.568333506584
,,,,,2649.5783334970474
,,,,,2649.5883334875107
,,,,,2649.5983334779744
,,,,,2649.608333468437
,,,,,2649.6183334589005
,,,,,2649.6283334493633
,,,,,2649.638333439827
,,,,,2649.64833343029
,,,,,2649.658333420754
,,,,,2649.6683334112167
,,,,,2649.67833340168
,,,,,2649.6883333921432
,,,,,2649.6983333826065
,,,,,2649.7083333730698
,,,,,2649.718333363533
,,,,,2649.7283333539963
,,,,,2649.7383333444595
,,,,,2649.7483333349232
,,,,,2649.758333325386
,,,,,2649.7683333158493
,,,,,2649.7783333063126
,,,,,2649.788333296776
,,,,,2649.7983335256577
,,,,,2649.808333516121
,,,,,2649.818333506584
,,,,,2649.8283334970474
,,,,,2649.8383334875107
,,,,,2649.843333363533
,,,,,2649.8483334779744
,,,,,2649.8633333444595
,,,,,2649.8733333349232
,,,,,2649.883333325386
,,,,,2649.8933333158493
,,,,,2649.9033333063126
,,,,,2649.913333296776
,,,,,2649.9233335256577
,,,,,2649.933333516121
,,,,,2649.943333506584
,,,,,2649.9533334970474
,,,,,2649.9633334875107
,,,,,2649.9733334779744
,,,,,2649.983333468437
,,,,,2649.9933334589005
,,,,,2650.0033334493633
,,,,,2650.013333439827
,,,,,2650.02333343029
,,,,,2650.033333420754
,,,,,2650.0433334112167
,,,,,2650.05333340168
,,,,,2650.0633333921432
,,,,,2650.0733333826065
,,,,,2650.0833333730698
,,,,,2650.093333363533
,,,,,2650.1033333539963
,,,,,2650.1133333444595
,,,,,2650.1233333349232
,,,,,2650.133333325386
,,,,,2650.1433333158493
,,,,,2650.1533333063126
,,,,,2650.163333296776
,,,,,2650.1733335256577
,,,,,2650.183333516121
,,,,,2650.193333506584
,,,,,2650.2033334970474
,,,,,2650.2133334875107
,,,,,2650.2233334779744
,,,,,2650.233333468437
,,,,,2650.2433334589005
,,,,,2650.2533334493633
,,,,,2650.263333439827
,,,,,2650.27333343029
,,,,,2650.283333420754
,,,,,2650.2933334112167
,,,,,2650.30333340168
,,,,,2650.3133333921432
,,,,,2650.3233333826065
,,,,,2650.3333333730698
,,,,,2650.343333363533
,,,,,2650.3533333539963
,,,,,2650.3633333444595
,,,,,2650.3733333349232
,,,,,2650.383333325386
,,,,,2650.3933333158493
,,,,,2650.4033333063126
,,,,,2650.413333296776
,,,,,2650.4233335256577
,,,,,2650.433333516121
,,,,,2650.443333506584
,,,,,2650.4533334970474
,,,,,2650.4633334875107
,,,,,2650.4733334779744
,,,,,2650.483333468437
,,,,,2650.4933334589005
,,,,,2650.5033334493633
,,,,,2650.513333439827
,,,,,2650.52333343029
,,,,,2650.533333420754
,,,,,2650.5433334112167
,,,,,2650.55333340168
,,,,,2650.5633333921432
,,,,,2650.5733333826065
,,,,,2650.5833333730698
,,,,,2650.593333363533
,,,,,2650.6033333539963
,,,,,2650.6133333444595
,,,,,2650.6233333349232
,,,,,2650.633333325386
,,,,,2650.6433333158493
,,,,,2650.6533333063126
,,,,,2650.663333296776
,,,,,2650.6733335256577
,,,,,2650.683333516121
,,,,,2650.693333506584
,,,,,2650.7033334970474
,,,,,2650.7133334875107
,,,,,2650.7233334779744
,,,,,2650.733333468437
,,,,,2650.7433334589005
,,,,,2650.7533334493633
,,,,,2650.763333439827
,,,,,2650.77333343029
,,,,,2650.783333420754
,,,,,2650.7933334112167
,,,,,2650.80333340168
,,,,,2650.8133333921432
,,,,,2650.8233333826065
,,,,,2650.8333333730698
,,,,,2650.843333363533
,,,,,2650.8483334779744
,,,,,2650.8533333539963
,,,,,2650.8683334589005
,,,,,2650.888333439827
,,,,,2650.89833343029
,,,,,2650.908333420754
,,,,,2650.9183334112167
,,,,,2650.92833340168
,,,,,2650.9383333921432
,,,,,2650.9483333826065
,,,,,2650.9583333730698
,,,,,2650.968333363533
,,,,,2650.9783333539963
,,,,,2650.9883333444595
,,,,,2650.9983333349232
,,,,,2651.008333325386
,,,,,2651.0183333158493
,,,,,2651.0283333063126
,,,,,2651.038333296776
,,,,,2651.0483335256577
,,,,,2651.058333516121
,,,,,2651.068333506584
,,,,,2651.0783334970474
,,,,,2651.0883334875107
,,,,,2651.0983334779744
,,,,,2651.108333468437
,,,,,2651.1183334589005
,,,,,2651.1283334493633
,,,,,2651.138333439827
,,,,,2651.14833343029
,,,,,2651.158333420754
,,,,,2651.1683334112167
,,,,,2651.17833340168
,,,,,2651.1883333921432
,,,,,2651.1983333826065
,,,,,2651.2083333730698
,,,,,2651.218333363533
,,,,,2651.2283333539963
,,,,,2651.2383333444595
,,,,,2651.2483333349232
,,,,,2651.258333325386
,,,,,2651.2683333158493
,,,,,2651.2783333063126
,,,,,2651.288333296776
,,,,,2651.2983335256577
,,,,,2651.308333516121
,,,,,2651.318333506584
,,,,,2651.3283334970474
,,,,,2651.3383334875107
,,,,,2651.3483334779744
,,,,,2651.358333468437
,,,,,2651.3683334589005
,,,,,2651.3783334493633
,,,,,2651.388333439827
,,,,,2651.39833343029
,,,,,2651.408333420754
,,,,,2651.4183334112167
,,,,,2651.42833340168
,,,,,2651.4383333921432
,,,,,2651.4483333826065
,,,,,2651.4583333730698
,,,,,2651.468333363533
,,,,,2651.4783333539963
,,,,,2651.4883333444595
,,,,,2651.4983333349232
,,,,,2651.508333325386
,,,,,2651.5183333158493
,,,,,2651.5283333063126
,,,,,2651.538333296776
,,,,,2651.5483335256577
,,,,,2651.558333516121
,,,,,2651.568333506584
,,,,,2651.5783334970474
,,,,,2651.5883334875107
,,,,,2651.5983334779744
,,,,,2651.608333468437
,,,,,2651.6183334589005
,,,,,2651.6283334493633
,,,,,2651.638333439827
,,,,,2651.64833343029
,,,,,2651.658333420754
,,,,,2651.6683334112167
,,,,,2651.67833340168
,,,,,2651.6883333921432
,,,,,2651.6983333826065
,,,,,2651.7083333730698
,,,,,2651.718333363533
,,,,,2651.7283333539963
,,,,,2651.7383333444595
,,,,,2651.7483333349232
,,,,,2651.758333325386
,,,,,2651.7683333158493
,,,,,2651.7783333063126
,,,,,2651.788333296776
,,,,,2651.7983335256577
,,,,,2651.808333516121
,,,,,2651.818333506584
,,,,,2651.8283334970474
,,,,,2651.8383334875107
,,,,,2651.8483334779744
,,,,,2651.8533333539963
,,,,,2651.858333468437
,,,,,2651.8783334493633
,,,,,2651.888333439827
,,,,,2651.89833343029
,,,,,2651.908333420754
,,,,,2651.9183334112167
,,,,,2651.92833340168
,,,,,2651.9383333921432
,,,,,2651.9483333826065
,,,,,2651.9583333730698
,,,,,2651.968333363533
,,,,,2651.9783333539963
,,,,,2651.9883333444595
,,,,,2651.9983333349232
,,,,,2652.008333325386
,,,,,2652.0183333158493
,,,,,2652.0283333063126
,,,,,2652.038333296776
,,,,,2652.0483335256577
,,,,,2652.058333516121
,,,,,2652.068333506584
,,,,,2652.0783334970474
,,,,,2652.0883334875107
,,,,,2652.0983334779744
,,,,,2652.108333468437
,,,,,2652.1183334589005
,,,,,2652.1283334493633
,,,,,2652.138333439827
,,,,,2652.14833343029
,,,,,2652.158333420754
,,,,,2652.1683334112167
,,,,,2652.17833340168
,,,,,2652.1883333921432
,,,,,2652.1983333826065
,,,,,2652.2083333730698
,,,,,2652.218333363533
,,,,,2652.2283333539963
,,,,,2652.2383333444595
,,,,,2652.2483333349232
,,,,,2652.258333325386
,,,,,2652.2683333158493
,,,,,2652.2783333063126
,,,,,2652.288333296776
,,,,,2652.2983335256577
,,,,,2652.308333516121
,,,,,2652.318333506584
,,,,,2652.3283334970474
,,,,,2652.3383334875107
,,,,,2652.3483334779744
,,,,,2652.358333468437
,,,,,2652.3683334589005
,,,,,2652.3783334493633
,,,,,2652.388333439827
,,,,,2652.39833343029
,,,,,2652.408333420754
,,,,,2652.4183334112167
,,,,,2652.42833340168
,,,,,2652.4383333921432
,,,,,2652.4483333826065
,,,,,2652.4583333730698
,,,,,2652.468333363533
,,,,,2652.4783333539963
,,,,,2652.4883333444595
,,,,,2652.4983333349232
,,,,,2652.508333325386
,,,,,2652.5183333158493
,,,,,2652.5283333063126
,,,,,2652.538333296776
,,,,,2652.5483335256577
,,,,,2652.558333516121
,,,,,2652.568333506584
,,,,,2652.5783334970474
,,,,,2652.5883334875107
,,,,,2652.5983334779744
,,,,,2652.608333468437
,,,,,2652.6183334589005
,,,,,2652.6283334493633
,,,,,2652.638333439827
,,,,,2652.64833343029
,,,,,2652.658333420754
,,,,,2652.6683334112167
,,,,,2652.67833340168
,,,,,2652.6883333921432
,,,,,2652.6983333826065
,,,,,2652.7083333730698
,,,,,2652.718333363533
,,,,,2652.7283333539963
,,,,,2652.7383333444595
,,,,,2652.7483333349232
,,,,,2652.758333325386
,,,,,2652.7683333158493
,,,,,2652.7783333063126
,,,,,2652.788333296776
,,,,,2652.7983335256577
,,,,,2652.808333516121
,,,,,2652.818333506584
,,,,,2652.8283334970474
,,,,,2652.8383334875107
,,,,,2652.8483334779744
,,,,,2652.8533333539963
,,,,,2652.858333468437
,,,,,2652.8783334493633
,,,,,2652.888333439827
,,,,,2652.89833343029
,,,,,2652.908333420754
,,,,,2652.9183334112167
,,,,,2652.92833340168
,,,,,2652.9383333921432
,,,,,2652.9483333826065
,,,,,2652.9583333730698
,,,,,2652.968333363533
,,,,,2652.9783333539963
,,,,,2652.9883333444595
,,,,,2652.9983333349232
,,,,,2653.008333325386
,,,,,2653.0183333158493
,,,,,2653.0283333063126
,,,,,2653.038333296776
,,,,,2653.0483335256577
,,,,,2653.058333516121
,,,,,2653.068333506584
,,,,,2653.0783334970474
,,,,,2653.0883334875107
,,,,,2653.0983334779744
,,,,,2653.108333468437
,,,,,2653.1183334589005
,,,,,2653.1283334493633
,,,,,2653.138333439827
,,,,,2653.14833343029
,,,,,2653.158333420754
,,,,,2653.1683334112167
,,,,,2653.17833340168
,,,,,2653.1883333921432
,,,,,2653.1983333826065
,,,,,2653.2083333730698
,,,,,2653.218333363533
,,,,,2653.2283333539963
,,,,,2653.2383333444595
,,,,,2653.2483333349232
,,,,,2653.258333325386
,,,,,2653.2683333158493
,,,,,2653.2783333063126
,,,,,2653.288333296776
,,,,,2653.2983335256577
,,,,,2653.308333516121
,,,,,2653.318333506584
,,,,,2653.3283334970474
,,,,,2653.3383334875107
,,,,,2653.3483334779744
,,,,,2653.358333468437
,,,,,2653.3683334589005
,,,,,2653.3783334493633
,,,,,2653.388333439827
,,,,,2653.39833343029
,,,,,2653.408333420754
,,,,,2653.4183334112167
,,,,,2653.42833340168
,,,,,2653.4383333921432
,,,,,2653.4483333826065
,,,,,2653.4583333730698
,,,,,2653.468333363533
,,,,,2653.4783333539963
,,,,,2653.4883333444595
,,,,,2653.4983333349232
,,,,,2653.508333325386
,,,,,2653.5183333158493
,,,,,2653.5283333063126
,,,,,2653.538333296776
,,,,,2653.5483335256577
,,,,,2653.558333516121
,,,,,2653.568333506584
,,,,,2653.5783334970474
,,,,,2653.5883334875107
,,,,,2653.5983334779744
,,,,,2653.608333468437
,,,,,2653.6183334589005
,,,,,2653.6283334493633
,,,,,2653.638333439827
,,,,,2653.64833343029
,,,,,2653.658333420754
,,,,,2653.6683334112167
,,,,,2653.67833340168
,,,,,2653.6883333921432
,,,,,2653.6983333826065
,,,,,2653.7083333730698
,,,,,2653.718333363533
,,,,,2653.7283333539963
,,,,,2653.7383333444595
,,,,,2653.7483333349232
,,,,,2653.758333325386
,,,,,2653.7683333158493
,,,,,2653.7783333063126
,,,,,2653.788333296776
,,,,,2653.7983335256577
,,,,,2653.808333516121
,,,,,2653.818333506584
,,,,,2653.8283334970474
,,,,,2653.8383334875107
,,,,,2653.8483334779744
,,,,,2653.8533333539963
,,,,,2653.858333468437
,,,,,2653.8783334493633
,,,,,2653.888333439827
,,,,,2653.89833343029
,,,,,2653.908333420754
,,,,,2653.9183334112167
,,,,,2653.92833340168
,,,,,2653.9383333921432
,,,,,2653.9483333826065
,,,,,2653.9583333730698
,,,,,2653.968333363533
,,,,,2653.9783333539963
,,,,,2653.9883333444595
,,,,,2653.9983333349232
,,,,,2654.008333325386
,,,,,2654.0183333158493
,,,,,2654.0283333063126
,,,,,2654.038333296776
,,,,,2654.0483335256577
,,,,,2654.058333516121
,,,,,2654.068333506584
,,,,,2654.0783334970474
,,,,,2654.0883334875107
,,,,,2654.0983334779744
,,,,,2654.108333468437
,,,,,2654.1183334589005
,,,,,2654.1283334493633
,,,,,2654.138333439827
,,,,,2654.14833343029
,,,,,2654.158333420754
,,,,,2654.1683334112167
,,,,,2654.17833340168
,,,,,2654.1883333921432
,,,,,2654.1983333826065
,,,,,2654.2083333730698
,,,,,2654.218333363533
,,,,,2654.2283333539963
,,,,,2654.2383333444595
,,,,,2654.2483333349232
,,,,,2654.258333325386
,,,,,2654.2683333158493
,,,,,2654.2783333063126
,,,,,2654.288333296776
,,,,,2654.2983335256577
,,,,,2654.308333516121
,,,,,2654.318333506584
,,,,,2654.3283334970474
,,,,,2654.3383334875107
,,,,,2654.3483334779744
,,,,,2654.358333468437
,,,,,2654.3683334589005
,,,,,2654.3783334493633
,,,,,2654.388333439827
,,,,,2654.39833343029
,,,,,2654.408333420754
,,,,,2654.4183334112167
,,,,,2654.42833340168
,,,,,2654.4383333921432
,,,,,2654.4483333826065
,,,,,2654.4583333730698
,,,,,2654.468333363533
,,,,,2654.4783333539963
,,,,,2654.4883333444595
,,,,,2654.4983333349232
,,,,,2654.508333325386
,,,,,2654.5183333158493
,,,,,2654.5283333063126
,,,,,2654.538333296776
,,,,,2654.5483335256577
,,,,,2654.558333516121
,,,,,2654.568333506584
,,,,,2654.5783334970474
,,,,,2654.5883334875107
,,,,,2654.5983334779744
,,,,,2654.608333468437
,,,,,2654.6183334589005
,,,,,2654.6283334493633
,,,,,2654.638333439827
,,,,,2654.64833343029
,,,,,2654.658333420754
,,,,,2654.6683334112167
,,,,,2654.67833340168
,,,,,2654.6883333921432
,,,,,2654.6983333826065
,,,,,2654.7083333730698
,,,,,2654.718333363533
,,,,,2654.7283333539963
,,,,,2654.7383333444595
,,,,,2654.7483333349232
,,,,,2654.758333325386
,,,,,2654.7683333158493
,,,,,2654.7783333063126
,,,,,2654.788333296776
,,,,,2654.7983335256577
,,,,,2654.808333516121
,,,,,2654.818333506584
,,,,,2654.8283334970474
,,,,,2654.8383334875107
,,,,,2654.8483334779744
,,,,,2654.8533333539963
,,,,,2654.858333468437
,,,,,2654.8783334493633
,,,,,2654.888333439827
,,,,,2654.89833343029
,,,,,2654.908333420754
,,,,,2654.9183334112167
,,,,,2654.92833340168
,,,,,2654.9383333921432
,,,,,2654.9483333826065
,,,,,2654.9583333730698
,,,,,2654.968333363533
,,,,,2654.9783333539963
,,,,,2654.9883333444595
,,,,,2654.9983333349232
,,,,,2655.008333325386
,,,,,2655.0183333158493
,,,,,2655.0283333063126
,,,,,2655.038333296776
,,,,,2655.0483335256577
,,,,,2655.058333516121
,,,,,2655.068333506584
,,,,,2655.0783334970474
,,,,,2655.0883334875107
,,,,,2655.0983334779744
,,,,,2655.108333468437
,,,,,2655.1183334589005
,,,,,2655.1283334493633
,,,,,2655.138333439827
,,,,,2655.14833343029
,,,,,2655.158333420754
,,,,,2655.1683334112167
,,,,,2655.17833340168
,,,,,2655.1883333921432
,,,,,2655.1983333826065
,,,,,2655.2083333730698
,,,,,2655.218333363533
,,,,,2655.2283333539963
,,,,,2655.2383333444595
,,,,,2655.2483333349232
,,,,,2655.258333325386
,,,,,2655.2683333158493
,,,,,2655.2783333063126
,,,,,2655.288333296776
,,,,,2655.2983335256577
,,,,,2655.308333516121
,,,,,2655.318333506584
,,,,,2655.3283334970474
,,,,,2655.3383334875107
,,,,,2655.3483334779744
,,,,,2655.358333468437
,,,,,2655.3683334589005
,,,,,2655.3783334493633
,,,,,2655.388333439827
,,,,,2655.39833343029
,,,,,2655.408333420754
,,,,,2655.4183334112167
,,,,,2655.42833340168
,,,,,2655.4383333921432
,,,,,2655.4483333826065
,,,,,2655.4583333730698
,,,,,2655.468333363533
,,,,,2655.4783333539963
,,,,,2655.4883333444595
,,,,,2655.4983333349232
,,,,,2655.508333325386
,,,,,2655.5183333158493
,,,,,2655.5283333063126
,,,,,2655.538333296776
,,,,,2655.5483335256577
,,,,,2655.558333516121
,,,,,2655.568333506584
,,,,,2655.5783334970474
,,,,,2655.5883334875107
,,,,,2655.5983334779744
,,,,,2655.608333468437
,,,,,2655.6183334589005
,,,,,2655.6283334493633
,,,,,2655.638333439827
,,,,,2655.64833343029
,,,,,2655.658333420754
,,,,,2655.6683334112167
,,,,,2655.67833340168
,,,,,2655.6883333921432
,,,,,2655.6983333826065
,,,,,2655.7083333730698
,,,,,2655.718333363533
,,,,,2655.7283333539963
,,,,,2655.7383333444595
,,,,,2655.7483333349232
,,,,,2655.758333325386
,,,,,2655.7683333158493
,,,,,2655.7783333063126
,,,,,2655.788333296776
,,,,,2655.7983335256577
,,,,,2655.808333516121
,,,,,2655.818333506584
,,,,,2655.8283334970474
,,,,,2655.8383334875107
,,,,,2655.8483334779744
,,,,,2655.8533333539963
,,,,,2655.858333468437
,,,,,2655.8783334493633
,,,,,2655.8933333158493
,,,,,2655.9033333063126
,,,,,2655.913333296776
,,,,,2655.9233335256577
,,,,,2655.933333516121
,,,,,2655.943333506584
,,,,,2655.9533334970474
,,,,,2655.9633334875107
,,,,,2655.9733334779744
,,,,,2655.983333468437
,,,,,2655.9933334589005
,,,,,2656.0033334493633
,,,,,2656.013333439827
,,,,,2656.02333343029
,,,,,2656.033333420754
,,,,,2656.0433334112167
,,,,,2656.05333340168
,,,,,2656.0633333921432
,,,,,2656.0733333826065
,,,,,2656.0833333730698
,,,,,2656.093333363533
,,,,,2656.1033333539963
,,,,,2656.1133333444595
,,,,,2656.1233333349232
,,,,,2656.133333325386
,,,,,2656.1433333158493
,,,,,2656.1533333063126
,,,,,2656.163333296776
,,,,,2656.1733335256577
,,,,,2656.183333516121
,,,,,2656.193333506584
,,,,,2656.2033334970474
,,,,,2656.2133334875107
,,,,,2656.2233334779744
,,,,,2656.233333468437
,,,,,2656.2433334589005
,,,,,2656.2533334493633
,,,,,2656.263333439827
,,,,,2656.27333343029
,,,,,2656.283333420754
,,,,,2656.2933334112167
,,,,,2656.30333340168
,,,,,2656.3133333921432
,,,,,2656.3233333826065
,,,,,2656.3333333730698
,,,,,2656.343333363533
,,,,,2656.3533333539963
,,,,,2656.3633333444595
,,,,,2656.3733333349232
,,,,,2656.383333325386
,,,,,2656.3933333158493
,,,,,2656.4033333063126
,,,,,2656.413333296776
,,,,,2656.4233335256577
,,,,,2656.433333516121
,,,,,2656.443333506584
,,,,,2656.4533334970474
,,,,,2656.4633334875107
,,,,,2656.4733334779744
,,,,,2656.483333468437
,,,,,2656.4933334589005
,,,,,2656.5033334493633
,,,,,2656.513333439827
,,,,,2656.52333343029
,,,,,2656.533333420754
,,,,,2656.5433334112167
,,,,,2656.55333340168
,,,,,2656.5633333921432
,,,,,2656.5733333826065
,,,,,2656.5833333730698
,,,,,2656.593333363533
,,,,,2656.6033333539963
,,,,,2656.6133333444595
,,,,,2656.6233333349232
,,,,,2656.633333325386
,,,,,2656.6433333158493
,,,,,2656.6533333063126
,,,,,2656.663333296776
,,,,,2656.6733335256577
,,,,,2656.683333516121
,,,,,2656.693333506584
,,,,,2656.7033334970474
,,,,,2656.7133334875107
,,,,,2656.7233334779744
,,,,,2656.733333468437
,,,,,2656.7433334589005
,,,,,2656.7533334493633
,,,,,2656.763333439827
,,,,,2656.77333343029
,,,,,2656.783333420754
,,,,,2656.7933334112167
,,,,,2656.80333340168
,,,,,2656.8133333921432
,,,,,2656.8233333826065
,,,,,2656.8333333730698
,,,,,2656.843333363533
,,,,,2656.8533333539963
,,,,,2656.858333468437
,,,,,2656.8633333444595
,,,,,2656.883333325386
,,,,,2656.8933333158493
,,,,,2656.9033333063126
,,,,,2656.913333296776
,,,,,2656.9233335256577
,,,,,2656.933333516121
,,,,,2656.943333506584
,,,,,2656.9533334970474
,,,,,2656.9633334875107
,,,,,2656.9733334779744
,,,,,2656.983333468437
,,,,,2656.9933334589005
,,,,,2657.0033334493633
,,,,,2657.013333439827
,,,,,2657.02333343029
,,,,,2657.033333420754
,,,,,2657.0433334112167
,,,,,2657.05333340168
,,,,,2657.0633333921432
,,,,,2657.0733333826065
,,,,,2657.0833333730698
,,,,,2657.093333363533
,,,,,2657.1033333539963
,,,,,2657.1133333444595
,,,,,2657.1233333349232
,,,,,2657.133333325386
,,,,,2657.1433333158493
,,,,,2657.1533333063126
,,,,,2657.163333296776
,,,,,2657.1733335256577
,,,,,2657.183333516121
,,,,,2657.193333506584
,,,,,2657.2033334970474
,,,,,2657.2133334875107
,,,,,2657.2233334779744
,,,,,2657.233333468437
,,,,,2657.2433334589005
,,,,,2657.2533334493633
,,,,,2657.263333439827
,,,,,2657.27333343029
,,,,,2657.283333420754
,,,,,2657.2933334112167
,,,,,2657.30333340168
,,,,,2657.3133333921432
,,,,,2657.3233333826065
,,,,,2657.3333333730698
,,,,,2657.343333363533
,,,,,2657.3533333539963
,,,,,2657.3633333444595
,,,,,2657.3733333349232
,,,,,2657.383333325386
,,,,,2657.3933333158493
,,,,,2657.4033333063126
,,,,,2657.413333296776
,,,,,2657.4233335256577
,,,,,2657.433333516121
,,,,,2657.443333506584
,,,,,2657.4533334970474
,,,,,2657.4633334875107
,,,,,2657.4733334779744
,,,,,2657.483333468437
,,,,,2657.4933334589005
,,,,,2657.5033334493633
,,,,,2657.513333439827
,,,,,2657.52333343029
,,,,,2657.533333420754
,,,,,2657.5433334112167
,,,,,2657.55333340168
,,,,,2657.5633333921432
,,,,,2657.5733333826065
,,,,,2657.5833333730698
,,,,,2657.593333363533
,,,,,2657.6033333539963
,,,,,2657.6133333444595
,,,,,2657.6233333349232
,,,,,2657.633333325386
,,,,,2657.6433333158493
,,,,,2657.6533333063126
,,,,,2657.663333296776
,,,,,2657.6733335256577
,,,,,2657.683333516121
,,,,,2657.693333506584
,,,,,2657.7033334970474
,,,,,2657.7133334875107
,,,,,2657.7233334779744
,,,,,2657.733333468437
,,,,,2657.7433334589005
,,,,,2657.7533334493633
,,,,,2657.763333439827
,,,,,2657.77333343029
,,,,,2657.783333420754
,,,,,2657.7933334112167
,,,,,2657.80333340168
,,,,,2657.8133333921432
,,,,,2657.8233333826065
,,,,,2657.8333333730698
,,,,,2657.843333363533
,,,,,2657.8533333539963
,,,,,2657.858333468437
,,,,,2657.8633333444595
,,,,,2657.883333325386
,,,,,2657.8933333158493
,,,,,2657.9033333063126
,,,,,2657.913333296776
,,,,,2657.9233335256577
,,,,,2657.933333516121
,,,,,2657.943333506584
,,,,,2657.9533334970474
,,,,,2657.9633334875107
,,,,,2657.9733334779744
,,,,,2657.983333468437
,,,,,2657.9933334589005
,,,,,2658.0033334493633
,,,,,2658.013333439827
,,,,,2658.02333343029
,,,,,2658.033333420754
,,,,,2658.0433334112167
,,,,,2658.05333340168
,,,,,2658.0633333921432
,,,,,2658.0733333826065
,,,,,2658.0833333730698
,,,,,2658.093333363533
,,,,,2658.1033333539963
,,,,,2658.1133333444595
,,,,,2658.1233333349232
,,,,,2658.133333325386
,,,,,2658.1433333158493
,,,,,2658.1533333063126
,,,,,2658.163333296776
,,,,,2658.1733335256577
,,,,,2658.183333516121
,,,,,2658.193333506584
,,,,,2658.2033334970474
,,,,,2658.2133334875107
,,,,,2658.2233334779744
,,,,,2658.233333468437
,,,,,2658.2433334589005
,,,,,2658.2533334493633
,,,,,2658.263333439827
,,,,,2658.27333343029
,,,,,2658.283333420754
,,,,,2658.2933334112167
,,,,,2658.30333340168
,,,,,2658.3133333921432
,,,,,2658.3233333826065
,,,,,2658.3333333730698
,,,,,2658.343333363533
,,,,,2658.3533333539963
,,,,,2658.3633333444595
,,,,,2658.3733333349232
,,,,,2658.383333325386
,,,,,2658.3933333158493
,,,,,2658.4033333063126
,,,,,2658.413333296776
,,,,,2658.4233335256577
,,,,,2658.433333516121
,,,,,2658.443333506584
,,,,,2658.4533334970474
,,,,,2658.4633334875107
,,,,,2658.4733334779744
,,,,,2658.483333468437
,,,,,2658.4933334589005
,,,,,2658.5033334493633
,,,,,2658.513333439827
,,,,,2658.52333343029
,,,,,2658.533333420754
,,,,,2658.5433334112167
,,,,,2658.55333340168
,,,,,2658.5633333921432
,,,,,2658.5733333826065
,,,,,2658.5833333730698
,,,,,2658.593333363533
,,,,,2658.6033333539963
,,,,,2658.6133333444595
,,,,,2658.6233333349232
,,,,,2658.633333325386
,,,,,2658.6433333158493
,,,,,2658.6533333063126
,,,,,2658.663333296776
,,,,,2658.6733335256577
,,,,,2658.683333516121
,,,,,2658.693333506584
,,,,,2658.7033334970474
,,,,,2658.7133334875107
,,,,,2658.7233334779744
,,,,,2658.733333468437
,,,,,2658.7433334589005
,,,,,2658.7533334493633
,,,,,2658.763333439827
,,,,,2658.77333343029
,,,,,2658.783333420754
,,,,,2658.7933334112167
,,,,,2658.80333340168
,,,,,2658.8133333921432
,,,,,2658.8233333826065
,,,,,2658.8333333730698
,,,,,2658.843333363533
,,,,,2658.8533333539963
,,,,,2658.858333468437
,,,,,2658.8633333444595
,,,,,2658.883333325386
,,,,,2658.8933333158493
,,,,,2658.9033333063126
,,,,,2658.913333296776
,,,,,2658.9233335256577
,,,,,2658.933333516121
,,,,,2658.943333506584
,,,,,2658.9533334970474
,,,,,2658.9633334875107
,,,,,2658.9733334779744
,,,,,2658.983333468437
,,,,,2658.9933334589005
,,,,,2659.0033334493633
,,,,,2659.013333439827
,,,,,2659.02333343029
,,,,,2659.033333420754
,,,,,2659.0433334112167
,,,,,2659.05333340168
,,,,,2659.0633333921432
,,,,,2659.0733333826065
,,,,,2659.0833333730698
,,,,,2659.093333363533
,,,,,2659.1033333539963
,,,,,2659.1133333444595
,,,,,2659.1233333349232
,,,,,2659.133333325386
,,,,,2659.1433333158493
,,,,,2659.1533333063126
,,,,,2659.163333296776
,,,,,2659.1733335256577
,,,,,2659.183333516121
,,,,,2659.193333506584
,,,,,2659.2033334970474
,,,,,2659.2133334875107
,,,,,2659.2233334779744
,,,,,2659.233333468437
,,,,,2659.2433334589005
,,,,,2659.2533334493633
,,,,,2659.263333439827
,,,,,2659.27333343029
,,,,,2659.283333420754
,,,,,2659.2933334112167
,,,,,2659.30333340168
,,,,,2659.3133333921432
,,,,,2659.3233333826065
,,,,,2659.3333333730698
,,,,,2659.343333363533
,,,,,2659.3533333539963
,,,,,2659.3633333444595
,,,,,2659.3733333349232
,,,,,2659.383333325386
,,,,,2659.3933333158493
,,,,,2659.4033333063126
,,,,,2659.413333296776
,,,,,2659.4233335256577
,,,,,2659.433333516121
,,,,,2659.443333506584
,,,,,2659.4533334970474
,,,,,2659.4633334875107
,,,,,2659.4733334779744
,,,,,2659.483333468437
,,,,,2659.4933334589005
,,,,,2659.5033334493633
,,,,,2659.513333439827
,,,,,2659.52333343029
,,,,,2659.533333420754
,,,,,2659.5433334112167
,,,,,2659.55333340168
,,,,,2659.5633333921432
,,,,,2659.5733333826065
,,,,,2659.5833333730698
,,,,,2659.593333363533
,,,,,2659.6033333539963
,,,,,2659.6133333444595
,,,,,2659.6233333349232
,,,,,2659.633333325386
,,,,,2659.6433333158493
,,,,,2659.6533333063126
,,,,,2659.663333296776
,,,,,2659.6733335256577
,,,,,2659.683333516121
,,,,,2659.693333506584
,,,,,2659.7033334970474
,,,,,2659.7133334875107
,,,,,2659.7233334779744
,,,,,2659.733333468437
,,,,,2659.7433334589005
,,,,,2659.7533334493633
,,,,,2659.763333439827
,,,,,2659.77333343029
,,,,,2659.783333420754
,,,,,2659.7933334112167
,,,,,2659.80333340168
,,,,,2659.8133333921432
,,,,,2659.8233333826065
,,,,,2659.8333333730698
,,,,,2659.843333363533
,,,,,2659.8533333539963
,,,,,2659.858333468437
,,,,,2659.8633333444595
,,,,,2659.8783334493633
,,,,,2659.888333439827
,,,,,2659.89833343029
,,,,,2659.908333420754
,,,,,2659.9183334112167
,,,,,2659.92833340168
,,,,,2659.9383333921432
,,,,,2659.9483333826065
,,,,,2659.9583333730698
,,,,,2659.968333363533
,,,,,2659.9783333539963
,,,,,2659.9883333444595
,,,,,2659.9983333349232
,,,,,2660.008333325386
,,,,,2660.0183333158493
,,,,,2660.0283333063126
,,,,,2660.038333296776
,,,,,2660.0483335256577
,,,,,2660.058333516121
,,,,,2660.068333506584
,,,,,2660.0783334970474
,,,,,2660.0883334875107
,,,,,2660.0983334779744
,,,,,2660.108333468437
,,,,,2660.1183334589005
,,,,,2660.1283334493633
,,,,,2660.138333439827
,,,,,2660.14833343029
,,,,,2660.158333420754
,,,,,2660.1683334112167
,,,,,2660.17833340168
,,,,,2660.1883333921432
,,,,,2660.1983333826065
,,,,,2660.2083333730698
,,,,,2660.218333363533
,,,,,2660.2283333539963
,,,,,2660.2383333444595
,,,,,2660.2483333349232
,,,,,2660.258333325386
,,,,,2660.2683333158493
,,,,,2660.2783333063126
,,,,,2660.288333296776
,,,,,2660.2983335256577
,,,,,2660.308333516121
,,,,,2660.318333506584
,,,,,2660.3283334970474
,,,,,2660.3383334875107
,,,,,2660.3483334779744
,,,,,2660.358333468437
,,,,,2660.3683334589005
,,,,,2660.3783334493633
,,,,,2660.388333439827
,,,,,2660.39833343029
,,,,,2660.408333420754
,,,,,2660.4183334112167
,,,,,2660.42833340168
,,,,,2660.4383333921432
,,,,,2660.4483333826065
,,,,,2660.4583333730698
,,,,,2660.468333363533
,,,,,2660.4783333539963
,,,,,2660.4883333444595
,,,,,2660.4983333349232
,,,,,2660.508333325386
,,,,,2660.5183333158493
,,,,,2660.5283333063126
,,,,,2660.538333296776
,,,,,2660.5483335256577
,,,,,2660.558333516121
,,,,,2660.568333506584
,,,,,2660.5783334970474
,,,,,2660.5883334875107
,,,,,2660.5983334779744
,,,,,2660.608333468437
,,,,,2660.6183334589005
,,,,,2660.6283334493633
,,,,,2660.638333439827
,,,,,2660.64833343029
,,,,,2660.658333420754
,,,,,2660.6683334112167
,,,,,2660.67833340168
,,,,,2660.6883333921432
,,,,,2660.6983333826065
,,,,,2660.7083333730698
,,,,,2660.718333363533
,,,,,2660.7283333539963
,,,,,2660.7383333444595
,,,,,2660.7483333349232
,,,,,2660.758333325386
,,,,,2660.7683333158493
,,,,,2660.7783333063126
,,,,,2660.788333296776
,,,,,2660.7983335256577
,,,,,2660.808333516121
,,,,,2660.818333506584
,,,,,2660.8283334970474
,,,,,2660.8383334875107
,,,,,2660.8483334779744
,,,,,2660.858333468437
,,,,,2660.8633333444595
,,,,,2660.8683334589005
,,,,,2660.883333325386
,,,,,2660.9033333063126
,,,,,2660.913333296776
,,,,,2660.9233335256577
,,,,,2660.933333516121
,,,,,2660.943333506584
,,,,,2660.9533334970474
,,,,,2660.9633334875107
,,,,,2660.9733334779744
,,,,,2660.983333468437
,,,,,2660.9933334589005
,,,,,2661.0033334493633
,,,,,2661.013333439827
,,,,,2661.02333343029
,,,,,2661.033333420754
,,,,,2661.0433334112167
,,,,,2661.05333340168
,,,,,2661.0633333921432
,,,,,2661.0733333826065
,,,,,2661.0833333730698
,,,,,2661.093333363533
,,,,,2661.1033333539963
,,,,,2661.1133333444595
,,,,,2661.1233333349232
,,,,,2661.133333325386
,,,,,2661.1433333158493
,,,,,2661.1533333063126
,,,,,2661.163333296776
,,,,,2661.1733335256577
,,,,,2661.183333516121
,,,,,2661.193333506584
,,,,,2661.2033334970474
,,,,,2661.2133334875107
,,,,,2661.2233334779744
,,,,,2661.233333468437
,,,,,2661.2433334589005
,,,,,2661.2533334493633
,,,,,2661.263333439827
,,,,,2661.27333343029
,,,,,2661.283333420754
,,,,,2661.2933334112167
,,,,,2661.30333340168
,,,,,2661.3133333921432
,,,,,2661.3233333826065
,,,,,2661.3333333730698
,,,,,2661.343333363533
,,,,,2661.3533333539963
,,,,,2661.3633333444595
,,,,,2661.3733333349232
,,,,,2661.383333325386
,,,,,2661.3933333158493
,,,,,2661.4033333063126
,,,,,2661.413333296776
,,,,,2661.4233335256577
,,,,,2661.433333516121
,,,,,2661.443333506584
,,,,,2661.4533334970474
,,,,,2661.4633334875107
,,,,,2661.4733334779744
,,,,,2661.483333468437
,,,,,2661.4933334589005
,,,,,2661.5033334493633
,,,,,2661.513333439827
,,,,,2661.52333343029
,,,,,2661.533333420754
,,,,,2661.5433334112167
,,,,,2661.55333340168
,,,,,2661.5633333921432
,,,,,2661.5733333826065
,,,,,2661.5833333730698
,,,,,2661.593333363533
,,,,,2661.6033333539963
,,,,,2661.6133333444595
,,,,,2661.6233333349232
,,,,,2661.633333325386
,,,,,2661.6433333158493
,,,,,2661.6533333063126
,,,,,2661.663333296776
,,,,,2661.6733335256577
,,,,,2661.683333516121
,,,,,2661.693333506584
,,,,,2661.7033334970474
,,,,,2661.7133334875107
,,,,,2661.7233334779744
,,,,,2661.733333468437
,,,,,2661.7433334589005
,,,,,2661.7533334493633
,,,,,2661.763333439827
,,,,,2661.77333343029
,,,,,2661.783333420754
,,,,,2661.7933334112167
,,,,,2661.80333340168
,,,,,2661.8133333921432
,,,,,2661.8233333826065
,,,,,2661.8333333730698
,,,,,2661.843333363533
,,,,,2661.8533333539963
,,,,,2661.8633333444595
,,,,,2661.8683334589005
,,,,,2661.8733333349232
,,,,,2661.888333439827
,,,,,2661.89833343029
,,,,,2661.908333420754
,,,,,2661.9183334112167
,,,,,2661.92833340168
,,,,,2661.9383333921432
,,,,,2661.9483333826065
,,,,,2661.9583333730698
,,,,,2661.968333363533
,,,,,2661.9783333539963
,,,,,2661.9883333444595
,,,,,2661.9983333349232
,,,,,2662.008333325386
,,,,,2662.0183333158493
,,,,,2662.0283333063126
,,,,,2662.038333296776
,,,,,2662.0483335256577
,,,,,2662.058333516121
,,,,,2662.068333506584
,,,,,2662.0783334970474
,,,,,2662.0883334875107
,,,,,2662.0983334779744
,,,,,2662.108333468437
,,,,,2662.1183334589005
,,,,,2662.1283334493633
,,,,,2662.138333439827
,,,,,2662.14833343029
,,,,,2662.158333420754
,,,,,2662.1683334112167
,,,,,2662.17833340168
,,,,,2662.1883333921432
,,,,,2662.1983333826065
,,,,,2662.2083333730698
,,,,,2662.218333363533
,,,,,2662.2283333539963
,,,,,2662.2383333444595
,,,,,2662.2483333349232
,,,,,2662.258333325386
,,,,,2662.2683333158493
,,,,,2662.2783333063126
,,,,,2662.288333296776
,,,,,2662.2983335256577
,,,,,2662.308333516121
,,,,,2662.318333506584
,,,,,2662.3283334970474
,,,,,2662.3383334875107
,,,,,2662.3483334779744
,,,,,2662.358333468437
,,,,,2662.3683334589005
,,,,,2662.3783334493633
,,,,,2662.388333439827
,,,,,2662.39833343029
,,,,,2662.408333420754
,,,,,2662.4183334112167
,,,,,2662.42833340168
,,,,,2662.4383333921432
,,,,,2662.4483333826065
,,,,,2662.4583333730698
,,,,,2662.468333363533
,,,,,2662.4783333539963
,,,,,2662.4883333444595
,,,,,2662.4983333349232
,,,,,2662.508333325386
,,,,,2662.5183333158493
,,,,,2662.5283333063126
,,,,,2662.538333296776
,,,,,2662.5483335256577
,,,,,2662.558333516121
,,,,,2662.568333506584
,,,,,2662.5783334970474
,,,,,2662.5883334875107
,,,,,2662.5983334779744
,,,,,2662.608333468437
,,,,,2662.6183334589005
,,,,,2662.6283334493633
,,,,,2662.638333439827
,,,,,2662.64833343029
,,,,,2662.658333420754
,,,,,2662.6683334112167
,,,,,2662.67833340168
,,,,,2662.6883333921432
,,,,,2662.6983333826065
,,,,,2662.7083333730698
,,,,,2662.718333363533
,,,,,2662.7283333539963
,,,,,2662.7383333444595
,,,,,2662.7483333349232
,,,,,2662.758333325386
,,,,,2662.7683333158493
,,,,,2662.7783333063126
,,,,,2662.788333296776
,,,,,2662.7983335256577
,,,,,2662.808333516121
,,,,,2662.818333506584
,,,,,2662.8283334970474
,,,,,2662.8383334875107
,,,,,2662.8483334779744
,,,,,2662.858333468437
,,,,,2662.8683334589005
,,,,,2662.8733333349232
,,,,,2662.8783334493633
,,,,,2662.8933333158493
,,,,,2662.9033333063126
,,,,,2662.913333296776
,,,,,2662.9233335256577
,,,,,2662.933333516121
,,,,,2662.943333506584
,,,,,2662.9533334970474
,,,,,2662.9633334875107
,,,,,2662.9733334779744
,,,,,2662.983333468437
,,,,,2662.9933334589005
,,,,,2663.0033334493633
,,,,,2663.013333439827
,,,,,2663.02333343029
,,,,,2663.033333420754
,,,,,2663.0433334112167
,,,,,2663.05333340168
,,,,,2663.0633333921432
,,,,,2663.0733333826065
,,,,,2663.0833333730698
,,,,,2663.093333363533
,,,,,2663.1033333539963
,,,,,2663.1133333444595
,,,,,2663.1233333349232
,,,,,2663.133333325386
,,,,,2663.1433333158493
,,,,,2663.1533333063126
,,,,,2663.163333296776
,,,,,2663.1733335256577
,,,,,2663.183333516121
,,,,,2663.193333506584
,,,,,2663.2033334970474
,,,,,2663.2133334875107
,,,,,2663.2233334779744
,,,,,2663.233333468437
,,,,,2663.2433334589005
,,,,,2663.2533334493633
,,,,,2663.263333439827
,,,,,2663.27333343029
,,,,,2663.283333420754
,,,,,2663.2933334112167
,,,,,2663.30333340168
,,,,,2663.3133333921432
,,,,,2663.3233333826065
,,,,,2663.3333333730698
,,,,,2663.343333363533
,,,,,2663.3533333539963
,,,,,2663.3633333444595
,,,,,2663.3733333349232
,,,,,2663.383333325386
,,,,,2663.3933333158493
,,,,,2663.4033333063126
,,,,,2663.413333296776
,,,,,2663.4233335256577
,,,,,2663.433333516121
,,,,,2663.443333506584
,,,,,2663.4533334970474
,,,,,2663.4633334875107
,,,,,2663.4733334779744
,,,,,2663.483333468437
,,,,,2663.4933334589005
,,,,,2663.5033334493633
,,,,,2663.513333439827
,,,,,2663.52333343029
,,,,,2663.533333420754
,,,,,2663.5433334112167
,,,,,2663.55333340168
,,,,,2663.5633333921432
,,,,,2663.5733333826065
,,,,,2663.5833333730698
,,,,,2663.593333363533
,,,,,2663.6033333539963
,,,,,2663.6133333444595
,,,,,2663.6233333349232
,,,,,2663.633333325386
,,,,,2663.6433333158493
,,,,,2663.6533333063126
,,,,,2663.663333296776
,,,,,2663.6733335256577
,,,,,2663.683333516121
,,,,,2663.693333506584
,,,,,2663.7033334970474
,,,,,2663.7133334875107
,,,,,2663.7233334779744
,,,,,2663.733333468437
,,,,,2663.7433334589005
,,,,,2663.7533334493633
,,,,,2663.763333439827
,,,,,2663.77333343029
,,,,,2663.783333420754
,,,,,2663.7933334112167
,,,,,2663.80333340168
,,,,,2663.8133333921432
,,,,,2663.8233333826065
,,,,,2663.8333333730698
,,,,,2663.843333363533
,,,,,2663.8533333539963
,,,,,2663.8633333444595
,,,,,2663.8733333349232
,,,,,2663.8783334493633
,,,,,2663.883333325386
,,,,,2663.89833343029
,,,,,2663.908333420754
,,,,,2663.9183334112167
,,,,,2663.92833340168
,,,,,2663.9383333921432
,,,,,2663.9483333826065
,,,,,2663.9583333730698
,,,,,2663.968333363533
,,,,,2663.9783333539963
,,,,,2663.9883333444595
,,,,,2663.9983333349232
,,,,,2664.008333325386
,,,,,2664.0183333158493
,,,,,2664.0283333063126
,,,,,2664.038333296776
,,,,,2664.0483335256577
,,,,,2664.058333516121
,,,,,2664.068333506584
,,,,,2664.0783334970474
,,,,,2664.0883334875107
,,,,,2664.0983334779744
,,,,,2664.108333468437
,,,,,2664.1183334589005
,,,,,2664.1283334493633
,,,,,2664.138333439827
,,,,,2664.14833343029
,,,,,2664.158333420754
,,,,,2664.1683334112167
,,,,,2664.17833340168
,,,,,2664.1883333921432
,,,,,2664.1983333826065
,,,,,2664.2083333730698
,,,,,2664.218333363533
,,,,,2664.2283333539963
,,,,,2664.2383333444595
,,,,,2664.2483333349232
,,,,,2664.258333325386
,,,,,2664.2683333158493
,,,,,2664.2783333063126
,,,,,2664.288333296776
,,,,,2664.2983335256577
,,,,,2664.308333516121
,,,,,2664.318333506584
,,,,,2664.3283334970474
,,,,,2664.3383334875107
,,,,,2664.3483334779744
,,,,,2664.358333468437
,,,,,2664.3683334589005
,,,,,2664.3783334493633
,,,,,2664.388333439827
,,,,,2664.39833343029
,,,,,2664.408333420754
,,,,,2664.4183334112167
,,,,,2664.42833340168
,,,,,2664.4383333921432
,,,,,2664.4483333826065
,,,,,2664.4583333730698
,,,,,2664.468333363533
,,,,,2664.4783333539963
,,,,,2664.4883333444595
,,,,,2664.4983333349232
,,,,,2664.508333325386
,,,,,2664.5183333158493
,,,,,2664.5283333063126
,,,,,2664.538333296776
,,,,,2664.5483335256577
,,,,,2664.558333516121
,,,,,2664.568333506584
,,,,,2664.5783334970474
,,,,,2664.5883334875107
,,,,,2664.5983334779744
,,,,,2664.608333468437
,,,,,2664.6183334589005
,,,,,2664.6283334493633
,,,,,2664.638333439827
,,,,,2664.64833343029
,,,,,2664.658333420754
,,,,,2664.6683334112167
,,,,,2664.67833340168
,,,,,2664.6883333921432
,,,,,2664.6983333826065
,,,,,2664.7083333730698
,,,,,2664.718333363533
,,,,,2664.7283333539963
,,,,,2664.7383333444595
,,,,,2664.7483333349232
,,,,,2664.758333325386
,,,,,2664.7683333158493
,,,,,2664.7783333063126
,,,,,2664.788333296776
,,,,,2664.7983335256577
,,,,,2664.808333516121
,,,,,2664.818333506584
,,,,,2664.8283334970474
,,,,,2664.8383334875107
,,,,,2664.8483334779744
,,,,,2664.858333468437
,,,,,2664.8683334589005
,,,,,2664.8783334493633
,,,,,2664.883333325386
,,,,,2664.888333439827
,,,,,2664.9033333063126
,,,,,2664.913333296776
,,,,,2664.9233335256577
,,,,,2664.933333516121
,,,,,2664.943333506584
,,,,,2664.9533334970474
,,,,,2664.9633334875107
,,,,,2664.9733334779744
,,,,,2664.983333468437
,,,,,2664.9933334589005
,,,,,2665.0033334493633
,,,,,2665.013333439827
,,,,,2665.02333343029
,,,,,2665.033333420754
,,,,,2665.0433334112167
,,,,,2665.05333340168
,,,,,2665.0633333921432
,,,,,2665.0733333826065
,,,,,2665.0833333730698
,,,,,2665.093333363533
,,,,,2665.1033333539963
,,,,,2665.1133333444595
,,,,,2665.1233333349232
,,,,,2665.133333325386
,,,,,2665.1433333158493
,,,,,2665.1533333063126
,,,,,2665.163333296776
,,,,,2665.1733335256577
,,,,,2665.183333516121
,,,,,2665.193333506584
,,,,,2665.2033334970474
,,,,,2665.2133334875107
,,,,,2665.2233334779744
,,,,,2665.233333468437
,,,,,2665.2433334589005
,,,,,2665.2533334493633
,,,,,2665.263333439827
,,,,,2665.27333343029
,,,,,2665.283333420754
,,,,,2665.2933334112167
,,,,,2665.30333340168
,,,,,2665.3133333921432
,,,,,2665.3233333826065
,,,,,2665.3333333730698
,,,,,2665.343333363533
,,,,,2665.3533333539963
,,,,,2665.3633333444595
,,,,,2665.3733333349232
,,,,,2665.383333325386
,,,,,2665.3933333158493
,,,,,2665.4033333063126
,,,,,2665.413333296776
,,,,,2665.4233335256577
,,,,,2665.433333516121
,,,,,2665.443333506584
,,,,,2665.4533334970474
,,,,,2665.4633334875107
,,,,,2665.4733334779744
,,,,,2665.483333468437
,,,,,2665.4933334589005
,,,,,2665.5033334493633
,,,,,2665.513333439827
,,,,,2665.52333343029
,,,,,2665.533333420754
,,,,,2665.5433334112167
,,,,,2665.55333340168
,,,,,2665.5633333921432
,,,,,2665.5733333826065
,,,,,2665.5833333730698
,,,,,2665.593333363533
,,,,,2665.6033333539963
,,,,,2665.6133333444595
,,,,,2665.6233333349232
,,,,,2665.633333325386
,,,,,2665.6433333158493
,,,,,2665.6533333063126
,,,,,2665.663333296776
,,,,,2665.6733335256577
,,,,,2665.683333516121
,,,,,2665.693333506584
,,,,,2665.7033334970474
,,,,,2665.7133334875107
,,,,,2665.7233334779744
,,,,,2665.733333468437
,,,,,2665.7433334589005
,,,,,2665.7533334493633
,,,,,2665.763333439827
,,,,,2665.77333343029
,,,,,2665.783333420754
,,,,,2665.7933334112167
,,,,,2665.80333340168
,,,,,2665.8133333921432
,,,,,2665.8233333826065
,,,,,2665.8333333730698
,,,,,2665.843333363533
,,,,,2665.8533333539963
,,,,,2665.8633333444595
,,,,,2665.8733333349232
,,,,,2665.883333325386
,,,,,2665.888333439827
,,,,,2665.8933333158493
,,,,,2665.908333420754
,,,,,2665.92833340168
,,,,,2665.9383333921432
,,,,,2665.9483333826065
,,,,,2665.9583333730698
,,,,,2665.968333363533
,,,,,2665.9783333539963
,,,,,2665.9883333444595
,,,,,2665.9983333349232
,,,,,2666.008333325386
,,,,,2666.0183333158493
,,,,,2666.0283333063126
,,,,,2666.038333296776
,,,,,2666.0483335256577
,,,,,2666.058333516121
,,,,,2666.068333506584
,,,,,2666.0783334970474
,,,,,2666.0883334875107
,,,,,2666.0983334779744
,,,,,2666.108333468437
,,,,,2666.1183334589005
,,,,,2666.1283334493633
,,,,,2666.138333439827
,,,,,2666.14833343029
,,,,,2666.158333420754
,,,,,2666.1683334112167
,,,,,2666.17833340168
,,,,,2666.1883333921432
,,,,,2666.1983333826065
,,,,,2666.2083333730698
,,,,,2666.218333363533
,,,,,2666.2283333539963
,,,,,2666.2383333444595
,,,,,2666.2483333349232
,,,,,2666.258333325386
,,,,,2666.2683333158493
,,,,,2666.2783333063126
,,,,,2666.288333296776
,,,,,2666.2983335256577
,,,,,2666.308333516121
,,,,,2666.318333506584
,,,,,2666.3283334970474
,,,,,2666.3383334875107
,,,,,2666.3483334779744
,,,,,2666.358333468437
,,,,,2666.3683334589005
,,,,,2666.3783334493633
,,,,,2666.388333439827
,,,,,2666.39833343029
,,,,,2666.408333420754
,,,,,2666.4183334112167
,,,,,2666.42833340168
,,,,,2666.4383333921432
,,,,,2666.4483333826065
,,,,,2666.4583333730698
,,,,,2666.468333363533
,,,,,2666.4783333539963
,,,,,2666.4883333444595
,,,,,2666.4983333349232
,,,,,2666.508333325386
,,,,,2666.5183333158493
,,,,,2666.5283333063126
,,,,,2666.538333296776
,,,,,2666.5483335256577
,,,,,2666.558333516121
,,,,,2666.568333506584
,,,,,2666.5783334970474
,,,,,2666.5883334875107
,,,,,2666.5983334779744
,,,,,2666.608333468437
,,,,,2666.6183334589005
,,,,,2666.6283334493633
,,,,,2666.638333439827
,,,,,2666.64833343029
,,,,,2666.658333420754
,,,,,2666.6683334112167
,,,,,2666.67833340168
,,,,,2666.6883333921432
,,,,,2666.6983333826065
,,,,,2666.7083333730698
,,,,,2666.718333363533
,,,,,2666.7283333539963
,,,,,2666.7383333444595
,,,,,2666.7483333349232
,,,,,2666.758333325386
,,,,,2666.7683333158493
,,,,,2666.7783333063126
,,,,,2666.788333296776
,,,,,2666.7983335256577
,,,,,2666.808333516121
,,,,,2666.818333506584
,,,,,2666.8283334970474
,,,,,2666.8383334875107
,,,,,2666.8483334779744
,,,,,2666.858333468437
,,,,,2666.8683334589005
,,,,,2666.8783334493633
,,,,,2666.888333439827
,,,,,2666.8933333158493
,,,,,2666.89833343029
,,,,,2666.9183334112167
,,,,,2666.92833340168
,,,,,2666.9383333921432
,,,,,2666.9483333826065
,,,,,2666.9583333730698
,,,,,2666.968333363533
,,,,,2666.9783333539963
,,,,,2666.9883333444595
,,,,,2666.9983333349232
,,,,,2667.008333325386
,,,,,2667.0183333158493
,,,,,2667.0283333063126
,,,,,2667.038333296776
,,,,,2667.0483335256577
,,,,,2667.058333516121
,,,,,2667.068333506584
,,,,,2667.0783334970474
,,,,,2667.0883334875107
,,,,,2667.0983334779744
,,,,,2667.108333468437
,,,,,2667.1183334589005
,,,,,2667.1283334493633
,,,,,2667.138333439827
,,,,,2667.14833343029
,,,,,2667.158333420754
,,,,,2667.1683334112167
,,,,,2667.17833340168
,,,,,2667.1883333921432
,,,,,2667.1983333826065
,,,,,2667.2083333730698
,,,,,2667.218333363533
,,,,,2667.2283333539963
,,,,,2667.2383333444595
,,,,,2667.2483333349232
,,,,,2667.258333325386
,,,,,2667.2683333158493
,,,,,2667.2783333063126
,,,,,2667.288333296776
,,,,,2667.2983335256577
,,,,,2667.308333516121
,,,,,2667.318333506584
,,,,,2667.3283334970474
,,,,,2667.3383334875107
,,,,,2667.3483334779744
,,,,,2667.358333468437
,,,,,2667.3683334589005
,,,,,2667.3783334493633
,,,,,2667.388333439827
,,,,,2667.39833343029
,,,,,2667.408333420754
,,,,,2667.4183334112167
,,,,,2667.42833340168
,,,,,2667.4383333921432
,,,,,2667.4483333826065
,,,,,2667.4583333730698
,,,,,2667.468333363533
,,,,,2667.4783333539963
,,,,,2667.4883333444595
,,,,,2667.4983333349232
,,,,,2667.508333325386
,,,,,2667.5183333158493
,,,,,2667.5283333063126
,,,,,2667.538333296776
,,,,,2667.5483335256577
,,,,,2667.558333516121
,,,,,2667.568333506584
,,,,,2667.5783334970474
,,,,,2667.5883334875107
,,,,,2667.5983334779744
,,,,,2667.608333468437
,,,,,2667.6183334589005
,,,,,2667.6283334493633
,,,,,2667.638333439827
,,,,,2667.64833343029
,,,,,2667.658333420754
,,,,,2667.6683334112167
,,,,,2667.67833340168
,,,,,2667.6883333921432
,,,,,2667.6983333826065
,,,,,2667.7083333730698
,,,,,2667.718333363533
,,,,,2667.7283333539963
,,,,,2667.7383333444595
,,,,,2667.7483333349232
,,,,,2667.758333325386
,,,,,2667.7683333158493
,,,,,2667.7783333063126
,,,,,2667.788333296776
,,,,,2667.7983335256577
,,,,,2667.808333516121
,,,,,2667.818333506584
,,,,,2667.8283334970474
,,,,,2667.8383334875107
,,,,,2667.8483334779744
,,,,,2667.858333468437
,,,,,2667.8683334589005
,,,,,2667.8783334493633
,,,,,2667.888333439827
,,,,,2667.8933333158493
,,,,,2667.89833343029
,,,,,2667.9183334112167
,,,,,2667.92833340168
,,,,,2667.9383333921432
,,,,,2667.9483333826065
,,,,,2667.9583333730698
,,,,,2667.968333363533
,,,,,2667.9783333539963
,,,,,2667.9883333444595
,,,,,2667.9983333349232
,,,,,2668.008333325386
,,,,,2668.0183333158493
,,,,,2668.0283333063126
,,,,,2668.038333296776
,,,,,2668.0483335256577
,,,,,2668.058333516121
,,,,,2668.068333506584
,,,,,2668.0783334970474
,,,,,2668.0883334875107
,,,,,2668.0983334779744
,,,,,2668.108333468437
,,,,,2668.1183334589005
,,,,,2668.1283334493633
,,,,,2668.138333439827
,,,,,2668.14833343029
,,,,,2668.158333420754
,,,,,2668.1683334112167
,,,,,2668.17833340168
,,,,,2668.1883333921432
,,,,,2668.1983333826065
,,,,,2668.2083333730698
,,,,,2668.218333363533
,,,,,2668.2283333539963
,,,,,2668.2383333444595
,,,,,2668.2483333349232
,,,,,2668.258333325386
,,,,,2668.2683333158493
,,,,,2668.2783333063126
,,,,,2668.288333296776
,,,,,2668.2983335256577
,,,,,2668.308333516121
,,,,,2668.318333506584
,,,,,2668.3283334970474
,,,,,2668.3383334875107
,,,,,2668.3483334779744
,,,,,2668.358333468437
,,,,,2668.3683334589005
,,,,,2668.3783334493633
,,,,,2668.388333439827
,,,,,2668.39833343029
,,,,,2668.408333420754
,,,,,2668.4183334112167
,,,,,2668.42833340168
,,,,,2668.4383333921432
,,,,,2668.4483333826065
,,,,,2668.4583333730698
,,,,,2668.468333363533
,,,,,2668.4783333539963
,,,,,2668.4883333444595
,,,,,2668.4983333349232
,,,,,2668.508333325386
,,,,,2668.5183333158493
,,,,,2668.5283333063126
,,,,,2668.538333296776
,,,,,2668.5483335256577
,,,,,2668.558333516121
,,,,,2668.568333506584
,,,,,2668.5783334970474
,,,,,2668.5883334875107
,,,,,2668.5983334779744
,,,,,2668.608333468437
,,,,,2668.6183334589005
,,,,,2668.6283334493633
,,,,,2668.638333439827
,,,,,2668.64833343029
,,,,,2668.658333420754
,,,,,2668.6683334112167
,,,,,2668.67833340168
,,,,,2668.6883333921432
,,,,,2668.6983333826065
,,,,,2668.7083333730698
,,,,,2668.718333363533
,,,,,2668.7283333539963
,,,,,2668.7383333444595
,,,,,2668.7483333349232
,,,,,2668.758333325386
,,,,,2668.7683333158493
,,,,,2668.7783333063126
,,,,,2668.788333296776
,,,,,2668.7983335256577
,,,,,2668.808333516121
,,,,,2668.818333506584
,,,,,2668.8283334970474
,,,,,2668.8383334875107
,,,,,2668.8483334779744
,,,,,2668.858333468437
,,,,,2668.8683334589005
,,,,,2668.8783334493633
,,,,,2668.888333439827
,,,,,2668.8933333158493
,,,,,2668.89833343029
,,,,,2668.9183334112167
,,,,,2668.92833340168
,,,,,2668.9383333921432
,,,,,2668.9483333826065
,,,,,2668.9583333730698
,,,,,2668.968333363533
,,,,,2668.9783333539963
,,,,,2668.9883333444595
,,,,,2668.9983333349232
,,,,,2669.008333325386
,,,,,2669.0183333158493
,,,,,2669.0283333063126
,,,,,2669.038333296776
,,,,,2669.0483335256577
,,,,,2669.058333516121
,,,,,2669.068333506584
,,,,,2669.0783334970474
,,,,,2669.0883334875107
,,,,,2669.0983334779744
,,,,,2669.108333468437
,,,,,2669.1183334589005
,,,,,2669.1283334493633
,,,,,2669.138333439827
,,,,,2669.14833343029
,,,,,2669.158333420754
,,,,,2669.1683334112167
,,,,,2669.17833340168
,,,,,2669.1883333921432
,,,,,2669.1983333826065
,,,,,2669.2083333730698
,,,,,2669.218333363533
,,,,,2669.2283333539963
,,,,,2669.2383333444595
,,,,,2669.2483333349232
,,,,,2669.258333325386
,,,,,2669.2683333158493
,,,,,2669.2783333063126
,,,,,2669.288333296776
,,,,,2669.2983335256577
,,,,,2669.308333516121
,,,,,2669.318333506584
,,,,,2669.3283334970474
,,,,,2669.3383334875107
,,,,,2669.3483334779744
,,,,,2669.358333468437
,,,,,2669.3683334589005
,,,,,2669.3783334493633
,,,,,2669.388333439827
,,,,,2669.39833343029
,,,,,2669.408333420754
,,,,,2669.4183334112167
,,,,,2669.42833340168
,,,,,2669.4383333921432
,,,,,2669.4483333826065
,,,,,2669.4583333730698
,,,,,2669.468333363533
,,,,,2669.4783333539963
,,,,,2669.4883333444595
,,,,,2669.4983333349232
,,,,,2669.508333325386
,,,,,2669.5183333158493
,,,,,2669.5283333063126
,,,,,2669.538333296776
,,,,,2669.5483335256577
,,,,,2669.558333516121
,,,,,2669.568333506584
,,,,,2669.5783334970474
,,,,,2669.5883334875107
,,,,,2669.5983334779744
,,,,,2669.608333468437
,,,,,2669.6183334589005
,,,,,2669.6283334493633
,,,,,2669.638333439827
,,,,,2669.64833343029
,,,,,2669.658333420754
,,,,,2669.6683334112167
,,,,,2669.67833340168
,,,,,2669.6883333921432
,,,,,2669.6983333826065
,,,,,2669.7083333730698
,,,,,2669.718333363533
,,,,,2669.7283333539963
,,,,,2669.7383333444595
,,,,,2669.7483333349232
,,,,,2669.758333325386
,,,,,2669.7683333158493
,,,,,2669.7783333063126
,,,,,2669.788333296776
,,,,,2669.7983335256577
,,,,,2669.808333516121
,,,,,2669.818333506584
,,,,,2669.8283334970474
,,,,,2669.8383334875107
,,,,,2669.8483334779744
,,,,,2669.858333468437
,,,,,2669.8683334589005
,,,,,2669.8783334493633
,,,,,2669.888333439827
,,,,,2669.8933333158493
,,,,,2669.89833343029
,,,,,2669.9183334112167
,,,,,2669.92833340168
,,,,,2669.9383333921432
,,,,,2669.9483333826065
,,,,,2669.9583333730698
,,,,,2669.968333363533
,,,,,2669.9783333539963
,,,,,2669.9883333444595
,,,,,2669.9983333349232
,,,,,2670.008333325386
,,,,,2670.0183333158493
,,,,,2670.0283333063126
,,,,,2670.038333296776
,,,,,2670.0483335256577
,,,,,2670.058333516121
,,,,,2670.068333506584
,,,,,2670.0783334970474
,,,,,2670.0883334875107
,,,,,2670.0983334779744
,,,,,2670.108333468437
,,,,,2670.1183334589005
,,,,,2670.1283334493633
,,,,,2670.138333439827
,,,,,2670.14833343029
,,,,,2670.158333420754
,,,,,2670.1683334112167
,,,,,2670.17833340168
,,,,,2670.1883333921432
,,,,,2670.1983333826065
,,,,,2670.2083333730698
,,,,,2670.218333363533
,,,,,2670.2283333539963
,,,,,2670.2383333444595
,,,,,2670.2483333349232
,,,,,2670.258333325386
,,,,,2670.2683333158493
,,,,,2670.2783333063126
,,,,,2670.288333296776
,,,,,2670.2983335256577
,,,,,2670.308333516121
,,,,,2670.318333506584
,,,,,2670.3283334970474
,,,,,2670.3383334875107
,,,,,2670.3483334779744
,,,,,2670.358333468437
,,,,,2670.3683334589005
,,,,,2670.3783334493633
,,,,,2670.388333439827
,,,,,2670.39833343029
,,,,,2670.408333420754
,,,,,2670.4183334112167
,,,,,2670.42833340168
,,,,,2670.4383333921432
,,,,,2670.4483333826065
,,,,,2670.4583333730698
,,,,,2670.468333363533
,,,,,2670.4783333539963
,,,,,2670.4883333444595
,,,,,2670.4983333349232
,,,,,2670.508333325386
,,,,,2670.5183333158493
,,,,,2670.5283333063126
,,,,,2670.538333296776
,,,,,2670.5483335256577
,,,,,2670.558333516121
,,,,,2670.568333506584
,,,,,2670.5783334970474
,,,,,2670.5883334875107
,,,,,2670.5983334779744
,,,,,2670.608333468437
,,,,,2670.6183334589005
,,,,,2670.6283334493633
,,,,,2670.638333439827
,,,,,2670.64833343029
,,,,,2670.658333420754
,,,,,2670.6683334112167
,,,,,2670.67833340168
,,,,,2670.6883333921432
,,,,,2670.6983333826065
,,,,,2670.7083333730698
,,,,,2670.718333363533
,,,,,2670.7283333539963
,,,,,2670.7383333444595
,,,,,2670.7483333349232
,,,,,2670.758333325386
,,,,,2670.7683333158493
,,,,,2670.7783333063126
,,,,,2670.788333296776
,,,,,2670.7983335256577
,,,,,2670.808333516121
,,,,,2670.818333506584
,,,,,2670.8283334970474
,,,,,2670.8383334875107
,,,,,2670.8483334779744
,,,,,2670.858333468437
,,,,,2670.8683334589005
,,,,,2670.8783334493633
,,,,,2670.888333439827
,,,,,2670.8933333158493
,,,,,2670.89833343029
,,,,,2670.9183334112167
,,,,,2670.933333516121
,,,,,2670.943333506584
,,,,,2670.9533334970474
,,,,,2670.9633334875107
,,,,,2670.9733334779744
,,,,,2670.983333468437
,,,,,2670.9933334589005
,,,,,2671.0033334493633
,,,,,2671.013333439827
,,,,,2671.02333343029
,,,,,2671.033333420754
,,,,,2671.0433334112167
,,,,,2671.05333340168
,,,,,2671.0633333921432
,,,,,2671.0733333826065
,,,,,2671.0833333730698
,,,,,2671.093333363533
,,,,,2671.1033333539963
,,,,,2671.1133333444595
,,,,,2671.1233333349232
,,,,,2671.133333325386
,,,,,2671.1433333158493
,,,,,2671.1533333063126
,,,,,2671.163333296776
,,,,,2671.1733335256577
,,,,,2671.183333516121
,,,,,2671.193333506584
,,,,,2671.2033334970474
,,,,,2671.2133334875107
,,,,,2671.2233334779744
,,,,,2671.233333468437
,,,,,2671.2433334589005
,,,,,2671.2533334493633
,,,,,2671.263333439827
,,,,,2671.27333343029
,,,,,2671.283333420754
,,,,,2671.2933334112167
,,,,,2671.30333340168
,,,,,2671.3133333921432
,,,,,2671.3233333826065
,,,,,2671.3333333730698
,,,,,2671.343333363533
,,,,,2671.3533333539963
,,,,,2671.3633333444595
,,,,,2671.3733333349232
,,,,,2671.383333325386
,,,,,2671.3933333158493
,,,,,2671.4033333063126
,,,,,2671.413333296776
,,,,,2671.4233335256577
,,,,,2671.433333516121
,,,,,2671.443333506584
,,,,,2671.4533334970474
,,,,,2671.4633334875107
,,,,,2671.4733334779744
,,,,,2671.483333468437
,,,,,2671.4933334589005
,,,,,2671.5033334493633
,,,,,2671.513333439827
,,,,,2671.52333343029
,,,,,2671.533333420754
,,,,,2671.5433334112167
,,,,,2671.55333340168
,,,,,2671.5633333921432
,,,,,2671.5733333826065
,,,,,2671.5833333730698
,,,,,2671.593333363533
,,,,,2671.6033333539963
,,,,,2671.6133333444595
,,,,,2671.6233333349232
,,,,,2671.633333325386
,,,,,2671.6433333158493
,,,,,2671.6533333063126
,,,,,2671.663333296776
,,,,,2671.6733335256577
,,,,,2671.683333516121
,,,,,2671.693333506584
,,,,,2671.7033334970474
,,,,,2671.7133334875107
,,,,,2671.7233334779744
,,,,,2671.733333468437
,,,,,2671.7433334589005
,,,,,2671.7533334493633
,,,,,2671.763333439827
,,,,,2671.77333343029
,,,,,2671.783333420754
,,,,,2671.7933334112167
,,,,,2671.80333340168
,,,,,2671.8133333921432
,,,,,2671.8233333826065
,,,,,2671.8333333730698
,,,,,2671.843333363533
,,,,,2671.8533333539963
,,,,,2671.8633333444595
,,,,,2671.8733333349232
,,,,,2671.883333325386
,,,,,2671.8933333158493
,,,,,2671.89833343029
,,,,,2671.9033333063126
,,,,,2671.9233335256577
,,,,,2671.933333516121
,,,,,2671.943333506584
,,,,,2671.9533334970474
,,,,,2671.9633334875107
,,,,,2671.9733334779744
,,,,,2671.983333468437
,,,,,2671.9933334589005
,,,,,2672.0033334493633
,,,,,2672.013333439827
,,,,,2672.02333343029
,,,,,2672.033333420754
,,,,,2672.0433334112167
,,,,,2672.05333340168
,,,,,2672.0633333921432
,,,,,2672.0733333826065
,,,,,2672.0833333730698
,,,,,2672.093333363533
,,,,,2672.1033333539963
,,,,,2672.1133333444595
,,,,,2672.1233333349232
,,,,,2672.133333325386
,,,,,2672.1433333158493
,,,,,2672.1533333063126
,,,,,2672.163333296776
,,,,,2672.1733335256577
,,,,,2672.183333516121
,,,,,2672.193333506584
,,,,,2672.2033334970474
,,,,,2672.2133334875107
,,,,,2672.2233334779744
,,,,,2672.233333468437
,,,,,2672.2433334589005
,,,,,2672.2533334493633
,,,,,2672.263333439827
,,,,,2672.27333343029
,,,,,2672.283333420754
,,,,,2672.2933334112167
,,,,,2672.30333340168
,,,,,2672.3133333921432
,,,,,2672.3233333826065
,,,,,2672.3333333730698
,,,,,2672.343333363533
,,,,,2672.3533333539963
,,,,,2672.3633333444595
,,,,,2672.3733333349232
,,,,,2672.383333325386
,,,,,2672.3933333158493
,,,,,2672.4033333063126
,,,,,2672.413333296776
,,,,,2672.4233335256577
,,,,,2672.433333516121
,,,,,2672.443333506584
,,,,,2672.4533334970474
,,,,,2672.4633334875107
,,,,,2672.4733334779744
,,,,,2672.483333468437
,,,,,2672.4933334589005
,,,,,2672.5033334493633
,,,,,2672.513333439827
,,,,,2672.52333343029
,,,,,2672.533333420754
,,,,,2672.5433334112167
,,,,,2672.55333340168
,,,,,2672.5633333921432
,,,,,2672.5733333826065
,,,,,2672.5833333730698
,,,,,2672.593333363533
,,,,,2672.6033333539963
,,,,,2672.6133333444595
,,,,,2672.6233333349232
,,,,,2672.633333325386
,,,,,2672.6433333158493
,,,,,2672.6533333063126
,,,,,2672.663333296776
,,,,,2672.6733335256577
,,,,,2672.683333516121
,,,,,2672.693333506584
,,,,,2672.7033334970474
,,,,,2672.7133334875107
,,,,,2672.7233334779744
,,,,,2672.733333468437
,,,,,2672.7433334589005
,,,,,2672.7533334493633
,,,,,2672.763333439827
,,,,,2672.77333343029
,,,,,2672.783333420754
,,,,,2672.7933334112167
,,,,,2672.80333340168
,,,,,2672.8133333921432
,,,,,2672.8233333826065
,,,,,2672.8333333730698
,,,,,2672.843333363533
,,,,,2672.8533333539963
,,,,,2672.8633333444595
,,,,,2672.8733333349232
,,,,,2672.883333325386
,,,,,2672.8933333158493
,,,,,2672.89833343029
,,,,,2672.9033333063126
,,,,,2672.9233335256577
,,,,,2672.933333516121
,,,,,2672.943333506584
,,,,,2672.9533334970474
,,,,,2672.9633334875107
,,,,,2672.9733334779744
,,,,,2672.983333468437
,,,,,2672.9933334589005
,,,,,2673.0033334493633
,,,,,2673.013333439827
,,,,,2673.02333343029
,,,,,2673.033333420754
,,,,,2673.0433334112167
,,,,,2673.05333340168
,,,,,2673.0633333921432
,,,,,2673.0733333826065
,,,,,2673.0833333730698
,,,,,2673.093333363533
,,,,,2673.1033333539963
,,,,,2673.1133333444595
,,,,,2673.1233333349232
,,,,,2673.133333325386
,,,,,2673.1433333158493
,,,,,2673.1533333063126
,,,,,2673.163333296776
,,,,,2673.1733335256577
,,,,,2673.183333516121
,,,,,2673.193333506584
,,,,,2673.2033334970474
,,,,,2673.2133334875107
,,,,,2673.2233334779744
,,,,,2673.233333468437
,,,,,2673.2433334589005
,,,,,2673.2533334493633
,,,,,2673.263333439827
,,,,,2673.27333343029
,,,,,2673.283333420754
,,,,,2673.2933334112167
,,,,,2673.30333340168
,,,,,2673.3133333921432
,,,,,2673.3233333826065
,,,,,2673.3333333730698
,,,,,2673.343333363533
,,,,,2673.3533333539963
,,,,,2673.3633333444595
,,,,,2673.3733333349232
,,,,,2673.383333325386
,,,,,2673.3933333158493
,,,,,2673.4033333063126
,,,,,2673.413333296776
,,,,,2673.4233335256577
,,,,,2673.433333516121
,,,,,2673.443333506584
,,,,,2673.4533334970474
,,,,,2673.4633334875107
,,,,,2673.4733334779744
,,,,,2673.483333468437
,,,,,2673.4933334589005
,,,,,2673.5033334493633
,,,,,2673.513333439827
,,,,,2673.52333343029
,,,,,2673.533333420754
,,,,,2673.5433334112167
,,,,,2673.55333340168
,,,,,2673.5633333921432
,,,,,2673.5733333826065
,,,,,2673.5833333730698
,,,,,2673.593333363533
,,,,,2673.6033333539963
,,,,,2673.6133333444595
,,,,,2673.6233333349232
,,,,,2673.633333325386
,,,,,2673.6433333158493
,,,,,2673.6533333063126
,,,,,2673.663333296776
,,,,,2673.6733335256577
,,,,,2673.683333516121
,,,,,2673.693333506584
,,,,,2673.7033334970474
,,,,,2673.7133334875107
,,,,,2673.7233334779744
,,,,,2673.733333468437
,,,,,2673.7433334589005
,,,,,2673.7533334493633
,,,,,2673.763333439827
,,,,,2673.77333343029
,,,,,2673.783333420754
,,,,,2673.7933334112167
,,,,,2673.80333340168
,,,,,2673.8133333921432
,,,,,2673.8233333826065
,,,,,2673.8333333730698
,,,,,2673.843333363533
,,,,,2673.8533333539963
,,,,,2673.8633333444595
,,,,,2673.8733333349232
,,,,,2673.883333325386
,,,,,2673.8933333158493
,,,,,2673.89833343029
,,,,,2673.9033333063126
,,,,,2673.9233335256577
,,,,,2673.933333516121
,,,,,2673.943333506584
,,,,,2673.9533334970474
,,,,,2673.9633334875107
,,,,,2673.9733334779744
,,,,,2673.983333468437
,,,,,2673.9933334589005
,,,,,2674.0033334493633
,,,,,2674.013333439827
,,,,,2674.02333343029
,,,,,2674.033333420754
,,,,,2674.0433334112167
,,,,,2674.05333340168
,,,,,2674.0633333921432
,,,,,2674.0733333826065
,,,,,2674.0833333730698
,,,,,2674.093333363533
,,,,,2674.1033333539963
,,,,,2674.1133333444595
,,,,,2674.1233333349232
,,,,,2674.133333325386
,,,,,2674.1433333158493
,,,,,2674.1533333063126
,,,,,2674.163333296776
,,,,,2674.1733335256577
,,,,,2674.183333516121
,,,,,2674.193333506584
,,,,,2674.2033334970474
,,,,,2674.2133334875107
,,,,,2674.2233334779744
,,,,,2674.233333468437
,,,,,2674.2433334589005
,,,,,2674.2533334493633
,,,,,2674.263333439827
,,,,,2674.27333343029
,,,,,2674.283333420754
,,,,,2674.2933334112167
,,,,,2674.30333340168
,,,,,2674.3133333921432
,,,,,2674.3233333826065
,,,,,2674.3333333730698
,,,,,2674.343333363533
,,,,,2674.3533333539963
,,,,,2674.3633333444595
,,,,,2674.3733333349232
,,,,,2674.383333325386
,,,,,2674.3933333158493
,,,,,2674.4033333063126
,,,,,2674.413333296776
,,,,,2674.4233335256577
,,,,,2674.433333516121
,,,,,2674.443333506584
,,,,,2674.4533334970474
,,,,,2674.4633334875107
,,,,,2674.4733334779744
,,,,,2674.483333468437
,,,,,2674.4933334589005
,,,,,2674.5033334493633
,,,,,2674.513333439827
,,,,,2674.52333343029
,,,,,2674.533333420754
,,,,,2674.5433334112167
,,,,,2674.55333340168
,,,,,2674.5633333921432
,,,,,2674.5733333826065
,,,,,2674.5833333730698
,,,,,2674.593333363533
,,,,,2674.6033333539963
,,,,,2674.6133333444595
,,,,,2674.6233333349232
,,,,,2674.633333325386
,,,,,2674.6433333158493
,,,,,2674.6533333063126
,,,,,2674.663333296776
,,,,,2674.6733335256577
,,,,,2674.683333516121
,,,,,2674.693333506584
,,,,,2674.7033334970474
,,,,,2674.7133334875107
,,,,,2674.7233334779744
,,,,,2674.733333468437
,,,,,2674.7433334589005
,,,,,2674.7533334493633
,,,,,2674.763333439827
,,,,,2674.77333343029
,,,,,2674.783333420754
,,,,,2674.7933334112167
,,,,,2674.80333340168
,,,,,2674.8133333921432
,,,,,2674.8233333826065
,,,,,2674.8333333730698
,,,,,2674.843333363533
,,,,,2674.8533333539963
,,,,,2674.8633333444595
,,,,,2674.8733333349232
,,,,,2674.883333325386
,,,,,2674.8933333158493
,,,,,2674.89833343029
,,,,,2674.9033333063126
,,,,,2674.9183334112167
,,,,,2674.92833340168
,,,,,2674.9383333921432
,,,,,2674.9483333826065
,,,,,2674.9583333730698
,,,,,2674.968333363533
,,,,,2674.9783333539963
,,,,,2674.9883333444595
,,,,,2674.9983333349232
,,,,,2675.008333325386
,,,,,2675.0183333158493
,,,,,2675.0283333063126
,,,,,2675.038333296776
,,,,,2675.0483335256577
,,,,,2675.058333516121
,,,,,2675.068333506584
,,,,,2675.0783334970474
,,,,,2675.0883334875107
,,,,,2675.0983334779744
,,,,,2675.108333468437
,,,,,2675.1183334589005
,,,,,2675.1283334493633
,,,,,2675.138333439827
,,,,,2675.14833343029
,,,,,2675.158333420754
,,,,,2675.1683334112167
,,,,,2675.17833340168
,,,,,2675.1883333921432
,,,,,2675.1983333826065
,,,,,2675.2083333730698
,,,,,2675.218333363533
,,,,,2675.2283333539963
,,,,,2675.2383333444595
,,,,,2675.2483333349232
,,,,,2675.258333325386
,,,,,2675.2683333158493
,,,,,2675.2783333063126
,,,,,2675.288333296776
,,,,,2675.2983335256577
,,,,,2675.308333516121
,,,,,2675.318333506584
,,,,,2675.3283334970474
,,,,,2675.3383334875107
,,,,,2675.3483334779744
,,,,,2675.358333468437
,,,,,2675.3683334589005
,,,,,2675.3783334493633
,,,,,2675.388333439827
,,,,,2675.39833343029
,,,,,2675.408333420754
,,,,,2675.4183334112167
,,,,,2675.42833340168
,,,,,2675.4383333921432
,,,,,2675.4483333826065
,,,,,2675.4583333730698
,,,,,2675.468333363533
,,,,,2675.4783333539963
,,,,,2675.4883333444595
,,,,,2675.4983333349232
,,,,,2675.508333325386
,,,,,2675.5183333158493
,,,,,2675.5283333063126
,,,,,2675.538333296776
,,,,,2675.5483335256577
,,,,,2675.558333516121
,,,,,2675.568333506584
,,,,,2675.5783334970474
,,,,,2675.5883334875107
,,,,,2675.5983334779744
,,,,,2675.608333468437
,,,,,2675.6183334589005
,,,,,2675.6283334493633
,,,,,2675.638333439827
,,,,,2675.64833343029
,,,,,2675.658333420754
,,,,,2675.6683334112167
,,,,,2675.67833340168
,,,,,2675.6883333921432
,,,,,2675.6983333826065
,,,,,2675.7083333730698
,,,,,2675.718333363533
,,,,,2675.7283333539963
,,,,,2675.7383333444595
,,,,,2675.7483333349232
,,,,,2675.758333325386
,,,,,2675.7683333158493
,,,,,2675.7783333063126
,,,,,2675.788333296776
,,,,,2675.7983335256577
,,,,,2675.808333516121
,,,,,2675.818333506584
,,,,,2675.8283334970474
,,,,,2675.8383334875107
,,,,,2675.8483334779744
,,,,,2675.858333468437
,,,,,2675.8683334589005
,,,,,2675.8783334493633
,,,,,2675.888333439827
,,,,,2675.89833343029
,,,,,2675.9033333063126
,,,,,2675.908333420754
,,,,,2675.9233335256577
,,,,,2675.943333506584
,,,,,2675.9533334970474
,,,,,2675.9633334875107
,,,,,2675.9733334779744
,,,,,2675.983333468437
,,,,,2675.9933334589005
,,,,,2676.0033334493633
,,,,,2676.013333439827
,,,,,2676.02333343029
,,,,,2676.033333420754
,,,,,2676.0433334112167
,,,,,2676.05333340168
,,,,,2676.0633333921432
,,,,,2676.0733333826065
,,,,,2676.0833333730698
,,,,,2676.093333363533
,,,,,2676.1033333539963
,,,,,2676.1133333444595
,,,,,2676.1233333349232
,,,,,2676.133333325386
,,,,,2676.1433333158493
,,,,,2676.1533333063126
,,,,,2676.163333296776
,,,,,2676.1733335256577
,,,,,2676.183333516121
,,,,,2676.193333506584
,,,,,2676.2033334970474
,,,,,2676.2133334875107
,,,,,2676.2233334779744
,,,,,2676.233333468437
,,,,,2676.2433334589005
,,,,,2676.2533334493633
,,,,,2676.263333439827
,,,,,2676.27333343029
,,,,,2676.283333420754
,,,,,2676.2933334112167
,,,,,2676.30333340168
,,,,,2676.3133333921432
,,,,,2676.3233333826065
,,,,,2676.3333333730698
,,,,,2676.343333363533
,,,,,2676.3533333539963
,,,,,2676.3633333444595
,,,,,2676.3733333349232
,,,,,2676.383333325386
,,,,,2676.3933333158493
,,,,,2676.4033333063126
,,,,,2676.413333296776
,,,,,2676.4233335256577
,,,,,2676.433333516121
,,,,,2676.443333506584
,,,,,2676.4533334970474
,,,,,2676.4633334875107
,,,,,2676.4733334779744
,,,,,2676.483333468437
,,,,,2676.4933334589005
,,,,,2676.5033334493633
,,,,,2676.513333439827
,,,,,2676.52333343029
,,,,,2676.533333420754
,,,,,2676.5433334112167
,,,,,2676.55333340168
,,,,,2676.5633333921432
,,,,,2676.5733333826065
,,,,,2676.5833333730698
,,,,,2676.593333363533
,,,,,2676.6033333539963
,,,,,2676.6133333444595
,,,,,2676.6233333349232
,,,,,2676.633333325386
,,,,,2676.6433333158493
,,,,,2676.6533333063126
,,,,,2676.663333296776
,,,,,2676.6733335256577
,,,,,2676.683333516121
,,,,,2676.693333506584
,,,,,2676.7033334970474
,,,,,2676.7133334875107
,,,,,2676.7233334779744
,,,,,2676.733333468437
,,,,,2676.7433334589005
,,,,,2676.7533334493633
,,,,,2676.763333439827
,,,,,2676.77333343029
,,,,,2676.783333420754
,,,,,2676.7933334112167
,,,,,2676.80333340168
,,,,,2676.8133333921432
,,,,,2676.8233333826065
,,,,,2676.8333333730698
,,,,,2676.843333363533
,,,,,2676.8533333539963
,,,,,2676.8633333444595
,,,,,2676.8733333349232
,,,,,2676.883333325386
,,,,,2676.8933333158493
,,,,,2676.9033333063126
,,,,,2676.908333420754
,,,,,2676.913333296776
,,,,,2676.92833340168
,,,,,2676.9383333921432
,,,,,2676.9483333826065
,,,,,2676.9583333730698
,,,,,2676.968333363533
,,,,,2676.9783333539963
,,,,,2676.9883333444595
,,,,,2676.9983333349232
,,,,,2677.008333325386
,,,,,2677.0183333158493
,,,,,2677.0283333063126
,,,,,2677.038333296776
,,,,,2677.0483335256577
,,,,,2677.058333516121
,,,,,2677.068333506584
,,,,,2677.0783334970474
,,,,,2677.0883334875107
,,,,,2677.0983334779744
,,,,,2677.108333468437
,,,,,2677.1183334589005
,,,,,2677.1283334493633
,,,,,2677.138333439827
,,,,,2677.14833343029
,,,,,2677.158333420754
,,,,,2677.1683334112167
,,,,,2677.17833340168
,,,,,2677.1883333921432
,,,,,2677.1983333826065
,,,,,2677.2083333730698
,,,,,2677.218333363533
,,,,,2677.2283333539963
,,,,,2677.2383333444595
,,,,,2677.2483333349232
,,,,,2677.258333325386
,,,,,2677.2683333158493
,,,,,2677.2783333063126
,,,,,2677.288333296776
,,,,,2677.2983335256577
,,,,,2677.308333516121
,,,,,2677.318333506584
,,,,,2677.3283334970474
,,,,,2677.3383334875107
,,,,,2677.3483334779744
,,,,,2677.358333468437
,,,,,2677.3683334589005
,,,,,2677.3783334493633
,,,,,2677.388333439827
,,,,,2677.39833343029
,,,,,2677.408333420754
,,,,,2677.4183334112167
,,,,,2677.42833340168
,,,,,2677.4383333921432
,,,,,2677.4483333826065
,,,,,2677.4583333730698
,,,,,2677.468333363533
,,,,,2677.4783333539963
,,,,,2677.4883333444595
,,,,,2677.4983333349232
,,,,,2677.508333325386
,,,,,2677.5183333158493
,,,,,2677.5283333063126
,,,,,2677.538333296776
,,,,,2677.5483335256577
,,,,,2677.558333516121
,,,,,2677.568333506584
,,,,,2677.5783334970474
,,,,,2677.5883334875107
,,,,,2677.5983334779744
,,,,,2677.608333468437
,,,,,2677.6183334589005
,,,,,2677.6283334493633
,,,,,2677.638333439827
,,,,,2677.64833343029
,,,,,2677.658333420754
,,,,,2677.6683334112167
,,,,,2677.67833340168
,,,,,2677.6883333921432
,,,,,2677.6983333826065
,,,,,2677.7083333730698
,,,,,2677.718333363533
,,,,,2677.7283333539963
,,,,,2677.7383333444595
,,,,,2677.7483333349232
,,,,,2677.758333325386
,,,,,2677.7683333158493
,,,,,2677.7783333063126
,,,,,2677.788333296776
,,,,,2677.7983335256577
,,,,,2677.808333516121
,,,,,2677.818333506584
,,,,,2677.8283334970474
,,,,,2677.8383334875107
,,,,,2677.8483334779744
,,,,,2677.858333468437
,,,,,2677.8683334589005
,,,,,2677.8783334493633
,,,,,2677.888333439827
,,,,,2677.89833343029
,,,,,2677.908333420754
,,,,,2677.913333296776
,,,,,2677.9183334112167
,,,,,2677.933333516121
,,,,,2677.943333506584
,,,,,2677.9533334970474
,,,,,2677.9633334875107
,,,,,2677.9733334779744
,,,,,2677.983333468437
,,,,,2677.9933334589005
,,,,,2678.0033334493633
,,,,,2678.013333439827
,,,,,2678.02333343029
,,,,,2678.033333420754
,,,,,2678.0433334112167
,,,,,2678.05333340168
,,,,,2678.0633333921432
,,,,,2678.0733333826065
,,,,,2678.0833333730698
,,,,,2678.093333363533
,,,,,2678.1033333539963
,,,,,2678.1133333444595
,,,,,2678.1233333349232
,,,,,2678.133333325386
,,,,,2678.1433333158493
,,,,,2678.1533333063126
,,,,,2678.163333296776
,,,,,2678.1733335256577
,,,,,2678.183333516121
,,,,,2678.193333506584
,,,,,2678.2033334970474
,,,,,2678.2133334875107
,,,,,2678.2233334779744
,,,,,2678.233333468437
,,,,,2678.2433334589005
,,,,,2678.2533334493633
,,,,,2678.263333439827
,,,,,2678.27333343029
,,,,,2678.283333420754
,,,,,2678.2933334112167
,,,,,2678.30333340168
,,,,,2678.3133333921432
,,,,,2678.3233333826065
,,,,,2678.3333333730698
,,,,,2678.343333363533
,,,,,2678.3533333539963
,,,,,2678.3633333444595
,,,,,2678.3733333349232
,,,,,2678.383333325386
,,,,,2678.3933333158493
,,,,,2678.4033333063126
,,,,,2678.413333296776
,,,,,2678.4233335256577
,,,,,2678.433333516121
,,,,,2678.443333506584
,,,,,2678.4533334970474
,,,,,2678.4633334875107
,,,,,2678.4733334779744
,,,,,2678.483333468437
,,,,,2678.4933334589005
,,,,,2678.5033334493633
,,,,,2678.513333439827
,,,,,2678.52333343029
,,,,,2678.533333420754
,,,,,2678.5433334112167
,,,,,2678.55333340168
,,,,,2678.5633333921432
,,,,,2678.5733333826065
,,,,,2678.5833333730698
,,,,,2678.593333363533
,,,,,2678.6033333539963
,,,,,2678.6133333444595
,,,,,2678.6233333349232
,,,,,2678.633333325386
,,,,,2678.6433333158493
,,,,,2678.6533333063126
,,,,,2678.663333296776
,,,,,2678.6733335256577
,,,,,2678.683333516121
,,,,,2678.693333506584
,,,,,2678.7033334970474
,,,,,2678.7133334875107
,,,,,2678.7233334779744
,,,,,2678.733333468437
,,,,,2678.7433334589005
,,,,,2678.7533334493633
,,,,,2678.763333439827
,,,,,2678.77333343029
,,,,,2678.783333420754
,,,,,2678.7933334112167
,,,,,2678.80333340168
,,,,,2678.8133333921432
,,,,,2678.8233333826065
,,,,,2678.8333333730698
,,,,,2678.843333363533
,,,,,2678.8533333539963
,,,,,2678.8633333444595
,,,,,2678.8733333349232
,,,,,2678.883333325386
,,,,,2678.8933333158493
,,,,,2678.9033333063126
,,,,,2678.913333296776
,,,,,2678.9183334112167
,,,,,2678.9233335256577
,,,,,2678.9383333921432
,,,,,2678.9483333826065
,,,,,2678.9583333730698
,,,,,2678.968333363533
,,,,,2678.9783333539963
,,,,,2678.9883333444595
,,,,,2678.9983333349232
,,,,,2679.008333325386
,,,,,2679.0183333158493
,,,,,2679.0283333063126
,,,,,2679.038333296776
,,,,,2679.0483335256577
,,,,,2679.058333516121
,,,,,2679.068333506584
,,,,,2679.0783334970474
,,,,,2679.0883334875107
,,,,,2679.0983334779744
,,,,,2679.108333468437
,,,,,2679.1183334589005
,,,,,2679.1283334493633
,,,,,2679.138333439827
,,,,,2679.14833343029
,,,,,2679.158333420754
,,,,,2679.1683334112167
,,,,,2679.17833340168
,,,,,2679.1883333921432
,,,,,2679.1983333826065
,,,,,2679.2083333730698
,,,,,2679.218333363533
,,,,,2679.2283333539963
,,,,,2679.2383333444595
,,,,,2679.2483333349232
,,,,,2679.258333325386
,,,,,2679.2683333158493
,,,,,2679.2783333063126
,,,,,2679.288333296776
,,,,,2679.2983335256577
,,,,,2679.308333516121
,,,,,2679.318333506584
,,,,,2679.3283334970474
,,,,,2679.3383334875107
,,,,,2679.3483334779744
,,,,,2679.358333468437
,,,,,2679.3683334589005
,,,,,2679.3783334493633
,,,,,2679.388333439827
,,,,,2679.39833343029
,,,,,2679.408333420754
,,,,,2679.4183334112167
,,,,,2679.42833340168
,,,,,2679.4383333921432
,,,,,2679.4483333826065
,,,,,2679.4583333730698
,,,,,2679.468333363533
,,,,,2679.4783333539963
,,,,,2679.4883333444595
,,,,,2679.4983333349232
,,,,,2679.508333325386
,,,,,2679.5183333158493
,,,,,2679.5283333063126
,,,,,2679.538333296776
,,,,,2679.5483335256577
,,,,,2679.558333516121
,,,,,2679.568333506584
,,,,,2679.5783334970474
,,,,,2679.5883334875107
,,,,,2679.5983334779744
,,,,,2679.608333468437
,,,,,2679.6183334589005
,,,,,2679.6283334493633
,,,,,2679.638333439827
,,,,,2679.64833343029
,,,,,2679.658333420754
,,,,,2679.6683334112167
,,,,,2679.67833340168
,,,,,2679.6883333921432
,,,,,2679.6983333826065
,,,,,2679.7083333730698
,,,,,2679.718333363533
,,,,,2679.7283333539963
,,,,,2679.7383333444595
,,,,,2679.7483333349232
,,,,,2679.758333325386
,,,,,2679.7683333158493
,,,,,2679.7783333063126
,,,,,2679.788333296776
,,,,,2679.7983335256577
,,,,,2679.808333516121
,,,,,2679.818333506584
,,,,,2679.8283334970474
,,,,,2679.8383334875107
,,,,,2679.8483334779744
,,,,,2679.858333468437
,,,,,2679.8683334589005
,,,,,2679.8783334493633
,,,,,2679.888333439827
,,,,,2679.89833343029
,,,,,2679.908333420754
,,,,,2679.9183334112167
,,,,,2679.9233335256577
,,,,,2679.92833340168
,,,,,2679.943333506584
,,,,,2679.9533334970474
,,,,,2679.9633334875107
,,,,,2679.9733334779744
,,,,,2679.983333468437
,,,,,2679.9933334589005
,,,,,2680.0033334493633
,,,,,2680.013333439827
,,,,,2680.02333343029
,,,,,2680.033333420754
,,,,,2680.0433334112167
,,,,,2680.05333340168
,,,,,2680.0633333921432
,,,,,2680.0733333826065
,,,,,2680.0833333730698
,,,,,2680.093333363533
,,,,,2680.1033333539963
,,,,,2680.1133333444595
,,,,,2680.1233333349232
,,,,,2680.133333325386
,,,,,2680.1433333158493
,,,,,2680.1533333063126
,,,,,2680.163333296776
,,,,,2680.1733335256577
,,,,,2680.183333516121
,,,,,2680.193333506584
,,,,,2680.2033334970474
,,,,,2680.2133334875107
,,,,,2680.2233334779744
,,,,,2680.233333468437
,,,,,2680.2433334589005
,,,,,2680.2533334493633
,,,,,2680.263333439827
,,,,,2680.27333343029
,,,,,2680.283333420754
,,,,,2680.2933334112167
,,,,,2680.30333340168
,,,,,2680.3133333921432
,,,,,2680.3233333826065
,,,,,2680.3333333730698
,,,,,2680.343333363533
,,,,,2680.3533333539963
,,,,,2680.3633333444595
,,,,,2680.3733333349232
,,,,,2680.383333325386
,,,,,2680.3933333158493
,,,,,2680.4033333063126
,,,,,2680.413333296776
,,,,,2680.4233335256577
,,,,,2680.433333516121
,,,,,2680.443333506584
,,,,,2680.4533334970474
,,,,,2680.4633334875107
,,,,,2680.4733334779744
,,,,,2680.483333468437
,,,,,2680.4933334589005
,,,,,2680.5033334493633
,,,,,2680.513333439827
,,,,,2680.52333343029
,,,,,2680.533333420754
,,,,,2680.5433334112167
,,,,,2680.55333340168
,,,,,2680.5633333921432
,,,,,2680.5733333826065
,,,,,2680.5833333730698
,,,,,2680.593333363533
,,,,,2680.6033333539963
,,,,,2680.6133333444595
,,,,,2680.6233333349232
,,,,,2680.633333325386
,,,,,2680.6433333158493
,,,,,2680.6533333063126
,,,,,2680.663333296776
,,,,,2680.6733335256577
,,,,,2680.683333516121
,,,,,2680.693333506584
,,,,,2680.7033334970474
,,,,,2680.7133334875107
,,,,,2680.7233334779744
,,,,,2680.733333468437
,,,,,2680.7433334589005
,,,,,2680.7533334493633
,,,,,2680.763333439827
,,,,,2680.77333343029
,,,,,2680.783333420754
,,,,,2680.7933334112167
,,,,,2680.80333340168
,,,,,2680.8133333921432
,,,,,2680.8233333826065
,,,,,2680.8333333730698
,,,,,2680.843333363533
,,,,,2680.8533333539963
,,,,,2680.8633333444595
,,,,,2680.8733333349232
,,,,,2680.883333325386
,,,,,2680.8933333158493
,,,,,2680.9033333063126
,,,,,2680.913333296776
,,,,,2680.9233335256577
,,,,,2680.92833340168
,,,,,2680.933333516121
,,,,,2680.9483333826065
,,,,,2680.968333363533
,,,,,2680.9783333539963
,,,,,2680.9883333444595
,,,,,2680.9983333349232
,,,,,2681.008333325386
,,,,,2681.0183333158493
,,,,,2681.0283333063126
,,,,,2681.038333296776
,,,,,2681.0483335256577
,,,,,2681.058333516121
,,,,,2681.068333506584
,,,,,2681.0783334970474
,,,,,2681.0883334875107
,,,,,2681.0983334779744
,,,,,2681.108333468437
,,,,,2681.1183334589005
,,,,,2681.1283334493633
,,,,,2681.138333439827
,,,,,2681.14833343029
,,,,,2681.158333420754
,,,,,2681.1683334112167
,,,,,2681.17833340168
,,,,,2681.1883333921432
,,,,,2681.1983333826065
,,,,,2681.2083333730698
,,,,,2681.218333363533
,,,,,2681.2283333539963
,,,,,2681.2383333444595
,,,,,2681.2483333349232
,,,,,2681.258333325386
,,,,,2681.2683333158493
,,,,,2681.2783333063126
,,,,,2681.288333296776
,,,,,2681.2983335256577
,,,,,2681.308333516121
,,,,,2681.318333506584
,,,,,2681.3283334970474
,,,,,2681.3383334875107
,,,,,2681.3483334779744
,,,,,2681.358333468437
,,,,,2681.3683334589005
,,,,,2681.3783334493633
,,,,,2681.388333439827
,,,,,2681.39833343029
,,,,,2681.408333420754
,,,,,2681.4183334112167
,,,,,2681.42833340168
,,,,,2681.4383333921432
,,,,,2681.4483333826065
,,,,,2681.4583333730698
,,,,,2681.468333363533
,,,,,2681.4783333539963
,,,,,2681.4883333444595
,,,,,2681.4983333349232
,,,,,2681.508333325386
,,,,,2681.5183333158493
,,,,,2681.5283333063126
,,,,,2681.538333296776
,,,,,2681.5483335256577
,,,,,2681.558333516121
,,,,,2681.568333506584
,,,,,2681.5783334970474
,,,,,2681.5883334875107
,,,,,2681.5983334779744
,,,,,2681.608333468437
,,,,,2681.6183334589005
,,,,,2681.6283334493633
,,,,,2681.638333439827
,,,,,2681.64833343029
,,,,,2681.658333420754
,,,,,2681.6683334112167
,,,,,2681.67833340168
,,,,,2681.6883333921432
,,,,,2681.6983333826065
,,,,,2681.7083333730698
,,,,,2681.718333363533
,,,,,2681.7283333539963
,,,,,2681.7383333444595
,,,,,2681.7483333349232
,,,,,2681.758333325386
,,,,,2681.7683333158493
,,,,,2681.7783333063126
,,,,,2681.788333296776
,,,,,2681.7983335256577
,,,,,2681.808333516121
,,,,,2681.818333506584
,,,,,2681.8283334970474
,,,,,2681.8383334875107
,,,,,2681.8483334779744
,,,,,2681.858333468437
,,,,,2681.8683334589005
,,,,,2681.8783334493633
,,,,,2681.888333439827
,,,,,2681.89833343029
,,,,,2681.908333420754
,,,,,2681.9183334112167
,,,,,2681.92833340168
,,,,,2681.933333516121
,,,,,2681.9383333921432
,,,,,2681.9583333730698
,,,,,2681.968333363533
,,,,,2681.9783333539963
,,,,,2681.9883333444595
,,,,,2681.9983333349232
,,,,,2682.008333325386
,,,,,2682.0183333158493
,,,,,2682.0283333063126
,,,,,2682.038333296776
,,,,,2682.0483335256577
,,,,,2682.058333516121
,,,,,2682.068333506584
,,,,,2682.0783334970474
,,,,,2682.0883334875107
,,,,,2682.0983334779744
,,,,,2682.108333468437
,,,,,2682.1183334589005
,,,,,2682.1283334493633
,,,,,2682.138333439827
,,,,,2682.14833343029
,,,,,2682.158333420754
,,,,,2682.1683334112167
,,,,,2682.17833340168
,,,,,2682.1883333921432
,,,,,2682.1983333826065
,,,,,2682.2083333730698
,,,,,2682.218333363533
,,,,,2682.2283333539963
,,,,,2682.2383333444595
,,,,,2682.2483333349232
,,,,,2682.258333325386
,,,,,2682.2683333158493
,,,,,2682.2783333063126
,,,,,2682.288333296776
,,,,,2682.2983335256577
,,,,,2682.308333516121
,,,,,2682.318333506584
,,,,,2682.3283334970474
,,,,,2682.3383334875107
,,,,,2682.3483334779744
,,,,,2682.358333468437
,,,,,2682.3683334589005
,,,,,2682.3783334493633
,,,,,2682.388333439827
,,,,,2682.39833343029
,,,,,2682.408333420754
,,,,,2682.4183334112167
,,,,,2682.42833340168
,,,,,2682.4383333921432
,,,,,2682.4483333826065
,,,,,2682.4583333730698
,,,,,2682.468333363533
,,,,,2682.4783333539963
,,,,,2682.4883333444595
,,,,,2682.4983333349232
,,,,,2682.508333325386
,,,,,2682.5183333158493
,,,,,2682.5283333063126
,,,,,2682.538333296776
,,,,,2682.5483335256577
,,,,,2682.558333516121
,,,,,2682.568333506584
,,,,,2682.5783334970474
,,,,,2682.5883334875107
,,,,,2682.5983334779744
,,,,,2682.608333468437
,,,,,2682.6183334589005
,,,,,2682.6283334493633
,,,,,2682.638333439827
,,,,,2682.64833343029
,,,,,2682.658333420754
,,,,,2682.6683334112167
,,,,,2682.67833340168
,,,,,2682.6883333921432
,,,,,2682.6983333826065
,,,,,2682.7083333730698
,,,,,2682.718333363533
,,,,,2682.7283333539963
,,,,,2682.7383333444595
,,,,,2682.7483333349232
,,,,,2682.758333325386
,,,,,2682.7683333158493
,,,,,2682.7783333063126
,,,,,2682.788333296776
,,,,,2682.7983335256577
,,,,,2682.808333516121
,,,,,2682.818333506584
,,,,,2682.8283334970474
,,,,,2682.8383334875107
,,,,,2682.8483334779744
,,,,,2682.858333468437
,,,,,2682.8683334589005
,,,,,2682.8783334493633
,,,,,2682.888333439827
,,,,,2682.89833343029
,,,,,2682.908333420754
,,,,,2682.9183334112167
,,,,,2682.92833340168
,,,,,2682.933333516121
,,,,,2682.9383333921432
,,,,,2682.9583333730698
,,,,,2682.968333363533
,,,,,2682.9783333539963
,,,,,2682.9883333444595
,,,,,2682.9983333349232
,,,,,2683.008333325386
,,,,,2683.0183333158493
,,,,,2683.0283333063126
,,,,,2683.038333296776
,,,,,2683.0483335256577
,,,,,2683.058333516121
,,,,,2683.068333506584
,,,,,2683.0783334970474
,,,,,2683.0883334875107
,,,,,2683.0983334779744
,,,,,2683.108333468437
,,,,,2683.1183334589005
,,,,,2683.1283334493633
,,,,,2683.138333439827
,,,,,2683.14833343029
,,,,,2683.158333420754
,,,,,2683.1683334112167
,,,,,2683.17833340168
,,,,,2683.1883333921432
,,,,,2683.1983333826065
,,,,,2683.2083333730698
,,,,,2683.218333363533
,,,,,2683.2283333539963
,,,,,2683.2383333444595
,,,,,2683.2483333349232
,,,,,2683.258333325386
,,,,,2683.2683333158493
,,,,,2683.2783333063126
,,,,,2683.288333296776
,,,,,2683.2983335256577
,,,,,2683.308333516121
,,,,,2683.318333506584
,,,,,2683.3283334970474
,,,,,2683.3383334875107
,,,,,2683.3483334779744
,,,,,2683.358333468437
,,,,,2683.3683334589005
,,,,,2683.3783334493633
,,,,,2683.388333439827
,,,,,2683.39833343029
,,,,,2683.408333420754
,,,,,2683.4183334112167
,,,,,2683.42833340168
,,,,,2683.4383333921432
,,,,,2683.4483333826065
,,,,,2683.4583333730698
,,,,,2683.468333363533
,,,,,2683.4783333539963
,,,,,2683.4883333444595
,,,,,2683.4983333349232
,,,,,2683.508333325386
,,,,,2683.5183333158493
,,,,,2683.5283333063126
,,,,,2683.538333296776
,,,,,2683.5483335256577
,,,,,2683.558333516121
,,,,,2683.568333506584
,,,,,2683.5783334970474
,,,,,2683.5883334875107
,,,,,2683.5983334779744
,,,,,2683.608333468437
,,,,,2683.6183334589005
,,,,,2683.6283334493633
,,,,,2683.638333439827
,,,,,2683.64833343029
,,,,,2683.658333420754
,,,,,2683.6683334112167
,,,,,2683.67833340168
,,,,,2683.6883333921432
,,,,,2683.6983333826065
,,,,,2683.7083333730698
,,,,,2683.718333363533
,,,,,2683.7283333539963
,,,,,2683.7383333444595
,,,,,2683.7483333349232
,,,,,2683.758333325386
,,,,,2683.7683333158493
,,,,,2683.7783333063126
,,,,,2683.788333296776
,,,,,2683.7983335256577
,,,,,2683.808333516121
,,,,,2683.818333506584
,,,,,2683.8283334970474
,,,,,2683.8383334875107
,,,,,2683.8483334779744
,,,,,2683.858333468437
,,,,,2683.8683334589005
,,,,,2683.8783334493633
,,,,,2683.888333439827
,,,,,2683.89833343029
,,,,,2683.908333420754
,,,,,2683.9183334112167
,,,,,2683.92833340168
,,,,,2683.933333516121
,,,,,2683.9383333921432
,,,,,2683.9583333730698
,,,,,2683.968333363533
,,,,,2683.9783333539963
,,,,,2683.9883333444595
,,,,,2683.9983333349232
,,,,,2684.008333325386
,,,,,2684.0183333158493
,,,,,2684.0283333063126
,,,,,2684.038333296776
,,,,,2684.0483335256577
,,,,,2684.058333516121
,,,,,2684.068333506584
,,,,,2684.0783334970474
,,,,,2684.0883334875107
,,,,,2684.0983334779744
,,,,,2684.108333468437
,,,,,2684.1183334589005
,,,,,2684.1283334493633
,,,,,2684.138333439827
,,,,,2684.14833343029
,,,,,2684.158333420754
,,,,,2684.1683334112167
,,,,,2684.17833340168
,,,,,2684.1883333921432
,,,,,2684.1983333826065
,,,,,2684.2083333730698
,,,,,2684.218333363533
,,,,,2684.2283333539963
,,,,,2684.2383333444595
,,,,,2684.2483333349232
,,,,,2684.258333325386
,,,,,2684.2683333158493
,,,,,2684.2783333063126
,,,,,2684.288333296776
,,,,,2684.2983335256577
,,,,,2684.308333516121
,,,,,2684.318333506584
,,,,,2684.3283334970474
,,,,,2684.3383334875107
,,,,,2684.3483334779744
,,,,,2684.358333468437
,,,,,2684.3683334589005
,,,,,2684.3783334493633
,,,,,2684.388333439827
,,,,,2684.39833343029
,,,,,2684.408333420754
,,,,,2684.4183334112167
,,,,,2684.42833340168
,,,,,2684.4383333921432
,,,,,2684.4483333826065
,,,,,2684.4583333730698
,,,,,2684.468333363533
,,,,,2684.4783333539963
,,,,,2684.4883333444595
,,,,,2684.4983333349232
,,,,,2684.508333325386
,,,,,2684.5183333158493
,,,,,2684.5283333063126
,,,,,2684.538333296776
,,,,,2684.5483335256577
,,,,,2684.558333516121
,,,,,2684.568333506584
,,,,,2684.5783334970474
,,,,,2684.5883334875107
,,,,,2684.5983334779744
,,,,,2684.608333468437
,,,,,2684.6183334589005
,,,,,2684.6283334493633
,,,,,2684.638333439827
,,,,,2684.64833343029
,,,,,2684.658333420754
,,,,,2684.6683334112167
,,,,,2684.67833340168
,,,,,2684.6883333921432
,,,,,2684.6983333826065
,,,,,2684.7083333730698
,,,,,2684.718333363533
,,,,,2684.7283333539963
,,,,,2684.7383333444595
,,,,,2684.7483333349232
,,,,,2684.758333325386
,,,,,2684.7683333158493
,,,,,2684.7783333063126
,,,,,2684.788333296776
,,,,,2684.7983335256577
,,,,,2684.808333516121
,,,,,2684.818333506584
,,,,,2684.8283334970474
,,,,,2684.8383334875107
,,,,,2684.8483334779744
,,,,,2684.858333468437
,,,,,2684.8683334589005
,,,,,2684.8783334493633
,,,,,2684.888333439827
,,,,,2684.89833343029
,,,,,2684.908333420754
,,,,,2684.9183334112167
,,,,,2684.92833340168
,,,,,2684.933333516121
,,,,,2684.9383333921432
,,,,,2684.9583333730698
,,,,,2684.968333363533
,,,,,2684.9783333539963
,,,,,2684.9883333444595
,,,,,2684.9983333349232
,,,,,2685.008333325386
,,,,,2685.0183333158493
,,,,,2685.0283333063126
,,,,,2685.038333296776
,,,,,2685.0483335256577
,,,,,2685.058333516121
,,,,,2685.068333506584
,,,,,2685.0783334970474
,,,,,2685.0883334875107
,,,,,2685.0983334779744
,,,,,2685.108333468437
,,,,,2685.1183334589005
,,,,,2685.1283334493633
,,,,,2685.138333439827
,,,,,2685.14833343029
,,,,,2685.158333420754
,,,,,2685.1683334112167
,,,,,2685.17833340168
,,,,,2685.1883333921432
,,,,,2685.1983333826065
,,,,,2685.2083333730698
,,,,,2685.218333363533
,,,,,2685.2283333539963
,,,,,2685.2383333444595
,,,,,2685.2483333349232
,,,,,2685.258333325386
,,,,,2685.2683333158493
,,,,,2685.2783333063126
,,,,,2685.288333296776
,,,,,2685.2983335256577
,,,,,2685.308333516121
,,,,,2685.318333506584
,,,,,2685.3283334970474
,,,,,2685.3383334875107
,,,,,2685.3483334779744
,,,,,2685.358333468437
,,,,,2685.3683334589005
,,,,,2685.3783334493633
,,,,,2685.388333439827
,,,,,2685.39833343029
,,,,,2685.408333420754
,,,,,2685.4183334112167
,,,,,2685.42833340168
,,,,,2685.4383333921432
,,,,,2685.4483333826065
,,,,,2685.4583333730698
,,,,,2685.468333363533
,,,,,2685.4783333539963
,,,,,2685.4883333444595
,,,,,2685.4983333349232
,,,,,2685.508333325386
,,,,,2685.5183333158493
,,,,,2685.5283333063126
,,,,,2685.538333296776
,,,,,2685.5483335256577
,,,,,2685.558333516121
,,,,,2685.568333506584
,,,,,2685.5783334970474
,,,,,2685.5883334875107
,,,,,2685.5983334779744
,,,,,2685.608333468437
,,,,,2685.6183334589005
,,,,,2685.6283334493633
,,,,,2685.638333439827
,,,,,2685.64833343029
,,,,,2685.658333420754
,,,,,2685.6683334112167
,,,,,2685.67833340168
,,,,,2685.6883333921432
,,,,,2685.6983333826065
,,,,,2685.7083333730698
,,,,,2685.718333363533
,,,,,2685.7283333539963
,,,,,2685.7383333444595
,,,,,2685.7483333349232
,,,,,2685.758333325386
,,,,,2685.7683333158493
,,,,,2685.7783333063126
,,,,,2685.788333296776
,,,,,2685.7983335256577
,,,,,2685.808333516121
,,,,,2685.818333506584
,,,,,2685.8283334970474
,,,,,2685.8383334875107
,,,,,2685.8483334779744
,,,,,2685.858333468437
,,,,,2685.8683334589005
,,,,,2685.8783334493633
,,,,,2685.888333439827
,,,,,2685.89833343029
,,,,,2685.908333420754
,,,,,2685.9183334112167
,,,,,2685.92833340168
,,,,,2685.933333516121
,,,,,2685.9383333921432
,,,,,2685.9583333730698
,,,,,2685.9733334779744
,,,,,2685.983333468437
,,,,,2685.9933334589005
,,,,,2686.0033334493633
,,,,,2686.013333439827
,,,,,2686.02333343029
,,,,,2686.033333420754
,,,,,2686.0433334112167
,,,,,2686.05333340168
,,,,,2686.0633333921432
,,,,,2686.0733333826065
,,,,,2686.0833333730698
,,,,,2686.093333363533
,,,,,2686.1033333539963
,,,,,2686.1133333444595
,,,,,2686.1233333349232
,,,,,2686.133333325386
,,,,,2686.1433333158493
,,,,,2686.1533333063126
,,,,,2686.163333296776
,,,,,2686.1733335256577
,,,,,2686.183333516121
,,,,,2686.193333506584
,,,,,2686.2033334970474
,,,,,2686.2133334875107
,,,,,2686.2233334779744
,,,,,2686.233333468437
,,,,,2686.2433334589005
,,,,,2686.2533334493633
,,,,,2686.263333439827
,,,,,2686.27333343029
,,,,,2686.283333420754
,,,,,2686.2933334112167
,,,,,2686.30333340168
,,,,,2686.3133333921432
,,,,,2686.3233333826065
,,,,,2686.3333333730698
,,,,,2686.343333363533
,,,,,2686.3533333539963
,,,,,2686.3633333444595
,,,,,2686.3733333349232
,,,,,2686.383333325386
,,,,,2686.3933333158493
,,,,,2686.4033333063126
,,,,,2686.413333296776
,,,,,2686.4233335256577
,,,,,2686.433333516121
,,,,,2686.443333506584
,,,,,2686.4533334970474
,,,,,2686.4633334875107
,,,,,2686.4733334779744
,,,,,2686.483333468437
,,,,,2686.4933334589005
,,,,,2686.5033334493633
,,,,,2686.513333439827
,,,,,2686.52333343029
,,,,,2686.533333420754
,,,,,2686.5433334112167
,,,,,2686.55333340168
,,,,,2686.5633333921432
,,,,,2686.5733333826065
,,,,,2686.5833333730698
,,,,,2686.593333363533
,,,,,2686.6033333539963
,,,,,2686.6133333444595
,,,,,2686.6233333349232
,,,,,2686.633333325386
,,,,,2686.6433333158493
,,,,,2686.6533333063126
,,,,,2686.663333296776
,,,,,2686.6733335256577
,,,,,2686.683333516121
,,,,,2686.693333506584
,,,,,2686.7033334970474
,,,,,2686.7133334875107
,,,,,2686.7233334779744
,,,,,2686.733333468437
,,,,,2686.7433334589005
,,,,,2686.7533334493633
,,,,,2686.763333439827
,,,,,2686.77333343029
,,,,,2686.783333420754
,,,,,2686.7933334112167
,,,,,2686.80333340168
,,,,,2686.8133333921432
,,,,,2686.8233333826065
,,,,,2686.8333333730698
,,,,,2686.843333363533
,,,,,2686.8533333539963
,,,,,2686.8633333444595
,,,,,2686.8733333349232
,,,,,2686.883333325386
,,,,,2686.8933333158493
,,,,,2686.9033333063126
,,,,,2686.913333296776
,,,,,2686.9233335256577
,,,,,2686.933333516121
,,,,,2686.9383333921432
,,,,,2686.943333506584
,,,,,2686.9633334875107
,,,,,2686.9733334779744
,,,,,2686.983333468437
,,,,,2686.9933334589005
,,,,,2687.0033334493633
,,,,,2687.013333439827
,,,,,2687.02333343029
,,,,,2687.033333420754
,,,,,2687.0433334112167
,,,,,2687.05333340168
,,,,,2687.0633333921432
,,,,,2687.0733333826065
,,,,,2687.0833333730698
,,,,,2687.093333363533
,,,,,2687.1033333539963
,,,,,2687.1133333444595
,,,,,2687.1233333349232
,,,,,2687.133333325386
,,,,,2687.1433333158493
,,,,,2687.1533333063126
,,,,,2687.163333296776
,,,,,2687.1733335256577
,,,,,2687.183333516121
,,,,,2687.193333506584
,,,,,2687.2033334970474
,,,,,2687.2133334875107
,,,,,2687.2233334779744
,,,,,2687.233333468437
,,,,,2687.2433334589005
,,,,,2687.2533334493633
,,,,,2687.263333439827
,,,,,2687.27333343029
,,,,,2687.283333420754
,,,,,2687.2933334112167
,,,,,2687.30333340168
,,,,,2687.3133333921432
,,,,,2687.3233333826065
,,,,,2687.3333333730698
,,,,,2687.343333363533
,,,,,2687.3533333539963
,,,,,2687.3633333444595
,,,,,2687.3733333349232
,,,,,2687.383333325386
,,,,,2687.3933333158493
,,,,,2687.4033333063126
,,,,,2687.413333296776
,,,,,2687.4233335256577
,,,,,2687.433333516121
,,,,,2687.443333506584
,,,,,2687.4533334970474
,,,,,2687.4633334875107
,,,,,2687.4733334779744
,,,,,2687.483333468437
,,,,,2687.4933334589005
,,,,,2687.5033334493633
,,,,,2687.513333439827
,,,,,2687.52333343029
,,,,,2687.533333420754
,,,,,2687.5433334112167
,,,,,2687.55333340168
,,,,,2687.5633333921432
,,,,,2687.5733333826065
,,,,,2687.5833333730698
,,,,,2687.593333363533
,,,,,2687.6033333539963
,,,,,2687.6133333444595
,,,,,2687.6233333349232
,,,,,2687.633333325386
,,,,,2687.6433333158493
,,,,,2687.6533333063126
,,,,,2687.663333296776
,,,,,2687.6733335256577
,,,,,2687.683333516121
,,,,,2687.693333506584
,,,,,2687.7033334970474
,,,,,2687.7133334875107
,,,,,2687.7233334779744
,,,,,2687.733333468437
,,,,,2687.7433334589005
,,,,,2687.7533334493633
,,,,,2687.763333439827
,,,,,2687.77333343029
,,,,,2687.783333420754
,,,,,2687.7933334112167
,,,,,2687.80333340168
,,,,,2687.8133333921432
,,,,,2687.8233333826065
,,,,,2687.8333333730698
,,,,,2687.843333363533
,,,,,2687.8533333539963
,,,,,2687.8633333444595
,,,,,2687.8733333349232
,,,,,2687.883333325386
,,,,,2687.8933333158493
,,,,,2687.9033333063126
,,,,,2687.913333296776
,,,,,2687.9233335256577
,,,,,2687.933333516121
,,,,,2687.9383333921432
,,,,,2687.943333506584
,,,,,2687.9633334875107
,,,,,2687.9733334779744
,,,,,2687.983333468437
,,,,,2687.9933334589005
,,,,,2688.0033334493633
,,,,,2688.013333439827
,,,,,2688.02333343029
,,,,,2688.033333420754
,,,,,2688.0433334112167
,,,,,2688.05333340168
,,,,,2688.0633333921432
,,,,,2688.0733333826065
,,,,,2688.0833333730698
,,,,,2688.093333363533
,,,,,2688.1033333539963
,,,,,2688.1133333444595
,,,,,2688.1233333349232
,,,,,2688.133333325386
,,,,,2688.1433333158493
,,,,,2688.1533333063126
,,,,,2688.163333296776
,,,,,2688.1733335256577
,,,,,2688.183333516121
,,,,,2688.193333506584
,,,,,2688.2033334970474
,,,,,2688.2133334875107
,,,,,2688.2233334779744
,,,,,2688.233333468437
,,,,,2688.2433334589005
,,,,,2688.2533334493633
,,,,,2688.263333439827
,,,,,2688.27333343029
,,,,,2688.283333420754
,,,,,2688.2933334112167
,,,,,2688.30333340168
,,,,,2688.3133333921432
,,,,,2688.3233333826065
,,,,,2688.3333333730698
,,,,,2688.343333363533
,,,,,2688.3533333539963
,,,,,2688.3633333444595
,,,,,2688.3733333349232
,,,,,2688.383333325386
,,,,,2688.3933333158493
,,,,,2688.4033333063126
,,,,,2688.413333296776
,,,,,2688.4233335256577
,,,,,2688.433333516121
,,,,,2688.443333506584
,,,,,2688.4533334970474
,,,,,2688.4633334875107
,,,,,2688.4733334779744
,,,,,2688.483333468437
,,,,,2688.4933334589005
,,,,,2688.5033334493633
,,,,,2688.513333439827
,,,,,2688.52333343029
,,,,,2688.533333420754
,,,,,2688.5433334112167
,,,,,2688.55333340168
,,,,,2688.5633333921432
,,,,,2688.5733333826065
,,,,,2688.5833333730698
,,,,,2688.593333363533
,,,,,2688.6033333539963
,,,,,2688.6133333444595
,,,,,2688.6233333349232
,,,,,2688.633333325386
,,,,,2688.6433333158493
,,,,,2688.6533333063126
,,,,,2688.663333296776
,,,,,2688.6733335256577
,,,,,2688.683333516121
,,,,,2688.693333506584
,,,,,2688.7033334970474
,,,,,2688.7133334875107
,,,,,2688.7233334779744
,,,,,2688.733333468437
,,,,,2688.7433334589005
,,,,,2688.7533334493633
,,,,,2688.763333439827
,,,,,2688.77333343029
,,,,,2688.783333420754
,,,,,2688.7933334112167
,,,,,2688.80333340168
,,,,,2688.8133333921432
,,,,,2688.8233333826065
,,,,,2688.8333333730698
,,,,,2688.843333363533
,,,,,2688.8533333539963
,,,,,2688.8633333444595
,,,,,2688.8733333349232
,,,,,2688.883333325386
,,,,,2688.8933333158493
,,,,,2688.9033333063126
,,,,,2688.913333296776
,,,,,2688.9233335256577
,,,,,2688.933333516121
,,,,,2688.9383333921432
,,,,,2688.943333506584
,,,,,2688.9633334875107
,,,,,2688.9733334779744
,,,,,2688.983333468437
,,,,,2688.9933334589005
,,,,,2689.0033334493633
,,,,,2689.013333439827
,,,,,2689.02333343029
,,,,,2689.033333420754
,,,,,2689.0433334112167
,,,,,2689.05333340168
,,,,,2689.0633333921432
,,,,,2689.0733333826065
,,,,,2689.0833333730698
,,,,,2689.093333363533
,,,,,2689.1033333539963
,,,,,2689.1133333444595
,,,,,2689.1233333349232
,,,,,2689.133333325386
,,,,,2689.1433333158493
,,,,,2689.1533333063126
,,,,,2689.163333296776
,,,,,2689.1733335256577
,,,,,2689.183333516121
,,,,,2689.193333506584
,,,,,2689.2033334970474
,,,,,2689.2133334875107
,,,,,2689.2233334779744
,,,,,2689.233333468437
,,,,,2689.2433334589005
,,,,,2689.2533334493633
,,,,,2689.263333439827
,,,,,2689.27333343029
,,,,,2689.283333420754
,,,,,2689.2933334112167
,,,,,2689.30333340168
,,,,,2689.3133333921432
,,,,,2689.3233333826065
,,,,,2689.3333333730698
,,,,,2689.343333363533
,,,,,2689.3533333539963
,,,,,2689.3633333444595
,,,,,2689.3733333349232
,,,,,2689.383333325386
,,,,,2689.3933333158493
,,,,,2689.4033333063126
,,,,,2689.413333296776
,,,,,2689.4233335256577
,,,,,2689.433333516121
,,,,,2689.443333506584
,,,,,2689.4533334970474
,,,,,2689.4633334875107
,,,,,2689.4733334779744
,,,,,2689.483333468437
,,,,,2689.4933334589005
,,,,,2689.5033334493633
,,,,,2689.513333439827
,,,,,2689.52333343029
,,,,,2689.533333420754
,,,,,2689.5433334112167
,,,,,2689.55333340168
,,,,,2689.5633333921432
,,,,,2689.5733333826065
,,,,,2689.5833333730698
,,,,,2689.593333363533
,,,,,2689.6033333539963
,,,,,2689.6133333444595
,,,,,2689.6233333349232
,,,,,2689.633333325386
,,,,,2689.6433333158493
,,,,,2689.6533333063126
,,,,,2689.663333296776
,,,,,2689.6733335256577
,,,,,2689.683333516121
,,,,,2689.693333506584
,,,,,2689.7033334970474
,,,,,2689.7133334875107
,,,,,2689.7233334779744
,,,,,2689.733333468437
,,,,,2689.7433334589005
,,,,,2689.7533334493633
,,,,,2689.763333439827
,,,,,2689.77333343029
,,,,,2689.783333420754
,,,,,2689.7933334112167
,,,,,2689.80333340168
,,,,,2689.8133333921432
,,,,,2689.8233333826065
,,,,,2689.8333333730698
,,,,,2689.843333363533
,,,,,2689.8533333539963
,,,,,2689.8633333444595
,,,,,2689.8733333349232
,,,,,2689.883333325386
,,,,,2689.8933333158493
,,,,,2689.9033333063126
,,,,,2689.913333296776
,,,,,2689.9233335256577
,,,,,2689.933333516121
,,,,,2689.9383333921432
,,,,,2689.943333506584
,,,,,2689.9583333730698
,,,,,2689.968333363533
,,,,,2689.9783333539963
,,,,,2689.9883333444595
,,,,,2689.9983333349232
,,,,,2690.008333325386
,,,,,2690.0183333158493
,,,,,2690.0283333063126
,,,,,2690.038333296776
,,,,,2690.0483335256577
,,,,,2690.058333516121
,,,,,2690.068333506584
,,,,,2690.0783334970474
,,,,,2690.0883334875107
,,,,,2690.0983334779744
,,,,,2690.108333468437
,,,,,2690.1183334589005
,,,,,2690.1283334493633
,,,,,2690.138333439827
,,,,,2690.14833343029
,,,,,2690.158333420754
,,,,,2690.1683334112167
,,,,,2690.17833340168
,,,,,2690.1883333921432
,,,,,2690.1983333826065
,,,,,2690.2083333730698
,,,,,2690.218333363533
,,,,,2690.2283333539963
,,,,,2690.2383333444595
,,,,,2690.2483333349232
,,,,,2690.258333325386
,,,,,2690.2683333158493
,,,,,2690.2783333063126
,,,,,2690.288333296776
,,,,,2690.2983335256577
,,,,,2690.308333516121
,,,,,2690.318333506584
,,,,,2690.3283334970474
,,,,,2690.3383334875107
,,,,,2690.3483334779744
,,,,,2690.358333468437
,,,,,2690.3683334589005
,,,,,2690.3783334493633
,,,,,2690.388333439827
,,,,,2690.39833343029
,,,,,2690.408333420754
,,,,,2690.4183334112167
,,,,,2690.42833340168
,,,,,2690.4383333921432
,,,,,2690.4483333826065
,,,,,2690.4583333730698
,,,,,2690.468333363533
,,,,,2690.4783333539963
,,,,,2690.4883333444595
,,,,,2690.4983333349232
,,,,,2690.508333325386
,,,,,2690.5183333158493
,,,,,2690.5283333063126
,,,,,2690.538333296776
,,,,,2690.5483335256577
,,,,,2690.558333516121
,,,,,2690.568333506584
,,,,,2690.5783334970474
,,,,,2690.5883334875107
,,,,,2690.5983334779744
,,,,,2690.608333468437
,,,,,2690.6183334589005
,,,,,2690.6283334493633
,,,,,2690.638333439827
,,,,,2690.64833343029
,,,,,2690.658333420754
,,,,,2690.6683334112167
,,,,,2690.67833340168
,,,,,2690.6883333921432
,,,,,2690.6983333826065
,,,,,2690.7083333730698
,,,,,2690.718333363533
,,,,,2690.7283333539963
,,,,,2690.7383333444595
,,,,,2690.7483333349232
,,,,,2690.758333325386
,,,,,2690.7683333158493
,,,,,2690.7783333063126
,,,,,2690.788333296776
,,,,,2690.7983335256577
,,,,,2690.808333516121
,,,,,2690.818333506584
,,,,,2690.8283334970474
,,,,,2690.8383334875107
,,,,,2690.8483334779744
,,,,,2690.858333468437
,,,,,2690.8683334589005
,,,,,2690.8783334493633
,,,,,2690.888333439827
,,,,,2690.89833343029
,,,,,2690.908333420754
,,,,,2690.9183334112167
,,,,,2690.92833340168
,,,,,2690.9383333921432
,,,,,2690.943333506584
,,,,,2690.9483333826065
,,,,,2690.9633334875107
,,,,,2690.983333468437
,,,,,2690.9933334589005
,,,,,2691.0033334493633
,,,,,2691.013333439827
,,,,,2691.02333343029
,,,,,2691.033333420754
,,,,,2691.0433334112167
,,,,,2691.05333340168
,,,,,2691.0633333921432
,,,,,2691.0733333826065
,,,,,2691.0833333730698
,,,,,2691.093333363533
,,,,,2691.1033333539963
,,,,,2691.1133333444595
,,,,,2691.1233333349232
,,,,,2691.133333325386
,,,,,2691.1433333158493
,,,,,2691.1533333063126
,,,,,2691.163333296776
,,,,,2691.1733335256577
,,,,,2691.183333516121
,,,,,2691.193333506584
,,,,,2691.2033334970474
,,,,,2691.2133334875107
,,,,,2691.2233334779744
,,,,,2691.233333468437
,,,,,2691.2433334589005
,,,,,2691.2533334493633
,,,,,2691.263333439827
,,,,,2691.27333343029
,,,,,2691.283333420754
,,,,,2691.2933334112167
,,,,,2691.30333340168
,,,,,2691.3133333921432
,,,,,2691.3233333826065
,,,,,2691.3333333730698
,,,,,2691.343333363533
,,,,,2691.3533333539963
,,,,,2691.3633333444595
,,,,,2691.3733333349232
,,,,,2691.383333325386
,,,,,2691.3933333158493
,,,,,2691.4033333063126
,,,,,2691.413333296776
,,,,,2691.4233335256577
,,,,,2691.433333516121
,,,,,2691.443333506584
,,,,,2691.4533334970474
,,,,,2691.4633334875107
,,,,,2691.4733334779744
,,,,,2691.483333468437
,,,,,2691.4933334589005
,,,,,2691.5033334493633
,,,,,2691.513333439827
,,,,,2691.52333343029
,,,,,2691.533333420754
,,,,,2691.5433334112167
,,,,,2691.55333340168
,,,,,2691.5633333921432
,,,,,2691.5733333826065
,,,,,2691.5833333730698
,,,,,2691.593333363533
,,,,,2691.6033333539963
,,,,,2691.6133333444595
,,,,,2691.6233333349232
,,,,,2691.633333325386
,,,,,2691.6433333158493
,,,,,2691.6533333063126
,,,,,2691.663333296776
,,,,,2691.6733335256577
,,,,,2691.683333516121
,,,,,2691.693333506584
,,,,,2691.7033334970474
,,,,,2691.7133334875107
,,,,,2691.7233334779744
,,,,,2691.733333468437
,,,,,2691.7433334589005
,,,,,2691.7533334493633
,,,,,2691.763333439827
,,,,,2691.77333343029
,,,,,2691.783333420754
,,,,,2691.7933334112167
,,,,,2691.80333340168
,,,,,2691.8133333921432
,,,,,2691.8233333826065
,,,,,2691.8333333730698
,,,,,2691.843333363533
,,,,,2691.8533333539963
,,,,,2691.8633333444595
,,,,,2691.8733333349232
,,,,,2691.883333325386
,,,,,2691.8933333158493
,,,,,2691.9033333063126
,,,,,2691.913333296776
,,,,,2691.9233335256577
,,,,,2691.933333516121
,,,,,2691.943333506584
,,,,,2691.9483333826065
,,,,,2691.9533334970474
,,,,,2691.968333363533
,,,,,2691.9783333539963
,,,,,2691.9883333444595
,,,,,2691.9983333349232
,,,,,2692.008333325386
,,,,,2692.0183333158493
,,,,,2692.0283333063126
,,,,,2692.038333296776
,,,,,2692.0483335256577
,,,,,2692.058333516121
,,,,,2692.068333506584
,,,,,2692.0783334970474
,,,,,2692.0883334875107
,,,,,2692.0983334779744
,,,,,2692.108333468437
,,,,,2692.1183334589005
,,,,,2692.1283334493633
,,,,,2692.138333439827
,,,,,2692.14833343029
,,,,,2692.158333420754
,,,,,2692.1683334112167
,,,,,2692.17833340168
,,,,,2692.1883333921432
,,,,,2692.1983333826065
,,,,,2692.2083333730698
,,,,,2692.218333363533
,,,,,2692.2283333539963
,,,,,2692.2383333444595
,,,,,2692.2483333349232
,,,,,2692.258333325386
,,,,,2692.2683333158493
,,,,,2692.2783333063126
,,,,,2692.288333296776
,,,,,2692.2983335256577
,,,,,2692.308333516121
,,,,,2692.318333506584
,,,,,2692.3283334970474
,,,,,2692.3383334875107
,,,,,2692.3483334779744
,,,,,2692.358333468437
,,,,,2692.3683334589005
,,,,,2692.3783334493633
,,,,,2692.388333439827
,,,,,2692.39833343029
,,,,,2692.408333420754
,,,,,2692.4183334112167
,,,,,2692.42833340168
,,,,,2692.4383333921432
,,,,,2692.4483333826065
,,,,,2692.4583333730698
,,,,,2692.468333363533
,,,,,2692.4783333539963
,,,,,2692.4883333444595
,,,,,2692.4983333349232
,,,,,2692.508333325386
,,,,,2692.5183333158493
,,,,,2692.5283333063126
,,,,,2692.538333296776
,,,,,2692.5483335256577
,,,,,2692.558333516121
,,,,,2692.568333506584
,,,,,2692.5783334970474
,,,,,2692.5883334875107
,,,,,2692.5983334779744
,,,,,2692.608333468437
,,,,,2692.6183334589005
,,,,,2692.6283334493633
,,,,,2692.638333439827
,,,,,2692.64833343029
,,,,,2692.658333420754
,,,,,2692.6683334112167
,,,,,2692.67833340168
,,,,,2692.6883333921432
,,,,,2692.6983333826065
,,,,,2692.7083333730698
,,,,,2692.718333363533
,,,,,2692.7283333539963
,,,,,2692.7383333444595
,,,,,2692.7483333349232
,,,,,2692.758333325386
,,,,,2692.7683333158493
,,,,,2692.7783333063126
,,,,,2692.788333296776
,,,,,2692.7983335256577
,,,,,2692.808333516121
,,,,,2692.818333506584
,,,,,2692.8283334970474
,,,,,2692.8383334875107
,,,,,2692.8483334779744
,,,,,2692.858333468437
,,,,,2692.8683334589005
,,,,,2692.8783334493633
,,,,,2692.888333439827
,,,,,2692.89833343029
,,,,,2692.908333420754
,,,,,2692.9183334112167
,,,,,2692.92833340168
,,,,,2692.9383333921432
,,,,,2692.9483333826065
,,,,,2692.9533334970474
,,,,,2692.9583333730698
,,,,,2692.9733334779744
,,,,,2692.983333468437
,,,,,2692.9933334589005
,,,,,2693.0033334493633
,,,,,2693.013333439827
,,,,,2693.02333343029
,,,,,2693.033333420754
,,,,,2693.0433334112167
,,,,,2693.05333340168
,,,,,2693.0633333921432
,,,,,2693.0733333826065
,,,,,2693.0833333730698
,,,,,2693.093333363533
,,,,,2693.1033333539963
,,,,,2693.1133333444595
,,,,,2693.1233333349232
,,,,,2693.133333325386
,,,,,2693.1433333158493
,,,,,2693.1533333063126
,,,,,2693.163333296776
,,,,,2693.1733335256577
,,,,,2693.183333516121
,,,,,2693.193333506584
,,,,,2693.2033334970474
,,,,,2693.2133334875107
,,,,,2693.2233334779744
,,,,,2693.233333468437
,,,,,2693.2433334589005
,,,,,2693.2533334493633
,,,,,2693.263333439827
,,,,,2693.27333343029
,,,,,2693.283333420754
,,,,,2693.2933334112167
,,,,,2693.30333340168
,,,,,2693.3133333921432
,,,,,2693.3233333826065
,,,,,2693.3333333730698
,,,,,2693.343333363533
,,,,,2693.3533333539963
,,,,,2693.3633333444595
,,,,,2693.3733333349232
,,,,,2693.383333325386
,,,,,2693.3933333158493
,,,,,2693.4033333063126
,,,,,2693.413333296776
,,,,,2693.4233335256577
,,,,,2693.433333516121
,,,,,2693.443333506584
,,,,,2693.4533334970474
,,,,,2693.4633334875107
,,,,,2693.4733334779744
,,,,,2693.483333468437
,,,,,2693.4933334589005
,,,,,2693.5033334493633
,,,,,2693.513333439827
,,,,,2693.52333343029
,,,,,2693.533333420754
,,,,,2693.5433334112167
,,,,,2693.55333340168
,,,,,2693.5633333921432
,,,,,2693.5733333826065
,,,,,2693.5833333730698
,,,,,2693.593333363533
,,,,,2693.6033333539963
,,,,,2693.6133333444595
,,,,,2693.6233333349232
,,,,,2693.633333325386
,,,,,2693.6433333158493
,,,,,2693.6533333063126
,,,,,2693.663333296776
,,,,,2693.6733335256577
,,,,,2693.683333516121
,,,,,2693.693333506584
,,,,,2693.7033334970474
,,,,,2693.7133334875107
,,,,,2693.7233334779744
,,,,,2693.733333468437
,,,,,2693.7433334589005
,,,,,2693.7533334493633
,,,,,2693.763333439827
,,,,,2693.77333343029
,,,,,2693.783333420754
,,,,,2693.7933334112167
,,,,,2693.80333340168
,,,,,2693.8133333921432
,,,,,2693.8233333826065
,,,,,2693.8333333730698
,,,,,2693.843333363533
,,,,,2693.8533333539963
,,,,,2693.8633333444595
,,,,,2693.8733333349232
,,,,,2693.883333325386
,,,,,2693.8933333158493
,,,,,2693.9033333063126
,,,,,2693.913333296776
,,,,,2693.9233335256577
,,,,,2693.933333516121
,,,,,2693.943333506584
,,,,,2693.9533334970474
,,,,,2693.9583333730698
,,,,,2693.9633334875107
,,,,,2693.9783333539963
,,,,,2693.9883333444595
,,,,,2693.9983333349232
,,,,,2694.008333325386
,,,,,2694.0183333158493
,,,,,2694.0283333063126
,,,,,2694.038333296776
,,,,,2694.0483335256577
,,,,,2694.058333516121
,,,,,2694.068333506584
,,,,,2694.0783334970474
,,,,,2694.0883334875107
,,,,,2694.0983334779744
,,,,,2694.108333468437
,,,,,2694.1183334589005
,,,,,2694.1283334493633
,,,,,2694.138333439827
,,,,,2694.14833343029
,,,,,2694.158333420754
,,,,,2694.1683334112167
,,,,,2694.17833340168
,,,,,2694.1883333921432
,,,,,2694.1983333826065
,,,,,2694.2083333730698
,,,,,2694.218333363533
,,,,,2694.2283333539963
,,,,,2694.2383333444595
,,,,,2694.2483333349232
,,,,,2694.258333325386
,,,,,2694.2683333158493
,,,,,2694.2783333063126
,,,,,2694.288333296776
,,,,,2694.2983335256577
,,,,,2694.308333516121
,,,,,2694.318333506584
,,,,,2694.3283334970474
,,,,,2694.3383334875107
,,,,,2694.3483334779744
,,,,,2694.358333468437
,,,,,2694.3683334589005
,,,,,2694.3783334493633
,,,,,2694.388333439827
,,,,,2694.39833343029
,,,,,2694.408333420754
,,,,,2694.4183334112167
,,,,,2694.42833340168
,,,,,2694.4383333921432
,,,,,2694.4483333826065
,,,,,2694.4583333730698
,,,,,2694.468333363533
,,,,,2694.4783333539963
,,,,,2694.4883333444595
,,,,,2694.4983333349232
,,,,,2694.508333325386
,,,,,2694.5183333158493
,,,,,2694.5283333063126
,,,,,2694.538333296776
,,,,,2694.5483335256577
,,,,,2694.558333516121
,,,,,2694.568333506584
,,,,,2694.5783334970474
,,,,,2694.5883334875107
,,,,,2694.5983334779744
,,,,,2694.608333468437
,,,,,2694.6183334589005
,,,,,2694.6283334493633
,,,,,2694.638333439827
,,,,,2694.64833343029
,,,,,2694.658333420754
,,,,,2694.6683334112167
,,,,,2694.67833340168
,,,,,2694.6883333921432
,,,,,2694.6983333826065
,,,,,2694.7083333730698
,,,,,2694.718333363533
,,,,,2694.7283333539963
,,,,,2694.7383333444595
,,,,,2694.7483333349232
,,,,,2694.758333325386
,,,,,2694.7683333158493
,,,,,2694.7783333063126
,,,,,2694.788333296776
,,,,,2694.7983335256577
,,,,,2694.808333516121
,,,,,2694.818333506584
,,,,,2694.8283334970474
,,,,,2694.8383334875107
,,,,,2694.8483334779744
,,,,,2694.858333468437
,,,,,2694.8683334589005
,,,,,2694.8783334493633
,,,,,2694.888333439827
,,,,,2694.89833343029
,,,,,2694.908333420754
,,,,,2694.9183334112167
,,,,,2694.92833340168
,,,,,2694.9383333921432
,,,,,2694.9483333826065
,,,,,2694.9583333730698
,,,,,2694.9633334875107
,,,,,2694.968333363533
,,,,,2694.983333468437
,,,,,2694.9933334589005
