t,q1,q2,q3,q4,time_from_sync
,,,,,1525.001666824023
,,,,,1525.0066667000453
,,,,,1525.0116668144863
,,,,,1525.0166666905086
,,,,,1525.0216668049495
,,,,,1525.0266666809719
,,,,,1525.031666795413
,,,,,1525.0366666714351
,,,,,1525.041666785876
,,,,,1525.0466666618986
,,,,,1525.0516667763393
,,,,,1525.0566666523616
,,,,,1525.0616667668025
,,,,,1525.0666666428249
,,,,,1525.0716667572658
,,,,,1525.0766666332881
,,,,,1525.081666747729
,,,,,1525.0866666237514
,,,,,1525.0916667381923
,,,,,1525.0966666142147
,,,,,1525.1016667286556
,,,,,1525.1066668430965
,,,,,1525.1116667191188
,,,,,1525.1166668335597
,,,,,1525.121666709582
,,,,,1525.126666824023
,,,,,1525.1316667000453
,,,,,1525.1366668144863
,,,,,1525.1416666905086
,,,,,1525.1466668049495
,,,,,1525.1516666809719
,,,,,1525.156666795413
,,,,,1525.1616666714351
,,,,,1525.166666785876
,,,,,1525.1716666618986
,,,,,1525.1766667763393
,,,,,1525.1816666523616
,,,,,1525.1866667668025
,,,,,1525.1916666428249
,,,,,1525.1966667572658
,,,,,1525.2016666332881
,,,,,1525.206666747729
,,,,,1525.2116666237514
,,,,,1525.2166667381923
,,,,,1525.2216666142147
,,,,,1525.2266667286556
,,,,,1525.2316668430965
,,,,,1525.2366667191188
,,,,,1525.2416668335597
,,,,,1525.246666709582
,,,,,1525.251666824023
,,,,,1525.2566667000453
,,,,,1525.2616668144863
,,,,,1525.2666666905086
,,,,,1525.2716668049495
,,,,,1525.2766666809719
,,,,,1525.281666795413
,,,,,1525.2866666714351
,,,,,1525.291666785876
,,,,,1525.2966666618986
,,,,,1525.3016667763393
,,,,,1525.3066666523616
,,,,,1525.3116667668025
,,,,,1525.3166666428249
,,,,,1525.3216667572658
,,,,,1525.3266666332881
,,,,,1525.331666747729
,,,,,1525.3366666237514
,,,,,1525.3416667381923
,,,,,1525.3466666142147
,,,,,1525.3516667286556
,,,,,1525.3566668430965
,,,,,1525.3616667191188
,,,,,1525.3666668335597
,,,,,1525.371666709582
,,,,,1525.376666824023
,,,,,1525.3816667000453
,,,,,1525.3866668144863
,,,,,1525.3916666905086
,,,,,1525.3966668049495
,,,,,1525.4016666809719
,,,,,1525.406666795413
,,,,,1525.4116666714351
,,,,,1525.416666785876
,,,,,1525.4216666618986
,,,,,1525.4266667763393
,,,,,1525.4316666523616
,,,,,1525.4366667668025
,,,,,1525.4416666428249
,,,,,1525.4466667572658
,,,,,1525.4516666332881
,,,,,1525.456666747729
,,,,,1525.4616666237514
,,,,,1525.4666667381923
,,,,,1525.4716666142147
,,,,,1525.4766667286556
,,,,,1525.4816668430965
,,,,,1525.4866667191188
,,,,,1525.4916668335597
,,,,,1525.496666709582
,,,,,1525.501666824023
,,,,,1525.5066667000453
,,,,,1525.5116668144863
,,,,,1525.5166666905086
,,,,,1525.5216668049495
,,,,,1525.5266666809719
,,,,,1525.531666795413
,,,,,1525.5366666714351
,,,,,1525.541666785876
,,,,,1525.5466666618986
,,,,,1525.5516667763393
,,,,,1525.5566666523616
,,,,,1525.5616667668025
,,,,,1525.5666666428249
,,,,,1525.5716667572658
,,,,,1525.5766666332881
,,,,,1525.581666747729
,,,,,1525.5866666237514
,,,,,1525.5916667381923
,,,,,1525.5966666142147
,,,,,1525.6016667286556
,,,,,1525.6066668430965
,,,,,1525.6116667191188
,,,,,1525.6166668335597
,,,,,1525.621666709582
,,,,,1525.626666824023
,,,,,1525.6316667000453
,,,,,1525.6366668144863
,,,,,1525.6416666905086
,,,,,1525.6466668049495
,,,,,1525.6516666809719
,,,,,1525.656666795413
,,,,,1525.6616666714351
,,,,,1525.666666785876
,,,,,1525.6716666618986
,,,,,1525.6766667763393
,,,,,1525.6816666523616
,,,,,1525.6866667668025
,,,,,1525.6916666428249
,,,,,1525.6966667572658
,,,,,1525.7016666332881
,,,,,1525.706666747729
,,,,,1525.7116666237514
,,,,,1525.7166667381923
,,,,,1525.7216666142147
,,,,,1525.7266667286556
,,,,,1525.7316668430965
,,,,,1525.7366667191188
,,,,,1525.7416668335597
,,,,,1525.746666709582
,,,,,1525.751666824023
,,,,,1525.7566667000453
,,,,,1525.7616668144863
,,,,,1525.7666666905086
,,,,,1525.7716668049495
,,,,,1525.7766666809719
,,,,,1525.781666795413
,,,,,1525.7866666714351
,,,,,1525.791666785876
,,,,,1525.7966666618986
,,,,,1525.8016667763393
,,,,,1525.8066666523616
,,,,,1525.8116667668025
,,,,,1525.8166666428249
,,,,,1525.8216667572658
,,,,,1525.8266666332881
,,,,,1525.831666747729
,,,,,1525.8366666237514
,,,,,1525.8416667381923
,,,,,1525.8466666142147
,,,,,1525.8516667286556
,,,,,1525.8566668430965
,,,,,1525.8616667191188
,,,,,1525.8666668335597
,,,,,1525.871666709582
,,,,,1525.876666824023
,,,,,1525.8816667000453
,,,,,1525.8866668144863
,,,,,1525.8916666905086
,,,,,1525.8966668049495
,,,,,1525.9016666809719
,,,,,1525.906666795413
,,,,,1525.9116666714351
,,,,,1525.916666785876
,,,,,1525.9216666618986
,,,,,1525.9266667763393
,,,,,1525.9316666523616
,,,,,1525.9366667668025
,,,,,1525.9416666428249
,,,,,1525.9466667572658
,,,,,1525.9516666332881
,,,,,1525.956666747729
,,,,,1525.9616666237514
,,,,,1525.9666667381923
,,,,,1525.9716666142147
,,,,,1525.9766667286556
,,,,,1525.9816668430965
,,,,,1525.9866667191188
,,,,,1525.9916668335597
,,,,,1525.996666709582
,,,,,1526.001666824023
,,,,,1526.0066667000453
,,,,,1526.0116668144863
,,,,,1526.0166666905086
,,,,,1526.0216668049495
,,,,,1526.0266666809719
,,,,,1526.031666795413
,,,,,1526.0366666714351
,,,,,1526.041666785876
,,,,,1526.0466666618986
,,,,,1526.0516667763393
,,,,,1526.0566666523616
,,,,,1526.0616667668025
,,,,,1526.0666666428249
,,,,,1526.0716667572658
,,,,,1526.0766666332881
,,,,,1526.081666747729
,,,,,1526.0866666237514
,,,,,1526.0916667381923
,,,,,1526.0966666142147
,,,,,1526.1016667286556
,,,,,1526.1066668430965
,,,,,1526.1116667191188
,,,,,1526.1166668335597
,,,,,1526.121666709582
,,,,,1526.126666824023
,,,,,1526.1316667000453
,,,,,1526.1366668144863
,,,,,1526.1416666905086
,,,,,1526.1466668049495
,,,,,1526.1516666809719
,,,,,1526.156666795413
,,,,,1526.1616666714351
,,,,,1526.166666785876
,,,,,1526.1716666618986
,,,,,1526.1766667763393
,,,,,1526.1816666523616
,,,,,1526.1866667668025
,,,,,1526.1916666428249
,,,,,1526.1966667572658
,,,,,1526.2016666332881
,,,,,1526.206666747729
,,,,,1526.2116666237514
,,,,,1526.2166667381923
,,,,,1526.2216666142147
,,,,,1526.2266667286556
,,,,,1526.2316668430965
,,,,,1526.2366667191188
,,,,,1526.2416668335597
,,,,,1526.246666709582
,,,,,1526.251666824023
,,,,,1526.2566667000453
,,,,,1526.2616668144863
,,,,,1526.2666666905086
,,,,,1526.2716668049495
,,,,,1526.2766666809719
,,,,,1526.281666795413
,,,,,1526.2866666714351
,,,,,1526.291666785876
,,,,,1526.2966666618986
,,,,,1526.3016667763393
,,,,,1526.3066666523616
,,,,,1526.3116667668025
,,,,,1526.3166666428249
,,,,,1526.3216667572658
,,,,,1526.3266666332881
,,,,,1526.331666747729
,,,,,1526.3366666237514
,,,,,1526.3416667381923
,,,,,1526.3466666142147
,,,,,1526.3516667286556
,,,,,1526.3566668430965
,,,,,1526.3616667191188
,,,,,1526.3666668335597
,,,,,1526.371666709582
,,,,,1526.376666824023
,,,,,1526.3816667000453
,,,,,1526.3866668144863
,,,,,1526.3916666905086
,,,,,1526.3966668049495
,,,,,1526.4016666809719
,,,,,1526.406666795413
,,,,,1526.4116666714351
,,,,,1526.416666785876
,,,,,1526.4216666618986
,,,,,1526.4266667763393
,,,,,1526.4316666523616
,,,,,1526.4366667668025
,,,,,1526.4416666428249
,,,,,1526.4466667572658
,,,,,1526.4516666332881
,,,,,1526.456666747729
,,,,,1526.4616666237514
,,,,,1526.4666667381923
,,,,,1526.4716666142147
,,,,,1526.4766667286556
,,,,,1526.4816668430965
,,,,,1526.4866667191188
,,,,,1526.4916668335597
,,,,,1526.496666709582
,,,,,1526.501666824023
,,,,,1526.5066667000453
,,,,,1526.5116668144863
,,,,,1526.5166666905086
,,,,,1526.5216668049495
,,,,,1526.5266666809719
,,,,,1526.531666795413
,,,,,1526.5366666714351
,,,,,1526.541666785876
,,,,,1526.5466666618986
,,,,,1526.5516667763393
,,,,,1526.5566666523616
,,,,,1526.5616667668025
,,,,,1526.5666666428249
,,,,,1526.5716667572658
,,,,,1526.5766666332881
,,,,,1526.581666747729
,,,,,1526.5866666237514
,,,,,1526.5916667381923
,,,,,1526.5966666142147
,,,,,1526.6016667286556
,,,,,1526.6066668430965
,,,,,1526.6116667191188
,,,,,1526.6166668335597
,,,,,1526.621666709582
,,,,,1526.626666824023
,,,,,1526.6316667000453
,,,,,1526.6366668144863
,,,,,1526.6416666905086
,,,,,1526.6466668049495
,,,,,1526.6516666809719
,,,,,1526.656666795413
,,,,,1526.6616666714351
,,,,,1526.666666785876
,,,,,1526.6716666618986
,,,,,1526.6766667763393
,,,,,1526.6816666523616
,,,,,1526.6866667668025
,,,,,1526.6916666428249
,,,,,1526.6966667572658
,,,,,1526.7016666332881
,,,,,1526.706666747729
,,,,,1526.7116666237514
,,,,,1526.7166667381923
,,,,,1526.7216666142147
,,,,,1526.7266667286556
,,,,,1526.7316668430965
,,,,,1526.7366667191188
,,,,,1526.7416668335597
,,,,,1526.746666709582
,,,,,1526.751666824023
,,,,,1526.7566667000453
,,,,,1526.7616668144863
,,,,,1526.7666666905086
,,,,,1526.7716668049495
,,,,,1526.7766666809719
,,,,,1526.781666795413
,,,,,1526.7866666714351
,,,,,1526.791666785876
,,,,,1526.7966666618986
,,,,,1526.8016667763393
,,,,,1526.8066666523616
,,,,,1526.8116667668025
,,,,,1526.8166666428249
,,,,,1526.8216667572658
,,,,,1526.8266666332881
,,,,,1526.831666747729
,,,,,1526.8366666237514
,,,,,1526.8416667381923
,,,,,1526.8466666142147
,,,,,1526.8516667286556
,,,,,1526.8566668430965
,,,,,1526.8616667191188
,,,,,1526.8666668335597
,,,,,1526.871666709582
,,,,,1526.876666824023
,,,,,1526.8816667000453
,,,,,1526.8866668144863
,,,,,1526.8916666905086
,,,,,1526.8966668049495
,,,,,1526.9016666809719
,,,,,1526.906666795413
,,,,,1526.9116666714351
,,,,,1526.916666785876
,,,,,1526.9216666618986
,,,,,1526.9266667763393
,,,,,1526.9316666523616
,,,,,1526.9366667668025
,,,,,1526.9416666428249
,,,,,1526.9466667572658
,,,,,1526.9516666332881
,,,,,1526.956666747729
,,,,,1526.9616666237514
,,,,,1526.9666667381923
,,,,,1526.9716666142147
,,,,,1526.9766667286556
,,,,,1526.9816668430965
,,,,,1526.9866667191188
,,,,,1526.9916668335597
,,,,,1526.996666709582
,,,,,1527.001666824023
,,,,,1527.0066667000453
,,,,,1527.0116668144863
,,,,,1527.0166666905086
,,,,,1527.0216668049495
,,,,,1527.0266666809719
,,,,,1527.031666795413
,,,,,1527.0366666714351
,,,,,1527.041666785876
,,,,,1527.0466666618986
,,,,,1527.0516667763393
,,,,,1527.0566666523616
,,,,,1527.0616667668025
,,,,,1527.0666666428249
,,,,,1527.0716667572658
,,,,,1527.0766666332881
,,,,,1527.081666747729
,,,,,1527.0866666237514
,,,,,1527.0916667381923
,,,,,1527.0966666142147
,,,,,1527.1016667286556
,,,,,1527.1066668430965
,,,,,1527.1116667191188
,,,,,1527.1166668335597
,,,,,1527.121666709582
,,,,,1527.126666824023
,,,,,1527.1316667000453
,,,,,1527.1366668144863
,,,,,1527.1416666905086
,,,,,1527.1466668049495
,,,,,1527.1516666809719
,,,,,1527.156666795413
,,,,,1527.1616666714351
,,,,,1527.166666785876
,,,,,1527.1716666618986
,,,,,1527.1766667763393
,,,,,1527.1816666523616
,,,,,1527.1866667668025
,,,,,1527.1916666428249
,,,,,1527.1966667572658
,,,,,1527.2016666332881
,,,,,1527.206666747729
,,,,,1527.2116666237514
,,,,,1527.2166667381923
,,,,,1527.2216666142147
,,,,,1527.2266667286556
,,,,,1527.2316668430965
,,,,,1527.2366667191188
,,,,,1527.2416668335597
,,,,,1527.246666709582
,,,,,1527.251666824023
,,,,,1527.2566667000453
,,,,,1527.2616668144863
,,,,,1527.2666666905086
,,,,,1527.2716668049495
,,,,,1527.2766666809719
,,,,,1527.281666795413
,,,,,1527.2866666714351
,,,,,1527.291666785876
,,,,,1527.2966666618986
,,,,,1527.3016667763393
,,,,,1527.3066666523616
,,,,,1527.3116667668025
,,,,,1527.3166666428249
,,,,,1527.3216667572658
,,,,,1527.3266666332881
,,,,,1527.331666747729
,,,,,1527.3366666237514
,,,,,1527.3416667381923
,,,,,1527.3466666142147
,,,,,1527.3516667286556
,,,,,1527.3566668430965
,,,,,1527.3616667191188
,,,,,1527.3666668335597
,,,,,1527.371666709582
,,,,,1527.376666824023
,,,,,1527.3816667000453
,,,,,1527.3866668144863
,,,,,1527.3916666905086
,,,,,1527.3966668049495
,,,,,1527.4016666809719
,,,,,1527.406666795413
,,,,,1527.4116666714351
,,,,,1527.416666785876
,,,,,1527.4216666618986
,,,,,1527.4266667763393
,,,,,1527.4316666523616
,,,,,1527.4366667668025
,,,,,1527.4416666428249
,,,,,1527.4466667572658
,,,,,1527.4516666332881
,,,,,1527.456666747729
,,,,,1527.4616666237514
,,,,,1527.4666667381923
,,,,,1527.4716666142147
,,,,,1527.4766667286556
,,,,,1527.4816668430965
,,,,,1527.4866667191188
,,,,,1527.4916668335597
,,,,,1527.496666709582
,,,,,1527.501666824023
,,,,,1527.5066667000453
,,,,,1527.5116668144863
,,,,,1527.5166666905086
,,,,,1527.5216668049495
,,,,,1527.5266666809719
,,,,,1527.531666795413
,,,,,1527.5366666714351
,,,,,1527.541666785876
,,,,,1527.5466666618986
,,,,,1527.5516667763393
,,,,,1527.5566666523616
,,,,,1527.5616667668025
,,,,,1527.5666666428249
,,,,,1527.5716667572658
,,,,,1527.5766666332881
,,,,,1527.581666747729
,,,,,1527.5866666237514
,,,,,1527.5916667381923
,,,,,1527.5966666142147
,,,,,1527.6016667286556
,,,,,1527.6066668430965
,,,,,1527.6116667191188
,,,,,1527.6166668335597
,,,,,1527.621666709582
,,,,,1527.626666824023
,,,,,1527.6316667000453
,,,,,1527.6366668144863
,,,,,1527.6416666905086
,,,,,1527.6466668049495
,,,,,1527.6516666809719
,,,,,1527.656666795413
,,,,,1527.6616666714351
,,,,,1527.666666785876
,,,,,1527.6716666618986
,,,,,1527.6766667763393
,,,,,1527.6816666523616
,,,,,1527.6866667668025
,,,,,1527.6916666428249
,,,,,1527.6966667572658
,,,,,1527.7016666332881
,,,,,1527.706666747729
,,,,,1527.7116666237514
,,,,,1527.7166667381923
,,,,,1527.7216666142147
,,,,,1527.7266667286556
,,,,,1527.7316668430965
,,,,,1527.7366667191188
,,,,,1527.7416668335597
,,,,,1527.746666709582
,,,,,1527.751666824023
,,,,,1527.7566667000453
,,,,,1527.7616668144863
,,,,,1527.7666666905086
,,,,,1527.7716668049495
,,,,,1527.7766666809719
,,,,,1527.781666795413
,,,,,1527.7866666714351
,,,,,1527.791666785876
,,,,,1527.7966666618986
,,,,,1527.8016667763393
,,,,,1527.8066666523616
,,,,,1527.8116667668025
,,,,,1527.8166666428249
,,,,,1527.8216667572658
,,,,,1527.8266666332881
,,,,,1527.831666747729
,,,,,1527.8366666237514
,,,,,1527.8416667381923
,,,,,1527.8466666142147
,,,,,1527.8516667286556
,,,,,1527.8566668430965
,,,,,1527.8616667191188
,,,,,1527.8666668335597
,,,,,1527.871666709582
,,,,,1527.876666824023
,,,,,1527.8816667000453
,,,,,1527.8866668144863
,,,,,1527.8916666905086
,,,,,1527.8966668049495
,,,,,1527.9016666809719
,,,,,1527.906666795413
,,,,,1527.9116666714351
,,,,,1527.916666785876
,,,,,1527.9216666618986
,,,,,1527.9266667763393
,,,,,1527.9316666523616
,,,,,1527.9366667668025
,,,,,1527.9416666428249
,,,,,1527.9466667572658
,,,,,1527.9516666332881
,,,,,1527.956666747729
,,,,,1527.9616666237514
,,,,,1527.9666667381923
,,,,,1527.9716666142147
,,,,,1527.9766667286556
,,,,,1527.9816668430965
,,,,,1527.9866667191188
,,,,,1527.9916668335597
,,,,,1527.996666709582
,,,,,1528.001666824023
,,,,,1528.0066667000453
,,,,,1528.0116668144863
,,,,,1528.0166666905086
,,,,,1528.0216668049495
,,,,,1528.0266666809719
,,,,,1528.031666795413
,,,,,1528.0366666714351
,,,,,1528.041666785876
,,,,,1528.0466666618986
,,,,,1528.0516667763393
,,,,,1528.0566666523616
,,,,,1528.0616667668025
,,,,,1528.0666666428249
,,,,,1528.0716667572658
,,,,,1528.0766666332881
,,,,,1528.081666747729
,,,,,1528.0866666237514
,,,,,1528.0916667381923
,,,,,1528.0966666142147
,,,,,1528.1016667286556
,,,,,1528.1066668430965
,,,,,1528.1116667191188
,,,,,1528.1166668335597
,,,,,1528.121666709582
,,,,,1528.126666824023
,,,,,1528.1316667000453
,,,,,1528.1366668144863
,,,,,1528.1416666905086
,,,,,1528.1466668049495
,,,,,1528.1516666809719
,,,,,1528.156666795413
,,,,,1528.1616666714351
,,,,,1528.166666785876
,,,,,1528.1716666618986
,,,,,1528.1766667763393
,,,,,1528.1816666523616
,,,,,1528.1866667668025
,,,,,1528.1916666428249
,,,,,1528.1966667572658
,,,,,1528.2016666332881
,,,,,1528.206666747729
,,,,,1528.2116666237514
,,,,,1528.2166667381923
,,,,,1528.2216666142147
,,,,,1528.2266667286556
,,,,,1528.2316668430965
,,,,,1528.2366667191188
,,,,,1528.2416668335597
,,,,,1528.246666709582
,,,,,1528.251666824023
,,,,,1528.2566667000453
,,,,,1528.2616668144863
,,,,,1528.2666666905086
,,,,,1528.2716668049495
,,,,,1528.2766666809719
,,,,,1528.281666795413
,,,,,1528.2866666714351
,,,,,1528.291666785876
,,,,,1528.2966666618986
,,,,,1528.3016667763393
,,,,,1528.3066666523616
,,,,,1528.3116667668025
,,,,,1528.3166666428249
,,,,,1528.3216667572658
,,,,,1528.3266666332881
,,,,,1528.331666747729
,,,,,1528.3366666237514
,,,,,1528.3416667381923
,,,,,1528.3466666142147
,,,,,1528.3516667286556
,,,,,1528.3566668430965
,,,,,1528.3616667191188
,,,,,1528.3666668335597
,,,,,1528.371666709582
,,,,,1528.376666824023
,,,,,1528.3816667000453
,,,,,1528.3866668144863
,,,,,1528.3916666905086
,,,,,1528.3966668049495
,,,,,1528.4016666809719
,,,,,1528.406666795413
,,,,,1528.4116666714351
,,,,,1528.416666785876
,,,,,1528.4216666618986
,,,,,1528.4266667763393
,,,,,1528.4316666523616
,,,,,1528.4366667668025
,,,,,1528.4416666428249
,,,,,1528.4466667572658
,,,,,1528.4516666332881
,,,,,1528.456666747729
,,,,,1528.4616666237514
,,,,,1528.4666667381923
,,,,,1528.4716666142147
,,,,,1528.4766667286556
,,,,,1528.4816668430965
,,,,,1528.4866667191188
,,,,,1528.4916668335597
,,,,,1528.496666709582
,,,,,1528.501666824023
,,,,,1528.5066667000453
,,,,,1528.5116668144863
,,,,,1528.5166666905086
,,,,,1528.5216668049495
,,,,,1528.5266666809719
,,,,,1528.531666795413
,,,,,1528.5366666714351
,,,,,1528.541666785876
,,,,,1528.5466666618986
,,,,,1528.5516667763393
,,,,,1528.5566666523616
,,,,,1528.5616667668025
,,,,,1528.5666666428249
,,,,,1528.5716667572658
,,,,,1528.5766666332881
,,,,,1528.581666747729
,,,,,1528.5866666237514
,,,,,1528.5916667381923
,,,,,1528.5966666142147
,,,,,1528.6016667286556
,,,,,1528.6066668430965
,,,,,1528.6116667191188
,,,,,1528.6166668335597
,,,,,1528.621666709582
,,,,,1528.626666824023
,,,,,1528.6316667000453
,,,,,1528.6366668144863
,,,,,1528.6416666905086
,,,,,1528.6466668049495
,,,,,1528.6516666809719
,,,,,1528.656666795413
,,,,,1528.6616666714351
,,,,,1528.666666785876
,,,,,1528.6716666618986
,,,,,1528.6766667763393
,,,,,1528.6816666523616
,,,,,1528.6866667668025
,,,,,1528.6916666428249
,,,,,1528.6966667572658
,,,,,1528.7016666332881
,,,,,1528.706666747729
,,,,,1528.7116666237514
,,,,,1528.7166667381923
,,,,,1528.7216666142147
,,,,,1528.7266667286556
,,,,,1528.7316668430965
,,,,,1528.7366667191188
,,,,,1528.7416668335597
,,,,,1528.746666709582
,,,,,1528.751666824023
,,,,,1528.7566667000453
,,,,,1528.7616668144863
,,,,,1528.7666666905086
,,,,,1528.7716668049495
,,,,,1528.7766666809719
,,,,,1528.781666795413
,,,,,1528.7866666714351
,,,,,1528.791666785876
,,,,,1528.7966666618986
,,,,,1528.8016667763393
,,,,,1528.8066666523616
,,,,,1528.8116667668025
,,,,,1528.8166666428249
,,,,,1528.8216667572658
,,,,,1528.8266666332881
,,,,,1528.831666747729
,,,,,1528.8366666237514
,,,,,1528.8416667381923
,,,,,1528.8466666142147
,,,,,1528.8516667286556
,,,,,1528.8566668430965
,,,,,1528.8616667191188
,,,,,1528.8666668335597
,,,,,1528.871666709582
,,,,,1528.876666824023
,,,,,1528.8816667000453
,,,,,1528.8866668144863
,,,,,1528.8916666905086
,,,,,1528.8966668049495
,,,,,1528.9016666809719
,,,,,1528.906666795413
,,,,,1528.9116666714351
,,,,,1528.916666785876
,,,,,1528.9216666618986
,,,,,1528.9266667763393
,,,,,1528.9316666523616
,,,,,1528.9366667668025
,,,,,1528.9416666428249
,,,,,1528.9466667572658
,,,,,1528.9516666332881
,,,,,1528.956666747729
,,,,,1528.9616666237514
,,,,,1528.9666667381923
,,,,,1528.9716666142147
,,,,,1528.9766667286556
,,,,,1528.9816668430965
,,,,,1528.9866667191188
,,,,,1528.9916668335597
,,,,,1528.996666709582
,,,,,1529.001666824023
,,,,,1529.0066667000453
,,,,,1529.0116668144863
,,,,,1529.0166666905086
,,,,,1529.0216668049495
,,,,,1529.0266666809719
,,,,,1529.031666795413
,,,,,1529.0366666714351
,,,,,1529.041666785876
,,,,,1529.0466666618986
,,,,,1529.0516667763393
,,,,,1529.0566666523616
,,,,,1529.0616667668025
,,,,,1529.0666666428249
,,,,,1529.0716667572658
,,,,,1529.0766666332881
,,,,,1529.081666747729
,,,,,1529.0866666237514
,,,,,1529.0916667381923
,,,,,1529.0966666142147
,,,,,1529.1016667286556
,,,,,1529.1066668430965
,,,,,1529.1116667191188
,,,,,1529.1166668335597
,,,,,1529.121666709582
,,,,,1529.126666824023
,,,,,1529.1316667000453
,,,,,1529.1366668144863
,,,,,1529.1416666905086
,,,,,1529.1466668049495
,,,,,1529.1516666809719
,,,,,1529.156666795413
,,,,,1529.1616666714351
,,,,,1529.166666785876
,,,,,1529.1716666618986
,,,,,1529.1766667763393
,,,,,1529.1816666523616
,,,,,1529.1866667668025
,,,,,1529.1916666428249
,,,,,1529.1966667572658
,,,,,1529.2016666332881
,,,,,1529.206666747729
,,,,,1529.2116666237514
,,,,,1529.2166667381923
,,,,,1529.2216666142147
,,,,,1529.2266667286556
,,,,,1529.2316668430965
,,,,,1529.2366667191188
,,,,,1529.2416668335597
,,,,,1529.246666709582
,,,,,1529.251666824023
,,,,,1529.2566667000453
,,,,,1529.2616668144863
,,,,,1529.2666666905086
,,,,,1529.2716668049495
,,,,,1529.2766666809719
,,,,,1529.281666795413
,,,,,1529.2866666714351
,,,,,1529.291666785876
,,,,,1529.2966666618986
,,,,,1529.3016667763393
,,,,,1529.3066666523616
,,,,,1529.3116667668025
,,,,,1529.3166666428249
,,,,,1529.3216667572658
,,,,,1529.3266666332881
,,,,,1529.331666747729
,,,,,1529.3366666237514
,,,,,1529.3416667381923
,,,,,1529.3466666142147
,,,,,1529.3516667286556
,,,,,1529.3566668430965
,,,,,1529.3616667191188
,,,,,1529.3666668335597
,,,,,1529.371666709582
,,,,,1529.376666824023
,,,,,1529.3816667000453
,,,,,1529.3866668144863
,,,,,1529.3916666905086
,,,,,1529.3966668049495
,,,,,1529.4016666809719
,,,,,1529.406666795413
,,,,,1529.4116666714351
,,,,,1529.416666785876
,,,,,1529.4216666618986
,,,,,1529.4266667763393
,,,,,1529.4316666523616
,,,,,1529.4366667668025
,,,,,1529.4416666428249
,,,,,1529.4466667572658
,,,,,1529.4516666332881
,,,,,1529.456666747729
,,,,,1529.4616666237514
,,,,,1529.4666667381923
,,,,,1529.4716666142147
,,,,,1529.4766667286556
,,,,,1529.4816668430965
,,,,,1529.4866667191188
,,,,,1529.4916668335597
,,,,,1529.496666709582
,,,,,1529.501666824023
,,,,,1529.5066667000453
,,,,,1529.5116668144863
,,,,,1529.5166666905086
,,,,,1529.5216668049495
,,,,,1529.5266666809719
,,,,,1529.531666795413
,,,,,1529.5366666714351
,,,,,1529.541666785876
,,,,,1529.5466666618986
,,,,,1529.5516667763393
,,,,,1529.5566666523616
,,,,,1529.5616667668025
,,,,,1529.5666666428249
,,,,,1529.5716667572658
,,,,,1529.5766666332881
,,,,,1529.581666747729
,,,,,1529.5866666237514
,,,,,1529.5916667381923
,,,,,1529.5966666142147
,,,,,1529.6016667286556
,,,,,1529.6066668430965
,,,,,1529.6116667191188
,,,,,1529.6166668335597
,,,,,1529.621666709582
,,,,,1529.626666824023
,,,,,1529.6316667000453
,,,,,1529.6366668144863
,,,,,1529.6416666905086
,,,,,1529.6466668049495
,,,,,1529.6516666809719
,,,,,1529.656666795413
,,,,,1529.6616666714351
,,,,,1529.666666785876
,,,,,1529.6716666618986
,,,,,1529.6766667763393
,,,,,1529.6816666523616
,,,,,1529.6866667668025
,,,,,1529.6916666428249
,,,,,1529.6966667572658
,,,,,1529.7016666332881
,,,,,1529.706666747729
,,,,,1529.7116666237514
,,,,,1529.7166667381923
,,,,,1529.7216666142147
,,,,,1529.7266667286556
,,,,,1529.7316668430965
,,,,,1529.7366667191188
,,,,,1529.7416668335597
,,,,,1529.746666709582
,,,,,1529.751666824023
,,,,,1529.7566667000453
,,,,,1529.7616668144863
,,,,,1529.7666666905086
,,,,,1529.7716668049495
,,,,,1529.7766666809719
,,,,,1529.781666795413
,,,,,1529.7866666714351
,,,,,1529.791666785876
,,,,,1529.7966666618986
,,,,,1529.8016667763393
,,,,,1529.8066666523616
,,,,,1529.8116667668025
,,,,,1529.8166666428249
,,,,,1529.8216667572658
,,,,,1529.8266666332881
,,,,,1529.831666747729
,,,,,1529.8366666237514
,,,,,1529.8416667381923
,,,,,1529.8466666142147
,,,,,1529.8516667286556
,,,,,1529.8566668430965
,,,,,1529.8616667191188
,,,,,1529.8666668335597
,,,,,1529.871666709582
,,,,,1529.876666824023
,,,,,1529.8816667000453
,,,,,1529.8866668144863
,,,,,1529.8916666905086
,,,,,1529.8966668049495
,,,,,1529.9016666809719
,,,,,1529.906666795413
,,,,,1529.9116666714351
,,,,,1529.916666785876
,,,,,1529.9216666618986
,,,,,1529.9266667763393
,,,,,1529.9316666523616
,,,,,1529.9366667668025
,,,,,1529.9416666428249
,,,,,1529.9466667572658
,,,,,1529.9516666332881
,,,,,1529.956666747729
,,,,,1529.9616666237514
,,,,,1529.9666667381923
,,,,,1529.9716666142147
,,,,,1529.9766667286556
,,,,,1529.9816668430965
,,,,,1529.9866667191188
,,,,,1529.9916668335597
,,,,,1529.996666709582
,,,,,1530.001666824023
,,,,,1530.0066667000453
,,,,,1530.0116668144863
,,,,,1530.0166666905086
,,,,,1530.0216668049495
,,,,,1530.0266666809719
,,,,,1530.031666795413
,,,,,1530.0366666714351
,,,,,1530.041666785876
,,,,,1530.0466666618986
,,,,,1530.0516667763393
,,,,,1530.0566666523616
,,,,,1530.0616667668025
,,,,,1530.0666666428249
,,,,,1530.0716667572658
,,,,,1530.0766666332881
,,,,,1530.081666747729
,,,,,1530.0866666237514
,,,,,1530.0916667381923
,,,,,1530.0966666142147
,,,,,1530.1016667286556
,,,,,1530.1066668430965
,,,,,1530.1116667191188
,,,,,1530.1166668335597
,,,,,1530.121666709582
,,,,,1530.126666824023
,,,,,1530.1316667000453
,,,,,1530.1366668144863
,,,,,1530.1416666905086
,,,,,1530.1466668049495
,,,,,1530.1516666809719
,,,,,1530.156666795413
,,,,,1530.1616666714351
,,,,,1530.166666785876
,,,,,1530.1716666618986
,,,,,1530.1766667763393
,,,,,1530.1816666523616
,,,,,1530.1866667668025
,,,,,1530.1916666428249
,,,,,1530.1966667572658
,,,,,1530.2016666332881
,,,,,1530.206666747729
,,,,,1530.2116666237514
,,,,,1530.2166667381923
,,,,,1530.2216666142147
,,,,,1530.2266667286556
,,,,,1530.2316668430965
,,,,,1530.2366667191188
,,,,,1530.2416668335597
,,,,,1530.246666709582
,,,,,1530.251666824023
,,,,,1530.2566667000453
,,,,,1530.2616668144863
,,,,,1530.2666666905086
,,,,,1530.2716668049495
,,,,,1530.2766666809719
,,,,,1530.281666795413
,,,,,1530.2866666714351
,,,,,1530.291666785876
,,,,,1530.2966666618986
,,,,,1530.3016667763393
,,,,,1530.3066666523616
,,,,,1530.3116667668025
,,,,,1530.3166666428249
,,,,,1530.3216667572658
,,,,,1530.3266666332881
,,,,,1530.331666747729
,,,,,1530.3366666237514
,,,,,1530.3416667381923
,,,,,1530.3466666142147
,,,,,1530.3516667286556
,,,,,1530.3566668430965
,,,,,1530.3616667191188
,,,,,1530.3666668335597
,,,,,1530.371666709582
,,,,,1530.376666824023
,,,,,1530.3816667000453
,,,,,1530.3866668144863
,,,,,1530.3916666905086
,,,,,1530.3966668049495
,,,,,1530.4016666809719
,,,,,1530.406666795413
,,,,,1530.4116666714351
,,,,,1530.416666785876
,,,,,1530.4216666618986
,,,,,1530.4266667763393
,,,,,1530.4316666523616
,,,,,1530.4366667668025
,,,,,1530.4416666428249
,,,,,1530.4466667572658
,,,,,1530.4516666332881
,,,,,1530.456666747729
,,,,,1530.4616666237514
,,,,,1530.4666667381923
,,,,,1530.4716666142147
,,,,,1530.4766667286556
,,,,,1530.4816668430965
,,,,,1530.4866667191188
,,,,,1530.4916668335597
,,,,,1530.496666709582
,,,,,1530.501666824023
,,,,,1530.5066667000453
,,,,,1530.5116668144863
,,,,,1530.5166666905086
,,,,,1530.5216668049495
,,,,,1530.5266666809719
,,,,,1530.531666795413
,,,,,1530.5366666714351
,,,,,1530.541666785876
,,,,,1530.5466666618986
,,,,,1530.5516667763393
,,,,,1530.5566666523616
,,,,,1530.5616667668025
,,,,,1530.5666666428249
,,,,,1530.5716667572658
,,,,,1530.5766666332881
,,,,,1530.581666747729
,,,,,1530.5866666237514
,,,,,1530.5916667381923
,,,,,1530.5966666142147
,,,,,1530.6016667286556
,,,,,1530.6066668430965
,,,,,1530.6116667191188
,,,,,1530.6166668335597
,,,,,1530.621666709582
,,,,,1530.626666824023
,,,,,1530.6316667000453
,,,,,1530.6366668144863
,,,,,1530.6416666905086
,,,,,1530.6466668049495
,,,,,1530.6516666809719
,,,,,1530.656666795413
,,,,,1530.6616666714351
,,,,,1530.666666785876
,,,,,1530.6716666618986
,,,,,1530.6766667763393
,,,,,1530.6816666523616
,,,,,1530.6866667668025
,,,,,1530.6916666428249
,,,,,1530.6966667572658
,,,,,1530.7016666332881
,,,,,1530.706666747729
,,,,,1530.7116666237514
,,,,,1530.7166667381923
,,,,,1530.7216666142147
,,,,,1530.7266667286556
,,,,,1530.7316668430965
,,,,,1530.7366667191188
,,,,,1530.7416668335597
,,,,,1530.746666709582
,,,,,1530.751666824023
,,,,,1530.7566667000453
,,,,,1530.7616668144863
,,,,,1530.7666666905086
,,,,,1530.7716668049495
,,,,,1530.7766666809719
,,,,,1530.781666795413
,,,,,1530.7866666714351
,,,,,1530.791666785876
,,,,,1530.7966666618986
,,,,,1530.8016667763393
,,,,,1530.8066666523616
,,,,,1530.8116667668025
,,,,,1530.8166666428249
,,,,,1530.8216667572658
,,,,,1530.8266666332881
,,,,,1530.831666747729
,,,,,1530.8366666237514
,,,,,1530.8416667381923
,,,,,1530.8466666142147
,,,,,1530.8516667286556
,,,,,1530.8566668430965
,,,,,1530.8616667191188
,,,,,1530.8666668335597
,,,,,1530.871666709582
,,,,,1530.876666824023
,,,,,1530.8816667000453
,,,,,1530.8866668144863
,,,,,1530.8916666905086
,,,,,1530.8966668049495
,,,,,1530.9016666809719
,,,,,1530.906666795413
,,,,,1530.9116666714351
,,,,,1530.916666785876
,,,,,1530.9216666618986
,,,,,1530.9266667763393
,,,,,1530.9316666523616
,,,,,1530.9366667668025
,,,,,1530.9416666428249
,,,,,1530.9466667572658
,,,,,1530.9516666332881
,,,,,1530.956666747729
,,,,,1530.9616666237514
,,,,,1530.9666667381923
,,,,,1530.9716666142147
,,,,,1530.9766667286556
,,,,,1530.9816668430965
,,,,,1530.9866667191188
,,,,,1530.9916668335597
,,,,,1530.996666709582
,,,,,1531.001666824023
,,,,,1531.0066667000453
,,,,,1531.0116668144863
,,,,,1531.0166666905086
,,,,,1531.0216668049495
,,,,,1531.0266666809719
,,,,,1531.031666795413
,,,,,1531.0366666714351
,,,,,1531.041666785876
,,,,,1531.0466666618986
,,,,,1531.0516667763393
,,,,,1531.0566666523616
,,,,,1531.0616667668025
,,,,,1531.0666666428249
,,,,,1531.0716667572658
,,,,,1531.0766666332881
,,,,,1531.081666747729
,,,,,1531.0866666237514
,,,,,1531.0916667381923
,,,,,1531.0966666142147
,,,,,1531.1016667286556
,,,,,1531.1066668430965
,,,,,1531.1116667191188
,,,,,1531.1166668335597
,,,,,1531.121666709582
,,,,,1531.126666824023
,,,,,1531.1316667000453
,,,,,1531.1366668144863
,,,,,1531.1416666905086
,,,,,1531.1466668049495
,,,,,1531.1516666809719
,,,,,1531.156666795413
,,,,,1531.1616666714351
,,,,,1531.166666785876
,,,,,1531.1716666618986
,,,,,1531.1766667763393
,,,,,1531.1816666523616
,,,,,1531.1866667668025
,,,,,1531.1916666428249
,,,,,1531.1966667572658
,,,,,1531.2016666332881
,,,,,1531.206666747729
,,,,,1531.2116666237514
,,,,,1531.2166667381923
,,,,,1531.2216666142147
,,,,,1531.2266667286556
,,,,,1531.2316668430965
,,,,,1531.2366667191188
,,,,,1531.2416668335597
,,,,,1531.246666709582
,,,,,1531.251666824023
,,,,,1531.2566667000453
,,,,,1531.2616668144863
,,,,,1531.2666666905086
,,,,,1531.2716668049495
,,,,,1531.2766666809719
,,,,,1531.281666795413
,,,,,1531.2866666714351
,,,,,1531.291666785876
,,,,,1531.2966666618986
,,,,,1531.3016667763393
,,,,,1531.3066666523616
,,,,,1531.3116667668025
,,,,,1531.3166666428249
,,,,,1531.3216667572658
,,,,,1531.3266666332881
,,,,,1531.331666747729
,,,,,1531.3366666237514
,,,,,1531.3416667381923
,,,,,1531.3466666142147
,,,,,1531.3516667286556
,,,,,1531.3566668430965
,,,,,1531.3616667191188
,,,,,1531.3666668335597
,,,,,1531.371666709582
,,,,,1531.376666824023
,,,,,1531.3816667000453
,,,,,1531.3866668144863
,,,,,1531.3916666905086
,,,,,1531.3966668049495
,,,,,1531.4016666809719
,,,,,1531.406666795413
,,,,,1531.4116666714351
,,,,,1531.416666785876
,,,,,1531.4216666618986
,,,,,1531.4266667763393
,,,,,1531.4316666523616
,,,,,1531.4366667668025
,,,,,1531.4416666428249
,,,,,1531.4466667572658
,,,,,1531.4516666332881
,,,,,1531.456666747729
,,,,,1531.4616666237514
,,,,,1531.4666667381923
,,,,,1531.4716666142147
,,,,,1531.4766667286556
,,,,,1531.4816668430965
,,,,,1531.4866667191188
,,,,,1531.4916668335597
,,,,,1531.496666709582
,,,,,1531.501666824023
,,,,,1531.5066667000453
,,,,,1531.5116668144863
,,,,,1531.5166666905086
,,,,,1531.5216668049495
,,,,,1531.5266666809719
,,,,,1531.531666795413
,,,,,1531.5366666714351
,,,,,1531.541666785876
,,,,,1531.5466666618986
,,,,,1531.5516667763393
,,,,,1531.5566666523616
,,,,,1531.5616667668025
,,,,,1531.5666666428249
,,,,,1531.5716667572658
,,,,,1531.5766666332881
,,,,,1531.581666747729
,,,,,1531.5866666237514
,,,,,1531.5916667381923
,,,,,1531.5966666142147
,,,,,1531.6016667286556
,,,,,1531.6066668430965
,,,,,1531.6116667191188
,,,,,1531.6166668335597
,,,,,1531.621666709582
,,,,,1531.626666824023
,,,,,1531.6316667000453
,,,,,1531.6366668144863
,,,,,1531.6416666905086
,,,,,1531.6466668049495
,,,,,1531.6516666809719
,,,,,1531.656666795413
,,,,,1531.6616666714351
,,,,,1531.666666785876
,,,,,1531.6716666618986
,,,,,1531.6766667763393
,,,,,1531.6816666523616
,,,,,1531.6866667668025
,,,,,1531.6916666428249
,,,,,1531.6966667572658
,,,,,1531.7016666332881
,,,,,1531.706666747729
,,,,,1531.7116666237514
,,,,,1531.7166667381923
,,,,,1531.7216666142147
,,,,,1531.7266667286556
,,,,,1531.7316668430965
,,,,,1531.7366667191188
,,,,,1531.7416668335597
,,,,,1531.746666709582
,,,,,1531.751666824023
,,,,,1531.7566667000453
,,,,,1531.7616668144863
,,,,,1531.7666666905086
,,,,,1531.7716668049495
,,,,,1531.7766666809719
,,,,,1531.781666795413
,,,,,1531.7866666714351
,,,,,1531.791666785876
,,,,,1531.7966666618986
,,,,,1531.8016667763393
,,,,,1531.8066666523616
,,,,,1531.8116667668025
,,,,,1531.8166666428249
,,,,,1531.8216667572658
,,,,,1531.8266666332881
,,,,,1531.831666747729
,,,,,1531.8366666237514
,,,,,1531.8416667381923
,,,,,1531.8466666142147
,,,,,1531.8516667286556
,,,,,1531.8566668430965
,,,,,1531.8616667191188
,,,,,1531.8666668335597
,,,,,1531.871666709582
,,,,,1531.876666824023
,,,,,1531.8816667000453
,,,,,1531.8866668144863
,,,,,1531.8916666905086
,,,,,1531.8966668049495
,,,,,1531.9016666809719
,,,,,1531.906666795413
,,,,,1531.9116666714351
,,,,,1531.916666785876
,,,,,1531.9216666618986
,,,,,1531.9266667763393
,,,,,1531.9316666523616
,,,,,1531.9366667668025
,,,,,1531.9416666428249
,,,,,1531.9466667572658
,,,,,1531.9516666332881
,,,,,1531.956666747729
,,,,,1531.9616666237514
,,,,,1531.9666667381923
,,,,,1531.9716666142147
,,,,,1531.9766667286556
,,,,,1531.9816668430965
,,,,,1531.9866667191188
,,,,,1531.9916668335597
,,,,,1531.996666709582
,,,,,1532.001666824023
,,,,,1532.0066667000453
,,,,,1532.0116668144863
,,,,,1532.0166666905086
,,,,,1532.0216668049495
,,,,,1532.0266666809719
,,,,,1532.031666795413
,,,,,1532.0366666714351
,,,,,1532.041666785876
,,,,,1532.0466666618986
,,,,,1532.0516667763393
,,,,,1532.0566666523616
,,,,,1532.0616667668025
,,,,,1532.0666666428249
,,,,,1532.0716667572658
,,,,,1532.0766666332881
,,,,,1532.081666747729
,,,,,1532.0866666237514
,,,,,1532.0916667381923
,,,,,1532.0966666142147
,,,,,1532.1016667286556
,,,,,1532.1066668430965
,,,,,1532.1116667191188
,,,,,1532.1166668335597
,,,,,1532.121666709582
,,,,,1532.126666824023
,,,,,1532.1316667000453
,,,,,1532.1366668144863
,,,,,1532.1416666905086
,,,,,1532.1466668049495
,,,,,1532.1516666809719
,,,,,1532.156666795413
,,,,,1532.1616666714351
,,,,,1532.166666785876
,,,,,1532.1716666618986
,,,,,1532.1766667763393
,,,,,1532.1816666523616
,,,,,1532.1866667668025
,,,,,1532.1916666428249
,,,,,1532.1966667572658
,,,,,1532.2016666332881
,,,,,1532.206666747729
,,,,,1532.2116666237514
,,,,,1532.2166667381923
,,,,,1532.2216666142147
,,,,,1532.2266667286556
,,,,,1532.2316668430965
,,,,,1532.2366667191188
,,,,,1532.2416668335597
,,,,,1532.246666709582
,,,,,1532.251666824023
,,,,,1532.2566667000453
,,,,,1532.2616668144863
,,,,,1532.2666666905086
,,,,,1532.2716668049495
,,,,,1532.2766666809719
,,,,,1532.281666795413
,,,,,1532.2866666714351
,,,,,1532.291666785876
,,,,,1532.2966666618986
,,,,,1532.3016667763393
,,,,,1532.3066666523616
,,,,,1532.3116667668025
,,,,,1532.3166666428249
,,,,,1532.3216667572658
,,,,,1532.3266666332881
,,,,,1532.331666747729
,,,,,1532.3366666237514
,,,,,1532.3416667381923
,,,,,1532.3466666142147
,,,,,1532.3516667286556
,,,,,1532.3566668430965
,,,,,1532.3616667191188
,,,,,1532.3666668335597
,,,,,1532.371666709582
,,,,,1532.376666824023
,,,,,1532.3816667000453
,,,,,1532.3866668144863
,,,,,1532.3916666905086
,,,,,1532.3966668049495
,,,,,1532.4016666809719
,,,,,1532.406666795413
,,,,,1532.4116666714351
,,,,,1532.416666785876
,,,,,1532.4216666618986
,,,,,1532.4266667763393
,,,,,1532.4316666523616
,,,,,1532.4366667668025
,,,,,1532.4416666428249
,,,,,1532.4466667572658
,,,,,1532.4516666332881
,,,,,1532.456666747729
,,,,,1532.4616666237514
,,,,,1532.4666667381923
,,,,,1532.4716666142147
,,,,,1532.4766667286556
,,,,,1532.4816668430965
,,,,,1532.4866667191188
,,,,,1532.4916668335597
,,,,,1532.496666709582
,,,,,1532.501666824023
,,,,,1532.5066667000453
,,,,,1532.5116668144863
,,,,,1532.5166666905086
,,,,,1532.5216668049495
,,,,,1532.5266666809719
,,,,,1532.531666795413
,,,,,1532.5366666714351
,,,,,1532.541666785876
,,,,,1532.5466666618986
,,,,,1532.5516667763393
,,,,,1532.5566666523616
,,,,,1532.5616667668025
,,,,,1532.5666666428249
,,,,,1532.5716667572658
,,,,,1532.5766666332881
,,,,,1532.581666747729
,,,,,1532.5866666237514
,,,,,1532.5916667381923
,,,,,1532.5966666142147
,,,,,1532.6016667286556
,,,,,1532.6066668430965
,,,,,1532.6116667191188
,,,,,1532.6166668335597
,,,,,1532.621666709582
,,,,,1532.626666824023
,,,,,1532.6316667000453
,,,,,1532.6366668144863
,,,,,1532.6416666905086
,,,,,1532.6466668049495
,,,,,1532.6516666809719
,,,,,1532.656666795413
,,,,,1532.6616666714351
,,,,,1532.666666785876
,,,,,1532.6716666618986
,,,,,1532.6766667763393
,,,,,1532.6816666523616
,,,,,1532.6866667668025
,,,,,1532.6916666428249
,,,,,1532.6966667572658
,,,,,1532.7016666332881
,,,,,1532.706666747729
,,,,,1532.7116666237514
,,,,,1532.7166667381923
,,,,,1532.7216666142147
,,,,,1532.7266667286556
,,,,,1532.7316668430965
,,,,,1532.7366667191188
,,,,,1532.7416668335597
,,,,,1532.746666709582
,,,,,1532.751666824023
,,,,,1532.7566667000453
,,,,,1532.7616668144863
,,,,,1532.7666666905086
,,,,,1532.7716668049495
,,,,,1532.7766666809719
,,,,,1532.781666795413
,,,,,1532.7866666714351
,,,,,1532.791666785876
,,,,,1532.7966666618986
,,,,,1532.8016667763393
,,,,,1532.8066666523616
,,,,,1532.8116667668025
,,,,,1532.8166666428249
,,,,,1532.8216667572658
,,,,,1532.8266666332881
,,,,,1532.831666747729
,,,,,1532.8366666237514
,,,,,1532.8416667381923
,,,,,1532.8466666142147
,,,,,1532.8516667286556
,,,,,1532.8566668430965
,,,,,1532.8616667191188
,,,,,1532.8666668335597
,,,,,1532.871666709582
,,,,,1532.876666824023
,,,,,1532.8816667000453
,,,,,1532.8866668144863
,,,,,1532.8916666905086
,,,,,1532.8966668049495
,,,,,1532.9016666809719
,,,,,1532.906666795413
,,,,,1532.9116666714351
,,,,,1532.916666785876
,,,,,1532.9216666618986
,,,,,1532.9266667763393
,,,,,1532.9316666523616
,,,,,1532.9366667668025
,,,,,1532.9416666428249
,,,,,1532.9466667572658
,,,,,1532.9516666332881
,,,,,1532.956666747729
,,,,,1532.9616666237514
,,,,,1532.9666667381923
,,,,,1532.9716666142147
,,,,,1532.9766667286556
,,,,,1532.9816668430965
,,,,,1532.9866667191188
,,,,,1532.9916668335597
,,,,,1532.996666709582
,,,,,1533.001666824023
,,,,,1533.0066667000453
,,,,,1533.0116668144863
,,,,,1533.0166666905086
,,,,,1533.0216668049495
,,,,,1533.0266666809719
,,,,,1533.031666795413
,,,,,1533.0366666714351
,,,,,1533.041666785876
,,,,,1533.0466666618986
,,,,,1533.0516667763393
,,,,,1533.0566666523616
,,,,,1533.0616667668025
,,,,,1533.0666666428249
,,,,,1533.0716667572658
,,,,,1533.0766666332881
,,,,,1533.081666747729
,,,,,1533.0866666237514
,,,,,1533.0916667381923
,,,,,1533.0966666142147
,,,,,1533.1016667286556
,,,,,1533.1066668430965
,,,,,1533.1116667191188
,,,,,1533.1166668335597
,,,,,1533.121666709582
,,,,,1533.126666824023
,,,,,1533.1316667000453
,,,,,1533.1366668144863
,,,,,1533.1416666905086
,,,,,1533.1466668049495
,,,,,1533.1516666809719
,,,,,1533.156666795413
,,,,,1533.1616666714351
,,,,,1533.166666785876
,,,,,1533.1716666618986
,,,,,1533.1766667763393
,,,,,1533.1816666523616
,,,,,1533.1866667668025
,,,,,1533.1916666428249
,,,,,1533.1966667572658
,,,,,1533.2016666332881
,,,,,1533.206666747729
,,,,,1533.2116666237514
,,,,,1533.2166667381923
,,,,,1533.2216666142147
,,,,,1533.2266667286556
,,,,,1533.2316668430965
,,,,,1533.2366667191188
,,,,,1533.2416668335597
,,,,,1533.246666709582
,,,,,1533.251666824023
,,,,,1533.2566667000453
,,,,,1533.2616668144863
,,,,,1533.2666666905086
,,,,,1533.2716668049495
,,,,,1533.2766666809719
,,,,,1533.281666795413
,,,,,1533.2866666714351
,,,,,1533.291666785876
,,,,,1533.2966666618986
,,,,,1533.3016667763393
,,,,,1533.3066666523616
,,,,,1533.3116667668025
,,,,,1533.3166666428249
,,,,,1533.3216667572658
,,,,,1533.3266666332881
,,,,,1533.331666747729
,,,,,1533.3366666237514
,,,,,1533.3416667381923
,,,,,1533.3466666142147
,,,,,1533.3516667286556
,,,,,1533.3566668430965
,,,,,1533.3616667191188
,,,,,1533.3666668335597
,,,,,1533.371666709582
,,,,,1533.376666824023
,,,,,1533.3816667000453
,,,,,1533.3866668144863
,,,,,1533.3916666905086
,,,,,1533.3966668049495
,,,,,1533.4016666809719
,,,,,1533.406666795413
,,,,,1533.4116666714351
,,,,,1533.416666785876
,,,,,1533.4216666618986
,,,,,1533.4266667763393
,,,,,1533.4316666523616
,,,,,1533.4366667668025
,,,,,1533.4416666428249
,,,,,1533.4466667572658
,,,,,1533.4516666332881
,,,,,1533.456666747729
,,,,,1533.4616666237514
,,,,,1533.4666667381923
,,,,,1533.4716666142147
,,,,,1533.4766667286556
,,,,,1533.4816668430965
,,,,,1533.4866667191188
,,,,,1533.4916668335597
,,,,,1533.496666709582
,,,,,1533.501666824023
,,,,,1533.5066667000453
,,,,,1533.5116668144863
,,,,,1533.5166666905086
,,,,,1533.5216668049495
,,,,,1533.5266666809719
,,,,,1533.531666795413
,,,,,1533.5366666714351
,,,,,1533.541666785876
,,,,,1533.5466666618986
,,,,,1533.5516667763393
,,,,,1533.5566666523616
,,,,,1533.5616667668025
,,,,,1533.5666666428249
,,,,,1533.5716667572658
,,,,,1533.5766666332881
,,,,,1533.581666747729
,,,,,1533.5866666237514
,,,,,1533.5916667381923
,,,,,1533.5966666142147
,,,,,1533.6016667286556
,,,,,1533.6066668430965
,,,,,1533.6116667191188
,,,,,1533.6166668335597
,,,,,1533.621666709582
,,,,,1533.626666824023
,,,,,1533.6316667000453
,,,,,1533.6366668144863
,,,,,1533.6416666905086
,,,,,1533.6466668049495
,,,,,1533.6516666809719
,,,,,1533.656666795413
,,,,,1533.6616666714351
,,,,,1533.666666785876
,,,,,1533.6716666618986
,,,,,1533.6766667763393
,,,,,1533.6816666523616
,,,,,1533.6866667668025
,,,,,1533.6916666428249
,,,,,1533.6966667572658
,,,,,1533.7016666332881
,,,,,1533.706666747729
,,,,,1533.7116666237514
,,,,,1533.7166667381923
,,,,,1533.7216666142147
,,,,,1533.7266667286556
,,,,,1533.7316668430965
,,,,,1533.7366667191188
,,,,,1533.7416668335597
,,,,,1533.746666709582
,,,,,1533.751666824023
,,,,,1533.7566667000453
,,,,,1533.7616668144863
,,,,,1533.7666666905086
,,,,,1533.7716668049495
,,,,,1533.7766666809719
,,,,,1533.781666795413
,,,,,1533.7866666714351
,,,,,1533.791666785876
,,,,,1533.7966666618986
,,,,,1533.8016667763393
,,,,,1533.8066666523616
,,,,,1533.8116667668025
,,,,,1533.8166666428249
,,,,,1533.8216667572658
,,,,,1533.8266666332881
,,,,,1533.831666747729
,,,,,1533.8366666237514
,,,,,1533.8416667381923
,,,,,1533.8466666142147
,,,,,1533.8516667286556
,,,,,1533.8566668430965
,,,,,1533.8616667191188
,,,,,1533.8666668335597
,,,,,1533.871666709582
,,,,,1533.876666824023
,,,,,1533.8816667000453
,,,,,1533.8866668144863
,,,,,1533.8916666905086
,,,,,1533.8966668049495
,,,,,1533.9016666809719
,,,,,1533.906666795413
,,,,,1533.9116666714351
,,,,,1533.916666785876
,,,,,1533.9216666618986
,,,,,1533.9266667763393
,,,,,1533.9316666523616
,,,,,1533.9366667668025
,,,,,1533.9416666428249
,,,,,1533.9466667572658
,,,,,1533.9516666332881
,,,,,1533.956666747729
,,,,,1533.9616666237514
,,,,,1533.9666667381923
,,,,,1533.9716666142147
,,,,,1533.9766667286556
,,,,,1533.9816668430965
,,,,,1533.9866667191188
,,,,,1533.9916668335597
,,,,,1533.996666709582
,,,,,1534.001666824023
,,,,,1534.0066667000453
,,,,,1534.0116668144863
,,,,,1534.0166666905086
,,,,,1534.0216668049495
,,,,,1534.0266666809719
,,,,,1534.031666795413
,,,,,1534.0366666714351
,,,,,1534.041666785876
,,,,,1534.0466666618986
,,,,,1534.0516667763393
,,,,,1534.0566666523616
,,,,,1534.0616667668025
,,,,,1534.0666666428249
,,,,,1534.0716667572658
,,,,,1534.0766666332881
,,,,,1534.081666747729
,,,,,1534.0866666237514
,,,,,1534.0916667381923
,,,,,1534.0966666142147
,,,,,1534.1016667286556
,,,,,1534.1066668430965
,,,,,1534.1116667191188
,,,,,1534.1166668335597
,,,,,1534.121666709582
,,,,,1534.126666824023
,,,,,1534.1316667000453
,,,,,1534.1366668144863
,,,,,1534.1416666905086
,,,,,1534.1466668049495
,,,,,1534.1516666809719
,,,,,1534.156666795413
,,,,,1534.1616666714351
,,,,,1534.166666785876
,,,,,1534.1716666618986
,,,,,1534.1766667763393
,,,,,1534.1816666523616
,,,,,1534.1866667668025
,,,,,1534.1916666428249
,,,,,1534.1966667572658
,,,,,1534.2016666332881
,,,,,1534.206666747729
,,,,,1534.2116666237514
,,,,,1534.2166667381923
,,,,,1534.2216666142147
,,,,,1534.2266667286556
,,,,,1534.2316668430965
,,,,,1534.2366667191188
,,,,,1534.2416668335597
,,,,,1534.246666709582
,,,,,1534.251666824023
,,,,,1534.2566667000453
,,,,,1534.2616668144863
,,,,,1534.2666666905086
,,,,,1534.2716668049495
,,,,,1534.2766666809719
,,,,,1534.281666795413
,,,,,1534.2866666714351
,,,,,1534.291666785876
,,,,,1534.2966666618986
,,,,,1534.3016667763393
,,,,,1534.3066666523616
,,,,,1534.3116667668025
,,,,,1534.3166666428249
,,,,,1534.3216667572658
,,,,,1534.3266666332881
,,,,,1534.331666747729
,,,,,1534.3366666237514
,,,,,1534.3416667381923
,,,,,1534.3466666142147
,,,,,1534.3516667286556
,,,,,1534.3566668430965
,,,,,1534.3616667191188
,,,,,1534.3666668335597
,,,,,1534.371666709582
,,,,,1534.376666824023
,,,,,1534.3816667000453
,,,,,1534.3866668144863
,,,,,1534.3916666905086
,,,,,1534.3966668049495
,,,,,1534.4016666809719
,,,,,1534.406666795413
,,,,,1534.4116666714351
,,,,,1534.416666785876
,,,,,1534.4216666618986
,,,,,1534.4266667763393
,,,,,1534.4316666523616
,,,,,1534.4366667668025
,,,,,1534.4416666428249
,,,,,1534.4466667572658
,,,,,1534.4516666332881
,,,,,1534.456666747729
,,,,,1534.4616666237514
,,,,,1534.4666667381923
,,,,,1534.4716666142147
,,,,,1534.4766667286556
,,,,,1534.4816668430965
,,,,,1534.4866667191188
,,,,,1534.4916668335597
,,,,,1534.496666709582
,,,,,1534.501666824023
,,,,,1534.5066667000453
,,,,,1534.5116668144863
,,,,,1534.5166666905086
,,,,,1534.5216668049495
,,,,,1534.5266666809719
,,,,,1534.531666795413
,,,,,1534.5366666714351
,,,,,1534.541666785876
,,,,,1534.5466666618986
,,,,,1534.5516667763393
,,,,,1534.5566666523616
,,,,,1534.5616667668025
,,,,,1534.5666666428249
,,,,,1534.5716667572658
,,,,,1534.5766666332881
,,,,,1534.581666747729
,,,,,1534.5866666237514
,,,,,1534.5916667381923
,,,,,1534.5966666142147
,,,,,1534.6016667286556
,,,,,1534.6066668430965
,,,,,1534.6116667191188
,,,,,1534.6166668335597
,,,,,1534.621666709582
,,,,,1534.626666824023
,,,,,1534.6316667000453
,,,,,1534.6366668144863
,,,,,1534.6416666905086
,,,,,1534.6466668049495
,,,,,1534.6516666809719
,,,,,1534.656666795413
,,,,,1534.6616666714351
,,,,,1534.666666785876
,,,,,1534.6716666618986
,,,,,1534.6766667763393
,,,,,1534.6816666523616
,,,,,1534.6866667668025
,,,,,1534.6916666428249
,,,,,1534.6966667572658
,,,,,1534.7016666332881
,,,,,1534.706666747729
,,,,,1534.7116666237514
,,,,,1534.7166667381923
,,,,,1534.7216666142147
,,,,,1534.7266667286556
,,,,,1534.7316668430965
,,,,,1534.7366667191188
,,,,,1534.7416668335597
,,,,,1534.746666709582
,,,,,1534.751666824023
,,,,,1534.7566667000453
,,,,,1534.7616668144863
,,,,,1534.7666666905086
,,,,,1534.7716668049495
,,,,,1534.7766666809719
,,,,,1534.781666795413
,,,,,1534.7866666714351
,,,,,1534.791666785876
,,,,,1534.7966666618986
,,,,,1534.8016667763393
,,,,,1534.8066666523616
,,,,,1534.8116667668025
,,,,,1534.8166666428249
,,,,,1534.8216667572658
,,,,,1534.8266666332881
,,,,,1534.831666747729
,,,,,1534.8366666237514
,,,,,1534.8416667381923
,,,,,1534.8466666142147
,,,,,1534.8516667286556
,,,,,1534.8566668430965
,,,,,1534.8616667191188
,,,,,1534.8666668335597
,,,,,1534.871666709582
,,,,,1534.876666824023
,,,,,1534.8816667000453
,,,,,1534.8866668144863
,,,,,1534.8916666905086
,,,,,1534.8966668049495
,,,,,1534.9016666809719
,,,,,1534.906666795413
,,,,,1534.9116666714351
,,,,,1534.916666785876
,,,,,1534.9216666618986
,,,,,1534.9266667763393
,,,,,1534.9316666523616
,,,,,1534.9366667668025
,,,,,1534.9416666428249
,,,,,1534.9466667572658
,,,,,1534.9516666332881
,,,,,1534.956666747729
,,,,,1534.9616666237514
,,,,,1534.9666667381923
,,,,,1534.9716666142147
,,,,,1534.9766667286556
,,,,,1534.9816668430965
,,,,,1534.9866667191188
,,,,,1534.9916668335597
,,,,,1534.996666709582
,,,,,1535.001666824023
,,,,,1535.0066667000453
,,,,,1535.0116668144863
,,,,,1535.0166666905086
,,,,,1535.0216668049495
,,,,,1535.0266666809719
,,,,,1535.031666795413
,,,,,1535.0366666714351
,,,,,1535.041666785876
,,,,,1535.0466666618986
,,,,,1535.0516667763393
,,,,,1535.0566666523616
,,,,,1535.0616667668025
,,,,,1535.0666666428249
,,,,,1535.0716667572658
,,,,,1535.0766666332881
,,,,,1535.081666747729
,,,,,1535.0866666237514
,,,,,1535.0916667381923
,,,,,1535.0966666142147
,,,,,1535.1016667286556
,,,,,1535.1066668430965
,,,,,1535.1116667191188
,,,,,1535.1166668335597
,,,,,1535.121666709582
,,,,,1535.126666824023
,,,,,1535.1316667000453
,,,,,1535.1366668144863
,,,,,1535.1416666905086
,,,,,1535.1466668049495
,,,,,1535.1516666809719
,,,,,1535.156666795413
,,,,,1535.1616666714351
,,,,,1535.166666785876
,,,,,1535.1716666618986
,,,,,1535.1766667763393
,,,,,1535.1816666523616
,,,,,1535.1866667668025
,,,,,1535.1916666428249
,,,,,1535.1966667572658
,,,,,1535.2016666332881
,,,,,1535.206666747729
,,,,,1535.2116666237514
,,,,,1535.2166667381923
,,,,,1535.2216666142147
,,,,,1535.2266667286556
,,,,,1535.2316668430965
,,,,,1535.2366667191188
,,,,,1535.2416668335597
,,,,,1535.246666709582
,,,,,1535.251666824023
,,,,,1535.2566667000453
,,,,,1535.2616668144863
,,,,,1535.2666666905086
,,,,,1535.2716668049495
,,,,,1535.2766666809719
,,,,,1535.281666795413
,,,,,1535.2866666714351
,,,,,1535.291666785876
,,,,,1535.2966666618986
,,,,,1535.3016667763393
,,,,,1535.3066666523616
,,,,,1535.3116667668025
,,,,,1535.3166666428249
,,,,,1535.3216667572658
,,,,,1535.3266666332881
,,,,,1535.331666747729
,,,,,1535.3366666237514
,,,,,1535.3416667381923
,,,,,1535.3466666142147
,,,,,1535.3516667286556
,,,,,1535.3566668430965
,,,,,1535.3616667191188
,,,,,1535.3666668335597
,,,,,1535.371666709582
,,,,,1535.376666824023
,,,,,1535.3816667000453
,,,,,1535.3866668144863
,,,,,1535.3916666905086
,,,,,1535.3966668049495
,,,,,1535.4016666809719
,,,,,1535.406666795413
,,,,,1535.4116666714351
,,,,,1535.416666785876
,,,,,1535.4216666618986
,,,,,1535.4266667763393
,,,,,1535.4316666523616
,,,,,1535.4366667668025
,,,,,1535.4416666428249
,,,,,1535.4466667572658
,,,,,1535.4516666332881
,,,,,1535.456666747729
,,,,,1535.4616666237514
,,,,,1535.4666667381923
,,,,,1535.4716666142147
,,,,,1535.4766667286556
,,,,,1535.4816668430965
,,,,,1535.4866667191188
,,,,,1535.4916668335597
,,,,,1535.496666709582
,,,,,1535.501666824023
,,,,,1535.5066667000453
,,,,,1535.5116668144863
,,,,,1535.5166666905086
,,,,,1535.5216668049495
,,,,,1535.5266666809719
,,,,,1535.531666795413
,,,,,1535.5366666714351
,,,,,1535.541666785876
,,,,,1535.5466666618986
,,,,,1535.5516667763393
,,,,,1535.5566666523616
,,,,,1535.5616667668025
,,,,,1535.5666666428249
,,,,,1535.5716667572658
,,,,,1535.5766666332881
,,,,,1535.581666747729
,,,,,1535.5866666237514
,,,,,1535.5916667381923
,,,,,1535.5966666142147
,,,,,1535.6016667286556
,,,,,1535.6066668430965
,,,,,1535.6116667191188
,,,,,1535.6166668335597
,,,,,1535.621666709582
,,,,,1535.626666824023
,,,,,1535.6316667000453
,,,,,1535.6366668144863
,,,,,1535.6416666905086
,,,,,1535.6466668049495
,,,,,1535.6516666809719
,,,,,1535.656666795413
,,,,,1535.6616666714351
,,,,,1535.666666785876
,,,,,1535.6716666618986
,,,,,1535.6766667763393
,,,,,1535.6816666523616
,,,,,1535.6866667668025
,,,,,1535.6916666428249
,,,,,1535.6966667572658
,,,,,1535.7016666332881
,,,,,1535.706666747729
,,,,,1535.7116666237514
,,,,,1535.7166667381923
,,,,,1535.7216666142147
,,,,,1535.7266667286556
,,,,,1535.7316668430965
,,,,,1535.7366667191188
,,,,,1535.7416668335597
,,,,,1535.746666709582
,,,,,1535.751666824023
,,,,,1535.7566667000453
,,,,,1535.7616668144863
,,,,,1535.7666666905086
,,,,,1535.7716668049495
,,,,,1535.7766666809719
,,,,,1535.781666795413
,,,,,1535.7866666714351
,,,,,1535.791666785876
,,,,,1535.7966666618986
,,,,,1535.8016667763393
,,,,,1535.8066666523616
,,,,,1535.8116667668025
,,,,,1535.8166666428249
,,,,,1535.8216667572658
,,,,,1535.8266666332881
,,,,,1535.831666747729
,,,,,1535.8366666237514
,,,,,1535.8416667381923
,,,,,1535.8466666142147
,,,,,1535.8516667286556
,,,,,1535.8566668430965
,,,,,1535.8616667191188
,,,,,1535.8666668335597
,,,,,1535.871666709582
,,,,,1535.876666824023
,,,,,1535.8816667000453
,,,,,1535.8866668144863
,,,,,1535.8916666905086
,,,,,1535.8966668049495
,,,,,1535.9016666809719
,,,,,1535.906666795413
,,,,,1535.9116666714351
,,,,,1535.916666785876
,,,,,1535.9216666618986
,,,,,1535.9266667763393
,,,,,1535.9316666523616
,,,,,1535.9366667668025
,,,,,1535.9416666428249
,,,,,1535.9466667572658
,,,,,1535.9516666332881
,,,,,1535.956666747729
,,,,,1535.9616666237514
,,,,,1535.9666667381923
,,,,,1535.9716666142147
,,,,,1535.9766667286556
,,,,,1535.9816668430965
,,,,,1535.9866667191188
,,,,,1535.9916668335597
,,,,,1535.996666709582
,,,,,1536.001666824023
,,,,,1536.0066667000453
,,,,,1536.0116668144863
,,,,,1536.0166666905086
,,,,,1536.0216668049495
,,,,,1536.0266666809719
,,,,,1536.031666795413
,,,,,1536.0366666714351
,,,,,1536.041666785876
,,,,,1536.0466666618986
,,,,,1536.0516667763393
,,,,,1536.0566666523616
,,,,,1536.0616667668025
,,,,,1536.0666666428249
,,,,,1536.0716667572658
,,,,,1536.0766666332881
,,,,,1536.081666747729
,,,,,1536.0866666237514
,,,,,1536.0916667381923
,,,,,1536.0966666142147
,,,,,1536.1016667286556
,,,,,1536.1066668430965
,,,,,1536.1116667191188
,,,,,1536.1166668335597
,,,,,1536.121666709582
,,,,,1536.126666824023
,,,,,1536.1316667000453
,,,,,1536.1366668144863
,,,,,1536.1416666905086
,,,,,1536.1466668049495
,,,,,1536.1516666809719
,,,,,1536.156666795413
,,,,,1536.1616666714351
,,,,,1536.166666785876
,,,,,1536.1716666618986
,,,,,1536.1766667763393
,,,,,1536.1816666523616
,,,,,1536.1866667668025
,,,,,1536.1916666428249
,,,,,1536.1966667572658
,,,,,1536.2016666332881
,,,,,1536.206666747729
,,,,,1536.2116666237514
,,,,,1536.2166667381923
,,,,,1536.2216666142147
,,,,,1536.2266667286556
,,,,,1536.2316668430965
,,,,,1536.2366667191188
,,,,,1536.2416668335597
,,,,,1536.246666709582
,,,,,1536.251666824023
,,,,,1536.2566667000453
,,,,,1536.2616668144863
,,,,,1536.2666666905086
,,,,,1536.2716668049495
,,,,,1536.2766666809719
,,,,,1536.281666795413
,,,,,1536.2866666714351
,,,,,1536.291666785876
,,,,,1536.2966666618986
,,,,,1536.3016667763393
,,,,,1536.3066666523616
,,,,,1536.3116667668025
,,,,,1536.3166666428249
,,,,,1536.3216667572658
,,,,,1536.3266666332881
,,,,,1536.331666747729
,,,,,1536.3366666237514
,,,,,1536.3416667381923
,,,,,1536.3466666142147
,,,,,1536.3516667286556
,,,,,1536.3566668430965
,,,,,1536.3616667191188
,,,,,1536.3666668335597
,,,,,1536.371666709582
,,,,,1536.376666824023
,,,,,1536.3816667000453
,,,,,1536.3866668144863
,,,,,1536.3916666905086
,,,,,1536.3966668049495
,,,,,1536.4016666809719
,,,,,1536.406666795413
,,,,,1536.4116666714351
,,,,,1536.416666785876
,,,,,1536.4216666618986
,,,,,1536.4266667763393
,,,,,1536.4316666523616
,,,,,1536.4366667668025
,,,,,1536.4416666428249
,,,,,1536.4466667572658
,,,,,1536.4516666332881
,,,,,1536.456666747729
,,,,,1536.4616666237514
,,,,,1536.4666667381923
,,,,,1536.4716666142147
,,,,,1536.4766667286556
,,,,,1536.4816668430965
,,,,,1536.4866667191188
,,,,,1536.4916668335597
,,,,,1536.496666709582
,,,,,1536.501666824023
,,,,,1536.5066667000453
,,,,,1536.5116668144863
,,,,,1536.5166666905086
,,,,,1536.5216668049495
,,,,,1536.5266666809719
,,,,,1536.531666795413
,,,,,1536.5366666714351
,,,,,1536.541666785876
,,,,,1536.5466666618986
,,,,,1536.5516667763393
,,,,,1536.5566666523616
,,,,,1536.5616667668025
,,,,,1536.5666666428249
,,,,,1536.5716667572658
,,,,,1536.5766666332881
,,,,,1536.581666747729
,,,,,1536.5866666237514
,,,,,1536.5916667381923
,,,,,1536.5966666142147
,,,,,1536.6016667286556
,,,,,1536.6066668430965
,,,,,1536.6116667191188
,,,,,1536.6166668335597
,,,,,1536.621666709582
,,,,,1536.626666824023
,,,,,1536.6316667000453
,,,,,1536.6366668144863
,,,,,1536.6416666905086
,,,,,1536.6466668049495
,,,,,1536.6516666809719
,,,,,1536.656666795413
,,,,,1536.6616666714351
,,,,,1536.666666785876
,,,,,1536.6716666618986
,,,,,1536.6766667763393
,,,,,1536.6816666523616
,,,,,1536.6866667668025
,,,,,1536.6916666428249
,,,,,1536.6966667572658
,,,,,1536.7016666332881
,,,,,1536.706666747729
,,,,,1536.7116666237514
,,,,,1536.7166667381923
,,,,,1536.7216666142147
,,,,,1536.7266667286556
,,,,,1536.7316668430965
,,,,,1536.7366667191188
,,,,,1536.7416668335597
,,,,,1536.746666709582
,,,,,1536.751666824023
,,,,,1536.7566667000453
,,,,,1536.7616668144863
,,,,,1536.7666666905086
,,,,,1536.7716668049495
,,,,,1536.7766666809719
,,,,,1536.781666795413
,,,,,1536.7866666714351
,,,,,1536.791666785876
,,,,,1536.7966666618986
,,,,,1536.8016667763393
,,,,,1536.8066666523616
,,,,,1536.8116667668025
,,,,,1536.8166666428249
,,,,,1536.8216667572658
,,,,,1536.8266666332881
,,,,,1536.831666747729
,,,,,1536.8366666237514
,,,,,1536.8416667381923
,,,,,1536.8466666142147
,,,,,1536.8516667286556
,,,,,1536.8566668430965
,,,,,1536.8616667191188
,,,,,1536.8666668335597
,,,,,1536.871666709582
,,,,,1536.876666824023
,,,,,1536.8816667000453
,,,,,1536.8866668144863
,,,,,1536.8916666905086
,,,,,1536.8966668049495
,,,,,1536.9016666809719
,,,,,1536.906666795413
,,,,,1536.9116666714351
,,,,,1536.916666785876
,,,,,1536.9216666618986
,,,,,1536.9266667763393
,,,,,1536.9316666523616
,,,,,1536.9366667668025
,,,,,1536.9416666428249
,,,,,1536.9466667572658
,,,,,1536.9516666332881
,,,,,1536.956666747729
,,,,,1536.9616666237514
,,,,,1536.9666667381923
,,,,,1536.9716666142147
,,,,,1536.9766667286556
,,,,,1536.9816668430965
,,,,,1536.9866667191188
,,,,,1536.9916668335597
,,,,,1536.996666709582
,,,,,1537.001666824023
,,,,,1537.0066667000453
,,,,,1537.0116668144863
,,,,,1537.0166666905086
,,,,,1537.0216668049495
,,,,,1537.0266666809719
,,,,,1537.031666795413
,,,,,1537.0366666714351
,,,,,1537.041666785876
,,,,,1537.0466666618986
,,,,,1537.0516667763393
,,,,,1537.0566666523616
,,,,,1537.0616667668025
,,,,,1537.0666666428249
,,,,,1537.0716667572658
,,,,,1537.0766666332881
,,,,,1537.081666747729
,,,,,1537.0866666237514
,,,,,1537.0916667381923
,,,,,1537.0966666142147
,,,,,1537.1016667286556
,,,,,1537.1066668430965
,,,,,1537.1116667191188
,,,,,1537.1166668335597
,,,,,1537.121666709582
,,,,,1537.126666824023
,,,,,1537.1316667000453
,,,,,1537.1366668144863
,,,,,1537.1416666905086
,,,,,1537.1466668049495
,,,,,1537.1516666809719
,,,,,1537.156666795413
,,,,,1537.1616666714351
,,,,,1537.166666785876
,,,,,1537.1716666618986
,,,,,1537.1766667763393
,,,,,1537.1816666523616
,,,,,1537.1866667668025
,,,,,1537.1916666428249
,,,,,1537.1966667572658
,,,,,1537.2016666332881
,,,,,1537.206666747729
,,,,,1537.2116666237514
,,,,,1537.2166667381923
,,,,,1537.2216666142147
,,,,,1537.2266667286556
,,,,,1537.2316668430965
,,,,,1537.2366667191188
,,,,,1537.2416668335597
,,,,,1537.246666709582
,,,,,1537.251666824023
,,,,,1537.2566667000453
,,,,,1537.2616668144863
,,,,,1537.2666666905086
,,,,,1537.2716668049495
,,,,,1537.2766666809719
,,,,,1537.281666795413
,,,,,1537.2866666714351
,,,,,1537.291666785876
,,,,,1537.2966666618986
,,,,,1537.3016667763393
,,,,,1537.3066666523616
,,,,,1537.3116667668025
,,,,,1537.3166666428249
,,,,,1537.3216667572658
,,,,,1537.3266666332881
,,,,,1537.331666747729
,,,,,1537.3366666237514
,,,,,1537.3416667381923
,,,,,1537.3466666142147
,,,,,1537.3516667286556
,,,,,1537.3566668430965
,,,,,1537.3616667191188
,,,,,1537.3666668335597
,,,,,1537.371666709582
,,,,,1537.376666824023
,,,,,1537.3816667000453
,,,,,1537.3866668144863
,,,,,1537.3916666905086
,,,,,1537.3966668049495
,,,,,1537.4016666809719
,,,,,1537.406666795413
,,,,,1537.4116666714351
,,,,,1537.416666785876
,,,,,1537.4216666618986
,,,,,1537.4266667763393
,,,,,1537.4316666523616
,,,,,1537.4366667668025
,,,,,1537.4416666428249
,,,,,1537.4466667572658
,,,,,1537.4516666332881
,,,,,1537.456666747729
,,,,,1537.4616666237514
,,,,,1537.4666667381923
,,,,,1537.4716666142147
,,,,,1537.4766667286556
,,,,,1537.4816668430965
,,,,,1537.4866667191188
,,,,,1537.4916668335597
,,,,,1537.496666709582
,,,,,1537.501666824023
,,,,,1537.5066667000453
,,,,,1537.5116668144863
,,,,,1537.5166666905086
,,,,,1537.5216668049495
,,,,,1537.5266666809719
,,,,,1537.531666795413
,,,,,1537.5366666714351
,,,,,1537.541666785876
,,,,,1537.5466666618986
,,,,,1537.5516667763393
,,,,,1537.5566666523616
,,,,,1537.5616667668025
,,,,,1537.5666666428249
,,,,,1537.5716667572658
,,,,,1537.5766666332881
,,,,,1537.581666747729
,,,,,1537.5866666237514
,,,,,1537.5916667381923
,,,,,1537.5966666142147
,,,,,1537.6016667286556
,,,,,1537.6066668430965
,,,,,1537.6116667191188
,,,,,1537.6166668335597
,,,,,1537.621666709582
,,,,,1537.626666824023
,,,,,1537.6316667000453
,,,,,1537.6366668144863
,,,,,1537.6416666905086
,,,,,1537.6466668049495
,,,,,1537.6516666809719
,,,,,1537.656666795413
,,,,,1537.6616666714351
,,,,,1537.666666785876
,,,,,1537.6716666618986
,,,,,1537.6766667763393
,,,,,1537.6816666523616
,,,,,1537.6866667668025
,,,,,1537.6916666428249
,,,,,1537.6966667572658
,,,,,1537.7016666332881
,,,,,1537.706666747729
,,,,,1537.7116666237514
,,,,,1537.7166667381923
,,,,,1537.7216666142147
,,,,,1537.7266667286556
,,,,,1537.7316668430965
,,,,,1537.7366667191188
,,,,,1537.7416668335597
,,,,,1537.746666709582
,,,,,1537.751666824023
,,,,,1537.7566667000453
,,,,,1537.7616668144863
,,,,,1537.7666666905086
,,,,,1537.7716668049495
,,,,,1537.7766666809719
,,,,,1537.781666795413
,,,,,1537.7866666714351
,,,,,1537.791666785876
,,,,,1537.7966666618986
,,,,,1537.8016667763393
,,,,,1537.8066666523616
,,,,,1537.8116667668025
,,,,,1537.8166666428249
,,,,,1537.8216667572658
,,,,,1537.8266666332881
,,,,,1537.831666747729
,,,,,1537.8366666237514
,,,,,1537.8416667381923
,,,,,1537.8466666142147
,,,,,1537.8516667286556
,,,,,1537.8566668430965
,,,,,1537.8616667191188
,,,,,1537.8666668335597
,,,,,1537.871666709582
,,,,,1537.876666824023
,,,,,1537.8816667000453
,,,,,1537.8866668144863
,,,,,1537.8916666905086
,,,,,1537.8966668049495
,,,,,1537.9016666809719
,,,,,1537.906666795413
,,,,,1537.9116666714351
,,,,,1537.916666785876
,,,,,1537.9216666618986
,,,,,1537.9266667763393
,,,,,1537.9316666523616
,,,,,1537.9366667668025
,,,,,1537.9416666428249
,,,,,1537.9466667572658
,,,,,1537.9516666332881
,,,,,1537.956666747729
,,,,,1537.9616666237514
,,,,,1537.9666667381923
,,,,,1537.9716666142147
,,,,,1537.9766667286556
,,,,,1537.9816668430965
,,,,,1537.9866667191188
,,,,,1537.9916668335597
,,,,,1537.996666709582
,,,,,1538.001666824023
,,,,,1538.0066667000453
,,,,,1538.0116668144863
,,,,,1538.0166666905086
,,,,,1538.0216668049495
,,,,,1538.0266666809719
,,,,,1538.031666795413
,,,,,1538.0366666714351
,,,,,1538.041666785876
,,,,,1538.0466666618986
,,,,,1538.0516667763393
,,,,,1538.0566666523616
,,,,,1538.0616667668025
,,,,,1538.0666666428249
,,,,,1538.0716667572658
,,,,,1538.0766666332881
,,,,,1538.081666747729
,,,,,1538.0866666237514
,,,,,1538.0916667381923
,,,,,1538.0966666142147
,,,,,1538.1016667286556
,,,,,1538.1066668430965
,,,,,1538.1116667191188
,,,,,1538.1166668335597
,,,,,1538.121666709582
,,,,,1538.126666824023
,,,,,1538.1316667000453
,,,,,1538.1366668144863
,,,,,1538.1416666905086
,,,,,1538.1466668049495
,,,,,1538.1516666809719
,,,,,1538.156666795413
,,,,,1538.1616666714351
,,,,,1538.166666785876
,,,,,1538.1716666618986
,,,,,1538.1766667763393
,,,,,1538.1816666523616
,,,,,1538.1866667668025
,,,,,1538.1916666428249
,,,,,1538.1966667572658
,,,,,1538.2016666332881
,,,,,1538.206666747729
,,,,,1538.2116666237514
,,,,,1538.2166667381923
,,,,,1538.2216666142147
,,,,,1538.2266667286556
,,,,,1538.2316668430965
,,,,,1538.2366667191188
,,,,,1538.2416668335597
,,,,,1538.246666709582
,,,,,1538.251666824023
,,,,,1538.2566667000453
,,,,,1538.2616668144863
,,,,,1538.2666666905086
,,,,,1538.2716668049495
,,,,,1538.2766666809719
,,,,,1538.281666795413
,,,,,1538.2866666714351
,,,,,1538.291666785876
,,,,,1538.2966666618986
,,,,,1538.3016667763393
,,,,,1538.3066666523616
,,,,,1538.3116667668025
,,,,,1538.3166666428249
,,,,,1538.3216667572658
,,,,,1538.3266666332881
,,,,,1538.331666747729
,,,,,1538.3366666237514
,,,,,1538.3416667381923
,,,,,1538.3466666142147
,,,,,1538.3516667286556
,,,,,1538.3566668430965
,,,,,1538.3616667191188
,,,,,1538.3666668335597
,,,,,1538.371666709582
,,,,,1538.376666824023
,,,,,1538.3816667000453
,,,,,1538.3866668144863
,,,,,1538.3916666905086
,,,,,1538.3966668049495
,,,,,1538.4016666809719
,,,,,1538.406666795413
,,,,,1538.4116666714351
,,,,,1538.416666785876
,,,,,1538.4216666618986
,,,,,1538.4266667763393
,,,,,1538.4316666523616
,,,,,1538.4366667668025
,,,,,1538.4416666428249
,,,,,1538.4466667572658
,,,,,1538.4516666332881
,,,,,1538.456666747729
,,,,,1538.4616666237514
,,,,,1538.4666667381923
,,,,,1538.4716666142147
,,,,,1538.4766667286556
,,,,,1538.4816668430965
,,,,,1538.4866667191188
,,,,,1538.4916668335597
,,,,,1538.496666709582
,,,,,1538.501666824023
,,,,,1538.5066667000453
,,,,,1538.5116668144863
,,,,,1538.5166666905086
,,,,,1538.5216668049495
,,,,,1538.5266666809719
,,,,,1538.531666795413
,,,,,1538.5366666714351
,,,,,1538.541666785876
,,,,,1538.5466666618986
,,,,,1538.5516667763393
,,,,,1538.5566666523616
,,,,,1538.5616667668025
,,,,,1538.5666666428249
,,,,,1538.5716667572658
,,,,,1538.5766666332881
,,,,,1538.581666747729
,,,,,1538.5866666237514
,,,,,1538.5916667381923
,,,,,1538.5966666142147
,,,,,1538.6016667286556
,,,,,1538.6066668430965
,,,,,1538.6116667191188
,,,,,1538.6166668335597
,,,,,1538.621666709582
,,,,,1538.626666824023
,,,,,1538.6316667000453
,,,,,1538.6366668144863
,,,,,1538.6416666905086
,,,,,1538.6466668049495
,,,,,1538.6516666809719
,,,,,1538.656666795413
,,,,,1538.6616666714351
,,,,,1538.666666785876
,,,,,1538.6716666618986
,,,,,1538.6766667763393
,,,,,1538.6816666523616
,,,,,1538.6866667668025
,,,,,1538.6916666428249
,,,,,1538.6966667572658
,,,,,1538.7016666332881
,,,,,1538.706666747729
,,,,,1538.7116666237514
,,,,,1538.7166667381923
,,,,,1538.7216666142147
,,,,,1538.7266667286556
,,,,,1538.7316668430965
,,,,,1538.7366667191188
,,,,,1538.7416668335597
,,,,,1538.746666709582
,,,,,1538.751666824023
,,,,,1538.7566667000453
,,,,,1538.7616668144863
,,,,,1538.7666666905086
,,,,,1538.7716668049495
,,,,,1538.7766666809719
,,,,,1538.781666795413
,,,,,1538.7866666714351
,,,,,1538.791666785876
,,,,,1538.7966666618986
,,,,,1538.8016667763393
,,,,,1538.8066666523616
,,,,,1538.8116667668025
,,,,,1538.8166666428249
,,,,,1538.8216667572658
,,,,,1538.8266666332881
,,,,,1538.831666747729
,,,,,1538.8366666237514
,,,,,1538.8416667381923
,,,,,1538.8466666142147
,,,,,1538.8516667286556
,,,,,1538.8566668430965
,,,,,1538.8616667191188
,,,,,1538.8666668335597
,,,,,1538.871666709582
,,,,,1538.876666824023
,,,,,1538.8816667000453
,,,,,1538.8866668144863
,,,,,1538.8916666905086
,,,,,1538.8966668049495
,,,,,1538.9016666809719
,,,,,1538.906666795413
,,,,,1538.9116666714351
,,,,,1538.916666785876
,,,,,1538.9216666618986
,,,,,1538.9266667763393
,,,,,1538.9316666523616
,,,,,1538.9366667668025
,,,,,1538.9416666428249
,,,,,1538.9466667572658
,,,,,1538.9516666332881
,,,,,1538.956666747729
,,,,,1538.9616666237514
,,,,,1538.9666667381923
,,,,,1538.9716666142147
,,,,,1538.9766667286556
,,,,,1538.9816668430965
,,,,,1538.9866667191188
,,,,,1538.9916668335597
,,,,,1538.996666709582
,,,,,1539.001666824023
,,,,,1539.0066667000453
,,,,,1539.0116668144863
,,,,,1539.0166666905086
,,,,,1539.0216668049495
,,,,,1539.0266666809719
,,,,,1539.031666795413
,,,,,1539.0366666714351
,,,,,1539.041666785876
,,,,,1539.0466666618986
,,,,,1539.0516667763393
,,,,,1539.0566666523616
,,,,,1539.0616667668025
,,,,,1539.0666666428249
,,,,,1539.0716667572658
,,,,,1539.0766666332881
,,,,,1539.081666747729
,,,,,1539.0866666237514
,,,,,1539.0916667381923
,,,,,1539.0966666142147
,,,,,1539.1016667286556
,,,,,1539.1066668430965
,,,,,1539.1116667191188
,,,,,1539.1166668335597
,,,,,1539.121666709582
,,,,,1539.126666824023
,,,,,1539.1316667000453
,,,,,1539.1366668144863
,,,,,1539.1416666905086
,,,,,1539.1466668049495
,,,,,1539.1516666809719
,,,,,1539.156666795413
,,,,,1539.1616666714351
,,,,,1539.166666785876
,,,,,1539.1716666618986
,,,,,1539.1766667763393
,,,,,1539.1816666523616
,,,,,1539.1866667668025
,,,,,1539.1916666428249
,,,,,1539.1966667572658
,,,,,1539.2016666332881
,,,,,1539.206666747729
,,,,,1539.2116666237514
,,,,,1539.2166667381923
,,,,,1539.2216666142147
,,,,,1539.2266667286556
,,,,,1539.2316668430965
,,,,,1539.2366667191188
,,,,,1539.2416668335597
,,,,,1539.246666709582
,,,,,1539.251666824023
,,,,,1539.2566667000453
,,,,,1539.2616668144863
,,,,,1539.2666666905086
,,,,,1539.2716668049495
,,,,,1539.2766666809719
,,,,,1539.281666795413
,,,,,1539.2866666714351
,,,,,1539.291666785876
,,,,,1539.2966666618986
,,,,,1539.3016667763393
,,,,,1539.3066666523616
,,,,,1539.3116667668025
,,,,,1539.3166666428249
,,,,,1539.3216667572658
,,,,,1539.3266666332881
,,,,,1539.331666747729
,,,,,1539.3366666237514
,,,,,1539.3416667381923
,,,,,1539.3466666142147
,,,,,1539.3516667286556
,,,,,1539.3566668430965
,,,,,1539.3616667191188
,,,,,1539.3666668335597
,,,,,1539.371666709582
,,,,,1539.376666824023
,,,,,1539.3816667000453
,,,,,1539.3866668144863
,,,,,1539.3916666905086
,,,,,1539.3966668049495
,,,,,1539.4016666809719
,,,,,1539.406666795413
,,,,,1539.4116666714351
,,,,,1539.416666785876
,,,,,1539.4216666618986
,,,,,1539.4266667763393
,,,,,1539.4316666523616
,,,,,1539.4366667668025
,,,,,1539.4416666428249
,,,,,1539.4466667572658
,,,,,1539.4516666332881
,,,,,1539.456666747729
,,,,,1539.4616666237514
,,,,,1539.4666667381923
,,,,,1539.4716666142147
,,,,,1539.4766667286556
,,,,,1539.4816668430965
,,,,,1539.4866667191188
,,,,,1539.4916668335597
,,,,,1539.496666709582
,,,,,1539.501666824023
,,,,,1539.5066667000453
,,,,,1539.5116668144863
,,,,,1539.5166666905086
,,,,,1539.5216668049495
,,,,,1539.5266666809719
,,,,,1539.531666795413
,,,,,1539.5366666714351
,,,,,1539.541666785876
,,,,,1539.5466666618986
,,,,,1539.5516667763393
,,,,,1539.5566666523616
,,,,,1539.5616667668025
,,,,,1539.5666666428249
,,,,,1539.5716667572658
,,,,,1539.5766666332881
,,,,,1539.581666747729
,,,,,1539.5866666237514
,,,,,1539.5916667381923
,,,,,1539.5966666142147
,,,,,1539.6016667286556
,,,,,1539.6066668430965
,,,,,1539.6116667191188
,,,,,1539.6166668335597
,,,,,1539.621666709582
,,,,,1539.626666824023
,,,,,1539.6316667000453
,,,,,1539.6366668144863
,,,,,1539.6416666905086
,,,,,1539.6466668049495
,,,,,1539.6516666809719
,,,,,1539.656666795413
,,,,,1539.6616666714351
,,,,,1539.666666785876
,,,,,1539.6716666618986
,,,,,1539.6766667763393
,,,,,1539.6816666523616
,,,,,1539.6866667668025
,,,,,1539.6916666428249
,,,,,1539.6966667572658
,,,,,1539.7016666332881
,,,,,1539.706666747729
,,,,,1539.7116666237514
,,,,,1539.7166667381923
,,,,,1539.7216666142147
,,,,,1539.7266667286556
,,,,,1539.7316668430965
,,,,,1539.7366667191188
,,,,,1539.7416668335597
,,,,,1539.746666709582
,,,,,1539.751666824023
,,,,,1539.7566667000453
,,,,,1539.7616668144863
,,,,,1539.7666666905086
,,,,,1539.7716668049495
,,,,,1539.7766666809719
,,,,,1539.781666795413
,,,,,1539.7866666714351
,,,,,1539.791666785876
,,,,,1539.7966666618986
,,,,,1539.8016667763393
,,,,,1539.8066666523616
,,,,,1539.8116667668025
,,,,,1539.8166666428249
,,,,,1539.8216667572658
,,,,,1539.8266666332881
,,,,,1539.831666747729
,,,,,1539.8366666237514
,,,,,1539.8416667381923
,,,,,1539.8466666142147
,,,,,1539.8516667286556
,,,,,1539.8566668430965
,,,,,1539.8616667191188
,,,,,1539.8666668335597
,,,,,1539.871666709582
,,,,,1539.876666824023
,,,,,1539.8816667000453
,,,,,1539.8866668144863
,,,,,1539.8916666905086
,,,,,1539.8966668049495
,,,,,1539.9016666809719
,,,,,1539.906666795413
,,,,,1539.9116666714351
,,,,,1539.916666785876
,,,,,1539.9216666618986
,,,,,1539.9266667763393
,,,,,1539.9316666523616
,,,,,1539.9366667668025
,,,,,1539.9416666428249
,,,,,1539.9466667572658
,,,,,1539.9516666332881
,,,,,1539.956666747729
,,,,,1539.9616666237514
,,,,,1539.9666667381923
,,,,,1539.9716666142147
,,,,,1539.9766667286556
,,,,,1539.9816668430965
,,,,,1539.9866667191188
,,,,,1539.9916668335597
,,,,,1539.996666709582
,,,,,1540.001666824023
,,,,,1540.0066667000453
,,,,,1540.0116668144863
,,,,,1540.0166666905086
,,,,,1540.0216668049495
,,,,,1540.0266666809719
,,,,,1540.031666795413
,,,,,1540.0366666714351
,,,,,1540.041666785876
,,,,,1540.0466666618986
,,,,,1540.0516667763393
,,,,,1540.0566666523616
,,,,,1540.0616667668025
,,,,,1540.0666666428249
,,,,,1540.0716667572658
,,,,,1540.0766666332881
,,,,,1540.081666747729
,,,,,1540.0866666237514
,,,,,1540.0916667381923
,,,,,1540.0966666142147
,,,,,1540.1016667286556
,,,,,1540.1066668430965
,,,,,1540.1116667191188
,,,,,1540.1166668335597
,,,,,1540.121666709582
,,,,,1540.126666824023
,,,,,1540.1316667000453
,,,,,1540.1366668144863
,,,,,1540.1416666905086
,,,,,1540.1466668049495
,,,,,1540.1516666809719
,,,,,1540.156666795413
,,,,,1540.1616666714351
,,,,,1540.166666785876
,,,,,1540.1716666618986
,,,,,1540.1766667763393
,,,,,1540.1816666523616
,,,,,1540.1866667668025
,,,,,1540.1916666428249
,,,,,1540.1966667572658
,,,,,1540.2016666332881
,,,,,1540.206666747729
,,,,,1540.2116666237514
,,,,,1540.2166667381923
,,,,,1540.2216666142147
,,,,,1540.2266667286556
,,,,,1540.2316668430965
,,,,,1540.2366667191188
,,,,,1540.2416668335597
,,,,,1540.246666709582
,,,,,1540.251666824023
,,,,,1540.2566667000453
,,,,,1540.2616668144863
,,,,,1540.2666666905086
,,,,,1540.2716668049495
,,,,,1540.2766666809719
,,,,,1540.281666795413
,,,,,1540.2866666714351
,,,,,1540.291666785876
,,,,,1540.2966666618986
,,,,,1540.3016667763393
,,,,,1540.3066666523616
,,,,,1540.3116667668025
,,,,,1540.3166666428249
,,,,,1540.3216667572658
,,,,,1540.3266666332881
,,,,,1540.331666747729
,,,,,1540.3366666237514
,,,,,1540.3416667381923
,,,,,1540.3466666142147
,,,,,1540.3516667286556
,,,,,1540.3566668430965
,,,,,1540.3616667191188
,,,,,1540.3666668335597
,,,,,1540.371666709582
,,,,,1540.376666824023
,,,,,1540.3816667000453
,,,,,1540.3866668144863
,,,,,1540.3916666905086
,,,,,1540.3966668049495
,,,,,1540.4016666809719
,,,,,1540.406666795413
,,,,,1540.4116666714351
,,,,,1540.416666785876
,,,,,1540.4216666618986
,,,,,1540.4266667763393
,,,,,1540.4316666523616
,,,,,1540.4366667668025
,,,,,1540.4416666428249
,,,,,1540.4466667572658
,,,,,1540.4516666332881
,,,,,1540.456666747729
,,,,,1540.4616666237514
,,,,,1540.4666667381923
,,,,,1540.4716666142147
,,,,,1540.4766667286556
,,,,,1540.4816668430965
,,,,,1540.4866667191188
,,,,,1540.4916668335597
,,,,,1540.496666709582
,,,,,1540.501666824023
,,,,,1540.5066667000453
,,,,,1540.5116668144863
,,,,,1540.5166666905086
,,,,,1540.5216668049495
,,,,,1540.5266666809719
,,,,,1540.531666795413
,,,,,1540.5366666714351
,,,,,1540.541666785876
,,,,,1540.5466666618986
,,,,,1540.5516667763393
,,,,,1540.5566666523616
,,,,,1540.5616667668025
,,,,,1540.5666666428249
,,,,,1540.5716667572658
,,,,,1540.5766666332881
,,,,,1540.581666747729
,,,,,1540.5866666237514
,,,,,1540.5916667381923
,,,,,1540.5966666142147
,,,,,1540.6016667286556
,,,,,1540.6066668430965
,,,,,1540.6116667191188
,,,,,1540.6166668335597
,,,,,1540.621666709582
,,,,,1540.626666824023
,,,,,1540.6316667000453
,,,,,1540.6366668144863
,,,,,1540.6416666905086
,,,,,1540.6466668049495
,,,,,1540.6516666809719
,,,,,1540.656666795413
,,,,,1540.6616666714351
,,,,,1540.666666785876
,,,,,1540.6716666618986
,,,,,1540.6766667763393
,,,,,1540.6816666523616
,,,,,1540.6866667668025
,,,,,1540.6916666428249
,,,,,1540.6966667572658
,,,,,1540.7016666332881
,,,,,1540.706666747729
,,,,,1540.7116666237514
,,,,,1540.7166667381923
,,,,,1540.7216666142147
,,,,,1540.7266667286556
,,,,,1540.7316668430965
,,,,,1540.7366667191188
,,,,,1540.7416668335597
,,,,,1540.746666709582
,,,,,1540.751666824023
,,,,,1540.7566667000453
,,,,,1540.7616668144863
,,,,,1540.7666666905086
,,,,,1540.7716668049495
,,,,,1540.7766666809719
,,,,,1540.781666795413
,,,,,1540.7866666714351
,,,,,1540.791666785876
,,,,,1540.7966666618986
,,,,,1540.8016667763393
,,,,,1540.8066666523616
,,,,,1540.8116667668025
,,,,,1540.8166666428249
,,,,,1540.8216667572658
,,,,,1540.8266666332881
,,,,,1540.831666747729
,,,,,1540.8366666237514
,,,,,1540.8416667381923
,,,,,1540.8466666142147
,,,,,1540.8516667286556
,,,,,1540.8566668430965
,,,,,1540.8616667191188
,,,,,1540.8666668335597
,,,,,1540.871666709582
,,,,,1540.876666824023
,,,,,1540.8816667000453
,,,,,1540.8866668144863
,,,,,1540.8916666905086
,,,,,1540.8966668049495
,,,,,1540.9016666809719
,,,,,1540.906666795413
,,,,,1540.9116666714351
,,,,,1540.916666785876
,,,,,1540.9216666618986
,,,,,1540.9266667763393
,,,,,1540.9316666523616
,,,,,1540.9366667668025
,,,,,1540.9416666428249
,,,,,1540.9466667572658
,,,,,1540.9516666332881
,,,,,1540.956666747729
,,,,,1540.9616666237514
,,,,,1540.9666667381923
,,,,,1540.9716666142147
,,,,,1540.9766667286556
,,,,,1540.9816668430965
,,,,,1540.9866667191188
,,,,,1540.9916668335597
,,,,,1540.996666709582
,,,,,1541.001666824023
,,,,,1541.0066667000453
,,,,,1541.0116668144863
,,,,,1541.0166666905086
,,,,,1541.0216668049495
,,,,,1541.0266666809719
,,,,,1541.031666795413
,,,,,1541.0366666714351
,,,,,1541.041666785876
,,,,,1541.0466666618986
,,,,,1541.0516667763393
,,,,,1541.0566666523616
,,,,,1541.0616667668025
,,,,,1541.0666666428249
,,,,,1541.0716667572658
,,,,,1541.0766666332881
,,,,,1541.081666747729
,,,,,1541.0866666237514
,,,,,1541.0916667381923
,,,,,1541.0966666142147
,,,,,1541.1016667286556
,,,,,1541.1066668430965
,,,,,1541.1116667191188
,,,,,1541.1166668335597
,,,,,1541.121666709582
,,,,,1541.126666824023
,,,,,1541.1316667000453
,,,,,1541.1366668144863
,,,,,1541.1416666905086
,,,,,1541.1466668049495
,,,,,1541.1516666809719
,,,,,1541.156666795413
,,,,,1541.1616666714351
,,,,,1541.166666785876
,,,,,1541.1716666618986
,,,,,1541.1766667763393
,,,,,1541.1816666523616
,,,,,1541.1866667668025
,,,,,1541.1916666428249
,,,,,1541.1966667572658
,,,,,1541.2016666332881
,,,,,1541.206666747729
,,,,,1541.2116666237514
,,,,,1541.2166667381923
,,,,,1541.2216666142147
,,,,,1541.2266667286556
,,,,,1541.2316668430965
,,,,,1541.2366667191188
,,,,,1541.2416668335597
,,,,,1541.246666709582
,,,,,1541.251666824023
,,,,,1541.2566667000453
,,,,,1541.2616668144863
,,,,,1541.2666666905086
,,,,,1541.2716668049495
,,,,,1541.2766666809719
,,,,,1541.281666795413
,,,,,1541.2866666714351
,,,,,1541.291666785876
,,,,,1541.2966666618986
,,,,,1541.3016667763393
,,,,,1541.3066666523616
,,,,,1541.3116667668025
,,,,,1541.3166666428249
,,,,,1541.3216667572658
,,,,,1541.3266666332881
,,,,,1541.331666747729
,,,,,1541.3366666237514
,,,,,1541.3416667381923
,,,,,1541.3466666142147
,,,,,1541.3516667286556
,,,,,1541.3566668430965
,,,,,1541.3616667191188
,,,,,1541.3666668335597
,,,,,1541.371666709582
,,,,,1541.376666824023
,,,,,1541.3816667000453
,,,,,1541.3866668144863
,,,,,1541.3916666905086
,,,,,1541.3966668049495
,,,,,1541.4016666809719
,,,,,1541.406666795413
,,,,,1541.4116666714351
,,,,,1541.416666785876
,,,,,1541.4216666618986
,,,,,1541.4266667763393
,,,,,1541.4316666523616
,,,,,1541.4366667668025
,,,,,1541.4416666428249
,,,,,1541.4466667572658
,,,,,1541.4516666332881
,,,,,1541.456666747729
,,,,,1541.4616666237514
,,,,,1541.4666667381923
,,,,,1541.4716666142147
,,,,,1541.4766667286556
,,,,,1541.4816668430965
,,,,,1541.4866667191188
,,,,,1541.4916668335597
,,,,,1541.496666709582
,,,,,1541.501666824023
,,,,,1541.5066667000453
,,,,,1541.5116668144863
,,,,,1541.5166666905086
,,,,,1541.5216668049495
,,,,,1541.5266666809719
,,,,,1541.531666795413
,,,,,1541.5366666714351
,,,,,1541.541666785876
,,,,,1541.5466666618986
,,,,,1541.5516667763393
,,,,,1541.5566666523616
,,,,,1541.5616667668025
,,,,,1541.5666666428249
,,,,,1541.5716667572658
,,,,,1541.5766666332881
,,,,,1541.581666747729
,,,,,1541.5866666237514
,,,,,1541.5916667381923
,,,,,1541.5966666142147
,,,,,1541.6016667286556
,,,,,1541.6066668430965
,,,,,1541.6116667191188
,,,,,1541.6166668335597
,,,,,1541.621666709582
,,,,,1541.626666824023
,,,,,1541.6316667000453
,,,,,1541.6366668144863
,,,,,1541.6416666905086
,,,,,1541.6466668049495
,,,,,1541.6516666809719
,,,,,1541.656666795413
,,,,,1541.6616666714351
,,,,,1541.666666785876
,,,,,1541.6716666618986
,,,,,1541.6766667763393
,,,,,1541.6816666523616
,,,,,1541.6866667668025
,,,,,1541.6916666428249
,,,,,1541.6966667572658
,,,,,1541.7016666332881
,,,,,1541.706666747729
,,,,,1541.7116666237514
,,,,,1541.7166667381923
,,,,,1541.7216666142147
,,,,,1541.7266667286556
,,,,,1541.7316668430965
,,,,,1541.7366667191188
,,,,,1541.7416668335597
,,,,,1541.746666709582
,,,,,1541.751666824023
,,,,,1541.7566667000453
,,,,,1541.7616668144863
,,,,,1541.7666666905086
,,,,,1541.7716668049495
,,,,,1541.7766666809719
,,,,,1541.781666795413
,,,,,1541.7866666714351
,,,,,1541.791666785876
,,,,,1541.7966666618986
,,,,,1541.8016667763393
,,,,,1541.8066666523616
,,,,,1541.8116667668025
,,,,,1541.8166666428249
,,,,,1541.8216667572658
,,,,,1541.8266666332881
,,,,,1541.831666747729
,,,,,1541.8366666237514
,,,,,1541.8416667381923
,,,,,1541.8466666142147
,,,,,1541.8516667286556
,,,,,1541.8566668430965
,,,,,1541.8616667191188
,,,,,1541.8666668335597
,,,,,1541.871666709582
,,,,,1541.876666824023
,,,,,1541.8816667000453
,,,,,1541.8866668144863
,,,,,1541.8916666905086
,,,,,1541.8966668049495
,,,,,1541.9016666809719
,,,,,1541.906666795413
,,,,,1541.9116666714351
,,,,,1541.916666785876
,,,,,1541.9216666618986
,,,,,1541.9266667763393
,,,,,1541.9316666523616
,,,,,1541.9366667668025
,,,,,1541.9416666428249
,,,,,1541.9466667572658
,,,,,1541.9516666332881
,,,,,1541.956666747729
,,,,,1541.9616666237514
,,,,,1541.9666667381923
,,,,,1541.9716666142147
,,,,,1541.9766667286556
,,,,,1541.9816668430965
,,,,,1541.9866667191188
,,,,,1541.9916668335597
,,,,,1541.996666709582
,,,,,1542.001666824023
,,,,,1542.0066667000453
,,,,,1542.0116668144863
,,,,,1542.0166666905086
,,,,,1542.0216668049495
,,,,,1542.0266666809719
,,,,,1542.031666795413
,,,,,1542.0366666714351
,,,,,1542.041666785876
,,,,,1542.0466666618986
,,,,,1542.0516667763393
,,,,,1542.0566666523616
,,,,,1542.0616667668025
,,,,,1542.0666666428249
,,,,,1542.0716667572658
,,,,,1542.0766666332881
,,,,,1542.081666747729
,,,,,1542.0866666237514
,,,,,1542.0916667381923
,,,,,1542.0966666142147
,,,,,1542.1016667286556
,,,,,1542.1066668430965
,,,,,1542.1116667191188
,,,,,1542.1166668335597
,,,,,1542.121666709582
,,,,,1542.126666824023
,,,,,1542.1316667000453
,,,,,1542.1366668144863
,,,,,1542.1416666905086
,,,,,1542.1466668049495
,,,,,1542.1516666809719
,,,,,1542.156666795413
,,,,,1542.1616666714351
,,,,,1542.166666785876
,,,,,1542.1716666618986
,,,,,1542.1766667763393
,,,,,1542.1816666523616
,,,,,1542.1866667668025
,,,,,1542.1916666428249
,,,,,1542.1966667572658
,,,,,1542.2016666332881
,,,,,1542.206666747729
,,,,,1542.2116666237514
,,,,,1542.2166667381923
,,,,,1542.2216666142147
,,,,,1542.2266667286556
,,,,,1542.2316668430965
,,,,,1542.2366667191188
,,,,,1542.2416668335597
,,,,,1542.246666709582
,,,,,1542.251666824023
,,,,,1542.2566667000453
,,,,,1542.2616668144863
,,,,,1542.2666666905086
,,,,,1542.2716668049495
,,,,,1542.2766666809719
,,,,,1542.281666795413
,,,,,1542.2866666714351
,,,,,1542.291666785876
,,,,,1542.2966666618986
,,,,,1542.3016667763393
,,,,,1542.3066666523616
,,,,,1542.3116667668025
,,,,,1542.3166666428249
,,,,,1542.3216667572658
,,,,,1542.3266666332881
,,,,,1542.331666747729
,,,,,1542.3366666237514
,,,,,1542.3416667381923
,,,,,1542.3466666142147
,,,,,1542.3516667286556
,,,,,1542.3566668430965
,,,,,1542.3616667191188
,,,,,1542.3666668335597
,,,,,1542.371666709582
,,,,,1542.376666824023
,,,,,1542.3816667000453
,,,,,1542.3866668144863
,,,,,1542.3916666905086
,,,,,1542.3966668049495
,,,,,1542.4016666809719
,,,,,1542.406666795413
,,,,,1542.4116666714351
,,,,,1542.416666785876
,,,,,1542.4216666618986
,,,,,1542.4266667763393
,,,,,1542.4316666523616
,,,,,1542.4366667668025
,,,,,1542.4416666428249
,,,,,1542.4466667572658
,,,,,1542.4516666332881
,,,,,1542.456666747729
,,,,,1542.4616666237514
,,,,,1542.4666667381923
,,,,,1542.4716666142147
,,,,,1542.4766667286556
,,,,,1542.4816668430965
,,,,,1542.4866667191188
,,,,,1542.4916668335597
,,,,,1542.496666709582
,,,,,1542.501666824023
,,,,,1542.5066667000453
,,,,,1542.5116668144863
,,,,,1542.5166666905086
,,,,,1542.5216668049495
,,,,,1542.5266666809719
,,,,,1542.531666795413
,,,,,1542.5366666714351
,,,,,1542.541666785876
,,,,,1542.5466666618986
,,,,,1542.5516667763393
,,,,,1542.5566666523616
,,,,,1542.5616667668025
,,,,,1542.5666666428249
,,,,,1542.5716667572658
,,,,,1542.5766666332881
,,,,,1542.581666747729
,,,,,1542.5866666237514
,,,,,1542.5916667381923
,,,,,1542.5966666142147
,,,,,1542.6016667286556
,,,,,1542.6066668430965
,,,,,1542.6116667191188
,,,,,1542.6166668335597
,,,,,1542.621666709582
,,,,,1542.626666824023
,,,,,1542.6316667000453
,,,,,1542.6366668144863
,,,,,1542.6416666905086
,,,,,1542.6466668049495
,,,,,1542.6516666809719
,,,,,1542.656666795413
,,,,,1542.6616666714351
,,,,,1542.666666785876
,,,,,1542.6716666618986
,,,,,1542.6766667763393
,,,,,1542.6816666523616
,,,,,1542.6866667668025
,,,,,1542.6916666428249
,,,,,1542.6966667572658
,,,,,1542.7016666332881
,,,,,1542.706666747729
,,,,,1542.7116666237514
,,,,,1542.7166667381923
,,,,,1542.7216666142147
,,,,,1542.7266667286556
,,,,,1542.7316668430965
,,,,,1542.7366667191188
,,,,,1542.7416668335597
,,,,,1542.746666709582
,,,,,1542.751666824023
,,,,,1542.7566667000453
,,,,,1542.7616668144863
,,,,,1542.7666666905086
,,,,,1542.7716668049495
,,,,,1542.7766666809719
,,,,,1542.781666795413
,,,,,1542.7866666714351
,,,,,1542.791666785876
,,,,,1542.7966666618986
,,,,,1542.8016667763393
,,,,,1542.8066666523616
,,,,,1542.8116667668025
,,,,,1542.8166666428249
,,,,,1542.8216667572658
,,,,,1542.8266666332881
,,,,,1542.831666747729
,,,,,1542.8366666237514
,,,,,1542.8416667381923
,,,,,1542.8466666142147
,,,,,1542.8516667286556
,,,,,1542.8566668430965
,,,,,1542.8616667191188
,,,,,1542.8666668335597
,,,,,1542.871666709582
,,,,,1542.876666824023
,,,,,1542.8816667000453
,,,,,1542.8866668144863
,,,,,1542.8916666905086
,,,,,1542.8966668049495
,,,,,1542.9016666809719
,,,,,1542.906666795413
,,,,,1542.9116666714351
,,,,,1542.916666785876
,,,,,1542.9216666618986
,,,,,1542.9266667763393
,,,,,1542.9316666523616
,,,,,1542.9366667668025
,,,,,1542.9416666428249
,,,,,1542.9466667572658
,,,,,1542.9516666332881
,,,,,1542.956666747729
,,,,,1542.9616666237514
,,,,,1542.9666667381923
,,,,,1542.9716666142147
,,,,,1542.9766667286556
,,,,,1542.9816668430965
,,,,,1542.9866667191188
,,,,,1542.9916668335597
,,,,,1542.996666709582
,,,,,1543.001666824023
,,,,,1543.0066667000453
,,,,,1543.0116668144863
,,,,,1543.0166666905086
,,,,,1543.0216668049495
,,,,,1543.0266666809719
,,,,,1543.031666795413
,,,,,1543.0366666714351
,,,,,1543.041666785876
,,,,,1543.0466666618986
,,,,,1543.0516667763393
,,,,,1543.0566666523616
,,,,,1543.0616667668025
,,,,,1543.0666666428249
,,,,,1543.0716667572658
,,,,,1543.0766666332881
,,,,,1543.081666747729
,,,,,1543.0866666237514
,,,,,1543.0916667381923
,,,,,1543.0966666142147
,,,,,1543.1016667286556
,,,,,1543.1066668430965
,,,,,1543.1116667191188
,,,,,1543.1166668335597
,,,,,1543.121666709582
,,,,,1543.126666824023
,,,,,1543.1316667000453
,,,,,1543.1366668144863
,,,,,1543.1416666905086
,,,,,1543.1466668049495
,,,,,1543.1516666809719
,,,,,1543.156666795413
,,,,,1543.1616666714351
,,,,,1543.166666785876
,,,,,1543.1716666618986
,,,,,1543.1766667763393
,,,,,1543.1816666523616
,,,,,1543.1866667668025
,,,,,1543.1916666428249
,,,,,1543.1966667572658
,,,,,1543.2016666332881
,,,,,1543.206666747729
,,,,,1543.2116666237514
,,,,,1543.2166667381923
,,,,,1543.2216666142147
,,,,,1543.2266667286556
,,,,,1543.2316668430965
,,,,,1543.2366667191188
,,,,,1543.2416668335597
,,,,,1543.246666709582
,,,,,1543.251666824023
,,,,,1543.2566667000453
,,,,,1543.2616668144863
,,,,,1543.2666666905086
,,,,,1543.2716668049495
,,,,,1543.2766666809719
,,,,,1543.281666795413
,,,,,1543.2866666714351
,,,,,1543.291666785876
,,,,,1543.2966666618986
,,,,,1543.3016667763393
,,,,,1543.3066666523616
,,,,,1543.3116667668025
,,,,,1543.3166666428249
,,,,,1543.3216667572658
,,,,,1543.3266666332881
,,,,,1543.331666747729
,,,,,1543.3366666237514
,,,,,1543.3416667381923
,,,,,1543.3466666142147
,,,,,1543.3516667286556
,,,,,1543.3566668430965
,,,,,1543.3616667191188
,,,,,1543.3666668335597
,,,,,1543.371666709582
,,,,,1543.376666824023
,,,,,1543.3816667000453
,,,,,1543.3866668144863
,,,,,1543.3916666905086
,,,,,1543.3966668049495
,,,,,1543.4016666809719
,,,,,1543.406666795413
,,,,,1543.4116666714351
,,,,,1543.416666785876
,,,,,1543.4216666618986
,,,,,1543.4266667763393
,,,,,1543.4316666523616
,,,,,1543.4366667668025
,,,,,1543.4416666428249
,,,,,1543.4466667572658
,,,,,1543.4516666332881
,,,,,1543.456666747729
,,,,,1543.4616666237514
,,,,,1543.4666667381923
,,,,,1543.4716666142147
,,,,,1543.4766667286556
,,,,,1543.4816668430965
,,,,,1543.4866667191188
,,,,,1543.4916668335597
,,,,,1543.496666709582
,,,,,1543.501666824023
,,,,,1543.5066667000453
,,,,,1543.5116668144863
,,,,,1543.5166666905086
,,,,,1543.5216668049495
,,,,,1543.5266666809719
,,,,,1543.531666795413
,,,,,1543.5366666714351
,,,,,1543.541666785876
,,,,,1543.5466666618986
,,,,,1543.5516667763393
,,,,,1543.5566666523616
,,,,,1543.5616667668025
,,,,,1543.5666666428249
,,,,,1543.5716667572658
,,,,,1543.5766666332881
,,,,,1543.581666747729
,,,,,1543.5866666237514
,,,,,1543.5916667381923
,,,,,1543.5966666142147
,,,,,1543.6016667286556
,,,,,1543.6066668430965
,,,,,1543.6116667191188
,,,,,1543.6166668335597
,,,,,1543.621666709582
,,,,,1543.626666824023
,,,,,1543.6316667000453
,,,,,1543.6366668144863
,,,,,1543.6416666905086
,,,,,1543.6466668049495
,,,,,1543.6516666809719
,,,,,1543.656666795413
,,,,,1543.6616666714351
,,,,,1543.666666785876
,,,,,1543.6716666618986
,,,,,1543.6766667763393
,,,,,1543.6816666523616
,,,,,1543.6866667668025
,,,,,1543.6916666428249
,,,,,1543.6966667572658
,,,,,1543.7016666332881
,,,,,1543.706666747729
,,,,,1543.7116666237514
,,,,,1543.7166667381923
,,,,,1543.7216666142147
,,,,,1543.7266667286556
,,,,,1543.7316668430965
,,,,,1543.7366667191188
,,,,,1543.7416668335597
,,,,,1543.746666709582
,,,,,1543.751666824023
,,,,,1543.7566667000453
,,,,,1543.7616668144863
,,,,,1543.7666666905086
,,,,,1543.7716668049495
,,,,,1543.7766666809719
,,,,,1543.781666795413
,,,,,1543.7866666714351
,,,,,1543.791666785876
,,,,,1543.7966666618986
,,,,,1543.8016667763393
,,,,,1543.8066666523616
,,,,,1543.8116667668025
,,,,,1543.8166666428249
,,,,,1543.8216667572658
,,,,,1543.8266666332881
,,,,,1543.831666747729
,,,,,1543.8366666237514
,,,,,1543.8416667381923
,,,,,1543.8466666142147
,,,,,1543.8516667286556
,,,,,1543.8566668430965
,,,,,1543.8616667191188
,,,,,1543.8666668335597
,,,,,1543.871666709582
,,,,,1543.876666824023
,,,,,1543.8816667000453
,,,,,1543.8866668144863
,,,,,1543.8916666905086
,,,,,1543.8966668049495
,,,,,1543.9016666809719
,,,,,1543.906666795413
,,,,,1543.9116666714351
,,,,,1543.916666785876
,,,,,1543.9216666618986
,,,,,1543.9266667763393
,,,,,1543.9316666523616
,,,,,1543.9366667668025
,,,,,1543.9416666428249
,,,,,1543.9466667572658
,,,,,1543.9516666332881
,,,,,1543.956666747729
,,,,,1543.9616666237514
,,,,,1543.9666667381923
,,,,,1543.9716666142147
,,,,,1543.9766667286556
,,,,,1543.9816668430965
,,,,,1543.9866667191188
,,,,,1543.9916668335597
,,,,,1543.996666709582
,,,,,1544.001666824023
,,,,,1544.0066667000453
,,,,,1544.0116668144863
,,,,,1544.0166666905086
,,,,,1544.0216668049495
,,,,,1544.0266666809719
,,,,,1544.031666795413
,,,,,1544.0366666714351
,,,,,1544.041666785876
,,,,,1544.0466666618986
,,,,,1544.0516667763393
,,,,,1544.0566666523616
,,,,,1544.0616667668025
,,,,,1544.0666666428249
,,,,,1544.0716667572658
,,,,,1544.0766666332881
,,,,,1544.081666747729
,,,,,1544.0866666237514
,,,,,1544.0916667381923
,,,,,1544.0966666142147
,,,,,1544.1016667286556
,,,,,1544.1066668430965
,,,,,1544.1116667191188
,,,,,1544.1166668335597
,,,,,1544.121666709582
,,,,,1544.126666824023
,,,,,1544.1316667000453
,,,,,1544.1366668144863
,,,,,1544.1416666905086
,,,,,1544.1466668049495
,,,,,1544.1516666809719
,,,,,1544.156666795413
,,,,,1544.1616666714351
,,,,,1544.166666785876
,,,,,1544.1716666618986
,,,,,1544.1766667763393
,,,,,1544.1816666523616
,,,,,1544.1866667668025
,,,,,1544.1916666428249
,,,,,1544.1966667572658
,,,,,1544.2016666332881
,,,,,1544.206666747729
,,,,,1544.2116666237514
,,,,,1544.2166667381923
,,,,,1544.2216666142147
,,,,,1544.2266667286556
,,,,,1544.2316668430965
,,,,,1544.2366667191188
,,,,,1544.2416668335597
,,,,,1544.246666709582
,,,,,1544.251666824023
,,,,,1544.2566667000453
,,,,,1544.2616668144863
,,,,,1544.2666666905086
,,,,,1544.2716668049495
,,,,,1544.2766666809719
,,,,,1544.281666795413
,,,,,1544.2866666714351
,,,,,1544.291666785876
,,,,,1544.2966666618986
,,,,,1544.3016667763393
,,,,,1544.3066666523616
,,,,,1544.3116667668025
,,,,,1544.3166666428249
,,,,,1544.3216667572658
,,,,,1544.3266666332881
,,,,,1544.331666747729
,,,,,1544.3366666237514
,,,,,1544.3416667381923
,,,,,1544.3466666142147
,,,,,1544.3516667286556
,,,,,1544.3566668430965
,,,,,1544.3616667191188
,,,,,1544.3666668335597
,,,,,1544.371666709582
,,,,,1544.376666824023
,,,,,1544.3816667000453
,,,,,1544.3866668144863
,,,,,1544.3916666905086
,,,,,1544.3966668049495
,,,,,1544.4016666809719
,,,,,1544.406666795413
,,,,,1544.4116666714351
,,,,,1544.416666785876
,,,,,1544.4216666618986
,,,,,1544.4266667763393
,,,,,1544.4316666523616
,,,,,1544.4366667668025
,,,,,1544.4416666428249
,,,,,1544.4466667572658
,,,,,1544.4516666332881
,,,,,1544.456666747729
,,,,,1544.4616666237514
,,,,,1544.4666667381923
,,,,,1544.4716666142147
,,,,,1544.4766667286556
,,,,,1544.4816668430965
,,,,,1544.4866667191188
,,,,,1544.4916668335597
,,,,,1544.496666709582
,,,,,1544.501666824023
,,,,,1544.5066667000453
,,,,,1544.5116668144863
,,,,,1544.5166666905086
,,,,,1544.5216668049495
,,,,,1544.5266666809719
,,,,,1544.531666795413
,,,,,1544.5366666714351
,,,,,1544.541666785876
,,,,,1544.5466666618986
,,,,,1544.5516667763393
,,,,,1544.5566666523616
,,,,,1544.5616667668025
,,,,,1544.5666666428249
,,,,,1544.5716667572658
,,,,,1544.5766666332881
,,,,,1544.581666747729
,,,,,1544.5866666237514
,,,,,1544.5916667381923
,,,,,1544.5966666142147
,,,,,1544.6016667286556
,,,,,1544.6066668430965
,,,,,1544.6116667191188
,,,,,1544.6166668335597
,,,,,1544.621666709582
,,,,,1544.626666824023
,,,,,1544.6316667000453
,,,,,1544.6366668144863
,,,,,1544.6416666905086
,,,,,1544.6466668049495
,,,,,1544.6516666809719
,,,,,1544.656666795413
,,,,,1544.6616666714351
,,,,,1544.666666785876
,,,,,1544.6716666618986
,,,,,1544.6766667763393
,,,,,1544.6816666523616
,,,,,1544.6866667668025
,,,,,1544.6916666428249
,,,,,1544.6966667572658
,,,,,1544.7016666332881
,,,,,1544.706666747729
,,,,,1544.7116666237514
,,,,,1544.7166667381923
,,,,,1544.7216666142147
,,,,,1544.7266667286556
,,,,,1544.7316668430965
,,,,,1544.7366667191188
,,,,,1544.7416668335597
,,,,,1544.746666709582
,,,,,1544.751666824023
,,,,,1544.7566667000453
,,,,,1544.7616668144863
,,,,,1544.7666666905086
,,,,,1544.7716668049495
,,,,,1544.7766666809719
,,,,,1544.781666795413
,,,,,1544.7866666714351
,,,,,1544.791666785876
,,,,,1544.7966666618986
,,,,,1544.8016667763393
,,,,,1544.8066666523616
,,,,,1544.8116667668025
,,,,,1544.8166666428249
,,,,,1544.8216667572658
,,,,,1544.8266666332881
,,,,,1544.831666747729
,,,,,1544.8366666237514
,,,,,1544.8416667381923
,,,,,1544.8466666142147
,,,,,1544.8516667286556
,,,,,1544.8566668430965
,,,,,1544.8616667191188
,,,,,1544.8666668335597
,,,,,1544.871666709582
,,,,,1544.876666824023
,,,,,1544.8816667000453
,,,,,1544.8866668144863
,,,,,1544.8916666905086
,,,,,1544.8966668049495
,,,,,1544.9016666809719
,,,,,1544.906666795413
,,,,,1544.9116666714351
,,,,,1544.916666785876
,,,,,1544.9216666618986
,,,,,1544.9266667763393
,,,,,1544.9316666523616
,,,,,1544.9366667668025
,,,,,1544.9416666428249
,,,,,1544.9466667572658
,,,,,1544.9516666332881
,,,,,1544.956666747729
,,,,,1544.9616666237514
,,,,,1544.9666667381923
,,,,,1544.9716666142147
,,,,,1544.9766667286556
,,,,,1544.9816668430965
,,,,,1544.9866667191188
,,,,,1544.9916668335597
,,,,,1544.996666709582
,,,,,1545.001666824023
,,,,,1545.0066667000453
,,,,,1545.0116668144863
,,,,,1545.0166666905086
,,,,,1545.0216668049495
,,,,,1545.0266666809719
,,,,,1545.031666795413
,,,,,1545.0366666714351
,,,,,1545.041666785876
,,,,,1545.0466666618986
,,,,,1545.0516667763393
,,,,,1545.0566666523616
,,,,,1545.0616667668025
,,,,,1545.0666666428249
,,,,,1545.0716667572658
,,,,,1545.0766666332881
,,,,,1545.081666747729
,,,,,1545.0866666237514
,,,,,1545.0916667381923
,,,,,1545.0966666142147
,,,,,1545.1016667286556
,,,,,1545.1066668430965
,,,,,1545.1116667191188
,,,,,1545.1166668335597
,,,,,1545.121666709582
,,,,,1545.126666824023
,,,,,1545.1316667000453
,,,,,1545.1366668144863
,,,,,1545.1416666905086
,,,,,1545.1466668049495
,,,,,1545.1516666809719
,,,,,1545.156666795413
,,,,,1545.1616666714351
,,,,,1545.166666785876
,,,,,1545.1716666618986
,,,,,1545.1766667763393
,,,,,1545.1816666523616
,,,,,1545.1866667668025
,,,,,1545.1916666428249
,,,,,1545.1966667572658
,,,,,1545.2016666332881
,,,,,1545.206666747729
,,,,,1545.2116666237514
,,,,,1545.2166667381923
,,,,,1545.2216666142147
,,,,,1545.2266667286556
,,,,,1545.2316668430965
,,,,,1545.2366667191188
,,,,,1545.2416668335597
,,,,,1545.246666709582
,,,,,1545.251666824023
,,,,,1545.2566667000453
,,,,,1545.2616668144863
,,,,,1545.2666666905086
,,,,,1545.2716668049495
,,,,,1545.2766666809719
,,,,,1545.281666795413
,,,,,1545.2866666714351
,,,,,1545.291666785876
,,,,,1545.2966666618986
,,,,,1545.3016667763393
,,,,,1545.3066666523616
,,,,,1545.3116667668025
,,,,,1545.3166666428249
,,,,,1545.3216667572658
,,,,,1545.3266666332881
,,,,,1545.331666747729
,,,,,1545.3366666237514
,,,,,1545.3416667381923
,,,,,1545.3466666142147
,,,,,1545.3516667286556
,,,,,1545.3566668430965
,,,,,1545.3616667191188
,,,,,1545.3666668335597
,,,,,1545.371666709582
,,,,,1545.376666824023
,,,,,1545.3816667000453
,,,,,1545.3866668144863
,,,,,1545.3916666905086
,,,,,1545.3966668049495
,,,,,1545.4016666809719
,,,,,1545.406666795413
,,,,,1545.4116666714351
,,,,,1545.416666785876
,,,,,1545.4216666618986
,,,,,1545.4266667763393
,,,,,1545.4316666523616
,,,,,1545.4366667668025
,,,,,1545.4416666428249
,,,,,1545.4466667572658
,,,,,1545.4516666332881
,,,,,1545.456666747729
,,,,,1545.4616666237514
,,,,,1545.4666667381923
,,,,,1545.4716666142147
,,,,,1545.4766667286556
,,,,,1545.4816668430965
,,,,,1545.4866667191188
,,,,,1545.4916668335597
,,,,,1545.496666709582
,,,,,1545.501666824023
,,,,,1545.5066667000453
,,,,,1545.5116668144863
,,,,,1545.5166666905086
,,,,,1545.5216668049495
,,,,,1545.5266666809719
,,,,,1545.531666795413
,,,,,1545.5366666714351
,,,,,1545.541666785876
,,,,,1545.5466666618986
,,,,,1545.5516667763393
,,,,,1545.5566666523616
,,,,,1545.5616667668025
,,,,,1545.5666666428249
,,,,,1545.5716667572658
,,,,,1545.5766666332881
,,,,,1545.581666747729
,,,,,1545.5866666237514
,,,,,1545.5916667381923
,,,,,1545.5966666142147
,,,,,1545.6016667286556
,,,,,1545.6066668430965
,,,,,1545.6116667191188
,,,,,1545.6166668335597
,,,,,1545.621666709582
,,,,,1545.626666824023
,,,,,1545.6316667000453
,,,,,1545.6366668144863
,,,,,1545.6416666905086
,,,,,1545.6466668049495
,,,,,1545.6516666809719
,,,,,1545.656666795413
,,,,,1545.6616666714351
,,,,,1545.666666785876
,,,,,1545.6716666618986
,,,,,1545.6766667763393
,,,,,1545.6816666523616
,,,,,1545.6866667668025
,,,,,1545.6916666428249
,,,,,1545.6966667572658
,,,,,1545.7016666332881
,,,,,1545.706666747729
,,,,,1545.7116666237514
,,,,,1545.7166667381923
,,,,,1545.7216666142147
,,,,,1545.7266667286556
,,,,,1545.7316668430965
,,,,,1545.7366667191188
,,,,,1545.7416668335597
,,,,,1545.746666709582
,,,,,1545.751666824023
,,,,,1545.7566667000453
,,,,,1545.7616668144863
,,,,,1545.7666666905086
,,,,,1545.7716668049495
,,,,,1545.7766666809719
,,,,,1545.781666795413
,,,,,1545.7866666714351
,,,,,1545.791666785876
,,,,,1545.7966666618986
,,,,,1545.8016667763393
,,,,,1545.8066666523616
,,,,,1545.8116667668025
,,,,,1545.8166666428249
,,,,,1545.8216667572658
,,,,,1545.8266666332881
,,,,,1545.831666747729
,,,,,1545.8366666237514
,,,,,1545.8416667381923
,,,,,1545.8466666142147
,,,,,1545.8516667286556
,,,,,1545.8566668430965
,,,,,1545.8616667191188
,,,,,1545.8666668335597
,,,,,1545.871666709582
,,,,,1545.876666824023
,,,,,1545.8816667000453
,,,,,1545.8866668144863
,,,,,1545.8916666905086
,,,,,1545.8966668049495
,,,,,1545.9016666809719
,,,,,1545.906666795413
,,,,,1545.9116666714351
,,,,,1545.916666785876
,,,,,1545.9216666618986
,,,,,1545.9266667763393
,,,,,1545.9316666523616
,,,,,1545.9366667668025
,,,,,1545.9416666428249
,,,,,1545.9466667572658
,,,,,1545.9516666332881
,,,,,1545.956666747729
,,,,,1545.9616666237514
,,,,,1545.9666667381923
,,,,,1545.9716666142147
,,,,,1545.9766667286556
,,,,,1545.9816668430965
,,,,,1545.9866667191188
,,,,,1545.9916668335597
,,,,,1545.996666709582
,,,,,1546.001666824023
,,,,,1546.0066667000453
,,,,,1546.0116668144863
,,,,,1546.0166666905086
,,,,,1546.0216668049495
,,,,,1546.0266666809719
,,,,,1546.031666795413
,,,,,1546.0366666714351
,,,,,1546.041666785876
,,,,,1546.0466666618986
,,,,,1546.0516667763393
,,,,,1546.0566666523616
,,,,,1546.0616667668025
,,,,,1546.0666666428249
,,,,,1546.0716667572658
,,,,,1546.0766666332881
,,,,,1546.081666747729
,,,,,1546.0866666237514
,,,,,1546.0916667381923
,,,,,1546.0966666142147
,,,,,1546.1016667286556
,,,,,1546.1066668430965
,,,,,1546.1116667191188
,,,,,1546.1166668335597
,,,,,1546.121666709582
,,,,,1546.126666824023
,,,,,1546.1316667000453
,,,,,1546.1366668144863
,,,,,1546.1416666905086
,,,,,1546.1466668049495
,,,,,1546.1516666809719
,,,,,1546.156666795413
,,,,,1546.1616666714351
,,,,,1546.166666785876
,,,,,1546.1716666618986
,,,,,1546.1766667763393
,,,,,1546.1816666523616
,,,,,1546.1866667668025
,,,,,1546.1916666428249
,,,,,1546.1966667572658
,,,,,1546.2016666332881
,,,,,1546.206666747729
,,,,,1546.2116666237514
,,,,,1546.2166667381923
,,,,,1546.2216666142147
,,,,,1546.2266667286556
,,,,,1546.2316668430965
,,,,,1546.2366667191188
,,,,,1546.2416668335597
,,,,,1546.246666709582
,,,,,1546.251666824023
,,,,,1546.2566667000453
,,,,,1546.2616668144863
,,,,,1546.2666666905086
,,,,,1546.2716668049495
,,,,,1546.2766666809719
,,,,,1546.281666795413
,,,,,1546.2866666714351
,,,,,1546.291666785876
,,,,,1546.2966666618986
,,,,,1546.3016667763393
,,,,,1546.3066666523616
,,,,,1546.3116667668025
,,,,,1546.3166666428249
,,,,,1546.3216667572658
,,,,,1546.3266666332881
,,,,,1546.331666747729
,,,,,1546.3366666237514
,,,,,1546.3416667381923
,,,,,1546.3466666142147
,,,,,1546.3516667286556
,,,,,1546.3566668430965
,,,,,1546.3616667191188
,,,,,1546.3666668335597
,,,,,1546.371666709582
,,,,,1546.376666824023
,,,,,1546.3816667000453
,,,,,1546.3866668144863
,,,,,1546.3916666905086
,,,,,1546.3966668049495
,,,,,1546.4016666809719
,,,,,1546.406666795413
,,,,,1546.4116666714351
,,,,,1546.416666785876
,,,,,1546.4216666618986
,,,,,1546.4266667763393
,,,,,1546.4316666523616
,,,,,1546.4366667668025
,,,,,1546.4416666428249
,,,,,1546.4466667572658
,,,,,1546.4516666332881
,,,,,1546.456666747729
,,,,,1546.4616666237514
,,,,,1546.4666667381923
,,,,,1546.4716666142147
,,,,,1546.4766667286556
,,,,,1546.4816668430965
,,,,,1546.4866667191188
,,,,,1546.4916668335597
,,,,,1546.496666709582
,,,,,1546.501666824023
,,,,,1546.5066667000453
,,,,,1546.5116668144863
,,,,,1546.5166666905086
,,,,,1546.5216668049495
,,,,,1546.5266666809719
,,,,,1546.531666795413
,,,,,1546.5366666714351
,,,,,1546.541666785876
,,,,,1546.5466666618986
,,,,,1546.5516667763393
,,,,,1546.5566666523616
,,,,,1546.5616667668025
,,,,,1546.5666666428249
,,,,,1546.5716667572658
,,,,,1546.5766666332881
,,,,,1546.581666747729
,,,,,1546.5866666237514
,,,,,1546.5916667381923
,,,,,1546.5966666142147
,,,,,1546.6016667286556
,,,,,1546.6066668430965
,,,,,1546.6116667191188
,,,,,1546.6166668335597
,,,,,1546.621666709582
,,,,,1546.626666824023
,,,,,1546.6316667000453
,,,,,1546.6366668144863
,,,,,1546.6416666905086
,,,,,1546.6466668049495
,,,,,1546.6516666809719
,,,,,1546.656666795413
,,,,,1546.6616666714351
,,,,,1546.666666785876
,,,,,1546.6716666618986
,,,,,1546.6766667763393
,,,,,1546.6816666523616
,,,,,1546.6866667668025
,,,,,1546.6916666428249
,,,,,1546.6966667572658
,,,,,1546.7016666332881
,,,,,1546.706666747729
,,,,,1546.7116666237514
,,,,,1546.7166667381923
,,,,,1546.7216666142147
,,,,,1546.7266667286556
,,,,,1546.7316668430965
,,,,,1546.7366667191188
,,,,,1546.7416668335597
,,,,,1546.746666709582
,,,,,1546.751666824023
,,,,,1546.7566667000453
,,,,,1546.7616668144863
,,,,,1546.7666666905086
,,,,,1546.7716668049495
,,,,,1546.7766666809719
,,,,,1546.781666795413
,,,,,1546.7866666714351
,,,,,1546.791666785876
,,,,,1546.7966666618986
,,,,,1546.8016667763393
,,,,,1546.8066666523616
,,,,,1546.8116667668025
,,,,,1546.8166666428249
,,,,,1546.8216667572658
,,,,,1546.8266666332881
,,,,,1546.831666747729
,,,,,1546.8366666237514
,,,,,1546.8416667381923
,,,,,1546.8466666142147
,,,,,1546.8516667286556
,,,,,1546.8566668430965
,,,,,1546.8616667191188
,,,,,1546.8666668335597
,,,,,1546.871666709582
,,,,,1546.876666824023
,,,,,1546.8816667000453
,,,,,1546.8866668144863
,,,,,1546.8916666905086
,,,,,1546.8966668049495
,,,,,1546.9016666809719
,,,,,1546.906666795413
,,,,,1546.9116666714351
,,,,,1546.916666785876
,,,,,1546.9216666618986
,,,,,1546.9266667763393
,,,,,1546.9316666523616
,,,,,1546.9366667668025
,,,,,1546.9416666428249
,,,,,1546.9466667572658
,,,,,1546.9516666332881
,,,,,1546.956666747729
,,,,,1546.9616666237514
,,,,,1546.9666667381923
,,,,,1546.9716666142147
,,,,,1546.9766667286556
,,,,,1546.9816668430965
,,,,,1546.9866667191188
,,,,,1546.9916668335597
,,,,,1546.996666709582
,,,,,1547.001666824023
,,,,,1547.0066667000453
,,,,,1547.0116668144863
,,,,,1547.0166666905086
,,,,,1547.0216668049495
,,,,,1547.0266666809719
,,,,,1547.031666795413
,,,,,1547.0366666714351
,,,,,1547.041666785876
,,,,,1547.0466666618986
,,,,,1547.0516667763393
,,,,,1547.0566666523616
,,,,,1547.0616667668025
,,,,,1547.0666666428249
,,,,,1547.0716667572658
,,,,,1547.0766666332881
,,,,,1547.081666747729
,,,,,1547.0866666237514
,,,,,1547.0916667381923
,,,,,1547.0966666142147
,,,,,1547.1016667286556
,,,,,1547.1066668430965
,,,,,1547.1116667191188
,,,,,1547.1166668335597
,,,,,1547.121666709582
,,,,,1547.126666824023
,,,,,1547.1316667000453
,,,,,1547.1366668144863
,,,,,1547.1416666905086
,,,,,1547.1466668049495
,,,,,1547.1516666809719
,,,,,1547.156666795413
,,,,,1547.1616666714351
,,,,,1547.166666785876
,,,,,1547.1716666618986
,,,,,1547.1766667763393
,,,,,1547.1816666523616
,,,,,1547.1866667668025
,,,,,1547.1916666428249
,,,,,1547.1966667572658
,,,,,1547.2016666332881
,,,,,1547.206666747729
,,,,,1547.2116666237514
,,,,,1547.2166667381923
,,,,,1547.2216666142147
,,,,,1547.2266667286556
,,,,,1547.2316668430965
,,,,,1547.2366667191188
,,,,,1547.2416668335597
,,,,,1547.246666709582
,,,,,1547.251666824023
,,,,,1547.2566667000453
,,,,,1547.2616668144863
,,,,,1547.2666666905086
,,,,,1547.2716668049495
,,,,,1547.2766666809719
,,,,,1547.281666795413
,,,,,1547.2866666714351
,,,,,1547.291666785876
,,,,,1547.2966666618986
,,,,,1547.3016667763393
,,,,,1547.3066666523616
,,,,,1547.3116667668025
,,,,,1547.3166666428249
,,,,,1547.3216667572658
,,,,,1547.3266666332881
,,,,,1547.331666747729
,,,,,1547.3366666237514
,,,,,1547.3416667381923
,,,,,1547.3466666142147
,,,,,1547.3516667286556
,,,,,1547.3566668430965
,,,,,1547.3616667191188
,,,,,1547.3666668335597
,,,,,1547.371666709582
,,,,,1547.376666824023
,,,,,1547.3816667000453
,,,,,1547.3866668144863
,,,,,1547.3916666905086
,,,,,1547.3966668049495
,,,,,1547.4016666809719
,,,,,1547.406666795413
,,,,,1547.4116666714351
,,,,,1547.416666785876
,,,,,1547.4216666618986
,,,,,1547.4266667763393
,,,,,1547.4316666523616
,,,,,1547.4366667668025
,,,,,1547.4416666428249
,,,,,1547.4466667572658
,,,,,1547.4516666332881
,,,,,1547.456666747729
,,,,,1547.4616666237514
,,,,,1547.4666667381923
,,,,,1547.4716666142147
,,,,,1547.4766667286556
,,,,,1547.4816668430965
,,,,,1547.4866667191188
,,,,,1547.4916668335597
,,,,,1547.496666709582
,,,,,1547.501666824023
,,,,,1547.5066667000453
,,,,,1547.5116668144863
,,,,,1547.5166666905086
,,,,,1547.5216668049495
,,,,,1547.5266666809719
,,,,,1547.531666795413
,,,,,1547.5366666714351
,,,,,1547.541666785876
,,,,,1547.5466666618986
,,,,,1547.5516667763393
,,,,,1547.5566666523616
,,,,,1547.5616667668025
,,,,,1547.5666666428249
,,,,,1547.5716667572658
,,,,,1547.5766666332881
,,,,,1547.581666747729
,,,,,1547.5866666237514
,,,,,1547.5916667381923
,,,,,1547.5966666142147
,,,,,1547.6016667286556
,,,,,1547.6066668430965
,,,,,1547.6116667191188
,,,,,1547.6166668335597
,,,,,1547.621666709582
,,,,,1547.626666824023
,,,,,1547.6316667000453
,,,,,1547.6366668144863
,,,,,1547.6416666905086
,,,,,1547.6466668049495
,,,,,1547.6516666809719
,,,,,1547.656666795413
,,,,,1547.6616666714351
,,,,,1547.666666785876
,,,,,1547.6716666618986
,,,,,1547.6766667763393
,,,,,1547.6816666523616
,,,,,1547.6866667668025
,,,,,1547.6916666428249
,,,,,1547.6966667572658
,,,,,1547.7016666332881
,,,,,1547.706666747729
,,,,,1547.7116666237514
,,,,,1547.7166667381923
,,,,,1547.7216666142147
,,,,,1547.7266667286556
,,,,,1547.7316668430965
,,,,,1547.7366667191188
,,,,,1547.7416668335597
,,,,,1547.746666709582
,,,,,1547.751666824023
,,,,,1547.7566667000453
,,,,,1547.7616668144863
,,,,,1547.7666666905086
,,,,,1547.7716668049495
,,,,,1547.7766666809719
,,,,,1547.781666795413
,,,,,1547.7866666714351
,,,,,1547.791666785876
,,,,,1547.7966666618986
,,,,,1547.8016667763393
,,,,,1547.8066666523616
,,,,,1547.8116667668025
,,,,,1547.8166666428249
,,,,,1547.8216667572658
,,,,,1547.8266666332881
,,,,,1547.831666747729
,,,,,1547.8366666237514
,,,,,1547.8416667381923
,,,,,1547.8466666142147
,,,,,1547.8516667286556
,,,,,1547.8566668430965
,,,,,1547.8616667191188
,,,,,1547.8666668335597
,,,,,1547.871666709582
,,,,,1547.876666824023
,,,,,1547.8816667000453
,,,,,1547.8866668144863
,,,,,1547.8916666905086
,,,,,1547.8966668049495
,,,,,1547.9016666809719
,,,,,1547.906666795413
,,,,,1547.9116666714351
,,,,,1547.916666785876
,,,,,1547.9216666618986
,,,,,1547.9266667763393
,,,,,1547.9316666523616
,,,,,1547.9366667668025
,,,,,1547.9416666428249
,,,,,1547.9466667572658
,,,,,1547.9516666332881
,,,,,1547.956666747729
,,,,,1547.9616666237514
,,,,,1547.9666667381923
,,,,,1547.9716666142147
,,,,,1547.9766667286556
,,,,,1547.9816668430965
,,,,,1547.9866667191188
,,,,,1547.9916668335597
,,,,,1547.996666709582
,,,,,1548.001666824023
,,,,,1548.0066667000453
,,,,,1548.0116668144863
,,,,,1548.0166666905086
,,,,,1548.0216668049495
,,,,,1548.0266666809719
,,,,,1548.031666795413
,,,,,1548.0366666714351
,,,,,1548.041666785876
,,,,,1548.0466666618986
,,,,,1548.0516667763393
,,,,,1548.0566666523616
,,,,,1548.0616667668025
,,,,,1548.0666666428249
,,,,,1548.0716667572658
,,,,,1548.0766666332881
,,,,,1548.081666747729
,,,,,1548.0866666237514
,,,,,1548.0916667381923
,,,,,1548.0966666142147
,,,,,1548.1016667286556
,,,,,1548.1066668430965
,,,,,1548.1116667191188
,,,,,1548.1166668335597
,,,,,1548.121666709582
,,,,,1548.126666824023
,,,,,1548.1316667000453
,,,,,1548.1366668144863
,,,,,1548.1416666905086
,,,,,1548.1466668049495
,,,,,1548.1516666809719
,,,,,1548.156666795413
,,,,,1548.1616666714351
,,,,,1548.166666785876
,,,,,1548.1716666618986
,,,,,1548.1766667763393
,,,,,1548.1816666523616
,,,,,1548.1866667668025
,,,,,1548.1916666428249
,,,,,1548.1966667572658
,,,,,1548.2016666332881
,,,,,1548.206666747729
,,,,,1548.2116666237514
,,,,,1548.2166667381923
,,,,,1548.2216666142147
,,,,,1548.2266667286556
,,,,,1548.2316668430965
,,,,,1548.2366667191188
,,,,,1548.2416668335597
,,,,,1548.246666709582
,,,,,1548.251666824023
,,,,,1548.2566667000453
,,,,,1548.2616668144863
,,,,,1548.2666666905086
,,,,,1548.2716668049495
,,,,,1548.2766666809719
,,,,,1548.281666795413
,,,,,1548.2866666714351
,,,,,1548.291666785876
,,,,,1548.2966666618986
,,,,,1548.3016667763393
,,,,,1548.3066666523616
,,,,,1548.3116667668025
,,,,,1548.3166666428249
,,,,,1548.3216667572658
,,,,,1548.3266666332881
,,,,,1548.331666747729
,,,,,1548.3366666237514
,,,,,1548.3416667381923
,,,,,1548.3466666142147
,,,,,1548.3516667286556
,,,,,1548.3566668430965
,,,,,1548.3616667191188
,,,,,1548.3666668335597
,,,,,1548.371666709582
,,,,,1548.376666824023
,,,,,1548.3816667000453
,,,,,1548.3866668144863
,,,,,1548.3916666905086
,,,,,1548.3966668049495
,,,,,1548.4016666809719
,,,,,1548.406666795413
,,,,,1548.4116666714351
,,,,,1548.416666785876
,,,,,1548.4216666618986
,,,,,1548.4266667763393
,,,,,1548.4316666523616
,,,,,1548.4366667668025
,,,,,1548.4416666428249
,,,,,1548.4466667572658
,,,,,1548.4516666332881
,,,,,1548.456666747729
,,,,,1548.4616666237514
,,,,,1548.4666667381923
,,,,,1548.4716666142147
,,,,,1548.4766667286556
,,,,,1548.4816668430965
,,,,,1548.4866667191188
,,,,,1548.4916668335597
,,,,,1548.496666709582
,,,,,1548.501666824023
,,,,,1548.5066667000453
,,,,,1548.5116668144863
,,,,,1548.5166666905086
,,,,,1548.5216668049495
,,,,,1548.5266666809719
,,,,,1548.531666795413
,,,,,1548.5366666714351
,,,,,1548.541666785876
,,,,,1548.5466666618986
,,,,,1548.5516667763393
,,,,,1548.5566666523616
,,,,,1548.5616667668025
,,,,,1548.5666666428249
,,,,,1548.5716667572658
,,,,,1548.5766666332881
,,,,,1548.581666747729
,,,,,1548.5866666237514
,,,,,1548.5916667381923
,,,,,1548.5966666142147
,,,,,1548.6016667286556
,,,,,1548.6066668430965
,,,,,1548.6116667191188
,,,,,1548.6166668335597
,,,,,1548.621666709582
,,,,,1548.626666824023
,,,,,1548.6316667000453
,,,,,1548.6366668144863
,,,,,1548.6416666905086
,,,,,1548.6466668049495
,,,,,1548.6516666809719
,,,,,1548.656666795413
,,,,,1548.6616666714351
,,,,,1548.666666785876
,,,,,1548.6716666618986
,,,,,1548.6766667763393
,,,,,1548.6816666523616
,,,,,1548.6866667668025
,,,,,1548.6916666428249
,,,,,1548.6966667572658
,,,,,1548.7016666332881
,,,,,1548.706666747729
,,,,,1548.7116666237514
,,,,,1548.7166667381923
,,,,,1548.7216666142147
,,,,,1548.7266667286556
,,,,,1548.7316668430965
,,,,,1548.7366667191188
,,,,,1548.7416668335597
,,,,,1548.746666709582
,,,,,1548.751666824023
,,,,,1548.7566667000453
,,,,,1548.7616668144863
,,,,,1548.7666666905086
,,,,,1548.7716668049495
,,,,,1548.7766666809719
,,,,,1548.781666795413
,,,,,1548.7866666714351
,,,,,1548.791666785876
,,,,,1548.7966666618986
,,,,,1548.8016667763393
,,,,,1548.8066666523616
,,,,,1548.8116667668025
,,,,,1548.8166666428249
,,,,,1548.8216667572658
,,,,,1548.8266666332881
,,,,,1548.831666747729
,,,,,1548.8366666237514
,,,,,1548.8416667381923
,,,,,1548.8466666142147
,,,,,1548.8516667286556
,,,,,1548.8566668430965
,,,,,1548.8616667191188
,,,,,1548.8666668335597
,,,,,1548.871666709582
,,,,,1548.876666824023
,,,,,1548.8816667000453
,,,,,1548.8866668144863
,,,,,1548.8916666905086
,,,,,1548.8966668049495
,,,,,1548.9016666809719
,,,,,1548.906666795413
,,,,,1548.9116666714351
,,,,,1548.916666785876
,,,,,1548.9216666618986
,,,,,1548.9266667763393
,,,,,1548.9316666523616
,,,,,1548.9366667668025
,,,,,1548.9416666428249
,,,,,1548.9466667572658
,,,,,1548.9516666332881
,,,,,1548.956666747729
,,,,,1548.9616666237514
,,,,,1548.9666667381923
,,,,,1548.9716666142147
,,,,,1548.9766667286556
,,,,,1548.9816668430965
,,,,,1548.9866667191188
,,,,,1548.9916668335597
,,,,,1548.996666709582
,,,,,1549.001666824023
,,,,,1549.0066667000453
,,,,,1549.0116668144863
,,,,,1549.0166666905086
,,,,,1549.0216668049495
,,,,,1549.0266666809719
,,,,,1549.031666795413
,,,,,1549.0366666714351
,,,,,1549.041666785876
,,,,,1549.0466666618986
,,,,,1549.0516667763393
,,,,,1549.0566666523616
,,,,,1549.0616667668025
,,,,,1549.0666666428249
,,,,,1549.0716667572658
,,,,,1549.0766666332881
,,,,,1549.081666747729
,,,,,1549.0866666237514
,,,,,1549.0916667381923
,,,,,1549.0966666142147
,,,,,1549.1016667286556
,,,,,1549.1066668430965
,,,,,1549.1116667191188
,,,,,1549.1166668335597
,,,,,1549.121666709582
,,,,,1549.126666824023
,,,,,1549.1316667000453
,,,,,1549.1366668144863
,,,,,1549.1416666905086
,,,,,1549.1466668049495
,,,,,1549.1516666809719
,,,,,1549.156666795413
,,,,,1549.1616666714351
,,,,,1549.166666785876
,,,,,1549.1716666618986
,,,,,1549.1766667763393
,,,,,1549.1816666523616
,,,,,1549.1866667668025
,,,,,1549.1916666428249
,,,,,1549.1966667572658
,,,,,1549.2016666332881
,,,,,1549.206666747729
,,,,,1549.2116666237514
,,,,,1549.2166667381923
,,,,,1549.2216666142147
,,,,,1549.2266667286556
,,,,,1549.2316668430965
,,,,,1549.2366667191188
,,,,,1549.2416668335597
,,,,,1549.246666709582
,,,,,1549.251666824023
,,,,,1549.2566667000453
,,,,,1549.2616668144863
,,,,,1549.2666666905086
,,,,,1549.2716668049495
,,,,,1549.2766666809719
,,,,,1549.281666795413
,,,,,1549.2866666714351
,,,,,1549.291666785876
,,,,,1549.2966666618986
,,,,,1549.3016667763393
,,,,,1549.3066666523616
,,,,,1549.3116667668025
,,,,,1549.3166666428249
,,,,,1549.3216667572658
,,,,,1549.3266666332881
,,,,,1549.331666747729
,,,,,1549.3366666237514
,,,,,1549.3416667381923
,,,,,1549.3466666142147
,,,,,1549.3516667286556
,,,,,1549.3566668430965
,,,,,1549.3616667191188
,,,,,1549.3666668335597
,,,,,1549.371666709582
,,,,,1549.376666824023
,,,,,1549.3816667000453
,,,,,1549.3866668144863
,,,,,1549.3916666905086
,,,,,1549.3966668049495
,,,,,1549.4016666809719
,,,,,1549.406666795413
,,,,,1549.4116666714351
,,,,,1549.416666785876
,,,,,1549.4216666618986
,,,,,1549.4266667763393
,,,,,1549.4316666523616
,,,,,1549.4366667668025
,,,,,1549.4416666428249
,,,,,1549.4466667572658
,,,,,1549.4516666332881
,,,,,1549.456666747729
,,,,,1549.4616666237514
,,,,,1549.4666667381923
,,,,,1549.4716666142147
,,,,,1549.4766667286556
,,,,,1549.4816668430965
,,,,,1549.4866667191188
,,,,,1549.4916668335597
,,,,,1549.496666709582
,,,,,1549.501666824023
,,,,,1549.5066667000453
,,,,,1549.5116668144863
,,,,,1549.5166666905086
,,,,,1549.5216668049495
,,,,,1549.5266666809719
,,,,,1549.531666795413
,,,,,1549.5366666714351
,,,,,1549.541666785876
,,,,,1549.5466666618986
,,,,,1549.5516667763393
,,,,,1549.5566666523616
,,,,,1549.5616667668025
,,,,,1549.5666666428249
,,,,,1549.5716667572658
,,,,,1549.5766666332881
,,,,,1549.581666747729
,,,,,1549.5866666237514
,,,,,1549.5916667381923
,,,,,1549.5966666142147
,,,,,1549.6016667286556
,,,,,1549.6066668430965
,,,,,1549.6116667191188
,,,,,1549.6166668335597
,,,,,1549.621666709582
,,,,,1549.626666824023
,,,,,1549.6316667000453
,,,,,1549.6366668144863
,,,,,1549.6416666905086
,,,,,1549.6466668049495
,,,,,1549.6516666809719
,,,,,1549.656666795413
,,,,,1549.6616666714351
,,,,,1549.666666785876
,,,,,1549.6716666618986
,,,,,1549.6766667763393
,,,,,1549.6816666523616
,,,,,1549.6866667668025
,,,,,1549.6916666428249
,,,,,1549.6966667572658
,,,,,1549.7016666332881
,,,,,1549.706666747729
,,,,,1549.7116666237514
,,,,,1549.7166667381923
,,,,,1549.7216666142147
,,,,,1549.7266667286556
,,,,,1549.7316668430965
,,,,,1549.7366667191188
,,,,,1549.7416668335597
,,,,,1549.746666709582
,,,,,1549.751666824023
,,,,,1549.7566667000453
,,,,,1549.7616668144863
,,,,,1549.7666666905086
,,,,,1549.7716668049495
,,,,,1549.7766666809719
,,,,,1549.781666795413
,,,,,1549.7866666714351
,,,,,1549.791666785876
,,,,,1549.7966666618986
,,,,,1549.8016667763393
,,,,,1549.8066666523616
,,,,,1549.8116667668025
,,,,,1549.8166666428249
,,,,,1549.8216667572658
,,,,,1549.8266666332881
,,,,,1549.831666747729
,,,,,1549.8366666237514
,,,,,1549.8416667381923
,,,,,1549.8466666142147
,,,,,1549.8516667286556
,,,,,1549.8566668430965
,,,,,1549.8616667191188
,,,,,1549.8666668335597
,,,,,1549.871666709582
,,,,,1549.876666824023
,,,,,1549.8816667000453
,,,,,1549.8866668144863
,,,,,1549.8916666905086
,,,,,1549.8966668049495
,,,,,1549.9016666809719
,,,,,1549.906666795413
,,,,,1549.9116666714351
,,,,,1549.916666785876
,,,,,1549.9216666618986
,,,,,1549.9266667763393
,,,,,1549.9316666523616
,,,,,1549.9366667668025
,,,,,1549.9416666428249
,,,,,1549.9466667572658
,,,,,1549.9516666332881
,,,,,1549.956666747729
,,,,,1549.9616666237514
,,,,,1549.9666667381923
,,,,,1549.9716666142147
,,,,,1549.9766667286556
,,,,,1549.9816668430965
,,,,,1549.9866667191188
,,,,,1549.9916668335597
,,,,,1549.996666709582
