t,x,y,z,time_from_sync
0.0,-0.42724609375,-0.1220703125,-0.42724609375,-26.61916657288869
0.0049998760223388,-0.42724609375,-0.1220703125,-0.42724609375,-26.614166696866352
0.0149998664855957,-0.42724609375,-0.1220703125,-0.42724609375,-26.604166706403095
0.0250000953674316,-0.42724609375,-0.1220703125,-0.42724609375,-26.59416647752126
0.0350000858306884,-0.67138671875,-0.06103515625,-0.42724609375,-26.584166487058003
0.0450000762939453,-0.67138671875,-0.06103515625,-0.42724609375,-26.574166496594746
0.0550000667572021,-0.42724609375,0.0,-0.42724609375,-26.56416650613149
0.0650000572204589,-0.42724609375,0.0,-0.42724609375,-26.554166515668232
0.0750000476837158,-0.06103515625,-0.54931640625,-0.6103515625,-26.544166525204975
0.0850000381469726,-0.06103515625,-0.54931640625,-0.6103515625,-26.53416653474172
0.0950000286102294,0.0,-0.3662109375,-0.48828125,-26.52416654427846
0.1050000190734863,0.0,-0.3662109375,-0.48828125,-26.514166553815205
0.1150000095367431,-0.42724609375,-0.06103515625,-0.42724609375,-26.504166563351948
0.125,-0.42724609375,-0.06103515625,-0.42724609375,-26.49416657288869
0.1349999904632568,-0.42724609375,-0.1220703125,-0.48828125,-26.484166582425434
0.1449999809265136,-0.42724609375,-0.1220703125,-0.48828125,-26.474166591962177
0.1549999713897705,-0.3662109375,-0.1220703125,-0.42724609375,-26.46416660149892
0.1649999618530273,-0.3662109375,-0.1220703125,-0.42724609375,-26.454166611035664
0.1749999523162841,-0.30517578125,-0.1220703125,-0.42724609375,-26.444166620572407
0.184999942779541,-0.30517578125,-0.1220703125,-0.42724609375,-26.43416663010915
0.1949999332427978,-0.42724609375,-0.1220703125,-0.42724609375,-26.424166639645893
0.2049999237060547,-0.42724609375,-0.1220703125,-0.42724609375,-26.414166649182636
0.2149999141693115,-0.48828125,-0.1220703125,-0.48828125,-26.40416665871938
0.2249999046325683,-0.48828125,-0.1220703125,-0.48828125,-26.394166668256123
0.2349998950958252,-0.30517578125,-0.1220703125,-0.42724609375,-26.384166677792866
0.244999885559082,-0.30517578125,-0.1220703125,-0.42724609375,-26.37416668732961
0.2549998760223388,-0.3662109375,-0.1220703125,-0.42724609375,-26.364166696866352
0.2649998664855957,-0.3662109375,-0.1220703125,-0.42724609375,-26.354166706403095
0.2750000953674316,-0.48828125,-0.1220703125,-0.42724609375,-26.34416647752126
0.2850000858306885,-0.48828125,-0.1220703125,-0.42724609375,-26.334166487058003
0.2950000762939453,-0.42724609375,-0.1220703125,-0.3662109375,-26.324166496594746
0.3050000667572021,-0.42724609375,-0.1220703125,-0.3662109375,-26.31416650613149
0.315000057220459,-0.3662109375,-0.1220703125,-0.42724609375,-26.304166515668232
0.3250000476837158,-0.3662109375,-0.1220703125,-0.42724609375,-26.294166525204975
0.3350000381469726,-0.42724609375,-0.06103515625,-0.42724609375,-26.28416653474172
0.3450000286102295,-0.42724609375,-0.06103515625,-0.42724609375,-26.27416654427846
0.3550000190734863,-0.48828125,-0.1220703125,-0.48828125,-26.264166553815205
0.3650000095367431,-0.48828125,-0.1220703125,-0.48828125,-26.254166563351948
0.375,-0.42724609375,-0.1220703125,-0.42724609375,-26.24416657288869
0.3849999904632568,-0.42724609375,-0.1220703125,-0.42724609375,-26.234166582425434
0.3949999809265136,-0.3662109375,-0.1220703125,-0.42724609375,-26.224166591962177
0.4049999713897705,-0.3662109375,-0.1220703125,-0.42724609375,-26.21416660149892
0.4149999618530273,-0.48828125,-0.1220703125,-0.42724609375,-26.204166611035664
0.4249999523162842,-0.48828125,-0.1220703125,-0.42724609375,-26.194166620572407
0.434999942779541,-0.48828125,-0.1220703125,-0.42724609375,-26.18416663010915
0.4449999332427978,-0.48828125,-0.1220703125,-0.42724609375,-26.174166639645893
0.4549999237060547,-0.3662109375,-0.06103515625,-0.42724609375,-26.164166649182636
0.4649999141693115,-0.3662109375,-0.06103515625,-0.42724609375,-26.15416665871938
0.4749999046325683,-0.42724609375,-0.1220703125,-0.42724609375,-26.144166668256123
0.4849998950958252,-0.42724609375,-0.1220703125,-0.42724609375,-26.134166677792866
0.494999885559082,-0.48828125,-0.1220703125,-0.42724609375,-26.12416668732961
0.5049998760223389,-0.48828125,-0.1220703125,-0.42724609375,-26.114166696866352
0.5149998664855957,-0.42724609375,-0.1220703125,-0.42724609375,-26.104166706403095
0.5250000953674316,-0.42724609375,-0.1220703125,-0.42724609375,-26.09416647752126
0.5350000858306885,-0.42724609375,-0.1220703125,-0.3662109375,-26.084166487058003
0.5450000762939453,-0.42724609375,-0.1220703125,-0.3662109375,-26.074166496594746
0.5550000667572021,-0.42724609375,-0.1220703125,-0.3662109375,-26.06416650613149
0.565000057220459,-0.42724609375,-0.1220703125,-0.3662109375,-26.054166515668232
0.5750000476837158,-0.42724609375,-0.1220703125,-0.42724609375,-26.044166525204975
0.5850000381469727,-0.42724609375,-0.1220703125,-0.42724609375,-26.03416653474172
0.5950000286102295,-0.3662109375,-0.1220703125,-0.42724609375,-26.02416654427846
0.6050000190734863,-0.3662109375,-0.1220703125,-0.42724609375,-26.014166553815205
0.6150000095367432,-0.3662109375,-0.1220703125,-0.42724609375,-26.004166563351948
0.625,-0.3662109375,-0.1220703125,-0.42724609375,-25.99416657288869
0.6349999904632568,-0.3662109375,-0.1220703125,-0.42724609375,-25.984166582425434
0.6449999809265137,-0.3662109375,-0.1220703125,-0.42724609375,-25.974166591962177
0.6549999713897705,-0.42724609375,-0.1220703125,-0.42724609375,-25.96416660149892
0.6649999618530273,-0.42724609375,-0.1220703125,-0.42724609375,-25.954166611035664
0.6749999523162842,-0.42724609375,-0.1220703125,-0.42724609375,-25.944166620572407
0.684999942779541,-0.42724609375,-0.1220703125,-0.42724609375,-25.93416663010915
0.6949999332427979,-0.42724609375,-0.18310546875,-0.42724609375,-25.924166639645893
0.7049999237060547,-0.42724609375,-0.18310546875,-0.42724609375,-25.914166649182636
0.7149999141693115,-0.48828125,-0.1220703125,-0.48828125,-25.90416665871938
0.7249999046325684,-0.48828125,-0.1220703125,-0.48828125,-25.894166668256123
0.7349998950958252,-0.42724609375,-0.1220703125,-0.42724609375,-25.884166677792866
0.744999885559082,-0.42724609375,-0.1220703125,-0.42724609375,-25.87416668732961
0.7549998760223389,-0.42724609375,-0.1220703125,-0.48828125,-25.864166696866352
0.7649998664855957,-0.42724609375,-0.1220703125,-0.48828125,-25.854166706403095
0.7750000953674316,-0.42724609375,-0.1220703125,-0.42724609375,-25.84416647752126
0.7850000858306885,-0.42724609375,-0.1220703125,-0.42724609375,-25.834166487058003
0.7950000762939453,-0.42724609375,-0.1220703125,-0.42724609375,-25.824166496594746
0.8050000667572021,-0.42724609375,-0.1220703125,-0.42724609375,-25.81416650613149
0.815000057220459,-0.42724609375,-0.18310546875,-0.3662109375,-25.804166515668232
0.8250000476837158,-0.42724609375,-0.18310546875,-0.3662109375,-25.794166525204975
0.8350000381469727,-0.42724609375,-0.1220703125,-0.42724609375,-25.78416653474172
0.8450000286102295,-0.42724609375,-0.1220703125,-0.42724609375,-25.77416654427846
0.8550000190734863,-0.42724609375,-0.18310546875,-0.42724609375,-25.764166553815205
0.8650000095367432,-0.42724609375,-0.18310546875,-0.42724609375,-25.754166563351948
0.875,-0.42724609375,-0.1220703125,-0.42724609375,-25.74416657288869
0.8849999904632568,-0.42724609375,-0.1220703125,-0.42724609375,-25.734166582425434
0.8949999809265137,-0.42724609375,-0.06103515625,-0.42724609375,-25.724166591962177
0.9049999713897704,-0.42724609375,-0.06103515625,-0.42724609375,-25.71416660149892
0.9149999618530272,-0.3662109375,-0.1220703125,-0.42724609375,-25.704166611035664
0.9249999523162842,-0.3662109375,-0.1220703125,-0.42724609375,-25.694166620572407
0.934999942779541,-0.42724609375,-0.1220703125,-0.3662109375,-25.68416663010915
0.944999933242798,-0.42724609375,-0.1220703125,-0.3662109375,-25.674166639645893
0.9549999237060548,-0.3662109375,-0.18310546875,-0.3662109375,-25.664166649182636
0.9649999141693116,-0.3662109375,-0.18310546875,-0.3662109375,-25.65416665871938
0.9749999046325684,-0.3662109375,-0.1220703125,-0.42724609375,-25.644166668256123
0.9800000190734864,-0.3662109375,-0.1220703125,-0.42724609375,-25.639166553815205
0.994999885559082,-0.48828125,-0.1220703125,-0.42724609375,-25.62416668732961
1.0099999904632568,-0.48828125,-0.1220703125,-0.42724609375,-25.609166582425434
1.0199999809265137,-0.42724609375,-0.1220703125,-0.42724609375,-25.599166591962177
1.0299999713897705,-0.42724609375,-0.1220703125,-0.42724609375,-25.58916660149892
1.0399999618530271,-0.30517578125,-0.1220703125,-0.3662109375,-25.579166611035664
1.0499999523162842,-0.30517578125,-0.1220703125,-0.3662109375,-25.569166620572407
1.059999942779541,-0.30517578125,-0.1220703125,-0.3662109375,-25.55916663010915
1.069999933242798,-0.30517578125,-0.1220703125,-0.3662109375,-25.549166639645893
1.079999923706055,-0.244140625,-0.1220703125,-0.3662109375,-25.539166649182636
1.0899999141693115,-0.244140625,-0.1220703125,-0.3662109375,-25.52916665871938
1.0999999046325684,-0.3662109375,-0.1220703125,-0.42724609375,-25.519166668256123
1.1099998950958252,-0.3662109375,-0.1220703125,-0.42724609375,-25.509166677792866
1.119999885559082,0.0,0.0,0.0,-25.49916668732961
1.1299998760223389,0.0,0.0,0.0,-25.489166696866352
1.1399998664855957,0.0,0.0,0.0,-25.479166706403095
1.1500000953674316,0.0,0.0,0.0,-25.46916647752126
1.1600000858306885,0.0,0.0,0.0,-25.459166487058003
1.170000076293945,0.0,0.0,0.0,-25.449166496594746
1.180000066757202,0.0,0.0,0.0,-25.43916650613149
1.190000057220459,0.0,0.0,0.0,-25.429166515668232
1.2000000476837158,0.0,0.0,0.0,-25.419166525204975
1.2100000381469729,0.0,0.0,0.0,-25.40916653474172
1.2200000286102295,0.0,0.0,0.0,-25.39916654427846
1.2300000190734863,0.0,0.0,0.0,-25.389166553815205
1.2400000095367432,0.0,0.0,0.0,-25.379166563351948
1.25,0.0,0.0,0.0,-25.36916657288869
1.2599999904632568,0.0,0.0,0.0,-25.359166582425434
1.2699999809265137,0.0,0.0,0.0,-25.349166591962177
1.2799999713897705,0.0,0.0,0.0,-25.33916660149892
1.2899999618530271,0.0,0.0,0.0,-25.329166611035664
1.2999999523162842,0.0,0.0,0.0,-25.319166620572407
1.309999942779541,0.0,0.0,0.0,-25.30916663010915
1.319999933242798,0.0,0.0,0.0,-25.299166639645893
1.329999923706055,0.0,0.0,0.0,-25.289166649182636
1.3399999141693115,0.0,0.0,0.0,-25.27916665871938
1.3499999046325684,0.0,0.0,0.0,-25.269166668256123
1.3599998950958252,0.0,0.0,0.0,-25.259166677792866
1.369999885559082,0.0,0.0,0.0,-25.24916668732961
1.3799998760223389,0.0,0.0,0.0,-25.239166696866352
1.3899998664855957,0.0,0.0,0.0,-25.229166706403095
1.4000000953674316,0.0,0.0,0.0,-25.21916647752126
1.4100000858306885,0.0,0.0,0.0,-25.209166487058003
1.420000076293945,0.0,0.0,0.0,-25.199166496594746
1.430000066757202,0.0,0.0,0.0,-25.18916650613149
1.440000057220459,0.0,0.0,0.0,-25.179166515668232
1.4500000476837158,0.0,0.0,0.0,-25.169166525204975
1.4600000381469729,0.0,0.0,0.0,-25.15916653474172
1.4700000286102295,0.0,0.0,0.0,-25.14916654427846
1.4800000190734863,0.0,0.0,0.0,-25.139166553815205
1.4900000095367432,0.0,0.0,0.0,-25.129166563351948
1.5,-0.18310546875,-0.3662109375,-0.18310546875,-25.11916657288869
1.5099999904632568,-0.18310546875,-0.3662109375,-0.18310546875,-25.109166582425434
1.5199999809265137,0.244140625,0.3662109375,0.3662109375,-25.099166591962177
1.5299999713897705,0.244140625,0.3662109375,0.3662109375,-25.08916660149892
1.5399999618530271,0.0,-0.18310546875,-0.1220703125,-25.079166611035664
1.5499999523162842,-0.1220703125,0.1220703125,0.1220703125,-25.069166620572407
1.559999942779541,-0.1220703125,0.1220703125,0.1220703125,-25.05916663010915
1.569999933242798,0.0,-0.06103515625,-0.1220703125,-25.049166639645893
1.579999923706055,0.0,-0.06103515625,-0.1220703125,-25.039166649182636
1.5899999141693115,-0.06103515625,0.0,0.0,-25.02916665871938
1.5999999046325684,-0.06103515625,0.0,0.0,-25.019166668256123
1.6099998950958252,-0.06103515625,-0.06103515625,0.0,-25.009166677792866
1.619999885559082,-0.06103515625,-0.06103515625,0.0,-24.99916668732961
1.6299998760223389,0.0,-0.06103515625,0.0,-24.989166696866352
1.6399998664855957,0.0,-0.06103515625,0.0,-24.979166706403095
1.6500000953674316,0.0,-0.06103515625,0.0,-24.96916647752126
1.6600000858306885,0.0,-0.06103515625,0.0,-24.959166487058003
1.670000076293945,0.0,-0.06103515625,0.0,-24.949166496594746
1.680000066757202,0.0,-0.06103515625,0.0,-24.93916650613149
1.690000057220459,0.0,0.0,0.0,-24.929166515668232
1.7000000476837158,0.0,0.0,0.0,-24.919166525204975
1.7100000381469729,0.0,0.0,0.0,-24.90916653474172
1.7200000286102295,0.0,0.0,0.0,-24.89916654427846
1.7300000190734863,0.0,0.0,0.0,-24.889166553815205
1.7400000095367432,0.0,0.0,0.0,-24.879166563351948
1.75,0.0,0.0,0.0,-24.86916657288869
1.7599999904632568,0.0,0.0,0.0,-24.859166582425434
1.7699999809265137,0.0,0.0,0.0,-24.849166591962177
1.7799999713897705,0.0,0.0,0.0,-24.83916660149892
1.7899999618530271,0.0,0.0,0.0,-24.829166611035664
1.7999999523162842,0.0,0.0,0.0,-24.819166620572407
1.809999942779541,-0.06103515625,-0.06103515625,0.0,-24.80916663010915
1.8199999332427976,-0.06103515625,-0.06103515625,0.0,-24.799166639645893
1.829999923706055,0.0,0.0,0.0,-24.789166649182636
1.8399999141693115,0.0,0.0,0.0,-24.77916665871938
1.8499999046325684,0.0,-0.06103515625,0.0,-24.769166668256123
1.8599998950958248,0.0,-0.06103515625,0.0,-24.759166677792866
1.869999885559082,0.0,0.0,0.0,-24.74916668732961
1.8799998760223389,0.0,0.0,0.0,-24.739166696866352
1.889999866485596,0.0,-0.06103515625,0.0,-24.729166706403095
1.900000095367432,0.0,-0.06103515625,0.0,-24.71916647752126
1.9100000858306885,0.0,0.0,0.0,-24.709166487058003
1.920000076293945,0.0,0.0,0.0,-24.699166496594746
1.930000066757202,0.0,0.0,0.0,-24.68916650613149
1.940000057220459,0.0,0.0,0.0,-24.679166515668232
1.950000047683716,0.0,0.0,0.0,-24.669166525204975
1.9600000381469729,0.0,0.0,0.0,-24.65916653474172
1.9700000286102293,-0.18310546875,-0.06103515625,0.06103515625,-24.64916654427846
1.9800000190734863,-0.18310546875,-0.06103515625,0.06103515625,-24.639166553815205
1.9849998950958248,-0.18310546875,-0.06103515625,0.06103515625,-24.634166677792866
1.994999885559082,0.1220703125,0.06103515625,-0.06103515625,-24.62416668732961
2.004999876022339,0.1220703125,0.06103515625,-0.06103515625,-24.614166696866352
2.014999866485596,0.0,-0.42724609375,-0.244140625,-24.604166706403095
2.025000095367432,0.0,-0.42724609375,-0.244140625,-24.59416647752126
2.0350000858306885,0.0,0.48828125,0.42724609375,-24.584166487058003
2.0450000762939453,0.0,0.48828125,0.42724609375,-24.574166496594746
2.055000066757202,-0.1220703125,-0.244140625,-0.18310546875,-24.56416650613149
2.065000057220459,-0.1220703125,-0.244140625,-0.18310546875,-24.554166515668232
2.075000047683716,-0.30517578125,0.1220703125,0.06103515625,-24.544166525204975
2.0850000381469727,-0.30517578125,0.1220703125,0.06103515625,-24.53416653474172
2.095000028610229,0.0,-0.06103515625,-0.06103515625,-24.52416654427846
2.1050000190734863,0.0,-0.06103515625,-0.06103515625,-24.514166553815205
2.115000009536743,0.0,0.0,0.0,-24.504166563351948
2.125,0.0,0.0,0.0,-24.49416657288869
2.134999990463257,0.0,0.0,0.0,-24.484166582425434
2.1449999809265137,0.0,0.0,0.0,-24.474166591962177
2.1549999713897705,0.0,-0.06103515625,-0.06103515625,-24.46416660149892
2.164999961853028,0.0,-0.06103515625,-0.06103515625,-24.454166611035664
2.174999952316284,0.1220703125,0.0,0.0,-24.444166620572407
2.184999942779541,0.1220703125,0.0,0.0,-24.43416663010915
2.194999933242798,0.06103515625,-0.06103515625,0.0,-24.424166639645893
2.2049999237060547,0.06103515625,-0.06103515625,0.0,-24.414166649182636
2.2149999141693115,0.0,-0.06103515625,0.0,-24.40416665871938
2.2249999046325684,0.0,-0.06103515625,0.0,-24.394166668256123
2.234999895095825,-0.1220703125,0.0,0.0,-24.384166677792866
2.244999885559082,-0.1220703125,0.0,0.0,-24.37416668732961
2.254999876022339,-0.06103515625,0.0,-0.06103515625,-24.364166696866352
2.264999866485596,-0.06103515625,0.0,-0.06103515625,-24.354166706403095
2.275000095367432,-0.06103515625,0.0,0.0,-24.34416647752126
2.2850000858306885,-0.06103515625,0.0,0.0,-24.334166487058003
2.2950000762939453,-0.1220703125,0.0,0.0,-24.324166496594746
2.305000066757202,-0.1220703125,0.0,0.0,-24.31416650613149
2.315000057220459,-0.06103515625,0.0,0.0,-24.304166515668232
2.325000047683716,-0.06103515625,0.0,0.0,-24.294166525204975
2.3350000381469727,-0.06103515625,0.0,0.0,-24.28416653474172
2.345000028610229,-0.06103515625,0.0,0.0,-24.27416654427846
2.3550000190734863,0.0,0.0,0.0,-24.264166553815205
2.365000009536743,0.0,0.0,0.0,-24.254166563351948
2.375,0.0,-0.06103515625,0.0,-24.24416657288869
2.384999990463257,0.0,-0.06103515625,0.0,-24.234166582425434
2.3949999809265137,0.0,0.0,0.0,-24.224166591962177
2.4049999713897705,0.0,0.0,0.0,-24.21416660149892
2.414999961853028,0.0,-0.06103515625,0.0,-24.204166611035664
2.424999952316284,0.0,-0.06103515625,0.0,-24.194166620572407
2.434999942779541,-0.06103515625,0.0,0.0,-24.18416663010915
2.444999933242798,-0.06103515625,0.0,0.0,-24.174166639645893
2.4549999237060547,0.0,0.0,0.0,-24.164166649182636
2.4649999141693115,0.0,0.0,0.0,-24.15416665871938
2.4749999046325684,-0.06103515625,0.0,0.0,-24.144166668256123
2.484999895095825,-0.06103515625,0.0,0.0,-24.134166677792866
2.494999885559082,-0.06103515625,0.0,0.0,-24.12416668732961
2.504999876022339,-0.06103515625,0.0,0.0,-24.114166696866352
2.514999866485596,-0.1220703125,0.0,0.0,-24.104166706403095
2.525000095367432,-0.1220703125,0.0,0.0,-24.09416647752126
2.5350000858306885,0.0,0.0,0.0,-24.084166487058003
2.5450000762939453,0.0,0.0,0.0,-24.074166496594746
2.555000066757202,0.0,0.0,0.0,-24.06416650613149
2.565000057220459,0.0,0.0,0.0,-24.054166515668232
2.575000047683716,0.0,0.0,0.0,-24.044166525204975
2.5850000381469727,0.0,0.0,0.0,-24.03416653474172
2.595000028610229,0.0,-0.06103515625,0.0,-24.02416654427846
2.6050000190734863,0.0,-0.06103515625,0.0,-24.014166553815205
2.615000009536743,0.0,-0.06103515625,0.0,-24.004166563351948
2.625,0.0,-0.06103515625,0.0,-23.99416657288869
2.634999990463257,0.0,0.0,0.0,-23.984166582425434
2.6449999809265137,0.0,0.0,0.0,-23.974166591962177
2.6549999713897705,0.0,-0.06103515625,0.0,-23.96416660149892
2.664999961853028,0.0,-0.06103515625,0.0,-23.954166611035664
2.674999952316284,0.0,0.0,0.0,-23.944166620572407
2.684999942779541,0.0,0.0,0.0,-23.93416663010915
2.694999933242798,0.0,0.0,0.0,-23.924166639645893
2.7049999237060547,0.0,0.0,0.0,-23.914166649182636
2.7149999141693115,0.0,0.0,0.0,-23.90416665871938
2.7249999046325684,0.0,0.0,0.0,-23.894166668256123
2.734999895095825,0.0,0.0,0.0,-23.884166677792866
2.744999885559082,0.0,0.0,0.0,-23.87416668732961
2.754999876022339,0.06103515625,0.06103515625,0.0,-23.864166696866352
2.764999866485596,0.06103515625,0.06103515625,0.0,-23.854166706403095
2.775000095367432,0.0,-0.06103515625,0.0,-23.84416647752126
2.7850000858306885,0.0,-0.06103515625,0.0,-23.834166487058003
2.7950000762939453,0.0,0.0,0.0,-23.824166496594746
2.805000066757202,0.0,0.0,0.0,-23.81416650613149
2.815000057220459,0.0,0.0,0.0,-23.804166515668232
2.825000047683716,0.0,0.0,0.0,-23.794166525204975
2.8350000381469727,0.0,0.0,0.0,-23.78416653474172
2.845000028610229,0.0,0.0,0.0,-23.77416654427846
2.8550000190734863,0.0,-0.06103515625,0.0,-23.764166553815205
2.865000009536743,0.0,-0.06103515625,0.0,-23.754166563351948
2.875,-0.06103515625,0.0,-0.06103515625,-23.74416657288869
2.884999990463257,-0.06103515625,0.0,-0.06103515625,-23.734166582425434
2.8949999809265137,-0.06103515625,-0.06103515625,0.0,-23.724166591962177
2.9049999713897705,-0.06103515625,-0.06103515625,0.0,-23.71416660149892
2.914999961853028,0.0,-0.06103515625,0.0,-23.704166611035664
2.924999952316284,0.0,-0.06103515625,0.0,-23.694166620572407
2.934999942779541,0.0,0.0,0.0,-23.68416663010915
2.944999933242798,0.0,0.0,0.0,-23.674166639645893
2.9549999237060547,0.0,0.0,0.0,-23.664166649182636
2.9649999141693115,0.0,0.0,0.0,-23.65416665871938
2.9749999046325684,-0.06103515625,0.0,0.0,-23.644166668256123
2.984999895095825,-0.06103515625,0.0,0.0,-23.634166677792866
2.990000009536743,0.0,0.0,0.0,-23.629166563351948
3.0,0.0,0.0,0.0,-23.61916657288869
3.009999990463257,0.0,0.0,0.0,-23.609166582425434
3.0199999809265137,0.0,0.0,0.0,-23.599166591962177
3.0299999713897705,-0.06103515625,0.0,0.0,-23.58916660149892
3.039999961853028,-0.06103515625,0.0,0.0,-23.579166611035664
3.049999952316284,0.0,0.0,0.0,-23.569166620572407
3.059999942779541,0.0,0.0,0.0,-23.55916663010915
3.069999933242798,0.0,0.0,0.0,-23.549166639645893
3.0799999237060547,0.0,0.0,0.0,-23.539166649182636
3.0899999141693115,0.0,0.0,0.0,-23.52916665871938
3.0999999046325684,0.0,0.0,0.0,-23.519166668256123
3.109999895095825,0.0,0.0,0.0,-23.509166677792866
3.119999885559082,0.0,0.0,0.0,-23.49916668732961
3.129999876022339,0.0,0.0,0.0,-23.489166696866352
3.139999866485596,0.0,0.0,0.0,-23.479166706403095
3.150000095367432,0.0,0.0,0.0,-23.46916647752126
3.1600000858306885,0.0,0.0,0.0,-23.459166487058003
3.1700000762939453,0.0,0.0,0.0,-23.449166496594746
3.180000066757202,0.0,0.0,0.0,-23.43916650613149
3.190000057220459,0.0,0.0,0.0,-23.429166515668232
3.200000047683716,0.0,0.0,0.0,-23.419166525204975
3.2100000381469727,0.0,0.0,0.0,-23.40916653474172
3.220000028610229,0.0,0.0,0.0,-23.39916654427846
3.2300000190734863,0.0,0.0,0.0,-23.389166553815205
3.240000009536743,0.0,0.0,0.0,-23.379166563351948
3.25,0.0,0.0,0.0,-23.36916657288869
3.259999990463257,0.0,0.0,0.0,-23.359166582425434
3.2699999809265137,0.0,0.0,0.0,-23.349166591962177
3.2799999713897705,0.0,0.0,0.0,-23.33916660149892
3.289999961853028,0.0,0.0,0.0,-23.329166611035664
3.299999952316284,0.0,0.0,0.0,-23.319166620572407
3.309999942779541,0.0,0.0,0.0,-23.30916663010915
3.319999933242798,0.0,0.0,0.0,-23.299166639645893
3.3299999237060547,0.0,0.0,0.0,-23.289166649182636
3.3399999141693115,0.0,0.0,0.0,-23.27916665871938
3.3499999046325684,0.0,0.0,0.0,-23.269166668256123
3.359999895095825,0.0,0.0,0.0,-23.259166677792866
3.369999885559082,0.0,0.0,0.0,-23.24916668732961
3.379999876022339,0.0,0.0,0.0,-23.239166696866352
3.389999866485596,0.0,0.0,0.0,-23.229166706403095
3.400000095367432,0.0,0.0,0.0,-23.21916647752126
3.4100000858306885,0.0,0.0,0.0,-23.209166487058003
3.4200000762939453,0.0,0.0,0.0,-23.199166496594746
3.430000066757202,0.0,0.0,0.0,-23.18916650613149
3.440000057220459,0.0,0.0,0.0,-23.179166515668232
3.450000047683716,0.0,0.0,0.0,-23.169166525204975
3.4600000381469727,0.0,0.0,0.0,-23.15916653474172
3.470000028610229,0.0,0.0,0.0,-23.14916654427846
3.4800000190734863,0.0,0.0,0.0,-23.139166553815205
3.490000009536743,0.0,0.0,0.0,-23.129166563351948
3.5,0.0,0.0,0.0,-23.11916657288869
3.509999990463257,0.0,0.0,0.0,-23.109166582425434
3.5199999809265137,0.0,0.0,0.0,-23.099166591962177
3.5299999713897705,0.0,0.0,0.0,-23.08916660149892
3.539999961853028,0.0,0.0,0.0,-23.079166611035664
3.549999952316284,0.0,0.0,0.0,-23.069166620572407
3.559999942779541,0.0,0.0,0.0,-23.05916663010915
3.569999933242798,0.0,0.0,0.0,-23.049166639645893
3.5799999237060547,0.0,0.0,0.0,-23.039166649182636
3.5899999141693115,0.0,0.0,0.0,-23.02916665871938
3.5999999046325684,0.0,0.0,0.0,-23.019166668256123
3.609999895095825,0.0,0.0,0.0,-23.009166677792866
3.619999885559082,0.0,0.0,0.0,-22.99916668732961
3.629999876022339,-0.1220703125,0.1220703125,0.06103515625,-22.989166696866352
3.639999866485596,-0.1220703125,0.1220703125,0.06103515625,-22.979166706403095
3.650000095367432,0.0,-0.18310546875,-0.06103515625,-22.96916647752126
3.660000085830689,0.0,-0.18310546875,-0.06103515625,-22.959166487058003
3.670000076293945,0.0,0.0,0.0,-22.949166496594746
3.680000066757202,0.0,0.0,0.0,-22.93916650613149
3.690000057220459,0.0,-0.06103515625,0.0,-22.929166515668232
3.700000047683716,0.0,-0.06103515625,0.0,-22.919166525204975
3.7100000381469727,0.0,0.0,0.0,-22.90916653474172
3.7200000286102295,0.0,0.0,0.0,-22.89916654427846
3.7300000190734863,0.0,0.0,0.0,-22.889166553815205
3.740000009536743,0.0,0.0,0.0,-22.879166563351948
3.75,0.0,0.0,0.0,-22.86916657288869
3.759999990463257,0.0,0.0,0.0,-22.859166582425434
3.7699999809265137,0.0,-0.06103515625,0.0,-22.849166591962177
3.7799999713897705,0.0,-0.06103515625,0.0,-22.83916660149892
3.7899999618530273,-0.06103515625,-0.06103515625,0.0,-22.829166611035664
3.799999952316284,-0.06103515625,-0.06103515625,0.0,-22.819166620572407
3.809999942779541,0.0,0.0,0.06103515625,-22.80916663010915
3.819999933242798,0.0,0.0,0.06103515625,-22.799166639645893
3.829999923706055,0.0,-0.06103515625,0.0,-22.789166649182636
3.839999914169312,0.0,-0.06103515625,0.0,-22.77916665871938
3.849999904632568,-0.1220703125,0.0,0.06103515625,-22.769166668256123
3.859999895095825,-0.1220703125,0.0,0.06103515625,-22.759166677792866
3.869999885559082,0.0,0.0,0.0,-22.74916668732961
3.879999876022339,0.0,0.0,0.0,-22.739166696866352
3.889999866485596,0.0,0.0,0.0,-22.729166706403095
3.900000095367432,0.0,0.0,0.0,-22.71916647752126
3.910000085830689,0.0,-0.06103515625,0.0,-22.709166487058003
3.920000076293945,0.0,-0.06103515625,0.0,-22.699166496594746
3.930000066757202,0.0,-0.06103515625,0.0,-22.68916650613149
3.940000057220459,0.0,-0.06103515625,0.0,-22.679166515668232
3.950000047683716,0.0,0.0,0.0,-22.669166525204975
3.9600000381469727,0.0,0.0,0.0,-22.65916653474172
3.9700000286102295,0.0,-0.06103515625,0.0,-22.64916654427846
3.9800000190734863,0.0,-0.06103515625,0.0,-22.639166553815205
3.990000009536743,0.0,-0.06103515625,0.0,-22.629166563351948
3.994999885559082,0.0,-0.06103515625,0.0,-22.62416668732961
4.004999876022339,-0.06103515625,-0.06103515625,0.0,-22.614166696866352
4.014999866485596,-0.06103515625,-0.06103515625,0.0,-22.604166706403095
4.025000095367432,0.0,0.0,0.0,-22.59416647752126
4.0350000858306885,0.0,0.0,0.0,-22.584166487058003
4.045000076293945,0.0,0.0,0.0,-22.574166496594746
4.055000066757202,0.0,0.0,0.0,-22.56416650613149
4.065000057220459,0.0,0.0,0.0,-22.554166515668232
4.075000047683716,0.0,0.0,0.0,-22.544166525204975
4.085000038146973,0.0,0.0,0.0,-22.53416653474172
4.0950000286102295,0.0,0.0,0.0,-22.52416654427846
4.105000019073486,0.0,0.0,0.0,-22.514166553815205
4.115000009536743,0.0,0.0,0.0,-22.504166563351948
4.125,0.0,0.0,0.0,-22.49416657288869
4.134999990463257,0.0,0.0,0.0,-22.484166582425434
4.144999980926514,0.0,0.0,0.0,-22.474166591962177
4.1549999713897705,0.0,0.0,0.0,-22.46416660149892
4.164999961853027,0.0,0.0,0.0,-22.454166611035664
4.174999952316284,0.0,0.0,0.0,-22.444166620572407
4.184999942779541,0.0,0.0,0.0,-22.43416663010915
4.194999933242798,0.0,0.0,0.0,-22.424166639645893
4.204999923706055,0.0,0.0,0.0,-22.414166649182636
4.214999914169312,0.0,0.0,0.0,-22.40416665871938
4.224999904632568,0.0,-0.06103515625,0.0,-22.394166668256123
4.234999895095825,0.0,-0.06103515625,0.0,-22.384166677792866
4.244999885559082,0.0,0.0,0.0,-22.37416668732961
4.254999876022339,0.0,0.0,0.0,-22.364166696866352
4.264999866485596,0.0,0.0,0.0,-22.354166706403095
4.275000095367432,0.0,0.0,0.0,-22.34416647752126
4.2850000858306885,0.0,0.0,0.0,-22.334166487058003
4.295000076293945,0.0,0.0,0.0,-22.324166496594746
4.305000066757202,0.0,0.0,0.0,-22.31416650613149
4.315000057220459,0.0,0.0,0.0,-22.304166515668232
4.325000047683716,0.0,0.0,0.0,-22.294166525204975
4.335000038146973,0.0,0.0,0.0,-22.28416653474172
4.3450000286102295,0.0,0.0,0.0,-22.27416654427846
4.355000019073486,0.0,0.0,0.0,-22.264166553815205
4.365000009536743,0.0,0.0,0.0,-22.254166563351948
4.375,0.0,0.0,0.0,-22.24416657288869
4.384999990463257,0.0,0.0,0.0,-22.234166582425434
4.394999980926514,0.0,0.0,0.0,-22.224166591962177
4.4049999713897705,0.0,0.0,0.0,-22.21416660149892
4.414999961853027,0.0,0.0,0.0,-22.204166611035664
4.424999952316284,0.0,0.0,0.0,-22.194166620572407
4.434999942779541,0.0,0.0,0.0,-22.18416663010915
4.444999933242798,0.0,0.0,0.0,-22.174166639645893
4.454999923706055,0.0,0.0,0.0,-22.164166649182636
4.464999914169312,-0.06103515625,0.0,0.06103515625,-22.15416665871938
4.474999904632568,-0.06103515625,0.0,0.06103515625,-22.144166668256123
4.484999895095825,0.06103515625,-0.1220703125,-0.06103515625,-22.134166677792866
4.494999885559082,0.06103515625,-0.1220703125,-0.06103515625,-22.12416668732961
4.504999876022339,-0.06103515625,0.06103515625,0.06103515625,-22.114166696866352
4.514999866485596,-0.06103515625,0.06103515625,0.06103515625,-22.104166706403095
4.525000095367432,0.0,-0.06103515625,0.0,-22.09416647752126
4.5350000858306885,0.0,-0.06103515625,0.0,-22.084166487058003
4.545000076293945,0.0,0.06103515625,0.0,-22.074166496594746
4.555000066757202,0.0,0.06103515625,0.0,-22.06416650613149
4.565000057220459,0.0,-0.06103515625,0.0,-22.054166515668232
4.575000047683716,0.0,-0.06103515625,0.0,-22.044166525204975
4.585000038146973,0.0,0.0,0.0,-22.03416653474172
4.5950000286102295,0.0,0.0,0.0,-22.02416654427846
4.605000019073486,0.0,0.0,0.0,-22.014166553815205
4.615000009536743,0.0,0.0,0.0,-22.004166563351948
4.625,0.0,0.0,0.0,-21.99416657288869
4.634999990463257,0.0,0.0,0.0,-21.984166582425434
4.644999980926514,0.0,0.0,0.0,-21.974166591962177
4.6549999713897705,0.0,0.0,0.0,-21.96416660149892
4.664999961853027,0.0,0.0,0.0,-21.954166611035664
4.674999952316284,0.0,0.0,0.0,-21.944166620572407
4.684999942779541,0.0,0.0,0.0,-21.93416663010915
4.694999933242798,0.0,0.0,0.0,-21.924166639645893
4.704999923706055,0.0,0.0,0.0,-21.914166649182636
4.714999914169312,0.0,0.0,0.0,-21.90416665871938
4.724999904632568,0.0,0.0,0.0,-21.894166668256123
4.734999895095825,0.0,0.0,0.0,-21.884166677792866
4.744999885559082,0.0,0.0,0.0,-21.87416668732961
4.754999876022339,0.0,0.0,0.0,-21.864166696866352
4.764999866485596,0.0,0.0,0.0,-21.854166706403095
4.775000095367432,0.0,0.0,0.0,-21.84416647752126
4.7850000858306885,0.0,0.0,0.0,-21.834166487058003
4.795000076293945,0.0,0.0,0.0,-21.824166496594746
4.805000066757202,0.0,0.0,0.0,-21.81416650613149
4.815000057220459,0.0,0.0,0.0,-21.804166515668232
4.825000047683716,0.0,0.0,0.0,-21.794166525204975
4.835000038146973,0.0,0.0,0.0,-21.78416653474172
4.8450000286102295,0.0,0.0,0.0,-21.77416654427846
4.855000019073486,0.0,0.0,0.0,-21.764166553815205
4.865000009536743,0.0,0.0,0.0,-21.754166563351948
4.875,0.0,0.0,0.0,-21.74416657288869
4.884999990463257,0.0,0.0,0.0,-21.734166582425434
4.894999980926514,0.0,0.0,0.0,-21.724166591962177
4.9049999713897705,0.0,0.0,0.0,-21.71416660149892
4.914999961853027,0.0,0.0,0.0,-21.704166611035664
4.924999952316284,0.0,0.0,0.0,-21.694166620572407
4.934999942779541,0.0,0.0,0.0,-21.68416663010915
4.944999933242798,0.0,0.0,0.0,-21.674166639645893
4.950000047683716,0.0,0.0,0.0,-21.669166525204975
4.960000038146973,0.0,0.0,0.0,-21.65916653474172
4.9700000286102295,0.0,0.0,0.0,-21.64916654427846
4.980000019073486,0.0,0.0,0.0,-21.639166553815205
4.990000009536743,0.0,0.0,0.0,-21.629166563351948
4.994999885559082,0.0,0.0,0.0,-21.62416668732961
5.004999876022339,0.0,0.0,0.0,-21.614166696866352
5.019999980926514,0.0,0.0,0.0,-21.599166591962177
5.0299999713897705,0.0,0.0,0.0,-21.58916660149892
5.039999961853027,0.0,0.0,0.0,-21.579166611035664
5.049999952316284,0.0,0.0,0.0,-21.569166620572407
5.059999942779541,0.0,0.0,0.0,-21.55916663010915
5.069999933242798,0.0,0.0,0.0,-21.549166639645893
5.079999923706055,0.0,0.0,0.0,-21.539166649182636
5.089999914169312,0.0,0.0,0.0,-21.52916665871938
5.099999904632568,0.0,0.0,0.0,-21.519166668256123
5.109999895095825,0.0,0.0,0.0,-21.509166677792866
5.119999885559082,0.0,0.0,0.0,-21.49916668732961
5.129999876022339,0.0,0.0,0.0,-21.489166696866352
5.139999866485596,0.0,0.0,0.0,-21.479166706403095
5.150000095367432,0.0,0.0,0.0,-21.46916647752126
5.1600000858306885,0.0,0.0,0.0,-21.459166487058003
5.170000076293945,0.0,0.0,0.0,-21.449166496594746
5.180000066757202,0.0,0.0,0.0,-21.43916650613149
5.190000057220459,0.0,0.0,0.0,-21.429166515668232
5.200000047683716,0.0,0.0,0.0,-21.419166525204975
5.210000038146973,0.0,0.0,0.0,-21.40916653474172
5.2200000286102295,0.0,0.0,0.0,-21.39916654427846
5.230000019073486,0.0,0.0,0.0,-21.389166553815205
5.240000009536743,0.0,0.0,0.0,-21.379166563351948
5.25,0.0,0.0,0.0,-21.36916657288869
5.259999990463257,0.0,0.0,0.0,-21.359166582425434
5.269999980926514,0.0,0.0,0.0,-21.349166591962177
5.2799999713897705,0.0,0.0,0.0,-21.33916660149892
5.289999961853027,0.0,0.0,0.0,-21.329166611035664
5.299999952316284,0.0,0.0,0.0,-21.319166620572407
5.309999942779541,0.0,0.0,0.0,-21.30916663010915
5.319999933242798,0.0,0.0,0.0,-21.299166639645893
5.329999923706055,0.0,0.0,0.0,-21.289166649182636
5.339999914169312,0.0,0.0,0.0,-21.27916665871938
5.349999904632568,0.0,0.0,0.0,-21.269166668256123
5.359999895095825,0.0,0.0,0.0,-21.259166677792866
5.369999885559082,0.0,0.0,0.0,-21.24916668732961
5.379999876022339,0.0,0.0,0.0,-21.239166696866352
5.389999866485596,0.0,0.0,0.0,-21.229166706403095
5.400000095367432,0.0,0.0,0.0,-21.21916647752126
5.4100000858306885,0.0,0.0,0.0,-21.209166487058003
5.420000076293945,0.0,0.0,0.0,-21.199166496594746
5.430000066757202,0.0,0.0,0.0,-21.18916650613149
5.440000057220459,0.0,0.0,0.0,-21.179166515668232
5.450000047683716,0.0,0.0,0.0,-21.169166525204975
5.460000038146973,0.0,0.0,0.0,-21.15916653474172
5.4700000286102295,0.0,0.0,0.0,-21.14916654427846
5.480000019073486,0.0,0.0,0.0,-21.139166553815205
5.490000009536743,0.0,0.0,0.0,-21.129166563351948
5.5,0.0,0.0,0.0,-21.11916657288869
5.509999990463257,0.0,0.0,0.0,-21.109166582425434
5.519999980926514,0.0,0.0,0.0,-21.099166591962177
5.5299999713897705,0.0,0.0,0.0,-21.08916660149892
5.539999961853027,0.0,0.0,0.0,-21.079166611035664
5.549999952316284,0.0,0.0,0.0,-21.069166620572407
5.559999942779541,0.0,0.0,0.0,-21.05916663010915
5.569999933242798,0.0,0.0,0.0,-21.049166639645893
5.579999923706055,0.0,0.0,0.0,-21.039166649182636
5.589999914169312,0.0,0.0,0.0,-21.02916665871938
5.599999904632568,0.0,0.0,0.0,-21.019166668256123
5.609999895095825,0.0,0.0,0.0,-21.009166677792866
5.619999885559082,0.0,0.0,0.0,-20.99916668732961
5.629999876022339,0.0,0.0,0.0,-20.989166696866352
5.639999866485596,0.0,0.0,0.0,-20.979166706403095
5.650000095367432,0.0,0.0,0.0,-20.96916647752126
5.6600000858306885,0.0,0.0,0.0,-20.959166487058003
5.670000076293945,0.0,0.0,0.0,-20.949166496594746
5.680000066757202,0.0,0.0,0.0,-20.93916650613149
5.690000057220459,0.0,0.0,0.0,-20.929166515668232
5.700000047683716,0.0,0.0,0.0,-20.919166525204975
5.710000038146973,0.0,0.0,0.0,-20.90916653474172
5.7200000286102295,0.0,0.0,0.0,-20.89916654427846
5.730000019073486,0.0,0.0,0.0,-20.889166553815205
5.740000009536743,0.0,0.0,0.0,-20.879166563351948
5.75,0.0,0.0,0.0,-20.86916657288869
5.759999990463257,0.0,0.0,0.0,-20.859166582425434
5.769999980926514,0.0,0.0,0.0,-20.849166591962177
5.7799999713897705,0.0,0.0,0.0,-20.83916660149892
5.789999961853027,0.0,0.0,0.0,-20.829166611035664
5.799999952316284,0.0,0.0,0.0,-20.819166620572407
5.809999942779541,0.0,0.0,0.0,-20.80916663010915
5.819999933242798,0.0,0.0,0.0,-20.799166639645893
5.829999923706055,0.0,0.0,0.0,-20.789166649182636
5.839999914169312,0.0,0.0,0.0,-20.77916665871938
5.849999904632568,0.0,0.0,0.0,-20.769166668256123
5.859999895095825,0.0,0.0,0.0,-20.759166677792866
5.869999885559082,0.0,0.0,0.0,-20.74916668732961
5.879999876022339,0.0,0.0,0.0,-20.739166696866352
5.889999866485596,0.0,0.0,0.0,-20.729166706403095
5.900000095367432,0.0,0.0,0.0,-20.71916647752126
5.9100000858306885,0.0,0.0,0.0,-20.709166487058003
5.920000076293945,0.0,0.0,0.0,-20.699166496594746
5.930000066757202,0.0,0.0,0.0,-20.68916650613149
5.940000057220459,0.0,0.0,0.0,-20.679166515668232
5.950000047683716,0.0,0.0,0.0,-20.669166525204975
5.960000038146973,0.0,0.0,0.0,-20.65916653474172
5.9700000286102295,0.0,0.0,0.0,-20.64916654427846
5.980000019073486,0.0,0.0,0.0,-20.639166553815205
5.990000009536743,0.0,0.0,0.0,-20.629166563351948
5.994999885559082,0.0,0.0,0.0,-20.62416668732961
6.004999876022339,0.0,0.0,0.0,-20.614166696866352
6.014999866485596,0.0,0.0,0.0,-20.604166706403095
6.025000095367432,0.0,0.0,0.0,-20.59416647752126
6.0350000858306885,0.0,0.0,0.0,-20.584166487058003
6.045000076293945,0.0,0.0,0.0,-20.574166496594746
6.055000066757202,0.0,0.0,0.0,-20.56416650613149
6.065000057220459,0.0,0.0,0.0,-20.554166515668232
6.075000047683716,0.0,0.0,0.0,-20.544166525204975
6.085000038146973,0.0,0.0,0.0,-20.53416653474172
6.0950000286102295,0.0,0.0,0.0,-20.52416654427846
6.105000019073486,0.0,0.0,0.0,-20.514166553815205
6.115000009536743,0.0,0.0,0.0,-20.504166563351948
6.125,0.0,0.0,0.0,-20.49416657288869
6.134999990463257,0.0,0.0,0.0,-20.484166582425434
6.144999980926514,0.0,0.0,0.0,-20.474166591962177
6.1549999713897705,0.0,0.0,0.0,-20.46416660149892
6.164999961853027,0.0,0.0,0.0,-20.454166611035664
6.174999952316284,0.0,0.0,0.0,-20.444166620572407
6.184999942779541,0.0,0.0,0.0,-20.43416663010915
6.194999933242798,0.0,0.0,0.0,-20.424166639645893
6.204999923706055,0.0,0.0,0.0,-20.414166649182636
6.214999914169312,0.0,0.0,0.0,-20.40416665871938
6.224999904632568,0.0,0.0,0.0,-20.394166668256123
6.234999895095825,0.0,0.0,0.0,-20.384166677792866
6.244999885559082,0.0,0.0,0.0,-20.37416668732961
6.254999876022339,0.0,0.0,0.0,-20.364166696866352
6.264999866485596,0.0,0.0,0.0,-20.354166706403095
6.275000095367432,0.0,0.0,0.0,-20.34416647752126
6.2850000858306885,0.0,0.0,0.0,-20.334166487058003
6.295000076293945,0.0,0.0,0.0,-20.324166496594746
6.305000066757202,0.0,0.0,0.0,-20.31416650613149
6.315000057220459,0.0,0.0,0.0,-20.304166515668232
6.325000047683716,0.0,0.0,0.0,-20.294166525204975
6.335000038146973,0.0,0.0,0.0,-20.28416653474172
6.3450000286102295,0.0,0.0,0.0,-20.27416654427846
6.355000019073486,0.0,0.0,0.0,-20.264166553815205
6.365000009536743,0.0,0.0,0.0,-20.254166563351948
6.375,0.0,0.0,0.0,-20.24416657288869
6.384999990463257,0.0,0.0,0.0,-20.234166582425434
6.394999980926514,0.0,0.0,0.0,-20.224166591962177
6.4049999713897705,0.0,0.0,0.0,-20.21416660149892
6.414999961853027,0.0,0.0,0.0,-20.204166611035664
6.424999952316284,0.0,0.0,0.0,-20.194166620572407
6.434999942779541,0.0,0.0,0.0,-20.18416663010915
6.444999933242798,0.0,0.0,0.0,-20.174166639645893
6.454999923706055,0.0,0.0,0.0,-20.164166649182636
6.464999914169312,0.0,0.0,0.0,-20.15416665871938
6.474999904632568,0.0,0.0,0.0,-20.144166668256123
6.484999895095825,0.0,0.0,0.0,-20.134166677792866
6.494999885559082,0.0,0.0,0.0,-20.12416668732961
6.504999876022339,0.0,0.0,0.0,-20.114166696866352
6.514999866485596,0.0,0.0,0.0,-20.104166706403095
6.525000095367432,0.0,0.0,0.0,-20.09416647752126
6.5350000858306885,0.0,0.0,0.0,-20.084166487058003
6.545000076293945,0.0,0.0,0.0,-20.074166496594746
6.555000066757202,0.0,0.0,0.0,-20.06416650613149
6.565000057220459,0.0,0.0,0.0,-20.054166515668232
6.575000047683716,0.0,0.0,0.0,-20.044166525204975
6.585000038146973,0.0,0.0,0.0,-20.03416653474172
6.5950000286102295,0.0,0.0,0.0,-20.02416654427846
6.605000019073486,0.0,0.0,0.0,-20.014166553815205
6.615000009536743,0.0,0.0,0.0,-20.004166563351948
6.625,0.0,0.0,0.0,-19.99416657288869
6.634999990463257,0.0,0.0,0.0,-19.984166582425434
6.644999980926514,0.0,0.0,0.0,-19.974166591962177
6.6549999713897705,0.0,0.0,0.0,-19.96416660149892
6.664999961853027,0.0,0.0,0.0,-19.954166611035664
6.674999952316284,0.0,0.0,0.0,-19.944166620572407
6.684999942779541,0.0,0.0,0.0,-19.93416663010915
6.694999933242798,0.0,0.0,0.0,-19.924166639645893
6.704999923706055,0.0,0.0,0.0,-19.914166649182636
6.714999914169312,0.0,0.0,0.0,-19.90416665871938
6.724999904632568,0.0,0.0,0.0,-19.894166668256123
6.734999895095825,0.0,0.0,0.0,-19.884166677792866
6.744999885559082,0.0,0.0,0.0,-19.87416668732961
6.754999876022339,0.0,0.0,0.0,-19.864166696866352
6.764999866485596,0.0,0.0,0.0,-19.854166706403095
6.775000095367432,0.0,0.0,0.0,-19.84416647752126
6.7850000858306885,0.0,0.0,0.0,-19.834166487058003
6.795000076293945,0.0,0.0,0.0,-19.824166496594746
6.805000066757202,0.0,0.0,0.0,-19.81416650613149
6.815000057220459,0.0,0.0,0.0,-19.804166515668232
6.825000047683716,0.0,0.0,0.0,-19.794166525204975
6.835000038146973,0.0,0.0,0.0,-19.78416653474172
6.8450000286102295,0.0,0.0,0.0,-19.77416654427846
6.855000019073486,0.0,0.0,0.0,-19.764166553815205
6.865000009536743,0.0,0.0,0.0,-19.754166563351948
6.875,0.0,0.0,0.0,-19.74416657288869
6.884999990463257,0.0,0.0,0.0,-19.734166582425434
6.894999980926514,0.0,0.0,0.0,-19.724166591962177
6.9049999713897705,0.0,0.0,0.0,-19.71416660149892
6.914999961853027,0.0,0.0,0.0,-19.704166611035664
6.924999952316284,0.0,0.0,0.0,-19.694166620572407
6.934999942779541,0.0,0.0,0.0,-19.68416663010915
6.944999933242798,0.0,0.0,0.0,-19.674166639645893
6.954999923706055,0.0,0.0,0.0,-19.664166649182636
6.964999914169312,0.0,0.0,0.0,-19.65416665871938
6.974999904632568,0.0,0.0,0.0,-19.644166668256123
6.984999895095825,0.0,0.0,0.0,-19.634166677792866
6.994999885559082,0.0,0.0,0.0,-19.62416668732961
7.0,0.0,0.0,0.0,-19.61916657288869
7.009999990463257,0.0,0.0,0.0,-19.609166582425434
7.019999980926514,0.0,0.0,0.0,-19.599166591962177
7.0299999713897705,0.0,0.0,0.0,-19.58916660149892
7.039999961853027,0.0,0.0,0.0,-19.579166611035664
7.049999952316284,0.0,0.0,0.0,-19.569166620572407
7.059999942779541,0.0,0.0,0.0,-19.55916663010915
7.069999933242798,0.0,0.0,0.0,-19.549166639645893
7.079999923706055,-0.67138671875,0.18310546875,-0.06103515625,-19.539166649182636
7.089999914169312,-0.67138671875,0.18310546875,-0.06103515625,-19.52916665871938
7.099999904632568,0.1220703125,0.06103515625,0.0,-19.519166668256123
7.109999895095825,0.1220703125,0.06103515625,0.0,-19.509166677792866
7.119999885559082,0.0,0.0,0.0,-19.49916668732961
7.129999876022339,0.0,0.0,0.0,-19.489166696866352
7.139999866485596,0.06103515625,0.0,0.0,-19.479166706403095
7.150000095367432,0.06103515625,0.0,0.0,-19.46916647752126
7.1600000858306885,0.18310546875,0.0,0.0,-19.459166487058003
7.170000076293945,0.18310546875,0.0,0.0,-19.449166496594746
7.180000066757202,0.0,0.0,0.0,-19.43916650613149
7.190000057220459,0.0,0.0,0.0,-19.429166515668232
7.200000047683716,-0.06103515625,0.06103515625,0.0,-19.419166525204975
7.210000038146973,-0.06103515625,0.06103515625,0.0,-19.40916653474172
7.220000028610229,-0.06103515625,0.0,0.0,-19.39916654427846
7.230000019073486,-0.06103515625,0.0,0.0,-19.389166553815205
7.240000009536743,0.1220703125,0.0,0.0,-19.379166563351948
7.25,0.1220703125,0.0,0.0,-19.36916657288869
7.259999990463257,0.1220703125,0.06103515625,0.0,-19.359166582425434
7.269999980926514,0.1220703125,0.06103515625,0.0,-19.349166591962177
7.27999997138977,0.0,0.0,0.0,-19.33916660149892
7.289999961853027,0.0,0.0,0.0,-19.329166611035664
7.299999952316284,0.0,0.0,0.0,-19.319166620572407
7.309999942779541,0.0,0.0,0.0,-19.30916663010915
7.319999933242798,0.1220703125,0.0,0.0,-19.299166639645893
7.329999923706055,0.1220703125,0.0,0.0,-19.289166649182636
7.339999914169311,0.0,0.06103515625,0.0,-19.27916665871938
7.349999904632568,0.0,0.06103515625,0.0,-19.269166668256123
7.359999895095825,0.1220703125,0.06103515625,-0.06103515625,-19.259166677792866
7.369999885559082,0.1220703125,0.06103515625,-0.06103515625,-19.24916668732961
7.379999876022339,0.1220703125,0.0,-0.06103515625,-19.239166696866352
7.389999866485596,0.1220703125,0.0,-0.06103515625,-19.229166706403095
7.400000095367432,0.06103515625,0.06103515625,0.0,-19.21916647752126
7.410000085830688,0.06103515625,0.06103515625,0.0,-19.209166487058003
7.420000076293945,-0.06103515625,0.06103515625,0.0,-19.199166496594746
7.430000066757202,-0.06103515625,0.06103515625,0.0,-19.18916650613149
7.440000057220459,-0.1220703125,0.0,-0.06103515625,-19.179166515668232
7.450000047683716,-0.1220703125,0.0,-0.06103515625,-19.169166525204975
7.460000038146973,0.0,0.0,0.0,-19.15916653474172
7.470000028610229,0.0,0.0,0.0,-19.14916654427846
7.480000019073486,-0.1220703125,-0.06103515625,0.18310546875,-19.139166553815205
7.490000009536743,-0.1220703125,-0.06103515625,0.18310546875,-19.129166563351948
7.5,0.06103515625,-0.06103515625,0.0,-19.11916657288869
7.509999990463257,0.06103515625,-0.06103515625,0.0,-19.109166582425434
7.519999980926514,0.1220703125,-0.06103515625,0.0,-19.099166591962177
7.52999997138977,0.1220703125,-0.06103515625,0.0,-19.08916660149892
7.539999961853027,0.18310546875,0.0,0.0,-19.079166611035664
7.549999952316284,0.18310546875,0.0,0.0,-19.069166620572407
7.559999942779541,0.0,0.0,0.0,-19.05916663010915
7.569999933242798,0.0,0.0,0.0,-19.049166639645893
7.579999923706055,-0.18310546875,0.06103515625,0.0,-19.039166649182636
7.589999914169311,-0.18310546875,0.06103515625,0.0,-19.02916665871938
7.599999904632568,0.0,0.0,0.0,-19.019166668256123
7.609999895095825,0.0,0.0,0.0,-19.009166677792866
7.619999885559082,0.18310546875,0.0,0.06103515625,-18.99916668732961
7.629999876022339,0.18310546875,0.0,0.06103515625,-18.989166696866352
7.639999866485596,0.06103515625,0.0,0.0,-18.979166706403095
7.650000095367432,0.06103515625,0.0,0.0,-18.96916647752126
7.660000085830688,0.0,0.06103515625,0.0,-18.959166487058003
7.670000076293945,0.0,0.06103515625,0.0,-18.949166496594746
7.680000066757202,-0.1220703125,0.06103515625,0.0,-18.93916650613149
7.690000057220459,-0.1220703125,0.06103515625,0.0,-18.929166515668232
7.700000047683716,-0.1220703125,0.0,0.0,-18.919166525204975
7.710000038146973,-0.1220703125,0.0,0.0,-18.90916653474172
7.720000028610229,0.0,0.0,0.0,-18.89916654427846
7.730000019073486,0.0,0.0,0.0,-18.889166553815205
7.740000009536743,0.06103515625,0.0,0.0,-18.879166563351948
7.75,0.06103515625,0.0,0.0,-18.86916657288869
7.759999990463257,0.18310546875,0.0,0.0,-18.859166582425434
7.769999980926514,0.18310546875,0.0,0.0,-18.849166591962177
7.77999997138977,0.1220703125,0.0,0.0,-18.83916660149892
7.789999961853027,0.1220703125,0.0,0.0,-18.829166611035664
7.799999952316284,0.0,0.0,0.0,-18.819166620572407
7.809999942779541,0.0,0.0,0.0,-18.80916663010915
7.819999933242798,0.0,0.0,0.0,-18.799166639645893
7.829999923706055,0.0,0.0,0.0,-18.789166649182636
7.839999914169311,0.06103515625,0.0,0.0,-18.77916665871938
7.849999904632568,0.06103515625,0.0,0.0,-18.769166668256123
7.859999895095825,0.0,0.0,0.0,-18.759166677792866
7.869999885559082,0.0,0.0,0.0,-18.74916668732961
7.879999876022339,0.0,0.0,0.0,-18.739166696866352
7.889999866485596,0.0,0.0,0.0,-18.729166706403095
7.900000095367432,0.0,0.0,0.0,-18.71916647752126
7.910000085830688,0.0,0.0,0.0,-18.709166487058003
7.920000076293945,0.0,0.0,0.0,-18.699166496594746
7.930000066757202,0.0,0.0,0.0,-18.68916650613149
7.940000057220459,0.0,0.0,0.0,-18.679166515668232
7.950000047683716,0.06103515625,0.0,0.0,-18.669166525204975
7.960000038146973,0.06103515625,0.0,0.0,-18.65916653474172
7.970000028610229,0.0,0.0,0.0,-18.64916654427846
7.980000019073486,0.0,0.0,0.0,-18.639166553815205
7.990000009536743,0.0,0.06103515625,0.0,-18.629166563351948
8.0,0.0,0.06103515625,0.0,-18.61916657288869
8.004999876022339,0.0,0.06103515625,0.0,-18.614166696866352
8.014999866485596,-0.06103515625,0.06103515625,0.0,-18.604166706403095
8.025000095367432,-0.06103515625,0.06103515625,0.0,-18.59416647752126
8.035000085830688,0.0,0.06103515625,0.0,-18.584166487058003
8.045000076293945,0.0,0.06103515625,0.0,-18.574166496594746
8.055000066757202,0.06103515625,0.0,0.0,-18.56416650613149
8.065000057220459,0.06103515625,0.0,0.0,-18.554166515668232
8.075000047683716,0.0,0.0,0.0,-18.544166525204975
8.085000038146973,0.0,0.0,0.0,-18.53416653474172
8.09500002861023,0.06103515625,0.0,0.0,-18.52416654427846
8.105000019073486,0.06103515625,0.0,0.0,-18.514166553815205
8.115000009536743,0.06103515625,0.0,0.0,-18.504166563351948
8.125,0.06103515625,0.0,0.0,-18.494166572888687
8.134999990463257,0.0,0.0,0.0,-18.48416658242543
8.144999980926514,0.0,0.0,0.0,-18.474166591962174
8.15499997138977,0.06103515625,0.0,0.0,-18.464166601498917
8.164999961853027,0.06103515625,0.0,0.0,-18.45416661103566
8.174999952316284,0.0,0.0,0.0,-18.444166620572403
8.184999942779541,0.0,0.0,0.0,-18.434166630109146
8.194999933242798,0.0,0.06103515625,0.0,-18.42416663964589
8.204999923706055,0.0,0.06103515625,0.0,-18.414166649182633
8.214999914169312,0.0,0.0,0.0,-18.404166658719376
8.224999904632568,0.0,0.0,0.0,-18.39416666825612
8.234999895095825,-0.06103515625,0.0,0.0,-18.384166677792862
8.244999885559082,-0.06103515625,0.0,0.0,-18.374166687329605
8.254999876022339,-0.06103515625,0.0,0.0,-18.36416669686635
8.264999866485596,-0.06103515625,0.0,0.0,-18.354166706403092
8.275000095367432,0.18310546875,0.0,0.0,-18.344166477521256
8.285000085830688,0.18310546875,0.0,0.0,-18.334166487058
8.295000076293945,0.0,0.0,0.0,-18.324166496594742
8.305000066757202,0.0,0.0,0.0,-18.314166506131485
8.315000057220459,-0.244140625,0.06103515625,0.0,-18.30416651566823
8.325000047683716,-0.244140625,0.06103515625,0.0,-18.29416652520497
8.335000038146973,0.0,0.06103515625,0.0,-18.284166534741715
8.34500002861023,0.0,0.06103515625,0.0,-18.274166544278458
8.355000019073486,0.1220703125,0.0,0.0,-18.2641665538152
8.365000009536743,0.1220703125,0.0,0.0,-18.254166563351944
8.375,0.244140625,0.0,0.0,-18.244166572888687
8.384999990463257,0.244140625,0.0,0.0,-18.23416658242543
8.394999980926514,0.1220703125,0.0,0.0,-18.224166591962174
8.40499997138977,0.1220703125,0.0,0.0,-18.214166601498917
8.414999961853027,0.06103515625,0.06103515625,0.0,-18.20416661103566
8.424999952316284,0.06103515625,0.06103515625,0.0,-18.194166620572403
8.434999942779541,0.06103515625,0.0,0.0,-18.184166630109146
8.444999933242798,0.06103515625,0.0,0.0,-18.17416663964589
8.454999923706055,0.30517578125,0.0,-0.06103515625,-18.164166649182633
8.464999914169312,0.30517578125,0.0,-0.06103515625,-18.154166658719376
8.474999904632568,0.18310546875,0.0,0.0,-18.14416666825612
8.484999895095825,0.18310546875,0.0,0.0,-18.134166677792862
8.494999885559082,-0.3662109375,0.0,0.30517578125,-18.124166687329605
8.504999876022339,-0.3662109375,0.0,0.30517578125,-18.11416669686635
8.514999866485596,0.0,-0.06103515625,-0.06103515625,-18.104166706403092
8.525000095367432,0.0,-0.06103515625,-0.06103515625,-18.094166477521256
8.535000085830688,0.1220703125,0.1220703125,0.0,-18.084166487058
8.545000076293945,0.1220703125,0.1220703125,0.0,-18.074166496594742
8.555000066757202,0.0,0.0,-0.06103515625,-18.064166506131485
8.565000057220459,0.0,0.0,-0.06103515625,-18.05416651566823
8.575000047683716,-0.1220703125,0.0,0.0,-18.04416652520497
8.585000038146973,-0.1220703125,0.0,0.0,-18.034166534741715
8.59500002861023,0.3662109375,-0.06103515625,0.0,-18.024166544278458
8.605000019073486,0.3662109375,-0.06103515625,0.0,-18.0141665538152
8.615000009536743,0.0,0.0,0.0,-18.004166563351944
8.625,0.0,0.0,0.0,-17.994166572888687
8.634999990463257,0.0,0.0,0.0,-17.98416658242543
8.644999980926514,0.0,0.0,0.0,-17.974166591962174
8.65499997138977,0.0,0.0,0.0,-17.964166601498917
8.664999961853027,0.0,0.0,0.0,-17.95416661103566
8.674999952316284,0.0,0.0,0.0,-17.944166620572403
8.684999942779541,0.0,0.0,0.0,-17.934166630109146
8.694999933242798,0.0,0.0,0.0,-17.92416663964589
8.704999923706055,0.0,0.0,0.0,-17.914166649182633
8.714999914169312,0.0,0.0,0.0,-17.904166658719376
8.724999904632568,0.0,0.0,0.0,-17.89416666825612
8.734999895095825,0.0,0.0,0.0,-17.884166677792862
8.744999885559082,0.0,0.0,0.0,-17.874166687329605
8.754999876022339,0.06103515625,0.0,0.0,-17.86416669686635
8.764999866485596,0.06103515625,0.0,0.0,-17.854166706403092
8.775000095367432,0.0,0.0,0.0,-17.844166477521256
8.785000085830688,0.0,0.0,0.0,-17.834166487058
8.795000076293945,0.0,0.0,0.0,-17.824166496594742
8.805000066757202,0.0,0.0,0.0,-17.814166506131485
8.815000057220459,0.0,0.0,0.0,-17.80416651566823
8.825000047683716,0.0,0.0,0.0,-17.79416652520497
8.835000038146973,0.0,0.0,0.0,-17.784166534741715
8.84500002861023,0.0,0.0,0.0,-17.774166544278458
8.855000019073486,0.0,0.0,0.0,-17.7641665538152
8.865000009536743,0.0,0.0,0.0,-17.754166563351944
8.875,0.0,0.0,-0.06103515625,-17.744166572888687
8.884999990463257,0.0,0.0,-0.06103515625,-17.73416658242543
8.894999980926514,0.0,0.0,0.0,-17.724166591962174
8.90499997138977,0.0,0.0,0.0,-17.714166601498917
8.914999961853027,0.0,0.0,0.0,-17.70416661103566
8.924999952316284,0.0,0.0,0.0,-17.694166620572403
8.934999942779541,0.0,0.0,0.0,-17.684166630109146
8.944999933242798,0.0,0.0,0.0,-17.67416663964589
8.954999923706055,0.0,0.0,0.0,-17.664166649182633
8.964999914169312,0.0,0.0,0.0,-17.654166658719376
8.974999904632568,0.06103515625,0.0,0.0,-17.64416666825612
8.984999895095825,0.06103515625,0.0,0.0,-17.634166677792862
8.994999885559082,0.0,0.0,0.0,-17.624166687329605
9.004999876022339,0.0,0.0,0.0,-17.61416669686635
9.009999990463257,0.0,0.0,0.0,-17.60916658242543
9.019999980926514,0.0,0.0,0.0,-17.599166591962174
9.02999997138977,0.0,0.0,0.0,-17.589166601498917
9.039999961853027,0.0,0.0,0.0,-17.57916661103566
9.049999952316284,0.0,0.0,0.0,-17.569166620572403
9.05999994277954,0.0,0.0,0.0,-17.559166630109154
9.069999933242798,0.0,0.0,0.0,-17.54916663964589
9.079999923706056,0.0,0.0,0.0,-17.539166649182633
9.089999914169312,0.0,0.0,0.0,-17.529166658719376
9.099999904632568,0.0,0.0,0.0,-17.51916666825612
9.109999895095823,0.0,0.0,0.0,-17.50916667779287
9.119999885559082,0.0,0.0,0.0,-17.499166687329605
9.12999987602234,0.06103515625,0.0,0.0,-17.48916669686635
9.139999866485596,0.06103515625,0.0,0.0,-17.479166706403092
9.150000095367432,0.0,0.0,0.0,-17.469166477521256
9.160000085830688,0.0,0.0,0.0,-17.459166487058
9.170000076293944,0.06103515625,0.0,0.0,-17.44916649659475
9.180000066757202,0.06103515625,0.0,0.0,-17.439166506131485
9.19000005722046,0.0,0.0,0.0,-17.42916651566823
9.200000047683716,0.0,0.0,0.0,-17.41916652520497
9.210000038146973,0.0,0.0,0.0,-17.409166534741715
9.22000002861023,0.0,0.0,0.0,-17.399166544278458
9.230000019073486,0.0,0.0,0.0,-17.3891665538152
9.240000009536743,0.0,0.0,0.0,-17.379166563351944
9.25,0.0,0.0,0.0,-17.369166572888687
9.259999990463257,0.0,0.0,0.0,-17.35916658242543
9.269999980926514,0.0,0.0,0.0,-17.349166591962174
9.27999997138977,0.0,0.0,0.0,-17.339166601498917
9.289999961853027,0.0,0.0,0.0,-17.32916661103566
9.299999952316284,0.0,0.0,0.0,-17.319166620572403
9.30999994277954,0.0,0.0,0.0,-17.309166630109154
9.319999933242798,0.0,0.0,0.0,-17.29916663964589
9.329999923706056,0.0,0.0,0.0,-17.289166649182633
9.339999914169312,0.0,0.0,0.0,-17.279166658719376
9.349999904632568,0.0,0.0,0.0,-17.26916666825612
9.359999895095823,0.0,0.0,0.0,-17.25916667779287
9.369999885559082,0.0,0.0,0.0,-17.249166687329605
9.37999987602234,0.0,0.0,0.0,-17.23916669686635
9.389999866485596,0.0,0.0,0.0,-17.229166706403092
9.400000095367432,0.0,0.0,0.0,-17.219166477521256
9.410000085830688,0.0,0.0,0.0,-17.209166487058
9.420000076293944,0.0,0.0,0.0,-17.19916649659475
9.430000066757202,0.0,0.0,0.0,-17.189166506131485
9.44000005722046,0.0,0.0,0.0,-17.17916651566823
9.450000047683716,0.0,0.0,0.0,-17.16916652520497
9.460000038146973,0.0,0.0,0.0,-17.159166534741715
9.47000002861023,0.0,0.0,0.0,-17.149166544278458
9.480000019073486,0.0,0.0,0.0,-17.1391665538152
9.490000009536743,0.06103515625,0.0,0.0,-17.129166563351944
9.5,0.06103515625,0.0,0.0,-17.119166572888687
9.509999990463257,0.0,0.0,0.0,-17.10916658242543
9.519999980926514,0.0,0.0,0.0,-17.099166591962174
9.52999997138977,0.0,0.0,0.0,-17.089166601498917
9.539999961853027,0.0,0.0,0.0,-17.07916661103566
9.549999952316284,0.0,0.0,0.0,-17.069166620572403
9.55999994277954,0.0,0.0,0.0,-17.059166630109154
9.569999933242798,0.0,0.0,0.0,-17.04916663964589
9.579999923706056,0.0,0.0,0.0,-17.039166649182633
9.589999914169312,0.0,0.0,0.0,-17.029166658719376
9.599999904632568,0.0,0.0,0.0,-17.01916666825612
9.609999895095823,0.0,0.0,0.0,-17.00916667779287
9.619999885559082,0.0,0.0,0.0,-16.999166687329605
9.62999987602234,0.0,0.0,0.0,-16.98916669686635
9.639999866485596,0.0,0.0,0.0,-16.979166706403092
9.650000095367432,0.0,0.0,0.0,-16.969166477521256
9.660000085830688,0.0,0.0,0.0,-16.959166487058
9.670000076293944,0.0,0.0,0.0,-16.94916649659475
9.680000066757202,0.0,0.0,0.0,-16.939166506131485
9.69000005722046,0.0,0.0,0.0,-16.92916651566823
9.700000047683716,0.0,0.0,0.0,-16.91916652520497
9.710000038146973,0.0,0.0,0.0,-16.909166534741715
9.72000002861023,0.0,0.0,0.0,-16.899166544278458
9.730000019073486,0.0,0.0,0.0,-16.8891665538152
9.740000009536743,0.0,0.0,0.0,-16.879166563351944
9.75,0.0,0.0,0.0,-16.869166572888687
9.759999990463257,0.0,0.0,0.0,-16.85916658242543
9.769999980926514,0.0,0.0,0.0,-16.849166591962174
9.77999997138977,0.0,0.0,0.0,-16.839166601498917
9.789999961853027,0.0,0.0,0.0,-16.82916661103566
9.799999952316284,0.0,0.0,0.0,-16.819166620572403
9.80999994277954,0.0,0.0,0.0,-16.809166630109154
9.819999933242798,0.0,0.0,0.0,-16.79916663964589
9.829999923706056,0.0,0.0,0.0,-16.789166649182633
9.839999914169312,0.0,0.0,0.0,-16.779166658719376
9.849999904632568,0.0,0.0,0.0,-16.76916666825612
9.859999895095823,0.0,0.0,0.0,-16.75916667779287
9.869999885559082,0.0,0.0,0.0,-16.749166687329605
9.87999987602234,0.0,0.0,0.0,-16.73916669686635
9.889999866485596,0.0,0.0,0.0,-16.729166706403092
9.900000095367432,0.0,0.0,0.0,-16.719166477521256
9.910000085830688,0.0,0.0,0.0,-16.709166487058
9.920000076293944,0.0,0.0,0.0,-16.69916649659475
9.930000066757202,0.0,0.0,0.0,-16.689166506131485
9.94000005722046,0.0,0.0,0.0,-16.67916651566823
9.950000047683716,0.0,0.0,0.0,-16.66916652520497
9.960000038146973,0.0,0.0,0.0,-16.659166534741715
9.97000002861023,0.0,0.0,0.0,-16.649166544278458
9.980000019073486,0.0,0.0,0.0,-16.6391665538152
9.990000009536743,0.0,0.0,0.0,-16.629166563351944
10.0,0.0,0.0,0.0,-16.619166572888687
10.009999990463257,0.0,0.0,0.0,-16.60916658242543
10.014999866485596,0.0,0.0,0.0,-16.604166706403092
10.025000095367432,0.0,0.0,0.0,-16.594166477521256
10.039999961853027,0.0,0.0,0.0,-16.57916661103566
10.049999952316284,0.0,0.0,0.0,-16.569166620572403
10.05999994277954,0.0,0.0,0.0,-16.559166630109154
10.069999933242798,0.0,0.0,0.0,-16.54916663964589
10.079999923706056,0.0,0.0,0.0,-16.539166649182633
10.089999914169312,0.0,0.0,0.0,-16.529166658719376
10.099999904632568,0.0,0.0,0.0,-16.51916666825612
10.109999895095823,0.0,0.0,0.0,-16.50916667779287
10.119999885559082,0.0,0.0,0.0,-16.499166687329605
10.12999987602234,0.0,0.0,0.0,-16.48916669686635
10.139999866485596,0.0,0.0,0.0,-16.479166706403092
10.150000095367432,0.0,0.0,0.0,-16.469166477521256
10.160000085830688,0.0,0.0,0.0,-16.459166487058
10.170000076293944,0.0,0.0,0.0,-16.44916649659475
10.180000066757202,0.0,0.0,0.0,-16.439166506131485
10.19000005722046,0.0,0.0,0.0,-16.42916651566823
10.200000047683716,0.0,0.0,0.0,-16.41916652520497
10.210000038146973,0.0,0.0,0.0,-16.409166534741715
10.22000002861023,0.0,0.0,0.0,-16.399166544278458
10.230000019073486,0.0,0.0,0.0,-16.3891665538152
10.240000009536743,0.0,0.0,0.0,-16.379166563351944
10.25,0.0,0.0,0.0,-16.369166572888687
10.259999990463257,0.0,0.0,0.0,-16.35916658242543
10.269999980926514,0.0,0.0,0.0,-16.349166591962174
10.27999997138977,0.0,0.0,0.0,-16.339166601498917
10.289999961853027,0.0,0.0,0.0,-16.32916661103566
10.299999952316284,0.0,0.0,0.0,-16.319166620572403
10.30999994277954,0.0,0.0,0.0,-16.309166630109154
10.319999933242798,0.0,0.0,0.0,-16.29916663964589
10.329999923706056,0.0,0.0,0.0,-16.289166649182633
10.339999914169312,0.0,0.0,0.0,-16.279166658719376
10.349999904632568,0.0,0.0,0.0,-16.26916666825612
10.359999895095823,0.0,0.0,0.0,-16.25916667779287
10.369999885559082,0.0,0.0,0.0,-16.249166687329605
10.37999987602234,0.0,0.0,0.0,-16.23916669686635
10.389999866485596,0.0,0.0,0.0,-16.229166706403092
10.400000095367432,0.0,0.0,0.0,-16.219166477521256
10.410000085830688,0.0,0.0,0.0,-16.209166487058
10.420000076293944,0.0,0.0,0.0,-16.19916649659475
10.430000066757202,0.0,0.0,0.0,-16.189166506131485
10.44000005722046,0.0,0.0,0.0,-16.17916651566823
10.450000047683716,0.0,0.0,0.0,-16.16916652520497
10.460000038146973,0.0,0.0,0.0,-16.159166534741715
10.47000002861023,0.0,0.0,0.0,-16.149166544278458
10.480000019073486,0.0,0.0,0.0,-16.1391665538152
10.490000009536743,0.0,0.0,0.0,-16.129166563351944
10.5,0.0,0.0,0.0,-16.119166572888687
10.509999990463257,0.0,0.0,0.0,-16.10916658242543
10.519999980926514,0.0,0.0,0.0,-16.099166591962174
10.52999997138977,0.0,0.0,0.0,-16.089166601498917
10.539999961853027,0.0,0.0,0.0,-16.07916661103566
10.549999952316284,0.0,0.0,0.0,-16.069166620572403
10.55999994277954,0.0,0.0,0.0,-16.059166630109154
10.569999933242798,0.0,0.0,0.0,-16.04916663964589
10.579999923706056,0.0,0.0,0.0,-16.039166649182633
10.589999914169312,0.0,0.0,0.0,-16.029166658719376
10.599999904632568,0.0,0.0,0.0,-16.01916666825612
10.609999895095823,0.0,0.0,0.0,-16.00916667779287
10.619999885559082,0.0,0.0,0.0,-15.999166687329605
10.62999987602234,0.0,0.0,0.0,-15.989166696866349
10.639999866485596,0.0,0.0,0.0,-15.979166706403092
10.650000095367432,0.0,0.0,0.0,-15.969166477521256
10.660000085830688,0.0,0.0,0.0,-15.959166487057999
10.670000076293944,0.0,0.0,0.0,-15.94916649659475
10.680000066757202,0.0,0.0,0.0,-15.939166506131485
10.69000005722046,0.0,0.0,0.0,-15.929166515668228
10.700000047683716,0.0,0.0,0.0,-15.919166525204972
10.710000038146973,0.0,0.0,0.0,-15.909166534741715
10.72000002861023,0.0,0.0,0.0,-15.899166544278458
10.730000019073486,0.0,0.0,0.0,-15.889166553815201
10.740000009536743,0.0,0.0,0.0,-15.879166563351944
10.75,0.0,0.0,0.0,-15.869166572888687
10.759999990463257,0.0,0.0,0.0,-15.85916658242543
10.769999980926514,0.0,0.0,0.0,-15.849166591962174
10.77999997138977,0.0,0.0,0.0,-15.839166601498917
10.789999961853027,0.0,0.0,0.0,-15.82916661103566
10.799999952316284,0.0,0.0,0.0,-15.819166620572403
10.80999994277954,0.0,0.0,0.0,-15.809166630109154
10.819999933242798,0.0,0.0,0.0,-15.79916663964589
10.829999923706056,0.0,0.0,0.0,-15.789166649182633
10.839999914169312,0.0,0.0,0.0,-15.779166658719376
10.849999904632568,0.0,0.0,0.0,-15.76916666825612
10.859999895095823,0.0,0.0,0.0,-15.75916667779287
10.869999885559082,0.0,0.0,0.0,-15.749166687329605
10.87999987602234,0.0,0.0,0.0,-15.739166696866349
10.889999866485596,0.0,0.0,0.0,-15.729166706403092
10.900000095367432,0.0,0.0,0.0,-15.719166477521256
10.910000085830688,0.0,0.0,0.0,-15.709166487057999
10.920000076293944,0.0,0.0,0.0,-15.69916649659475
10.930000066757202,0.0,0.0,0.0,-15.689166506131485
10.94000005722046,0.0,0.0,0.0,-15.679166515668228
10.950000047683716,0.0,0.0,0.0,-15.669166525204972
10.960000038146973,0.0,0.0,0.0,-15.659166534741715
10.97000002861023,0.0,0.0,0.0,-15.649166544278458
10.980000019073486,0.0,0.0,0.0,-15.639166553815201
10.990000009536743,0.0,0.0,0.0,-15.629166563351944
11.0,0.0,0.0,0.0,-15.619166572888687
11.009999990463257,0.0,0.0,0.0,-15.60916658242543
11.014999866485596,0.0,0.0,0.0,-15.604166706403092
11.025000095367432,0.0,0.0,0.0,-15.594166477521256
11.035000085830688,0.0,0.0,0.0,-15.584166487057999
11.045000076293944,0.0,0.0,0.0,-15.57416649659475
11.055000066757202,0.0,0.0,0.0,-15.564166506131485
11.06500005722046,0.0,0.0,0.0,-15.554166515668228
11.075000047683716,0.0,0.0,0.0,-15.544166525204972
11.085000038146973,0.0,0.0,0.0,-15.534166534741715
11.09500002861023,0.0,0.0,0.0,-15.524166544278458
11.105000019073486,0.0,0.0,0.0,-15.514166553815201
11.115000009536743,0.0,0.0,0.0,-15.504166563351944
11.125,0.0,0.0,0.0,-15.494166572888687
11.134999990463257,0.0,0.0,0.0,-15.48416658242543
11.144999980926514,0.0,0.0,0.0,-15.474166591962174
11.15499997138977,0.0,0.0,0.0,-15.464166601498917
11.164999961853027,0.0,0.0,0.0,-15.45416661103566
11.174999952316284,0.0,0.0,0.0,-15.444166620572403
11.18499994277954,0.0,0.0,0.0,-15.434166630109154
11.194999933242798,0.0,0.0,0.0,-15.42416663964589
11.204999923706056,0.0,0.0,0.0,-15.414166649182633
11.214999914169312,0.0,0.0,0.0,-15.404166658719376
11.224999904632568,0.0,0.0,0.0,-15.39416666825612
11.234999895095823,0.0,0.0,0.0,-15.38416667779287
11.244999885559082,0.0,0.0,0.0,-15.374166687329605
11.25499987602234,0.0,0.0,0.0,-15.364166696866349
11.264999866485596,0.0,0.0,0.0,-15.354166706403092
11.275000095367432,0.0,0.0,0.0,-15.344166477521256
11.285000085830688,0.0,0.0,0.0,-15.334166487057999
11.295000076293944,0.0,0.0,0.0,-15.32416649659475
11.305000066757202,0.0,0.0,0.0,-15.314166506131485
11.31500005722046,0.0,0.0,0.0,-15.304166515668228
11.325000047683716,0.0,0.0,0.0,-15.294166525204972
11.335000038146973,0.0,0.0,0.0,-15.284166534741715
11.34500002861023,0.0,0.0,0.0,-15.274166544278458
11.355000019073486,0.0,0.0,0.0,-15.264166553815201
11.365000009536743,0.0,0.0,0.0,-15.254166563351944
11.375,0.0,0.0,0.0,-15.244166572888687
11.384999990463257,0.0,0.0,0.0,-15.23416658242543
11.394999980926514,0.0,0.0,0.0,-15.224166591962174
11.40499997138977,0.0,0.0,0.0,-15.214166601498917
11.414999961853027,0.0,0.0,0.0,-15.20416661103566
11.424999952316284,0.0,0.0,0.0,-15.194166620572403
11.43499994277954,0.0,0.0,0.0,-15.184166630109154
11.444999933242798,0.0,0.0,0.0,-15.17416663964589
11.454999923706056,0.0,0.0,0.0,-15.164166649182633
11.464999914169312,0.0,0.0,0.0,-15.154166658719376
11.474999904632568,0.0,0.0,0.0,-15.14416666825612
11.484999895095823,0.0,0.0,0.0,-15.13416667779287
11.494999885559082,0.0,0.0,0.0,-15.124166687329605
11.50499987602234,0.0,0.0,0.0,-15.114166696866349
11.514999866485596,0.0,0.0,0.0,-15.104166706403092
11.525000095367432,0.0,0.0,0.0,-15.094166477521256
11.535000085830688,0.0,0.0,0.0,-15.084166487057999
11.545000076293944,0.0,0.0,0.0,-15.07416649659475
11.555000066757202,0.0,0.0,0.0,-15.064166506131485
11.56500005722046,0.0,0.0,0.0,-15.054166515668228
11.575000047683716,0.0,0.0,0.0,-15.044166525204972
11.585000038146973,0.0,0.0,0.0,-15.034166534741715
11.59500002861023,0.0,0.0,0.0,-15.024166544278458
11.605000019073486,0.0,0.0,0.0,-15.014166553815201
11.615000009536743,0.0,0.0,0.0,-15.004166563351944
11.625,0.0,0.0,0.0,-14.994166572888687
11.634999990463257,0.0,0.0,0.0,-14.98416658242543
11.644999980926514,0.0,0.0,0.0,-14.974166591962174
11.65499997138977,0.0,0.0,0.0,-14.964166601498917
11.664999961853027,0.0,0.0,0.0,-14.95416661103566
11.674999952316284,0.0,0.0,0.0,-14.944166620572403
11.68499994277954,0.0,0.0,0.0,-14.934166630109154
11.694999933242798,0.0,0.0,0.0,-14.92416663964589
11.704999923706056,0.0,0.0,0.0,-14.914166649182633
11.714999914169312,0.0,0.0,0.0,-14.904166658719376
11.724999904632568,0.0,0.0,0.0,-14.89416666825612
11.734999895095823,0.0,0.0,0.0,-14.88416667779287
11.744999885559082,0.0,0.0,0.0,-14.874166687329605
11.75499987602234,0.0,0.0,0.0,-14.864166696866349
11.764999866485596,0.0,0.0,0.0,-14.854166706403092
11.775000095367432,0.0,0.0,0.0,-14.844166477521256
11.785000085830688,0.0,0.0,0.0,-14.834166487057999
11.795000076293944,0.0,0.0,0.0,-14.82416649659475
11.805000066757202,0.0,0.0,0.0,-14.814166506131485
11.81500005722046,0.0,0.0,0.0,-14.804166515668228
11.825000047683716,0.0,0.0,0.0,-14.794166525204972
11.835000038146973,0.0,0.0,0.0,-14.784166534741715
11.84500002861023,0.0,0.0,0.0,-14.774166544278458
11.855000019073486,0.0,0.0,0.0,-14.764166553815201
11.865000009536743,0.0,0.0,0.0,-14.754166563351944
11.875,0.0,0.0,0.0,-14.744166572888687
11.884999990463257,0.0,0.0,0.0,-14.73416658242543
11.894999980926514,0.0,0.0,0.0,-14.724166591962174
11.90499997138977,0.0,0.0,0.0,-14.714166601498917
11.914999961853027,0.0,0.0,0.0,-14.70416661103566
11.924999952316284,0.0,0.0,0.0,-14.694166620572403
11.93499994277954,0.0,0.0,0.0,-14.684166630109154
11.944999933242798,0.0,0.0,0.0,-14.67416663964589
11.954999923706056,0.0,0.0,0.0,-14.664166649182633
11.964999914169312,0.0,0.0,0.0,-14.654166658719376
11.974999904632568,0.0,0.0,0.0,-14.64416666825612
11.984999895095823,0.0,0.0,0.0,-14.63416667779287
11.994999885559082,0.0,0.0,0.0,-14.624166687329605
12.00499987602234,0.0,0.0,0.0,-14.614166696866349
12.014999866485596,0.0,0.0,0.0,-14.604166706403092
12.019999980926514,0.0,0.0,0.0,-14.599166591962174
12.02999997138977,0.0,0.0,0.0,-14.589166601498917
12.039999961853027,0.0,0.0,0.0,-14.57916661103566
12.049999952316284,0.0,0.0,0.0,-14.569166620572403
12.05999994277954,0.0,0.0,0.0,-14.559166630109154
12.069999933242798,0.0,0.0,0.0,-14.54916663964589
12.079999923706056,0.0,0.0,0.0,-14.539166649182633
12.089999914169312,0.0,0.0,0.0,-14.529166658719376
12.099999904632568,0.0,0.0,0.0,-14.51916666825612
12.109999895095823,0.0,0.0,0.0,-14.50916667779287
12.119999885559082,0.0,0.0,0.0,-14.499166687329605
12.12999987602234,0.0,0.0,0.0,-14.489166696866349
12.139999866485596,0.0,0.0,0.0,-14.479166706403092
12.150000095367432,0.0,0.0,0.0,-14.469166477521256
12.160000085830688,0.0,0.0,0.0,-14.459166487057999
12.170000076293944,0.0,0.0,0.0,-14.44916649659475
12.180000066757202,0.0,0.0,0.0,-14.439166506131485
12.19000005722046,0.0,0.0,0.0,-14.429166515668228
12.200000047683716,0.0,0.0,0.0,-14.419166525204972
12.210000038146973,0.0,0.0,0.0,-14.409166534741715
12.22000002861023,0.0,0.0,0.0,-14.399166544278458
12.230000019073486,0.0,0.0,0.0,-14.389166553815201
12.240000009536743,0.0,0.0,0.0,-14.379166563351944
12.25,0.0,0.0,0.0,-14.369166572888687
12.259999990463257,0.0,0.0,0.0,-14.35916658242543
12.269999980926514,0.0,0.0,0.0,-14.349166591962174
12.27999997138977,0.0,0.0,0.0,-14.339166601498917
12.289999961853027,0.0,0.0,0.0,-14.32916661103566
12.299999952316284,0.0,0.0,0.0,-14.319166620572403
12.30999994277954,0.0,0.0,0.0,-14.309166630109154
12.319999933242798,0.0,0.0,0.0,-14.29916663964589
12.329999923706056,0.0,0.0,0.0,-14.289166649182633
12.339999914169312,0.0,0.0,0.0,-14.279166658719376
12.349999904632568,0.0,0.0,0.0,-14.26916666825612
12.359999895095823,0.0,0.0,0.0,-14.25916667779287
12.369999885559082,0.0,0.0,0.0,-14.249166687329605
12.37999987602234,0.0,0.0,0.0,-14.239166696866349
12.389999866485596,0.0,0.0,0.0,-14.229166706403092
12.400000095367432,0.0,0.0,0.0,-14.219166477521256
12.410000085830688,0.0,0.0,0.0,-14.209166487057999
12.420000076293944,0.0,0.0,0.0,-14.19916649659475
12.430000066757202,0.0,0.0,0.0,-14.189166506131485
12.44000005722046,0.0,0.0,0.0,-14.179166515668228
12.450000047683716,0.0,0.0,0.0,-14.169166525204972
12.460000038146973,0.0,0.0,0.0,-14.159166534741715
12.47000002861023,0.0,0.0,0.0,-14.149166544278458
12.480000019073486,0.0,0.0,0.0,-14.139166553815201
12.490000009536743,0.0,0.0,0.0,-14.129166563351944
12.5,0.0,0.0,0.0,-14.119166572888687
12.509999990463257,0.0,0.0,0.0,-14.10916658242543
12.519999980926514,0.0,0.0,0.0,-14.099166591962174
12.52999997138977,0.0,0.0,0.0,-14.089166601498917
12.539999961853027,0.0,0.0,0.0,-14.07916661103566
12.549999952316284,0.0,0.0,0.0,-14.069166620572403
12.55999994277954,0.0,0.0,0.0,-14.059166630109154
12.569999933242798,0.0,0.0,0.0,-14.04916663964589
12.579999923706056,0.0,0.0,0.0,-14.039166649182633
12.589999914169312,0.0,0.0,0.0,-14.029166658719376
12.599999904632568,0.0,0.0,0.0,-14.01916666825612
12.609999895095823,0.0,0.0,0.0,-14.00916667779287
12.619999885559082,0.0,0.0,0.0,-13.999166687329605
12.62999987602234,0.0,0.0,0.0,-13.989166696866349
12.639999866485596,0.0,0.0,0.0,-13.979166706403092
12.650000095367432,0.0,0.0,0.0,-13.969166477521256
12.660000085830688,0.0,0.0,0.0,-13.959166487057999
12.670000076293944,0.0,0.0,0.0,-13.94916649659475
12.680000066757202,0.0,0.0,0.0,-13.939166506131485
12.69000005722046,0.0,0.0,0.0,-13.929166515668228
12.700000047683716,0.0,0.0,0.0,-13.919166525204972
12.710000038146973,0.0,0.0,0.0,-13.909166534741715
12.72000002861023,0.0,0.0,0.0,-13.899166544278458
12.730000019073486,0.0,0.0,0.0,-13.889166553815201
12.740000009536743,0.0,0.0,0.0,-13.879166563351944
12.75,0.0,0.0,0.0,-13.869166572888687
12.759999990463257,0.0,0.0,0.0,-13.85916658242543
12.769999980926514,0.0,0.0,0.0,-13.849166591962174
12.77999997138977,0.0,0.0,0.0,-13.839166601498917
12.789999961853027,0.0,0.0,0.0,-13.82916661103566
12.799999952316284,0.0,0.0,0.0,-13.819166620572403
12.80999994277954,0.0,0.0,0.0,-13.809166630109154
12.819999933242798,0.0,0.0,0.0,-13.79916663964589
12.829999923706056,0.0,0.0,0.0,-13.789166649182633
12.839999914169312,0.0,0.0,0.0,-13.779166658719376
12.849999904632568,0.0,0.0,0.0,-13.76916666825612
12.859999895095823,0.0,0.0,0.0,-13.75916667779287
12.869999885559082,0.0,0.0,0.0,-13.749166687329605
12.87999987602234,0.0,0.0,0.0,-13.739166696866349
12.889999866485596,0.0,0.0,0.0,-13.729166706403092
12.900000095367432,0.0,0.0,0.0,-13.719166477521256
12.910000085830688,0.0,0.0,0.0,-13.709166487057999
12.920000076293944,0.0,0.0,0.0,-13.69916649659475
12.930000066757202,0.0,0.0,0.0,-13.689166506131485
12.94000005722046,0.0,0.0,0.0,-13.679166515668228
12.950000047683716,0.0,0.0,0.0,-13.669166525204972
12.960000038146973,0.0,0.0,0.0,-13.659166534741715
12.97000002861023,0.0,0.0,0.0,-13.649166544278458
12.980000019073486,0.0,0.0,0.0,-13.639166553815201
12.990000009536743,0.0,0.0,0.0,-13.629166563351944
13.0,0.0,0.0,0.0,-13.619166572888687
13.009999990463257,0.0,0.0,0.0,-13.60916658242543
13.019999980926514,0.0,0.0,0.0,-13.599166591962174
13.025000095367432,0.0,0.0,0.0,-13.594166477521256
13.035000085830688,0.0,0.0,0.0,-13.584166487057999
13.045000076293944,0.0,0.0,0.0,-13.57416649659475
13.055000066757202,0.0,0.0,0.0,-13.564166506131485
13.06500005722046,0.0,0.0,0.0,-13.554166515668228
13.075000047683716,0.0,0.0,0.0,-13.544166525204972
13.085000038146973,0.0,0.0,0.0,-13.534166534741715
13.09500002861023,0.0,0.0,0.0,-13.524166544278458
13.105000019073486,0.0,0.0,0.0,-13.514166553815201
13.115000009536743,0.0,0.0,0.0,-13.504166563351944
13.125,0.0,0.0,0.0,-13.494166572888687
13.134999990463257,0.0,0.0,0.0,-13.48416658242543
13.144999980926514,0.0,0.0,0.0,-13.474166591962174
13.15499997138977,0.0,0.0,0.0,-13.464166601498917
13.164999961853027,0.0,0.0,0.0,-13.45416661103566
13.174999952316284,0.0,0.0,0.0,-13.444166620572403
13.18499994277954,0.0,0.0,0.0,-13.434166630109154
13.194999933242798,0.0,0.0,0.0,-13.42416663964589
13.204999923706056,0.0,0.0,0.0,-13.414166649182633
13.214999914169312,0.0,0.0,0.0,-13.404166658719376
13.224999904632568,0.0,0.0,0.0,-13.39416666825612
13.234999895095823,0.0,0.0,0.0,-13.38416667779287
13.244999885559082,0.0,0.0,0.0,-13.374166687329605
13.25499987602234,0.0,0.0,0.0,-13.364166696866349
13.264999866485596,0.0,0.0,0.0,-13.354166706403092
13.275000095367432,0.0,0.0,0.0,-13.344166477521256
13.285000085830688,0.0,0.0,0.0,-13.334166487057999
13.295000076293944,0.0,0.0,0.0,-13.32416649659475
13.305000066757202,0.0,0.0,0.0,-13.314166506131485
13.31500005722046,0.0,0.0,0.0,-13.304166515668228
13.325000047683716,0.0,0.0,0.0,-13.294166525204972
13.335000038146973,0.0,0.0,0.0,-13.284166534741715
13.34500002861023,0.0,0.0,0.0,-13.274166544278458
13.355000019073486,0.0,0.0,0.0,-13.264166553815201
13.365000009536743,0.0,0.0,0.0,-13.254166563351944
13.375,0.0,0.0,0.0,-13.244166572888687
13.384999990463257,0.0,0.0,0.0,-13.23416658242543
13.394999980926514,0.0,0.0,0.0,-13.224166591962174
13.40499997138977,0.0,0.0,0.0,-13.214166601498917
13.414999961853027,0.0,0.0,0.0,-13.20416661103566
13.424999952316284,0.0,0.0,0.0,-13.194166620572403
13.43499994277954,0.0,0.0,0.0,-13.184166630109154
13.444999933242798,0.0,0.0,0.0,-13.17416663964589
13.454999923706056,0.0,0.0,0.0,-13.164166649182633
13.464999914169312,0.0,0.0,0.0,-13.154166658719376
13.474999904632568,0.0,0.0,0.0,-13.14416666825612
13.484999895095823,0.0,0.0,0.0,-13.13416667779287
13.494999885559082,0.0,0.0,0.0,-13.124166687329605
13.50499987602234,0.0,0.0,0.0,-13.114166696866349
13.514999866485596,0.0,0.0,0.0,-13.104166706403092
13.525000095367432,0.0,0.0,0.0,-13.094166477521256
13.535000085830688,0.0,0.0,0.0,-13.084166487057999
13.545000076293944,0.0,0.0,0.0,-13.07416649659475
13.555000066757202,0.0,0.0,0.0,-13.064166506131485
13.56500005722046,0.0,0.0,0.0,-13.054166515668228
13.575000047683716,0.0,0.0,0.0,-13.044166525204972
13.585000038146973,0.0,0.0,0.0,-13.034166534741715
13.59500002861023,0.0,0.0,0.0,-13.024166544278458
13.605000019073486,0.0,0.0,0.0,-13.014166553815201
13.615000009536743,0.0,0.0,0.0,-13.004166563351944
13.625,0.0,0.0,0.0,-12.994166572888687
13.634999990463257,0.0,0.0,0.0,-12.98416658242543
13.644999980926514,0.0,0.0,0.0,-12.974166591962174
13.65499997138977,0.0,0.0,0.0,-12.964166601498917
13.664999961853027,0.0,0.0,0.0,-12.95416661103566
13.674999952316284,0.0,0.0,0.0,-12.944166620572403
13.68499994277954,0.0,0.0,0.0,-12.934166630109154
13.694999933242798,0.0,0.0,0.0,-12.92416663964589
13.704999923706056,0.0,0.0,0.0,-12.914166649182633
13.714999914169312,0.0,0.0,0.0,-12.904166658719376
13.724999904632568,0.0,0.0,0.0,-12.89416666825612
13.734999895095823,0.0,0.0,0.0,-12.88416667779287
13.744999885559082,0.0,0.0,0.0,-12.874166687329605
13.75499987602234,0.0,0.0,0.0,-12.864166696866349
13.764999866485596,0.0,0.0,0.0,-12.854166706403092
13.775000095367432,0.0,0.0,0.0,-12.844166477521256
13.785000085830688,0.0,0.0,0.0,-12.834166487057999
13.795000076293944,0.0,0.0,0.0,-12.82416649659475
13.805000066757202,0.0,0.0,0.0,-12.814166506131485
13.81500005722046,0.0,0.0,0.0,-12.804166515668228
13.825000047683716,0.0,0.0,0.0,-12.794166525204972
13.835000038146973,0.0,0.0,0.0,-12.784166534741715
13.84500002861023,0.0,0.0,0.0,-12.774166544278458
13.855000019073486,0.0,0.0,0.0,-12.764166553815201
13.865000009536743,0.0,0.0,0.0,-12.754166563351944
13.875,0.0,0.0,0.0,-12.744166572888687
13.884999990463257,0.0,0.0,0.0,-12.73416658242543
13.894999980926514,0.0,0.0,0.0,-12.724166591962174
13.90499997138977,0.0,0.0,0.0,-12.714166601498917
13.914999961853027,0.0,0.0,0.0,-12.70416661103566
13.924999952316284,0.0,0.0,0.0,-12.694166620572403
13.93499994277954,0.0,0.0,0.0,-12.684166630109154
13.944999933242798,0.0,0.0,0.0,-12.67416663964589
13.954999923706056,0.0,0.0,0.0,-12.664166649182633
13.964999914169312,0.0,0.0,0.0,-12.654166658719376
13.974999904632568,0.0,0.0,0.0,-12.64416666825612
13.984999895095823,0.0,0.0,0.0,-12.63416667779287
13.994999885559082,0.0,0.0,0.0,-12.624166687329605
14.00499987602234,0.0,0.0,0.0,-12.614166696866349
14.014999866485596,0.0,0.0,0.0,-12.604166706403092
14.025000095367432,0.0,0.0,0.0,-12.594166477521256
14.02999997138977,0.0,0.0,0.0,-12.589166601498917
14.039999961853027,0.0,0.0,0.0,-12.57916661103566
14.049999952316284,0.0,0.0,0.0,-12.569166620572403
14.05999994277954,0.0,0.0,0.0,-12.559166630109154
14.069999933242798,0.0,0.0,0.0,-12.54916663964589
14.079999923706056,0.0,0.0,0.0,-12.539166649182633
14.089999914169312,0.0,0.0,0.0,-12.529166658719376
14.099999904632568,0.0,0.0,0.0,-12.51916666825612
14.109999895095823,0.0,0.0,0.0,-12.50916667779287
14.119999885559082,0.0,0.0,0.0,-12.499166687329605
14.12999987602234,0.0,0.0,0.0,-12.489166696866349
14.139999866485596,0.0,0.0,0.0,-12.479166706403092
14.150000095367432,0.0,0.0,0.0,-12.469166477521256
14.160000085830688,0.0,0.0,0.0,-12.459166487057999
14.170000076293944,0.0,0.0,0.0,-12.44916649659475
14.180000066757202,0.0,0.0,0.0,-12.439166506131485
14.19000005722046,0.0,0.0,0.0,-12.429166515668228
14.200000047683716,0.0,0.0,0.0,-12.419166525204972
14.210000038146973,0.0,0.0,0.0,-12.409166534741715
14.22000002861023,0.0,0.0,0.0,-12.399166544278458
14.230000019073486,0.0,0.0,0.0,-12.389166553815201
14.240000009536743,0.0,0.0,0.0,-12.379166563351944
14.25,0.0,0.0,0.0,-12.369166572888687
14.259999990463257,0.0,0.0,0.0,-12.35916658242543
14.269999980926514,0.0,0.0,0.0,-12.349166591962174
14.27999997138977,0.0,0.0,0.0,-12.339166601498917
14.289999961853027,0.0,0.0,0.0,-12.32916661103566
14.299999952316284,0.0,0.0,0.0,-12.319166620572403
14.30999994277954,0.0,0.0,0.0,-12.309166630109154
14.319999933242798,0.0,0.0,0.0,-12.29916663964589
14.329999923706056,0.0,0.0,0.0,-12.289166649182633
14.339999914169312,0.0,0.0,0.0,-12.279166658719376
14.349999904632568,0.0,0.0,0.0,-12.26916666825612
14.359999895095823,0.0,0.0,0.0,-12.25916667779287
14.369999885559082,0.0,0.0,0.0,-12.249166687329605
14.37999987602234,0.0,0.0,0.0,-12.239166696866349
14.389999866485596,0.0,0.0,0.0,-12.229166706403092
14.400000095367432,0.0,0.0,0.0,-12.219166477521256
14.410000085830688,0.0,0.0,0.0,-12.209166487057999
14.420000076293944,0.0,0.0,0.0,-12.19916649659475
14.430000066757202,0.0,0.0,0.0,-12.189166506131485
14.44000005722046,0.0,0.0,0.0,-12.179166515668228
14.450000047683716,0.0,0.0,0.0,-12.169166525204972
14.460000038146973,0.0,0.0,0.0,-12.159166534741715
14.47000002861023,0.0,0.0,0.0,-12.149166544278458
14.480000019073486,0.0,0.0,0.0,-12.139166553815201
14.490000009536743,0.0,0.0,0.0,-12.129166563351944
14.5,0.0,0.0,0.0,-12.119166572888687
14.509999990463257,0.0,0.0,0.0,-12.10916658242543
14.519999980926514,0.0,0.0,0.0,-12.099166591962174
14.52999997138977,0.0,0.0,0.0,-12.089166601498917
14.539999961853027,0.0,0.0,0.0,-12.07916661103566
14.549999952316284,0.0,0.0,0.0,-12.069166620572403
14.55999994277954,0.0,0.0,0.0,-12.059166630109154
14.569999933242798,0.0,0.0,0.0,-12.04916663964589
14.579999923706056,0.0,0.0,0.0,-12.039166649182633
14.589999914169312,0.0,0.0,0.0,-12.029166658719376
14.599999904632568,0.0,0.0,0.0,-12.01916666825612
14.609999895095823,0.0,0.0,0.0,-12.00916667779287
14.619999885559082,0.0,0.0,0.0,-11.999166687329605
14.62999987602234,0.0,0.0,0.0,-11.989166696866349
14.639999866485596,0.0,0.0,0.0,-11.979166706403092
14.650000095367432,0.0,0.0,0.0,-11.969166477521256
14.660000085830688,0.0,0.0,0.0,-11.959166487057999
14.670000076293944,0.0,0.0,0.0,-11.94916649659475
14.680000066757202,0.0,0.0,0.0,-11.939166506131485
14.69000005722046,0.0,0.0,0.0,-11.929166515668228
14.700000047683716,0.0,0.0,0.0,-11.919166525204972
14.710000038146973,0.0,0.0,0.0,-11.909166534741715
14.72000002861023,0.0,0.0,0.0,-11.899166544278458
14.730000019073486,0.0,0.0,0.0,-11.889166553815201
14.740000009536743,0.0,0.0,0.0,-11.879166563351944
14.75,0.0,0.0,0.0,-11.869166572888687
14.759999990463257,0.0,0.0,0.0,-11.85916658242543
14.769999980926514,0.0,0.0,0.0,-11.849166591962174
14.77999997138977,0.0,0.0,0.0,-11.839166601498917
14.789999961853027,0.0,0.0,0.0,-11.82916661103566
14.799999952316284,0.0,0.0,0.0,-11.819166620572403
14.80999994277954,0.0,0.0,0.0,-11.809166630109154
14.819999933242798,0.0,0.0,0.0,-11.79916663964589
14.829999923706056,0.0,0.0,0.0,-11.789166649182633
14.839999914169312,0.0,0.0,0.0,-11.779166658719376
14.849999904632568,0.0,0.0,0.0,-11.76916666825612
14.859999895095823,0.0,0.0,0.0,-11.75916667779287
14.869999885559082,0.0,0.0,0.0,-11.749166687329605
14.87999987602234,0.0,0.0,0.0,-11.739166696866349
14.889999866485596,0.0,0.0,0.0,-11.729166706403092
14.900000095367432,0.0,0.0,0.0,-11.719166477521256
14.910000085830688,0.0,0.0,0.0,-11.709166487057999
14.920000076293944,0.0,0.0,0.0,-11.69916649659475
14.930000066757202,0.0,0.0,0.0,-11.689166506131485
14.94000005722046,0.0,0.0,0.0,-11.679166515668228
14.950000047683716,0.0,0.0,0.0,-11.669166525204972
14.960000038146973,0.0,0.0,0.0,-11.659166534741715
14.97000002861023,0.0,0.0,0.0,-11.649166544278458
14.980000019073486,0.0,0.0,0.0,-11.639166553815201
14.990000009536743,0.0,0.0,0.0,-11.629166563351944
15.0,0.0,0.0,0.0,-11.619166572888687
15.009999990463257,0.0,0.0,0.0,-11.60916658242543
15.019999980926514,0.0,0.0,0.0,-11.599166591962174
15.02999997138977,0.0,0.0,0.0,-11.589166601498917
15.035000085830688,0.0,0.0,0.0,-11.584166487057999
15.045000076293944,0.0,0.0,0.0,-11.57416649659475
15.05999994277954,0.0,0.0,0.0,-11.559166630109154
15.069999933242798,0.0,0.0,0.0,-11.54916663964589
15.079999923706056,0.0,0.0,0.0,-11.539166649182633
15.089999914169312,0.0,0.0,0.0,-11.529166658719376
15.099999904632568,0.0,0.0,0.0,-11.51916666825612
15.109999895095823,0.0,0.0,0.0,-11.50916667779287
15.119999885559082,0.0,0.0,0.0,-11.499166687329605
15.12999987602234,0.0,0.0,0.0,-11.489166696866349
15.139999866485596,0.0,0.0,0.0,-11.479166706403092
15.150000095367432,0.0,0.0,0.0,-11.469166477521256
15.160000085830688,0.0,0.0,0.0,-11.459166487057999
15.170000076293944,0.0,0.0,0.0,-11.44916649659475
15.180000066757202,0.0,0.0,0.0,-11.439166506131485
15.19000005722046,0.0,0.0,0.0,-11.429166515668228
15.200000047683716,0.0,0.0,0.0,-11.419166525204972
15.210000038146973,0.0,0.0,0.0,-11.409166534741715
15.22000002861023,0.0,0.0,0.0,-11.399166544278458
15.230000019073486,0.0,0.0,0.0,-11.389166553815201
15.240000009536743,0.0,0.0,0.0,-11.379166563351944
15.25,0.0,0.0,0.0,-11.369166572888687
15.259999990463257,0.0,0.0,0.0,-11.35916658242543
15.269999980926514,0.0,0.0,0.0,-11.349166591962174
15.27999997138977,0.0,0.0,0.0,-11.339166601498917
15.289999961853027,0.0,0.0,0.0,-11.32916661103566
15.299999952316284,0.0,0.0,0.0,-11.319166620572403
15.30999994277954,0.0,0.0,0.0,-11.309166630109154
15.319999933242798,0.0,0.0,0.0,-11.29916663964589
15.329999923706056,0.0,0.0,0.0,-11.289166649182633
15.339999914169312,0.0,0.0,0.0,-11.279166658719376
15.349999904632568,0.0,0.0,0.0,-11.26916666825612
15.359999895095823,0.0,0.0,0.0,-11.25916667779287
15.369999885559082,0.0,0.0,0.0,-11.249166687329605
15.37999987602234,0.0,0.0,0.0,-11.239166696866349
15.389999866485596,0.0,0.0,0.0,-11.229166706403092
15.400000095367432,0.0,0.0,0.0,-11.219166477521256
15.410000085830688,0.0,0.0,0.0,-11.209166487057999
15.420000076293944,0.0,0.0,0.0,-11.19916649659475
15.430000066757202,0.0,0.0,0.0,-11.189166506131485
15.44000005722046,0.0,0.0,0.0,-11.179166515668228
15.450000047683716,0.0,0.0,0.0,-11.169166525204972
15.460000038146973,0.0,0.0,0.0,-11.159166534741715
15.47000002861023,0.0,0.0,0.0,-11.149166544278458
15.480000019073486,0.0,0.0,0.0,-11.139166553815201
15.490000009536743,0.0,0.0,0.0,-11.129166563351944
15.5,0.0,0.0,0.0,-11.119166572888687
15.509999990463257,0.0,0.0,0.0,-11.10916658242543
15.519999980926514,0.0,0.0,0.0,-11.099166591962174
15.52999997138977,0.0,0.0,0.0,-11.089166601498917
15.539999961853027,0.0,0.0,0.0,-11.07916661103566
15.549999952316284,0.0,0.0,0.0,-11.069166620572403
15.55999994277954,0.0,0.0,0.0,-11.059166630109154
15.569999933242798,0.0,0.0,0.0,-11.04916663964589
15.579999923706056,0.0,0.0,0.0,-11.039166649182633
15.589999914169312,0.0,0.0,0.0,-11.029166658719376
15.599999904632568,0.0,0.0,0.0,-11.01916666825612
15.609999895095823,0.0,0.0,0.0,-11.00916667779287
15.619999885559082,0.0,0.0,0.0,-10.999166687329605
15.62999987602234,0.0,0.0,0.0,-10.989166696866349
15.639999866485596,0.0,0.0,0.0,-10.979166706403092
15.650000095367432,0.0,0.0,0.0,-10.969166477521256
15.660000085830688,0.0,0.0,0.0,-10.959166487057999
15.670000076293944,0.0,0.0,0.0,-10.94916649659475
15.680000066757202,0.0,0.0,0.0,-10.939166506131485
15.69000005722046,0.0,0.0,0.0,-10.929166515668228
15.700000047683716,0.0,0.0,0.0,-10.919166525204972
15.710000038146973,0.0,0.0,0.0,-10.909166534741715
15.72000002861023,0.0,0.0,0.0,-10.899166544278458
15.730000019073486,0.0,0.0,0.0,-10.889166553815201
15.740000009536743,0.0,0.0,0.0,-10.879166563351944
15.75,0.0,0.0,0.0,-10.869166572888687
15.759999990463257,0.0,0.0,0.0,-10.85916658242543
15.769999980926514,0.0,0.0,0.0,-10.849166591962174
15.77999997138977,0.0,0.0,0.0,-10.839166601498917
15.789999961853027,0.0,0.0,0.0,-10.82916661103566
15.799999952316284,0.0,0.0,0.0,-10.819166620572403
15.80999994277954,0.0,0.0,0.0,-10.809166630109154
15.819999933242798,0.0,0.0,0.0,-10.79916663964589
15.829999923706056,0.0,0.0,0.0,-10.789166649182633
15.839999914169312,0.0,0.0,0.0,-10.779166658719376
15.849999904632568,0.0,0.0,0.0,-10.76916666825612
15.859999895095823,0.0,0.0,0.0,-10.75916667779287
15.869999885559082,0.0,0.0,0.0,-10.749166687329605
15.87999987602234,0.0,0.0,0.0,-10.739166696866349
15.889999866485596,0.0,0.0,0.0,-10.729166706403092
15.900000095367432,0.0,0.0,0.0,-10.719166477521256
15.910000085830688,0.0,0.0,0.0,-10.709166487057999
15.920000076293944,0.0,0.0,0.0,-10.69916649659475
15.930000066757202,0.0,0.0,0.0,-10.689166506131485
15.94000005722046,0.0,0.0,0.0,-10.679166515668228
15.950000047683716,0.0,0.0,0.0,-10.669166525204972
15.960000038146973,0.0,0.0,0.0,-10.659166534741715
15.97000002861023,0.0,0.0,0.0,-10.649166544278458
15.980000019073486,0.0,0.0,0.0,-10.639166553815201
15.990000009536743,0.0,0.0,0.0,-10.629166563351944
16.0,0.0,0.0,0.0,-10.619166572888687
16.009999990463257,0.0,0.0,0.0,-10.60916658242543
16.019999980926514,0.0,0.0,0.0,-10.599166591962174
16.02999997138977,0.0,0.0,0.0,-10.589166601498917
16.03500008583069,0.0,0.0,0.0,-10.584166487057999
16.045000076293945,0.0,0.0,0.0,-10.574166496594742
16.055000066757202,0.0,0.0,0.0,-10.564166506131485
16.06500005722046,0.0,0.0,0.0,-10.554166515668228
16.075000047683716,0.0,0.0,0.0,-10.544166525204972
16.085000038146973,0.0,0.0,0.0,-10.534166534741715
16.09500002861023,0.0,0.0,0.0,-10.524166544278458
16.105000019073486,0.0,0.0,0.0,-10.514166553815201
16.115000009536743,0.0,0.0,0.0,-10.504166563351944
16.125,0.0,0.0,0.0,-10.494166572888687
16.134999990463257,0.0,0.0,0.0,-10.48416658242543
16.144999980926514,0.0,0.0,0.0,-10.474166591962174
16.15499997138977,0.0,0.0,0.0,-10.464166601498917
16.164999961853027,0.0,0.0,0.0,-10.45416661103566
16.174999952316284,0.0,0.0,0.0,-10.444166620572403
16.18499994277954,0.0,0.0,0.0,-10.434166630109146
16.194999933242798,0.0,0.0,0.0,-10.42416663964589
16.204999923706055,0.0,0.0,0.0,-10.414166649182633
16.21499991416931,0.0,0.0,0.0,-10.404166658719376
16.22499990463257,0.0,0.0,0.0,-10.39416666825612
16.234999895095825,0.0,0.0,0.0,-10.384166677792862
16.244999885559082,0.0,0.0,0.0,-10.374166687329605
16.25499987602234,0.0,0.0,0.0,-10.364166696866349
16.264999866485596,0.0,0.0,0.0,-10.354166706403092
16.27500009536743,0.0,0.0,0.0,-10.344166477521256
16.28500008583069,0.0,0.0,0.0,-10.334166487057999
16.295000076293945,0.0,0.0,0.0,-10.324166496594742
16.305000066757202,0.0,0.0,0.0,-10.314166506131485
16.31500005722046,0.0,0.0,0.0,-10.304166515668228
16.325000047683716,0.0,0.0,0.0,-10.294166525204972
16.335000038146973,0.0,0.0,0.0,-10.284166534741715
16.34500002861023,0.0,0.0,0.0,-10.274166544278458
16.355000019073486,0.0,0.0,0.0,-10.264166553815201
16.365000009536743,0.0,0.0,0.0,-10.254166563351944
16.375,0.0,0.0,0.0,-10.244166572888687
16.384999990463257,0.0,0.0,0.0,-10.23416658242543
16.394999980926514,0.0,0.0,0.0,-10.224166591962174
16.40499997138977,0.0,0.0,0.0,-10.214166601498917
16.414999961853027,0.0,0.0,0.0,-10.20416661103566
16.424999952316284,0.0,0.0,0.0,-10.194166620572403
16.43499994277954,0.0,0.0,0.0,-10.184166630109146
16.444999933242798,0.0,0.0,0.0,-10.17416663964589
16.454999923706055,0.0,0.0,0.0,-10.164166649182633
16.46499991416931,0.0,0.0,0.0,-10.154166658719376
16.47499990463257,0.0,0.0,0.0,-10.14416666825612
16.484999895095825,0.0,0.0,0.0,-10.134166677792862
16.494999885559082,0.0,0.0,0.0,-10.124166687329605
16.50499987602234,0.0,0.0,0.0,-10.114166696866349
16.514999866485596,0.0,0.0,0.0,-10.104166706403092
16.52500009536743,0.0,0.0,0.0,-10.094166477521256
16.53500008583069,0.0,0.0,0.0,-10.084166487057999
16.545000076293945,0.0,0.0,0.0,-10.074166496594742
16.555000066757202,0.0,0.0,0.0,-10.064166506131485
16.56500005722046,0.0,0.0,0.0,-10.054166515668228
16.575000047683716,0.0,0.0,0.0,-10.044166525204972
16.585000038146973,0.0,0.0,0.0,-10.034166534741715
16.59500002861023,0.0,0.0,0.0,-10.024166544278458
16.605000019073486,0.0,0.0,0.0,-10.014166553815201
16.615000009536743,0.0,0.0,0.0,-10.004166563351944
16.625,0.0,0.0,0.0,-9.994166572888687
16.634999990463257,0.0,0.0,0.0,-9.98416658242543
16.644999980926514,0.0,0.0,0.0,-9.974166591962174
16.65499997138977,0.0,0.0,0.0,-9.964166601498917
16.664999961853027,0.0,0.0,0.0,-9.95416661103566
16.674999952316284,0.0,0.0,0.0,-9.944166620572403
16.68499994277954,0.0,0.0,0.0,-9.934166630109146
16.694999933242798,0.0,0.0,0.0,-9.92416663964589
16.704999923706055,0.0,0.0,0.0,-9.914166649182633
16.71499991416931,0.0,0.0,0.0,-9.904166658719376
16.72499990463257,0.0,0.0,0.0,-9.89416666825612
16.734999895095825,0.0,0.0,0.0,-9.884166677792862
16.744999885559082,0.0,0.0,0.0,-9.874166687329605
16.75499987602234,0.0,0.0,0.0,-9.864166696866349
16.764999866485596,0.0,0.0,0.0,-9.854166706403092
16.77500009536743,0.0,0.0,0.0,-9.844166477521256
16.78500008583069,0.0,0.0,0.0,-9.834166487057999
16.795000076293945,0.0,0.0,0.0,-9.824166496594742
16.805000066757202,0.0,0.0,0.0,-9.814166506131485
16.81500005722046,0.0,0.0,0.0,-9.804166515668228
16.825000047683716,0.0,0.0,0.0,-9.794166525204972
16.835000038146973,0.0,0.0,0.0,-9.784166534741715
16.84500002861023,0.0,0.0,0.0,-9.774166544278458
16.855000019073486,0.0,0.0,0.0,-9.764166553815201
16.865000009536743,0.0,0.0,0.0,-9.754166563351944
16.875,0.0,0.0,0.0,-9.744166572888687
16.884999990463257,0.0,0.0,0.0,-9.73416658242543
16.894999980926514,0.0,0.0,0.0,-9.724166591962174
16.90499997138977,0.0,0.0,0.0,-9.714166601498917
16.914999961853027,0.0,0.0,0.0,-9.70416661103566
16.924999952316284,0.0,0.0,0.0,-9.694166620572403
16.93499994277954,0.0,0.0,0.0,-9.684166630109146
16.944999933242798,0.0,0.0,0.0,-9.67416663964589
16.954999923706055,0.0,0.0,0.0,-9.664166649182633
16.96499991416931,0.0,0.0,0.0,-9.654166658719376
16.97499990463257,0.0,0.0,0.0,-9.64416666825612
16.984999895095825,0.0,0.0,0.0,-9.634166677792862
16.994999885559082,0.0,0.0,0.0,-9.624166687329605
17.00499987602234,0.0,0.0,0.0,-9.614166696866349
17.014999866485596,0.0,0.0,0.0,-9.604166706403092
17.02500009536743,0.0,0.0,0.0,-9.594166477521256
17.03500008583069,0.0,0.0,0.0,-9.584166487057999
17.039999961853027,0.0,0.0,0.0,-9.57916661103566
17.049999952316284,0.0,0.0,0.0,-9.569166620572403
17.05999994277954,0.0,0.0,0.0,-9.559166630109146
17.069999933242798,0.0,0.0,0.0,-9.54916663964589
17.079999923706055,0.0,0.0,0.0,-9.539166649182633
17.08999991416931,0.0,0.0,0.0,-9.529166658719376
17.09999990463257,0.0,0.0,0.0,-9.51916666825612
17.109999895095825,0.0,0.0,0.0,-9.509166677792862
17.119999885559082,0.0,0.0,0.0,-9.499166687329605
17.12999987602234,0.0,0.0,0.0,-9.489166696866349
17.139999866485596,0.0,0.0,0.0,-9.479166706403092
17.15000009536743,0.0,0.0,0.0,-9.469166477521256
17.16000008583069,0.0,0.0,0.0,-9.459166487057999
17.170000076293945,0.0,0.0,0.0,-9.449166496594742
17.180000066757202,0.0,0.0,0.0,-9.439166506131485
17.19000005722046,0.0,0.0,0.0,-9.429166515668228
17.200000047683716,0.0,0.0,0.0,-9.419166525204972
17.210000038146973,0.0,0.0,0.0,-9.409166534741715
17.22000002861023,0.0,0.0,0.0,-9.399166544278458
17.230000019073486,-0.18310546875,-0.18310546875,-0.06103515625,-9.389166553815201
17.240000009536743,-0.18310546875,-0.18310546875,-0.06103515625,-9.379166563351944
17.25,-0.06103515625,-0.06103515625,0.0,-9.369166572888687
17.259999990463257,-0.06103515625,-0.06103515625,0.0,-9.35916658242543
17.269999980926514,0.0,0.0,0.0,-9.349166591962174
17.27999997138977,0.0,0.0,0.0,-9.339166601498917
17.289999961853027,0.0,0.0,0.0,-9.32916661103566
17.299999952316284,0.0,0.0,0.0,-9.319166620572403
17.30999994277954,0.0,0.06103515625,0.0,-9.309166630109146
17.319999933242798,0.0,0.06103515625,0.0,-9.29916663964589
17.329999923706055,0.0,0.0,0.0,-9.289166649182633
17.33999991416931,0.0,0.0,0.0,-9.279166658719376
17.34999990463257,0.0,0.0,0.0,-9.26916666825612
17.359999895095825,0.0,0.0,0.0,-9.259166677792862
17.369999885559082,0.0,0.0,0.0,-9.249166687329605
17.37999987602234,0.0,0.0,0.0,-9.239166696866349
17.389999866485596,0.0,0.0,0.06103515625,-9.229166706403092
17.40000009536743,0.0,0.0,0.06103515625,-9.219166477521256
17.41000008583069,0.0,0.06103515625,0.06103515625,-9.209166487057999
17.420000076293945,0.0,0.06103515625,0.06103515625,-9.199166496594742
17.430000066757202,0.0,0.06103515625,0.0,-9.189166506131485
17.44000005722046,0.0,0.06103515625,0.0,-9.179166515668228
17.450000047683716,0.0,0.06103515625,0.0,-9.169166525204972
17.460000038146973,0.0,0.06103515625,0.0,-9.159166534741715
17.47000002861023,0.0,0.06103515625,0.06103515625,-9.149166544278458
17.480000019073486,-0.1220703125,0.0,0.0,-9.139166553815201
17.490000009536743,-0.1220703125,0.0,0.0,-9.129166563351944
17.5,-0.30517578125,0.0,0.06103515625,-9.119166572888687
17.509999990463257,-0.30517578125,0.0,0.06103515625,-9.10916658242543
17.519999980926514,-0.244140625,0.06103515625,0.1220703125,-9.099166591962174
17.52999997138977,-0.244140625,0.06103515625,0.1220703125,-9.089166601498917
17.539999961853027,-0.1220703125,0.0,0.06103515625,-9.07916661103566
17.549999952316284,-0.1220703125,0.0,0.06103515625,-9.069166620572403
17.55999994277954,-0.06103515625,-0.06103515625,0.0,-9.059166630109146
17.569999933242798,-0.06103515625,-0.06103515625,0.0,-9.04916663964589
17.579999923706055,-0.06103515625,-0.18310546875,0.0,-9.039166649182633
17.58999991416931,-0.06103515625,-0.18310546875,0.0,-9.029166658719376
17.59999990463257,-0.1220703125,-0.244140625,-0.06103515625,-9.01916666825612
17.609999895095825,-0.1220703125,-0.244140625,-0.06103515625,-9.009166677792862
17.619999885559082,-0.18310546875,-0.42724609375,-0.18310546875,-8.999166687329605
17.62999987602234,-0.18310546875,-0.42724609375,-0.18310546875,-8.989166696866349
17.639999866485596,-0.30517578125,-0.42724609375,-0.244140625,-8.979166706403092
17.65000009536743,-0.30517578125,-0.42724609375,-0.244140625,-8.969166477521256
17.66000008583069,-0.3662109375,-0.48828125,-0.244140625,-8.959166487057999
17.670000076293945,-0.3662109375,-0.48828125,-0.244140625,-8.949166496594742
17.680000066757202,-0.42724609375,-0.30517578125,-0.1220703125,-8.939166506131485
17.69000005722046,-0.42724609375,-0.30517578125,-0.1220703125,-8.929166515668228
17.700000047683716,-0.244140625,0.0,0.0,-8.919166525204972
17.710000038146973,-0.244140625,0.0,0.0,-8.909166534741715
17.72000002861023,-0.30517578125,-0.06103515625,0.0,-8.899166544278458
17.730000019073486,-0.30517578125,-0.06103515625,0.0,-8.889166553815201
17.740000009536743,-0.3662109375,-0.06103515625,0.0,-8.879166563351944
17.75,-0.3662109375,-0.06103515625,0.0,-8.869166572888687
17.759999990463257,-0.30517578125,-0.06103515625,0.0,-8.85916658242543
17.769999980926514,-0.30517578125,-0.06103515625,0.0,-8.849166591962174
17.77999997138977,-0.30517578125,-0.06103515625,0.06103515625,-8.839166601498917
17.789999961853027,-0.30517578125,-0.06103515625,0.06103515625,-8.82916661103566
17.799999952316284,-0.18310546875,-0.06103515625,0.0,-8.819166620572403
17.80999994277954,-0.18310546875,-0.06103515625,0.0,-8.809166630109146
17.819999933242798,-0.1220703125,0.0,0.0,-8.79916663964589
17.829999923706055,-0.1220703125,0.0,0.0,-8.789166649182633
17.83999991416931,0.0,0.0,0.0,-8.779166658719376
17.84999990463257,0.0,0.0,0.0,-8.76916666825612
17.859999895095825,-0.18310546875,-0.18310546875,-0.06103515625,-8.759166677792862
17.869999885559082,-0.18310546875,-0.18310546875,-0.06103515625,-8.749166687329605
17.87999987602234,0.0,0.0,0.0,-8.739166696866349
17.889999866485596,0.0,0.0,0.0,-8.729166706403092
17.90000009536743,-0.1220703125,-0.06103515625,0.0,-8.719166477521256
17.91000008583069,-0.1220703125,-0.06103515625,0.0,-8.709166487057999
17.920000076293945,-0.06103515625,0.0,0.06103515625,-8.699166496594742
17.930000066757202,-0.06103515625,0.0,0.06103515625,-8.689166506131485
17.94000005722046,0.0,0.0,0.06103515625,-8.679166515668228
17.950000047683716,0.0,0.0,0.06103515625,-8.669166525204972
17.960000038146973,-0.1220703125,-0.1220703125,0.0,-8.659166534741715
17.97000002861023,-0.1220703125,-0.1220703125,0.0,-8.649166544278458
17.980000019073486,0.0,0.0,0.0,-8.639166553815201
17.990000009536743,0.0,0.0,0.0,-8.629166563351944
18.0,-0.06103515625,-0.06103515625,0.0,-8.619166572888687
18.009999990463257,-0.06103515625,-0.06103515625,0.0,-8.60916658242543
18.019999980926517,0.0,-0.06103515625,0.0,-8.599166591962174
18.02999997138977,0.0,-0.06103515625,0.0,-8.589166601498917
18.039999961853027,0.0,-0.06103515625,0.0,-8.57916661103566
18.045000076293945,0.0,-0.06103515625,0.0,-8.574166496594742
18.0550000667572,0.0,-0.06103515625,0.0,-8.564166506131492
18.06500005722046,0.0,-0.1220703125,-0.1220703125,-8.554166515668228
18.07500004768372,0.0,-0.1220703125,-0.1220703125,-8.544166525204972
18.085000038146973,-0.06103515625,-0.1220703125,-0.06103515625,-8.534166534741715
18.09500002861023,-0.06103515625,-0.1220703125,-0.06103515625,-8.524166544278458
18.105000019073486,-0.06103515625,-0.06103515625,0.0,-8.514166553815201
18.115000009536743,-0.06103515625,-0.06103515625,0.0,-8.504166563351944
18.125,0.0,0.06103515625,0.0,-8.494166572888687
18.134999990463257,0.0,0.06103515625,0.0,-8.48416658242543
18.144999980926517,0.0,0.0,0.0,-8.474166591962174
18.15499997138977,0.0,0.0,0.0,-8.464166601498917
18.164999961853027,0.0,0.1220703125,0.06103515625,-8.45416661103566
18.174999952316284,0.0,0.1220703125,0.06103515625,-8.444166620572403
18.18499994277954,-0.06103515625,0.1220703125,0.1220703125,-8.434166630109146
18.1949999332428,-0.06103515625,0.1220703125,0.1220703125,-8.42416663964589
18.20499992370605,-0.06103515625,0.0,0.0,-8.41416664918264
18.21499991416931,-0.06103515625,0.0,0.0,-8.404166658719376
18.22499990463257,0.0,0.0,0.0,-8.39416666825612
18.234999895095825,0.0,0.0,0.0,-8.384166677792862
18.24499988555908,0.0,0.0,0.0,-8.374166687329613
18.25499987602234,0.0,0.0,0.0,-8.364166696866349
18.2649998664856,0.06103515625,0.0,0.0,-8.354166706403092
18.27500009536743,0.06103515625,0.0,0.0,-8.344166477521256
18.28500008583069,0.0,0.0,0.0,-8.334166487057999
18.295000076293945,0.0,0.0,0.0,-8.324166496594742
18.3050000667572,-0.06103515625,0.0,0.06103515625,-8.314166506131492
18.31500005722046,-0.06103515625,0.0,0.06103515625,-8.304166515668228
18.32500004768372,0.0,0.0,0.06103515625,-8.294166525204972
18.335000038146973,0.0,0.0,0.06103515625,-8.284166534741715
18.34500002861023,0.06103515625,0.0,0.0,-8.274166544278458
18.355000019073486,0.06103515625,0.0,0.0,-8.264166553815201
18.365000009536743,0.0,0.0,0.0,-8.254166563351944
18.375,0.0,0.0,0.0,-8.244166572888687
18.384999990463257,0.0,0.0,0.0,-8.23416658242543
18.394999980926517,0.0,0.0,0.0,-8.224166591962174
18.40499997138977,0.0,0.0,0.0,-8.214166601498917
18.414999961853027,0.0,0.0,0.0,-8.20416661103566
18.424999952316284,0.0,-0.06103515625,0.0,-8.194166620572403
18.43499994277954,0.0,-0.06103515625,0.0,-8.184166630109146
18.4449999332428,0.0,0.0,0.0,-8.17416663964589
18.45499992370605,0.0,0.0,0.0,-8.16416664918264
18.46499991416931,0.0,0.0,0.0,-8.154166658719376
18.47499990463257,0.0,0.0,0.0,-8.14416666825612
18.484999895095825,0.0,0.0,0.0,-8.134166677792862
18.49499988555908,0.0,0.0,0.0,-8.124166687329613
18.50499987602234,0.0,0.0,0.0,-8.114166696866349
18.5149998664856,0.0,0.0,0.0,-8.104166706403092
18.52500009536743,0.0,0.0,0.0,-8.094166477521256
18.53500008583069,0.0,0.0,0.0,-8.084166487057999
18.545000076293945,0.0,0.0,0.0,-8.074166496594742
18.5550000667572,0.0,0.0,0.0,-8.064166506131492
18.56500005722046,0.0,0.0,0.0,-8.054166515668228
18.57500004768372,0.0,0.0,0.0,-8.044166525204972
18.585000038146973,0.0,0.0,0.0,-8.034166534741715
18.59500002861023,0.0,0.0,0.0,-8.024166544278458
18.605000019073486,0.0,0.0,-0.06103515625,-8.014166553815201
18.615000009536743,0.0,0.0,-0.06103515625,-8.004166563351944
18.625,0.0,-0.1220703125,-0.1220703125,-7.9941665728886875
18.634999990463257,0.0,-0.1220703125,-0.1220703125,-7.984166582425431
18.644999980926517,0.0,-0.06103515625,-0.06103515625,-7.974166591962174
18.65499997138977,0.0,-0.06103515625,-0.06103515625,-7.964166601498917
18.664999961853027,0.0,-0.06103515625,0.0,-7.95416661103566
18.674999952316284,0.0,-0.06103515625,0.0,-7.944166620572403
18.68499994277954,0.0,0.0,0.0,-7.9341666301091465
18.6949999332428,0.0,0.0,0.0,-7.92416663964589
18.70499992370605,0.0,0.0,0.0,-7.91416664918264
18.71499991416931,0.0,0.0,0.0,-7.904166658719376
18.72499990463257,0.0,0.0,0.0,-7.894166668256119
18.734999895095825,0.0,0.0,0.0,-7.884166677792862
18.74499988555908,0.0,0.0,0.0,-7.874166687329613
18.75499987602234,0.0,0.0,0.0,-7.864166696866349
18.7649998664856,0.0,0.0,0.0,-7.854166706403092
18.77500009536743,0.0,0.0,0.0,-7.844166477521256
18.78500008583069,0.0,0.0,0.0,-7.834166487057999
18.795000076293945,0.0,0.0,0.0,-7.824166496594742
18.8050000667572,0.0,0.0,0.0,-7.814166506131492
18.81500005722046,0.0,0.0,0.0,-7.8041665156682285
18.82500004768372,0.0,0.0,0.0,-7.794166525204972
18.835000038146973,0.0,0.0,0.0,-7.784166534741715
18.84500002861023,0.0,0.0,0.0,-7.774166544278458
18.855000019073486,0.0,0.0,0.0,-7.764166553815201
18.865000009536743,0.0,0.06103515625,0.0,-7.754166563351944
18.875,0.0,0.06103515625,0.0,-7.7441665728886875
18.884999990463257,0.0,0.0,0.0,-7.734166582425431
18.894999980926517,0.0,0.0,0.0,-7.724166591962174
18.90499997138977,0.0,0.0,0.0,-7.714166601498917
18.914999961853027,0.0,0.0,0.0,-7.70416661103566
18.924999952316284,0.0,0.0,0.0,-7.694166620572403
18.93499994277954,0.0,0.0,0.0,-7.6841666301091465
18.9449999332428,0.0,0.1220703125,0.06103515625,-7.67416663964589
18.95499992370605,0.0,0.1220703125,0.06103515625,-7.66416664918264
18.96499991416931,0.0,0.06103515625,0.0,-7.654166658719376
18.97499990463257,0.0,0.06103515625,0.0,-7.644166668256119
18.984999895095825,0.0,0.06103515625,0.06103515625,-7.634166677792862
18.99499988555908,0.0,0.06103515625,0.06103515625,-7.624166687329613
19.00499987602234,0.0,0.0,0.0,-7.614166696866349
19.0149998664856,0.0,0.0,0.0,-7.604166706403092
19.02500009536743,0.0,-0.06103515625,0.0,-7.594166477521256
19.03500008583069,0.0,-0.06103515625,0.0,-7.584166487057999
19.045000076293945,0.0,0.0,0.0,-7.574166496594742
19.049999952316284,0.0,0.0,0.0,-7.569166620572403
19.05999994277954,0.0,0.0,0.0,-7.5591666301091465
19.0699999332428,0.0,0.0,0.0,-7.54916663964589
19.07999992370605,0.0,0.0,0.0,-7.53916664918264
19.08999991416931,0.0,0.0,0.0,-7.529166658719376
19.09999990463257,-0.06103515625,0.06103515625,0.0,-7.519166668256119
19.109999895095825,-0.06103515625,0.06103515625,0.0,-7.509166677792862
19.11999988555908,-0.06103515625,0.06103515625,0.06103515625,-7.499166687329613
19.12999987602234,-0.06103515625,0.06103515625,0.06103515625,-7.489166696866349
19.1399998664856,0.0,0.06103515625,0.0,-7.479166706403092
19.15000009536743,0.0,0.06103515625,0.0,-7.469166477521256
19.16000008583069,0.0,0.0,0.0,-7.459166487057999
19.170000076293945,0.0,0.0,0.0,-7.449166496594742
19.1800000667572,0.0,0.0,0.0,-7.439166506131492
19.19000005722046,0.0,0.0,0.0,-7.4291665156682285
19.20000004768372,0.0,0.0,0.0,-7.419166525204972
19.210000038146973,0.0,0.0,0.0,-7.409166534741715
19.22000002861023,0.0,0.0,-0.06103515625,-7.399166544278458
19.230000019073486,0.0,0.0,-0.06103515625,-7.389166553815201
19.240000009536743,0.0,0.0,0.0,-7.379166563351944
19.25,0.0,0.0,0.0,-7.3691665728886875
19.259999990463257,0.0,0.0,0.0,-7.359166582425431
19.269999980926517,0.0,0.0,0.0,-7.349166591962174
19.27999997138977,0.0,0.0,0.0,-7.339166601498917
19.289999961853027,0.0,0.0,0.0,-7.32916661103566
19.299999952316284,0.0,0.0,0.0,-7.319166620572403
19.30999994277954,0.0,0.0,0.0,-7.3091666301091465
19.3199999332428,0.0,0.0,0.0,-7.29916663964589
19.32999992370605,0.0,0.0,0.0,-7.28916664918264
19.33999991416931,0.0,0.0,0.06103515625,-7.279166658719376
19.34999990463257,0.0,0.0,0.06103515625,-7.269166668256119
19.359999895095825,0.0,0.0,0.06103515625,-7.259166677792862
19.36999988555908,0.0,0.0,0.06103515625,-7.249166687329613
19.37999987602234,0.0,0.0,0.0,-7.239166696866349
19.3899998664856,0.0,0.0,0.0,-7.229166706403092
19.40000009536743,0.0,0.0,0.0,-7.219166477521256
19.41000008583069,0.0,0.0,0.0,-7.209166487057999
19.420000076293945,0.0,0.0,0.0,-7.199166496594742
19.4300000667572,0.0,0.0,0.0,-7.189166506131492
19.44000005722046,0.0,0.0,0.0,-7.1791665156682285
19.45000004768372,0.0,0.0,0.0,-7.169166525204972
19.460000038146973,0.0,0.0,0.0,-7.159166534741715
19.47000002861023,0.0,0.0,0.0,-7.149166544278458
19.480000019073486,0.0,0.0,0.0,-7.139166553815201
19.490000009536743,0.0,0.0,0.0,-7.129166563351944
19.5,0.0,0.0,0.0,-7.1191665728886875
19.509999990463257,0.0,0.0,0.0,-7.109166582425431
19.519999980926517,0.0,0.0,0.0,-7.099166591962174
19.52999997138977,0.0,0.0,0.0,-7.089166601498917
19.539999961853027,0.0,0.0,0.0,-7.07916661103566
19.549999952316284,0.0,0.0,0.0,-7.069166620572403
19.55999994277954,0.0,0.0,0.0,-7.0591666301091465
19.5699999332428,0.0,0.0,0.0,-7.04916663964589
19.57999992370605,0.06103515625,0.06103515625,0.0,-7.03916664918264
19.58999991416931,0.06103515625,0.06103515625,0.0,-7.029166658719376
19.59999990463257,0.0,0.1220703125,0.06103515625,-7.019166668256119
19.609999895095825,0.0,0.1220703125,0.06103515625,-7.009166677792862
19.61999988555908,0.06103515625,0.18310546875,0.1220703125,-6.999166687329613
19.62999987602234,0.06103515625,0.18310546875,0.1220703125,-6.989166696866349
19.6399998664856,0.244140625,0.1220703125,0.0,-6.979166706403092
19.65000009536743,0.244140625,0.1220703125,0.0,-6.969166477521256
19.66000008583069,0.42724609375,0.0,-0.1220703125,-6.959166487057999
19.670000076293945,0.42724609375,0.0,-0.1220703125,-6.949166496594742
19.6800000667572,0.42724609375,-0.06103515625,-0.1220703125,-6.939166506131492
19.69000005722046,0.42724609375,-0.06103515625,-0.1220703125,-6.9291665156682285
19.70000004768372,0.42724609375,-0.18310546875,-0.18310546875,-6.919166525204972
19.710000038146973,0.42724609375,-0.18310546875,-0.18310546875,-6.909166534741715
19.72000002861023,0.3662109375,-0.1220703125,-0.244140625,-6.899166544278458
19.730000019073486,0.3662109375,-0.1220703125,-0.244140625,-6.889166553815201
19.740000009536743,0.18310546875,-0.1220703125,-0.1220703125,-6.879166563351944
19.75,0.18310546875,-0.1220703125,-0.1220703125,-6.8691665728886875
19.759999990463257,0.30517578125,-0.1220703125,-0.244140625,-6.859166582425431
19.769999980926517,0.30517578125,-0.1220703125,-0.244140625,-6.849166591962174
19.77999997138977,0.1220703125,0.0,-0.06103515625,-6.839166601498917
19.789999961853027,0.1220703125,0.0,-0.06103515625,-6.82916661103566
19.799999952316284,0.1220703125,0.0,0.0,-6.819166620572403
19.80999994277954,0.1220703125,0.0,0.0,-6.8091666301091465
19.8199999332428,0.06103515625,0.0,0.0,-6.79916663964589
19.82999992370605,0.06103515625,0.0,0.0,-6.78916664918264
19.83999991416931,0.0,0.0,0.0,-6.779166658719376
19.84999990463257,0.0,0.0,0.0,-6.769166668256119
19.859999895095825,0.0,0.0,0.0,-6.759166677792862
19.86999988555908,0.0,0.0,0.0,-6.749166687329613
19.87999987602234,0.06103515625,0.0,-0.06103515625,-6.739166696866349
19.8899998664856,0.06103515625,0.0,-0.06103515625,-6.729166706403092
19.90000009536743,0.06103515625,0.0,0.0,-6.719166477521256
19.91000008583069,0.06103515625,0.0,0.0,-6.709166487057999
19.920000076293945,0.0,0.0,0.0,-6.699166496594742
19.9300000667572,0.0,0.0,0.0,-6.689166506131492
19.94000005722046,0.06103515625,0.0,0.0,-6.6791665156682285
19.95000004768372,0.06103515625,0.0,0.0,-6.669166525204972
19.960000038146973,0.0,0.0,0.0,-6.659166534741715
19.97000002861023,0.0,0.0,0.0,-6.649166544278458
19.980000019073486,0.0,0.0,0.0,-6.639166553815201
19.990000009536743,0.0,0.0,0.0,-6.629166563351944
20.0,0.0,0.0,0.0,-6.6191665728886875
20.009999990463257,0.0,0.0,0.0,-6.609166582425431
20.019999980926517,0.06103515625,0.0,0.0,-6.599166591962174
20.02999997138977,0.06103515625,0.0,0.0,-6.589166601498917
20.039999961853027,0.06103515625,0.0,0.0,-6.57916661103566
20.049999952316284,0.06103515625,0.0,0.0,-6.569166620572403
20.0550000667572,0.0,0.0,0.0,-6.564166506131492
20.06500005722046,0.0,0.0,0.0,-6.5541665156682285
20.085000038146973,0.0,0.0,0.0,-6.534166534741715
20.09500002861023,0.06103515625,0.18310546875,0.06103515625,-6.524166544278458
20.105000019073486,0.06103515625,0.18310546875,0.06103515625,-6.514166553815201
20.115000009536743,0.0,1.5869140625,0.67138671875,-6.504166563351944
20.125,0.0,1.5869140625,0.67138671875,-6.4941665728886875
20.134999990463257,-0.30517578125,-0.06103515625,-0.1220703125,-6.484166582425431
20.144999980926517,-0.30517578125,-0.06103515625,-0.1220703125,-6.474166591962174
20.15499997138977,0.1220703125,0.0,0.0,-6.464166601498917
20.164999961853027,0.1220703125,0.0,0.0,-6.45416661103566
20.174999952316284,0.1220703125,-0.6103515625,-0.30517578125,-6.444166620572403
20.18499994277954,0.1220703125,-0.6103515625,-0.30517578125,-6.4341666301091465
20.1949999332428,0.0,-0.48828125,-0.18310546875,-6.42416663964589
20.20499992370605,0.0,-0.48828125,-0.18310546875,-6.41416664918264
20.21499991416931,0.0,0.0,0.0,-6.404166658719376
20.22499990463257,0.0,0.0,0.0,-6.394166668256119
20.234999895095825,0.06103515625,0.06103515625,0.0,-6.384166677792862
20.24499988555908,0.06103515625,0.06103515625,0.0,-6.374166687329613
20.25499987602234,0.06103515625,0.1220703125,0.0,-6.364166696866349
20.2649998664856,0.06103515625,0.1220703125,0.0,-6.354166706403092
20.27500009536743,0.0,0.1220703125,0.0,-6.344166477521256
20.28500008583069,0.0,0.1220703125,0.0,-6.334166487057999
20.295000076293945,0.0,0.0,0.0,-6.324166496594742
20.3050000667572,0.0,0.0,0.0,-6.314166506131492
20.31500005722046,0.1220703125,-0.244140625,-0.1220703125,-6.3041665156682285
20.32500004768372,0.1220703125,-0.244140625,-0.1220703125,-6.294166525204972
20.335000038146973,0.0,0.1220703125,0.06103515625,-6.284166534741715
20.34500002861023,0.0,0.1220703125,0.06103515625,-6.274166544278458
20.355000019073486,-0.06103515625,-0.06103515625,0.0,-6.264166553815201
20.365000009536743,-0.06103515625,-0.06103515625,0.0,-6.254166563351944
20.375,0.0,0.0,0.0,-6.2441665728886875
20.384999990463257,0.0,0.0,0.0,-6.234166582425431
20.394999980926517,0.0,0.0,0.06103515625,-6.224166591962174
20.40499997138977,0.0,0.0,0.06103515625,-6.214166601498917
20.414999961853027,0.0,-0.1220703125,0.0,-6.20416661103566
20.424999952316284,0.0,-0.1220703125,0.0,-6.194166620572403
20.43499994277954,0.0,0.0,0.0,-6.1841666301091465
20.4449999332428,0.0,0.0,0.0,-6.17416663964589
20.45499992370605,0.0,0.0,0.0,-6.16416664918264
20.46499991416931,0.0,0.0,0.0,-6.154166658719376
20.47499990463257,0.0,0.06103515625,0.0,-6.144166668256119
20.484999895095825,0.0,0.06103515625,0.0,-6.134166677792862
20.49499988555908,0.0,0.06103515625,0.0,-6.124166687329613
20.50499987602234,0.0,0.06103515625,0.0,-6.114166696866349
20.5149998664856,0.0,0.1220703125,0.1220703125,-6.104166706403092
20.52500009536743,0.0,0.1220703125,0.1220703125,-6.094166477521256
20.53500008583069,0.0,0.0,0.0,-6.084166487057999
20.545000076293945,0.0,0.0,0.0,-6.074166496594742
20.5550000667572,0.0,-0.06103515625,0.0,-6.064166506131492
20.56500005722046,0.0,-0.06103515625,0.0,-6.0541665156682285
20.57500004768372,0.0,-0.1220703125,0.0,-6.044166525204972
20.585000038146973,0.0,-0.1220703125,0.0,-6.034166534741715
20.59500002861023,0.0,-0.1220703125,-0.06103515625,-6.024166544278458
20.605000019073486,0.0,-0.1220703125,-0.06103515625,-6.014166553815201
20.615000009536743,0.0,-0.1220703125,-0.06103515625,-6.004166563351944
20.625,0.0,-0.1220703125,-0.06103515625,-5.9941665728886875
20.634999990463257,0.0,-0.06103515625,-0.06103515625,-5.984166582425431
20.644999980926517,0.0,-0.06103515625,-0.06103515625,-5.974166591962174
20.65499997138977,0.0,0.0,0.0,-5.964166601498917
20.664999961853027,0.0,0.0,0.0,-5.95416661103566
20.674999952316284,0.1220703125,0.0,0.0,-5.944166620572403
20.68499994277954,0.1220703125,0.0,0.0,-5.9341666301091465
20.6949999332428,0.1220703125,0.06103515625,0.0,-5.92416663964589
20.70499992370605,0.1220703125,0.06103515625,0.0,-5.91416664918264
20.71499991416931,0.0,0.1220703125,0.0,-5.904166658719376
20.72499990463257,0.0,0.1220703125,0.0,-5.894166668256119
20.734999895095825,-0.06103515625,0.1220703125,0.06103515625,-5.884166677792862
20.74499988555908,-0.06103515625,0.1220703125,0.06103515625,-5.874166687329613
20.75499987602234,0.0,0.0,0.0,-5.864166696866349
20.7649998664856,0.0,0.0,0.0,-5.854166706403092
20.77500009536743,0.0,0.06103515625,0.0,-5.844166477521256
20.78500008583069,0.0,0.06103515625,0.0,-5.834166487057999
20.795000076293945,0.0,0.0,0.0,-5.824166496594742
20.8050000667572,0.0,0.0,0.0,-5.814166506131492
20.81500005722046,0.06103515625,0.0,0.0,-5.8041665156682285
20.82500004768372,0.06103515625,0.0,0.0,-5.794166525204972
20.835000038146973,0.0,0.18310546875,0.244140625,-5.784166534741715
20.84500002861023,0.0,0.18310546875,0.244140625,-5.774166544278458
20.855000019073486,0.54931640625,-0.18310546875,-0.30517578125,-5.764166553815201
20.865000009536743,0.54931640625,-0.18310546875,-0.30517578125,-5.754166563351944
20.875,0.06103515625,-0.244140625,-0.06103515625,-5.7441665728886875
20.884999990463257,0.06103515625,-0.244140625,-0.06103515625,-5.734166582425431
20.894999980926517,0.1220703125,0.732421875,0.30517578125,-5.724166591962174
20.90499997138977,0.1220703125,0.732421875,0.30517578125,-5.714166601498917
20.914999961853027,-0.6103515625,-0.3662109375,0.0,-5.70416661103566
20.924999952316284,-0.6103515625,-0.3662109375,0.0,-5.694166620572403
20.93499994277954,0.18310546875,0.30517578125,0.06103515625,-5.6841666301091465
20.9449999332428,0.18310546875,0.30517578125,0.06103515625,-5.67416663964589
20.95499992370605,-0.06103515625,0.0,0.0,-5.66416664918264
20.96499991416931,-0.06103515625,0.0,0.0,-5.654166658719376
20.97499990463257,0.0,0.0,0.0,-5.644166668256119
20.984999895095825,0.0,0.0,0.0,-5.634166677792862
20.99499988555908,-0.42724609375,0.0,-0.06103515625,-5.624166687329613
21.00499987602234,-0.42724609375,0.0,-0.06103515625,-5.614166696866349
21.0149998664856,0.1220703125,0.0,0.0,-5.604166706403092
21.02500009536743,0.1220703125,0.0,0.0,-5.594166477521256
21.03500008583069,0.06103515625,-0.06103515625,-0.06103515625,-5.584166487057999
21.045000076293945,0.06103515625,-0.06103515625,-0.06103515625,-5.574166496594742
21.0550000667572,-0.06103515625,-0.06103515625,-0.06103515625,-5.564166506131492
21.05999994277954,-0.06103515625,-0.06103515625,-0.06103515625,-5.5591666301091465
21.0699999332428,-0.06103515625,0.0,-0.06103515625,-5.54916663964589
21.07999992370605,-0.06103515625,0.0,-0.06103515625,-5.53916664918264
21.08999991416931,-0.18310546875,0.0,0.0,-5.529166658719376
21.09999990463257,-0.18310546875,0.0,0.0,-5.519166668256119
21.109999895095825,0.0,0.0,0.0,-5.509166677792862
21.11999988555908,0.0,0.0,0.0,-5.499166687329613
21.12999987602234,-0.06103515625,0.0,0.0,-5.489166696866349
21.1399998664856,-0.06103515625,0.0,0.0,-5.479166706403092
21.15000009536743,0.3662109375,0.06103515625,0.0,-5.469166477521256
21.16000008583069,0.3662109375,0.06103515625,0.0,-5.459166487057999
21.170000076293945,0.0,0.0,0.0,-5.449166496594742
21.1800000667572,0.0,0.0,0.0,-5.439166506131492
21.19000005722046,0.06103515625,0.0,0.0,-5.4291665156682285
21.20000004768372,0.06103515625,0.0,0.0,-5.419166525204972
21.210000038146973,0.0,0.0,0.0,-5.409166534741715
21.22000002861023,0.0,0.0,0.0,-5.399166544278458
21.230000019073486,0.0,0.0,0.0,-5.389166553815201
21.240000009536743,0.0,0.0,0.0,-5.379166563351944
21.25,0.0,0.0,0.0,-5.3691665728886875
21.259999990463257,0.0,0.0,0.0,-5.359166582425431
21.269999980926517,0.0,0.0,0.0,-5.349166591962174
21.27999997138977,0.0,0.0,0.0,-5.339166601498917
21.289999961853027,-0.06103515625,0.0,0.0,-5.32916661103566
21.299999952316284,-0.06103515625,0.0,0.0,-5.319166620572403
21.30999994277954,-0.06103515625,0.0,0.0,-5.3091666301091465
21.3199999332428,-0.06103515625,0.0,0.0,-5.29916663964589
21.32999992370605,0.0,0.0,0.0,-5.28916664918264
21.33999991416931,0.0,0.0,0.0,-5.279166658719376
21.34999990463257,0.0,-0.06103515625,0.0,-5.269166668256119
21.359999895095825,0.0,-0.06103515625,0.0,-5.259166677792862
21.36999988555908,0.0,0.0,0.0,-5.249166687329613
21.37999987602234,0.0,0.0,0.0,-5.239166696866349
21.3899998664856,0.0,0.0,-0.06103515625,-5.229166706403092
21.40000009536743,0.0,0.0,-0.06103515625,-5.219166477521256
21.41000008583069,0.06103515625,0.0,0.0,-5.209166487057999
21.420000076293945,0.06103515625,0.0,0.0,-5.199166496594742
21.4300000667572,0.1220703125,0.06103515625,0.0,-5.189166506131492
21.44000005722046,0.1220703125,0.06103515625,0.0,-5.1791665156682285
21.45000004768372,0.0,0.06103515625,0.0,-5.169166525204972
21.460000038146973,0.0,0.06103515625,0.0,-5.159166534741715
21.47000002861023,0.0,0.06103515625,0.06103515625,-5.149166544278458
21.480000019073486,0.0,0.06103515625,0.06103515625,-5.139166553815201
21.490000009536743,0.0,0.06103515625,0.0,-5.129166563351944
21.5,0.0,0.06103515625,0.0,-5.1191665728886875
21.509999990463257,0.0,0.06103515625,0.0,-5.109166582425431
21.519999980926517,0.0,0.06103515625,0.0,-5.099166591962174
21.52999997138977,0.0,0.06103515625,0.0,-5.089166601498917
21.539999961853027,0.0,0.06103515625,0.0,-5.07916661103566
21.549999952316284,0.0,0.0,0.0,-5.069166620572403
21.55999994277954,0.0,0.0,0.0,-5.0591666301091465
21.5699999332428,0.0,0.06103515625,0.0,-5.04916663964589
21.57999992370605,0.0,0.06103515625,0.0,-5.03916664918264
21.58999991416931,0.0,0.0,-0.06103515625,-5.029166658719376
21.59999990463257,0.0,0.0,-0.06103515625,-5.019166668256119
21.609999895095825,-0.91552734375,0.732421875,0.30517578125,-5.009166677792862
21.61999988555908,-0.91552734375,0.732421875,0.30517578125,-4.999166687329613
21.62999987602234,-0.67138671875,0.67138671875,0.30517578125,-4.989166696866349
21.6399998664856,-0.67138671875,0.67138671875,0.30517578125,-4.979166706403092
21.65000009536743,-0.244140625,0.3662109375,0.1220703125,-4.969166477521256
21.66000008583069,-0.244140625,0.3662109375,0.1220703125,-4.959166487057999
21.670000076293945,0.54931640625,-0.42724609375,-0.18310546875,-4.949166496594742
21.6800000667572,0.54931640625,-0.42724609375,-0.18310546875,-4.939166506131492
21.69000005722046,0.42724609375,-0.244140625,-0.06103515625,-4.9291665156682285
21.70000004768372,0.42724609375,-0.244140625,-0.06103515625,-4.919166525204972
21.710000038146973,0.1220703125,-0.3662109375,-0.1220703125,-4.909166534741715
21.72000002861023,0.1220703125,-0.3662109375,-0.1220703125,-4.899166544278458
21.730000019073486,0.42724609375,-0.244140625,-0.1220703125,-4.889166553815201
21.740000009536743,0.42724609375,-0.244140625,-0.1220703125,-4.879166563351944
21.75,0.06103515625,-0.06103515625,-0.06103515625,-4.8691665728886875
21.759999990463257,0.06103515625,-0.06103515625,-0.06103515625,-4.859166582425431
21.769999980926517,0.1220703125,0.0,-0.06103515625,-4.849166591962174
21.77999997138977,0.1220703125,0.0,-0.06103515625,-4.839166601498917
21.789999961853027,0.06103515625,-0.06103515625,0.0,-4.82916661103566
21.799999952316284,0.06103515625,-0.06103515625,0.0,-4.819166620572403
21.80999994277954,0.18310546875,-0.18310546875,-0.06103515625,-4.8091666301091465
21.8199999332428,0.18310546875,-0.18310546875,-0.06103515625,-4.79916663964589
21.82999992370605,0.0,0.06103515625,0.0,-4.78916664918264
21.83999991416931,0.0,0.06103515625,0.0,-4.779166658719376
21.84999990463257,0.0,0.06103515625,0.0,-4.769166668256119
21.859999895095825,0.0,0.06103515625,0.0,-4.759166677792862
21.86999988555908,0.0,0.0,0.0,-4.749166687329613
21.87999987602234,0.0,0.0,0.0,-4.739166696866349
21.8899998664856,0.0,0.0,0.0,-4.729166706403092
21.90000009536743,0.0,0.0,0.0,-4.719166477521256
21.91000008583069,0.06103515625,0.0,0.0,-4.709166487057999
21.920000076293945,0.06103515625,0.0,0.0,-4.699166496594742
21.9300000667572,0.0,0.0,0.0,-4.689166506131492
21.94000005722046,0.0,0.0,0.0,-4.6791665156682285
21.95000004768372,0.0,0.0,0.0,-4.669166525204972
21.960000038146973,0.0,0.0,0.0,-4.659166534741715
21.97000002861023,0.0,0.0,0.0,-4.649166544278458
21.980000019073486,0.0,0.0,0.0,-4.639166553815201
21.990000009536743,0.0,0.0,0.0,-4.629166563351944
22.0,0.0,0.0,0.0,-4.6191665728886875
22.009999990463257,0.0,0.06103515625,0.06103515625,-4.609166582425431
22.019999980926517,0.0,0.06103515625,0.06103515625,-4.599166591962174
22.02999997138977,0.0,0.1220703125,0.06103515625,-4.589166601498917
22.039999961853027,0.0,0.1220703125,0.06103515625,-4.57916661103566
22.049999952316284,0.0,0.1220703125,0.06103515625,-4.569166620572403
22.05999994277954,0.0,0.1220703125,0.06103515625,-4.5591666301091465
22.06500005722046,0.0,0.1220703125,0.06103515625,-4.5541665156682285
22.07500004768372,0.0,0.1220703125,0.06103515625,-4.544166525204972
22.085000038146973,0.0,0.1220703125,0.06103515625,-4.534166534741715
22.09500002861023,0.1220703125,0.18310546875,0.06103515625,-4.524166544278458
22.105000019073486,0.1220703125,0.18310546875,0.06103515625,-4.514166553815201
22.115000009536743,-0.06103515625,0.1220703125,0.06103515625,-4.504166563351944
22.125,-0.06103515625,0.1220703125,0.06103515625,-4.4941665728886875
22.134999990463257,0.0,0.06103515625,0.06103515625,-4.484166582425431
22.144999980926517,0.0,0.06103515625,0.06103515625,-4.474166591962174
22.15499997138977,-2.38037109375,0.18310546875,0.0,-4.464166601498917
22.164999961853027,-2.38037109375,0.18310546875,0.0,-4.45416661103566
22.174999952316284,-3.2958984375,0.0,-0.06103515625,-4.444166620572403
22.18499994277954,-3.2958984375,0.0,-0.06103515625,-4.4341666301091465
22.1949999332428,-1.46484375,-0.30517578125,0.0,-4.42416663964589
22.20499992370605,-1.46484375,-0.30517578125,0.0,-4.41416664918264
22.21499991416931,1.64794921875,-0.1220703125,0.06103515625,-4.404166658719376
22.22499990463257,1.64794921875,-0.1220703125,0.06103515625,-4.394166668256119
22.234999895095825,-2.01416015625,0.06103515625,0.0,-4.384166677792862
22.24499988555908,-2.01416015625,0.06103515625,0.0,-4.374166687329613
22.25499987602234,-1.3427734375,0.06103515625,0.0,-4.364166696866349
22.2649998664856,-1.3427734375,0.06103515625,-0.06103515625,-4.354166706403092
22.27500009536743,-1.3427734375,0.06103515625,-0.06103515625,-4.344166477521256
22.28500008583069,0.54931640625,0.0,-0.06103515625,-4.334166487057999
22.295000076293945,0.54931640625,0.0,-0.06103515625,-4.324166496594742
22.3050000667572,0.1220703125,0.0,0.0,-4.314166506131492
22.31500005722046,0.1220703125,0.0,0.0,-4.3041665156682285
22.32500004768372,-0.1220703125,-0.18310546875,0.0,-4.294166525204972
22.335000038146973,-0.1220703125,-0.18310546875,0.0,-4.284166534741715
22.34500002861023,-0.732421875,0.0,0.0,-4.274166544278458
22.355000019073486,-0.732421875,0.0,0.0,-4.264166553815201
22.365000009536743,1.77001953125,-0.42724609375,14.6484375,-4.254166563351944
22.375,1.77001953125,-0.42724609375,14.6484375,-4.2441665728886875
22.384999990463257,0.9765625,-0.1220703125,111.99951171875,-4.234166582425431
22.394999980926517,0.9765625,-0.1220703125,111.99951171875,-4.224166591962174
22.40499997138977,84.228515625,-4.0283203125,107.36083984375,-4.214166601498917
22.414999961853027,84.228515625,-4.0283203125,107.36083984375,-4.20416661103566
22.424999952316284,168.88427734375,-13.3056640625,46.38671875,-4.194166620572403
22.43499994277954,168.88427734375,-13.3056640625,46.38671875,-4.1841666301091465
22.4449999332428,131.77490234375,-11.53564453125,-0.54931640625,-4.17416663964589
22.45499992370605,131.77490234375,-11.53564453125,-0.54931640625,-4.16416664918264
22.46499991416931,37.04833984375,-3.5400390625,-22.88818359375,-4.154166658719376
22.47499990463257,37.04833984375,-3.5400390625,-22.88818359375,-4.144166668256119
22.484999895095825,7.9345703125,-0.67138671875,-16.2353515625,-4.134166677792862
22.49499988555908,7.9345703125,-0.67138671875,-16.2353515625,-4.124166687329613
22.50499987602234,23.5595703125,-2.197265625,1.77001953125,-4.114166696866349
22.5149998664856,23.5595703125,-2.197265625,1.77001953125,-4.104166706403092
22.52500009536743,-18.24951171875,1.28173828125,55.7861328125,-4.094166477521256
22.53500008583069,-18.24951171875,1.28173828125,55.7861328125,-4.084166487057999
22.545000076293945,-7.9345703125,0.6103515625,29.78515625,-4.074166496594742
22.5550000667572,-7.9345703125,0.6103515625,29.78515625,-4.064166506131492
22.56500005722046,47.54638671875,-4.8828125,-130.0048828125,-4.0541665156682285
22.57500004768372,47.54638671875,-4.8828125,-130.0048828125,-4.044166525204972
22.585000038146973,39.73388671875,-1.89208984375,-25.634765625,-4.034166534741715
22.59500002861023,39.73388671875,-1.89208984375,-25.634765625,-4.024166544278458
22.605000019073486,14.892578125,-1.3427734375,-12.20703125,-4.014166553815201
22.615000009536743,14.892578125,-1.3427734375,-12.20703125,-4.004166563351944
22.625,6.16455078125,-0.732421875,-4.39453125,-3.9941665728886875
22.634999990463257,6.16455078125,-0.732421875,-4.39453125,-3.9841665824254306
22.644999980926517,5.859375,-0.42724609375,-2.8076171875,-3.974166591962174
22.65499997138977,5.859375,-0.42724609375,-2.8076171875,-3.964166601498917
22.664999961853027,-5.43212890625,0.42724609375,0.1220703125,-3.95416661103566
22.674999952316284,-5.43212890625,0.42724609375,0.1220703125,-3.9441666205724033
22.68499994277954,-8.056640625,0.732421875,-5.79833984375,-3.9341666301091465
22.6949999332428,-8.056640625,0.732421875,-5.79833984375,-3.9241666396458896
22.70499992370605,16.17431640625,-0.48828125,-0.79345703125,-3.91416664918264
22.71499991416931,16.17431640625,-0.48828125,-0.79345703125,-3.904166658719376
22.72499990463257,31.1279296875,-1.708984375,1.0986328125,-3.894166668256119
22.734999895095825,31.1279296875,-1.708984375,1.0986328125,-3.8841666777928623
22.74499988555908,1.40380859375,0.30517578125,0.1220703125,-3.8741666873296126
22.75499987602234,1.40380859375,0.30517578125,0.1220703125,-3.8641666968663486
22.7649998664856,-0.67138671875,0.54931640625,0.1220703125,-3.854166706403092
22.77500009536743,-0.67138671875,0.54931640625,0.1220703125,-3.844166477521256
22.78500008583069,-0.9765625,0.732421875,0.1220703125,-3.834166487057999
22.795000076293945,-0.9765625,0.732421875,0.1220703125,-3.824166496594742
22.8050000667572,-1.220703125,0.6103515625,0.1220703125,-3.8141665061314924
22.81500005722046,-1.220703125,0.6103515625,0.1220703125,-3.8041665156682285
22.82500004768372,-1.220703125,0.30517578125,0.0,-3.7941665252049717
22.835000038146973,-1.220703125,0.30517578125,0.0,-3.784166534741715
22.84500002861023,-0.732421875,0.244140625,0.06103515625,-3.774166544278458
22.855000019073486,-0.732421875,0.244140625,0.06103515625,-3.764166553815201
22.865000009536743,-0.732421875,0.18310546875,0.0,-3.7541665633519443
22.875,-0.732421875,0.18310546875,0.0,-3.7441665728886875
22.884999990463257,-1.03759765625,0.30517578125,0.06103515625,-3.7341665824254306
22.894999980926517,-1.03759765625,0.30517578125,0.06103515625,-3.724166591962174
22.90499997138977,-1.0986328125,0.3662109375,0.1220703125,-3.714166601498917
22.914999961853027,-1.0986328125,0.3662109375,0.1220703125,-3.70416661103566
22.924999952316284,-1.52587890625,0.0,-0.1220703125,-3.6941666205724033
22.93499994277954,-1.52587890625,0.0,-0.1220703125,-3.6841666301091465
22.9449999332428,-1.220703125,0.1220703125,-0.18310546875,-3.6741666396458896
22.95499992370605,-1.220703125,0.1220703125,-0.18310546875,-3.66416664918264
22.96499991416931,-0.67138671875,0.1220703125,-0.1220703125,-3.654166658719376
22.97499990463257,-0.67138671875,0.1220703125,-0.1220703125,-3.644166668256119
22.984999895095825,-0.30517578125,0.0,-0.06103515625,-3.6341666777928623
22.99499988555908,-0.30517578125,0.0,-0.06103515625,-3.6241666873296126
23.00499987602234,-0.18310546875,0.06103515625,0.0,-3.6141666968663486
23.0149998664856,-0.18310546875,0.06103515625,0.0,-3.604166706403092
23.02500009536743,0.18310546875,0.06103515625,0.0,-3.594166477521256
23.03500008583069,0.18310546875,0.06103515625,0.0,-3.584166487057999
23.045000076293945,0.67138671875,0.06103515625,0.06103515625,-3.574166496594742
23.0550000667572,0.67138671875,0.06103515625,0.06103515625,-3.5641665061314924
23.06500005722046,0.67138671875,-0.06103515625,0.0,-3.5541665156682285
23.0699999332428,0.67138671875,-0.06103515625,0.0,-3.5491666396458896
23.07999992370605,0.67138671875,-0.06103515625,0.0,-3.53916664918264
23.08999991416931,0.0,0.0,0.0,-3.529166658719376
23.09999990463257,0.0,0.0,0.0,-3.519166668256119
23.109999895095825,0.06103515625,0.79345703125,0.54931640625,-3.5091666777928623
23.11999988555908,0.06103515625,0.79345703125,0.54931640625,-3.4991666873296126
23.12999987602234,1.64794921875,-0.3662109375,-0.18310546875,-3.4891666968663486
23.1399998664856,1.64794921875,-0.3662109375,-0.18310546875,-3.479166706403092
23.15000009536743,0.0,-0.3662109375,-0.30517578125,-3.469166477521256
23.16000008583069,0.0,-0.3662109375,-0.30517578125,-3.459166487057999
23.170000076293945,0.06103515625,0.06103515625,0.0,-3.449166496594742
23.1800000667572,0.06103515625,0.06103515625,0.0,-3.4391665061314924
23.19000005722046,0.0,0.0,0.0,-3.4291665156682285
23.20000004768372,0.0,0.0,0.0,-3.4191665252049717
23.210000038146973,0.0,0.0,0.0,-3.409166534741715
23.22000002861023,0.0,0.0,0.0,-3.399166544278458
23.230000019073486,0.0,-0.06103515625,0.0,-3.389166553815201
23.240000009536743,0.0,-0.06103515625,0.0,-3.3791665633519443
23.25,0.0,0.0,0.0,-3.3691665728886875
23.259999990463257,0.0,0.0,0.0,-3.3591665824254306
23.269999980926517,0.244140625,-0.1220703125,0.0,-3.349166591962174
23.27999997138977,0.244140625,-0.1220703125,0.0,-3.339166601498917
23.289999961853027,0.42724609375,-0.1220703125,-0.06103515625,-3.32916661103566
23.299999952316284,0.42724609375,-0.1220703125,-0.06103515625,-3.3191666205724033
23.30999994277954,0.3662109375,-0.244140625,-0.06103515625,-3.3091666301091465
23.3199999332428,0.3662109375,-0.244140625,-0.06103515625,-3.2991666396458896
23.32999992370605,0.30517578125,-0.06103515625,0.0,-3.28916664918264
23.33999991416931,0.30517578125,-0.06103515625,0.0,-3.279166658719376
23.34999990463257,0.42724609375,0.1220703125,0.0,-3.269166668256119
23.359999895095825,0.42724609375,0.1220703125,0.0,-3.2591666777928623
23.36999988555908,0.30517578125,-0.3662109375,-0.1220703125,-3.2491666873296126
23.37999987602234,0.30517578125,-0.3662109375,-0.1220703125,-3.2391666968663486
23.3899998664856,-0.1220703125,0.0,-0.06103515625,-3.229166706403092
23.40000009536743,-0.1220703125,0.0,-0.06103515625,-3.219166477521256
23.41000008583069,0.244140625,-0.244140625,-0.06103515625,-3.209166487057999
23.420000076293945,0.244140625,-0.244140625,-0.06103515625,-3.199166496594742
23.4300000667572,0.48828125,0.0,-0.06103515625,-3.1891665061314924
23.44000005722046,0.48828125,0.0,-0.06103515625,-3.1791665156682285
23.45000004768372,0.18310546875,0.0,0.0,-3.1691665252049717
23.460000038146973,0.18310546875,0.0,0.0,-3.159166534741715
23.47000002861023,-0.06103515625,0.1220703125,0.0,-3.149166544278458
23.480000019073486,-0.06103515625,0.1220703125,0.0,-3.139166553815201
23.490000009536743,-0.06103515625,0.0,0.0,-3.1291665633519443
23.5,-0.06103515625,0.0,0.0,-3.1191665728886875
23.509999990463257,0.30517578125,0.06103515625,0.0,-3.1091665824254306
23.519999980926517,0.30517578125,0.06103515625,0.0,-3.099166591962174
23.52999997138977,0.0,0.06103515625,0.0,-3.089166601498917
23.539999961853027,0.0,0.06103515625,0.0,-3.07916661103566
23.549999952316284,0.30517578125,0.06103515625,0.0,-3.0691666205724033
23.55999994277954,0.30517578125,0.06103515625,0.0,-3.0591666301091465
23.5699999332428,0.18310546875,0.0,0.0,-3.0491666396458896
23.57999992370605,0.18310546875,0.0,0.0,-3.03916664918264
23.58999991416931,-0.244140625,0.0,0.0,-3.029166658719376
23.59999990463257,-0.244140625,0.0,0.0,-3.019166668256119
23.609999895095825,-0.244140625,0.0,0.0,-3.0091666777928623
23.61999988555908,-0.244140625,0.0,0.0,-2.9991666873296126
23.62999987602234,0.0,-0.1220703125,0.0,-2.9891666968663486
23.6399998664856,0.0,-0.1220703125,0.0,-2.979166706403092
23.65000009536743,0.0,-0.18310546875,0.0,-2.969166477521256
23.66000008583069,0.0,-0.18310546875,0.0,-2.959166487057999
23.670000076293945,0.18310546875,-0.1220703125,0.0,-2.949166496594742
23.6800000667572,0.18310546875,-0.1220703125,0.0,-2.9391665061314924
23.69000005722046,0.1220703125,-0.06103515625,0.0,-2.9291665156682285
23.70000004768372,0.1220703125,-0.06103515625,0.0,-2.9191665252049717
23.710000038146973,0.06103515625,0.0,0.0,-2.909166534741715
23.72000002861023,0.06103515625,0.0,0.0,-2.899166544278458
23.730000019073486,0.06103515625,0.0,0.0,-2.889166553815201
23.740000009536743,0.06103515625,0.0,0.0,-2.8791665633519443
23.75,0.0,0.0,0.0,-2.8691665728886875
23.759999990463257,0.0,0.0,0.0,-2.8591665824254306
23.769999980926517,0.0,0.0,0.0,-2.849166591962174
23.77999997138977,0.0,0.0,0.0,-2.839166601498917
23.789999961853027,0.0,0.06103515625,0.0,-2.82916661103566
23.799999952316284,0.0,0.06103515625,0.0,-2.8191666205724033
23.80999994277954,0.244140625,0.0,0.0,-2.8091666301091465
23.8199999332428,0.244140625,0.0,0.0,-2.7991666396458896
23.82999992370605,0.18310546875,0.06103515625,-0.06103515625,-2.78916664918264
23.83999991416931,0.18310546875,0.06103515625,-0.06103515625,-2.779166658719376
23.84999990463257,0.30517578125,0.1220703125,-0.1220703125,-2.769166668256119
23.859999895095825,-0.54931640625,0.0,0.0,-2.7591666777928623
23.86999988555908,-0.54931640625,0.0,0.0,-2.7491666873296126
23.87999987602234,-0.06103515625,0.1220703125,0.0,-2.7391666968663486
23.8899998664856,-0.06103515625,0.1220703125,0.0,-2.729166706403092
23.90000009536743,-0.06103515625,0.0,0.0,-2.719166477521256
23.91000008583069,-0.06103515625,0.0,0.0,-2.709166487057999
23.920000076293945,0.0,0.0,0.0,-2.699166496594742
23.9300000667572,0.0,0.0,0.0,-2.6891665061314924
23.94000005722046,0.06103515625,0.0,0.0,-2.6791665156682285
23.95000004768372,0.06103515625,0.0,0.0,-2.6691665252049717
23.960000038146973,0.18310546875,-0.06103515625,0.0,-2.659166534741715
23.97000002861023,0.18310546875,-0.06103515625,0.0,-2.649166544278458
23.980000019073486,0.0,0.0,0.0,-2.639166553815201
23.990000009536743,0.0,0.0,0.0,-2.6291665633519443
24.0,0.0,0.0,0.0,-2.6191665728886875
24.009999990463257,0.0,0.0,0.0,-2.6091665824254306
24.019999980926517,0.0,0.0,0.0,-2.599166591962174
24.02999997138977,0.0,0.0,0.0,-2.589166601498917
24.039999961853027,-0.1220703125,0.0,0.0,-2.57916661103566
24.049999952316284,-0.1220703125,0.0,0.0,-2.5691666205724033
24.05999994277954,0.1220703125,0.0,0.0,-2.5591666301091465
24.0699999332428,0.1220703125,0.0,0.0,-2.5491666396458896
24.07500004768372,0.1220703125,0.0,0.0,-2.5441665252049717
24.085000038146973,0.1220703125,0.0,0.0,-2.534166534741715
24.09500002861023,0.1220703125,0.0,0.0,-2.524166544278458
24.105000019073486,0.0,0.0,0.0,-2.514166553815201
24.115000009536743,0.0,0.0,0.0,-2.5041665633519443
24.125,0.0,0.0,0.0,-2.4941665728886875
24.134999990463257,0.0,0.0,0.0,-2.4841665824254306
24.144999980926517,0.06103515625,0.0,0.0,-2.474166591962174
24.15499997138977,0.06103515625,0.0,0.0,-2.464166601498917
24.164999961853027,0.1220703125,0.0,0.0,-2.45416661103566
24.174999952316284,0.1220703125,0.0,0.0,-2.4441666205724033
24.18499994277954,0.0,0.0,0.0,-2.4341666301091465
24.1949999332428,0.0,0.0,0.0,-2.4241666396458896
24.20499992370605,0.0,0.0,0.0,-2.41416664918264
24.21499991416931,0.0,0.0,0.0,-2.404166658719376
24.22499990463257,-0.06103515625,0.06103515625,0.0,-2.394166668256119
24.234999895095825,-0.06103515625,0.06103515625,0.0,-2.3841666777928623
24.24499988555908,0.0,0.06103515625,0.0,-2.3741666873296126
24.25499987602234,0.0,0.06103515625,0.0,-2.3641666968663486
24.2649998664856,0.0,0.0,0.0,-2.354166706403092
24.27500009536743,0.0,0.0,0.0,-2.344166477521256
24.28500008583069,0.0,0.0,0.0,-2.334166487057999
24.295000076293945,0.0,0.0,0.0,-2.324166496594742
24.3050000667572,0.0,0.0,0.0,-2.3141665061314924
24.31500005722046,0.0,0.0,0.0,-2.3041665156682285
24.32500004768372,-0.06103515625,0.0,0.06103515625,-2.2941665252049717
24.335000038146973,-0.06103515625,0.0,0.06103515625,-2.284166534741715
24.34500002861023,0.0,0.06103515625,0.0,-2.274166544278458
24.355000019073486,0.0,0.06103515625,0.0,-2.264166553815201
24.365000009536743,0.0,0.0,0.0,-2.2541665633519443
24.375,0.0,0.0,0.0,-2.2441665728886875
24.384999990463257,0.0,0.06103515625,-0.06103515625,-2.2341665824254306
24.394999980926517,0.0,0.06103515625,-0.06103515625,-2.224166591962174
24.40499997138977,-0.06103515625,0.0,0.0,-2.214166601498917
24.414999961853027,-0.06103515625,0.0,0.0,-2.20416661103566
24.424999952316284,0.0,0.0,0.0,-2.1941666205724033
24.43499994277954,0.0,0.0,0.0,-2.1841666301091465
24.4449999332428,0.0,0.0,0.0,-2.1741666396458896
24.45499992370605,0.0,0.0,0.0,-2.16416664918264
24.46499991416931,0.0,0.0,0.0,-2.154166658719376
24.47499990463257,0.0,0.0,0.0,-2.144166668256119
24.484999895095825,0.0,0.0,0.0,-2.1341666777928623
24.49499988555908,0.0,0.0,0.0,-2.1241666873296126
24.50499987602234,0.0,0.0,0.0,-2.1141666968663486
24.5149998664856,0.0,0.0,0.0,-2.104166706403092
24.52500009536743,-0.06103515625,0.06103515625,0.0,-2.094166477521256
24.53500008583069,-0.06103515625,0.06103515625,0.0,-2.084166487057999
24.545000076293945,0.0,0.0,0.0,-2.074166496594742
24.5550000667572,0.0,0.0,0.0,-2.0641665061314924
24.56500005722046,-0.06103515625,0.0,0.0,-2.0541665156682285
24.57500004768372,-0.06103515625,0.0,0.0,-2.0441665252049717
24.585000038146973,-0.06103515625,0.06103515625,0.0,-2.034166534741715
24.59500002861023,-0.06103515625,0.06103515625,0.0,-2.024166544278458
24.605000019073486,-0.06103515625,0.06103515625,0.0,-2.014166553815201
24.615000009536743,-0.06103515625,0.06103515625,0.0,-2.0041665633519443
24.625,0.0,0.0,0.0,-1.9941665728886875
24.634999990463257,0.0,0.0,0.0,-1.9841665824254306
24.644999980926517,0.0,0.0,0.0,-1.9741665919621738
24.65499997138977,0.0,0.0,0.0,-1.964166601498917
24.664999961853027,0.0,0.0,0.0,-1.9541666110356601
24.674999952316284,0.0,0.0,0.0,-1.9441666205724033
24.68499994277954,0.0,0.0,0.0,-1.9341666301091465
24.6949999332428,0.0,0.0,0.0,-1.9241666396458896
24.70499992370605,0.0,0.0,0.0,-1.91416664918264
24.71499991416931,0.0,0.0,0.0,-1.904166658719376
24.72499990463257,0.0,0.06103515625,0.0,-1.8941666682561191
24.734999895095825,0.0,0.06103515625,0.0,-1.8841666777928623
24.74499988555908,0.0,0.06103515625,0.0,-1.8741666873296126
24.75499987602234,0.0,0.06103515625,0.0,-1.8641666968663486
24.7649998664856,0.0,0.06103515625,0.06103515625,-1.8541667064030918
24.77500009536743,0.0,0.06103515625,0.06103515625,-1.8441664775212558
24.78500008583069,0.0,0.0,0.0,-1.834166487057999
24.795000076293945,0.0,0.0,0.0,-1.8241664965947422
24.8050000667572,-0.06103515625,0.0,0.0,-1.8141665061314924
24.81500005722046,-0.06103515625,0.0,0.0,-1.8041665156682285
24.82500004768372,-0.06103515625,0.0,0.0,-1.7941665252049717
24.835000038146973,-0.06103515625,0.0,0.0,-1.7841665347417148
24.84500002861023,0.0,0.0,0.0,-1.774166544278458
24.855000019073486,0.0,0.0,0.0,-1.7641665538152012
24.865000009536743,0.0,0.0,0.0,-1.7541665633519443
24.875,0.0,0.0,0.0,-1.7441665728886875
24.884999990463257,0.0,0.0,0.0,-1.7341665824254306
24.894999980926517,0.0,0.0,0.0,-1.7241665919621738
24.90499997138977,0.0,0.0,0.0,-1.714166601498917
24.914999961853027,0.0,0.0,0.0,-1.7041666110356601
24.924999952316284,0.0,0.0,0.0,-1.6941666205724033
24.93499994277954,0.0,0.0,0.0,-1.6841666301091465
24.9449999332428,0.0,0.0,0.0,-1.6741666396458896
24.95499992370605,0.0,0.0,0.0,-1.66416664918264
24.96499991416931,0.0,0.0,0.0,-1.654166658719376
24.97499990463257,0.0,0.0,0.0,-1.6441666682561191
24.984999895095825,-0.06103515625,0.0,0.0,-1.6341666777928623
24.99499988555908,-0.06103515625,0.0,0.0,-1.6241666873296126
25.00499987602234,0.0,0.0,0.0,-1.6141666968663486
25.0149998664856,0.0,0.0,0.0,-1.6041667064030918
25.02500009536743,-0.06103515625,0.0,-0.06103515625,-1.5941664775212558
25.03500008583069,-0.06103515625,0.0,-0.06103515625,-1.584166487057999
25.045000076293945,0.0,-0.06103515625,0.0,-1.5741664965947422
25.0550000667572,0.0,-0.06103515625,0.0,-1.5641665061314924
25.06500005722046,0.0,0.0,0.0,-1.5541665156682285
25.07500004768372,0.0,0.0,0.0,-1.5441665252049717
25.07999992370605,0.0,0.0,0.0,-1.53916664918264
25.08999991416931,0.0,0.0,0.0,-1.529166658719376
25.105000019073486,0.0,0.0,0.0,-1.5141665538152012
25.115000009536743,0.0,0.0,0.0,-1.5041665633519443
25.125,-0.06103515625,0.0,0.0,-1.4941665728886875
25.134999990463257,-0.06103515625,0.0,0.0,-1.4841665824254306
25.144999980926517,-0.18310546875,0.06103515625,0.0,-1.4741665919621738
25.15499997138977,-0.18310546875,0.06103515625,0.0,-1.464166601498917
25.164999961853027,-0.18310546875,0.1220703125,0.0,-1.4541666110356601
25.174999952316284,-0.18310546875,0.1220703125,0.0,-1.4441666205724033
25.18499994277954,-0.1220703125,0.06103515625,0.0,-1.4341666301091465
25.1949999332428,-0.1220703125,0.06103515625,0.0,-1.4241666396458896
25.20499992370605,-0.06103515625,0.06103515625,0.0,-1.41416664918264
25.21499991416931,-0.06103515625,0.06103515625,0.0,-1.404166658719376
25.22499990463257,-0.1220703125,0.06103515625,0.0,-1.3941666682561191
25.234999895095825,-0.1220703125,0.06103515625,0.0,-1.3841666777928623
25.24499988555908,0.0,0.0,0.0,-1.3741666873296126
25.25499987602234,0.0,0.0,0.0,-1.3641666968663486
25.2649998664856,0.0,0.0,-0.06103515625,-1.3541667064030918
25.27500009536743,0.0,0.0,-0.06103515625,-1.3441664775212558
25.28500008583069,0.0,0.0,0.0,-1.334166487057999
25.295000076293945,0.0,0.0,0.0,-1.3241664965947422
25.3050000667572,0.0,0.0,0.0,-1.3141665061314924
25.31500005722046,0.0,0.0,0.0,-1.3041665156682285
25.32500004768372,0.0,0.0,0.0,-1.2941665252049717
25.335000038146973,0.0,0.0,0.0,-1.2841665347417148
25.34500002861023,0.0,0.0,0.0,-1.274166544278458
25.355000019073486,0.0,0.0,0.0,-1.2641665538152012
25.365000009536743,0.0,0.0,-0.06103515625,-1.2541665633519443
25.375,0.0,0.0,-0.06103515625,-1.2441665728886875
25.384999990463257,0.0,0.0,0.0,-1.2341665824254306
25.394999980926517,0.0,0.0,0.0,-1.2241665919621738
25.40499997138977,0.0,0.06103515625,0.0,-1.214166601498917
25.414999961853027,0.0,0.06103515625,0.0,-1.2041666110356601
25.424999952316284,-0.06103515625,0.06103515625,0.0,-1.1941666205724033
25.43499994277954,-0.06103515625,0.06103515625,0.0,-1.1841666301091465
25.4449999332428,0.0,0.06103515625,0.0,-1.1741666396458896
25.45499992370605,0.0,0.06103515625,0.0,-1.16416664918264
25.46499991416931,0.0,0.0,0.0,-1.154166658719376
25.47499990463257,0.0,0.06103515625,0.0,-1.1441666682561191
25.484999895095825,0.0,0.06103515625,0.0,-1.1341666777928623
25.49499988555908,0.0,0.0,0.0,-1.1241666873296126
25.50499987602234,0.0,0.0,0.0,-1.1141666968663486
25.5149998664856,0.0,0.0,0.0,-1.1041667064030918
25.52500009536743,0.0,0.0,0.0,-1.0941664775212558
25.53500008583069,14.58740234375,1.3427734375,-0.91552734375,-1.084166487057999
25.545000076293945,14.58740234375,1.3427734375,-0.91552734375,-1.0741664965947422
25.5550000667572,104.00390625,-3.662109375,1.52587890625,-1.0641665061314924
25.56500005722046,104.00390625,-3.662109375,1.52587890625,-1.0541665156682285
25.57500004768372,28.6865234375,-1.77001953125,1.40380859375,-1.0441665252049717
25.585000038146973,28.6865234375,-1.77001953125,1.40380859375,-1.0341665347417148
25.59500002861023,-31.18896484375,1.5869140625,1.3427734375,-1.024166544278458
25.605000019073486,-31.18896484375,1.5869140625,1.3427734375,-1.0141665538152012
25.615000009536743,-17.4560546875,-0.1220703125,0.732421875,-1.0041665633519443
25.625,-17.4560546875,-0.1220703125,0.732421875,-0.9941665728886875
25.634999990463257,-20.01953125,0.79345703125,0.3662109375,-0.9841665824254306
25.644999980926517,-20.01953125,0.79345703125,0.3662109375,-0.9741665919621738
25.65499997138977,-0.79345703125,-3.173828125,0.1220703125,-0.964166601498917
25.664999961853027,-0.79345703125,-3.173828125,0.1220703125,-0.9541666110356601
25.674999952316284,-3.96728515625,0.1220703125,0.06103515625,-0.9441666205724033
25.68499994277954,-3.96728515625,0.1220703125,0.06103515625,-0.9341666301091465
25.6949999332428,3.11279296875,-0.30517578125,0.0,-0.9241666396458896
25.70499992370605,3.11279296875,-0.30517578125,0.0,-0.9141666491826399
25.71499991416931,2.25830078125,0.0,0.0,-0.904166658719376
25.72499990463257,2.25830078125,0.0,0.0,-0.8941666682561191
25.734999895095825,-3.7841796875,0.244140625,0.0,-0.8841666777928623
25.74499988555908,-3.7841796875,0.244140625,0.0,-0.8741666873296126
25.75499987602234,0.6103515625,-0.1220703125,0.0,-0.8641666968663486
25.7649998664856,0.6103515625,-0.1220703125,0.0,-0.8541667064030918
25.77500009536743,0.0,0.0,0.0,-0.8441664775212558
25.78500008583069,0.0,0.0,0.0,-0.834166487057999
25.795000076293945,-0.67138671875,0.06103515625,0.0,-0.8241664965947422
25.8050000667572,-0.67138671875,0.06103515625,0.0,-0.8141665061314924
25.81500005722046,0.06103515625,0.0,0.0,-0.8041665156682285
25.82500004768372,0.06103515625,0.0,0.0,-0.7941665252049717
25.835000038146973,-0.42724609375,0.06103515625,0.0,-0.7841665347417148
25.84500002861023,-0.42724609375,0.06103515625,0.0,-0.774166544278458
25.855000019073486,-0.1220703125,0.0,0.0,-0.7641665538152012
25.865000009536743,-0.1220703125,0.0,0.0,-0.7541665633519443
25.875,-0.06103515625,0.0,0.0,-0.7441665728886875
25.884999990463257,-0.06103515625,0.0,0.0,-0.7341665824254306
25.894999980926517,-0.1220703125,0.0,0.0,-0.7241665919621738
25.90499997138977,-0.1220703125,0.0,0.0,-0.714166601498917
25.914999961853027,-0.06103515625,0.0,0.0,-0.7041666110356601
25.924999952316284,-0.06103515625,0.0,0.0,-0.6941666205724033
25.93499994277954,-0.06103515625,0.0,0.0,-0.6841666301091465
25.9449999332428,-0.06103515625,0.0,0.0,-0.6741666396458896
25.95499992370605,0.0,-0.06103515625,0.0,-0.6641666491826399
25.96499991416931,0.0,-0.06103515625,0.0,-0.654166658719376
25.97499990463257,0.0,-0.06103515625,0.0,-0.6441666682561191
25.984999895095825,0.0,-0.06103515625,0.0,-0.6341666777928623
25.99499988555908,0.0,0.0,0.0,-0.6241666873296126
26.00499987602234,0.0,0.0,0.0,-0.6141666968663486
26.0149998664856,0.0,0.0,0.0,-0.6041667064030918
26.02500009536743,0.0,0.0,0.0,-0.5941664775212558
26.03500008583069,0.0,0.0,0.0,-0.584166487057999
26.045000076293945,0.0,0.0,0.0,-0.5741664965947422
26.0550000667572,0.0,0.06103515625,0.06103515625,-0.5641665061314924
26.06500005722046,0.0,0.06103515625,0.06103515625,-0.5541665156682285
26.07500004768372,0.0,0.42724609375,0.30517578125,-0.5441665252049717
26.07999992370605,0.0,0.42724609375,0.30517578125,-0.5391666491826399
26.08999991416931,0.0,0.42724609375,0.30517578125,-0.529166658719376
26.09999990463257,-0.244140625,0.244140625,0.1220703125,-0.5191666682561191
26.109999895095825,-0.244140625,0.244140625,0.1220703125,-0.5091666777928623
26.11999988555908,-0.30517578125,0.0,0.0,-0.49916668732961256
26.12999987602234,-0.30517578125,0.0,0.0,-0.4891666968663486
26.1399998664856,-0.18310546875,0.0,0.0,-0.4791667064030918
26.15000009536743,-0.18310546875,0.0,0.0,-0.46916647752125584
26.16000008583069,0.0,0.0,0.0,-0.459166487057999
26.170000076293945,0.0,0.0,0.0,-0.44916649659474217
26.1800000667572,-0.1220703125,0.0,0.0,-0.43916650613149244
26.19000005722046,-0.1220703125,0.0,0.0,-0.4291665156682285
26.20000004768372,-0.1220703125,0.0,0.0,-0.41916652520497166
26.210000038146973,-0.1220703125,0.0,0.0,-0.4091665347417148
26.22000002861023,-0.18310546875,0.0,0.0,-0.399166544278458
26.230000019073486,-0.18310546875,0.0,0.0,-0.38916655381520115
26.240000009536743,0.0,-0.06103515625,-0.06103515625,-0.3791665633519443
26.25,0.0,-0.06103515625,-0.06103515625,-0.3691665728886875
26.259999990463257,0.0,0.0,-0.06103515625,-0.35916658242543065
26.269999980926517,0.0,0.0,-0.06103515625,-0.3491665919621738
26.27999997138977,-0.1220703125,0.0,-0.06103515625,-0.339166601498917
26.289999961853027,-0.1220703125,0.0,-0.06103515625,-0.32916661103566014
26.299999952316284,-0.06103515625,0.0,0.0,-0.3191666205724033
26.30999994277954,-0.06103515625,0.0,0.0,-0.30916663010914647
26.3199999332428,0.0,0.0,0.0,-0.29916663964588963
26.32999992370605,0.0,0.0,0.0,-0.2891666491826399
26.33999991416931,0.0,0.0,0.0,-0.27916665871937596
26.34999990463257,0.0,0.0,0.0,-0.2691666682561191
26.359999895095825,-0.1220703125,0.0,0.0,-0.2591666777928623
26.36999988555908,-0.1220703125,0.0,0.0,-0.24916668732961256
26.37999987602234,-0.06103515625,0.0,-0.06103515625,-0.23916669686634862
26.3899998664856,-0.06103515625,0.0,-0.06103515625,-0.22916670640309178
26.40000009536743,0.06103515625,0.0,0.0,-0.21916647752125584
26.41000008583069,0.06103515625,0.0,0.0,-0.209166487057999
26.420000076293945,0.0,0.06103515625,0.0,-0.19916649659474217
26.4300000667572,0.0,0.06103515625,0.0,-0.18916650613149244
26.44000005722046,-0.06103515625,0.1220703125,0.0,-0.1791665156682285
26.45000004768372,-0.06103515625,0.1220703125,0.0,-0.16916652520497166
26.460000038146973,0.0,0.06103515625,0.0,-0.15916653474171483
26.47000002861023,0.0,0.06103515625,0.0,-0.149166544278458
26.480000019073486,0.0,0.06103515625,0.0,-0.13916655381520115
26.490000009536743,0.0,0.06103515625,0.0,-0.12916656335194432
26.5,-0.06103515625,0.0,0.0,-0.11916657288868748
26.509999990463257,-0.06103515625,0.0,0.0,-0.10916658242543065
26.519999980926517,-0.06103515625,0.0,0.0,-0.09916659196217381
26.52999997138977,-0.06103515625,0.0,0.0,-0.08916660149891698
26.539999961853027,-0.06103515625,0.1220703125,0.0,-0.07916661103566014
26.549999952316284,-0.06103515625,0.1220703125,0.0,-0.0691666205724033
26.55999994277954,0.6103515625,-0.244140625,0.0,-0.05916663010914647
26.5699999332428,0.6103515625,-0.244140625,0.0,-0.04916663964588963
26.57999992370605,-0.1220703125,0.0,-0.06103515625,-0.0391666491826399
26.58999991416931,-0.1220703125,0.0,-0.06103515625,-0.02916665871937596
26.59999990463257,-0.1220703125,-0.06103515625,0.0,-0.019166668256119124
26.609999895095825,-0.1220703125,-0.06103515625,0.0,-0.009166677792862288
26.61999988555908,0.0,0.0,0.0,0.0008333126703874427
26.62999987602234,0.0,0.0,0.0,0.010833303133651384
26.6399998664856,0.0,0.0,0.0,0.02083329359690822
26.65000009536743,0.0,0.0,0.0,0.030833522478744158
26.66000008583069,0.0,0.06103515625,0.0,0.04083351294200099
26.670000076293945,0.0,0.06103515625,0.0,0.05083350340525783
26.6800000667572,0.0,0.0,0.0,0.06083349386850756
26.69000005722046,0.0,0.0,0.0,0.0708334843317715
26.70000004768372,0.06103515625,0.0,0.0,0.08083347479502834
26.710000038146973,0.06103515625,0.0,0.0,0.09083346525828517
26.72000002861023,-0.06103515625,0.1220703125,0.0,0.10083345572154201
26.730000019073486,-0.06103515625,0.1220703125,0.0,0.11083344618479885
26.740000009536743,0.0,0.1220703125,0.0,0.12083343664805568
26.75,0.0,0.1220703125,0.0,0.13083342711131252
26.759999990463257,-0.06103515625,0.06103515625,0.0,0.14083341757456935
26.769999980926517,-0.06103515625,0.06103515625,0.0,0.1508334080378262
26.77999997138977,-0.06103515625,0.0,0.0,0.16083339850108302
26.789999961853027,-0.06103515625,0.0,0.0,0.17083338896433986
26.799999952316284,-0.1220703125,0.0,0.0,0.1808333794275967
26.80999994277954,-0.1220703125,0.0,0.0,0.19083336989085353
26.8199999332428,-0.06103515625,0.0,-0.06103515625,0.20083336035411037
26.82999992370605,-0.06103515625,0.0,-0.06103515625,0.2108333508173601
26.83999991416931,0.0,0.0,-0.06103515625,0.22083334128062404
26.84999990463257,0.0,0.0,-0.06103515625,0.23083333174388088
26.859999895095825,0.0,0.0,0.0,0.2408333222071377
26.86999988555908,0.0,0.0,0.0,0.25083331267038744
26.87999987602234,0.0,0.0,0.0,0.2608333031336514
26.8899998664856,0.0,0.0,0.0,0.2708332935969082
26.90000009536743,0.0,0.0,0.0,0.28083352247874416
26.91000008583069,0.0,0.0,0.0,0.290833512942001
26.920000076293945,0.1220703125,-0.1220703125,0.0,0.30083350340525783
26.9300000667572,0.1220703125,-0.1220703125,0.0,0.31083349386850756
26.94000005722046,0.1220703125,-0.06103515625,0.0,0.3208334843317715
26.95000004768372,0.1220703125,-0.06103515625,0.0,0.33083347479502834
26.960000038146973,0.0,0.0,0.0,0.3408334652582852
26.97000002861023,0.0,0.0,0.0,0.350833455721542
26.980000019073486,0.0,0.0,0.0,0.36083344618479885
26.990000009536743,0.0,0.0,0.0,0.3708334366480557
27.0,-0.06103515625,0.0,0.0,0.3808334271113125
27.009999990463257,-0.06103515625,0.0,0.0,0.39083341757456935
27.019999980926517,0.0,0.0,0.0,0.4008334080378262
27.02999997138977,0.0,0.0,0.0,0.410833398501083
27.039999961853027,0.0,0.0,0.0,0.42083338896433986
27.049999952316284,0.0,0.0,0.0,0.4308333794275967
27.05999994277954,0.0,0.0,0.0,0.44083336989085353
27.0699999332428,0.06103515625,-0.06103515625,0.0,0.45083336035411037
27.07999992370605,0.06103515625,-0.06103515625,0.0,0.4608333508173601
27.085000038146973,0.06103515625,-0.06103515625,0.0,0.4658334652582852
27.09500002861023,-0.06103515625,0.0,0.0,0.475833455721542
27.105000019073486,-0.06103515625,0.0,0.0,0.48583344618479885
27.115000009536743,0.0,-0.06103515625,-0.06103515625,0.4958334366480557
27.125,0.0,-0.06103515625,-0.06103515625,0.5058334271113125
27.134999990463257,0.244140625,-0.18310546875,-0.1220703125,0.5158334175745694
27.144999980926517,0.244140625,-0.18310546875,-0.1220703125,0.5258334080378262
27.15499997138977,0.18310546875,-0.18310546875,-0.06103515625,0.535833398501083
27.164999961853027,0.18310546875,-0.18310546875,-0.06103515625,0.5458333889643399
27.174999952316284,0.06103515625,-0.18310546875,-0.06103515625,0.5558333794275967
27.18499994277954,0.06103515625,-0.18310546875,-0.06103515625,0.5658333698908535
27.1949999332428,0.18310546875,-0.1220703125,-0.06103515625,0.5758333603541104
27.20499992370605,0.18310546875,-0.1220703125,-0.06103515625,0.5858333508173601
27.21499991416931,0.0,-0.18310546875,-0.06103515625,0.595833341280624
27.22499990463257,0.0,-0.18310546875,-0.06103515625,0.6058333317438809
27.234999895095825,0.3662109375,-0.18310546875,-0.06103515625,0.6158333222071377
27.24499988555908,0.3662109375,-0.18310546875,-0.06103515625,0.6258333126703874
27.25499987602234,0.0,-0.1220703125,-0.06103515625,0.6358333031336514
27.2649998664856,0.0,-0.1220703125,-0.06103515625,0.6458332935969082
27.27500009536743,0.06103515625,-0.18310546875,-0.06103515625,0.6558335224787442
27.28500008583069,0.06103515625,-0.18310546875,-0.06103515625,0.665833512942001
27.295000076293945,0.3662109375,-0.244140625,-0.06103515625,0.6758335034052578
27.3050000667572,0.3662109375,-0.244140625,-0.06103515625,0.6858334938685076
27.31500005722046,0.30517578125,-0.30517578125,-0.06103515625,0.6958334843317715
27.32500004768372,0.30517578125,-0.30517578125,-0.06103515625,0.7058334747950283
27.335000038146973,0.48828125,-0.3662109375,-0.06103515625,0.7158334652582852
27.34500002861023,0.48828125,-0.3662109375,-0.06103515625,0.725833455721542
27.355000019073486,0.48828125,-0.6103515625,-0.18310546875,0.7358334461847988
27.365000009536743,0.48828125,-0.6103515625,-0.18310546875,0.7458334366480557
27.375,0.30517578125,-0.244140625,-0.06103515625,0.7558334271113125
27.384999990463257,0.30517578125,-0.244140625,-0.06103515625,0.7658334175745694
27.394999980926517,0.18310546875,-0.3662109375,-0.1220703125,0.7758334080378262
27.40499997138977,0.18310546875,-0.3662109375,-0.1220703125,0.785833398501083
27.414999961853027,0.18310546875,-0.244140625,-0.1220703125,0.7958333889643399
27.424999952316284,0.18310546875,-0.244140625,-0.1220703125,0.8058333794275967
27.43499994277954,0.0,-0.06103515625,-0.06103515625,0.8158333698908535
27.4449999332428,0.0,-0.06103515625,-0.06103515625,0.8258333603541104
27.45499992370605,0.1220703125,-0.18310546875,0.0,0.8358333508173601
27.46499991416931,0.1220703125,-0.18310546875,0.0,0.845833341280624
27.47499990463257,0.0,-0.06103515625,0.0,0.8558333317438809
27.484999895095825,0.0,-0.06103515625,0.0,0.8658333222071377
27.49499988555908,0.0,-0.06103515625,0.0,0.8758333126703874
27.50499987602234,0.0,-0.06103515625,0.0,0.8858333031336514
27.5149998664856,0.0,0.0,0.0,0.8958332935969082
27.52500009536743,0.0,0.0,0.0,0.9058335224787442
27.53500008583069,0.0,-0.06103515625,0.0,0.915833512942001
27.545000076293945,0.0,-0.06103515625,0.0,0.9258335034052578
27.5550000667572,0.0,0.0,0.0,0.9358334938685076
27.56500005722046,0.0,0.0,0.0,0.9458334843317715
27.57500004768372,0.0,0.0,0.0,0.9558334747950283
27.585000038146973,0.0,0.0,0.0,0.9658334652582852
27.59500002861023,0.06103515625,-0.06103515625,0.0,0.975833455721542
27.605000019073486,0.06103515625,-0.06103515625,0.0,0.9858334461847988
27.615000009536743,0.1220703125,0.0,0.0,0.9958334366480557
27.625,0.1220703125,0.0,0.0,1.0058334271113125
27.634999990463257,0.0,0.0,0.0,1.0158334175745694
27.644999980926517,0.0,0.0,0.0,1.0258334080378262
27.65499997138977,0.0,0.0,0.0,1.035833398501083
27.664999961853027,0.0,0.0,0.0,1.0458333889643399
27.674999952316284,0.0,0.06103515625,0.0,1.0558333794275967
27.68499994277954,0.0,0.06103515625,0.0,1.0658333698908535
27.6949999332428,0.0,0.0,0.0,1.0758333603541104
27.70499992370605,0.0,0.0,0.0,1.08583335081736
27.71499991416931,0.0,0.0,0.0,1.095833341280624
27.72499990463257,0.0,0.0,0.0,1.1058333317438809
27.734999895095825,0.0,0.0,0.0,1.1158333222071377
27.74499988555908,0.0,0.0,0.0,1.1258333126703874
27.75499987602234,0.0,0.0,0.0,1.1358333031336514
27.7649998664856,0.0,0.0,0.0,1.1458332935969082
27.77500009536743,0.0,0.0,0.0,1.1558335224787442
27.78500008583069,0.0,0.0,0.0,1.165833512942001
27.795000076293945,-0.06103515625,0.06103515625,0.0,1.1758335034052578
27.8050000667572,-0.06103515625,0.06103515625,0.0,1.1858334938685076
27.81500005722046,0.0,0.06103515625,0.0,1.1958334843317715
27.82500004768372,0.0,0.06103515625,0.0,1.2058334747950283
27.835000038146973,0.0,0.06103515625,0.0,1.2158334652582852
27.84500002861023,0.0,0.06103515625,0.0,1.225833455721542
27.855000019073486,0.0,0.06103515625,0.0,1.2358334461847988
27.865000009536743,0.0,0.06103515625,0.0,1.2458334366480557
27.875,0.0,0.0,0.0,1.2558334271113125
27.884999990463257,0.0,0.0,0.0,1.2658334175745694
27.894999980926517,0.0,0.0,0.0,1.2758334080378262
27.90499997138977,0.0,0.0,0.0,1.285833398501083
27.914999961853027,0.0,0.0,0.0,1.2958333889643399
27.924999952316284,0.0,0.0,0.0,1.3058333794275967
27.93499994277954,0.0,0.0,0.0,1.3158333698908535
27.9449999332428,0.0,0.0,0.0,1.3258333603541104
27.95499992370605,0.0,0.0,0.0,1.33583335081736
27.96499991416931,0.0,0.0,0.0,1.345833341280624
27.97499990463257,0.0,0.06103515625,0.0,1.3558333317438809
27.984999895095825,0.0,0.06103515625,0.0,1.3658333222071377
27.99499988555908,0.0,0.0,0.0,1.3758333126703874
28.00499987602234,0.0,0.0,0.0,1.3858333031336514
28.0149998664856,0.0,0.0,0.0,1.3958332935969082
28.02500009536743,0.0,0.0,0.0,1.4058335224787442
28.03500008583069,0.0,0.0,0.0,1.415833512942001
28.045000076293945,0.0,0.0,0.0,1.4258335034052578
28.0550000667572,0.0,0.0,0.0,1.4358334938685076
28.06500005722046,0.0,0.0,0.0,1.4458334843317715
28.07500004768372,0.0,0.0,0.0,1.4558334747950283
28.085000038146973,0.0,0.0,0.0,1.4658334652582852
28.08999991416931,0.0,0.0,0.0,1.470833341280624
28.09999990463257,0.0,0.0,0.0,1.4808333317438809
28.109999895095825,0.0,0.0,0.0,1.4908333222071377
28.11999988555908,0.0,0.0,0.0,1.5008333126703874
28.12999987602234,0.0,0.0,0.0,1.5108333031336514
28.1399998664856,0.0,0.0,0.0,1.5208332935969082
28.15000009536743,0.0,0.0,-0.06103515625,1.5308335224787442
28.16000008583069,0.0,0.0,-0.06103515625,1.540833512942001
28.170000076293945,0.0,0.0,0.0,1.5508335034052578
28.1800000667572,0.0,0.0,0.0,1.5608334938685076
28.19000005722046,0.0,0.0,0.0,1.5708334843317715
28.20000004768372,0.0,0.0,0.0,1.5808334747950283
28.210000038146973,-0.06103515625,0.0,0.0,1.5908334652582852
28.22000002861023,-0.06103515625,0.0,0.0,1.600833455721542
28.230000019073486,0.0,0.0,0.0,1.6108334461847988
28.240000009536743,0.0,0.0,0.0,1.6208334366480557
28.25,0.0,0.0,0.0,1.6308334271113125
28.259999990463257,0.0,0.0,0.0,1.6408334175745694
28.269999980926517,0.0,0.06103515625,0.0,1.6508334080378262
28.27999997138977,0.0,0.06103515625,0.0,1.660833398501083
28.289999961853027,0.0,0.0,0.0,1.6708333889643399
28.299999952316284,0.0,0.0,0.0,1.6808333794275967
28.30999994277954,0.0,0.0,0.0,1.6908333698908535
28.3199999332428,0.0,0.0,0.0,1.7008333603541104
28.32999992370605,-0.06103515625,0.0,0.0,1.71083335081736
28.33999991416931,-0.06103515625,0.0,0.0,1.720833341280624
28.34999990463257,0.0,0.0,0.0,1.7308333317438809
28.359999895095825,0.0,0.0,0.0,1.7408333222071377
28.36999988555908,0.0,0.0,0.0,1.7508333126703874
28.37999987602234,0.0,0.0,0.0,1.7608333031336514
28.3899998664856,0.0,0.0,0.0,1.7708332935969082
28.40000009536743,0.0,0.0,0.0,1.7808335224787442
28.41000008583069,0.0,0.0,-0.06103515625,1.790833512942001
28.420000076293945,0.0,0.0,-0.06103515625,1.8008335034052578
28.4300000667572,0.0,0.0,0.0,1.8108334938685076
28.44000005722046,0.0,0.0,0.0,1.8208334843317715
28.45000004768372,0.06103515625,0.0,0.0,1.8308334747950283
28.460000038146973,0.06103515625,0.0,0.0,1.8408334652582852
28.47000002861023,0.06103515625,0.0,0.0,1.850833455721542
28.480000019073486,0.06103515625,0.0,0.0,1.8608334461847988
28.490000009536743,0.0,0.0,0.0,1.8708334366480557
28.5,0.0,0.0,0.0,1.8808334271113125
28.509999990463257,0.0,0.0,0.0,1.8908334175745694
28.519999980926517,0.0,0.0,0.0,1.9008334080378262
28.52999997138977,0.18310546875,0.06103515625,0.0,1.910833398501083
28.539999961853027,0.18310546875,0.06103515625,0.0,1.9208333889643399
28.549999952316284,0.42724609375,0.0,0.0,1.9308333794275967
28.55999994277954,0.42724609375,0.0,0.0,1.9408333698908535
28.5699999332428,-0.06103515625,-0.06103515625,0.0,1.9508333603541104
28.57999992370605,-0.06103515625,-0.06103515625,0.0,1.96083335081736
28.58999991416931,0.0,0.0,0.0,1.970833341280624
28.59999990463257,0.0,0.0,0.0,1.9808333317438809
28.609999895095825,-0.06103515625,0.0,0.0,1.9908333222071377
28.61999988555908,-0.06103515625,0.0,0.0,2.0008333126703874
28.62999987602234,0.0,0.0,0.0,2.0108333031336514
28.6399998664856,0.0,0.0,0.0,2.020833293596908
28.65000009536743,0.0,0.06103515625,0.0,2.030833522478744
28.66000008583069,0.0,0.06103515625,0.0,2.040833512942001
28.670000076293945,0.0,0.06103515625,0.0,2.050833503405258
28.6800000667572,0.0,0.06103515625,0.0,2.0608334938685076
28.69000005722046,-0.06103515625,0.06103515625,0.0,2.0708334843317715
28.70000004768372,-0.06103515625,0.06103515625,0.0,2.0808334747950283
28.710000038146973,0.0,0.06103515625,0.0,2.090833465258285
28.72000002861023,0.0,0.06103515625,0.0,2.100833455721542
28.730000019073486,-0.06103515625,0.0,0.0,2.110833446184799
28.740000009536743,-0.06103515625,0.0,0.0,2.1208334366480557
28.75,-0.06103515625,0.0,0.0,2.1308334271113125
28.759999990463257,-0.06103515625,0.0,0.0,2.1408334175745694
28.769999980926517,-0.06103515625,0.0,0.0,2.150833408037826
28.77999997138977,-0.06103515625,0.0,0.0,2.160833398501083
28.789999961853027,0.0,0.0,0.0,2.17083338896434
28.799999952316284,0.0,0.0,0.0,2.1808333794275967
28.80999994277954,0.0,0.0,0.0,2.1908333698908535
28.8199999332428,0.0,0.0,0.0,2.2008333603541104
28.82999992370605,0.0,0.1220703125,0.0,2.21083335081736
28.83999991416931,0.0,0.1220703125,0.0,2.220833341280624
28.84999990463257,0.0,0.0,0.0,2.230833331743881
28.859999895095825,0.0,0.0,0.0,2.2408333222071377
28.86999988555908,0.0,0.0,0.0,2.2508333126703874
28.87999987602234,0.0,0.0,0.0,2.2608333031336514
28.8899998664856,-0.06103515625,0.0,0.0,2.270833293596908
28.90000009536743,-0.06103515625,0.0,0.0,2.280833522478744
28.91000008583069,0.0,0.0,0.0,2.290833512942001
28.920000076293945,0.0,0.0,0.0,2.300833503405258
28.9300000667572,0.0,0.0,0.0,2.3108334938685076
28.94000005722046,0.0,0.0,0.0,2.3208334843317715
28.95000004768372,0.0,0.06103515625,0.0,2.3308334747950283
28.960000038146973,0.0,0.06103515625,0.0,2.340833465258285
28.97000002861023,0.0,0.0,0.0,2.350833455721542
28.980000019073486,0.0,0.0,0.0,2.360833446184799
28.990000009536743,0.0,0.0,0.0,2.3708334366480557
29.0,0.0,0.0,0.0,2.3808334271113125
29.009999990463257,0.0,0.0,0.0,2.3908334175745694
29.019999980926517,0.0,0.0,0.0,2.400833408037826
29.02999997138977,0.0,0.0,0.0,2.410833398501083
29.039999961853027,0.0,0.0,0.0,2.42083338896434
29.049999952316284,0.0,0.0,0.0,2.4308333794275967
29.05999994277954,0.0,0.0,0.0,2.4408333698908535
29.0699999332428,0.0,0.0,0.0,2.4508333603541104
29.07999992370605,0.0,0.0,0.0,2.46083335081736
29.08999991416931,0.0,0.0,0.0,2.470833341280624
29.09500002861023,0.0,0.0,0.0,2.475833455721542
29.105000019073486,0.0,0.0,0.0,2.485833446184799
29.115000009536743,0.0,0.0,0.0,2.4958334366480557
29.125,0.0,0.0,-0.06103515625,2.5058334271113125
29.134999990463257,0.0,0.0,-0.06103515625,2.5158334175745694
29.144999980926517,0.0,0.0,0.0,2.525833408037826
29.15499997138977,0.0,0.0,0.0,2.535833398501083
29.164999961853027,0.0,0.0,0.0,2.54583338896434
29.174999952316284,0.0,0.0,0.0,2.5558333794275967
29.18499994277954,0.18310546875,-0.18310546875,-0.06103515625,2.5658333698908535
29.1949999332428,0.18310546875,-0.18310546875,-0.06103515625,2.5758333603541104
29.20499992370605,0.18310546875,0.0,0.0,2.58583335081736
29.21499991416931,0.18310546875,0.0,0.0,2.595833341280624
29.22499990463257,0.0,0.06103515625,0.0,2.605833331743881
29.234999895095825,0.0,0.06103515625,0.0,2.6158333222071377
29.24499988555908,0.0,0.0,0.0,2.6258333126703874
29.25499987602234,0.0,0.0,0.0,2.6358333031336514
29.2649998664856,0.0,0.0,0.0,2.645833293596908
29.27500009536743,0.0,0.0,0.0,2.655833522478744
29.28500008583069,0.0,0.0,0.0,2.665833512942001
29.295000076293945,0.0,0.0,0.0,2.675833503405258
29.3050000667572,0.0,0.0,0.0,2.6858334938685076
29.31500005722046,0.0,0.0,0.0,2.6958334843317715
29.32500004768372,0.0,0.0,-0.06103515625,2.7058334747950283
29.335000038146973,0.0,0.0,-0.06103515625,2.715833465258285
29.34500002861023,0.0,0.0,0.0,2.725833455721542
29.355000019073486,0.0,0.0,0.0,2.735833446184799
29.365000009536743,0.0,0.0,-0.06103515625,2.7458334366480557
29.375,0.0,0.0,-0.06103515625,2.7558334271113125
29.384999990463257,0.0,0.0,0.0,2.7658334175745694
29.394999980926517,0.0,0.0,0.0,2.775833408037826
29.40499997138977,0.0,0.0,0.0,2.785833398501083
29.414999961853027,0.0,0.0,0.0,2.79583338896434
29.424999952316284,-0.06103515625,0.0,0.0,2.8058333794275967
29.43499994277954,-0.06103515625,0.0,0.0,2.8158333698908535
29.4449999332428,0.0,0.06103515625,0.0,2.8258333603541104
29.45499992370605,0.0,0.06103515625,0.0,2.83583335081736
29.46499991416931,0.0,0.0,0.0,2.845833341280624
29.47499990463257,0.0,0.0,0.0,2.855833331743881
29.484999895095825,0.0,0.0,0.0,2.8658333222071377
29.49499988555908,0.0,0.0,0.0,2.8758333126703874
29.50499987602234,0.0,0.06103515625,0.0,2.8858333031336514
29.5149998664856,0.0,0.06103515625,0.0,2.895833293596908
29.52500009536743,0.0,0.0,0.0,2.905833522478744
29.53500008583069,0.0,0.0,0.0,2.915833512942001
29.545000076293945,0.0,0.0,0.0,2.925833503405258
29.5550000667572,0.0,0.0,0.0,2.9358334938685076
29.56500005722046,0.0,0.0,0.0,2.9458334843317715
29.57500004768372,0.0,0.0,0.0,2.9558334747950283
29.585000038146973,0.0,0.0,0.0,2.965833465258285
29.59500002861023,0.0,0.0,0.0,2.975833455721542
29.605000019073486,0.0,0.0,0.0,2.985833446184799
29.615000009536743,0.0,0.0,0.0,2.9958334366480557
29.625,0.0,0.0,0.0,3.0058334271113125
29.634999990463257,0.0,0.0,0.0,3.0158334175745694
29.644999980926517,0.0,0.0,0.0,3.025833408037826
29.65499997138977,0.0,0.0,0.0,3.035833398501083
29.664999961853027,0.0,0.0,0.0,3.04583338896434
29.674999952316284,0.0,0.0,0.0,3.0558333794275967
29.68499994277954,0.0,0.06103515625,0.0,3.0658333698908535
29.6949999332428,0.0,0.06103515625,0.0,3.0758333603541104
29.70499992370605,0.0,0.0,-0.06103515625,3.08583335081736
29.71499991416931,0.0,0.0,-0.06103515625,3.095833341280624
29.72499990463257,0.0,0.0,0.0,3.105833331743881
29.734999895095825,0.0,0.0,0.0,3.1158333222071377
29.74499988555908,-0.06103515625,0.0,0.0,3.1258333126703874
29.75499987602234,-0.06103515625,0.0,0.0,3.1358333031336514
29.7649998664856,0.0,0.0,0.0,3.145833293596908
29.77500009536743,0.0,0.0,0.0,3.155833522478744
29.78500008583069,0.0,0.0,0.0,3.165833512942001
29.795000076293945,0.0,0.0,0.0,3.175833503405258
29.8050000667572,0.0,0.0,0.0,3.1858334938685076
29.81500005722046,0.0,0.0,0.0,3.1958334843317715
29.82500004768372,0.0,0.0,0.0,3.2058334747950283
29.835000038146973,0.0,0.0,0.0,3.215833465258285
29.84500002861023,0.0,0.0,0.0,3.225833455721542
29.855000019073486,0.0,0.0,0.0,3.235833446184799
29.865000009536743,0.0,0.0,0.0,3.2458334366480557
29.875,0.0,0.0,0.0,3.2558334271113125
29.884999990463257,0.0,0.06103515625,0.0,3.2658334175745694
29.894999980926517,0.0,0.06103515625,0.0,3.275833408037826
29.90499997138977,0.0,0.0,0.0,3.285833398501083
29.914999961853027,0.0,0.0,0.0,3.29583338896434
29.924999952316284,0.0,0.0,0.0,3.3058333794275967
29.93499994277954,0.0,0.0,0.0,3.3158333698908535
29.9449999332428,0.0,0.0,0.0,3.3258333603541104
29.95499992370605,0.0,0.0,0.0,3.33583335081736
29.96499991416931,0.0,0.0,0.0,3.345833341280624
29.97499990463257,0.0,0.0,0.0,3.355833331743881
29.984999895095825,0.0,0.0,0.0,3.3658333222071377
29.99499988555908,0.0,0.0,0.0,3.3758333126703874
30.00499987602234,0.0,0.0,0.0,3.3858333031336514
30.0149998664856,0.0,0.0,0.0,3.395833293596908
30.02500009536743,0.0,0.0,0.0,3.405833522478744
30.03500008583069,0.0,0.0,0.0,3.415833512942001
30.045000076293945,0.0,0.06103515625,0.0,3.425833503405258
30.0550000667572,0.0,0.06103515625,0.0,3.4358334938685076
30.06500005722046,0.0,0.0,0.0,3.4458334843317715
30.07500004768372,0.0,0.0,0.0,3.4558334747950283
30.085000038146973,0.0,0.0,0.0,3.465833465258285
30.09500002861023,0.0,0.0,0.0,3.475833455721542
30.09999990463257,0.0,0.06103515625,0.0,3.480833331743881
30.109999895095825,0.0,0.06103515625,0.0,3.4908333222071377
30.125,0.0,0.0,0.0,3.5058334271113125
30.134999990463257,0.0,0.0,0.0,3.5158334175745694
30.144999980926517,0.0,0.06103515625,-0.06103515625,3.525833408037826
30.15499997138977,0.0,0.06103515625,-0.06103515625,3.535833398501083
30.164999961853027,0.0,0.0,0.0,3.54583338896434
30.174999952316284,0.0,0.0,0.0,3.5558333794275967
30.18499994277954,0.0,0.0,0.0,3.5658333698908535
30.1949999332428,0.0,0.0,0.0,3.5758333603541104
30.20499992370605,0.0,0.0,0.0,3.58583335081736
30.21499991416931,0.0,0.0,0.0,3.595833341280624
30.22499990463257,0.0,0.0,0.0,3.605833331743881
30.234999895095825,0.0,0.0,0.0,3.6158333222071377
30.24499988555908,0.0,0.0,0.0,3.6258333126703874
30.25499987602234,0.0,0.0,0.0,3.6358333031336514
30.2649998664856,0.0,0.0,0.0,3.645833293596908
30.27500009536743,0.0,0.0,0.0,3.655833522478744
30.28500008583069,0.0,0.0,0.0,3.665833512942001
30.295000076293945,0.0,0.0,0.0,3.675833503405258
30.3050000667572,0.0,0.0,0.0,3.6858334938685076
30.31500005722046,0.0,0.0,0.0,3.6958334843317715
30.32500004768372,0.0,0.0,0.0,3.7058334747950283
30.335000038146973,0.0,0.0,0.0,3.715833465258285
30.34500002861023,0.0,0.0,0.0,3.725833455721542
30.355000019073486,0.0,0.0,0.0,3.735833446184799
30.365000009536743,0.0,0.0,0.0,3.7458334366480557
30.375,0.0,0.0,0.0,3.7558334271113125
30.384999990463257,0.0,0.0,0.0,3.7658334175745694
30.394999980926517,0.0,0.0,0.0,3.775833408037826
30.40499997138977,0.0,0.0,0.0,3.785833398501083
30.414999961853027,0.0,0.0,0.0,3.79583338896434
30.424999952316284,0.0,0.0,0.0,3.8058333794275967
30.43499994277954,0.0,0.0,0.0,3.8158333698908535
30.4449999332428,0.0,0.0,0.0,3.8258333603541104
30.45499992370605,0.0,0.0,0.0,3.83583335081736
30.46499991416931,0.0,0.0,0.0,3.845833341280624
30.47499990463257,0.0,0.0,0.0,3.855833331743881
30.484999895095825,0.0,0.0,0.0,3.8658333222071377
30.49499988555908,0.0,0.0,0.0,3.8758333126703874
30.50499987602234,0.0,0.0,0.0,3.8858333031336514
30.5149998664856,0.0,0.0,0.0,3.895833293596908
30.52500009536743,0.0,0.0,0.0,3.905833522478744
30.53500008583069,0.0,0.0,0.0,3.915833512942001
30.545000076293945,0.0,0.0,0.0,3.925833503405258
30.5550000667572,0.0,0.0,0.0,3.9358334938685076
30.56500005722046,0.0,0.0,0.0,3.9458334843317715
30.57500004768372,0.0,0.0,0.0,3.9558334747950283
30.585000038146973,0.0,0.0,0.0,3.965833465258285
30.59500002861023,0.0,0.0,0.0,3.975833455721542
30.605000019073486,0.0,0.0,0.0,3.985833446184799
30.615000009536743,0.0,0.0,0.0,3.9958334366480557
30.625,0.0,0.0,0.0,4.0058334271113125
30.634999990463257,0.0,0.0,0.0,4.015833417574569
30.644999980926517,0.0,0.0,0.0,4.025833408037826
30.65499997138977,0.0,0.0,0.0,4.035833398501083
30.664999961853027,0.0,0.0,0.0,4.04583338896434
30.674999952316284,0.0,0.0,0.0,4.055833379427597
30.68499994277954,0.0,0.0,0.0,4.0658333698908535
30.6949999332428,0.0,0.0,0.0,4.07583336035411
30.70499992370605,0.0,0.0,0.0,4.08583335081736
30.71499991416931,0.0,0.0,0.0,4.095833341280624
30.72499990463257,0.0,0.0,0.0,4.105833331743881
30.734999895095825,0.0,0.0,0.0,4.115833322207138
30.74499988555908,0.0,0.0,0.0,4.125833312670387
30.75499987602234,0.0,0.0,0.0,4.135833303133651
30.7649998664856,0.0,0.0,0.0,4.145833293596908
30.77500009536743,0.0,0.0,0.0,4.155833522478744
30.78500008583069,0.0,0.0,0.0,4.165833512942001
30.795000076293945,0.0,0.0,0.0,4.175833503405258
30.8050000667572,0.0,0.0,0.0,4.185833493868508
30.81500005722046,0.0,0.0,0.0,4.1958334843317715
30.82500004768372,0.0,0.0,0.0,4.205833474795028
30.835000038146973,0.0,0.0,0.0,4.215833465258285
30.84500002861023,0.0,0.0,0.0,4.225833455721542
30.855000019073486,0.0,0.0,0.0,4.235833446184799
30.865000009536743,0.0,0.0,0.0,4.245833436648056
30.875,0.0,0.0,0.0,4.2558334271113125
30.884999990463257,0.0,0.0,0.0,4.265833417574569
30.894999980926517,0.0,0.0,0.0,4.275833408037826
30.90499997138977,0.0,0.0,0.0,4.285833398501083
30.914999961853027,0.0,0.0,0.0,4.29583338896434
30.924999952316284,0.0,0.0,0.0,4.305833379427597
30.93499994277954,0.0,0.0,0.0,4.3158333698908535
30.9449999332428,0.0,0.0,0.0,4.32583336035411
30.95499992370605,0.0,0.0,0.0,4.33583335081736
30.96499991416931,0.0,0.0,0.0,4.345833341280624
30.97499990463257,0.0,0.0,0.0,4.355833331743881
30.984999895095825,0.0,0.0,0.0,4.365833322207138
30.99499988555908,0.0,0.0,0.0,4.375833312670387
31.00499987602234,0.0,0.0,0.0,4.385833303133651
31.0149998664856,0.0,0.0,0.0,4.395833293596908
31.02500009536743,0.0,0.0,0.0,4.405833522478744
31.03500008583069,0.0,0.0,0.0,4.415833512942001
31.045000076293945,0.0,0.0,0.0,4.425833503405258
31.0550000667572,0.0,0.0,0.0,4.435833493868508
31.06500005722046,0.0,0.0,0.0,4.4458334843317715
31.07500004768372,0.0,0.0,0.0,4.455833474795028
31.085000038146973,0.0,0.0,0.0,4.465833465258285
31.09500002861023,0.0,0.0,0.0,4.475833455721542
31.09999990463257,0.0,0.0,0.0,4.480833331743881
31.109999895095825,0.0,0.0,0.0,4.490833322207138
31.11999988555908,0.0,0.0,0.0,4.500833312670387
31.12999987602234,0.0,0.0,0.0,4.510833303133651
31.1399998664856,0.0,0.0,0.0,4.520833293596908
31.15000009536743,0.0,0.0,0.0,4.530833522478744
31.16000008583069,0.0,0.0,0.0,4.540833512942001
31.170000076293945,0.0,0.0,0.0,4.550833503405258
31.1800000667572,0.0,0.0,0.0,4.560833493868508
31.19000005722046,0.0,0.0,0.0,4.5708334843317715
31.20000004768372,0.0,0.0,0.0,4.580833474795028
31.210000038146973,0.0,0.0,0.0,4.590833465258285
31.22000002861023,0.0,0.0,0.0,4.600833455721542
31.230000019073486,0.0,0.0,0.0,4.610833446184799
31.240000009536743,0.0,0.0,0.0,4.620833436648056
31.25,0.0,0.0,0.0,4.6308334271113125
31.259999990463257,0.0,0.0,0.0,4.640833417574569
31.269999980926517,0.0,0.0,0.0,4.650833408037826
31.27999997138977,0.0,0.0,0.0,4.660833398501083
31.289999961853027,0.0,0.0,0.0,4.67083338896434
31.299999952316284,0.0,0.0,0.0,4.680833379427597
31.30999994277954,0.0,0.0,0.0,4.6908333698908535
31.3199999332428,0.0,0.0,0.0,4.70083336035411
31.32999992370605,0.0,0.0,0.0,4.71083335081736
31.33999991416931,0.0,0.0,0.0,4.720833341280624
31.34999990463257,0.0,0.0,0.0,4.730833331743881
31.359999895095825,0.0,0.0,0.0,4.740833322207138
31.36999988555908,0.0,0.0,0.0,4.750833312670387
31.37999987602234,0.0,0.0,0.0,4.760833303133651
31.3899998664856,0.0,0.0,0.0,4.770833293596908
31.40000009536743,0.0,0.0,0.0,4.780833522478744
31.41000008583069,0.0,0.0,0.0,4.790833512942001
31.420000076293945,0.0,0.0,0.0,4.800833503405258
31.4300000667572,0.0,0.0,0.0,4.810833493868508
31.44000005722046,0.0,0.0,0.0,4.8208334843317715
31.45000004768372,0.0,0.0,0.0,4.830833474795028
31.460000038146973,0.0,0.0,0.0,4.840833465258285
31.47000002861023,0.0,0.0,0.0,4.850833455721542
31.480000019073486,0.0,0.0,0.0,4.860833446184799
31.490000009536743,0.0,0.0,0.0,4.870833436648056
31.5,0.0,0.0,0.0,4.8808334271113125
31.509999990463257,0.0,0.0,0.0,4.890833417574569
31.519999980926517,0.0,0.0,0.0,4.900833408037826
31.52999997138977,0.0,0.0,0.0,4.910833398501083
31.539999961853027,0.0,0.0,0.0,4.92083338896434
31.549999952316284,0.0,0.0,0.0,4.930833379427597
31.55999994277954,0.0,0.0,0.0,4.9408333698908535
31.5699999332428,0.0,0.0,0.0,4.95083336035411
31.57999992370605,0.0,0.0,0.0,4.96083335081736
31.58999991416931,0.0,0.0,0.0,4.970833341280624
31.59999990463257,0.0,0.0,0.0,4.980833331743881
31.609999895095825,0.0,0.0,0.0,4.990833322207138
31.61999988555908,0.0,0.0,0.0,5.000833312670387
31.62999987602234,0.0,0.0,0.0,5.010833303133651
31.6399998664856,0.0,0.0,0.0,5.020833293596908
31.65000009536743,0.0,0.0,0.0,5.030833522478744
31.66000008583069,0.0,0.0,0.0,5.040833512942001
31.670000076293945,0.0,0.0,0.0,5.050833503405258
31.6800000667572,0.0,0.0,0.0,5.060833493868508
31.69000005722046,0.0,0.0,0.0,5.0708334843317715
31.70000004768372,0.0,0.0,0.0,5.080833474795028
31.710000038146973,0.0,0.0,0.0,5.090833465258285
31.72000002861023,0.0,0.0,0.0,5.100833455721542
31.730000019073486,0.0,0.0,0.0,5.110833446184799
31.740000009536743,0.0,0.0,0.0,5.120833436648056
31.75,0.0,0.0,0.0,5.1308334271113125
31.759999990463257,0.0,0.0,0.0,5.140833417574569
31.769999980926517,0.0,0.0,0.0,5.150833408037826
31.77999997138977,0.0,0.0,0.0,5.160833398501083
31.789999961853027,0.0,0.0,0.0,5.17083338896434
31.799999952316284,0.0,0.0,0.0,5.180833379427597
31.80999994277954,0.0,0.0,0.0,5.1908333698908535
31.8199999332428,0.0,0.0,0.0,5.20083336035411
31.82999992370605,0.0,0.0,0.0,5.21083335081736
31.83999991416931,0.0,0.0,0.0,5.220833341280624
31.84999990463257,0.0,0.0,0.0,5.230833331743881
31.859999895095825,0.0,0.0,0.0,5.240833322207138
31.86999988555908,0.0,0.0,0.0,5.250833312670387
31.87999987602234,0.0,0.0,0.0,5.260833303133651
31.8899998664856,0.0,0.0,0.0,5.270833293596908
31.90000009536743,0.0,0.0,0.0,5.280833522478744
31.91000008583069,0.0,0.0,0.0,5.290833512942001
31.920000076293945,0.0,0.0,0.0,5.300833503405258
31.9300000667572,0.0,0.0,0.0,5.310833493868508
31.94000005722046,0.0,0.0,0.0,5.3208334843317715
31.95000004768372,0.0,0.0,0.0,5.330833474795028
31.960000038146973,0.0,0.0,0.0,5.340833465258285
31.97000002861023,0.0,0.0,0.0,5.350833455721542
31.980000019073486,0.0,0.0,0.0,5.360833446184799
31.990000009536743,0.0,0.0,0.0,5.370833436648056
32.0,0.0,0.0,0.0,5.3808334271113125
32.00999999046326,0.0,0.0,0.0,5.390833417574569
32.019999980926514,0.0,0.0,0.0,5.400833408037826
32.02999997138977,0.0,0.0,0.0,5.410833398501083
32.03999996185303,0.0,0.0,0.0,5.42083338896434
32.049999952316284,0.0,0.0,0.0,5.430833379427597
32.05999994277954,0.0,0.0,0.0,5.4408333698908535
32.0699999332428,0.0,0.0,0.0,5.45083336035411
32.079999923706055,0.0,0.0,0.0,5.460833350817367
32.08999991416931,0.0,0.0,0.0,5.470833341280624
32.09999990463257,0.0,0.0,0.0,5.480833331743881
32.105000019073486,0.0,0.0,0.0,5.485833446184799
32.11500000953674,0.0,0.0,0.0,5.495833436648056
32.125,0.0,0.0,0.0,5.5058334271113125
32.13499999046326,0.0,0.0,0.0,5.515833417574569
32.144999980926514,0.0,0.0,0.0,5.525833408037826
32.15499997138977,0.0,0.0,0.0,5.535833398501083
32.16499996185303,0.0,0.0,0.0,5.54583338896434
32.174999952316284,0.0,0.0,0.0,5.555833379427597
32.18499994277954,0.0,0.0,0.0,5.5658333698908535
32.1949999332428,0.0,0.0,0.0,5.57583336035411
32.204999923706055,0.0,0.0,0.0,5.585833350817367
32.21499991416931,0.0,0.0,0.0,5.595833341280624
32.22499990463257,0.0,0.0,0.0,5.605833331743881
32.234999895095825,0.0,0.0,0.0,5.615833322207138
32.24499988555908,0.0,0.0,0.0,5.6258333126703945
32.25499987602234,0.0,0.0,0.0,5.635833303133651
32.2649998664856,0.0,0.0,0.0,5.645833293596908
32.27500009536743,0.0,0.0,0.0,5.655833522478744
32.28500008583069,0.0,0.0,0.0,5.665833512942001
32.295000076293945,0.0,0.0,0.0,5.675833503405258
32.3050000667572,0.0,0.0,0.0,5.685833493868515
32.31500005722046,0.0,0.0,0.0,5.6958334843317715
32.32500004768372,0.0,0.0,0.0,5.705833474795028
32.33500003814697,0.0,0.0,0.0,5.715833465258285
32.34500002861023,0.0,0.0,0.0,5.725833455721542
32.355000019073486,0.0,0.0,0.0,5.735833446184799
32.36500000953674,0.0,0.0,0.0,5.745833436648056
32.375,0.0,0.0,0.0,5.7558334271113125
32.38499999046326,0.0,0.0,0.0,5.765833417574569
32.394999980926514,0.0,0.0,0.0,5.775833408037826
32.40499997138977,0.0,0.0,0.0,5.785833398501083
32.41499996185303,0.0,0.0,0.0,5.79583338896434
32.424999952316284,0.0,0.0,0.0,5.805833379427597
32.43499994277954,0.0,0.0,0.0,5.8158333698908535
32.4449999332428,0.0,0.0,0.0,5.82583336035411
32.454999923706055,0.0,0.0,0.0,5.835833350817367
32.46499991416931,0.0,0.0,0.0,5.845833341280624
32.47499990463257,0.0,0.0,0.0,5.855833331743881
32.484999895095825,0.0,0.0,0.0,5.865833322207138
32.49499988555908,0.0,0.0,0.0,5.8758333126703945
32.50499987602234,0.0,0.0,0.0,5.885833303133651
32.5149998664856,0.0,0.0,0.0,5.895833293596908
32.52500009536743,0.0,0.0,0.0,5.905833522478744
32.53500008583069,0.0,0.0,0.0,5.915833512942001
32.545000076293945,0.0,0.0,0.0,5.925833503405258
32.5550000667572,0.0,0.0,0.0,5.935833493868515
32.56500005722046,0.0,0.0,0.0,5.9458334843317715
32.57500004768372,0.0,0.0,0.0,5.955833474795028
32.58500003814697,0.0,0.0,0.0,5.965833465258285
32.59500002861023,0.0,0.0,0.0,5.975833455721542
32.605000019073486,0.0,0.0,0.0,5.985833446184799
32.61500000953674,0.0,0.0,0.0,5.995833436648056
32.625,0.0,0.0,0.0,6.0058334271113125
32.63499999046326,0.0,0.0,0.0,6.015833417574569
32.644999980926514,0.0,0.0,0.0,6.025833408037826
32.65499997138977,0.0,0.0,0.0,6.035833398501083
32.66499996185303,0.0,0.0,0.0,6.04583338896434
32.674999952316284,0.0,0.0,0.0,6.055833379427597
32.68499994277954,0.0,0.0,0.0,6.0658333698908535
32.6949999332428,0.0,0.0,0.0,6.07583336035411
32.704999923706055,0.0,0.0,0.0,6.085833350817367
32.71499991416931,0.0,0.0,0.0,6.095833341280624
32.72499990463257,0.0,0.0,0.0,6.105833331743881
32.734999895095825,0.0,0.0,0.0,6.115833322207138
32.74499988555908,0.0,0.0,0.0,6.1258333126703945
32.75499987602234,0.0,0.0,0.0,6.135833303133651
32.7649998664856,0.0,0.0,0.0,6.145833293596908
32.77500009536743,0.0,0.0,0.0,6.155833522478744
32.78500008583069,0.0,0.0,0.0,6.165833512942001
32.795000076293945,0.0,0.0,0.0,6.175833503405258
32.8050000667572,0.0,0.0,0.0,6.185833493868515
32.81500005722046,0.0,0.0,0.0,6.1958334843317715
32.82500004768372,0.0,0.0,0.0,6.205833474795028
32.83500003814697,0.0,0.0,0.0,6.215833465258285
32.84500002861023,0.0,0.0,0.0,6.225833455721542
32.855000019073486,0.0,0.0,0.0,6.235833446184799
32.86500000953674,0.0,0.0,0.0,6.245833436648056
32.875,0.0,0.0,0.0,6.2558334271113125
32.88499999046326,0.0,0.0,0.0,6.265833417574569
32.894999980926514,0.0,0.0,0.0,6.275833408037826
32.90499997138977,0.0,0.0,0.0,6.285833398501083
32.91499996185303,0.0,0.0,0.0,6.29583338896434
32.924999952316284,0.0,0.0,0.0,6.305833379427597
32.93499994277954,0.0,0.0,0.0,6.3158333698908535
32.9449999332428,0.0,0.0,0.0,6.32583336035411
32.954999923706055,0.0,0.0,0.0,6.335833350817367
32.96499991416931,0.0,0.0,0.0,6.345833341280624
32.97499990463257,0.0,0.0,0.0,6.355833331743881
32.984999895095825,0.0,0.0,0.0,6.365833322207138
32.99499988555908,0.0,0.0,0.0,6.3758333126703945
33.00499987602234,0.0,0.0,0.0,6.385833303133651
33.0149998664856,0.0,0.0,0.0,6.395833293596908
33.02500009536743,0.0,0.0,0.0,6.405833522478744
33.03500008583069,0.48828125,-0.06103515625,0.0,6.415833512942001
33.045000076293945,0.48828125,-0.06103515625,0.0,6.425833503405258
33.0550000667572,-0.1220703125,-0.06103515625,0.0,6.435833493868515
33.06500005722046,-0.1220703125,-0.06103515625,0.0,6.4458334843317715
33.07500004768372,0.0,-0.1220703125,0.0,6.455833474795028
33.08500003814697,0.0,-0.1220703125,0.0,6.465833465258285
33.09500002861023,0.0,0.0,0.0,6.475833455721542
33.105000019073486,0.0,0.0,0.0,6.485833446184799
33.109999895095825,0.0,-0.1220703125,0.0,6.490833322207138
33.11999988555908,0.0,-0.1220703125,0.0,6.5008333126703945
33.12999987602234,0.0,-0.1220703125,0.0,6.510833303133651
33.1399998664856,0.0,0.0,-0.06103515625,6.520833293596908
33.15000009536743,0.0,0.0,-0.06103515625,6.530833522478744
33.16000008583069,0.0,0.0,0.0,6.540833512942001
33.170000076293945,0.0,0.0,0.0,6.550833503405258
33.1800000667572,0.0,0.0,0.0,6.560833493868515
33.19000005722046,0.0,0.0,0.0,6.5708334843317715
33.20000004768372,0.0,0.0,0.0,6.580833474795028
33.21000003814697,0.0,0.0,0.0,6.590833465258285
33.22000002861023,0.0,0.0,0.0,6.600833455721542
33.230000019073486,0.0,0.0,0.0,6.610833446184799
33.24000000953674,0.0,0.0,0.0,6.620833436648056
33.25,0.0,0.0,0.0,6.6308334271113125
33.25999999046326,0.0,-0.06103515625,0.0,6.640833417574569
33.269999980926514,0.0,-0.06103515625,0.0,6.650833408037826
33.27999997138977,0.0,0.0,0.0,6.660833398501083
33.28999996185303,0.0,0.0,0.0,6.67083338896434
33.299999952316284,0.0,-0.06103515625,0.0,6.680833379427597
33.30999994277954,0.0,-0.06103515625,0.0,6.6908333698908535
33.3199999332428,0.0,0.0,0.0,6.70083336035411
33.329999923706055,0.0,0.0,0.0,6.710833350817367
33.33999991416931,0.0,0.0,0.0,6.720833341280624
33.34999990463257,0.0,0.0,0.0,6.730833331743881
33.359999895095825,-0.06103515625,-0.06103515625,0.0,6.740833322207138
33.36999988555908,-0.06103515625,-0.06103515625,0.0,6.7508333126703945
33.37999987602234,-0.06103515625,-0.06103515625,0.0,6.760833303133651
33.3899998664856,-0.06103515625,-0.06103515625,0.0,6.770833293596908
33.40000009536743,0.0,-0.06103515625,0.0,6.780833522478744
33.41000008583069,0.0,-0.06103515625,0.0,6.790833512942001
33.420000076293945,0.0,-0.06103515625,0.0,6.800833503405258
33.4300000667572,0.0,-0.06103515625,0.0,6.810833493868515
33.44000005722046,0.0,0.0,0.0,6.8208334843317715
33.45000004768372,0.0,0.0,0.0,6.830833474795028
33.46000003814697,0.0,0.0,0.0,6.840833465258285
33.47000002861023,0.0,0.0,0.0,6.850833455721542
33.480000019073486,0.0,0.0,0.0,6.860833446184799
33.49000000953674,0.0,0.0,0.0,6.870833436648056
33.5,0.0,0.0,0.0,6.8808334271113125
33.50999999046326,0.0,0.0,0.0,6.890833417574569
33.519999980926514,0.0,0.0,0.0,6.900833408037826
33.52999997138977,0.0,0.0,0.0,6.910833398501083
33.53999996185303,0.0,0.0,0.0,6.92083338896434
33.549999952316284,-0.06103515625,0.0,0.0,6.930833379427597
33.55999994277954,-0.06103515625,0.0,0.0,6.9408333698908535
33.5699999332428,0.0,0.0,0.0,6.95083336035411
33.579999923706055,0.0,0.0,0.0,6.960833350817367
33.58999991416931,0.06103515625,-0.06103515625,-0.06103515625,6.970833341280624
33.59999990463257,0.06103515625,-0.06103515625,-0.06103515625,6.980833331743881
33.609999895095825,0.0,-0.06103515625,0.0,6.990833322207138
33.61999988555908,0.0,-0.06103515625,0.0,7.0008333126703945
33.62999987602234,0.0,-0.06103515625,0.0,7.010833303133651
33.6399998664856,0.0,-0.06103515625,0.0,7.020833293596908
33.65000009536743,0.0,-0.06103515625,0.0,7.030833522478744
33.66000008583069,0.0,-0.06103515625,0.0,7.040833512942001
33.670000076293945,0.0,-0.06103515625,0.0,7.050833503405258
33.6800000667572,0.0,-0.06103515625,0.0,7.060833493868515
33.69000005722046,0.0,-0.1220703125,0.0,7.0708334843317715
33.70000004768372,0.0,-0.1220703125,0.0,7.080833474795028
33.71000003814697,0.732421875,-0.244140625,-0.06103515625,7.090833465258285
33.72000002861023,0.732421875,-0.244140625,-0.06103515625,7.100833455721542
33.730000019073486,0.1220703125,-0.1220703125,-0.06103515625,7.110833446184799
33.74000000953674,0.1220703125,-0.1220703125,-0.06103515625,7.120833436648056
33.75,0.0,0.0,0.0,7.1308334271113125
33.75999999046326,0.0,0.0,0.0,7.140833417574569
33.769999980926514,0.0,0.0,0.0,7.150833408037826
33.77999997138977,0.0,0.0,0.0,7.160833398501083
33.78999996185303,0.0,0.0,0.0,7.17083338896434
33.799999952316284,0.0,0.0,0.0,7.180833379427597
33.80999994277954,-0.06103515625,0.0,0.0,7.1908333698908535
33.8199999332428,-0.06103515625,0.0,0.0,7.20083336035411
33.829999923706055,0.0,0.0,0.0,7.210833350817367
33.83999991416931,0.0,0.0,0.0,7.220833341280624
33.84999990463257,0.0,0.0,0.0,7.230833331743881
33.859999895095825,0.0,0.0,0.0,7.240833322207138
33.86999988555908,0.0,0.0,0.0,7.2508333126703945
33.87999987602234,0.0,0.0,0.0,7.260833303133651
33.8899998664856,0.0,0.0,0.0,7.270833293596908
33.90000009536743,0.0,0.0,0.0,7.280833522478744
33.91000008583069,0.0,0.0,0.0,7.290833512942001
33.920000076293945,0.0,0.0,0.0,7.300833503405258
33.9300000667572,0.0,0.0,0.0,7.310833493868515
33.94000005722046,0.0,0.0,0.0,7.3208334843317715
33.95000004768372,0.0,0.0,0.0,7.330833474795028
33.96000003814697,0.0,0.0,0.0,7.340833465258285
33.97000002861023,0.0,0.0,0.0,7.350833455721542
33.980000019073486,0.0,0.0,0.0,7.360833446184799
33.99000000953674,0.0,0.0,0.0,7.370833436648056
34.0,0.0,0.0,0.0,7.3808334271113125
34.00999999046326,0.0,0.0,0.0,7.390833417574569
34.019999980926514,0.0,0.0,0.0,7.400833408037826
34.02999997138977,0.0,0.0,0.0,7.410833398501083
34.03999996185303,0.0,0.0,0.0,7.42083338896434
34.049999952316284,0.0,0.0,0.0,7.430833379427597
34.05999994277954,0.0,0.0,0.0,7.4408333698908535
34.0699999332428,0.0,-0.06103515625,0.0,7.45083336035411
34.079999923706055,0.0,-0.06103515625,0.0,7.460833350817367
34.08999991416931,0.0,0.0,0.0,7.470833341280624
34.09999990463257,0.0,0.0,0.0,7.480833331743881
34.109999895095825,0.0,0.0,-0.06103515625,7.490833322207138
34.11500000953674,0.0,0.0,-0.06103515625,7.495833436648056
34.125,0.0,0.0,-0.06103515625,7.5058334271113125
34.13499999046326,0.0,0.0,0.0,7.515833417574569
34.144999980926514,0.0,0.0,0.0,7.525833408037826
34.15499997138977,0.0,0.0,0.0,7.535833398501083
34.16499996185303,0.0,0.0,0.0,7.54583338896434
34.174999952316284,0.0,0.0,0.0,7.555833379427597
34.18499994277954,0.0,0.0,0.0,7.5658333698908535
34.1949999332428,0.0,0.0,0.0,7.57583336035411
34.204999923706055,0.0,0.0,0.0,7.585833350817367
34.21499991416931,0.0,0.0,0.0,7.595833341280624
34.22499990463257,0.0,0.0,0.0,7.605833331743881
34.234999895095825,0.0,-0.1220703125,0.0,7.615833322207138
34.24499988555908,0.0,-0.1220703125,0.0,7.6258333126703945
34.25499987602234,0.0,-0.06103515625,0.0,7.635833303133651
34.2649998664856,0.0,-0.06103515625,0.0,7.645833293596908
34.27500009536743,0.0,-0.06103515625,-0.06103515625,7.655833522478744
34.28500008583069,0.0,-0.06103515625,-0.06103515625,7.665833512942001
34.295000076293945,0.0,0.0,0.0,7.675833503405258
34.3050000667572,0.0,0.0,0.0,7.685833493868515
34.31500005722046,0.0,0.0,0.0,7.6958334843317715
34.32500004768372,0.0,0.0,0.0,7.705833474795028
34.33500003814697,0.0,0.0,0.0,7.715833465258285
34.34500002861023,0.0,0.0,0.0,7.725833455721542
34.355000019073486,0.0,0.0,0.0,7.735833446184799
34.36500000953674,0.0,0.0,0.0,7.745833436648056
34.375,0.0,0.0,0.0,7.7558334271113125
34.38499999046326,0.0,0.0,0.0,7.765833417574569
34.394999980926514,0.0,0.0,0.0,7.775833408037826
34.40499997138977,0.0,0.0,0.0,7.785833398501083
34.41499996185303,0.0,0.0,0.0,7.79583338896434
34.424999952316284,0.0,0.0,0.0,7.805833379427597
34.43499994277954,0.0,0.0,0.0,7.8158333698908535
34.4449999332428,0.0,0.0,0.0,7.82583336035411
34.454999923706055,0.0,0.0,0.0,7.835833350817367
34.46499991416931,0.0,0.0,0.0,7.845833341280624
34.47499990463257,-0.06103515625,0.0,0.0,7.855833331743881
34.484999895095825,-0.06103515625,0.0,0.0,7.865833322207138
34.49499988555908,0.0,0.0,0.0,7.8758333126703945
34.50499987602234,0.0,0.0,0.0,7.885833303133651
34.5149998664856,0.0,0.0,0.0,7.895833293596908
34.52500009536743,0.0,0.0,0.0,7.905833522478744
34.53500008583069,0.0,0.0,0.0,7.915833512942001
34.545000076293945,0.0,0.0,0.0,7.925833503405258
34.5550000667572,0.0,0.0,0.0,7.935833493868515
34.56500005722046,0.0,0.0,0.0,7.9458334843317715
34.57500004768372,0.0,-0.06103515625,0.0,7.955833474795028
34.58500003814697,0.0,-0.06103515625,0.0,7.965833465258285
34.59500002861023,0.0,-0.06103515625,0.0,7.975833455721542
34.605000019073486,0.0,-0.06103515625,0.0,7.985833446184799
34.61500000953674,0.0,0.0,0.0,7.995833436648056
34.625,0.0,0.0,0.0,8.005833427111313
34.63499999046326,0.0,0.0,0.0,8.01583341757457
34.644999980926514,0.0,0.0,0.0,8.025833408037826
34.65499997138977,0.0,0.0,0.0,8.035833398501083
34.66499996185303,0.0,0.0,0.0,8.04583338896434
34.674999952316284,-0.06103515625,0.0,0.0,8.055833379427597
34.68499994277954,-0.06103515625,0.0,0.0,8.065833369890854
34.6949999332428,0.0,0.0,0.0,8.07583336035411
34.704999923706055,0.0,0.0,0.0,8.085833350817367
34.71499991416931,0.0,-0.06103515625,0.0,8.095833341280624
34.72499990463257,0.0,-0.06103515625,0.0,8.10583333174388
34.734999895095825,0.0,0.0,0.0,8.115833322207138
34.74499988555908,0.0,0.0,0.0,8.125833312670395
34.75499987602234,0.0,0.0,0.0,8.135833303133651
34.7649998664856,0.0,0.0,0.0,8.145833293596908
34.77500009536743,0.0,0.0,0.0,8.155833522478744
34.78500008583069,0.0,0.0,0.0,8.165833512942001
34.795000076293945,0.0,0.0,0.0,8.175833503405258
34.8050000667572,0.0,0.0,0.0,8.185833493868515
34.81500005722046,0.0,0.0,0.0,8.195833484331772
34.82500004768372,0.0,0.0,0.0,8.205833474795028
34.83500003814697,0.0,0.0,0.0,8.215833465258285
34.84500002861023,0.0,0.0,0.0,8.225833455721542
34.855000019073486,0.0,0.0,0.0,8.235833446184799
34.86500000953674,0.0,0.0,0.0,8.245833436648056
34.875,0.0,0.0,0.0,8.255833427111313
34.88499999046326,0.0,0.0,0.0,8.26583341757457
34.894999980926514,0.0,0.0,0.0,8.275833408037826
34.90499997138977,0.0,0.0,0.0,8.285833398501083
34.91499996185303,0.0,0.0,0.0,8.29583338896434
34.924999952316284,0.0,0.0,0.0,8.305833379427597
34.93499994277954,0.0,0.0,0.0,8.315833369890854
34.9449999332428,0.0,0.0,0.0,8.32583336035411
34.954999923706055,0.0,0.0,0.0,8.335833350817367
34.96499991416931,0.0,0.0,0.0,8.345833341280624
34.97499990463257,0.0,0.0,0.0,8.35583333174388
34.984999895095825,0.0,0.0,0.0,8.365833322207138
34.99499988555908,0.0,0.0,0.0,8.375833312670395
35.00499987602234,0.0,0.0,0.0,8.385833303133651
35.0149998664856,0.0,0.0,0.0,8.395833293596908
35.02500009536743,0.0,0.0,0.0,8.405833522478744
35.03500008583069,0.0,0.0,0.0,8.415833512942001
35.045000076293945,0.0,0.0,0.0,8.425833503405258
35.0550000667572,0.0,0.0,0.0,8.435833493868515
35.06500005722046,0.0,0.0,0.0,8.445833484331772
35.07500004768372,0.0,0.0,0.0,8.455833474795028
35.08500003814697,0.0,0.0,0.0,8.465833465258285
35.09500002861023,0.0,0.0,0.0,8.475833455721542
35.105000019073486,0.0,0.0,0.0,8.485833446184799
35.11500000953674,0.0,0.0,0.0,8.495833436648056
35.11999988555908,0.0,0.0,0.0,8.500833312670395
35.12999987602234,0.0,0.0,0.0,8.510833303133651
35.144999980926514,0.0,0.0,0.0,8.525833408037826
35.15499997138977,0.0,0.0,0.0,8.535833398501083
35.16499996185303,0.0,0.0,0.0,8.54583338896434
35.174999952316284,0.0,0.0,0.0,8.555833379427597
35.18499994277954,0.0,0.0,0.0,8.565833369890854
35.1949999332428,0.0,0.0,0.0,8.57583336035411
35.204999923706055,0.0,0.0,0.0,8.585833350817367
35.21499991416931,0.0,0.0,0.0,8.595833341280624
35.22499990463257,0.0,0.0,0.0,8.60583333174388
35.234999895095825,0.0,0.0,0.0,8.615833322207138
35.24499988555908,0.0,0.0,0.0,8.625833312670395
35.25499987602234,0.0,0.0,0.0,8.635833303133651
35.2649998664856,0.0,0.0,0.0,8.645833293596908
35.27500009536743,0.0,0.0,0.0,8.655833522478744
35.28500008583069,0.0,0.0,0.0,8.665833512942001
35.295000076293945,0.0,0.0,0.0,8.675833503405258
35.3050000667572,0.0,0.0,0.0,8.685833493868515
35.31500005722046,0.0,0.0,0.0,8.695833484331772
35.32500004768372,0.0,0.0,0.0,8.705833474795028
35.33500003814697,0.0,0.0,0.0,8.715833465258285
35.34500002861023,0.0,0.0,0.0,8.725833455721542
35.355000019073486,0.0,0.0,0.0,8.735833446184799
35.36500000953674,0.0,0.0,0.0,8.745833436648056
35.375,0.0,0.0,0.0,8.755833427111313
35.38499999046326,0.0,0.0,0.0,8.76583341757457
35.394999980926514,0.0,0.0,0.0,8.775833408037826
35.40499997138977,0.0,0.0,0.0,8.785833398501083
35.41499996185303,0.0,0.0,0.0,8.79583338896434
35.424999952316284,0.0,0.0,0.0,8.805833379427597
35.43499994277954,0.0,0.0,0.0,8.815833369890854
35.4449999332428,0.0,0.0,0.0,8.82583336035411
35.454999923706055,0.0,0.0,0.0,8.835833350817367
35.46499991416931,0.0,0.0,0.0,8.845833341280624
35.47499990463257,0.0,0.0,0.0,8.85583333174388
35.484999895095825,0.0,0.0,0.0,8.865833322207138
35.49499988555908,0.0,0.0,0.0,8.875833312670395
35.50499987602234,0.0,0.0,0.0,8.885833303133651
35.5149998664856,0.0,0.0,0.0,8.895833293596908
35.52500009536743,0.0,0.0,0.0,8.905833522478744
35.53500008583069,0.0,0.0,0.0,8.915833512942001
35.545000076293945,0.0,0.0,0.0,8.925833503405258
35.5550000667572,0.0,0.0,0.0,8.935833493868515
35.56500005722046,0.0,0.0,0.0,8.945833484331772
35.57500004768372,0.0,0.0,0.0,8.955833474795028
35.58500003814697,0.0,0.0,0.0,8.965833465258285
35.59500002861023,0.0,0.0,0.0,8.975833455721542
35.605000019073486,0.0,0.0,0.0,8.985833446184799
35.61500000953674,0.0,0.0,0.0,8.995833436648056
35.625,0.0,0.0,0.0,9.005833427111313
35.63499999046326,0.0,0.0,0.0,9.01583341757457
35.644999980926514,0.0,0.0,0.0,9.025833408037826
35.65499997138977,0.0,0.0,0.0,9.035833398501083
35.66499996185303,0.0,0.0,0.0,9.04583338896434
35.674999952316284,0.0,0.0,0.0,9.055833379427597
35.68499994277954,0.0,0.0,0.0,9.065833369890854
35.6949999332428,0.0,0.0,0.0,9.07583336035411
35.704999923706055,0.0,0.0,0.0,9.085833350817367
35.71499991416931,0.0,0.0,0.0,9.095833341280624
35.72499990463257,0.0,0.0,0.0,9.10583333174388
35.734999895095825,0.0,0.0,0.0,9.115833322207138
35.74499988555908,0.0,0.0,0.0,9.125833312670395
35.75499987602234,0.0,0.0,0.0,9.135833303133651
35.7649998664856,0.0,0.0,0.0,9.145833293596908
35.77500009536743,0.0,0.0,0.0,9.155833522478744
35.78500008583069,0.0,0.0,0.0,9.165833512942001
35.795000076293945,0.0,0.0,0.0,9.175833503405258
35.8050000667572,0.0,0.0,0.0,9.185833493868515
35.81500005722046,0.0,0.0,0.0,9.195833484331772
35.82500004768372,0.0,0.0,0.0,9.205833474795028
35.83500003814697,0.0,0.0,0.0,9.215833465258285
35.84500002861023,0.0,0.0,0.0,9.225833455721542
35.855000019073486,0.0,0.0,0.0,9.235833446184799
35.86500000953674,0.0,0.0,0.0,9.245833436648056
35.875,0.0,0.0,0.0,9.255833427111313
35.88499999046326,0.0,0.0,0.0,9.26583341757457
35.894999980926514,0.0,0.0,0.0,9.275833408037826
35.90499997138977,0.0,0.0,0.0,9.285833398501083
35.91499996185303,0.0,0.0,0.0,9.29583338896434
35.924999952316284,0.0,0.0,0.0,9.305833379427597
35.93499994277954,0.0,0.0,0.0,9.315833369890854
35.9449999332428,0.0,0.0,0.0,9.32583336035411
35.954999923706055,0.0,0.0,0.0,9.335833350817367
35.96499991416931,0.0,0.0,0.0,9.345833341280624
35.97499990463257,0.0,0.0,0.0,9.35583333174388
35.984999895095825,0.0,0.0,0.0,9.365833322207138
35.99499988555908,0.0,0.0,0.0,9.375833312670395
36.00499987602234,0.0,0.0,0.0,9.385833303133651
36.0149998664856,0.0,0.0,0.0,9.395833293596908
36.02500009536743,0.0,0.0,0.0,9.405833522478744
36.03500008583069,0.0,0.0,0.0,9.415833512942001
36.045000076293945,0.0,0.0,0.0,9.425833503405258
36.0550000667572,0.0,0.0,0.0,9.435833493868515
36.06500005722046,0.0,0.0,0.0,9.445833484331772
36.07500004768372,0.0,0.0,0.0,9.455833474795028
36.08500003814697,0.0,0.0,0.0,9.465833465258285
36.09500002861023,0.0,0.0,0.0,9.475833455721542
36.105000019073486,0.0,0.0,0.0,9.485833446184799
36.11500000953674,0.0,0.0,0.0,9.495833436648056
36.11999988555908,0.0,0.0,0.0,9.500833312670395
36.12999987602234,0.0,0.0,0.0,9.510833303133651
36.1399998664856,0.0,0.0,0.0,9.520833293596908
36.15000009536743,0.0,0.0,0.0,9.530833522478744
36.16000008583069,0.0,0.0,0.0,9.540833512942001
36.170000076293945,0.0,0.0,0.0,9.550833503405258
36.1800000667572,0.0,0.0,0.0,9.560833493868515
36.19000005722046,0.0,0.0,0.0,9.570833484331772
36.20000004768372,0.0,0.0,0.0,9.580833474795028
36.21000003814697,0.0,0.0,0.0,9.590833465258285
36.22000002861023,0.0,0.0,0.0,9.600833455721542
36.230000019073486,0.0,0.0,0.0,9.610833446184799
36.24000000953674,0.0,0.0,0.0,9.620833436648056
36.25,0.0,0.0,0.0,9.630833427111313
36.25999999046326,0.0,0.0,0.0,9.64083341757457
36.269999980926514,0.0,0.0,0.0,9.650833408037826
36.27999997138977,0.0,0.0,0.0,9.660833398501083
36.28999996185303,0.0,0.0,0.0,9.67083338896434
36.29999995231629,0.0,0.0,0.0,9.680833379427597
36.30999994277954,0.0,0.0,0.0,9.690833369890854
36.3199999332428,0.0,0.0,0.0,9.70083336035411
36.329999923706055,0.0,0.0,0.0,9.710833350817367
36.33999991416931,0.0,0.0,0.0,9.720833341280624
36.34999990463257,0.0,0.0,0.0,9.73083333174388
36.35999989509583,0.0,0.0,0.0,9.740833322207138
36.36999988555908,0.0,0.0,0.0,9.750833312670395
36.37999987602234,0.0,0.0,0.0,9.760833303133651
36.3899998664856,0.0,0.0,0.0,9.770833293596908
36.40000009536743,0.0,0.0,0.0,9.780833522478744
36.41000008583069,0.0,0.0,0.0,9.790833512942001
36.420000076293945,0.0,0.0,0.0,9.800833503405258
36.4300000667572,0.0,0.0,0.0,9.810833493868515
36.44000005722046,0.0,0.0,0.0,9.820833484331772
36.45000004768372,0.0,0.0,0.0,9.830833474795028
36.46000003814697,0.0,0.0,0.0,9.840833465258285
36.47000002861023,0.0,0.0,0.0,9.850833455721542
36.480000019073486,0.0,0.0,0.0,9.860833446184799
36.49000000953674,0.0,0.0,0.0,9.870833436648056
36.5,0.0,0.0,0.0,9.880833427111313
36.50999999046326,0.0,0.0,0.0,9.89083341757457
36.519999980926514,0.0,0.0,0.0,9.900833408037826
36.52999997138977,0.0,0.0,0.0,9.910833398501083
36.53999996185303,0.0,0.0,0.0,9.92083338896434
36.54999995231629,0.0,0.0,0.0,9.930833379427597
36.55999994277954,0.0,0.0,0.0,9.940833369890854
36.5699999332428,0.0,0.0,0.0,9.95083336035411
36.579999923706055,0.0,0.0,0.0,9.960833350817367
36.58999991416931,0.0,0.0,0.0,9.970833341280624
36.59999990463257,0.0,0.0,0.0,9.98083333174388
36.60999989509583,0.0,0.0,0.0,9.990833322207138
36.61999988555908,0.0,0.0,0.0,10.000833312670395
36.62999987602234,0.0,0.0,0.0,10.010833303133651
36.6399998664856,0.0,0.0,0.0,10.020833293596908
36.65000009536743,0.0,0.0,0.0,10.030833522478744
36.66000008583069,0.0,0.0,0.0,10.040833512942001
36.670000076293945,0.0,0.0,0.0,10.050833503405258
36.6800000667572,0.0,0.0,0.0,10.060833493868515
36.69000005722046,0.0,0.0,0.0,10.070833484331772
36.70000004768372,0.0,0.0,0.0,10.080833474795028
36.71000003814697,0.0,0.0,0.0,10.090833465258285
36.72000002861023,0.0,0.0,0.0,10.100833455721542
36.730000019073486,0.0,0.0,0.0,10.110833446184799
36.74000000953674,0.0,0.0,0.0,10.120833436648056
36.75,0.0,0.0,0.0,10.130833427111313
36.75999999046326,0.0,0.0,0.0,10.14083341757457
36.769999980926514,0.0,0.0,0.0,10.150833408037826
36.77999997138977,0.0,0.0,0.0,10.160833398501083
36.78999996185303,0.0,0.0,0.0,10.17083338896434
36.79999995231629,0.0,0.0,0.0,10.180833379427597
36.80999994277954,0.0,0.0,0.0,10.190833369890854
36.8199999332428,0.0,0.0,0.0,10.20083336035411
36.829999923706055,0.0,0.0,0.0,10.210833350817367
36.83999991416931,0.0,0.0,0.0,10.220833341280624
36.84999990463257,0.0,0.0,0.0,10.23083333174388
36.85999989509583,0.0,0.0,0.0,10.240833322207138
36.86999988555908,0.0,0.0,0.0,10.250833312670395
36.87999987602234,0.0,0.0,0.0,10.260833303133651
36.8899998664856,0.0,0.0,0.0,10.270833293596908
36.90000009536743,0.0,0.0,0.0,10.280833522478744
36.91000008583069,0.0,0.0,0.0,10.290833512942001
36.920000076293945,0.0,0.0,0.0,10.300833503405258
36.9300000667572,0.0,0.0,0.0,10.310833493868515
36.94000005722046,0.0,0.0,0.0,10.320833484331772
36.95000004768372,0.0,0.0,0.0,10.330833474795028
36.96000003814697,0.0,0.0,0.0,10.340833465258285
36.97000002861023,0.0,0.0,0.0,10.350833455721542
36.980000019073486,0.0,0.0,0.0,10.360833446184799
36.99000000953674,0.0,0.0,0.0,10.370833436648056
37.0,0.0,0.0,0.0,10.380833427111313
37.00999999046326,0.0,0.0,0.0,10.39083341757457
37.019999980926514,0.0,0.0,0.0,10.400833408037826
37.02999997138977,0.0,0.0,0.0,10.410833398501083
37.03999996185303,0.0,0.0,0.0,10.42083338896434
37.04999995231629,0.0,0.0,0.0,10.430833379427597
37.05999994277954,0.0,0.0,0.0,10.440833369890854
37.0699999332428,0.0,0.0,0.0,10.45083336035411
37.079999923706055,0.0,0.0,0.0,10.460833350817367
37.08999991416931,0.0,0.0,0.0,10.470833341280624
37.09999990463257,0.0,0.0,0.0,10.48083333174388
37.10999989509583,0.0,0.0,0.0,10.490833322207138
37.11999988555908,0.0,0.0,0.0,10.500833312670395
37.125,0.0,0.0,0.0,10.505833427111313
37.13499999046326,0.0,0.0,0.0,10.51583341757457
37.144999980926514,0.0,0.0,0.0,10.525833408037826
37.15499997138977,0.0,0.0,0.0,10.535833398501083
37.16499996185303,0.0,0.0,0.0,10.54583338896434
37.17499995231629,0.0,0.0,0.0,10.555833379427597
37.18499994277954,0.0,0.0,0.0,10.565833369890854
37.1949999332428,0.0,0.0,0.0,10.57583336035411
37.204999923706055,0.0,0.0,0.0,10.585833350817367
37.21499991416931,0.0,0.0,0.0,10.595833341280624
37.22499990463257,0.0,0.0,0.0,10.60583333174388
37.23499989509583,0.0,0.0,0.0,10.615833322207138
37.24499988555908,0.0,0.0,0.0,10.625833312670395
37.25499987602234,0.0,0.0,0.0,10.635833303133651
37.2649998664856,0.0,0.0,0.0,10.645833293596908
37.27500009536743,0.0,0.0,0.0,10.655833522478744
37.28500008583069,0.0,0.0,0.0,10.665833512942001
37.295000076293945,0.0,0.0,0.0,10.675833503405258
37.3050000667572,0.0,0.0,0.0,10.685833493868515
37.31500005722046,0.0,0.0,0.0,10.695833484331772
37.32500004768372,0.0,0.0,0.0,10.705833474795028
37.33500003814697,0.0,0.0,0.0,10.715833465258285
37.34500002861023,0.0,0.0,0.0,10.725833455721542
37.355000019073486,0.0,0.0,0.0,10.735833446184799
37.36500000953674,0.0,0.0,0.0,10.745833436648056
37.375,0.0,0.0,0.0,10.755833427111313
37.38499999046326,0.0,0.0,0.0,10.76583341757457
37.394999980926514,0.0,0.0,0.0,10.775833408037826
37.40499997138977,0.0,0.0,0.0,10.785833398501083
37.41499996185303,0.0,0.0,0.0,10.79583338896434
37.42499995231629,0.0,0.0,0.0,10.805833379427597
37.43499994277954,0.0,0.0,0.0,10.815833369890854
37.4449999332428,0.0,0.0,0.0,10.82583336035411
37.454999923706055,0.0,0.0,0.0,10.835833350817367
37.46499991416931,0.0,0.0,0.0,10.845833341280624
37.47499990463257,0.0,0.0,0.0,10.85583333174388
37.48499989509583,0.0,0.0,0.0,10.865833322207138
37.49499988555908,0.0,0.0,0.0,10.875833312670395
37.50499987602234,0.0,0.0,0.0,10.885833303133651
37.5149998664856,0.0,0.0,0.0,10.895833293596908
37.52500009536743,0.0,0.0,0.0,10.905833522478744
37.53500008583069,0.0,0.0,0.0,10.915833512942001
37.545000076293945,0.54931640625,0.0,0.0,10.925833503405258
37.5550000667572,0.54931640625,0.0,0.0,10.935833493868515
37.56500005722046,0.0,0.0,0.0,10.945833484331772
37.57500004768372,0.0,0.0,0.0,10.955833474795028
37.58500003814697,-0.1220703125,0.0,0.0,10.965833465258285
37.59500002861023,-0.1220703125,0.0,0.0,10.975833455721542
37.605000019073486,-0.06103515625,0.0,0.0,10.985833446184799
37.61500000953674,-0.06103515625,0.0,0.0,10.995833436648056
37.625,0.0,0.0,0.0,11.005833427111313
37.63499999046326,0.0,0.0,0.0,11.01583341757457
37.644999980926514,0.0,0.0,0.0,11.025833408037826
37.65499997138977,0.0,0.0,0.0,11.035833398501083
37.66499996185303,0.0,0.06103515625,0.0,11.04583338896434
37.67499995231629,0.0,0.06103515625,0.0,11.055833379427597
37.68499994277954,-0.06103515625,0.0,-0.06103515625,11.065833369890854
37.6949999332428,-0.06103515625,0.0,-0.06103515625,11.07583336035411
37.704999923706055,-0.06103515625,0.0,0.0,11.085833350817367
37.71499991416931,-0.06103515625,0.0,0.0,11.095833341280624
37.72499990463257,-0.06103515625,0.06103515625,0.0,11.10583333174388
37.73499989509583,-0.06103515625,0.06103515625,0.0,11.115833322207138
37.74499988555908,0.0,0.0,0.0,11.125833312670395
37.75499987602234,0.0,0.0,0.0,11.135833303133651
37.7649998664856,0.0,0.0,0.0,11.145833293596908
37.77500009536743,0.0,0.0,0.0,11.155833522478744
37.78500008583069,0.0,0.06103515625,0.0,11.165833512942001
37.795000076293945,0.0,0.06103515625,0.0,11.175833503405258
37.8050000667572,0.0,0.06103515625,0.0,11.185833493868515
37.81500005722046,0.0,0.06103515625,0.0,11.195833484331772
37.82500004768372,0.0,0.06103515625,0.0,11.205833474795028
37.83500003814697,0.0,0.06103515625,0.0,11.215833465258285
37.84500002861023,0.0,0.0,0.0,11.225833455721542
37.855000019073486,0.0,0.0,0.0,11.235833446184799
37.86500000953674,-0.06103515625,0.0,0.0,11.245833436648056
37.875,-0.06103515625,0.0,0.0,11.255833427111313
37.88499999046326,-0.06103515625,0.0,0.0,11.26583341757457
37.894999980926514,-0.06103515625,0.0,0.0,11.275833408037826
37.90499997138977,0.0,0.0,0.0,11.285833398501083
37.91499996185303,0.0,0.0,0.0,11.29583338896434
37.92499995231629,0.0,0.0,0.0,11.305833379427597
37.93499994277954,0.0,0.0,0.0,11.315833369890854
37.9449999332428,-0.06103515625,0.0,0.0,11.32583336035411
37.954999923706055,-0.06103515625,0.0,0.0,11.335833350817367
37.96499991416931,0.0,0.0,0.0,11.345833341280624
37.97499990463257,0.0,0.0,0.0,11.35583333174388
37.98499989509583,0.0,0.0,0.0,11.365833322207138
37.99499988555908,0.0,0.0,0.0,11.375833312670395
38.00499987602234,0.0,0.0,0.0,11.385833303133651
38.0149998664856,0.0,0.0,0.0,11.395833293596908
38.02500009536743,0.0,0.0,0.0,11.405833522478744
38.03500008583069,0.0,0.0,0.0,11.415833512942001
38.045000076293945,0.0,0.0,0.0,11.425833503405258
38.0550000667572,0.0,0.0,0.0,11.435833493868515
38.06500005722046,0.0,0.0,0.0,11.445833484331772
38.07500004768372,0.0,0.0,0.0,11.455833474795028
38.08500003814697,-0.06103515625,0.0,0.0,11.465833465258285
38.09500002861023,-0.06103515625,0.0,0.0,11.475833455721542
38.105000019073486,0.0,0.0,0.0,11.485833446184799
38.11500000953674,0.0,0.0,0.0,11.495833436648056
38.125,0.0,0.0,0.0,11.505833427111313
38.12999987602234,0.0,0.0,0.0,11.510833303133651
38.1399998664856,0.0,0.0,0.0,11.520833293596908
38.15000009536743,0.0,0.0,0.0,11.530833522478744
38.16000008583069,0.0,0.0,0.0,11.540833512942001
38.170000076293945,0.0,0.0,0.0,11.550833503405258
38.1800000667572,-0.06103515625,0.0,0.0,11.560833493868515
38.19000005722046,-0.06103515625,0.0,0.0,11.570833484331772
38.20000004768372,0.0,0.0,0.0,11.580833474795028
38.21000003814697,0.0,0.0,0.0,11.590833465258285
38.22000002861023,0.0,0.06103515625,0.0,11.600833455721542
38.230000019073486,0.0,0.06103515625,0.0,11.610833446184799
38.24000000953674,0.0,0.0,0.0,11.620833436648056
38.25,0.0,0.0,0.0,11.630833427111313
38.25999999046326,0.0,0.0,0.0,11.64083341757457
38.269999980926514,0.0,0.0,0.0,11.650833408037826
38.27999997138977,0.1220703125,0.1220703125,0.0,11.660833398501083
38.28999996185303,0.1220703125,0.1220703125,0.0,11.67083338896434
38.29999995231629,-0.244140625,0.48828125,-0.06103515625,11.680833379427597
38.30999994277954,-0.244140625,0.48828125,-0.06103515625,11.690833369890854
38.3199999332428,-0.732421875,0.48828125,-0.06103515625,11.70083336035411
38.329999923706055,-0.732421875,0.48828125,-0.06103515625,11.710833350817367
38.33999991416931,-1.64794921875,0.6103515625,0.244140625,11.720833341280624
38.34999990463257,-1.64794921875,0.6103515625,0.244140625,11.73083333174388
38.35999989509583,-0.1220703125,0.3662109375,0.244140625,11.740833322207138
38.36999988555908,-0.1220703125,0.3662109375,0.244140625,11.750833312670395
38.37999987602234,-0.48828125,0.244140625,0.0,11.760833303133651
38.3899998664856,-0.48828125,0.244140625,0.0,11.770833293596908
38.40000009536743,-0.67138671875,0.18310546875,0.0,11.780833522478744
38.41000008583069,-0.67138671875,0.18310546875,0.0,11.790833512942001
38.420000076293945,-0.18310546875,0.244140625,0.0,11.800833503405258
38.4300000667572,-0.18310546875,0.244140625,0.0,11.810833493868515
38.44000005722046,-0.6103515625,0.30517578125,0.0,11.820833484331772
38.45000004768372,-0.6103515625,0.30517578125,0.0,11.830833474795028
38.46000003814697,-1.15966796875,0.67138671875,0.1220703125,11.840833465258285
38.47000002861023,-1.15966796875,0.67138671875,0.1220703125,11.850833455721542
38.480000019073486,-0.3662109375,0.67138671875,0.1220703125,11.860833446184799
38.49000000953674,-0.3662109375,0.67138671875,0.1220703125,11.870833436648056
38.5,0.244140625,1.0986328125,0.30517578125,11.880833427111313
38.50999999046326,0.244140625,1.0986328125,0.30517578125,11.89083341757457
38.519999980926514,-0.42724609375,1.40380859375,0.3662109375,11.900833408037826
38.52999997138977,-0.42724609375,1.40380859375,0.3662109375,11.910833398501083
38.53999996185303,-0.42724609375,1.40380859375,0.42724609375,11.92083338896434
38.54999995231629,-0.42724609375,1.40380859375,0.42724609375,11.930833379427597
38.55999994277954,-0.42724609375,0.6103515625,0.244140625,11.940833369890854
38.5699999332428,-0.42724609375,0.6103515625,0.244140625,11.95083336035411
38.579999923706055,0.0,0.30517578125,0.1220703125,11.960833350817367
38.58999991416931,0.0,0.30517578125,0.1220703125,11.970833341280624
38.59999990463257,-0.42724609375,0.244140625,0.1220703125,11.98083333174388
38.60999989509583,-0.42724609375,0.244140625,0.1220703125,11.990833322207138
38.61999988555908,-0.06103515625,0.18310546875,0.0,12.000833312670395
38.62999987602234,-0.06103515625,0.18310546875,0.0,12.010833303133651
38.6399998664856,0.30517578125,0.0,-0.06103515625,12.020833293596908
38.65000009536743,0.30517578125,0.0,-0.06103515625,12.030833522478744
38.66000008583069,0.18310546875,0.0,0.0,12.040833512942001
38.670000076293945,0.18310546875,0.0,0.0,12.050833503405258
38.6800000667572,0.06103515625,0.0,0.0,12.060833493868515
38.69000005722046,0.06103515625,0.0,0.0,12.070833484331772
38.70000004768372,-0.54931640625,0.1220703125,0.0,12.080833474795028
38.71000003814697,-0.54931640625,0.1220703125,0.0,12.090833465258285
38.72000002861023,-0.1220703125,0.0,0.0,12.100833455721542
38.730000019073486,-0.1220703125,0.0,0.0,12.110833446184799
38.74000000953674,-0.06103515625,0.06103515625,0.0,12.120833436648056
38.75,-0.06103515625,0.06103515625,0.0,12.130833427111313
38.75999999046326,0.0,0.0,0.0,12.14083341757457
38.769999980926514,0.0,0.0,0.0,12.150833408037826
38.77999997138977,0.0,0.0,0.0,12.160833398501083
38.78999996185303,0.0,0.0,0.0,12.17083338896434
38.79999995231629,-0.06103515625,0.0,0.0,12.180833379427597
38.80999994277954,-0.06103515625,0.0,0.0,12.190833369890854
38.8199999332428,-0.1220703125,0.0,0.0,12.20083336035411
38.829999923706055,-0.1220703125,0.0,0.0,12.210833350817367
38.83999991416931,0.0,0.0,0.0,12.220833341280624
38.84999990463257,0.0,0.0,0.0,12.23083333174388
38.85999989509583,-0.06103515625,0.244140625,0.0,12.240833322207138
38.86999988555908,-0.06103515625,0.244140625,0.0,12.250833312670395
38.87999987602234,0.30517578125,0.0,0.0,12.260833303133651
38.8899998664856,0.30517578125,0.0,0.0,12.270833293596908
38.90000009536743,0.0,-0.1220703125,0.0,12.280833522478744
38.91000008583069,0.0,-0.1220703125,0.0,12.290833512942001
38.920000076293945,-0.79345703125,0.30517578125,0.06103515625,12.300833503405258
38.9300000667572,-0.79345703125,0.30517578125,0.06103515625,12.310833493868515
38.94000005722046,1.15966796875,-0.18310546875,-0.06103515625,12.320833484331772
38.95000004768372,1.15966796875,-0.18310546875,-0.06103515625,12.330833474795028
38.96000003814697,-1.03759765625,0.3662109375,0.0,12.340833465258285
38.97000002861023,-1.03759765625,0.3662109375,0.0,12.350833455721542
38.980000019073486,0.30517578125,-0.18310546875,0.0,12.360833446184799
38.99000000953674,0.30517578125,-0.18310546875,0.0,12.370833436648056
39.0,-0.42724609375,0.1220703125,0.0,12.380833427111313
39.00999999046326,-0.42724609375,0.1220703125,0.0,12.39083341757457
39.019999980926514,-0.06103515625,0.0,0.0,12.400833408037826
39.02999997138977,-0.06103515625,0.0,0.0,12.410833398501083
39.03999996185303,0.0,0.0,0.0,12.42083338896434
39.04999995231629,0.0,0.0,0.0,12.430833379427597
39.05999994277954,0.0,0.06103515625,0.0,12.440833369890854
39.0699999332428,0.0,0.06103515625,0.0,12.45083336035411
39.079999923706055,0.06103515625,0.0,0.0,12.460833350817367
39.08999991416931,0.06103515625,0.0,0.0,12.470833341280624
39.09999990463257,0.0,0.0,0.0,12.48083333174388
39.10999989509583,0.0,0.0,0.0,12.490833322207138
39.11999988555908,0.0,0.0,0.0,12.500833312670395
39.12999987602234,0.0,0.0,0.0,12.510833303133651
39.13499999046326,0.0,0.06103515625,0.0,12.51583341757457
39.144999980926514,0.0,0.06103515625,0.0,12.525833408037826
39.15499997138977,-0.06103515625,0.0,0.0,12.535833398501083
39.16499996185303,-0.06103515625,0.0,0.0,12.54583338896434
39.17499995231629,0.0,0.06103515625,0.0,12.555833379427597
39.18499994277954,0.0,0.06103515625,0.0,12.565833369890854
39.1949999332428,-0.06103515625,0.0,0.0,12.57583336035411
39.204999923706055,-0.06103515625,0.0,0.0,12.585833350817367
39.21499991416931,0.0,0.0,0.0,12.595833341280624
39.22499990463257,0.0,0.0,0.0,12.60583333174388
39.23499989509583,0.0,0.0,0.0,12.615833322207138
39.24499988555908,0.0,0.0,0.0,12.625833312670395
39.25499987602234,-0.06103515625,0.0,0.0,12.635833303133651
39.2649998664856,-0.06103515625,0.0,0.0,12.645833293596908
39.27500009536743,-0.1220703125,0.0,0.0,12.655833522478744
39.28500008583069,-0.1220703125,0.0,0.0,12.665833512942001
39.295000076293945,0.0,0.0,0.0,12.675833503405258
39.3050000667572,0.0,0.0,0.0,12.685833493868515
39.31500005722046,0.0,0.0,0.0,12.695833484331772
39.32500004768372,0.0,0.0,0.0,12.705833474795028
39.33500003814697,0.0,0.0,0.0,12.715833465258285
39.34500002861023,0.0,0.0,0.0,12.725833455721542
39.355000019073486,-0.06103515625,0.06103515625,0.0,12.735833446184799
39.36500000953674,-0.06103515625,0.06103515625,0.0,12.745833436648056
39.375,-0.06103515625,0.06103515625,0.1220703125,12.755833427111313
39.38499999046326,-0.06103515625,0.06103515625,0.1220703125,12.76583341757457
39.394999980926514,0.0,-0.1220703125,-0.06103515625,12.775833408037826
39.40499997138977,0.0,-0.1220703125,-0.06103515625,12.785833398501083
39.41499996185303,0.91552734375,0.244140625,-0.06103515625,12.79583338896434
39.42499995231629,0.91552734375,0.244140625,-0.06103515625,12.805833379427597
39.43499994277954,0.1220703125,0.0,0.0,12.815833369890854
39.4449999332428,0.1220703125,0.0,0.0,12.82583336035411
39.454999923706055,1.89208984375,0.0,0.06103515625,12.835833350817367
39.46499991416931,1.89208984375,0.0,0.06103515625,12.845833341280624
39.47499990463257,-0.30517578125,0.0,0.0,12.85583333174388
39.48499989509583,-0.30517578125,0.0,0.0,12.865833322207138
39.49499988555908,-0.06103515625,0.0,0.06103515625,12.875833312670395
39.50499987602234,-0.06103515625,0.0,0.06103515625,12.885833303133651
39.5149998664856,-0.244140625,0.0,0.0,12.895833293596908
39.52500009536743,-0.244140625,0.0,0.0,12.905833522478744
39.53500008583069,-0.79345703125,0.244140625,0.0,12.915833512942001
39.545000076293945,-0.79345703125,0.244140625,0.0,12.925833503405258
39.5550000667572,0.18310546875,-0.06103515625,0.0,12.935833493868515
39.56500005722046,0.18310546875,-0.06103515625,0.0,12.945833484331772
39.57500004768372,-0.732421875,1.5869140625,-14.83154296875,12.955833474795028
39.58500003814697,-0.732421875,1.5869140625,-14.83154296875,12.965833465258285
39.59500002861023,7.99560546875,-1.3427734375,-2.25830078125,12.975833455721542
39.605000019073486,7.99560546875,-1.3427734375,-2.25830078125,12.985833446184799
39.61500000953674,-13.36669921875,0.732421875,-0.1220703125,12.995833436648056
