{
    "AverageWindSpeedMPS": 6.005787037037037,
    "GustFrequencyPerSecond": 0.0001932367149758454,
    "GustStrengthMPS": 2.467013888888889,
    "WindVariationStrengthMPS": 1.4185002618725693
}